"Time (s) Run #1","Force (N) Run #1","Time (s) Run #2","Force (N) Run #2","Time (s) Run #3","Force (N) Run #3","Time (s) Run #4","Force (N) Run #4","Time (s) Run #5","Force (N) Run #5","Time (s) Run #6","Force (N) Run #6","Time (s) Run #7","Force (N) Run #7","Time (s) Run #8","Force (N) Run #8","Time (s) Run #9","Force (N) Run #9","Time (s) Run #10","Force (N) Run #10","Time (s) Run #11","Force (N) Run #11"
0.000,-0.02,0.000,0.01,0.000,0.02,0.000,0.02,0.000,0.02,0.000,0.08,0.000,0.01,0.000,0.02,0.000,0.01,0.000,0.02,0.000,0.03
0.050,-0.01,0.050,0.02,0.050,0.04,0.050,0.01,0.050,0.02,0.050,0.09,0.050,0.01,0.050,0.02,0.050,0.00,0.050,0.02,0.050,0.04
0.100,-0.01,0.100,0.02,0.100,0.04,0.100,0.01,0.100,0.02,0.100,0.09,0.100,0.01,0.100,0.02,0.100,0.01,0.100,0.01,0.100,0.04
0.150,-0.02,0.150,0.01,0.150,0.04,0.150,0.01,0.150,0.03,0.150,0.09,0.150,0.01,0.150,0.02,0.150,0.00,0.150,0.02,0.150,0.04
0.200,-0.02,0.200,0.02,0.200,0.05,0.200,0.01,0.200,0.03,0.200,0.09,0.200,0.02,0.200,0.02,0.200,0.00,0.200,0.01,0.200,0.04
0.250,-0.01,0.250,0.01,0.250,0.04,0.250,0.02,0.250,0.04,0.250,0.10,0.250,0.01,0.250,0.01,0.250,0.00,0.250,0.01,0.250,0.03
0.300,-0.01,0.300,0.01,0.300,0.03,0.300,0.01,0.300,0.04,0.300,0.09,0.300,0.00,0.300,0.01,0.300,0.01,0.300,0.02,0.300,0.03
0.350,0.00,0.350,0.01,0.350,0.01,0.350,0.02,0.350,0.04,0.350,0.09,0.350,0.01,0.350,0.01,0.350,0.01,0.350,0.01,0.350,0.03
0.400,-0.01,0.400,0.01,0.400,0.02,0.400,0.02,0.400,0.04,0.400,0.09,0.400,0.01,0.400,0.02,0.400,0.01,0.400,0.02,0.400,0.02
0.450,-0.01,0.450,0.02,0.450,0.02,0.450,0.01,0.450,0.04,0.450,0.09,0.450,0.01,0.450,0.02,0.450,0.00,0.450,0.01,0.450,0.02
0.500,-0.01,0.500,0.01,0.500,0.03,0.500,0.01,0.500,0.04,0.500,0.10,0.500,0.01,0.500,0.01,0.500,0.00,0.500,0.02,0.500,0.01
0.550,-0.01,0.550,0.02,0.550,0.03,0.550,0.01,0.550,0.04,0.550,0.10,0.550,0.01,0.550,0.02,0.550,0.01,0.550,0.02,0.550,0.02
0.600,-0.01,0.600,0.03,0.600,0.03,0.600,0.00,0.600,0.04,0.600,0.09,0.600,0.00,0.600,0.02,0.600,0.01,0.600,0.01,0.600,0.02
0.650,-0.01,0.650,0.02,0.650,0.02,0.650,0.01,0.650,0.04,0.650,0.08,0.650,0.01,0.650,0.02,0.650,0.01,0.650,0.02,0.650,0.02
0.700,-0.01,0.700,0.02,0.700,0.02,0.700,0.02,0.700,0.03,0.700,0.07,0.700,0.00,0.700,0.02,0.700,0.02,0.700,0.00,0.700,0.02
0.750,0.00,0.750,0.02,0.750,0.01,0.750,0.01,0.750,0.02,0.750,0.06,0.750,0.01,0.750,0.01,0.750,0.00,0.750,0.01,0.750,0.01
0.800,0.00,0.800,0.02,0.800,0.02,0.800,0.01,0.800,0.03,0.800,0.06,0.800,0.01,0.800,0.02,0.800,0.01,0.800,0.01,0.800,0.02
0.850,-0.01,0.850,0.02,0.850,0.02,0.850,0.02,0.850,0.02,0.850,0.08,0.850,0.01,0.850,0.03,0.850,0.01,0.850,0.01,0.850,0.02
0.900,-0.01,0.900,0.02,0.900,0.01,0.900,0.01,0.900,0.03,0.900,0.09,0.900,0.01,0.900,0.02,0.900,0.01,0.900,0.02,0.900,0.01
0.950,-0.01,0.950,0.01,0.950,0.02,0.950,0.01,0.950,0.03,0.950,0.08,0.950,0.01,0.950,0.03,0.950,0.01,0.950,0.02,0.950,0.02
1.000,-0.01,1.000,0.02,1.000,0.01,1.000,0.02,1.000,0.04,1.000,0.09,1.000,0.01,1.000,0.04,1.000,0.01,1.000,0.01,1.000,0.02
1.050,0.00,1.050,0.04,1.050,0.02,1.050,0.03,1.050,0.03,1.050,0.08,1.050,0.01,1.050,0.04,1.050,0.01,1.050,0.01,1.050,0.01
1.100,0.00,1.100,0.02,1.100,0.02,1.100,0.02,1.100,0.05,1.100,0.10,1.100,0.00,1.100,0.02,1.100,0.01,1.100,0.02,1.100,0.02
1.150,0.00,1.150,0.02,1.150,0.01,1.150,0.02,1.150,0.04,1.150,0.09,1.150,0.02,1.150,0.03,1.150,0.01,1.150,0.01,1.150,0.01
1.200,0.01,1.200,0.03,1.200,0.02,1.200,0.01,1.200,0.04,1.200,0.09,1.200,0.01,1.200,0.01,1.200,0.02,1.200,0.03,1.200,0.02
1.250,0.01,1.250,0.03,1.250,0.02,1.250,0.02,1.250,0.02,1.250,0.10,1.250,0.00,1.250,0.02,1.250,0.01,1.250,0.02,1.250,0.01
1.300,-0.01,1.300,0.02,1.300,0.01,1.300,0.02,1.300,0.03,1.300,0.08,1.300,0.02,1.300,0.02,1.300,0.01,1.300,0.02,1.300,0.03
1.350,0.00,1.350,0.02,1.350,0.01,1.350,0.01,1.350,0.03,1.350,0.09,1.350,0.01,1.350,0.01,1.350,0.00,1.350,0.02,1.350,0.03
1.400,0.00,1.400,0.02,1.400,0.01,1.400,0.01,1.400,0.03,1.400,0.10,1.400,0.01,1.400,0.02,1.400,0.00,1.400,0.02,1.400,0.02
1.450,0.01,1.450,0.04,1.450,0.02,1.450,0.01,1.450,0.02,1.450,0.10,1.450,0.01,1.450,0.02,1.450,0.00,1.450,0.01,1.450,0.03
1.500,0.00,1.500,0.04,1.500,0.02,1.500,0.01,1.500,0.04,1.500,0.09,1.500,0.01,1.500,0.03,1.500,0.00,1.500,0.01,1.500,0.02
1.550,-0.01,1.550,0.02,1.550,0.02,1.550,0.00,1.550,0.03,1.550,0.09,1.550,0.00,1.550,0.01,1.550,0.00,1.550,0.01,1.550,0.03
1.600,-0.01,1.600,0.03,1.600,0.02,1.600,0.01,1.600,0.02,1.600,0.10,1.600,0.01,1.600,0.02,1.600,-0.01,1.600,0.03,1.600,0.02
1.650,0.00,1.650,0.02,1.650,0.02,1.650,0.01,1.650,0.02,1.650,0.10,1.650,0.01,1.650,0.01,1.650,0.00,1.650,0.01,1.650,0.02
1.700,0.01,1.700,0.03,1.700,0.02,1.700,0.01,1.700,0.04,1.700,0.08,1.700,0.02,1.700,0.01,1.700,0.00,1.700,0.03,1.700,0.03
1.750,0.01,1.750,0.03,1.750,0.01,1.750,0.00,1.750,0.03,1.750,0.08,1.750,0.00,1.750,0.01,1.750,0.01,1.750,0.02,1.750,0.03
1.800,0.00,1.800,0.03,1.800,0.02,1.800,0.00,1.800,0.03,1.800,0.08,1.800,0.01,1.800,0.02,1.800,0.01,1.800,0.02,1.800,0.03
1.850,0.00,1.850,0.02,1.850,0.01,1.850,-0.01,1.850,0.02,1.850,0.08,1.850,0.01,1.850,0.01,1.850,0.01,1.850,0.02,1.850,0.03
1.900,-0.01,1.900,0.03,1.900,0.02,1.900,0.01,1.900,0.02,1.900,0.09,1.900,0.00,1.900,0.03,1.900,0.00,1.900,0.02,1.900,0.02
1.950,-0.01,1.950,0.03,1.950,0.02,1.950,0.02,1.950,0.03,1.950,0.08,1.950,0.00,1.950,0.02,1.950,0.00,1.950,0.03,1.950,0.02
2.000,-0.01,2.000,0.02,2.000,0.02,2.000,0.01,2.000,0.03,2.000,0.08,2.000,0.01,2.000,0.02,2.000,0.00,2.000,0.03,2.000,0.02
2.050,0.00,2.050,0.02,2.050,0.02,2.050,0.01,2.050,0.04,2.050,0.10,2.050,0.01,2.050,0.01,2.050,0.01,2.050,0.03,2.050,0.02
2.100,0.00,2.100,0.03,2.100,0.03,2.100,0.00,2.100,0.03,2.100,0.08,2.100,0.01,2.100,0.01,2.100,0.00,2.100,0.03,2.100,0.02
2.150,0.01,2.150,0.02,2.150,0.03,2.150,0.00,2.150,0.02,2.150,0.09,2.150,0.02,2.150,0.01,2.150,0.00,2.150,0.02,2.150,0.02
2.200,0.01,2.200,0.02,2.200,0.04,2.200,0.01,2.200,0.02,2.200,0.08,2.200,0.02,2.200,0.01,2.200,0.01,2.200,0.02,2.200,0.02
2.250,0.00,2.250,0.03,2.250,0.04,2.250,0.00,2.250,0.04,2.250,0.09,2.250,0.01,2.250,0.00,2.250,0.00,2.250,0.02,2.250,0.03
2.300,0.00,2.300,0.03,2.300,0.04,2.300,0.01,2.300,0.03,2.300,0.10,2.300,0.02,2.300,0.01,2.300,0.00,2.300,0.02,2.300,0.03
2.350,0.00,2.350,0.03,2.350,0.05,2.350,0.01,2.350,0.02,2.350,0.09,2.350,0.01,2.350,0.00,2.350,0.01,2.350,0.02,2.350,0.02
2.400,0.01,2.400,0.02,2.400,0.03,2.400,0.01,2.400,0.03,2.400,0.09,2.400,0.02,2.400,0.00,2.400,0.01,2.400,0.02,2.400,0.01
2.450,0.00,2.450,0.02,2.450,0.04,2.450,0.02,2.450,0.03,2.450,0.08,2.450,0.00,2.450,0.00,2.450,0.00,2.450,0.02,2.450,0.01
2.500,-0.01,2.500,0.01,2.500,0.04,2.500,0.03,2.500,0.03,2.500,0.09,2.500,0.01,2.500,0.00,2.500,-0.01,2.500,0.01,2.500,0.01
2.550,-0.01,2.550,0.02,2.550,0.04,2.550,0.02,2.550,0.03,2.550,0.09,2.550,0.01,2.550,0.01,2.550,0.00,2.550,0.01,2.550,0.02
2.600,-0.02,2.600,0.01,2.600,0.03,2.600,0.01,2.600,0.03,2.600,0.08,2.600,0.01,2.600,0.02,2.600,0.01,2.600,0.01,2.600,0.03
2.650,-0.01,2.650,0.01,2.650,0.03,2.650,0.00,2.650,0.02,2.650,0.09,2.650,0.02,2.650,0.02,2.650,0.01,2.650,0.01,2.650,0.02
2.700,-0.01,2.700,0.01,2.700,0.02,2.700,0.00,2.700,0.04,2.700,0.09,2.700,0.01,2.700,0.01,2.700,-0.01,2.700,0.01,2.700,0.02
2.750,-0.01,2.750,0.02,2.750,0.02,2.750,0.01,2.750,0.04,2.750,0.09,2.750,0.01,2.750,0.02,2.750,-0.01,2.750,0.00,2.750,0.02
2.800,-0.01,2.800,0.01,2.800,0.03,2.800,0.01,2.800,0.03,2.800,0.09,2.800,0.01,2.800,0.02,2.800,0.00,2.800,0.01,2.800,0.01
2.850,-0.01,2.850,0.02,2.850,0.02,2.850,0.03,2.850,0.04,2.850,0.08,2.850,0.00,2.850,0.01,2.850,0.00,2.850,0.01,2.850,0.01
2.900,-0.01,2.900,0.02,2.900,0.02,2.900,0.03,2.900,0.04,2.900,0.08,2.900,0.01,2.900,0.01,2.900,0.00,2.900,0.00,2.900,0.02
2.950,-0.01,2.950,0.02,2.950,0.04,2.950,0.02,2.950,0.03,2.950,0.08,2.950,0.01,2.950,0.02,2.950,0.01,2.950,0.01,2.950,0.02
3.000,0.00,3.000,0.02,3.000,0.02,3.000,0.02,3.000,0.03,3.000,0.08,3.000,0.02,3.000,0.02,3.000,0.01,3.000,0.01,3.000,0.02
3.050,-0.02,3.050,0.01,3.050,0.02,3.050,0.01,3.050,0.04,3.050,0.09,3.050,0.00,3.050,0.01,3.050,0.01,3.050,0.01,3.050,0.03
3.100,-0.02,3.100,0.02,3.100,0.02,3.100,0.01,3.100,0.03,3.100,0.09,3.100,0.01,3.100,0.02,3.100,-0.01,3.100,0.00,3.100,0.03
3.150,-0.01,3.150,0.01,3.150,0.03,3.150,0.00,3.150,0.04,3.150,0.08,3.150,0.01,3.150,0.01,3.150,-0.01,3.150,0.01,3.150,0.02
3.200,0.00,3.200,0.02,3.200,0.02,3.200,0.01,3.200,0.04,3.200,0.07,3.200,0.00,3.200,0.02,3.200,0.00,3.200,0.01,3.200,0.03
3.250,0.00,3.250,0.02,3.250,0.02,3.250,0.01,3.250,0.04,3.250,0.08,3.250,0.01,3.250,0.01,3.250,0.00,3.250,0.01,3.250,0.02
3.300,-0.01,3.300,0.01,3.300,0.02,3.300,0.02,3.300,0.05,3.300,0.07,3.300,0.02,3.300,0.02,3.300,0.00,3.300,0.02,3.300,0.01
3.350,-0.01,3.350,0.01,3.350,0.03,3.350,0.01,3.350,0.04,3.350,0.08,3.350,0.00,3.350,0.03,3.350,0.01,3.350,0.01,3.350,0.02
3.400,-0.01,3.400,0.01,3.400,0.02,3.400,0.01,3.400,0.04,3.400,0.07,3.400,0.02,3.400,0.02,3.400,0.00,3.400,0.02,3.400,0.02
3.450,-0.01,3.450,0.01,3.450,0.03,3.450,0.02,3.450,0.04,3.450,0.08,3.450,0.02,3.450,0.02,3.450,0.01,3.450,0.01,3.450,0.01
3.500,-0.02,3.500,0.02,3.500,0.02,3.500,0.02,3.500,0.03,3.500,0.08,3.500,0.02,3.500,0.01,3.500,0.01,3.500,0.01,3.500,0.02
3.550,-0.01,3.550,0.02,3.550,0.03,3.550,0.01,3.550,0.04,3.550,0.07,3.550,0.02,3.550,0.02,3.550,0.01,3.550,0.02,3.550,0.01
3.600,-0.01,3.600,0.01,3.600,0.02,3.600,0.03,3.600,0.03,3.600,0.07,3.600,0.02,3.600,0.02,3.600,0.01,3.600,0.01,3.600,0.02
3.650,0.00,3.650,0.01,3.650,0.03,3.650,0.01,3.650,0.05,3.650,0.09,3.650,0.02,3.650,0.01,3.650,0.00,3.650,0.01,3.650,0.02
3.700,0.00,3.700,0.01,3.700,0.03,3.700,0.01,3.700,0.04,3.700,0.09,3.700,0.02,3.700,0.01,3.700,0.00,3.700,0.01,3.700,0.03
3.750,-0.01,3.750,0.01,3.750,0.03,3.750,0.00,3.750,0.03,3.750,0.09,3.750,0.02,3.750,0.01,3.750,0.01,3.750,0.01,3.750,0.03
3.800,-0.01,3.800,0.02,3.800,0.02,3.800,0.00,3.800,0.04,3.800,0.10,3.800,0.01,3.800,0.00,3.800,0.01,3.800,0.00,3.800,0.04
3.850,-0.01,3.850,0.03,3.850,0.02,3.850,0.00,3.850,0.05,3.850,0.09,3.850,0.02,3.850,0.00,3.850,0.00,3.850,0.01,3.850,0.02
3.900,-0.01,3.900,0.02,3.900,0.01,3.900,0.00,3.900,0.04,3.900,0.10,3.900,0.02,3.900,0.00,3.900,0.01,3.900,0.00,3.900,0.02
3.950,0.00,3.950,0.02,3.950,0.01,3.950,0.00,3.950,0.04,3.950,0.08,3.950,0.02,3.950,0.00,3.950,0.01,3.950,0.00,3.950,0.02
4.000,-0.01,4.000,0.03,4.000,0.01,4.000,0.00,4.000,0.03,4.000,0.09,4.000,0.02,4.000,0.01,4.000,0.01,4.000,0.01,4.000,0.02
4.050,-0.01,4.050,0.02,4.050,0.01,4.050,0.00,4.050,0.03,4.050,0.10,4.050,0.01,4.050,0.01,4.050,0.02,4.050,0.01,4.050,0.02
4.100,0.00,4.100,0.04,4.100,0.01,4.100,0.00,4.100,0.04,4.100,0.10,4.100,0.01,4.100,0.01,4.100,0.01,4.100,0.01,4.100,0.03
4.150,0.00,4.150,0.02,4.150,0.00,4.150,0.01,4.150,0.06,4.150,0.09,4.150,0.02,4.150,0.02,4.150,0.01,4.150,0.01,4.150,0.02
4.200,-0.01,4.200,0.02,4.200,0.01,4.200,0.01,4.200,0.05,4.200,0.09,4.200,0.03,4.200,0.01,4.200,0.02,4.200,0.00,4.200,0.02
4.250,-0.01,4.250,0.02,4.250,0.01,4.250,0.01,4.250,0.04,4.250,0.08,4.250,0.02,4.250,0.02,4.250,0.02,4.250,0.00,4.250,0.02
4.300,-0.02,4.300,0.02,4.300,0.01,4.300,0.01,4.300,0.04,4.300,0.09,4.300,0.01,4.300,0.02,4.300,0.01,4.300,0.02,4.300,0.02
4.350,-0.01,4.350,0.02,4.350,0.03,4.350,0.01,4.350,0.04,4.350,0.09,4.350,0.01,4.350,0.02,4.350,0.01,4.350,0.01,4.350,0.02
4.400,-0.02,4.400,0.02,4.400,0.03,4.400,0.01,4.400,0.04,4.400,0.10,4.400,0.01,4.400,0.02,4.400,0.01,4.400,0.01,4.400,0.01
4.450,-0.02,4.450,0.02,4.450,0.01,4.450,0.02,4.450,0.05,4.450,0.10,4.450,0.02,4.450,0.01,4.450,0.01,4.450,0.01,4.450,0.01
4.500,-0.01,4.500,0.01,4.500,0.01,4.500,0.02,4.500,0.05,4.500,0.09,4.500,0.02,4.500,0.02,4.500,0.02,4.500,0.01,4.500,0.01
4.550,-0.01,4.550,0.02,4.550,0.02,4.550,0.01,4.550,0.03,4.550,0.09,4.550,0.02,4.550,0.01,4.550,0.01,4.550,0.01,4.550,0.02
4.600,-0.01,4.600,0.01,4.600,0.02,4.600,0.01,4.600,0.04,4.600,0.09,4.600,0.03,4.600,0.00,4.600,0.02,4.600,0.01,4.600,0.02
4.650,0.00,4.650,0.00,4.650,0.02,4.650,0.01,4.650,0.03,4.650,0.09,4.650,0.01,4.650,0.01,4.650,0.02,4.650,0.01,4.650,0.02
4.700,0.00,4.700,0.01,4.700,0.01,4.700,0.01,4.700,0.04,4.700,0.10,4.700,0.01,4.700,0.01,4.700,0.01,4.700,0.02,4.700,0.02
4.750,-0.01,4.750,0.01,4.750,0.02,4.750,0.01,4.750,0.04,4.750,0.10,4.750,0.01,4.750,0.02,4.750,0.00,4.750,0.01,4.750,0.01
4.800,-0.01,4.800,0.01,4.800,0.02,4.800,0.01,4.800,0.04,4.800,0.09,4.800,0.02,4.800,0.02,4.800,0.00,4.800,0.02,4.800,0.01
4.850,0.01,4.850,0.02,4.850,0.01,4.850,0.02,4.850,0.03,4.850,0.09,4.850,0.03,4.850,0.01,4.850,0.00,4.850,0.01,4.850,0.01
4.900,0.01,4.900,0.01,4.900,0.01,4.900,0.00,4.900,0.03,4.900,0.09,4.900,0.02,4.900,0.01,4.900,0.01,4.900,0.02,4.900,0.03
4.950,0.00,4.950,0.02,4.950,0.02,4.950,0.02,4.950,0.03,4.950,0.09,4.950,0.02,4.950,0.01,4.950,0.02,4.950,0.02,4.950,0.02
5.000,0.00,5.000,0.02,5.000,0.01,5.000,0.02,5.000,0.04,5.000,0.09,5.000,0.02,5.000,0.02,5.000,0.01,5.000,0.02,5.000,0.01
5.050,0.00,5.050,0.01,5.050,0.01,5.050,0.02,5.050,0.04,5.050,0.09,5.050,0.02,5.050,0.02,5.050,0.00,5.050,0.01,5.050,0.01
5.100,0.00,5.100,0.01,5.100,0.00,5.100,0.02,5.100,0.03,5.100,0.10,5.100,0.03,5.100,0.01,5.100,0.00,5.100,0.02,5.100,0.02
5.150,0.00,5.150,0.02,5.150,0.01,5.150,0.02,5.150,0.03,5.150,0.11,5.150,0.02,5.150,0.01,5.150,0.01,5.150,0.01,5.150,0.01
5.200,-0.01,5.200,0.02,5.200,0.01,5.200,0.02,5.200,0.03,5.200,0.10,5.200,0.03,5.200,0.02,5.200,0.01,5.200,0.02,5.200,0.02
5.250,-0.01,5.250,0.02,5.250,0.01,5.250,0.01,5.250,0.03,5.250,0.10,5.250,0.04,5.250,0.01,5.250,0.01,5.250,0.01,5.250,0.02
5.300,-0.01,5.300,0.01,5.300,0.02,5.300,0.02,5.300,0.02,5.300,0.09,5.300,0.02,5.300,0.01,5.300,0.01,5.300,0.01,5.300,0.02
5.350,-0.01,5.350,0.02,5.350,0.02,5.350,0.01,5.350,0.02,5.350,0.09,5.350,0.02,5.350,0.00,5.350,0.00,5.350,0.02,5.350,0.02
5.400,-0.02,5.400,0.02,5.400,0.02,5.400,0.01,5.400,0.02,5.400,0.10,5.400,0.03,5.400,0.01,5.400,0.01,5.400,0.01,5.400,0.01
5.450,-0.02,5.450,0.02,5.450,0.01,5.450,0.00,5.450,0.04,5.450,0.09,5.450,0.03,5.450,0.01,5.450,0.01,5.450,0.01,5.450,0.02
5.500,-0.01,5.500,0.02,5.500,0.01,5.500,0.01,5.500,0.04,5.500,0.10,5.500,0.02,5.500,0.02,5.500,0.01,5.500,0.01,5.500,0.02
5.550,-0.02,5.550,0.01,5.550,0.02,5.550,0.01,5.550,0.02,5.550,0.10,5.550,0.02,5.550,0.01,5.550,0.02,5.550,0.01,5.550,0.02
5.600,-0.01,5.600,0.00,5.600,0.02,5.600,0.02,5.600,0.04,5.600,0.09,5.600,0.02,5.600,0.02,5.600,0.02,5.600,0.01,5.600,0.03
5.650,-0.02,5.650,0.02,5.650,0.02,5.650,0.02,5.650,0.03,5.650,0.09,5.650,0.02,5.650,0.01,5.650,0.01,5.650,0.02,5.650,0.01
5.700,-0.01,5.700,0.01,5.700,0.02,5.700,0.01,5.700,0.04,5.700,0.10,5.700,0.02,5.700,0.01,5.700,0.01,5.700,0.01,5.700,0.02
5.750,0.00,5.750,0.02,5.750,0.02,5.750,0.02,5.750,0.04,5.750,0.11,5.750,0.02,5.750,0.02,5.750,0.01,5.750,0.01,5.750,0.02
5.800,-0.01,5.800,0.01,5.800,0.02,5.800,0.01,5.800,0.03,5.800,0.09,5.800,0.03,5.800,0.01,5.800,0.01,5.800,0.01,5.800,0.03
5.850,-0.01,5.850,0.01,5.850,0.03,5.850,0.01,5.850,0.02,5.850,0.11,5.850,0.02,5.850,0.02,5.850,0.01,5.850,0.00,5.850,0.04
5.900,-0.01,5.900,0.01,5.900,0.02,5.900,0.02,5.900,0.03,5.900,0.10,5.900,0.02,5.900,0.02,5.900,0.01,5.900,0.01,5.900,0.02
5.950,-0.01,5.950,0.01,5.950,0.02,5.950,0.01,5.950,0.04,5.950,0.11,5.950,0.04,5.950,0.02,5.950,0.02,5.950,0.01,5.950,0.03
6.000,0.00,6.000,0.01,6.000,0.01,6.000,0.02,6.000,0.03,6.000,0.11,6.000,0.04,6.000,0.02,6.000,0.01,6.000,0.01,6.000,0.02
6.050,0.00,6.050,0.01,6.050,0.02,6.050,0.01,6.050,0.03,6.050,0.10,6.050,0.02,6.050,0.03,6.050,0.02,6.050,0.01,6.050,0.02
6.100,0.00,6.100,0.01,6.100,0.01,6.100,0.01,6.100,0.04,6.100,0.10,6.100,0.04,6.100,0.03,6.100,0.01,6.100,0.01,6.100,0.02
6.150,-0.01,6.150,0.02,6.150,0.02,6.150,0.01,6.150,0.04,6.150,0.09,6.150,0.03,6.150,0.03,6.150,0.01,6.150,0.01,6.150,0.02
6.200,-0.01,6.200,0.00,6.200,0.01,6.200,0.02,6.200,0.03,6.200,0.09,6.200,0.03,6.200,0.04,6.200,0.02,6.200,0.02,6.200,0.02
6.250,-0.01,6.250,0.00,6.250,0.02,6.250,0.01,6.250,0.02,6.250,0.10,6.250,0.02,6.250,0.03,6.250,0.01,6.250,0.02,6.250,0.02
6.300,-0.01,6.300,0.02,6.300,0.01,6.300,0.02,6.300,0.02,6.300,0.09,6.300,0.02,6.300,0.02,6.300,0.01,6.300,0.00,6.300,0.02
6.350,-0.01,6.350,0.02,6.350,0.01,6.350,0.01,6.350,0.03,6.350,0.09,6.350,0.02,6.350,0.02,6.350,0.01,6.350,0.01,6.350,0.03
6.400,-0.02,6.400,0.03,6.400,0.02,6.400,0.02,6.400,0.02,6.400,0.09,6.400,0.01,6.400,0.01,6.400,0.01,6.400,0.01,6.400,0.02
6.450,-0.02,6.450,0.01,6.450,0.01,6.450,0.02,6.450,0.04,6.450,0.08,6.450,0.01,6.450,0.01,6.450,0.01,6.450,0.01,6.450,0.03
6.500,-0.02,6.500,0.02,6.500,0.01,6.500,0.00,6.500,0.04,6.500,0.08,6.500,0.02,6.500,0.02,6.500,0.01,6.500,0.02,6.500,0.02
6.550,-0.02,6.550,0.01,6.550,0.00,6.550,0.00,6.550,0.04,6.550,0.08,6.550,0.01,6.550,0.01,6.550,0.02,6.550,0.02,6.550,0.02
6.600,-0.01,6.600,0.01,6.600,0.01,6.600,0.02,6.600,0.05,6.600,0.09,6.600,0.00,6.600,0.01,6.600,0.01,6.600,0.01,6.600,0.03
6.650,-0.02,6.650,0.01,6.650,0.01,6.650,0.01,6.650,0.03,6.650,0.09,6.650,0.01,6.650,0.02,6.650,0.02,6.650,0.01,6.650,0.02
6.700,-0.01,6.700,0.01,6.700,0.02,6.700,0.02,6.700,0.04,6.700,0.08,6.700,0.02,6.700,0.02,6.700,0.02,6.700,0.00,6.700,0.04
6.750,0.00,6.750,0.02,6.750,0.01,6.750,0.02,6.750,0.04,6.750,0.08,6.750,0.01,6.750,0.02,6.750,0.01,6.750,0.00,6.750,0.03
6.800,-0.01,6.800,0.01,6.800,0.01,6.800,0.01,6.800,0.04,6.800,0.06,6.800,0.01,6.800,0.01,6.800,0.01,6.800,0.02,6.800,0.04
6.850,0.00,6.850,0.01,6.850,0.00,6.850,0.02,6.850,0.04,6.850,0.07,6.850,0.02,6.850,0.00,6.850,0.01,6.850,0.02,6.850,0.04
6.900,-0.01,6.900,0.01,6.900,0.01,6.900,0.02,6.900,0.04,6.900,0.07,6.900,0.01,6.900,0.01,6.900,0.01,6.900,0.02,6.900,0.05
6.950,0.00,6.950,0.00,6.950,0.01,6.950,0.01,6.950,0.04,6.950,0.08,6.950,0.01,6.950,0.02,6.950,0.01,6.950,0.01,6.950,0.03
7.000,-0.01,7.000,0.01,7.000,0.01,7.000,0.02,7.000,0.04,7.000,0.08,7.000,0.02,7.000,0.02,7.000,0.01,7.000,0.02,7.000,0.02
7.050,-0.01,7.050,0.01,7.050,0.00,7.050,0.01,7.050,0.04,7.050,0.07,7.050,0.02,7.050,0.02,7.050,0.01,7.050,0.02,7.050,0.02
7.100,-0.02,7.100,0.01,7.100,0.01,7.100,0.00,7.100,0.04,7.100,0.07,7.100,0.02,7.100,0.03,7.100,0.01,7.100,0.02,7.100,0.03
7.150,-0.03,7.150,0.00,7.150,0.00,7.150,0.01,7.150,0.03,7.150,0.08,7.150,0.02,7.150,0.03,7.150,0.01,7.150,0.02,7.150,0.04
7.200,-0.02,7.200,0.01,7.200,0.00,7.200,0.02,7.200,0.05,7.200,0.06,7.200,0.03,7.200,0.02,7.200,0.01,7.200,0.01,7.200,0.03
7.250,-0.03,7.250,0.01,7.250,0.00,7.250,0.02,7.250,0.06,7.250,0.05,7.250,0.02,7.250,0.03,7.250,0.01,7.250,0.01,7.250,0.02
7.300,-0.03,7.300,0.01,7.300,0.00,7.300,0.02,7.300,0.05,7.300,0.07,7.300,0.02,7.300,0.04,7.300,0.02,7.300,0.02,7.300,0.02
7.350,-0.01,7.350,-0.01,7.350,0.01,7.350,0.01,7.350,0.04,7.350,0.06,7.350,0.02,7.350,0.03,7.350,0.00,7.350,0.02,7.350,0.02
7.400,-0.01,7.400,0.01,7.400,-0.01,7.400,0.02,7.400,0.05,7.400,0.05,7.400,0.01,7.400,0.02,7.400,0.02,7.400,0.01,7.400,0.02
7.450,-0.02,7.450,0.01,7.450,-0.01,7.450,0.01,7.450,0.04,7.450,0.08,7.450,0.01,7.450,0.03,7.450,0.01,7.450,0.01,7.450,0.03
7.500,-0.01,7.500,0.00,7.500,0.00,7.500,0.02,7.500,0.04,7.500,0.07,7.500,0.01,7.500,0.03,7.500,0.01,7.500,0.01,7.500,0.03
7.550,-0.01,7.550,0.00,7.550,0.00,7.550,0.02,7.550,0.05,7.550,0.08,7.550,0.01,7.550,0.03,7.550,0.02,7.550,0.01,7.550,0.02
7.600,-0.01,7.600,0.00,7.600,0.00,7.600,0.01,7.600,0.04,7.600,0.07,7.600,0.01,7.600,0.03,7.600,0.01,7.600,0.02,7.600,0.03
7.650,-0.02,7.650,-0.01,7.650,0.01,7.650,0.01,7.650,0.04,7.650,0.07,7.650,0.01,7.650,0.03,7.650,0.01,7.650,0.03,7.650,0.03
7.700,-0.01,7.700,0.00,7.700,0.00,7.700,0.01,7.700,0.04,7.700,0.07,7.700,0.01,7.700,0.02,7.700,0.01,7.700,0.02,7.700,0.03
7.750,-0.01,7.750,0.00,7.750,0.01,7.750,0.01,7.750,0.03,7.750,0.08,7.750,0.01,7.750,0.05,7.750,0.02,7.750,0.02,7.750,0.03
7.800,-0.01,7.800,0.01,7.800,0.00,7.800,0.01,7.800,0.03,7.800,0.09,7.800,0.01,7.800,0.03,7.800,0.02,7.800,0.02,7.800,0.04
7.850,0.00,7.850,0.00,7.850,0.01,7.850,0.02,7.850,0.03,7.850,0.07,7.850,0.01,7.850,0.03,7.850,0.02,7.850,0.02,7.850,0.04
7.900,-0.01,7.900,0.00,7.900,0.01,7.900,0.04,7.900,0.03,7.900,0.07,7.900,0.01,7.900,0.02,7.900,0.01,7.900,0.02,7.900,0.03
7.950,-0.01,7.950,0.01,7.950,0.01,7.950,0.04,7.950,0.04,7.950,0.07,7.950,0.02,7.950,0.02,7.950,0.01,7.950,0.02,7.950,0.03
8.000,-0.01,8.000,0.01,8.000,0.01,8.000,0.02,8.000,0.04,8.000,0.06,8.000,0.01,8.000,0.02,8.000,0.01,8.000,0.02,8.000,0.04
8.050,0.00,8.050,0.00,8.050,0.02,8.050,0.02,8.050,0.04,8.050,0.07,8.050,0.01,8.050,0.03,8.050,0.02,8.050,0.01,8.050,0.03
8.100,0.00,8.100,0.01,8.100,0.02,8.100,0.02,8.100,0.04,8.100,0.08,8.100,0.02,8.100,0.03,8.100,0.00,8.100,0.02,8.100,0.03
8.150,0.00,8.150,0.01,8.150,0.01,8.150,0.02,8.150,0.03,8.150,0.07,8.150,0.02,8.150,0.04,8.150,0.01,8.150,0.01,8.150,0.04
8.200,0.00,8.200,0.00,8.200,0.02,8.200,0.02,8.200,0.03,8.200,0.08,8.200,0.01,8.200,0.03,8.200,0.02,8.200,0.01,8.200,0.04
8.250,-0.01,8.250,0.01,8.250,0.02,8.250,0.02,8.250,0.03,8.250,0.09,8.250,0.01,8.250,0.03,8.250,0.02,8.250,0.01,8.250,0.03
8.300,-0.01,8.300,0.01,8.300,0.02,8.300,0.03,8.300,0.03,8.300,0.08,8.300,0.01,8.300,0.02,8.300,0.02,8.300,0.02,8.300,0.04
8.350,0.00,8.350,0.01,8.350,0.03,8.350,0.02,8.350,0.04,8.350,0.08,8.350,0.02,8.350,0.03,8.350,0.02,8.350,0.01,8.350,0.04
8.400,-0.01,8.400,0.01,8.400,0.02,8.400,0.02,8.400,0.04,8.400,0.09,8.400,0.02,8.400,0.03,8.400,0.02,8.400,0.00,8.400,0.03
8.450,-0.01,8.450,0.01,8.450,0.02,8.450,0.02,8.450,0.03,8.450,0.08,8.450,0.03,8.450,0.03,8.450,0.02,8.450,0.01,8.450,0.03
8.500,-0.01,8.500,0.01,8.500,0.02,8.500,0.01,8.500,0.04,8.500,0.08,8.500,0.03,8.500,0.04,8.500,0.00,8.500,0.02,8.500,0.03
8.550,0.00,8.550,0.01,8.550,0.01,8.550,0.01,8.550,0.02,8.550,0.08,8.550,0.02,8.550,0.05,8.550,0.01,8.550,0.02,8.550,0.03
8.600,0.00,8.600,0.02,8.600,0.01,8.600,0.01,8.600,0.02,8.600,0.08,8.600,0.02,8.600,0.05,8.600,0.01,8.600,0.02,8.600,0.02
8.650,-0.01,8.650,0.02,8.650,0.01,8.650,0.02,8.650,0.02,8.650,0.06,8.650,0.01,8.650,0.04,8.650,0.01,8.650,0.01,8.650,0.03
8.700,0.00,8.700,0.01,8.700,0.02,8.700,0.01,8.700,0.03,8.700,0.07,8.700,0.01,8.700,0.03,8.700,0.01,8.700,0.02,8.700,0.04
8.750,0.00,8.750,0.01,8.750,0.01,8.750,0.02,8.750,0.03,8.750,0.08,8.750,0.00,8.750,0.04,8.750,0.01,8.750,0.02,8.750,0.04
8.800,0.00,8.800,0.01,8.800,0.01,8.800,0.01,8.800,0.02,8.800,0.07,8.800,0.00,8.800,0.04,8.800,0.01,8.800,0.02,8.800,0.04
8.850,0.01,8.850,0.01,8.850,0.02,8.850,0.01,8.850,0.03,8.850,0.07,8.850,0.02,8.850,0.04,8.850,0.01,8.850,0.02,8.850,0.04
8.900,0.00,8.900,0.01,8.900,0.01,8.900,0.00,8.900,0.03,8.900,0.08,8.900,0.00,8.900,0.04,8.900,0.02,8.900,0.02,8.900,0.05
8.950,0.00,8.950,0.02,8.950,0.02,8.950,0.00,8.950,0.03,8.950,0.08,8.950,0.00,8.950,0.02,8.950,0.02,8.950,0.02,8.950,0.05
9.000,0.00,9.000,0.01,9.000,0.02,9.000,0.00,9.000,0.03,9.000,0.09,9.000,0.00,9.000,0.03,9.000,0.01,9.000,0.01,9.000,0.04
9.050,0.01,9.050,0.02,9.050,0.02,9.050,0.01,9.050,0.03,9.050,0.09,9.050,0.00,9.050,0.03,9.050,0.02,9.050,0.01,9.050,0.04
9.100,0.00,9.100,0.02,9.100,0.02,9.100,0.01,9.100,0.04,9.100,0.08,9.100,0.00,9.100,0.03,9.100,0.02,9.100,0.01,9.100,0.04
9.150,-0.01,9.150,0.01,9.150,0.02,9.150,0.00,9.150,0.03,9.150,0.09,9.150,0.01,9.150,0.04,9.150,0.02,9.150,0.01,9.150,0.05
9.200,-0.01,9.200,0.01,9.200,0.01,9.200,0.01,9.200,0.02,9.200,0.09,9.200,0.01,9.200,0.04,9.200,0.02,9.200,0.01,9.200,0.05
9.250,0.00,9.250,0.01,9.250,0.01,9.250,0.01,9.250,0.02,9.250,0.09,9.250,0.01,9.250,0.04,9.250,0.03,9.250,0.02,9.250,0.05
9.300,0.00,9.300,0.01,9.300,0.01,9.300,0.02,9.300,0.02,9.300,0.09,9.300,0.01,9.300,0.04,9.300,0.03,9.300,0.02,9.300,0.05
9.350,0.00,9.350,0.01,9.350,0.01,9.350,0.02,9.350,0.02,9.350,0.08,9.350,0.01,9.350,0.03,9.350,0.03,9.350,0.02,9.350,0.04
9.400,0.00,9.400,0.01,9.400,0.01,9.400,0.02,9.400,0.03,9.400,0.08,9.400,0.01,9.400,0.03,9.400,0.03,9.400,0.01,9.400,0.03
9.450,-0.01,9.450,0.01,9.450,0.01,9.450,0.01,9.450,0.03,9.450,0.08,9.450,0.01,9.450,0.04,9.450,0.03,9.450,0.01,9.450,0.03
9.500,-0.01,9.500,0.01,9.500,0.00,9.500,0.01,9.500,0.03,9.500,0.08,9.500,0.00,9.500,0.03,9.500,0.02,9.500,0.02,9.500,0.02
9.550,-0.01,9.550,0.02,9.550,0.01,9.550,0.01,9.550,0.03,9.550,0.08,9.550,0.00,9.550,0.02,9.550,0.02,9.550,0.02,9.550,0.04
9.600,-0.01,9.600,0.02,9.600,0.01,9.600,0.01,9.600,0.04,9.600,0.07,9.600,0.01,9.600,0.02,9.600,0.03,9.600,0.01,9.600,0.03
9.650,-0.02,9.650,0.00,9.650,0.01,9.650,0.01,9.650,0.04,9.650,0.08,9.650,0.01,9.650,0.02,9.650,0.03,9.650,0.01,9.650,0.04
9.700,0.00,9.700,0.01,9.700,0.02,9.700,0.00,9.700,0.04,9.700,0.08,9.700,0.02,9.700,0.02,9.700,0.03,9.700,0.01,9.700,0.03
9.750,-0.01,9.750,0.02,9.750,0.02,9.750,0.00,9.750,0.03,9.750,0.08,9.750,0.01,9.750,0.02,9.750,0.03,9.750,0.01,9.750,0.03
9.800,0.01,9.800,0.01,9.800,0.01,9.800,0.01,9.800,0.04,9.800,0.08,9.800,0.01,9.800,0.02,9.800,0.03,9.800,0.00,9.800,0.04
9.850,0.00,9.850,0.02,9.850,0.02,9.850,0.01,9.850,0.03,9.850,0.08,9.850,0.01,9.850,0.02,9.850,0.02,9.850,0.01,9.850,0.03
9.900,0.01,9.900,0.02,9.900,0.02,9.900,0.00,9.900,0.03,9.900,0.08,9.900,0.01,9.900,0.02,9.900,0.04,9.900,0.00,9.900,0.04
9.950,0.00,9.950,0.01,9.950,0.02,9.950,-0.01,9.950,0.04,9.950,0.06,9.950,0.01,9.950,0.02,9.950,0.04,9.950,0.01,9.950,0.03
10.000,-0.01,10.000,0.01,10.000,0.02,10.000,0.00,10.000,0.04,10.000,0.09,10.000,0.01,10.000,0.01,10.000,0.02,10.000,0.02,10.000,0.03
10.050,0.00,10.050,0.01,10.050,0.01,10.050,0.01,10.050,0.03,10.050,0.07,10.050,0.01,10.050,0.01,10.050,0.02,10.050,0.00,10.050,0.03
10.100,-0.01,10.100,0.01,10.100,0.02,10.100,0.01,10.100,0.05,10.100,0.08,10.100,0.01,10.100,0.01,10.100,0.04,10.100,0.01,10.100,0.03
10.150,0.00,10.150,0.01,10.150,0.01,10.150,0.00,10.150,0.05,10.150,0.08,10.150,0.02,10.150,0.02,10.150,0.04,10.150,0.01,10.150,0.02
10.200,-0.01,10.200,0.02,10.200,0.01,10.200,0.00,10.200,0.05,10.200,0.08,10.200,0.02,10.200,0.03,10.200,0.03,10.200,0.01,10.200,0.03
10.250,0.00,10.250,0.02,10.250,0.02,10.250,-0.01,10.250,0.03,10.250,0.08,10.250,0.03,10.250,0.03,10.250,0.02,10.250,0.01,10.250,0.03
10.300,-0.01,10.300,0.03,10.300,0.01,10.300,0.00,10.300,0.04,10.300,0.08,10.300,0.02,10.300,0.03,10.300,0.03,10.300,0.01,10.300,0.03
10.350,-0.01,10.350,0.03,10.350,0.02,10.350,0.00,10.350,0.04,10.350,0.08,10.350,0.02,10.350,0.02,10.350,0.02,10.350,0.02,10.350,0.04
10.400,-0.01,10.400,0.03,10.400,0.01,10.400,0.00,10.400,0.04,10.400,0.08,10.400,0.03,10.400,0.01,10.400,0.02,10.400,0.02,10.400,0.04
10.450,-0.01,10.450,0.02,10.450,0.01,10.450,0.01,10.450,0.03,10.450,0.09,10.450,0.02,10.450,0.02,10.450,0.03,10.450,0.02,10.450,0.03
10.500,0.00,10.500,0.02,10.500,0.01,10.500,0.02,10.500,0.04,10.500,0.09,10.500,0.02,10.500,0.01,10.500,0.02,10.500,0.02,10.500,0.04
10.550,0.01,10.550,0.02,10.550,0.01,10.550,0.01,10.550,0.03,10.550,0.08,10.550,0.03,10.550,0.02,10.550,0.01,10.550,0.02,10.550,0.04
10.600,0.00,10.600,0.01,10.600,0.00,10.600,0.02,10.600,0.04,10.600,0.08,10.600,0.03,10.600,0.03,10.600,0.01,10.600,0.01,10.600,0.04
10.650,0.00,10.650,0.02,10.650,0.01,10.650,0.00,10.650,0.04,10.650,0.09,10.650,0.02,10.650,0.02,10.650,0.01,10.650,0.02,10.650,0.04
10.700,0.00,10.700,0.02,10.700,0.00,10.700,0.01,10.700,0.04,10.700,0.10,10.700,0.02,10.700,0.01,10.700,0.01,10.700,0.02,10.700,0.04
10.750,0.00,10.750,0.02,10.750,-0.01,10.750,0.01,10.750,0.04,10.750,0.10,10.750,0.02,10.750,0.03,10.750,0.01,10.750,0.02,10.750,0.04
10.800,0.01,10.800,0.03,10.800,0.00,10.800,0.02,10.800,0.03,10.800,0.08,10.800,0.02,10.800,0.02,10.800,0.03,10.800,0.02,10.800,0.03
10.850,0.00,10.850,0.01,10.850,0.01,10.850,0.01,10.850,0.04,10.850,0.09,10.850,0.01,10.850,0.03,10.850,0.02,10.850,0.02,10.850,0.02
10.900,0.00,10.900,0.02,10.900,0.01,10.900,0.01,10.900,0.03,10.900,0.10,10.900,0.02,10.900,0.02,10.900,0.02,10.900,0.02,10.900,0.02
10.950,-0.02,10.950,0.02,10.950,0.01,10.950,0.02,10.950,0.04,10.950,0.09,10.950,0.02,10.950,0.01,10.950,0.03,10.950,0.01,10.950,0.01
11.000,-0.02,11.000,0.03,11.000,0.01,11.000,0.01,11.000,0.04,11.000,0.08,11.000,0.02,11.000,0.01,11.000,0.03,11.000,0.02,11.000,0.02
11.050,-0.01,11.050,0.02,11.050,0.01,11.050,0.01,11.050,0.03,11.050,0.06,11.050,0.01,11.050,0.02,11.050,0.02,11.050,0.01,11.050,0.03
11.100,-0.01,11.100,0.03,11.100,0.01,11.100,0.02,11.100,0.03,11.100,0.09,11.100,0.02,11.100,0.02,11.100,0.02,11.100,0.03,11.100,0.02
11.150,-0.01,11.150,0.03,11.150,0.01,11.150,0.01,11.150,0.04,11.150,0.09,11.150,0.01,11.150,0.02,11.150,0.02,11.150,0.04,11.150,0.03
11.200,-0.01,11.200,0.04,11.200,0.03,11.200,0.02,11.200,0.04,11.200,0.07,11.200,0.02,11.200,0.03,11.200,0.02,11.200,0.02,11.200,0.04
11.250,0.00,11.250,0.02,11.250,0.02,11.250,0.02,11.250,0.05,11.250,0.08,11.250,0.02,11.250,0.02,11.250,0.01,11.250,0.02,11.250,0.04
11.300,-0.01,11.300,0.02,11.300,0.01,11.300,0.02,11.300,0.03,11.300,0.07,11.300,0.02,11.300,0.03,11.300,0.02,11.300,0.02,11.300,0.03
11.350,-0.02,11.350,0.04,11.350,0.02,11.350,0.02,11.350,0.04,11.350,0.09,11.350,0.02,11.350,0.02,11.350,0.02,11.350,0.02,11.350,0.04
11.400,-0.01,11.400,0.02,11.400,0.01,11.400,0.01,11.400,0.03,11.400,0.08,11.400,0.02,11.400,0.02,11.400,0.02,11.400,0.02,11.400,0.02
11.450,-0.01,11.450,0.03,11.450,0.02,11.450,0.03,11.450,0.04,11.450,0.08,11.450,0.02,11.450,0.03,11.450,0.03,11.450,0.02,11.450,0.02
11.500,-0.01,11.500,0.03,11.500,0.02,11.500,0.01,11.500,0.05,11.500,0.07,11.500,0.01,11.500,0.04,11.500,0.03,11.500,0.02,11.500,0.02
11.550,-0.01,11.550,0.04,11.550,0.02,11.550,0.02,11.550,0.05,11.550,0.09,11.550,0.01,11.550,0.03,11.550,0.03,11.550,0.01,11.550,0.03
11.600,-0.01,11.600,0.04,11.600,0.01,11.600,0.02,11.600,0.05,11.600,0.08,11.600,0.01,11.600,0.03,11.600,0.02,11.600,0.02,11.600,0.03
11.650,0.00,11.650,0.02,11.650,0.02,11.650,0.03,11.650,0.04,11.650,0.08,11.650,0.01,11.650,0.03,11.650,0.02,11.650,0.02,11.650,0.04
11.700,-0.01,11.700,0.02,11.700,0.01,11.700,0.02,11.700,0.04,11.700,0.10,11.700,0.01,11.700,0.04,11.700,0.02,11.700,0.03,11.700,0.03
11.750,0.00,11.750,0.02,11.750,0.01,11.750,0.03,11.750,0.06,11.750,0.08,11.750,0.02,11.750,0.03,11.750,0.02,11.750,0.04,11.750,0.03
11.800,-0.01,11.800,0.02,11.800,0.02,11.800,0.02,11.800,0.04,11.800,0.08,11.800,0.02,11.800,0.03,11.800,0.03,11.800,0.01,11.800,0.03
11.850,-0.01,11.850,0.02,11.850,0.02,11.850,0.03,11.850,0.04,11.850,0.09,11.850,0.01,11.850,0.04,11.850,0.03,11.850,0.02,11.850,0.03
11.900,-0.01,11.900,0.02,11.900,0.02,11.900,0.02,11.900,0.03,11.900,0.08,11.900,0.02,11.900,0.04,11.900,0.02,11.900,0.02,11.900,0.03
11.950,-0.01,11.950,0.03,11.950,0.02,11.950,0.03,11.950,0.06,11.950,0.07,11.950,0.02,11.950,0.03,11.950,0.02,11.950,0.02,11.950,0.04
12.000,-0.01,12.000,0.02,12.000,0.02,12.000,0.03,12.000,0.03,12.000,0.08,12.000,0.01,12.000,0.03,12.000,0.04,12.000,0.02,12.000,0.04
12.050,0.00,12.050,0.03,12.050,0.03,12.050,0.01,12.050,0.04,12.050,0.07,12.050,0.00,12.050,0.02,12.050,0.04,12.050,0.02,12.050,0.04
12.100,-0.01,12.100,0.03,12.100,0.04,12.100,0.03,12.100,0.02,12.100,0.05,12.100,0.02,12.100,0.02,12.100,0.03,12.100,0.02,12.100,0.03
12.150,-0.01,12.150,0.03,12.150,0.02,12.150,0.03,12.150,0.03,12.150,0.08,12.150,0.02,12.150,0.02,12.150,0.02,12.150,0.04,12.150,0.03
12.200,-0.01,12.200,0.02,12.200,0.02,12.200,0.01,12.200,0.03,12.200,0.06,12.200,0.01,12.200,0.01,12.200,0.02,12.200,0.03,12.200,0.02
12.250,0.00,12.250,0.03,12.250,0.02,12.250,0.00,12.250,0.04,12.250,0.07,12.250,0.01,12.250,0.02,12.250,0.03,12.250,0.03,12.250,0.03
12.300,-0.01,12.300,0.03,12.300,0.01,12.300,0.00,12.300,0.04,12.300,0.07,12.300,0.01,12.300,0.02,12.300,0.03,12.300,0.02,12.300,0.02
12.350,-0.01,12.350,0.03,12.350,0.02,12.350,0.01,12.350,0.06,12.350,0.08,12.350,0.01,12.350,0.02,12.350,0.03,12.350,0.03,12.350,0.03
12.400,-0.01,12.400,0.02,12.400,0.02,12.400,0.01,12.400,0.05,12.400,0.08,12.400,0.02,12.400,0.02,12.400,0.02,12.400,0.02,12.400,0.02
12.450,-0.02,12.450,0.02,12.450,0.03,12.450,0.01,12.450,0.04,12.450,0.08,12.450,0.02,12.450,0.03,12.450,0.03,12.450,0.03,12.450,0.03
12.500,-0.01,12.500,0.02,12.500,0.01,12.500,0.00,12.500,0.04,12.500,0.09,12.500,0.02,12.500,0.03,12.500,0.02,12.500,0.02,12.500,0.04
12.550,-0.02,12.550,0.04,12.550,0.02,12.550,0.02,12.550,0.04,12.550,0.08,12.550,0.01,12.550,0.02,12.550,0.02,12.550,0.00,12.550,0.04
12.600,-0.01,12.600,0.03,12.600,0.02,12.600,0.03,12.600,0.04,12.600,0.08,12.600,0.01,12.600,0.02,12.600,0.02,12.600,0.01,12.600,0.04
12.650,-0.01,12.650,0.04,12.650,0.01,12.650,0.02,12.650,0.04,12.650,0.09,12.650,0.02,12.650,0.02,12.650,0.02,12.650,0.01,12.650,0.04
12.700,-0.01,12.700,0.04,12.700,0.01,12.700,0.01,12.700,0.05,12.700,0.07,12.700,0.00,12.700,0.02,12.700,0.01,12.700,0.01,12.700,0.03
12.750,-0.01,12.750,0.04,12.750,0.01,12.750,0.02,12.750,0.04,12.750,0.09,12.750,0.01,12.750,0.02,12.750,0.02,12.750,0.02,12.750,0.03
12.800,-0.01,12.800,0.04,12.800,0.01,12.800,0.02,12.800,0.05,12.800,0.09,12.800,0.00,12.800,0.01,12.800,0.02,12.800,0.01,12.800,0.04
12.850,0.00,12.850,0.05,12.850,0.02,12.850,0.04,12.850,0.03,12.850,0.09,12.850,0.01,12.850,0.01,12.850,0.02,12.850,0.02,12.850,0.04
12.900,-0.01,12.900,0.05,12.900,0.01,12.900,0.03,12.900,0.03,12.900,0.07,12.900,0.01,12.900,0.02,12.900,0.02,12.900,0.01,12.900,0.05
12.950,0.00,12.950,0.04,12.950,0.02,12.950,0.02,12.950,0.03,12.950,0.08,12.950,0.01,12.950,0.02,12.950,0.02,12.950,0.02,12.950,0.05
13.000,-0.01,13.000,0.05,13.000,0.02,13.000,0.03,13.000,0.02,13.000,0.09,13.000,0.01,13.000,0.02,13.000,0.00,13.000,0.01,13.000,0.04
13.050,-0.01,13.050,0.04,13.050,0.02,13.050,0.03,13.050,0.02,13.050,0.08,13.050,0.00,13.050,0.03,13.050,0.02,13.050,0.01,13.050,0.04
13.100,0.00,13.100,0.04,13.100,0.01,13.100,0.02,13.100,0.02,13.100,0.08,13.100,0.00,13.100,0.02,13.100,0.02,13.100,0.02,13.100,0.03
13.150,0.00,13.150,0.03,13.150,0.01,13.150,0.02,13.150,0.03,13.150,0.08,13.150,0.01,13.150,0.01,13.150,0.02,13.150,0.01,13.150,0.03
13.200,-0.01,13.200,0.05,13.200,0.01,13.200,0.01,13.200,0.03,13.200,0.09,13.200,0.01,13.200,0.02,13.200,0.02,13.200,0.01,13.200,0.03
13.250,-0.01,13.250,0.03,13.250,0.03,13.250,0.02,13.250,0.03,13.250,0.09,13.250,0.01,13.250,0.01,13.250,0.02,13.250,0.01,13.250,0.04
13.300,-0.01,13.300,0.02,13.300,0.02,13.300,0.02,13.300,0.04,13.300,0.09,13.300,0.00,13.300,0.02,13.300,0.01,13.300,0.01,13.300,0.05
13.350,-0.01,13.350,0.02,13.350,0.02,13.350,0.02,13.350,0.04,13.350,0.08,13.350,0.00,13.350,0.00,13.350,0.01,13.350,0.02,13.350,0.03
13.400,-0.01,13.400,0.04,13.400,0.02,13.400,0.02,13.400,0.02,13.400,0.08,13.400,-0.01,13.400,0.01,13.400,0.01,13.400,0.02,13.400,0.02
13.450,0.00,13.450,0.03,13.450,0.01,13.450,0.00,13.450,0.04,13.450,0.08,13.450,0.01,13.450,0.01,13.450,0.01,13.450,0.01,13.450,0.03
13.500,-0.01,13.500,0.02,13.500,0.01,13.500,0.01,13.500,0.04,13.500,0.08,13.500,0.01,13.500,0.01,13.500,0.02,13.500,0.01,13.500,0.03
13.550,-0.01,13.550,0.02,13.550,0.00,13.550,0.01,13.550,0.04,13.550,0.09,13.550,0.00,13.550,0.01,13.550,0.02,13.550,0.01,13.550,0.04
13.600,-0.01,13.600,0.02,13.600,0.00,13.600,0.01,13.600,0.04,13.600,0.09,13.600,0.01,13.600,0.01,13.600,0.03,13.600,0.01,13.600,0.03
13.650,-0.01,13.650,0.03,13.650,0.02,13.650,0.01,13.650,0.03,13.650,0.09,13.650,0.01,13.650,0.01,13.650,0.01,13.650,0.01,13.650,0.03
13.700,-0.02,13.700,0.04,13.700,0.02,13.700,0.00,13.700,0.03,13.700,0.09,13.700,0.02,13.700,0.01,13.700,0.02,13.700,0.01,13.700,0.04
13.750,-0.01,13.750,0.03,13.750,0.01,13.750,0.01,13.750,0.04,13.750,0.10,13.750,0.00,13.750,0.02,13.750,0.02,13.750,0.02,13.750,0.02
13.800,-0.01,13.800,0.03,13.800,0.01,13.800,0.02,13.800,0.03,13.800,0.09,13.800,0.01,13.800,0.02,13.800,0.01,13.800,0.01,13.800,0.03
13.850,0.00,13.850,0.03,13.850,0.01,13.850,0.01,13.850,0.03,13.850,0.09,13.850,0.01,13.850,0.02,13.850,0.01,13.850,0.02,13.850,0.02
13.900,-0.01,13.900,0.04,13.900,0.01,13.900,0.02,13.900,0.03,13.900,0.10,13.900,0.02,13.900,0.02,13.900,0.00,13.900,0.02,13.900,0.03
13.950,-0.02,13.950,0.04,13.950,0.01,13.950,0.02,13.950,0.04,13.950,0.09,13.950,0.01,13.950,0.02,13.950,0.00,13.950,0.01,13.950,0.03
14.000,-0.02,14.000,0.02,14.000,0.02,14.000,0.02,14.000,0.03,14.000,0.09,14.000,0.01,14.000,0.02,14.000,0.01,14.000,0.01,14.000,0.02
14.050,-0.01,14.050,0.03,14.050,0.01,14.050,0.02,14.050,0.04,14.050,0.10,14.050,0.02,14.050,0.02,14.050,0.02,14.050,0.00,14.050,0.03
14.100,-0.01,14.100,0.02,14.100,0.02,14.100,0.01,14.100,0.04,14.100,0.09,14.100,0.01,14.100,0.02,14.100,0.02,14.100,0.00,14.100,0.02
14.150,-0.01,14.150,0.02,14.150,0.02,14.150,0.01,14.150,0.04,14.150,0.10,14.150,0.01,14.150,0.02,14.150,0.03,14.150,0.00,14.150,0.03
14.200,-0.02,14.200,0.02,14.200,0.01,14.200,0.01,14.200,0.03,14.200,0.10,14.200,0.00,14.200,0.01,14.200,0.02,14.200,0.00,14.200,0.04
14.250,-0.01,14.250,0.02,14.250,0.01,14.250,0.01,14.250,0.02,14.250,0.11,14.250,0.01,14.250,0.01,14.250,0.03,14.250,0.01,14.250,0.04
14.300,-0.01,14.300,0.04,14.300,0.01,14.300,0.02,14.300,0.02,14.300,0.09,14.300,0.01,14.300,0.02,14.300,0.02,14.300,0.01,14.300,0.04
14.350,-0.01,14.350,0.04,14.350,0.00,14.350,0.02,14.350,0.02,14.350,0.10,14.350,0.01,14.350,0.03,14.350,0.02,14.350,0.01,14.350,0.03
14.400,-0.01,14.400,0.02,14.400,0.02,14.400,0.01,14.400,0.02,14.400,0.10,14.400,0.00,14.400,0.01,14.400,0.01,14.400,0.01,14.400,0.03
14.450,-0.01,14.450,0.03,14.450,0.01,14.450,0.03,14.450,0.02,14.450,0.11,14.450,-0.01,14.450,0.02,14.450,0.02,14.450,0.01,14.450,0.03
14.500,-0.01,14.500,0.03,14.500,0.01,14.500,0.02,14.500,0.03,14.500,0.09,14.500,0.01,14.500,0.03,14.500,0.02,14.500,0.01,14.500,0.02
14.550,-0.01,14.550,0.03,14.550,0.02,14.550,0.02,14.550,0.02,14.550,0.09,14.550,0.01,14.550,0.03,14.550,0.01,14.550,0.02,14.550,0.03
14.600,0.00,14.600,0.02,14.600,0.01,14.600,0.02,14.600,0.03,14.600,0.08,14.600,0.01,14.600,0.03,14.600,0.01,14.600,0.02,14.600,0.03
14.650,-0.01,14.650,0.03,14.650,0.00,14.650,0.02,14.650,0.02,14.650,0.08,14.650,0.01,14.650,0.03,14.650,0.02,14.650,0.00,14.650,0.02
14.700,-0.01,14.700,0.03,14.700,0.00,14.700,0.03,14.700,0.03,14.700,0.07,14.700,0.01,14.700,0.02,14.700,0.02,14.700,0.01,14.700,0.02
14.750,-0.01,14.750,0.02,14.750,0.00,14.750,0.02,14.750,0.02,14.750,0.10,14.750,0.01,14.750,0.03,14.750,0.02,14.750,0.01,14.750,0.03
14.800,-0.01,14.800,0.02,14.800,0.00,14.800,0.02,14.800,0.03,14.800,0.11,14.800,0.00,14.800,0.03,14.800,0.03,14.800,0.01,14.800,0.03
14.850,-0.02,14.850,0.02,14.850,0.01,14.850,0.02,14.850,0.02,14.850,0.10,14.850,0.00,14.850,0.03,14.850,0.03,14.850,0.01,14.850,0.02
14.900,-0.02,14.900,0.01,14.900,0.01,14.900,0.03,14.900,0.02,14.900,0.10,14.900,0.00,14.900,0.04,14.900,0.03,14.900,0.01,14.900,0.03
14.950,-0.02,14.950,0.01,14.950,0.01,14.950,0.01,14.950,0.03,14.950,0.10,14.950,0.00,14.950,0.03,14.950,0.02,14.950,0.01,14.950,0.02
15.000,-0.02,15.000,0.02,15.000,0.02,15.000,0.01,15.000,0.02,15.000,0.10,15.000,0.00,15.000,0.01,15.000,0.02,15.000,0.01,15.000,0.03
15.050,-0.01,15.050,0.03,15.050,0.01,15.050,0.01,15.050,0.02,15.050,0.09,15.050,0.01,15.050,0.03,15.050,0.02,15.050,0.02,15.050,0.04
15.100,-0.02,15.100,0.03,15.100,0.02,15.100,0.02,15.100,0.03,15.100,0.10,15.100,0.00,15.100,0.02,15.100,0.02,15.100,0.01,15.100,0.03
15.150,-0.02,15.150,0.03,15.150,0.01,15.150,0.01,15.150,0.02,15.150,0.10,15.150,0.01,15.150,0.02,15.150,0.02,15.150,0.01,15.150,0.04
15.200,-0.01,15.200,0.02,15.200,0.01,15.200,0.02,15.200,0.02,15.200,0.08,15.200,0.01,15.200,0.02,15.200,0.03,15.200,0.02,15.200,0.02
15.250,-0.01,15.250,0.02,15.250,0.01,15.250,0.01,15.250,0.01,15.250,0.09,15.250,0.01,15.250,0.02,15.250,0.02,15.250,0.01,15.250,0.02
15.300,-0.02,15.300,0.03,15.300,0.00,15.300,0.02,15.300,0.01,15.300,0.08,15.300,0.02,15.300,0.02,15.300,0.03,15.300,0.01,15.300,0.03
15.350,-0.01,15.350,0.02,15.350,0.01,15.350,0.01,15.350,0.02,15.350,0.08,15.350,0.02,15.350,0.02,15.350,0.03,15.350,0.01,15.350,0.03
15.400,-0.01,15.400,0.03,15.400,0.01,15.400,0.02,15.400,0.02,15.400,0.09,15.400,0.01,15.400,0.02,15.400,0.03,15.400,0.01,15.400,0.03
15.450,-0.01,15.450,0.03,15.450,0.00,15.450,0.03,15.450,0.01,15.450,0.10,15.450,0.01,15.450,0.02,15.450,0.03,15.450,0.02,15.450,0.02
15.500,-0.01,15.500,0.02,15.500,0.02,15.500,0.03,15.500,0.02,15.500,0.08,15.500,0.01,15.500,0.01,15.500,0.03,15.500,0.02,15.500,0.03
15.550,-0.01,15.550,0.03,15.550,0.02,15.550,0.03,15.550,0.02,15.550,0.08,15.550,0.01,15.550,0.02,15.550,0.02,15.550,0.02,15.550,0.04
15.600,0.00,15.600,0.03,15.600,0.01,15.600,0.02,15.600,0.02,15.600,0.08,15.600,0.02,15.600,0.01,15.600,0.02,15.600,0.02,15.600,0.02
15.650,-0.01,15.650,0.03,15.650,0.01,15.650,0.03,15.650,0.03,15.650,0.09,15.650,0.03,15.650,0.02,15.650,0.02,15.650,0.02,15.650,0.04
15.700,-0.02,15.700,0.03,15.700,-0.01,15.700,0.02,15.700,0.02,15.700,0.09,15.700,0.03,15.700,0.01,15.700,0.03,15.700,0.01,15.700,0.02
15.750,-0.02,15.750,0.03,15.750,0.01,15.750,0.03,15.750,0.02,15.750,0.07,15.750,0.02,15.750,0.02,15.750,0.02,15.750,0.01,15.750,0.02
15.800,0.00,15.800,0.04,15.800,0.01,15.800,0.02,15.800,0.02,15.800,0.08,15.800,0.02,15.800,0.01,15.800,0.03,15.800,0.02,15.800,0.04
15.850,0.00,15.850,0.05,15.850,0.01,15.850,0.02,15.850,0.02,15.850,0.08,15.850,0.02,15.850,0.02,15.850,0.02,15.850,0.03,15.850,0.04
15.900,-0.01,15.900,0.03,15.900,0.01,15.900,0.02,15.900,0.02,15.900,0.08,15.900,0.02,15.900,0.01,15.900,0.03,15.900,0.03,15.900,0.04
15.950,0.00,15.950,0.04,15.950,0.02,15.950,0.03,15.950,0.02,15.950,0.08,15.950,0.03,15.950,0.01,15.950,0.03,15.950,0.02,15.950,0.02
16.000,-0.01,16.000,0.04,16.000,0.01,16.000,0.02,16.000,0.01,16.000,0.08,16.000,0.03,16.000,0.02,16.000,0.02,16.000,0.02,16.000,0.03
16.050,0.00,16.050,0.02,16.050,0.01,16.050,0.01,16.050,0.01,16.050,0.09,16.050,0.04,16.050,0.04,16.050,0.02,16.050,0.02,16.050,0.03
16.100,0.00,16.100,0.03,16.100,0.02,16.100,0.02,16.100,0.01,16.100,0.08,16.100,0.02,16.100,0.03,16.100,0.03,16.100,0.01,16.100,0.04
16.150,-0.01,16.150,0.02,16.150,0.01,16.150,0.01,16.150,0.01,16.150,0.08,16.150,0.01,16.150,0.02,16.150,0.04,16.150,0.02,16.150,0.02
16.200,-0.01,16.200,0.02,16.200,0.02,16.200,0.01,16.200,0.02,16.200,0.09,16.200,0.02,16.200,0.02,16.200,0.02,16.200,0.02,16.200,0.03
16.250,0.01,16.250,0.01,16.250,0.01,16.250,0.01,16.250,0.01,16.250,0.08,16.250,0.02,16.250,0.03,16.250,0.03,16.250,0.02,16.250,0.03
16.300,0.01,16.300,0.03,16.300,0.02,16.300,0.03,16.300,0.01,16.300,0.08,16.300,0.02,16.300,0.02,16.300,0.03,16.300,0.02,16.300,0.03
16.350,0.00,16.350,0.02,16.350,0.02,16.350,0.02,16.350,0.02,16.350,0.08,16.350,0.02,16.350,0.04,16.350,0.01,16.350,0.03,16.350,0.02
16.400,0.00,16.400,0.01,16.400,0.02,16.400,0.02,16.400,0.02,16.400,0.08,16.400,0.02,16.400,0.02,16.400,0.01,16.400,0.02,16.400,0.03
16.450,0.00,16.450,0.02,16.450,0.02,16.450,0.01,16.450,0.03,16.450,0.08,16.450,0.01,16.450,0.03,16.450,0.02,16.450,0.02,16.450,0.04
16.500,-0.01,16.500,0.02,16.500,0.04,16.500,0.02,16.500,0.03,16.500,0.08,16.500,0.02,16.500,0.03,16.500,0.02,16.500,0.02,16.500,0.04
16.550,-0.01,16.550,0.02,16.550,0.03,16.550,0.02,16.550,0.02,16.550,0.09,16.550,0.01,16.550,0.01,16.550,0.02,16.550,0.01,16.550,0.03
16.600,-0.01,16.600,0.02,16.600,0.03,16.600,0.01,16.600,0.01,16.600,0.08,16.600,0.01,16.600,0.02,16.600,0.03,16.600,0.00,16.600,0.04
16.650,-0.01,16.650,0.02,16.650,0.02,16.650,0.01,16.650,0.01,16.650,0.09,16.650,0.01,16.650,0.03,16.650,0.02,16.650,0.01,16.650,0.04
16.700,-0.02,16.700,0.02,16.700,0.02,16.700,0.02,16.700,0.02,16.700,0.08,16.700,0.01,16.700,0.03,16.700,0.03,16.700,0.01,16.700,0.04
16.750,-0.01,16.750,0.04,16.750,0.03,16.750,0.02,16.750,0.01,16.750,0.07,16.750,0.01,16.750,0.03,16.750,0.03,16.750,0.01,16.750,0.03
16.800,0.00,16.800,0.02,16.800,0.02,16.800,0.02,16.800,0.02,16.800,0.06,16.800,0.01,16.800,0.03,16.800,0.03,16.800,0.01,16.800,0.03
16.850,-0.01,16.850,0.04,16.850,0.02,16.850,0.02,16.850,0.02,16.850,0.06,16.850,0.00,16.850,0.03,16.850,0.03,16.850,0.01,16.850,0.04
16.900,-0.01,16.900,0.04,16.900,0.02,16.900,0.04,16.900,0.02,16.900,0.05,16.900,0.01,16.900,0.02,16.900,0.02,16.900,0.01,16.900,0.04
16.950,-0.01,16.950,0.04,16.950,0.03,16.950,0.02,16.950,0.02,16.950,0.06,16.950,0.02,16.950,0.03,16.950,0.02,16.950,0.02,16.950,0.03
17.000,-0.01,17.000,0.04,17.000,0.02,17.000,0.01,17.000,0.02,17.000,0.06,17.000,0.00,17.000,0.02,17.000,0.04,17.000,0.00,17.000,0.04
17.050,-0.01,17.050,0.03,17.050,0.03,17.050,0.02,17.050,0.01,17.050,0.07,17.050,0.01,17.050,0.04,17.050,0.03,17.050,0.00,17.050,0.03
17.100,-0.01,17.100,0.04,17.100,0.04,17.100,0.04,17.100,0.02,17.100,0.08,17.100,0.00,17.100,0.03,17.100,0.02,17.100,0.01,17.100,0.02
17.150,-0.02,17.150,0.04,17.150,0.04,17.150,0.03,17.150,0.02,17.150,0.06,17.150,0.00,17.150,0.02,17.150,0.03,17.150,0.01,17.150,0.04
17.200,-0.01,17.200,0.03,17.200,0.03,17.200,0.03,17.200,0.01,17.200,0.06,17.200,0.00,17.200,0.02,17.200,0.02,17.200,0.01,17.200,0.04
17.250,-0.01,17.250,0.02,17.250,0.04,17.250,0.03,17.250,0.02,17.250,0.07,17.250,0.00,17.250,0.02,17.250,0.03,17.250,0.01,17.250,0.03
17.300,-0.02,17.300,0.03,17.300,0.04,17.300,0.04,17.300,0.02,17.300,0.08,17.300,0.01,17.300,0.03,17.300,0.02,17.300,0.02,17.300,0.03
17.350,-0.02,17.350,0.02,17.350,0.03,17.350,0.04,17.350,0.02,17.350,0.07,17.350,0.01,17.350,0.02,17.350,0.03,17.350,0.02,17.350,0.04
17.400,-0.02,17.400,0.02,17.400,0.03,17.400,0.03,17.400,0.03,17.400,0.08,17.400,-0.01,17.400,0.02,17.400,0.03,17.400,0.01,17.400,0.04
17.450,-0.02,17.450,0.02,17.450,0.04,17.450,0.04,17.450,0.03,17.450,0.07,17.450,-0.01,17.450,0.02,17.450,0.02,17.450,0.02,17.450,0.05
17.500,-0.01,17.500,0.02,17.500,0.04,17.500,0.04,17.500,0.03,17.500,0.09,17.500,0.00,17.500,0.03,17.500,0.02,17.500,0.02,17.500,0.04
17.550,-0.01,17.550,0.02,17.550,0.03,17.550,0.03,17.550,0.03,17.550,0.08,17.550,0.01,17.550,0.02,17.550,0.01,17.550,0.02,17.550,0.04
17.600,-0.02,17.600,0.02,17.600,0.04,17.600,0.02,17.600,0.02,17.600,0.09,17.600,-0.01,17.600,0.03,17.600,0.01,17.600,0.02,17.600,0.05
17.650,-0.03,17.650,0.03,17.650,0.03,17.650,0.03,17.650,0.02,17.650,0.09,17.650,0.00,17.650,0.03,17.650,0.02,17.650,0.01,17.650,0.05
17.700,-0.01,17.700,0.02,17.700,0.03,17.700,0.02,17.700,0.02,17.700,0.10,17.700,0.01,17.700,0.02,17.700,0.03,17.700,0.01,17.700,0.05
17.750,-0.01,17.750,0.03,17.750,0.04,17.750,0.02,17.750,0.03,17.750,0.09,17.750,0.00,17.750,0.02,17.750,0.02,17.750,0.01,17.750,0.05
17.800,-0.01,17.800,0.03,17.800,0.03,17.800,0.02,17.800,0.03,17.800,0.08,17.800,0.01,17.800,0.02,17.800,0.02,17.800,0.01,17.800,0.04
17.850,-0.01,17.850,0.03,17.850,0.02,17.850,0.03,17.850,0.03,17.850,0.08,17.850,0.01,17.850,0.04,17.850,0.01,17.850,0.01,17.850,0.03
17.900,-0.01,17.900,0.02,17.900,0.01,17.900,0.04,17.900,0.03,17.900,0.07,17.900,-0.01,17.900,0.03,17.900,0.02,17.900,0.01,17.900,0.03
17.950,-0.01,17.950,0.03,17.950,0.02,17.950,0.02,17.950,0.03,17.950,0.06,17.950,0.00,17.950,0.03,17.950,0.02,17.950,0.01,17.950,0.03
18.000,0.00,18.000,0.03,18.000,0.02,18.000,0.02,18.000,0.04,18.000,0.05,18.000,-0.01,18.000,0.03,18.000,0.02,18.000,0.01,18.000,0.03
18.050,-0.01,18.050,0.02,18.050,0.02,18.050,0.03,18.050,0.02,18.050,0.07,18.050,-0.01,18.050,0.02,18.050,0.02,18.050,0.02,18.050,0.04
18.100,-0.01,18.100,0.02,18.100,0.01,18.100,0.03,18.100,0.03,18.100,0.05,18.100,0.00,18.100,0.02,18.100,0.01,18.100,0.01,18.100,0.05
18.150,-0.01,18.150,0.03,18.150,0.02,18.150,0.02,18.150,0.03,18.150,0.06,18.150,0.00,18.150,0.02,18.150,0.01,18.150,0.02,18.150,0.06
18.200,-0.01,18.200,0.02,18.200,0.02,18.200,0.01,18.200,0.02,18.200,0.07,18.200,0.00,18.200,0.02,18.200,0.01,18.200,0.02,18.200,0.04
18.250,0.00,18.250,0.02,18.250,0.01,18.250,0.01,18.250,0.02,18.250,0.08,18.250,-0.01,18.250,0.02,18.250,0.01,18.250,0.02,18.250,0.04
18.300,-0.01,18.300,0.02,18.300,0.02,18.300,0.01,18.300,0.02,18.300,0.06,18.300,-0.01,18.300,0.01,18.300,0.02,18.300,0.01,18.300,0.04
18.350,0.00,18.350,0.02,18.350,0.02,18.350,0.01,18.350,0.02,18.350,0.07,18.350,0.00,18.350,0.02,18.350,0.01,18.350,0.00,18.350,0.03
18.400,-0.01,18.400,0.01,18.400,0.02,18.400,0.01,18.400,0.03,18.400,0.06,18.400,0.00,18.400,0.02,18.400,0.01,18.400,0.01,18.400,0.04
18.450,0.00,18.450,0.01,18.450,0.03,18.450,0.01,18.450,0.02,18.450,0.08,18.450,0.00,18.450,0.02,18.450,0.02,18.450,0.01,18.450,0.05
18.500,-0.02,18.500,0.03,18.500,0.03,18.500,0.02,18.500,0.02,18.500,0.08,18.500,-0.01,18.500,0.01,18.500,0.02,18.500,0.01,18.500,0.04
18.550,-0.01,18.550,0.02,18.550,0.03,18.550,0.01,18.550,0.03,18.550,0.07,18.550,0.00,18.550,0.01,18.550,0.02,18.550,0.02,18.550,0.04
18.600,-0.01,18.600,0.03,18.600,0.03,18.600,0.02,18.600,0.03,18.600,0.07,18.600,0.01,18.600,0.02,18.600,0.01,18.600,0.02,18.600,0.04
18.650,-0.02,18.650,0.02,18.650,0.03,18.650,0.02,18.650,0.03,18.650,0.06,18.650,0.01,18.650,0.01,18.650,0.02,18.650,0.02,18.650,0.04
18.700,-0.02,18.700,0.02,18.700,0.02,18.700,0.01,18.700,0.02,18.700,0.06,18.700,0.02,18.700,0.02,18.700,0.01,18.700,0.02,18.700,0.03
18.750,-0.01,18.750,0.02,18.750,0.00,18.750,0.01,18.750,0.02,18.750,0.06,18.750,0.01,18.750,0.02,18.750,0.02,18.750,0.03,18.750,0.04
18.800,-0.01,18.800,0.02,18.800,0.02,18.800,0.00,18.800,0.02,18.800,0.05,18.800,0.00,18.800,0.03,18.800,0.02,18.800,0.02,18.800,0.04
18.850,-0.02,18.850,0.01,18.850,0.01,18.850,0.02,18.850,0.02,18.850,0.06,18.850,0.01,18.850,0.03,18.850,0.01,18.850,0.02,18.850,0.04
18.900,-0.02,18.900,0.03,18.900,0.02,18.900,0.02,18.900,0.01,18.900,0.07,18.900,0.00,18.900,0.02,18.900,0.01,18.900,0.01,18.900,0.04
18.950,-0.02,18.950,0.03,18.950,0.03,18.950,0.01,18.950,0.01,18.950,0.08,18.950,0.00,18.950,0.03,18.950,0.01,18.950,0.01,18.950,0.04
19.000,-0.02,19.000,0.02,19.000,0.03,19.000,0.02,19.000,0.01,19.000,0.07,19.000,0.00,19.000,0.02,19.000,0.01,19.000,0.01,19.000,0.05
19.050,-0.02,19.050,0.02,19.050,0.03,19.050,0.02,19.050,0.02,19.050,0.06,19.050,0.00,19.050,0.02,19.050,0.02,19.050,0.02,19.050,0.05
19.100,-0.02,19.100,0.03,19.100,0.02,19.100,0.01,19.100,0.02,19.100,0.09,19.100,0.01,19.100,0.03,19.100,0.02,19.100,0.02,19.100,0.04
19.150,-0.01,19.150,0.02,19.150,0.02,19.150,0.02,19.150,0.01,19.150,0.09,19.150,0.00,19.150,0.02,19.150,0.02,19.150,0.02,19.150,0.05
19.200,-0.01,19.200,0.02,19.200,0.02,19.200,0.02,19.200,0.01,19.200,0.07,19.200,0.02,19.200,0.02,19.200,0.01,19.200,0.02,19.200,0.05
19.250,-0.01,19.250,0.03,19.250,0.01,19.250,0.01,19.250,0.01,19.250,0.06,19.250,0.02,19.250,0.03,19.250,0.00,19.250,0.02,19.250,0.04
19.300,0.00,19.300,0.02,19.300,0.01,19.300,0.00,19.300,0.01,19.300,0.07,19.300,0.01,19.300,0.04,19.300,0.01,19.300,0.01,19.300,0.05
19.350,-0.01,19.350,0.02,19.350,0.03,19.350,0.01,19.350,0.02,19.350,0.08,19.350,0.02,19.350,0.03,19.350,0.01,19.350,0.03,19.350,0.04
19.400,-0.01,19.400,0.01,19.400,0.03,19.400,0.01,19.400,0.00,19.400,0.07,19.400,0.00,19.400,0.03,19.400,0.01,19.400,0.01,19.400,0.04
19.450,-0.01,19.450,0.03,19.450,0.02,19.450,0.02,19.450,0.01,19.450,0.07,19.450,0.02,19.450,0.02,19.450,0.02,19.450,0.02,19.450,0.03
19.500,-0.01,19.500,0.03,19.500,0.02,19.500,0.02,19.500,0.02,19.500,0.07,19.500,0.01,19.500,0.02,19.500,0.03,19.500,0.02,19.500,0.02
19.550,-0.01,19.550,0.02,19.550,0.02,19.550,0.02,19.550,0.01,19.550,0.06,19.550,0.03,19.550,0.03,19.550,0.03,19.550,0.02,19.550,0.04
19.600,-0.02,19.600,0.02,19.600,0.02,19.600,0.03,19.600,0.01,19.600,0.07,19.600,0.01,19.600,0.03,19.600,0.03,19.600,0.03,19.600,0.02
19.650,-0.02,19.650,0.03,19.650,0.02,19.650,0.02,19.650,0.01,19.650,0.06,19.650,0.00,19.650,0.02,19.650,0.01,19.650,0.02,19.650,0.02
19.700,-0.03,19.700,0.03,19.700,0.01,19.700,0.02,19.700,0.01,19.700,0.06,19.700,0.03,19.700,0.02,19.700,0.01,19.700,0.03,19.700,0.03
19.750,-0.01,19.750,0.03,19.750,0.01,19.750,0.02,19.750,0.03,19.750,0.06,19.750,0.01,19.750,0.01,19.750,0.02,19.750,0.02,19.750,0.02
19.800,-0.01,19.800,0.03,19.800,0.02,19.800,0.01,19.800,0.02,19.800,0.07,19.800,0.01,19.800,0.00,19.800,0.02,19.800,0.04,19.800,0.04
19.850,0.00,19.850,0.04,19.850,0.01,19.850,0.02,19.850,0.01,19.850,0.05,19.850,0.01,19.850,0.02,19.850,0.03,19.850,0.03,19.850,0.02
19.900,0.00,19.900,0.03,19.900,0.03,19.900,0.01,19.900,0.04,19.900,0.05,19.900,0.01,19.900,0.01,19.900,0.04,19.900,0.02,19.900,0.03
19.950,-0.02,19.950,0.02,19.950,0.03,19.950,0.01,19.950,0.02,19.950,0.05,19.950,0.01,19.950,0.02,19.950,0.03,19.950,0.03,19.950,0.03
20.000,-0.02,20.000,0.01,20.000,0.02,20.000,0.01,20.000,0.02,20.000,0.04,20.000,0.02,20.000,0.01,20.000,0.03,20.000,0.02,20.000,0.02
20.050,-0.02,20.050,0.02,20.050,0.02,20.050,0.00,20.050,0.02,20.050,0.07,20.050,0.01,20.050,0.01,20.050,0.04,20.050,0.02,20.050,0.01
20.100,-0.02,20.100,0.03,20.100,0.02,20.100,0.01,20.100,0.02,20.100,0.06,20.100,0.03,20.100,0.02,20.100,0.02,20.100,0.03,20.100,0.02
20.150,-0.03,20.150,0.04,20.150,0.03,20.150,0.01,20.150,0.02,20.150,0.08,20.150,0.01,20.150,0.02,20.150,0.02,20.150,0.04,20.150,0.02
20.200,-0.02,20.200,0.03,20.200,0.01,20.200,0.01,20.200,0.02,20.200,0.07,20.200,0.02,20.200,0.01,20.200,0.02,20.200,0.03,20.200,0.02
20.250,-0.02,20.250,0.02,20.250,0.03,20.250,0.02,20.250,0.01,20.250,0.07,20.250,0.01,20.250,0.01,20.250,0.02,20.250,0.04,20.250,0.02
20.300,-0.02,20.300,0.03,20.300,0.02,20.300,0.02,20.300,0.02,20.300,0.08,20.300,0.02,20.300,0.00,20.300,0.02,20.300,0.03,20.300,0.02
20.350,-0.02,20.350,0.03,20.350,0.01,20.350,0.01,20.350,0.03,20.350,0.06,20.350,0.02,20.350,0.01,20.350,0.01,20.350,0.02,20.350,0.02
20.400,-0.01,20.400,0.02,20.400,0.01,20.400,0.02,20.400,0.02,20.400,0.06,20.400,0.01,20.400,0.01,20.400,0.02,20.400,0.00,20.400,0.01
20.450,0.00,20.450,0.02,20.450,0.02,20.450,0.02,20.450,0.03,20.450,0.07,20.450,0.01,20.450,0.00,20.450,0.02,20.450,0.01,20.450,0.03
20.500,-0.02,20.500,0.02,20.500,0.02,20.500,0.01,20.500,0.03,20.500,0.07,20.500,0.00,20.500,0.02,20.500,0.02,20.500,0.03,20.500,0.04
20.550,-0.02,20.550,0.03,20.550,0.01,20.550,0.01,20.550,0.02,20.550,0.07,20.550,0.02,20.550,0.01,20.550,0.01,20.550,0.01,20.550,0.02
20.600,-0.01,20.600,0.03,20.600,0.02,20.600,0.01,20.600,0.03,20.600,0.07,20.600,0.02,20.600,0.01,20.600,0.03,20.600,0.03,20.600,0.04
20.650,-0.02,20.650,0.02,20.650,0.02,20.650,0.02,20.650,0.02,20.650,0.08,20.650,0.01,20.650,0.01,20.650,0.03,20.650,0.02,20.650,0.03
20.700,-0.01,20.700,0.03,20.700,0.02,20.700,0.02,20.700,0.03,20.700,0.08,20.700,0.01,20.700,0.02,20.700,0.02,20.700,0.02,20.700,0.03
20.750,-0.01,20.750,0.02,20.750,0.03,20.750,0.01,20.750,0.02,20.750,0.09,20.750,0.00,20.750,0.02,20.750,0.02,20.750,0.02,20.750,0.02
20.800,-0.01,20.800,0.01,20.800,0.02,20.800,0.01,20.800,0.02,20.800,0.08,20.800,0.01,20.800,0.02,20.800,0.01,20.800,0.02,20.800,0.04
20.850,-0.01,20.850,0.01,20.850,0.02,20.850,0.02,20.850,0.01,20.850,0.07,20.850,0.02,20.850,0.02,20.850,0.02,20.850,0.02,20.850,0.04
20.900,-0.01,20.900,0.02,20.900,0.02,20.900,0.02,20.900,0.02,20.900,0.08,20.900,0.02,20.900,0.02,20.900,0.03,20.900,0.02,20.900,0.04
20.950,-0.01,20.950,0.01,20.950,0.02,20.950,0.02,20.950,0.03,20.950,0.07,20.950,0.01,20.950,0.01,20.950,0.02,20.950,0.02,20.950,0.04
21.000,-0.01,21.000,0.02,21.000,0.02,21.000,0.01,21.000,0.03,21.000,0.08,21.000,0.02,21.000,0.01,21.000,0.02,21.000,0.02,21.000,0.04
21.050,-0.02,21.050,0.03,21.050,0.02,21.050,0.01,21.050,0.04,21.050,0.08,21.050,0.01,21.050,0.02,21.050,0.02,21.050,0.02,21.050,0.04
21.100,-0.01,21.100,0.03,21.100,0.01,21.100,0.00,21.100,0.03,21.100,0.08,21.100,0.01,21.100,0.02,21.100,0.04,21.100,0.02,21.100,0.02
21.150,-0.01,21.150,0.02,21.150,0.01,21.150,0.01,21.150,0.01,21.150,0.08,21.150,0.02,21.150,0.02,21.150,0.04,21.150,0.02,21.150,0.02
21.200,-0.01,21.200,0.02,21.200,0.01,21.200,0.01,21.200,0.03,21.200,0.08,21.200,0.01,21.200,0.01,21.200,0.03,21.200,0.02,21.200,0.03
21.250,-0.02,21.250,0.03,21.250,0.01,21.250,0.01,21.250,0.03,21.250,0.07,21.250,0.01,21.250,0.01,21.250,0.03,21.250,0.02,21.250,0.02
21.300,-0.01,21.300,0.02,21.300,0.01,21.300,0.01,21.300,0.03,21.300,0.06,21.300,0.01,21.300,0.03,21.300,0.03,21.300,0.04,21.300,0.05
21.350,-0.01,21.350,0.03,21.350,0.01,21.350,0.02,21.350,0.03,21.350,0.09,21.350,0.02,21.350,0.02,21.350,0.03,21.350,0.03,21.350,0.04
21.400,-0.02,21.400,0.04,21.400,0.02,21.400,0.02,21.400,0.02,21.400,0.07,21.400,0.01,21.400,0.02,21.400,0.02,21.400,0.02,21.400,0.04
21.450,-0.02,21.450,0.02,21.450,0.02,21.450,0.01,21.450,0.01,21.450,0.08,21.450,0.01,21.450,0.02,21.450,0.03,21.450,0.02,21.450,0.05
21.500,0.00,21.500,0.02,21.500,0.02,21.500,0.01,21.500,0.01,21.500,0.07,21.500,0.01,21.500,0.02,21.500,0.03,21.500,0.01,21.500,0.03
21.550,-0.01,21.550,0.02,21.550,0.03,21.550,0.01,21.550,0.02,21.550,0.08,21.550,0.01,21.550,0.02,21.550,0.03,21.550,0.01,21.550,0.05
21.600,-0.01,21.600,0.03,21.600,0.04,21.600,0.01,21.600,0.02,21.600,0.08,21.600,0.00,21.600,0.02,21.600,0.03,21.600,0.02,21.600,0.04
21.650,-0.01,21.650,0.02,21.650,0.04,21.650,0.01,21.650,0.02,21.650,0.08,21.650,0.01,21.650,0.02,21.650,0.03,21.650,0.02,21.650,0.06
21.700,-0.01,21.700,0.02,21.700,0.03,21.700,0.02,21.700,0.03,21.700,0.08,21.700,0.00,21.700,0.01,21.700,0.02,21.700,0.03,21.700,0.05
21.750,-0.01,21.750,0.03,21.750,0.02,21.750,0.02,21.750,0.03,21.750,0.07,21.750,0.01,21.750,0.02,21.750,0.01,21.750,0.01,21.750,0.05
21.800,-0.01,21.800,0.03,21.800,0.03,21.800,0.02,21.800,0.02,21.800,0.08,21.800,0.01,21.800,0.01,21.800,0.03,21.800,0.02,21.800,0.04
21.850,-0.02,21.850,0.03,21.850,0.02,21.850,0.01,21.850,0.02,21.850,0.07,21.850,0.02,21.850,0.01,21.850,0.01,21.850,0.02,21.850,0.03
21.900,-0.01,21.900,0.03,21.900,0.02,21.900,0.03,21.900,0.03,21.900,0.09,21.900,0.01,21.900,0.01,21.900,0.03,21.900,0.03,21.900,0.03
21.950,-0.01,21.950,0.02,21.950,0.02,21.950,0.03,21.950,0.02,21.950,0.06,21.950,0.01,21.950,0.01,21.950,0.02,21.950,0.02,21.950,0.05
22.000,-0.01,22.000,0.03,22.000,0.02,22.000,0.02,22.000,0.02,22.000,0.09,22.000,0.01,22.000,0.02,22.000,0.03,22.000,0.02,22.000,0.04
22.050,0.00,22.050,0.02,22.050,0.02,22.050,0.01,22.050,0.04,22.050,0.07,22.050,0.02,22.050,0.02,22.050,0.04,22.050,0.04,22.050,0.03
22.100,-0.01,22.100,0.02,22.100,0.02,22.100,0.01,22.100,0.03,22.100,0.08,22.100,0.01,22.100,0.02,22.100,0.03,22.100,0.05,22.100,0.03
22.150,-0.01,22.150,0.02,22.150,0.01,22.150,0.02,22.150,0.03,22.150,0.08,22.150,0.00,22.150,0.03,22.150,0.01,22.150,0.03,22.150,0.04
22.200,0.00,22.200,0.03,22.200,0.01,22.200,0.01,22.200,0.03,22.200,0.08,22.200,0.01,22.200,0.02,22.200,0.02,22.200,0.03,22.200,0.04
22.250,-0.01,22.250,0.03,22.250,0.01,22.250,0.01,22.250,0.02,22.250,0.07,22.250,0.01,22.250,0.01,22.250,0.02,22.250,0.03,22.250,0.03
22.300,-0.02,22.300,0.02,22.300,0.01,22.300,0.01,22.300,0.04,22.300,0.07,22.300,0.02,22.300,0.01,22.300,0.02,22.300,0.03,22.300,0.03
22.350,-0.01,22.350,0.02,22.350,0.01,22.350,0.01,22.350,0.02,22.350,0.06,22.350,0.02,22.350,0.02,22.350,0.02,22.350,0.03,22.350,0.03
22.400,-0.01,22.400,0.02,22.400,0.01,22.400,0.02,22.400,0.02,22.400,0.05,22.400,0.02,22.400,0.03,22.400,0.01,22.400,0.02,22.400,0.03
22.450,-0.01,22.450,0.02,22.450,0.02,22.450,0.02,22.450,0.02,22.450,0.05,22.450,0.02,22.450,0.01,22.450,0.02,22.450,0.02,22.450,0.02
22.500,-0.01,22.500,0.02,22.500,0.01,22.500,0.03,22.500,0.03,22.500,0.07,22.500,0.03,22.500,0.02,22.500,0.03,22.500,0.02,22.500,0.02
22.550,-0.01,22.550,0.02,22.550,0.01,22.550,0.01,22.550,0.02,22.550,0.05,22.550,0.02,22.550,0.02,22.550,0.02,22.550,0.02,22.550,0.03
22.600,0.00,22.600,0.02,22.600,0.01,22.600,0.00,22.600,0.03,22.600,0.06,22.600,0.01,22.600,0.02,22.600,0.02,22.600,0.02,22.600,0.02
22.650,-0.01,22.650,0.04,22.650,0.02,22.650,0.02,22.650,0.02,22.650,0.06,22.650,0.02,22.650,0.03,22.650,0.03,22.650,0.02,22.650,0.04
22.700,0.01,22.700,0.02,22.700,0.01,22.700,0.01,22.700,0.03,22.700,0.06,22.700,0.02,22.700,0.01,22.700,0.02,22.700,0.03,22.700,0.04
22.750,0.00,22.750,0.02,22.750,0.01,22.750,0.02,22.750,0.03,22.750,0.08,22.750,0.02,22.750,0.01,22.750,0.02,22.750,0.03,22.750,0.04
22.800,-0.01,22.800,0.02,22.800,0.02,22.800,0.01,22.800,0.02,22.800,0.07,22.800,0.02,22.800,0.02,22.800,0.04,22.800,0.03,22.800,0.04
22.850,0.00,22.850,0.02,22.850,0.02,22.850,0.02,22.850,0.03,22.850,0.06,22.850,0.02,22.850,0.02,22.850,0.04,22.850,0.03,22.850,0.04
22.900,0.00,22.900,0.02,22.900,0.02,22.900,0.01,22.900,0.03,22.900,0.08,22.900,0.01,22.900,0.03,22.900,0.04,22.900,0.02,22.900,0.02
22.950,-0.01,22.950,0.01,22.950,0.02,22.950,0.00,22.950,0.04,22.950,0.09,22.950,0.01,22.950,0.02,22.950,0.03,22.950,0.03,22.950,0.02
23.000,-0.01,23.000,0.02,23.000,0.02,23.000,0.01,23.000,0.03,23.000,0.08,23.000,0.01,23.000,0.02,23.000,0.03,23.000,0.02,23.000,0.03
23.050,-0.01,23.050,0.03,23.050,0.01,23.050,0.02,23.050,0.03,23.050,0.10,23.050,0.01,23.050,0.02,23.050,0.03,23.050,0.02,23.050,0.03
23.100,-0.01,23.100,0.02,23.100,0.01,23.100,0.02,23.100,0.04,23.100,0.08,23.100,0.01,23.100,0.02,23.100,0.02,23.100,0.03,23.100,0.03
23.150,-0.01,23.150,0.01,23.150,0.01,23.150,0.02,23.150,0.03,23.150,0.09,23.150,0.01,23.150,0.03,23.150,0.02,23.150,0.01,23.150,0.03
23.200,-0.01,23.200,0.03,23.200,0.01,23.200,0.03,23.200,0.04,23.200,0.08,23.200,0.00,23.200,0.02,23.200,0.02,23.200,0.02,23.200,0.04
23.250,-0.02,23.250,0.03,23.250,0.02,23.250,0.01,23.250,0.03,23.250,0.10,23.250,0.01,23.250,0.02,23.250,0.02,23.250,0.04,23.250,0.02
23.300,-0.03,23.300,0.02,23.300,0.01,23.300,0.02,23.300,0.02,23.300,0.08,23.300,0.01,23.300,0.02,23.300,0.03,23.300,0.03,23.300,0.03
23.350,-0.03,23.350,0.02,23.350,0.01,23.350,0.01,23.350,0.02,23.350,0.08,23.350,0.00,23.350,0.02,23.350,0.01,23.350,0.03,23.350,0.02
23.400,-0.02,23.400,0.04,23.400,0.01,23.400,0.01,23.400,0.02,23.400,0.09,23.400,0.00,23.400,0.02,23.400,0.02,23.400,0.03,23.400,0.03
23.450,-0.01,23.450,0.03,23.450,0.01,23.450,0.02,23.450,0.02,23.450,0.09,23.450,0.01,23.450,0.02,23.450,0.01,23.450,0.02,23.450,0.02
23.500,-0.01,23.500,0.02,23.500,0.02,23.500,0.02,23.500,0.03,23.500,0.07,23.500,0.01,23.500,0.02,23.500,0.01,23.500,0.02,23.500,0.04
23.550,0.00,23.550,0.03,23.550,0.01,23.550,0.01,23.550,0.03,23.550,0.08,23.550,0.01,23.550,0.01,23.550,0.02,23.550,0.03,23.550,0.03
23.600,-0.01,23.600,0.03,23.600,0.01,23.600,0.01,23.600,0.03,23.600,0.08,23.600,0.01,23.600,0.02,23.600,0.01,23.600,0.03,23.600,0.04
23.650,-0.01,23.650,0.03,23.650,0.01,23.650,0.01,23.650,0.03,23.650,0.08,23.650,0.00,23.650,0.03,23.650,0.01,23.650,0.02,23.650,0.03
23.700,-0.01,23.700,0.02,23.700,0.02,23.700,0.02,23.700,0.03,23.700,0.09,23.700,0.02,23.700,0.01,23.700,0.01,23.700,0.02,23.700,0.03
23.750,0.00,23.750,0.03,23.750,0.01,23.750,0.02,23.750,0.03,23.750,0.09,23.750,0.01,23.750,0.02,23.750,0.01,23.750,0.02,23.750,0.03
23.800,0.01,23.800,0.02,23.800,0.02,23.800,0.03,23.800,0.03,23.800,0.10,23.800,0.01,23.800,0.02,23.800,0.01,23.800,0.02,23.800,0.03
23.850,-0.01,23.850,0.02,23.850,0.01,23.850,0.02,23.850,0.04,23.850,0.10,23.850,0.00,23.850,0.01,23.850,0.01,23.850,0.01,23.850,0.02
23.900,0.00,23.900,0.02,23.900,0.01,23.900,0.01,23.900,0.04,23.900,0.10,23.900,0.01,23.900,0.02,23.900,0.02,23.900,0.01,23.900,0.02
23.950,0.00,23.950,0.03,23.950,0.02,23.950,0.02,23.950,0.03,23.950,0.10,23.950,0.01,23.950,0.02,23.950,0.02,23.950,0.01,23.950,0.03
24.000,-0.01,24.000,0.05,24.000,0.02,24.000,0.04,24.000,0.05,24.000,0.10,24.000,0.01,24.000,0.02,24.000,0.02,24.000,0.02,24.000,0.05
24.050,-0.01,24.050,0.05,24.050,0.03,24.050,0.02,24.050,0.04,24.050,0.09,24.050,0.01,24.050,0.01,24.050,0.01,24.050,0.01,24.050,0.03
24.100,-0.02,24.100,0.03,24.100,0.04,24.100,0.01,24.100,0.04,24.100,0.09,24.100,0.01,24.100,0.01,24.100,0.01,24.100,0.02,24.100,0.04
24.150,-0.01,24.150,0.03,24.150,0.03,24.150,0.02,24.150,0.04,24.150,0.09,24.150,0.01,24.150,0.01,24.150,0.02,24.150,0.01,24.150,0.05
24.200,0.00,24.200,0.02,24.200,0.03,24.200,0.03,24.200,0.04,24.200,0.09,24.200,0.01,24.200,0.01,24.200,0.02,24.200,0.02,24.200,0.04
24.250,0.00,24.250,0.04,24.250,0.03,24.250,0.02,24.250,0.04,24.250,0.08,24.250,0.02,24.250,0.01,24.250,0.01,24.250,0.01,24.250,0.04
24.300,0.01,24.300,0.03,24.300,0.03,24.300,0.00,24.300,0.04,24.300,0.08,24.300,0.02,24.300,0.02,24.300,0.02,24.300,0.01,24.300,0.03
24.350,0.01,24.350,0.04,24.350,0.02,24.350,0.00,24.350,0.04,24.350,0.09,24.350,0.03,24.350,0.02,24.350,0.01,24.350,0.01,24.350,0.03
24.400,0.00,24.400,0.04,24.400,0.01,24.400,0.01,24.400,0.05,24.400,0.08,24.400,0.03,24.400,0.02,24.400,0.02,24.400,0.00,24.400,0.03
24.450,-0.01,24.450,0.03,24.450,0.01,24.450,0.01,24.450,0.05,24.450,0.10,24.450,0.02,24.450,0.02,24.450,0.02,24.450,0.00,24.450,0.03
24.500,-0.01,24.500,0.03,24.500,0.01,24.500,0.02,24.500,0.04,24.500,0.10,24.500,0.02,24.500,0.02,24.500,0.03,24.500,0.01,24.500,0.04
24.550,0.00,24.550,0.04,24.550,0.02,24.550,0.01,24.550,0.03,24.550,0.10,24.550,0.02,24.550,0.01,24.550,0.03,24.550,0.01,24.550,0.05
24.600,-0.02,24.600,0.03,24.600,0.01,24.600,0.00,24.600,0.02,24.600,0.10,24.600,0.01,24.600,0.02,24.600,0.03,24.600,0.02,24.600,0.05
24.650,-0.01,24.650,0.02,24.650,0.01,24.650,-0.01,24.650,0.03,24.650,0.09,24.650,0.02,24.650,0.02,24.650,0.02,24.650,0.00,24.650,0.04
24.700,-0.02,24.700,0.03,24.700,0.01,24.700,0.00,24.700,0.04,24.700,0.08,24.700,0.01,24.700,0.03,24.700,0.02,24.700,0.01,24.700,0.03
24.750,-0.02,24.750,0.02,24.750,0.02,24.750,0.01,24.750,0.04,24.750,0.09,24.750,0.02,24.750,0.01,24.750,0.02,24.750,0.00,24.750,0.04
24.800,-0.02,24.800,0.03,24.800,0.02,24.800,0.01,24.800,0.03,24.800,0.07,24.800,0.01,24.800,0.02,24.800,0.01,24.800,0.01,24.800,0.03
24.850,-0.01,24.850,0.01,24.850,0.02,24.850,0.02,24.850,0.05,24.850,0.08,24.850,0.01,24.850,0.02,24.850,0.01,24.850,0.01,24.850,0.04
24.900,-0.01,24.900,0.02,24.900,0.02,24.900,0.01,24.900,0.04,24.900,0.09,24.900,0.01,24.900,0.02,24.900,0.01,24.900,0.01,24.900,0.04
24.950,-0.02,24.950,0.02,24.950,0.02,24.950,0.02,24.950,0.05,24.950,0.09,24.950,0.01,24.950,0.01,24.950,0.02,24.950,0.01,24.950,0.06
25.000,-0.02,25.000,0.01,25.000,0.02,25.000,0.01,25.000,0.03,25.000,0.09,25.000,0.02,25.000,0.01,25.000,0.02,25.000,0.01,25.000,0.05
25.050,-0.02,25.050,0.02,25.050,0.02,25.050,0.00,25.050,0.04,25.050,0.09,25.050,0.02,25.050,0.02,25.050,0.02,25.050,0.01,25.050,0.06
25.100,0.00,25.100,0.01,25.100,0.02,25.100,0.01,25.100,0.04,25.100,0.10,25.100,0.02,25.100,0.02,25.100,0.02,25.100,0.01,25.100,0.05
25.150,-0.01,25.150,0.02,25.150,0.01,25.150,0.01,25.150,0.04,25.150,0.10,25.150,0.01,25.150,0.02,25.150,0.03,25.150,0.00,25.150,0.04
25.200,0.00,25.200,0.01,25.200,0.03,25.200,0.02,25.200,0.05,25.200,0.10,25.200,0.02,25.200,0.02,25.200,0.01,25.200,0.01,25.200,0.04
25.250,0.01,25.250,0.03,25.250,0.02,25.250,0.00,25.250,0.04,25.250,0.09,25.250,0.02,25.250,0.02,25.250,0.02,25.250,0.01,25.250,0.04
25.300,-0.01,25.300,0.01,25.300,0.02,25.300,0.01,25.300,0.04,25.300,0.09,25.300,0.02,25.300,0.03,25.300,0.02,25.300,0.01,25.300,0.04
25.350,-0.01,25.350,0.01,25.350,0.01,25.350,0.02,25.350,0.05,25.350,0.10,25.350,0.02,25.350,0.01,25.350,0.02,25.350,0.01,25.350,0.04
25.400,-0.01,25.400,0.02,25.400,0.03,25.400,0.02,25.400,0.05,25.400,0.11,25.400,0.01,25.400,0.01,25.400,0.02,25.400,0.01,25.400,0.04
25.450,-0.01,25.450,0.03,25.450,0.01,25.450,0.01,25.450,0.05,25.450,0.10,25.450,0.01,25.450,0.02,25.450,0.02,25.450,0.00,25.450,0.02
25.500,-0.02,25.500,0.02,25.500,0.01,25.500,0.01,25.500,0.03,25.500,0.10,25.500,0.02,25.500,0.01,25.500,0.02,25.500,0.00,25.500,0.02
25.550,-0.01,25.550,0.02,25.550,0.00,25.550,0.01,25.550,0.03,25.550,0.10,25.550,0.03,25.550,0.02,25.550,0.02,25.550,0.00,25.550,0.03
25.600,-0.01,25.600,0.03,25.600,0.01,25.600,0.01,25.600,0.04,25.600,0.09,25.600,0.03,25.600,0.01,25.600,0.03,25.600,-0.01,25.600,0.03
25.650,-0.01,25.650,0.03,25.650,0.02,25.650,0.01,25.650,0.04,25.650,0.09,25.650,0.02,25.650,0.02,25.650,0.03,25.650,0.01,25.650,0.03
25.700,-0.02,25.700,0.02,25.700,0.02,25.700,0.00,25.700,0.03,25.700,0.11,25.700,0.01,25.700,0.00,25.700,0.02,25.700,0.01,25.700,0.04
25.750,-0.02,25.750,0.02,25.750,0.02,25.750,0.00,25.750,0.05,25.750,0.09,25.750,0.02,25.750,0.02,25.750,0.02,25.750,0.01,25.750,0.04
25.800,-0.03,25.800,0.02,25.800,0.02,25.800,0.01,25.800,0.04,25.800,0.09,25.800,0.01,25.800,0.01,25.800,0.01,25.800,0.02,25.800,0.04
25.850,-0.01,25.850,0.03,25.850,0.02,25.850,0.01,25.850,0.03,25.850,0.09,25.850,0.02,25.850,0.01,25.850,0.01,25.850,0.01,25.850,0.05
25.900,-0.01,25.900,0.02,25.900,0.03,25.900,0.01,25.900,0.04,25.900,0.09,25.900,0.02,25.900,0.02,25.900,0.02,25.900,0.01,25.900,0.04
25.950,-0.02,25.950,0.02,25.950,0.01,25.950,0.00,25.950,0.05,25.950,0.08,25.950,0.01,25.950,0.01,25.950,0.02,25.950,0.01,25.950,0.05
26.000,-0.01,26.000,0.03,26.000,0.02,26.000,0.00,26.000,0.04,26.000,0.09,26.000,0.02,26.000,0.01,26.000,0.03,26.000,0.01,26.000,0.05
26.050,-0.01,26.050,0.01,26.050,0.02,26.050,0.00,26.050,0.04,26.050,0.09,26.050,0.02,26.050,0.00,26.050,0.03,26.050,0.00,26.050,0.05
26.100,-0.02,26.100,0.02,26.100,0.01,26.100,0.00,26.100,0.04,26.100,0.09,26.100,0.03,26.100,0.00,26.100,0.02,26.100,0.01,26.100,0.03
26.150,-0.02,26.150,0.00,26.150,0.02,26.150,0.01,26.150,0.06,26.150,0.09,26.150,0.03,26.150,0.01,26.150,0.01,26.150,0.01,26.150,0.03
26.200,-0.01,26.200,0.01,26.200,0.03,26.200,0.01,26.200,0.04,26.200,0.08,26.200,0.03,26.200,0.01,26.200,0.02,26.200,0.01,26.200,0.04
26.250,-0.01,26.250,0.01,26.250,0.03,26.250,0.00,26.250,0.05,26.250,0.07,26.250,0.03,26.250,0.00,26.250,0.01,26.250,0.00,26.250,0.04
26.300,-0.01,26.300,0.02,26.300,0.03,26.300,0.00,26.300,0.05,26.300,0.09,26.300,0.04,26.300,0.00,26.300,0.01,26.300,0.01,26.300,0.03
26.350,-0.02,26.350,0.04,26.350,0.03,26.350,0.01,26.350,0.04,26.350,0.09,26.350,0.03,26.350,0.01,26.350,0.02,26.350,0.00,26.350,0.02
26.400,-0.02,26.400,0.03,26.400,0.02,26.400,0.02,26.400,0.05,26.400,0.08,26.400,0.03,26.400,0.02,26.400,0.02,26.400,0.01,26.400,0.03
26.450,-0.02,26.450,0.03,26.450,0.02,26.450,0.01,26.450,0.03,26.450,0.10,26.450,0.03,26.450,0.01,26.450,0.02,26.450,0.01,26.450,0.03
26.500,-0.01,26.500,0.02,26.500,0.02,26.500,0.02,26.500,0.02,26.500,0.09,26.500,0.03,26.500,0.00,26.500,0.01,26.500,0.01,26.500,0.04
26.550,-0.01,26.550,0.02,26.550,0.02,26.550,0.02,26.550,0.02,26.550,0.09,26.550,0.03,26.550,0.01,26.550,0.01,26.550,0.00,26.550,0.04
26.600,-0.01,26.600,0.02,26.600,0.03,26.600,0.01,26.600,0.03,26.600,0.08,26.600,0.03,26.600,0.01,26.600,0.01,26.600,0.01,26.600,0.04
26.650,-0.01,26.650,0.02,26.650,0.02,26.650,0.03,26.650,0.01,26.650,0.09,26.650,0.02,26.650,0.01,26.650,0.01,26.650,0.01,26.650,0.03
26.700,0.00,26.700,0.02,26.700,0.02,26.700,0.01,26.700,0.02,26.700,0.09,26.700,0.02,26.700,0.02,26.700,0.01,26.700,0.02,26.700,0.04
26.750,-0.02,26.750,0.03,26.750,0.02,26.750,0.01,26.750,0.02,26.750,0.09,26.750,0.01,26.750,0.00,26.750,0.01,26.750,0.02,26.750,0.04
26.800,-0.01,26.800,0.03,26.800,0.02,26.800,0.01,26.800,0.04,26.800,0.09,26.800,0.02,26.800,0.01,26.800,0.02,26.800,0.02,26.800,0.04
26.850,-0.01,26.850,0.02,26.850,0.01,26.850,0.01,26.850,0.04,26.850,0.10,26.850,0.02,26.850,0.00,26.850,0.02,26.850,0.01,26.850,0.04
26.900,-0.01,26.900,0.02,26.900,0.01,26.900,0.01,26.900,0.04,26.900,0.09,26.900,0.02,26.900,0.01,26.900,0.02,26.900,0.01,26.900,0.04
26.950,-0.02,26.950,0.03,26.950,0.01,26.950,0.02,26.950,0.03,26.950,0.09,26.950,0.03,26.950,0.00,26.950,0.02,26.950,0.01,26.950,0.03
27.000,-0.01,27.000,0.02,27.000,0.01,27.000,0.02,27.000,0.02,27.000,0.10,27.000,0.02,27.000,0.00,27.000,0.03,27.000,0.01,27.000,0.02
27.050,-0.01,27.050,0.02,27.050,0.00,27.050,0.02,27.050,0.03,27.050,0.10,27.050,0.02,27.050,0.00,27.050,0.03,27.050,0.01,27.050,0.02
27.100,-0.01,27.100,0.02,27.100,0.01,27.100,0.03,27.100,0.04,27.100,0.09,27.100,0.03,27.100,0.00,27.100,0.03,27.100,0.01,27.100,0.04
27.150,0.00,27.150,0.03,27.150,0.02,27.150,0.02,27.150,0.03,27.150,0.09,27.150,0.02,27.150,0.01,27.150,0.02,27.150,0.01,27.150,0.04
27.200,-0.01,27.200,0.03,27.200,0.03,27.200,0.01,27.200,0.03,27.200,0.10,27.200,0.02,27.200,0.01,27.200,0.02,27.200,0.01,27.200,0.03
27.250,-0.01,27.250,0.03,27.250,0.02,27.250,0.02,27.250,0.03,27.250,0.08,27.250,0.01,27.250,0.01,27.250,0.01,27.250,0.01,27.250,0.02
27.300,-0.02,27.300,0.02,27.300,0.01,27.300,0.01,27.300,0.03,27.300,0.08,27.300,0.02,27.300,0.01,27.300,0.03,27.300,0.00,27.300,0.02
27.350,-0.02,27.350,0.02,27.350,0.00,27.350,0.01,27.350,0.03,27.350,0.07,27.350,0.01,27.350,0.01,27.350,0.02,27.350,0.00,27.350,0.02
27.400,-0.01,27.400,0.02,27.400,0.01,27.400,0.01,27.400,0.04,27.400,0.10,27.400,0.00,27.400,0.02,27.400,0.02,27.400,0.02,27.400,0.03
27.450,-0.01,27.450,0.01,27.450,0.02,27.450,0.02,27.450,0.04,27.450,0.10,27.450,0.00,27.450,0.01,27.450,0.01,27.450,0.02,27.450,0.03
27.500,-0.02,27.500,0.01,27.500,0.01,27.500,0.01,27.500,0.03,27.500,0.10,27.500,0.01,27.500,0.02,27.500,0.02,27.500,0.01,27.500,0.02
27.550,-0.01,27.550,0.03,27.550,0.00,27.550,0.02,27.550,0.03,27.550,0.10,27.550,0.01,27.550,0.01,27.550,0.01,27.550,0.01,27.550,0.03
27.600,-0.01,27.600,0.01,27.600,0.01,27.600,0.01,27.600,0.05,27.600,0.09,27.600,0.02,27.600,0.01,27.600,0.02,27.600,0.01,27.600,0.03
27.650,-0.01,27.650,0.02,27.650,0.01,27.650,0.01,27.650,0.04,27.650,0.09,27.650,0.02,27.650,0.01,27.650,0.02,27.650,0.01,27.650,0.02
27.700,-0.02,27.700,0.02,27.700,0.00,27.700,0.02,27.700,0.05,27.700,0.08,27.700,0.02,27.700,0.00,27.700,0.02,27.700,0.01,27.700,0.03
27.750,-0.01,27.750,0.02,27.750,0.01,27.750,0.01,27.750,0.04,27.750,0.08,27.750,0.02,27.750,0.01,27.750,0.01,27.750,0.02,27.750,0.03
27.800,-0.01,27.800,0.01,27.800,0.02,27.800,0.01,27.800,0.04,27.800,0.09,27.800,0.01,27.800,0.00,27.800,0.02,27.800,0.00,27.800,0.03
27.850,0.00,27.850,0.02,27.850,0.01,27.850,0.02,27.850,0.04,27.850,0.10,27.850,0.01,27.850,0.02,27.850,0.01,27.850,0.02,27.850,0.04
27.900,-0.01,27.900,0.02,27.900,-0.01,27.900,0.02,27.900,0.03,27.900,0.10,27.900,0.01,27.900,0.01,27.900,0.00,27.900,0.01,27.900,0.04
27.950,-0.01,27.950,0.01,27.950,0.01,27.950,0.01,27.950,0.04,27.950,0.10,27.950,0.02,27.950,0.01,27.950,0.02,27.950,0.01,27.950,0.04
28.000,-0.01,28.000,0.01,28.000,0.00,28.000,0.02,28.000,0.04,28.000,0.10,28.000,0.01,28.000,0.02,28.000,0.01,28.000,0.01,28.000,0.04
28.050,-0.02,28.050,0.02,28.050,0.01,28.050,0.01,28.050,0.05,28.050,0.09,28.050,0.02,28.050,0.02,28.050,0.02,28.050,0.01,28.050,0.04
28.100,-0.02,28.100,0.02,28.100,0.02,28.100,0.02,28.100,0.04,28.100,0.09,28.100,0.02,28.100,0.01,28.100,0.03,28.100,0.02,28.100,0.04
28.150,-0.01,28.150,0.03,28.150,0.02,28.150,0.03,28.150,0.04,28.150,0.10,28.150,0.02,28.150,0.00,28.150,0.04,28.150,0.01,28.150,0.04
28.200,-0.01,28.200,0.02,28.200,0.02,28.200,0.02,28.200,0.04,28.200,0.09,28.200,0.01,28.200,-0.01,28.200,0.02,28.200,0.01,28.200,0.04
28.250,-0.02,28.250,0.03,28.250,0.02,28.250,0.02,28.250,0.05,28.250,0.10,28.250,0.02,28.250,0.00,28.250,0.03,28.250,0.01,28.250,0.04
28.300,-0.01,28.300,0.03,28.300,0.01,28.300,0.01,28.300,0.04,28.300,0.10,28.300,0.01,28.300,0.00,28.300,0.04,28.300,0.00,28.300,0.04
28.350,-0.01,28.350,0.02,28.350,0.03,28.350,0.01,28.350,0.03,28.350,0.11,28.350,0.01,28.350,0.01,28.350,0.04,28.350,0.00,28.350,0.05
28.400,-0.02,28.400,0.02,28.400,0.02,28.400,0.01,28.400,0.03,28.400,0.10,28.400,0.02,28.400,0.02,28.400,0.02,28.400,0.00,28.400,0.04
28.450,-0.01,28.450,0.01,28.450,0.02,28.450,0.02,28.450,0.04,28.450,0.10,28.450,0.01,28.450,0.02,28.450,0.02,28.450,0.01,28.450,0.05
28.500,-0.01,28.500,0.02,28.500,0.01,28.500,0.01,28.500,0.04,28.500,0.09,28.500,0.02,28.500,0.01,28.500,0.03,28.500,0.00,28.500,0.05
28.550,-0.02,28.550,0.03,28.550,0.01,28.550,0.02,28.550,0.04,28.550,0.10,28.550,0.02,28.550,0.02,28.550,0.02,28.550,0.01,28.550,0.04
28.600,-0.01,28.600,0.02,28.600,0.01,28.600,0.03,28.600,0.05,28.600,0.10,28.600,0.01,28.600,0.01,28.600,0.02,28.600,0.00,28.600,0.03
28.650,-0.01,28.650,0.02,28.650,0.01,28.650,0.03,28.650,0.04,28.650,0.09,28.650,0.00,28.650,0.01,28.650,0.02,28.650,0.00,28.650,0.04
28.700,-0.02,28.700,0.02,28.700,0.01,28.700,0.02,28.700,0.04,28.700,0.11,28.700,0.01,28.700,0.01,28.700,0.03,28.700,0.01,28.700,0.05
28.750,-0.01,28.750,0.03,28.750,0.01,28.750,0.03,28.750,0.03,28.750,0.11,28.750,0.02,28.750,0.01,28.750,0.02,28.750,0.01,28.750,0.03
28.800,-0.01,28.800,0.02,28.800,0.02,28.800,0.02,28.800,0.03,28.800,0.10,28.800,0.02,28.800,0.01,28.800,0.02,28.800,0.02,28.800,0.04
28.850,-0.02,28.850,0.02,28.850,0.02,28.850,0.02,28.850,0.04,28.850,0.10,28.850,0.02,28.850,0.02,28.850,0.02,28.850,0.02,28.850,0.04
28.900,-0.02,28.900,0.03,28.900,0.01,28.900,0.02,28.900,0.03,28.900,0.10,28.900,0.02,28.900,0.01,28.900,0.02,28.900,0.02,28.900,0.05
28.950,-0.02,28.950,0.04,28.950,0.02,28.950,0.02,28.950,0.03,28.950,0.10,28.950,0.03,28.950,0.02,28.950,0.03,28.950,0.01,28.950,0.04
29.000,-0.02,29.000,0.04,29.000,0.01,29.000,0.02,29.000,0.03,29.000,0.11,29.000,0.02,29.000,0.01,29.000,0.05,29.000,0.01,29.000,0.05
29.050,-0.02,29.050,0.03,29.050,0.02,29.050,0.01,29.050,0.03,29.050,0.11,29.050,0.03,29.050,0.01,29.050,0.04,29.050,0.01,29.050,0.06
29.100,-0.02,29.100,0.04,29.100,0.01,29.100,0.02,29.100,0.03,29.100,0.11,29.100,0.02,29.100,0.01,29.100,0.04,29.100,0.02,29.100,0.04
29.150,-0.02,29.150,0.03,29.150,0.01,29.150,0.04,29.150,0.03,29.150,0.10,29.150,0.03,29.150,0.02,29.150,0.03,29.150,0.01,29.150,0.04
29.200,-0.01,29.200,0.03,29.200,0.01,29.200,0.03,29.200,0.04,29.200,0.10,29.200,0.02,29.200,0.02,29.200,0.04,29.200,0.02,29.200,0.05
29.250,-0.01,29.250,0.03,29.250,0.02,29.250,0.03,29.250,0.03,29.250,0.10,29.250,0.03,29.250,0.02,29.250,0.03,29.250,0.02,29.250,0.04
29.300,-0.01,29.300,0.03,29.300,0.01,29.300,0.03,29.300,0.03,29.300,0.11,29.300,0.02,29.300,0.01,29.300,0.04,29.300,0.01,29.300,0.04
29.350,0.00,29.350,0.03,29.350,0.01,29.350,0.02,29.350,0.02,29.350,0.09,29.350,0.02,29.350,0.01,29.350,0.02,29.350,0.02,29.350,0.04
29.400,-0.01,29.400,0.03,29.400,0.01,29.400,0.01,29.400,0.03,29.400,0.10,29.400,0.01,29.400,0.02,29.400,0.02,29.400,0.02,29.400,0.04
29.450,0.00,29.450,0.02,29.450,0.02,29.450,0.01,29.450,0.03,29.450,0.10,29.450,0.02,29.450,0.02,29.450,0.02,29.450,0.02,29.450,0.04
29.500,-0.01,29.500,0.03,29.500,0.01,29.500,0.01,29.500,0.04,29.500,0.10,29.500,0.02,29.500,0.00,29.500,0.02,29.500,0.03,29.500,0.04
29.550,-0.01,29.550,0.02,29.550,0.01,29.550,0.03,29.550,0.03,29.550,0.09,29.550,0.01,29.550,0.01,29.550,0.02,29.550,0.02,29.550,0.04
29.600,-0.01,29.600,0.02,29.600,0.01,29.600,0.02,29.600,0.04,29.600,0.09,29.600,0.01,29.600,0.01,29.600,0.02,29.600,0.02,29.600,0.04
29.650,-0.01,29.650,0.02,29.650,0.00,29.650,0.03,29.650,0.05,29.650,0.10,29.650,0.02,29.650,0.01,29.650,0.02,29.650,0.01,29.650,0.03
29.700,-0.01,29.700,0.01,29.700,0.02,29.700,0.02,29.700,0.03,29.700,0.09,29.700,0.01,29.700,0.01,29.700,0.02,29.700,0.03,29.700,0.04
29.750,-0.01,29.750,0.02,29.750,0.01,29.750,0.01,29.750,0.04,29.750,0.10,29.750,0.02,29.750,0.00,29.750,0.02,29.750,0.03,29.750,0.05
29.800,0.00,29.800,0.01,29.800,0.01,29.800,0.02,29.800,0.05,29.800,0.09,29.800,0.02,29.800,-0.01,29.800,0.02,29.800,0.02,29.800,0.04
29.850,-0.02,29.850,0.02,29.850,0.01,29.850,0.01,29.850,0.05,29.850,0.07,29.850,0.02,29.850,0.00,29.850,0.01,29.850,0.01,29.850,0.05
29.900,-0.02,29.900,0.02,29.900,0.03,29.900,0.02,29.900,0.04,29.900,0.07,29.900,0.01,29.900,0.00,29.900,0.02,29.900,0.02,29.900,0.04
29.950,-0.02,29.950,0.02,29.950,0.02,29.950,0.02,29.950,0.03,29.950,0.08,29.950,0.03,29.950,0.01,29.950,0.03,29.950,0.02,29.950,0.05
30.000,-0.01,30.000,0.02,30.000,0.04,30.000,0.02,30.000,0.03,30.000,0.08,30.000,0.02,30.000,0.01,30.000,0.02,30.000,0.02,30.000,0.05
30.050,-0.02,30.050,0.01,30.050,0.03,30.050,0.02,30.050,0.04,30.050,0.09,30.050,0.02,30.050,0.01,30.050,0.03,30.050,0.02,30.050,0.04
30.100,-0.01,30.100,0.02,30.100,0.04,30.100,0.02,30.100,0.03,30.100,0.09,30.100,0.02,30.100,0.01,30.100,0.03,30.100,0.01,30.100,0.05
30.150,-0.02,30.150,0.02,30.150,0.03,30.150,0.02,30.150,0.03,30.150,0.10,30.150,0.02,30.150,0.02,30.150,0.04,30.150,0.02,30.150,0.04
30.200,-0.02,30.200,0.02,30.200,0.02,30.200,0.02,30.200,0.03,30.200,0.09,30.200,0.01,30.200,0.01,30.200,0.03,30.200,0.02,30.200,0.04
30.250,-0.02,30.250,0.03,30.250,0.02,30.250,0.03,30.250,0.04,30.250,0.10,30.250,0.02,30.250,0.01,30.250,0.04,30.250,0.02,30.250,0.04
30.300,-0.01,30.300,0.02,30.300,0.02,30.300,0.03,30.300,0.05,30.300,0.09,30.300,0.01,30.300,0.01,30.300,0.03,30.300,0.03,30.300,0.05
30.350,-0.02,30.350,0.02,30.350,0.02,30.350,0.03,30.350,0.06,30.350,0.10,30.350,0.01,30.350,0.01,30.350,0.03,30.350,0.02,30.350,0.04
30.400,-0.02,30.400,0.02,30.400,0.02,30.400,0.01,30.400,0.05,30.400,0.11,30.400,0.02,30.400,0.02,30.400,0.02,30.400,0.02,30.400,0.05
30.450,-0.02,30.450,0.02,30.450,0.02,30.450,0.03,30.450,0.04,30.450,0.09,30.450,0.02,30.450,0.01,30.450,0.04,30.450,0.02,30.450,0.05
30.500,-0.02,30.500,0.02,30.500,0.03,30.500,0.02,30.500,0.05,30.500,0.10,30.500,0.02,30.500,0.02,30.500,0.04,30.500,0.01,30.500,0.05
30.550,-0.02,30.550,0.03,30.550,0.02,30.550,0.02,30.550,0.05,30.550,0.10,30.550,0.01,30.550,0.01,30.550,0.03,30.550,0.01,30.550,0.04
30.600,-0.03,30.600,0.02,30.600,0.03,30.600,0.02,30.600,0.04,30.600,0.10,30.600,0.01,30.600,0.00,30.600,0.03,30.600,0.02,30.600,0.03
30.650,-0.02,30.650,0.04,30.650,0.03,30.650,0.02,30.650,0.05,30.650,0.11,30.650,0.02,30.650,0.00,30.650,0.02,30.650,0.01,30.650,0.03
30.700,-0.01,30.700,0.04,30.700,0.03,30.700,0.02,30.700,0.04,30.700,0.09,30.700,0.02,30.700,0.00,30.700,0.02,30.700,0.02,30.700,0.02
30.750,-0.01,30.750,0.04,30.750,0.02,30.750,0.02,30.750,0.04,30.750,0.09,30.750,0.02,30.750,0.00,30.750,0.03,30.750,0.03,30.750,0.05
30.800,-0.02,30.800,0.04,30.800,0.02,30.800,0.02,30.800,0.04,30.800,0.09,30.800,0.02,30.800,0.00,30.800,0.03,30.800,0.03,30.800,0.04
30.850,-0.02,30.850,0.03,30.850,0.02,30.850,0.02,30.850,0.04,30.850,0.09,30.850,0.01,30.850,0.00,30.850,0.03,30.850,0.04,30.850,0.04
30.900,-0.02,30.900,0.03,30.900,0.02,30.900,0.04,30.900,0.04,30.900,0.09,30.900,0.02,30.900,0.00,30.900,0.02,30.900,0.02,30.900,0.04
30.950,-0.01,30.950,0.03,30.950,0.02,30.950,0.04,30.950,0.04,30.950,0.10,30.950,0.02,30.950,0.00,30.950,0.02,30.950,0.03,30.950,0.03
31.000,-0.01,31.000,0.03,31.000,0.03,31.000,0.03,31.000,0.03,31.000,0.09,31.000,0.02,31.000,0.01,31.000,0.03,31.000,0.03,31.000,0.02
31.050,-0.02,31.050,0.04,31.050,0.03,31.050,0.02,31.050,0.03,31.050,0.09,31.050,0.01,31.050,0.00,31.050,0.02,31.050,0.02,31.050,0.02
31.100,-0.01,31.100,0.03,31.100,0.02,31.100,0.03,31.100,0.04,31.100,0.09,31.100,0.01,31.100,0.00,31.100,0.01,31.100,0.03,31.100,0.04
31.150,-0.01,31.150,0.05,31.150,0.02,31.150,0.03,31.150,0.03,31.150,0.09,31.150,0.02,31.150,0.01,31.150,0.01,31.150,0.02,31.150,0.02
31.200,-0.01,31.200,0.03,31.200,0.02,31.200,0.05,31.200,0.04,31.200,0.09,31.200,0.02,31.200,0.00,31.200,0.01,31.200,0.02,31.200,0.04
31.250,-0.03,31.250,0.04,31.250,0.02,31.250,0.04,31.250,0.04,31.250,0.08,31.250,0.02,31.250,0.01,31.250,0.01,31.250,0.02,31.250,0.04
31.300,-0.02,31.300,0.05,31.300,0.01,31.300,0.03,31.300,0.03,31.300,0.09,31.300,0.01,31.300,0.00,31.300,0.01,31.300,0.02,31.300,0.03
31.350,-0.03,31.350,0.03,31.350,0.01,31.350,0.06,31.350,0.03,31.350,0.09,31.350,0.01,31.350,0.01,31.350,0.02,31.350,0.02,31.350,0.03
31.400,-0.02,31.400,0.03,31.400,0.01,31.400,0.04,31.400,0.03,31.400,0.09,31.400,0.01,31.400,0.01,31.400,0.02,31.400,0.02,31.400,0.02
31.450,-0.02,31.450,0.04,31.450,0.02,31.450,0.03,31.450,0.02,31.450,0.10,31.450,0.01,31.450,0.01,31.450,0.02,31.450,0.02,31.450,0.02
31.500,-0.02,31.500,0.03,31.500,0.02,31.500,0.02,31.500,0.02,31.500,0.10,31.500,0.01,31.500,0.01,31.500,0.02,31.500,0.01,31.500,0.02
31.550,-0.01,31.550,0.04,31.550,0.03,31.550,0.02,31.550,0.04,31.550,0.09,31.550,0.01,31.550,0.01,31.550,0.02,31.550,0.02,31.550,0.02
31.600,-0.01,31.600,0.03,31.600,0.01,31.600,0.02,31.600,0.04,31.600,0.10,31.600,0.02,31.600,0.00,31.600,0.01,31.600,0.02,31.600,0.02
31.650,-0.01,31.650,0.03,31.650,0.02,31.650,0.02,31.650,0.05,31.650,0.10,31.650,0.01,31.650,0.01,31.650,0.01,31.650,0.02,31.650,0.03
31.700,-0.01,31.700,0.04,31.700,0.02,31.700,0.02,31.700,0.05,31.700,0.11,31.700,0.02,31.700,0.01,31.700,0.01,31.700,0.02,31.700,0.02
31.750,-0.01,31.750,0.03,31.750,0.01,31.750,0.03,31.750,0.05,31.750,0.10,31.750,0.01,31.750,0.01,31.750,0.01,31.750,0.02,31.750,0.04
31.800,-0.02,31.800,0.04,31.800,0.01,31.800,0.02,31.800,0.03,31.800,0.11,31.800,0.01,31.800,0.01,31.800,0.01,31.800,0.02,31.800,0.02
31.850,-0.01,31.850,0.03,31.850,0.01,31.850,0.02,31.850,0.04,31.850,0.11,31.850,0.02,31.850,0.01,31.850,0.01,31.850,0.03,31.850,0.03
31.900,-0.02,31.900,0.04,31.900,0.01,31.900,0.02,31.900,0.04,31.900,0.10,31.900,0.02,31.900,0.01,31.900,0.01,31.900,0.03,31.900,0.02
31.950,-0.02,31.950,0.04,31.950,0.01,31.950,0.02,31.950,0.03,31.950,0.11,31.950,0.02,31.950,0.02,31.950,0.01,31.950,0.04,31.950,0.02
32.000,-0.02,32.000,0.04,32.000,0.01,32.000,0.02,32.000,0.03,32.000,0.11,32.000,0.03,32.000,0.01,32.000,0.00,32.000,0.03,32.000,0.04
32.050,-0.02,32.050,0.03,32.050,0.01,32.050,0.02,32.050,0.03,32.050,0.10,32.050,0.02,32.050,0.00,32.050,0.01,32.050,0.03,32.050,0.03
32.100,-0.02,32.100,0.03,32.100,0.01,32.100,0.03,32.100,0.03,32.100,0.10,32.100,0.02,32.100,0.01,32.100,0.01,32.100,0.02,32.100,0.02
32.150,-0.02,32.150,0.04,32.150,0.01,32.150,0.02,32.150,0.04,32.150,0.09,32.150,0.02,32.150,0.00,32.150,0.01,32.150,0.04,32.150,0.02
32.200,-0.02,32.200,0.03,32.200,0.02,32.200,0.02,32.200,0.06,32.200,0.10,32.200,0.02,32.200,0.00,32.200,0.01,32.200,0.01,32.200,0.04
32.250,-0.02,32.250,0.04,32.250,0.01,32.250,0.02,32.250,0.06,32.250,0.11,32.250,0.02,32.250,0.01,32.250,0.02,32.250,0.02,32.250,0.02
32.300,-0.02,32.300,0.02,32.300,0.02,32.300,0.02,32.300,0.03,32.300,0.10,32.300,0.02,32.300,0.00,32.300,0.03,32.300,0.02,32.300,0.03
32.350,-0.01,32.350,0.03,32.350,0.02,32.350,0.02,32.350,0.04,32.350,0.10,32.350,0.01,32.350,0.01,32.350,0.02,32.350,0.02,32.350,0.04
32.400,-0.01,32.400,0.04,32.400,0.02,32.400,0.01,32.400,0.04,32.400,0.09,32.400,0.01,32.400,0.00,32.400,0.02,32.400,0.02,32.400,0.05
32.450,-0.01,32.450,0.04,32.450,0.01,32.450,0.02,32.450,0.05,32.450,0.10,32.450,0.01,32.450,0.01,32.450,0.02,32.450,0.02,32.450,0.04
32.500,-0.01,32.500,0.03,32.500,0.01,32.500,0.02,32.500,0.03,32.500,0.10,32.500,0.01,32.500,0.01,32.500,0.01,32.500,0.02,32.500,0.04
32.550,-0.01,32.550,0.02,32.550,0.01,32.550,0.02,32.550,0.04,32.550,0.09,32.550,0.02,32.550,0.01,32.550,0.00,32.550,0.03,32.550,0.04
32.600,-0.02,32.600,0.04,32.600,0.01,32.600,0.00,32.600,0.04,32.600,0.08,32.600,0.01,32.600,0.01,32.600,0.01,32.600,0.02,32.600,0.04
32.650,-0.02,32.650,0.03,32.650,0.02,32.650,0.02,32.650,0.04,32.650,0.09,32.650,0.01,32.650,0.02,32.650,0.01,32.650,0.01,32.650,0.03
32.700,-0.02,32.700,0.04,32.700,0.01,32.700,0.02,32.700,0.04,32.700,0.10,32.700,0.01,32.700,0.01,32.700,0.01,32.700,0.03,32.700,0.04
32.750,-0.02,32.750,0.03,32.750,0.02,32.750,0.02,32.750,0.05,32.750,0.10,32.750,0.01,32.750,0.00,32.750,0.01,32.750,0.03,32.750,0.03
32.800,-0.01,32.800,0.03,32.800,0.02,32.800,0.02,32.800,0.04,32.800,0.10,32.800,0.02,32.800,0.00,32.800,0.02,32.800,0.02,32.800,0.03
32.850,-0.02,32.850,0.02,32.850,0.00,32.850,0.02,32.850,0.05,32.850,0.09,32.850,0.01,32.850,0.00,32.850,0.01,32.850,0.02,32.850,0.03
32.900,-0.02,32.900,0.02,32.900,0.00,32.900,0.02,32.900,0.03,32.900,0.09,32.900,0.02,32.900,0.01,32.900,0.00,32.900,0.03,32.900,0.03
32.950,-0.01,32.950,0.02,32.950,0.01,32.950,0.01,32.950,0.03,32.950,0.10,32.950,0.01,32.950,0.01,32.950,0.02,32.950,0.03,32.950,0.03
33.000,-0.02,33.000,0.03,33.000,0.01,33.000,0.02,33.000,0.05,33.000,0.09,33.000,0.02,33.000,0.01,33.000,0.02,33.000,0.03,33.000,0.05
33.050,0.00,33.050,0.04,33.050,0.01,33.050,0.02,33.050,0.04,33.050,0.10,33.050,0.01,33.050,0.00,33.050,0.01,33.050,0.01,33.050,0.04
33.100,-0.01,33.100,0.03,33.100,0.01,33.100,0.02,33.100,0.04,33.100,0.11,33.100,0.01,33.100,0.00,33.100,0.01,33.100,0.02,33.100,0.04
33.150,-0.01,33.150,0.02,33.150,0.02,33.150,0.01,33.150,0.06,33.150,0.11,33.150,0.01,33.150,-0.01,33.150,0.01,33.150,0.02,33.150,0.04
33.200,-0.01,33.200,0.02,33.200,0.01,33.200,0.02,33.200,0.03,33.200,0.11,33.200,0.01,33.200,0.01,33.200,0.02,33.200,0.02,33.200,0.05
33.250,-0.01,33.250,0.02,33.250,0.01,33.250,0.02,33.250,0.04,33.250,0.11,33.250,0.02,33.250,0.00,33.250,0.01,33.250,0.03,33.250,0.04
33.300,-0.01,33.300,0.02,33.300,0.01,33.300,0.03,33.300,0.04,33.300,0.09,33.300,0.02,33.300,0.00,33.300,0.02,33.300,0.03,33.300,0.03
33.350,-0.01,33.350,0.04,33.350,0.01,33.350,0.02,33.350,0.04,33.350,0.10,33.350,0.02,33.350,-0.02,33.350,0.01,33.350,0.02,33.350,0.02
33.400,0.00,33.400,0.03,33.400,0.00,33.400,0.02,33.400,0.05,33.400,0.10,33.400,0.01,33.400,0.00,33.400,0.02,33.400,0.02,33.400,0.03
33.450,-0.01,33.450,0.03,33.450,0.01,33.450,0.02,33.450,0.04,33.450,0.10,33.450,0.01,33.450,-0.01,33.450,0.01,33.450,0.03,33.450,0.04
33.500,-0.01,33.500,0.03,33.500,0.01,33.500,0.01,33.500,0.05,33.500,0.10,33.500,0.01,33.500,0.00,33.500,0.01,33.500,0.02,33.500,0.04
33.550,-0.01,33.550,0.02,33.550,0.01,33.550,0.02,33.550,0.04,33.550,0.10,33.550,0.01,33.550,0.00,33.550,0.02,33.550,0.02,33.550,0.02
33.600,-0.01,33.600,0.03,33.600,0.01,33.600,0.02,33.600,0.04,33.600,0.10,33.600,0.01,33.600,-0.01,33.600,0.02,33.600,0.02,33.600,0.04
33.650,-0.01,33.650,0.04,33.650,0.00,33.650,0.02,33.650,0.05,33.650,0.10,33.650,0.02,33.650,0.00,33.650,0.02,33.650,0.02,33.650,0.04
33.700,0.00,33.700,0.03,33.700,0.01,33.700,0.03,33.700,0.05,33.700,0.11,33.700,0.01,33.700,0.00,33.700,0.02,33.700,0.03,33.700,0.03
33.750,0.00,33.750,0.03,33.750,0.02,33.750,0.02,33.750,0.04,33.750,0.09,33.750,0.01,33.750,-0.01,33.750,0.02,33.750,0.03,33.750,0.03
33.800,-0.01,33.800,0.03,33.800,0.02,33.800,0.03,33.800,0.04,33.800,0.11,33.800,0.02,33.800,0.01,33.800,0.01,33.800,0.02,33.800,0.03
33.850,-0.01,33.850,0.04,33.850,0.01,33.850,0.02,33.850,0.03,33.850,0.11,33.850,0.03,33.850,-0.01,33.850,0.01,33.850,0.03,33.850,0.03
33.900,-0.02,33.900,0.03,33.900,0.01,33.900,0.02,33.900,0.04,33.900,0.11,33.900,0.01,33.900,0.00,33.900,0.02,33.900,0.03,33.900,0.04
33.950,-0.02,33.950,0.03,33.950,0.00,33.950,0.03,33.950,0.05,33.950,0.10,33.950,0.02,33.950,0.00,33.950,0.02,33.950,0.02,33.950,0.03
34.000,-0.01,34.000,0.03,34.000,0.01,34.000,0.05,34.000,0.04,34.000,0.11,34.000,0.02,34.000,0.00,34.000,0.01,34.000,0.03,34.000,0.04
34.050,-0.01,34.050,0.04,34.050,0.00,34.050,0.03,34.050,0.04,34.050,0.11,34.050,0.01,34.050,0.00,34.050,0.02,34.050,0.03,34.050,0.03
34.100,0.00,34.100,0.04,34.100,0.01,34.100,0.02,34.100,0.05,34.100,0.11,34.100,0.03,34.100,0.01,34.100,0.02,34.100,0.02,34.100,0.03
34.150,0.00,34.150,0.04,34.150,0.02,34.150,0.02,34.150,0.04,34.150,0.11,34.150,0.02,34.150,0.00,34.150,0.02,34.150,0.02,34.150,0.02
34.200,-0.01,34.200,0.04,34.200,0.01,34.200,0.02,34.200,0.03,34.200,0.11,34.200,0.02,34.200,-0.01,34.200,0.02,34.200,0.03,34.200,0.02
34.250,-0.01,34.250,0.03,34.250,0.02,34.250,0.01,34.250,0.03,34.250,0.11,34.250,0.02,34.250,0.00,34.250,0.01,34.250,0.02,34.250,0.02
34.300,-0.02,34.300,0.04,34.300,0.01,34.300,0.02,34.300,0.03,34.300,0.10,34.300,0.02,34.300,-0.01,34.300,0.01,34.300,0.02,34.300,0.02
34.350,-0.01,34.350,0.03,34.350,0.01,34.350,0.02,34.350,0.03,34.350,0.11,34.350,0.01,34.350,0.00,34.350,0.02,34.350,0.01,34.350,0.01
34.400,-0.01,34.400,0.04,34.400,0.01,34.400,0.02,34.400,0.04,34.400,0.10,34.400,0.02,34.400,0.01,34.400,0.01,34.400,0.03,34.400,0.03
34.450,-0.01,34.450,0.02,34.450,0.00,34.450,0.03,34.450,0.05,34.450,0.09,34.450,0.02,34.450,0.01,34.450,0.02,34.450,0.02,34.450,0.02
34.500,-0.02,34.500,0.04,34.500,0.01,34.500,0.02,34.500,0.04,34.500,0.10,34.500,0.01,34.500,0.00,34.500,0.03,34.500,0.02,34.500,0.02
34.550,-0.01,34.550,0.03,34.550,0.01,34.550,0.02,34.550,0.05,34.550,0.09,34.550,0.00,34.550,0.00,34.550,0.01,34.550,0.02,34.550,0.02
34.600,-0.01,34.600,0.03,34.600,0.01,34.600,0.02,34.600,0.05,34.600,0.09,34.600,0.02,34.600,0.00,34.600,0.02,34.600,0.02,34.600,0.04
34.650,-0.02,34.650,0.02,34.650,0.00,34.650,0.04,34.650,0.05,34.650,0.08,34.650,0.02,34.650,-0.01,34.650,0.02,34.650,0.02,34.650,0.03
34.700,-0.02,34.700,0.03,34.700,0.01,34.700,0.03,34.700,0.04,34.700,0.09,34.700,0.02,34.700,-0.01,34.700,0.02,34.700,0.01,34.700,0.03
34.750,-0.02,34.750,0.02,34.750,0.01,34.750,0.02,34.750,0.06,34.750,0.09,34.750,0.02,34.750,-0.01,34.750,0.01,34.750,0.01,34.750,0.04
34.800,-0.03,34.800,0.04,34.800,0.00,34.800,0.02,34.800,0.06,34.800,0.09,34.800,0.02,34.800,-0.01,34.800,0.02,34.800,0.02,34.800,0.04
34.850,-0.03,34.850,0.02,34.850,0.00,34.850,0.02,34.850,0.06,34.850,0.09,34.850,0.02,34.850,0.00,34.850,0.02,34.850,0.02,34.850,0.03
34.900,-0.02,34.900,0.03,34.900,0.01,34.900,0.03,34.900,0.05,34.900,0.08,34.900,0.02,34.900,0.01,34.900,0.02,34.900,0.02,34.900,0.03
34.950,-0.03,34.950,0.03,34.950,0.01,34.950,0.03,34.950,0.04,34.950,0.09,34.950,0.02,34.950,0.02,34.950,0.02,34.950,0.03,34.950,0.04
35.000,-0.02,35.000,0.02,35.000,0.00,35.000,0.02,35.000,0.05,35.000,0.09,35.000,0.01,35.000,0.01,35.000,0.03,35.000,0.03,35.000,0.04
35.050,-0.01,35.050,0.02,35.050,0.01,35.050,0.02,35.050,0.06,35.050,0.10,35.050,0.02,35.050,0.00,35.050,0.03,35.050,0.02,35.050,0.03
35.100,-0.02,35.100,0.03,35.100,0.02,35.100,0.02,35.100,0.06,35.100,0.10,35.100,0.02,35.100,0.01,35.100,0.02,35.100,0.03,35.100,0.03
35.150,-0.01,35.150,0.03,35.150,0.01,35.150,0.02,35.150,0.05,35.150,0.10,35.150,0.01,35.150,0.01,35.150,0.04,35.150,0.02,35.150,0.03
35.200,-0.01,35.200,0.02,35.200,0.01,35.200,0.02,35.200,0.03,35.200,0.10,35.200,0.02,35.200,0.01,35.200,0.04,35.200,0.02,35.200,0.04
35.250,-0.01,35.250,0.02,35.250,0.02,35.250,0.02,35.250,0.05,35.250,0.09,35.250,0.01,35.250,0.01,35.250,0.04,35.250,0.02,35.250,0.03
35.300,0.00,35.300,0.01,35.300,0.01,35.300,0.02,35.300,0.04,35.300,0.09,35.300,0.01,35.300,0.01,35.300,0.03,35.300,0.03,35.300,0.04
35.350,-0.01,35.350,0.02,35.350,0.01,35.350,0.01,35.350,0.04,35.350,0.10,35.350,0.02,35.350,0.02,35.350,0.03,35.350,0.03,35.350,0.03
35.400,-0.02,35.400,0.02,35.400,0.03,35.400,0.02,35.400,0.04,35.400,0.08,35.400,0.02,35.400,0.01,35.400,0.02,35.400,0.03,35.400,0.04
35.450,-0.01,35.450,0.02,35.450,0.01,35.450,0.02,35.450,0.02,35.450,0.08,35.450,0.02,35.450,0.02,35.450,0.02,35.450,0.03,35.450,0.03
35.500,-0.02,35.500,0.01,35.500,0.01,35.500,0.02,35.500,0.02,35.500,0.08,35.500,0.02,35.500,0.01,35.500,0.01,35.500,0.02,35.500,0.03
35.550,-0.01,35.550,0.03,35.550,0.01,35.550,0.03,35.550,0.03,35.550,0.09,35.550,0.02,35.550,0.01,35.550,0.02,35.550,0.02,35.550,0.02
35.600,-0.02,35.600,0.02,35.600,0.01,35.600,0.02,35.600,0.04,35.600,0.09,35.600,0.02,35.600,0.02,35.600,0.04,35.600,0.01,35.600,0.03
35.650,-0.01,35.650,0.03,35.650,0.01,35.650,0.04,35.650,0.03,35.650,0.08,35.650,0.01,35.650,0.02,35.650,0.05,35.650,0.01,35.650,0.04
35.700,-0.01,35.700,0.02,35.700,0.02,35.700,0.03,35.700,0.03,35.700,0.09,35.700,0.01,35.700,0.02,35.700,0.04,35.700,0.02,35.700,0.03
35.750,-0.02,35.750,0.01,35.750,0.01,35.750,0.05,35.750,0.04,35.750,0.10,35.750,0.01,35.750,0.01,35.750,0.03,35.750,0.02,35.750,0.04
35.800,-0.01,35.800,0.02,35.800,0.01,35.800,0.04,35.800,0.02,35.800,0.10,35.800,0.02,35.800,0.02,35.800,0.03,35.800,0.01,35.800,0.02
35.850,-0.01,35.850,0.03,35.850,0.02,35.850,0.03,35.850,0.02,35.850,0.11,35.850,0.01,35.850,0.00,35.850,0.02,35.850,0.02,35.850,0.02
35.900,-0.01,35.900,0.02,35.900,0.01,35.900,0.03,35.900,0.03,35.900,0.10,35.900,0.00,35.900,0.01,35.900,0.02,35.900,0.01,35.900,0.01
35.950,-0.01,35.950,0.02,35.950,0.01,35.950,0.02,35.950,0.04,35.950,0.09,35.950,0.01,35.950,0.01,35.950,0.04,35.950,0.01,35.950,0.02
36.000,-0.02,36.000,0.01,36.000,0.01,36.000,0.02,36.000,0.04,36.000,0.10,36.000,0.01,36.000,0.01,36.000,0.04,36.000,0.01,36.000,0.01
36.050,0.00,36.050,0.02,36.050,0.01,36.050,0.02,36.050,0.03,36.050,0.09,36.050,0.02,36.050,0.01,36.050,0.05,36.050,0.02,36.050,0.02
36.100,0.00,36.100,0.03,36.100,0.01,36.100,0.02,36.100,0.04,36.100,0.09,36.100,0.01,36.100,0.00,36.100,0.03,36.100,0.01,36.100,0.03
36.150,-0.01,36.150,0.01,36.150,0.00,36.150,0.01,36.150,0.04,36.150,0.09,36.150,0.02,36.150,-0.01,36.150,0.03,36.150,0.02,36.150,0.04
36.200,-0.01,36.200,0.01,36.200,0.00,36.200,0.02,36.200,0.03,36.200,0.09,36.200,0.00,36.200,0.01,36.200,0.03,36.200,0.02,36.200,0.04
36.250,-0.01,36.250,0.02,36.250,0.00,36.250,0.02,36.250,0.04,36.250,0.10,36.250,0.01,36.250,0.01,36.250,0.03,36.250,0.01,36.250,0.03
36.300,-0.02,36.300,0.01,36.300,0.01,36.300,0.03,36.300,0.05,36.300,0.09,36.300,0.01,36.300,0.00,36.300,0.03,36.300,0.02,36.300,0.03
36.350,-0.01,36.350,0.02,36.350,0.01,36.350,0.03,36.350,0.04,36.350,0.09,36.350,0.00,36.350,0.01,36.350,0.03,36.350,0.02,36.350,0.02
36.400,-0.02,36.400,0.02,36.400,0.01,36.400,0.03,36.400,0.05,36.400,0.09,36.400,0.01,36.400,0.01,36.400,0.03,36.400,0.01,36.400,0.02
36.450,-0.01,36.450,0.01,36.450,0.02,36.450,0.03,36.450,0.04,36.450,0.09,36.450,0.00,36.450,0.01,36.450,0.03,36.450,0.02,36.450,0.02
36.500,0.00,36.500,0.02,36.500,0.01,36.500,0.03,36.500,0.05,36.500,0.10,36.500,0.00,36.500,0.01,36.500,0.04,36.500,0.01,36.500,0.02
36.550,-0.01,36.550,0.03,36.550,0.01,36.550,0.03,36.550,0.05,36.550,0.10,36.550,0.01,36.550,0.00,36.550,0.02,36.550,0.02,36.550,0.02
36.600,-0.01,36.600,0.02,36.600,0.01,36.600,0.04,36.600,0.04,36.600,0.11,36.600,0.00,36.600,0.01,36.600,0.02,36.600,0.02,36.600,0.02
36.650,-0.02,36.650,0.02,36.650,0.01,36.650,0.02,36.650,0.02,36.650,0.10,36.650,0.01,36.650,0.01,36.650,0.03,36.650,0.03,36.650,0.02
36.700,-0.02,36.700,0.02,36.700,0.00,36.700,0.02,36.700,0.04,36.700,0.11,36.700,0.02,36.700,0.01,36.700,0.02,36.700,0.02,36.700,0.03
36.750,-0.02,36.750,0.02,36.750,-0.01,36.750,0.02,36.750,0.03,36.750,0.09,36.750,0.01,36.750,0.02,36.750,0.02,36.750,0.04,36.750,0.02
36.800,-0.02,36.800,0.01,36.800,0.01,36.800,0.02,36.800,0.03,36.800,0.09,36.800,0.01,36.800,0.01,36.800,0.02,36.800,0.01,36.800,0.03
36.850,-0.01,36.850,0.00,36.850,0.01,36.850,0.01,36.850,0.02,36.850,0.09,36.850,0.01,36.850,0.01,36.850,0.03,36.850,0.02,36.850,0.04
36.900,-0.02,36.900,0.01,36.900,0.01,36.900,0.02,36.900,0.02,36.900,0.10,36.900,0.02,36.900,0.00,36.900,0.02,36.900,0.02,36.900,0.04
36.950,-0.02,36.950,0.00,36.950,0.00,36.950,0.01,36.950,0.03,36.950,0.10,36.950,0.01,36.950,0.01,36.950,0.04,36.950,0.01,36.950,0.03
37.000,-0.02,37.000,0.02,37.000,0.01,37.000,0.01,37.000,0.03,37.000,0.10,37.000,0.00,37.000,0.01,37.000,0.04,37.000,0.01,37.000,0.04
37.050,-0.02,37.050,0.02,37.050,0.01,37.050,0.03,37.050,0.04,37.050,0.12,37.050,0.00,37.050,0.01,37.050,0.02,37.050,0.02,37.050,0.04
37.100,-0.01,37.100,0.01,37.100,0.02,37.100,0.02,37.100,0.03,37.100,0.11,37.100,0.01,37.100,0.01,37.100,0.02,37.100,0.02,37.100,0.02
37.150,-0.01,37.150,0.00,37.150,0.00,37.150,0.02,37.150,0.04,37.150,0.11,37.150,0.01,37.150,0.01,37.150,0.04,37.150,0.02,37.150,0.01
37.200,-0.01,37.200,0.01,37.200,0.01,37.200,0.02,37.200,0.03,37.200,0.10,37.200,0.01,37.200,0.01,37.200,0.04,37.200,0.02,37.200,0.02
37.250,-0.02,37.250,0.01,37.250,0.01,37.250,0.02,37.250,0.03,37.250,0.10,37.250,0.01,37.250,0.01,37.250,0.03,37.250,0.02,37.250,0.03
37.300,-0.01,37.300,0.01,37.300,0.01,37.300,0.02,37.300,0.03,37.300,0.09,37.300,0.01,37.300,0.01,37.300,0.02,37.300,0.03,37.300,0.04
37.350,-0.01,37.350,0.01,37.350,0.01,37.350,0.02,37.350,0.03,37.350,0.10,37.350,0.02,37.350,0.01,37.350,0.02,37.350,0.02,37.350,0.02
37.400,0.00,37.400,0.01,37.400,0.01,37.400,0.01,37.400,0.03,37.400,0.10,37.400,0.00,37.400,0.00,37.400,0.03,37.400,0.02,37.400,0.02
37.450,0.00,37.450,0.01,37.450,0.01,37.450,0.02,37.450,0.03,37.450,0.10,37.450,0.01,37.450,0.01,37.450,0.03,37.450,0.02,37.450,0.03
37.500,-0.01,37.500,0.01,37.500,0.02,37.500,0.01,37.500,0.05,37.500,0.08,37.500,0.02,37.500,0.01,37.500,0.03,37.500,0.01,37.500,0.03
37.550,-0.02,37.550,0.01,37.550,0.02,37.550,0.01,37.550,0.05,37.550,0.09,37.550,0.00,37.550,0.01,37.550,0.03,37.550,0.02,37.550,0.02
37.600,-0.02,37.600,0.01,37.600,0.02,37.600,0.01,37.600,0.05,37.600,0.10,37.600,0.01,37.600,0.01,37.600,0.02,37.600,0.02,37.600,0.03
37.650,0.00,37.650,0.01,37.650,0.02,37.650,0.01,37.650,0.04,37.650,0.09,37.650,0.01,37.650,0.01,37.650,0.02,37.650,0.03,37.650,0.02
37.700,-0.01,37.700,0.01,37.700,0.01,37.700,0.01,37.700,0.05,37.700,0.09,37.700,0.01,37.700,0.00,37.700,0.03,37.700,0.03,37.700,0.03
37.750,0.00,37.750,0.02,37.750,0.02,37.750,0.02,37.750,0.04,37.750,0.08,37.750,0.02,37.750,0.00,37.750,0.02,37.750,0.02,37.750,0.04
37.800,-0.02,37.800,0.02,37.800,0.02,37.800,0.01,37.800,0.03,37.800,0.08,37.800,0.01,37.800,0.01,37.800,0.01,37.800,0.04,37.800,0.02
37.850,-0.02,37.850,0.02,37.850,0.02,37.850,0.01,37.850,0.04,37.850,0.09,37.850,0.02,37.850,0.01,37.850,0.02,37.850,0.04,37.850,0.02
37.900,-0.01,37.900,0.01,37.900,0.02,37.900,0.01,37.900,0.03,37.900,0.09,37.900,0.01,37.900,0.01,37.900,0.03,37.900,0.03,37.900,0.03
37.950,0.00,37.950,0.02,37.950,0.02,37.950,0.02,37.950,0.03,37.950,0.08,37.950,0.01,37.950,0.01,37.950,0.02,37.950,0.03,37.950,0.03
38.000,-0.01,38.000,0.02,38.000,0.01,38.000,0.02,38.000,0.03,38.000,0.07,38.000,0.02,38.000,0.00,38.000,0.02,38.000,0.02,38.000,0.03
38.050,-0.01,38.050,0.01,38.050,0.02,38.050,0.02,38.050,0.03,38.050,0.08,38.050,0.01,38.050,0.01,38.050,0.02,38.050,0.03,38.050,0.03
38.100,-0.01,38.100,0.01,38.100,0.02,38.100,0.02,38.100,0.04,38.100,0.07,38.100,0.02,38.100,0.02,38.100,0.01,38.100,0.02,38.100,0.02
38.150,0.00,38.150,0.01,38.150,0.02,38.150,0.02,38.150,0.04,38.150,0.09,38.150,0.00,38.150,0.01,38.150,0.02,38.150,0.02,38.150,0.03
38.200,-0.01,38.200,0.02,38.200,0.01,38.200,0.03,38.200,0.04,38.200,0.09,38.200,0.01,38.200,0.01,38.200,0.02,38.200,0.02,38.200,0.03
38.250,-0.02,38.250,0.02,38.250,0.01,38.250,0.03,38.250,0.03,38.250,0.10,38.250,0.02,38.250,0.01,38.250,0.02,38.250,0.03,38.250,0.02
38.300,0.00,38.300,0.01,38.300,0.00,38.300,0.02,38.300,0.04,38.300,0.10,38.300,0.02,38.300,0.01,38.300,0.02,38.300,0.03,38.300,0.02
38.350,-0.01,38.350,0.01,38.350,0.01,38.350,0.02,38.350,0.04,38.350,0.10,38.350,0.02,38.350,0.01,38.350,0.01,38.350,0.01,38.350,0.02
38.400,-0.01,38.400,0.01,38.400,0.00,38.400,0.02,38.400,0.04,38.400,0.11,38.400,0.01,38.400,0.01,38.400,0.01,38.400,0.02,38.400,0.03
38.450,-0.01,38.450,0.01,38.450,0.01,38.450,0.03,38.450,0.05,38.450,0.10,38.450,0.02,38.450,0.02,38.450,0.03,38.450,0.02,38.450,0.03
38.500,0.00,38.500,0.01,38.500,0.00,38.500,0.02,38.500,0.05,38.500,0.11,38.500,0.03,38.500,0.01,38.500,0.01,38.500,0.02,38.500,0.03
38.550,-0.01,38.550,0.01,38.550,0.00,38.550,0.03,38.550,0.04,38.550,0.11,38.550,0.04,38.550,0.01,38.550,0.01,38.550,0.02,38.550,0.02
38.600,-0.01,38.600,0.01,38.600,0.01,38.600,0.02,38.600,0.04,38.600,0.10,38.600,0.04,38.600,0.02,38.600,0.01,38.600,0.03,38.600,0.03
38.650,-0.01,38.650,0.01,38.650,0.01,38.650,0.02,38.650,0.04,38.650,0.09,38.650,0.03,38.650,0.02,38.650,0.01,38.650,0.02,38.650,0.02
38.700,-0.01,38.700,0.02,38.700,0.01,38.700,0.02,38.700,0.04,38.700,0.10,38.700,0.01,38.700,0.00,38.700,0.01,38.700,0.02,38.700,0.03
38.750,0.00,38.750,0.01,38.750,0.01,38.750,0.03,38.750,0.03,38.750,0.08,38.750,0.03,38.750,0.02,38.750,0.01,38.750,0.02,38.750,0.03
38.800,-0.01,38.800,0.02,38.800,0.01,38.800,0.02,38.800,0.03,38.800,0.09,38.800,0.01,38.800,0.02,38.800,0.02,38.800,0.03,38.800,0.03
38.850,0.01,38.850,0.02,38.850,0.00,38.850,0.03,38.850,0.02,38.850,0.09,38.850,0.02,38.850,0.01,38.850,0.02,38.850,0.03,38.850,0.01
38.900,0.00,38.900,0.02,38.900,0.01,38.900,0.02,38.900,0.02,38.900,0.08,38.900,0.02,38.900,0.02,38.900,0.02,38.900,0.02,38.900,0.03
38.950,0.00,38.950,0.01,38.950,-0.01,38.950,0.03,38.950,0.03,38.950,0.08,38.950,0.02,38.950,0.02,38.950,0.01,38.950,0.03,38.950,0.02
39.000,0.01,39.000,0.02,39.000,-0.01,39.000,0.03,39.000,0.04,39.000,0.08,39.000,0.02,39.000,0.01,39.000,0.02,39.000,0.03,39.000,0.02
39.050,-0.01,39.050,0.02,39.050,0.00,39.050,0.03,39.050,0.04,39.050,0.08,39.050,0.02,39.050,0.02,39.050,0.02,39.050,0.02,39.050,0.02
39.100,0.00,39.100,0.02,39.100,0.00,39.100,0.02,39.100,0.05,39.100,0.09,39.100,0.02,39.100,0.02,39.100,0.03,39.100,0.02,39.100,0.04
39.150,-0.01,39.150,0.02,39.150,0.00,39.150,0.02,39.150,0.06,39.150,0.08,39.150,0.02,39.150,0.00,39.150,0.02,39.150,0.02,39.150,0.03
39.200,0.00,39.200,0.02,39.200,0.00,39.200,0.03,39.200,0.05,39.200,0.08,39.200,0.01,39.200,0.00,39.200,0.02,39.200,0.02,39.200,0.03
39.250,-0.01,39.250,0.02,39.250,0.00,39.250,0.01,39.250,0.04,39.250,0.07,39.250,0.01,39.250,0.00,39.250,0.01,39.250,0.02,39.250,0.04
39.300,-0.01,39.300,0.02,39.300,-0.01,39.300,0.02,39.300,0.03,39.300,0.08,39.300,0.01,39.300,0.00,39.300,0.00,39.300,0.03,39.300,0.04
39.350,-0.01,39.350,0.03,39.350,-0.01,39.350,0.01,39.350,0.04,39.350,0.09,39.350,0.01,39.350,-0.01,39.350,0.02,39.350,0.02,39.350,0.02
39.400,0.00,39.400,0.01,39.400,-0.01,39.400,0.02,39.400,0.04,39.400,0.08,39.400,0.01,39.400,0.01,39.400,0.01,39.400,0.02,39.400,0.03
39.450,-0.01,39.450,0.01,39.450,-0.01,39.450,0.01,39.450,0.04,39.450,0.08,39.450,0.00,39.450,0.00,39.450,0.02,39.450,0.02,39.450,0.03
39.500,0.00,39.500,0.01,39.500,0.00,39.500,0.02,39.500,0.04,39.500,0.09,39.500,0.01,39.500,0.01,39.500,0.01,39.500,0.02,39.500,0.04
39.550,-0.01,39.550,0.01,39.550,-0.01,39.550,0.03,39.550,0.04,39.550,0.09,39.550,0.00,39.550,0.01,39.550,0.02,39.550,0.01,39.550,0.04
39.600,-0.02,39.600,0.02,39.600,-0.01,39.600,0.02,39.600,0.04,39.600,0.09,39.600,0.01,39.600,0.01,39.600,0.01,39.600,0.01,39.600,0.02
39.650,-0.01,39.650,0.02,39.650,0.00,39.650,0.02,39.650,0.04,39.650,0.10,39.650,0.01,39.650,0.00,39.650,0.01,39.650,0.02,39.650,0.04
39.700,-0.01,39.700,0.01,39.700,-0.01,39.700,0.02,39.700,0.03,39.700,0.10,39.700,0.01,39.700,0.01,39.700,0.01,39.700,0.01,39.700,0.03
39.750,-0.01,39.750,0.01,39.750,0.00,39.750,0.02,39.750,0.04,39.750,0.10,39.750,0.01,39.750,0.02,39.750,0.03,39.750,0.01,39.750,0.04
39.800,-0.02,39.800,0.01,39.800,0.00,39.800,0.02,39.800,0.04,39.800,0.09,39.800,0.01,39.800,0.02,39.800,0.01,39.800,0.01,39.800,0.04
39.850,-0.01,39.850,0.03,39.850,0.00,39.850,0.01,39.850,0.02,39.850,0.09,39.850,0.01,39.850,0.01,39.850,0.01,39.850,0.01,39.850,0.02
39.900,-0.02,39.900,0.02,39.900,0.00,39.900,0.01,39.900,0.03,39.900,0.10,39.900,0.01,39.900,0.01,39.900,0.01,39.900,0.01,39.900,0.04
39.950,-0.01,39.950,0.01,39.950,-0.01,39.950,0.02,39.950,0.05,39.950,0.10,39.950,0.01,39.950,0.01,39.950,0.00,39.950,0.01,39.950,0.03
40.000,-0.01,40.000,0.01,40.000,0.01,40.000,0.02,40.000,0.04,40.000,0.10,40.000,0.01,40.000,0.01,40.000,0.00,40.000,0.01,40.000,0.02
40.050,-0.01,40.050,0.02,40.050,0.01,40.050,0.02,40.050,0.05,40.050,0.10,40.050,0.01,40.050,0.00,40.050,0.00,40.050,0.01,40.050,0.03
40.100,-0.01,40.100,0.01,40.100,0.00,40.100,0.02,40.100,0.04,40.100,0.08,40.100,0.00,40.100,0.00,40.100,0.00,40.100,0.02,40.100,0.03
40.150,-0.01,40.150,0.02,40.150,0.00,40.150,0.01,40.150,0.04,40.150,0.10,40.150,0.01,40.150,0.00,40.150,0.01,40.150,0.03,40.150,0.03
40.200,-0.02,40.200,0.01,40.200,0.00,40.200,0.02,40.200,0.04,40.200,0.10,40.200,0.00,40.200,0.00,40.200,0.00,40.200,0.02,40.200,0.03
40.250,-0.01,40.250,0.01,40.250,-0.01,40.250,0.02,40.250,0.04,40.250,0.10,40.250,0.00,40.250,0.01,40.250,0.02,40.250,0.02,40.250,0.03
40.300,-0.01,40.300,0.01,40.300,-0.01,40.300,0.02,40.300,0.05,40.300,0.09,40.300,0.00,40.300,0.01,40.300,0.01,40.300,0.01,40.300,0.04
40.350,-0.02,40.350,0.02,40.350,-0.01,40.350,0.02,40.350,0.03,40.350,0.11,40.350,0.01,40.350,0.02,40.350,0.00,40.350,0.01,40.350,0.03
40.400,-0.01,40.400,-0.01,40.400,0.00,40.400,0.01,40.400,0.04,40.400,0.10,40.400,0.00,40.400,0.00,40.400,0.01,40.400,0.01,40.400,0.03
40.450,-0.01,40.450,0.01,40.450,0.00,40.450,0.02,40.450,0.03,40.450,0.10,40.450,0.01,40.450,0.01,40.450,0.01,40.450,0.01,40.450,0.03
40.500,-0.01,40.500,0.00,40.500,0.00,40.500,0.02,40.500,0.04,40.500,0.10,40.500,0.01,40.500,0.02,40.500,0.02,40.500,0.01,40.500,0.03
40.550,-0.01,40.550,0.01,40.550,0.00,40.550,0.02,40.550,0.04,40.550,0.09,40.550,0.01,40.550,0.01,40.550,0.01,40.550,0.00,40.550,0.03
40.600,-0.01,40.600,0.01,40.600,-0.01,40.600,0.02,40.600,0.06,40.600,0.09,40.600,0.01,40.600,0.02,40.600,0.01,40.600,0.01,40.600,0.04
40.650,-0.02,40.650,0.00,40.650,-0.01,40.650,0.02,40.650,0.06,40.650,0.09,40.650,0.00,40.650,0.02,40.650,0.01,40.650,0.03,40.650,0.05
40.700,-0.02,40.700,0.01,40.700,0.01,40.700,0.02,40.700,0.04,40.700,0.10,40.700,0.01,40.700,0.02,40.700,0.02,40.700,0.02,40.700,0.04
40.750,-0.02,40.750,0.00,40.750,0.01,40.750,0.03,40.750,0.04,40.750,0.09,40.750,0.00,40.750,0.02,40.750,0.01,40.750,0.02,40.750,0.04
40.800,-0.01,40.800,0.01,40.800,0.02,40.800,0.02,40.800,0.03,40.800,0.08,40.800,0.00,40.800,0.01,40.800,0.00,40.800,0.02,40.800,0.02
40.850,-0.03,40.850,0.01,40.850,0.00,40.850,0.04,40.850,0.04,40.850,0.08,40.850,0.01,40.850,0.01,40.850,0.01,40.850,0.02,40.850,0.03
40.900,-0.03,40.900,0.01,40.900,0.00,40.900,0.02,40.900,0.04,40.900,0.08,40.900,0.01,40.900,0.01,40.900,0.01,40.900,0.02,40.900,0.03
40.950,-0.01,40.950,0.02,40.950,0.01,40.950,0.02,40.950,0.04,40.950,0.08,40.950,0.01,40.950,0.02,40.950,0.01,40.950,0.04,40.950,0.04
41.000,0.00,41.000,0.02,41.000,0.01,41.000,0.01,41.000,0.04,41.000,0.09,41.000,0.01,41.000,0.02,41.000,0.01,41.000,0.03,41.000,0.03
41.050,-0.01,41.050,0.01,41.050,0.01,41.050,0.02,41.050,0.06,41.050,0.09,41.050,0.01,41.050,0.01,41.050,0.02,41.050,0.04,41.050,0.03
41.100,-0.01,41.100,0.02,41.100,0.01,41.100,0.02,41.100,0.07,41.100,0.08,41.100,0.02,41.100,0.02,41.100,0.01,41.100,0.02,41.100,0.03
41.150,-0.01,41.150,0.01,41.150,0.00,41.150,0.02,41.150,0.05,41.150,0.09,41.150,0.02,41.150,0.03,41.150,0.01,41.150,0.02,41.150,0.02
41.200,-0.01,41.200,0.02,41.200,0.00,41.200,0.02,41.200,0.04,41.200,0.10,41.200,0.01,41.200,0.02,41.200,0.00,41.200,0.03,41.200,0.02
41.250,0.00,41.250,0.00,41.250,0.01,41.250,0.01,41.250,0.05,41.250,0.08,41.250,0.01,41.250,0.02,41.250,0.01,41.250,0.04,41.250,0.02
41.300,-0.01,41.300,0.01,41.300,0.00,41.300,0.02,41.300,0.05,41.300,0.09,41.300,0.01,41.300,0.01,41.300,0.01,41.300,0.03,41.300,0.02
41.350,-0.01,41.350,0.01,41.350,0.01,41.350,0.00,41.350,0.05,41.350,0.09,41.350,0.00,41.350,0.02,41.350,0.02,41.350,0.02,41.350,0.03
41.400,-0.01,41.400,0.02,41.400,0.01,41.400,0.01,41.400,0.05,41.400,0.09,41.400,0.01,41.400,0.02,41.400,0.01,41.400,0.01,41.400,0.03
41.450,-0.01,41.450,0.01,41.450,0.01,41.450,0.02,41.450,0.05,41.450,0.07,41.450,0.01,41.450,0.01,41.450,0.01,41.450,0.02,41.450,0.04
41.500,-0.02,41.500,0.02,41.500,0.02,41.500,0.01,41.500,0.05,41.500,0.09,41.500,0.02,41.500,0.01,41.500,0.02,41.500,0.02,41.500,0.02
41.550,-0.01,41.550,0.02,41.550,0.01,41.550,0.02,41.550,0.05,41.550,0.10,41.550,0.01,41.550,0.02,41.550,0.01,41.550,0.03,41.550,0.03
41.600,0.00,41.600,0.02,41.600,0.02,41.600,0.03,41.600,0.03,41.600,0.11,41.600,0.01,41.600,0.03,41.600,0.01,41.600,0.02,41.600,0.04
41.650,-0.02,41.650,0.01,41.650,0.02,41.650,0.02,41.650,0.04,41.650,0.09,41.650,0.01,41.650,0.02,41.650,0.01,41.650,0.02,41.650,0.03
41.700,-0.01,41.700,0.01,41.700,0.01,41.700,0.02,41.700,0.04,41.700,0.10,41.700,0.01,41.700,0.01,41.700,0.01,41.700,0.02,41.700,0.03
41.750,-0.02,41.750,0.01,41.750,0.00,41.750,0.02,41.750,0.05,41.750,0.10,41.750,0.00,41.750,0.02,41.750,0.02,41.750,0.02,41.750,0.03
41.800,-0.01,41.800,0.00,41.800,0.00,41.800,0.02,41.800,0.04,41.800,0.10,41.800,0.01,41.800,0.01,41.800,0.02,41.800,0.02,41.800,0.04
41.850,-0.02,41.850,-0.01,41.850,0.01,41.850,0.02,41.850,0.04,41.850,0.08,41.850,0.01,41.850,0.02,41.850,0.01,41.850,0.03,41.850,0.04
41.900,0.00,41.900,0.00,41.900,0.02,41.900,0.02,41.900,0.04,41.900,0.09,41.900,0.02,41.900,0.01,41.900,0.01,41.900,0.01,41.900,0.04
41.950,-0.01,41.950,-0.01,41.950,0.01,41.950,0.02,41.950,0.04,41.950,0.09,41.950,0.02,41.950,0.02,41.950,0.01,41.950,0.02,41.950,0.04
42.000,-0.01,42.000,0.00,42.000,0.01,42.000,0.04,42.000,0.05,42.000,0.09,42.000,0.01,42.000,0.02,42.000,0.01,42.000,0.02,42.000,0.03
42.050,0.00,42.050,0.00,42.050,0.02,42.050,0.03,42.050,0.05,42.050,0.09,42.050,0.02,42.050,0.02,42.050,0.01,42.050,0.02,42.050,0.04
42.100,0.00,42.100,0.01,42.100,0.01,42.100,0.03,42.100,0.03,42.100,0.08,42.100,0.02,42.100,0.02,42.100,0.01,42.100,0.02,42.100,0.04
42.150,0.01,42.150,0.01,42.150,0.01,42.150,0.02,42.150,0.05,42.150,0.07,42.150,0.02,42.150,0.02,42.150,0.01,42.150,0.02,42.150,0.04
42.200,0.00,42.200,0.01,42.200,0.01,42.200,0.02,42.200,0.04,42.200,0.09,42.200,0.01,42.200,0.01,42.200,0.01,42.200,0.02,42.200,0.05
42.250,0.00,42.250,0.01,42.250,0.00,42.250,0.02,42.250,0.05,42.250,0.09,42.250,0.01,42.250,0.02,42.250,0.00,42.250,0.01,42.250,0.04
42.300,0.00,42.300,0.00,42.300,0.00,42.300,0.03,42.300,0.04,42.300,0.09,42.300,0.02,42.300,0.01,42.300,0.02,42.300,0.02,42.300,0.05
42.350,0.00,42.350,0.00,42.350,0.01,42.350,0.03,42.350,0.05,42.350,0.09,42.350,0.02,42.350,0.01,42.350,0.00,42.350,0.02,42.350,0.04
42.400,0.00,42.400,0.01,42.400,0.01,42.400,0.03,42.400,0.05,42.400,0.07,42.400,0.02,42.400,0.00,42.400,0.01,42.400,0.01,42.400,0.05
42.450,0.01,42.450,0.01,42.450,0.01,42.450,0.02,42.450,0.05,42.450,0.09,42.450,0.02,42.450,0.02,42.450,0.01,42.450,0.02,42.450,0.04
42.500,0.00,42.500,0.00,42.500,0.02,42.500,0.02,42.500,0.05,42.500,0.08,42.500,0.02,42.500,0.01,42.500,0.01,42.500,0.02,42.500,0.03
42.550,0.00,42.550,0.00,42.550,0.01,42.550,0.03,42.550,0.04,42.550,0.09,42.550,0.01,42.550,0.01,42.550,0.00,42.550,0.01,42.550,0.04
42.600,0.00,42.600,0.00,42.600,0.02,42.600,0.03,42.600,0.04,42.600,0.09,42.600,0.01,42.600,0.01,42.600,0.01,42.600,0.00,42.600,0.03
42.650,0.00,42.650,0.00,42.650,0.01,42.650,0.01,42.650,0.05,42.650,0.09,42.650,0.01,42.650,0.02,42.650,0.00,42.650,0.02,42.650,0.03
42.700,0.00,42.700,0.00,42.700,0.01,42.700,0.02,42.700,0.05,42.700,0.10,42.700,0.01,42.700,0.02,42.700,0.03,42.700,0.01,42.700,0.03
42.750,0.01,42.750,0.00,42.750,0.01,42.750,0.02,42.750,0.05,42.750,0.08,42.750,0.02,42.750,0.03,42.750,0.02,42.750,0.02,42.750,0.03
42.800,-0.01,42.800,0.00,42.800,0.02,42.800,0.01,42.800,0.05,42.800,0.08,42.800,0.00,42.800,0.02,42.800,0.02,42.800,0.02,42.800,0.03
42.850,-0.01,42.850,0.00,42.850,0.02,42.850,0.02,42.850,0.06,42.850,0.08,42.850,0.01,42.850,0.01,42.850,0.02,42.850,0.02,42.850,0.03
42.900,-0.02,42.900,0.01,42.900,0.02,42.900,0.01,42.900,0.05,42.900,0.09,42.900,0.01,42.900,0.01,42.900,0.02,42.900,0.02,42.900,0.03
42.950,-0.01,42.950,0.01,42.950,0.02,42.950,0.02,42.950,0.07,42.950,0.09,42.950,0.02,42.950,0.00,42.950,0.02,42.950,0.01,42.950,0.02
43.000,0.00,43.000,0.02,43.000,0.02,43.000,0.02,43.000,0.05,43.000,0.09,43.000,0.01,43.000,0.01,43.000,0.02,43.000,0.02,43.000,0.02
43.050,0.00,43.050,0.01,43.050,0.02,43.050,0.02,43.050,0.05,43.050,0.10,43.050,0.01,43.050,0.01,43.050,0.01,43.050,0.01,43.050,0.03
43.100,-0.01,43.100,0.01,43.100,0.01,43.100,0.03,43.100,0.05,43.100,0.10,43.100,0.01,43.100,0.01,43.100,0.01,43.100,0.02,43.100,0.01
43.150,0.00,43.150,0.02,43.150,0.02,43.150,0.02,43.150,0.05,43.150,0.11,43.150,0.01,43.150,0.01,43.150,0.02,43.150,0.02,43.150,0.02
43.200,0.00,43.200,0.02,43.200,0.02,43.200,0.01,43.200,0.05,43.200,0.10,43.200,0.01,43.200,0.01,43.200,0.02,43.200,0.03,43.200,0.02
43.250,0.00,43.250,0.02,43.250,0.01,43.250,0.02,43.250,0.04,43.250,0.10,43.250,0.01,43.250,0.01,43.250,0.02,43.250,0.02,43.250,0.03
43.300,0.00,43.300,0.02,43.300,0.02,43.300,0.01,43.300,0.04,43.300,0.10,43.300,0.01,43.300,0.00,43.300,0.03,43.300,0.02,43.300,0.03
43.350,-0.01,43.350,0.01,43.350,0.02,43.350,0.01,43.350,0.05,43.350,0.10,43.350,0.02,43.350,0.02,43.350,0.02,43.350,0.01,43.350,0.02
43.400,0.00,43.400,0.02,43.400,0.00,43.400,0.02,43.400,0.06,43.400,0.10,43.400,0.02,43.400,0.00,43.400,0.02,43.400,0.00,43.400,0.03
43.450,0.00,43.450,0.02,43.450,0.00,43.450,0.02,43.450,0.06,43.450,0.10,43.450,0.02,43.450,0.00,43.450,0.01,43.450,0.01,43.450,0.03
43.500,-0.01,43.500,0.02,43.500,0.01,43.500,0.02,43.500,0.06,43.500,0.10,43.500,0.01,43.500,0.00,43.500,0.02,43.500,0.02,43.500,0.03
43.550,-0.01,43.550,0.02,43.550,0.01,43.550,0.02,43.550,0.06,43.550,0.10,43.550,0.01,43.550,0.01,43.550,0.01,43.550,0.02,43.550,0.04
43.600,0.00,43.600,0.02,43.600,0.02,43.600,0.02,43.600,0.06,43.600,0.10,43.600,0.01,43.600,0.02,43.600,0.02,43.600,0.01,43.600,0.03
43.650,0.00,43.650,0.02,43.650,0.01,43.650,0.02,43.650,0.05,43.650,0.10,43.650,0.02,43.650,0.02,43.650,0.02,43.650,0.02,43.650,0.03
43.700,-0.01,43.700,0.01,43.700,0.01,43.700,0.02,43.700,0.06,43.700,0.09,43.700,0.01,43.700,0.02,43.700,0.02,43.700,0.02,43.700,0.02
43.750,-0.01,43.750,0.03,43.750,0.01,43.750,0.02,43.750,0.06,43.750,0.10,43.750,0.02,43.750,0.01,43.750,0.02,43.750,0.01,43.750,0.03
43.800,-0.01,43.800,0.01,43.800,0.01,43.800,0.02,43.800,0.05,43.800,0.09,43.800,0.02,43.800,0.02,43.800,0.02,43.800,0.02,43.800,0.04
43.850,0.00,43.850,0.02,43.850,0.01,43.850,0.01,43.850,0.04,43.850,0.10,43.850,0.01,43.850,0.02,43.850,0.01,43.850,0.01,43.850,0.02
43.900,0.00,43.900,0.02,43.900,0.01,43.900,0.02,43.900,0.04,43.900,0.10,43.900,0.02,43.900,0.02,43.900,0.03,43.900,0.02,43.900,0.04
43.950,0.00,43.950,0.01,43.950,0.01,43.950,0.02,43.950,0.05,43.950,0.10,43.950,0.03,43.950,0.02,43.950,0.02,43.950,0.02,43.950,0.04
44.000,0.01,44.000,0.01,44.000,0.02,44.000,0.01,44.000,0.06,44.000,0.10,44.000,0.01,44.000,0.01,44.000,0.02,44.000,0.01,44.000,0.04
44.050,0.00,44.050,0.03,44.050,0.01,44.050,0.01,44.050,0.05,44.050,0.08,44.050,0.01,44.050,0.01,44.050,0.01,44.050,0.01,44.050,0.02
44.100,0.00,44.100,0.02,44.100,0.02,44.100,0.01,44.100,0.05,44.100,0.07,44.100,0.00,44.100,0.01,44.100,0.02,44.100,0.02,44.100,0.02
44.150,0.00,44.150,0.02,44.150,0.02,44.150,0.01,44.150,0.06,44.150,0.08,44.150,0.01,44.150,0.01,44.150,0.02,44.150,0.01,44.150,0.02
44.200,0.01,44.200,0.02,44.200,0.02,44.200,0.01,44.200,0.05,44.200,0.09,44.200,0.02,44.200,0.01,44.200,0.04,44.200,0.02,44.200,0.04
44.250,-0.01,44.250,0.02,44.250,0.01,44.250,0.02,44.250,0.05,44.250,0.08,44.250,0.02,44.250,0.01,44.250,0.03,44.250,0.02,44.250,0.03
44.300,0.00,44.300,0.02,44.300,0.02,44.300,0.02,44.300,0.04,44.300,0.08,44.300,0.02,44.300,0.02,44.300,0.02,44.300,0.02,44.300,0.02
44.350,-0.01,44.350,0.03,44.350,0.01,44.350,0.02,44.350,0.06,44.350,0.08,44.350,0.01,44.350,0.01,44.350,0.01,44.350,0.02,44.350,0.04
44.400,0.00,44.400,0.01,44.400,0.01,44.400,0.02,44.400,0.06,44.400,0.08,44.400,0.01,44.400,0.02,44.400,0.01,44.400,0.02,44.400,0.02
44.450,0.00,44.450,0.02,44.450,0.01,44.450,0.02,44.450,0.04,44.450,0.08,44.450,0.02,44.450,0.01,44.450,0.02,44.450,0.02,44.450,0.03
44.500,0.01,44.500,0.01,44.500,0.00,44.500,0.01,44.500,0.06,44.500,0.08,44.500,0.01,44.500,0.01,44.500,0.02,44.500,0.01,44.500,0.02
44.550,0.00,44.550,0.00,44.550,0.01,44.550,0.01,44.550,0.06,44.550,0.06,44.550,0.02,44.550,0.00,44.550,0.02,44.550,0.02,44.550,0.03
44.600,0.00,44.600,0.00,44.600,0.00,44.600,0.00,44.600,0.05,44.600,0.07,44.600,0.01,44.600,0.01,44.600,0.02,44.600,0.01,44.600,0.03
44.650,0.00,44.650,0.00,44.650,0.00,44.650,0.01,44.650,0.06,44.650,0.07,44.650,0.02,44.650,0.01,44.650,0.01,44.650,0.02,44.650,0.03
44.700,-0.02,44.700,0.01,44.700,0.00,44.700,0.02,44.700,0.07,44.700,0.07,44.700,0.00,44.700,0.01,44.700,0.02,44.700,0.03,44.700,0.03
44.750,-0.02,44.750,0.01,44.750,0.00,44.750,0.02,44.750,0.05,44.750,0.08,44.750,0.00,44.750,0.00,44.750,0.02,44.750,0.02,44.750,0.04
44.800,0.00,44.800,0.00,44.800,0.01,44.800,0.01,44.800,0.06,44.800,0.07,44.800,0.01,44.800,0.00,44.800,0.03,44.800,0.03,44.800,0.03
44.850,-0.02,44.850,0.00,44.850,0.01,44.850,0.02,44.850,0.05,44.850,0.08,44.850,0.01,44.850,0.01,44.850,0.01,44.850,0.02,44.850,0.04
44.900,-0.01,44.900,0.01,44.900,0.02,44.900,0.02,44.900,0.05,44.900,0.07,44.900,0.02,44.900,0.02,44.900,0.02,44.900,0.02,44.900,0.03
44.950,-0.01,44.950,0.02,44.950,0.03,44.950,0.02,44.950,0.05,44.950,0.07,44.950,0.00,44.950,0.00,44.950,0.02,44.950,0.02,44.950,0.04
45.000,0.00,45.000,0.01,45.000,0.02,45.000,0.01,45.000,0.06,45.000,0.06,45.000,0.01,45.000,0.01,45.000,0.03,45.000,0.02,45.000,0.04
45.050,0.00,45.050,0.00,45.050,0.02,45.050,0.02,45.050,0.04,45.050,0.08,45.050,0.02,45.050,0.01,45.050,0.02,45.050,0.02,45.050,0.02
45.100,0.00,45.100,0.00,45.100,0.01,45.100,0.01,45.100,0.04,45.100,0.08,45.100,0.02,45.100,0.01,45.100,0.03,45.100,0.02,45.100,0.03
45.150,0.00,45.150,0.00,45.150,0.00,45.150,0.01,45.150,0.05,45.150,0.09,45.150,0.01,45.150,0.00,45.150,0.04,45.150,0.02,45.150,0.04
45.200,-0.01,45.200,0.00,45.200,0.01,45.200,0.01,45.200,0.06,45.200,0.08,45.200,0.01,45.200,-0.01,45.200,0.02,45.200,0.02,45.200,0.03
45.250,-0.01,45.250,0.01,45.250,0.00,45.250,0.01,45.250,0.05,45.250,0.07,45.250,0.02,45.250,0.00,45.250,0.03,45.250,0.02,45.250,0.05
45.300,0.00,45.300,0.00,45.300,0.01,45.300,0.02,45.300,0.05,45.300,0.08,45.300,0.02,45.300,0.02,45.300,0.02,45.300,0.02,45.300,0.04
45.350,0.00,45.350,0.01,45.350,0.01,45.350,0.02,45.350,0.05,45.350,0.09,45.350,0.01,45.350,0.02,45.350,0.02,45.350,0.02,45.350,0.03
45.400,-0.01,45.400,0.02,45.400,0.00,45.400,0.02,45.400,0.06,45.400,0.09,45.400,0.01,45.400,0.01,45.400,0.02,45.400,0.03,45.400,0.04
45.450,0.00,45.450,0.00,45.450,0.01,45.450,0.01,45.450,0.04,45.450,0.10,45.450,0.02,45.450,0.01,45.450,0.02,45.450,0.04,45.450,0.03
45.500,0.00,45.500,0.01,45.500,0.00,45.500,0.01,45.500,0.04,45.500,0.08,45.500,0.00,45.500,0.02,45.500,0.01,45.500,0.05,45.500,0.04
45.550,-0.01,45.550,0.01,45.550,0.01,45.550,0.01,45.550,0.04,45.550,0.09,45.550,0.01,45.550,0.02,45.550,0.01,45.550,0.03,45.550,0.04
45.600,0.00,45.600,0.01,45.600,0.01,45.600,0.01,45.600,0.03,45.600,0.09,45.600,0.01,45.600,0.01,45.600,0.00,45.600,0.02,45.600,0.04
45.650,0.00,45.650,0.00,45.650,0.01,45.650,0.02,45.650,0.05,45.650,0.08,45.650,0.01,45.650,0.01,45.650,0.00,45.650,0.01,45.650,0.04
45.700,-0.01,45.700,0.00,45.700,0.01,45.700,0.02,45.700,0.06,45.700,0.09,45.700,0.00,45.700,0.01,45.700,0.00,45.700,0.02,45.700,0.04
45.750,-0.01,45.750,0.00,45.750,0.01,45.750,0.03,45.750,0.06,45.750,0.09,45.750,0.01,45.750,0.01,45.750,0.00,45.750,0.02,45.750,0.03
45.800,-0.01,45.800,0.00,45.800,0.01,45.800,0.04,45.800,0.03,45.800,0.07,45.800,0.01,45.800,0.00,45.800,0.01,45.800,0.01,45.800,0.04
45.850,0.00,45.850,0.00,45.850,0.00,45.850,0.02,45.850,0.03,45.850,0.08,45.850,0.02,45.850,0.01,45.850,0.01,45.850,0.02,45.850,0.02
45.900,0.00,45.900,0.01,45.900,0.00,45.900,0.02,45.900,0.03,45.900,0.07,45.900,0.02,45.900,0.01,45.900,0.00,45.900,0.02,45.900,0.02
45.950,0.01,45.950,0.00,45.950,0.01,45.950,0.03,45.950,0.04,45.950,0.06,45.950,0.02,45.950,0.01,45.950,0.01,45.950,0.01,45.950,0.03
46.000,0.00,46.000,0.00,46.000,0.00,46.000,0.02,46.000,0.03,46.000,0.08,46.000,0.02,46.000,0.02,46.000,0.01,46.000,0.02,46.000,0.03
46.050,0.00,46.050,0.00,46.050,0.00,46.050,0.04,46.050,0.04,46.050,0.08,46.050,0.02,46.050,0.02,46.050,0.00,46.050,0.02,46.050,0.03
46.100,0.00,46.100,0.01,46.100,0.00,46.100,0.02,46.100,0.03,46.100,0.09,46.100,0.03,46.100,0.02,46.100,0.00,46.100,0.01,46.100,0.04
46.150,-0.01,46.150,0.01,46.150,0.00,46.150,0.02,46.150,0.03,46.150,0.08,46.150,0.03,46.150,0.02,46.150,0.01,46.150,0.01,46.150,0.04
46.200,-0.01,46.200,0.01,46.200,0.01,46.200,0.03,46.200,0.04,46.200,0.08,46.200,0.03,46.200,0.01,46.200,0.00,46.200,0.01,46.200,0.05
46.250,0.01,46.250,0.01,46.250,0.01,46.250,0.03,46.250,0.04,46.250,0.06,46.250,0.02,46.250,0.01,46.250,0.00,46.250,0.02,46.250,0.03
46.300,0.01,46.300,0.02,46.300,0.01,46.300,0.04,46.300,0.04,46.300,0.08,46.300,0.01,46.300,0.02,46.300,0.01,46.300,0.01,46.300,0.03
46.350,0.01,46.350,0.02,46.350,0.01,46.350,0.04,46.350,0.04,46.350,0.08,46.350,0.02,46.350,0.02,46.350,0.01,46.350,0.01,46.350,0.03
46.400,0.02,46.400,0.02,46.400,0.02,46.400,0.03,46.400,0.05,46.400,0.08,46.400,0.02,46.400,0.02,46.400,0.01,46.400,0.02,46.400,0.02
46.450,0.00,46.450,0.02,46.450,0.01,46.450,0.03,46.450,0.05,46.450,0.07,46.450,0.01,46.450,0.02,46.450,0.01,46.450,0.03,46.450,0.03
46.500,0.00,46.500,0.00,46.500,0.01,46.500,0.01,46.500,0.03,46.500,0.07,46.500,0.03,46.500,0.02,46.500,0.02,46.500,0.02,46.500,0.03
46.550,0.00,46.550,0.02,46.550,0.00,46.550,0.02,46.550,0.04,46.550,0.08,46.550,0.02,46.550,0.02,46.550,0.01,46.550,0.02,46.550,0.04
46.600,0.00,46.600,0.01,46.600,0.00,46.600,0.01,46.600,0.04,46.600,0.07,46.600,0.03,46.600,0.02,46.600,0.01,46.600,0.01,46.600,0.04
46.650,0.01,46.650,0.01,46.650,0.01,46.650,0.01,46.650,0.05,46.650,0.08,46.650,0.02,46.650,0.02,46.650,0.01,46.650,0.01,46.650,0.03
46.700,0.00,46.700,0.02,46.700,0.01,46.700,0.02,46.700,0.04,46.700,0.08,46.700,0.02,46.700,0.01,46.700,0.01,46.700,0.02,46.700,0.03
46.750,0.00,46.750,0.03,46.750,0.02,46.750,0.01,46.750,0.04,46.750,0.08,46.750,0.02,46.750,0.02,46.750,0.01,46.750,0.01,46.750,0.02
46.800,0.00,46.800,0.03,46.800,0.01,46.800,0.02,46.800,0.04,46.800,0.08,46.800,0.02,46.800,0.02,46.800,0.00,46.800,0.00,46.800,0.03
46.850,0.00,46.850,0.02,46.850,0.01,46.850,0.02,46.850,0.04,46.850,0.09,46.850,0.01,46.850,0.02,46.850,0.00,46.850,0.00,46.850,0.04
46.900,-0.01,46.900,0.01,46.900,0.00,46.900,0.02,46.900,0.05,46.900,0.08,46.900,0.01,46.900,0.02,46.900,0.00,46.900,0.00,46.900,0.04
46.950,-0.01,46.950,0.02,46.950,0.01,46.950,0.02,46.950,0.03,46.950,0.09,46.950,0.01,46.950,0.02,46.950,0.00,46.950,-0.01,46.950,0.02
47.000,-0.01,47.000,0.03,47.000,0.01,47.000,0.01,47.000,0.05,47.000,0.08,47.000,0.01,47.000,0.02,47.000,0.02,47.000,0.01,47.000,0.03
47.050,-0.01,47.050,0.02,47.050,0.00,47.050,0.02,47.050,0.05,47.050,0.09,47.050,0.03,47.050,0.02,47.050,0.02,47.050,0.01,47.050,0.03
47.100,0.00,47.100,0.02,47.100,0.02,47.100,0.02,47.100,0.05,47.100,0.09,47.100,0.03,47.100,0.01,47.100,0.02,47.100,0.01,47.100,0.03
47.150,-0.01,47.150,0.01,47.150,0.02,47.150,0.02,47.150,0.04,47.150,0.10,47.150,0.02,47.150,0.02,47.150,0.00,47.150,0.01,47.150,0.03
47.200,-0.01,47.200,0.02,47.200,0.01,47.200,0.03,47.200,0.04,47.200,0.10,47.200,0.02,47.200,0.01,47.200,0.01,47.200,0.01,47.200,0.02
47.250,-0.01,47.250,0.03,47.250,0.02,47.250,0.02,47.250,0.03,47.250,0.08,47.250,0.03,47.250,0.02,47.250,0.02,47.250,0.02,47.250,0.04
47.300,-0.01,47.300,0.01,47.300,0.02,47.300,0.03,47.300,0.02,47.300,0.08,47.300,0.02,47.300,0.02,47.300,0.01,47.300,0.02,47.300,0.04
47.350,-0.02,47.350,0.01,47.350,0.02,47.350,0.03,47.350,0.04,47.350,0.09,47.350,0.01,47.350,0.02,47.350,0.01,47.350,0.02,47.350,0.03
47.400,0.00,47.400,0.02,47.400,0.01,47.400,0.03,47.400,0.04,47.400,0.10,47.400,0.01,47.400,0.02,47.400,0.01,47.400,0.01,47.400,0.02
47.450,0.00,47.450,0.02,47.450,0.02,47.450,0.03,47.450,0.04,47.450,0.09,47.450,0.01,47.450,0.01,47.450,0.02,47.450,0.01,47.450,0.04
47.500,-0.01,47.500,0.02,47.500,0.01,47.500,0.02,47.500,0.03,47.500,0.09,47.500,0.01,47.500,0.03,47.500,0.03,47.500,0.01,47.500,0.02
47.550,-0.02,47.550,0.02,47.550,0.02,47.550,0.02,47.550,0.05,47.550,0.10,47.550,0.02,47.550,0.02,47.550,0.02,47.550,0.01,47.550,0.04
47.600,-0.01,47.600,0.01,47.600,0.01,47.600,0.03,47.600,0.04,47.600,0.10,47.600,0.02,47.600,0.02,47.600,0.02,47.600,0.02,47.600,0.02
47.650,-0.01,47.650,0.02,47.650,0.02,47.650,0.04,47.650,0.05,47.650,0.09,47.650,0.02,47.650,0.02,47.650,0.02,47.650,0.02,47.650,0.04
47.700,-0.02,47.700,0.02,47.700,0.02,47.700,0.03,47.700,0.05,47.700,0.09,47.700,0.01,47.700,0.02,47.700,0.02,47.700,0.02,47.700,0.03
47.750,-0.01,47.750,0.02,47.750,0.01,47.750,0.03,47.750,0.05,47.750,0.10,47.750,0.01,47.750,0.02,47.750,0.01,47.750,0.02,47.750,0.02
47.800,0.00,47.800,0.02,47.800,0.02,47.800,0.02,47.800,0.05,47.800,0.09,47.800,0.01,47.800,0.01,47.800,0.01,47.800,0.03,47.800,0.02
47.850,-0.01,47.850,0.02,47.850,0.02,47.850,0.04,47.850,0.04,47.850,0.09,47.850,0.01,47.850,0.03,47.850,0.01,47.850,0.02,47.850,0.03
47.900,-0.01,47.900,0.02,47.900,0.02,47.900,0.04,47.900,0.05,47.900,0.09,47.900,0.01,47.900,0.01,47.900,0.01,47.900,0.01,47.900,0.01
47.950,-0.01,47.950,0.02,47.950,0.01,47.950,0.02,47.950,0.05,47.950,0.08,47.950,0.01,47.950,0.02,47.950,0.00,47.950,0.02,47.950,0.02
48.000,-0.01,48.000,0.03,48.000,0.00,48.000,0.03,48.000,0.04,48.000,0.10,48.000,0.02,48.000,0.03,48.000,0.01,48.000,0.01,48.000,0.02
48.050,-0.01,48.050,0.02,48.050,0.01,48.050,0.04,48.050,0.04,48.050,0.10,48.050,0.02,48.050,0.02,48.050,0.01,48.050,0.02,48.050,0.03
48.100,-0.01,48.100,0.03,48.100,0.02,48.100,0.04,48.100,0.04,48.100,0.08,48.100,0.02,48.100,0.02,48.100,0.00,48.100,0.02,48.100,0.01
48.150,-0.01,48.150,0.02,48.150,0.01,48.150,0.03,48.150,0.04,48.150,0.09,48.150,0.02,48.150,0.01,48.150,0.00,48.150,0.03,48.150,0.01
48.200,-0.01,48.200,0.01,48.200,0.01,48.200,0.03,48.200,0.05,48.200,0.08,48.200,0.02,48.200,0.01,48.200,0.01,48.200,0.02,48.200,0.02
48.250,0.00,48.250,0.02,48.250,0.01,48.250,0.03,48.250,0.04,48.250,0.09,48.250,0.02,48.250,0.00,48.250,0.02,48.250,0.02,48.250,0.03
48.300,-0.01,48.300,0.01,48.300,0.02,48.300,0.03,48.300,0.05,48.300,0.09,48.300,0.02,48.300,0.00,48.300,0.01,48.300,0.02,48.300,0.02
48.350,-0.01,48.350,0.02,48.350,0.02,48.350,0.02,48.350,0.05,48.350,0.08,48.350,0.02,48.350,0.01,48.350,0.00,48.350,0.02,48.350,0.03
48.400,-0.02,48.400,0.02,48.400,0.01,48.400,0.03,48.400,0.04,48.400,0.09,48.400,0.01,48.400,0.01,48.400,0.02,48.400,0.02,48.400,0.03
48.450,-0.02,48.450,0.02,48.450,0.01,48.450,0.02,48.450,0.04,48.450,0.09,48.450,0.01,48.450,0.02,48.450,0.01,48.450,0.02,48.450,0.02
48.500,-0.02,48.500,0.02,48.500,0.02,48.500,0.02,48.500,0.06,48.500,0.10,48.500,0.02,48.500,0.01,48.500,0.01,48.500,0.02,48.500,0.02
48.550,-0.02,48.550,0.02,48.550,0.02,48.550,0.02,48.550,0.04,48.550,0.09,48.550,0.03,48.550,0.01,48.550,0.00,48.550,0.03,48.550,0.01
48.600,-0.02,48.600,0.03,48.600,0.03,48.600,0.02,48.600,0.05,48.600,0.10,48.600,0.02,48.600,0.02,48.600,0.01,48.600,0.01,48.600,0.02
48.650,-0.02,48.650,0.03,48.650,0.02,48.650,0.02,48.650,0.05,48.650,0.09,48.650,0.02,48.650,0.03,48.650,-0.01,48.650,0.02,48.650,0.02
48.700,-0.01,48.700,0.02,48.700,0.02,48.700,0.03,48.700,0.04,48.700,0.09,48.700,0.01,48.700,0.02,48.700,0.00,48.700,0.02,48.700,0.01
48.750,-0.01,48.750,0.03,48.750,0.02,48.750,0.02,48.750,0.04,48.750,0.10,48.750,0.01,48.750,0.02,48.750,0.00,48.750,0.02,48.750,0.01
48.800,-0.01,48.800,0.04,48.800,0.03,48.800,0.02,48.800,0.04,48.800,0.10,48.800,0.01,48.800,0.02,48.800,0.00,48.800,0.01,48.800,0.02
48.850,-0.02,48.850,0.03,48.850,0.02,48.850,0.03,48.850,0.06,48.850,0.10,48.850,0.01,48.850,0.03,48.850,0.00,48.850,0.02,48.850,0.02
48.900,-0.01,48.900,0.04,48.900,0.02,48.900,0.03,48.900,0.04,48.900,0.11,48.900,0.02,48.900,0.02,48.900,0.01,48.900,0.03,48.900,0.03
48.950,-0.02,48.950,0.03,48.950,0.02,48.950,0.03,48.950,0.05,48.950,0.09,48.950,0.02,48.950,0.02,48.950,0.00,48.950,0.03,48.950,0.03
49.000,-0.02,49.000,0.03,49.000,0.02,49.000,0.02,49.000,0.04,49.000,0.09,49.000,0.03,49.000,0.01,49.000,-0.01,49.000,0.03,49.000,0.03
49.050,0.00,49.050,0.03,49.050,0.01,49.050,0.03,49.050,0.04,49.050,0.09,49.050,0.02,49.050,0.00,49.050,0.01,49.050,0.02,49.050,0.03
49.100,0.00,49.100,0.02,49.100,0.02,49.100,0.03,49.100,0.03,49.100,0.10,49.100,0.02,49.100,0.00,49.100,0.00,49.100,0.01,49.100,0.02
49.150,0.00,49.150,0.02,49.150,0.03,49.150,0.04,49.150,0.04,49.150,0.09,49.150,0.01,49.150,0.01,49.150,0.01,49.150,0.01,49.150,0.02
49.200,0.00,49.200,0.02,49.200,0.02,49.200,0.03,49.200,0.04,49.200,0.12,49.200,0.02,49.200,0.01,49.200,0.01,49.200,0.01,49.200,0.03
49.250,-0.01,49.250,0.01,49.250,0.01,49.250,0.03,49.250,0.03,49.250,0.10,49.250,0.03,49.250,0.01,49.250,0.01,49.250,0.01,49.250,0.03
49.300,-0.01,49.300,0.01,49.300,0.01,49.300,0.02,49.300,0.04,49.300,0.10,49.300,0.02,49.300,0.00,49.300,0.00,49.300,0.03,49.300,0.02
49.350,-0.02,49.350,0.02,49.350,0.02,49.350,0.01,49.350,0.04,49.350,0.09,49.350,0.03,49.350,0.01,49.350,0.01,49.350,0.01,49.350,0.01
49.400,-0.01,49.400,0.03,49.400,0.02,49.400,0.02,49.400,0.04,49.400,0.10,49.400,0.02,49.400,0.01,49.400,0.01,49.400,0.02,49.400,0.02
49.450,-0.01,49.450,0.02,49.450,0.02,49.450,0.02,49.450,0.04,49.450,0.08,49.450,0.02,49.450,0.02,49.450,0.00,49.450,0.01,49.450,0.02
49.500,0.00,49.500,0.01,49.500,0.02,49.500,0.02,49.500,0.04,49.500,0.09,49.500,0.02,49.500,0.02,49.500,0.01,49.500,0.01,49.500,0.02
49.550,0.00,49.550,0.02,49.550,0.02,49.550,0.02,49.550,0.05,49.550,0.09,49.550,0.02,49.550,0.02,49.550,0.00,49.550,0.02,49.550,0.03
49.600,-0.01,49.600,0.03,49.600,0.01,49.600,0.01,49.600,0.04,49.600,0.10,49.600,0.01,49.600,0.01,49.600,0.01,49.600,0.01,49.600,0.03
49.650,-0.01,49.650,0.02,49.650,0.01,49.650,0.01,49.650,0.05,49.650,0.09,49.650,0.01,49.650,0.02,49.650,0.01,49.650,0.01,49.650,0.04
49.700,-0.02,49.700,0.02,49.700,0.01,49.700,0.02,49.700,0.04,49.700,0.09,49.700,0.01,49.700,0.02,49.700,0.01,49.700,0.02,49.700,0.04
49.750,-0.02,49.750,0.04,49.750,0.02,49.750,0.01,49.750,0.04,49.750,0.09,49.750,0.02,49.750,0.01,49.750,0.01,49.750,0.01,49.750,0.03
49.800,-0.01,49.800,0.04,49.800,0.02,49.800,0.02,49.800,0.05,49.800,0.09,49.800,0.02,49.800,0.01,49.800,0.01,49.800,0.02,49.800,0.05
49.850,-0.01,49.850,0.02,49.850,0.01,49.850,0.01,49.850,0.04,49.850,0.09,49.850,0.01,49.850,0.01,49.850,0.00,49.850,0.02,49.850,0.04
49.900,-0.01,49.900,0.02,49.900,0.03,49.900,0.02,49.900,0.05,49.900,0.08,49.900,0.01,49.900,0.01,49.900,0.01,49.900,0.02,49.900,0.03
49.950,0.00,49.950,0.02,49.950,0.04,49.950,0.01,49.950,0.04,49.950,0.09,49.950,0.01,49.950,0.02,49.950,0.01,49.950,0.02,49.950,0.03
50.000,-0.02,50.000,0.01,50.000,0.03,50.000,0.01,50.000,0.04,50.000,0.08,50.000,0.01,50.000,0.02,50.000,0.02,50.000,0.01,50.000,0.03
50.050,0.00,50.050,0.02,50.050,0.04,50.050,0.02,50.050,0.04,50.050,0.09,50.050,0.01,50.050,0.02,50.050,0.01,50.050,0.01,50.050,0.04
50.100,0.01,50.100,0.02,50.100,0.04,50.100,0.02,50.100,0.03,50.100,0.10,50.100,0.02,50.100,0.01,50.100,0.03,50.100,0.01,50.100,0.02
50.150,0.01,50.150,0.02,50.150,0.03,50.150,0.01,50.150,0.04,50.150,0.10,50.150,0.01,50.150,0.01,50.150,0.02,50.150,0.02,50.150,0.02
50.200,0.01,50.200,0.02,50.200,0.03,50.200,0.02,50.200,0.02,50.200,0.09,50.200,0.02,50.200,0.01,50.200,0.02,50.200,0.02,50.200,0.03
50.250,0.00,50.250,0.01,50.250,0.04,50.250,0.03,50.250,0.02,50.250,0.09,50.250,0.02,50.250,0.01,50.250,0.04,50.250,0.02,50.250,0.03
50.300,-0.01,50.300,0.02,50.300,0.03,50.300,0.03,50.300,0.03,50.300,0.10,50.300,0.02,50.300,0.01,50.300,0.02,50.300,0.02,50.300,0.02
50.350,-0.01,50.350,0.02,50.350,0.03,50.350,0.03,50.350,0.03,50.350,0.10,50.350,0.01,50.350,0.02,50.350,0.01,50.350,0.02,50.350,0.02
50.400,-0.01,50.400,0.03,50.400,0.03,50.400,0.02,50.400,0.03,50.400,0.09,50.400,0.01,50.400,0.01,50.400,0.02,50.400,0.01,50.400,0.03
50.450,-0.01,50.450,0.02,50.450,0.03,50.450,0.03,50.450,0.05,50.450,0.09,50.450,0.01,50.450,0.01,50.450,0.02,50.450,0.02,50.450,0.04
50.500,-0.02,50.500,0.02,50.500,0.03,50.500,0.04,50.500,0.04,50.500,0.09,50.500,0.01,50.500,0.00,50.500,0.02,50.500,0.02,50.500,0.04
50.550,-0.01,50.550,0.01,50.550,0.02,50.550,0.03,50.550,0.03,50.550,0.09,50.550,0.02,50.550,0.01,50.550,0.02,50.550,0.02,50.550,0.05
50.600,-0.01,50.600,0.01,50.600,0.01,50.600,0.02,50.600,0.03,50.600,0.10,50.600,0.02,50.600,0.02,50.600,0.01,50.600,0.03,50.600,0.03
50.650,-0.02,50.650,0.01,50.650,0.01,50.650,0.02,50.650,0.03,50.650,0.09,50.650,0.00,50.650,0.03,50.650,0.03,50.650,0.02,50.650,0.04
50.700,-0.01,50.700,0.01,50.700,0.02,50.700,0.02,50.700,0.05,50.700,0.10,50.700,0.02,50.700,0.01,50.700,0.02,50.700,0.03,50.700,0.04
50.750,-0.01,50.750,0.01,50.750,0.04,50.750,0.02,50.750,0.04,50.750,0.09,50.750,0.02,50.750,0.01,50.750,0.02,50.750,0.02,50.750,0.04
50.800,-0.01,50.800,0.01,50.800,0.02,50.800,0.02,50.800,0.05,50.800,0.08,50.800,0.01,50.800,0.02,50.800,0.01,50.800,0.04,50.800,0.06
50.850,0.00,50.850,0.03,50.850,0.02,50.850,0.02,50.850,0.05,50.850,0.09,50.850,0.01,50.850,0.02,50.850,0.02,50.850,0.04,50.850,0.03
50.900,0.00,50.900,0.01,50.900,0.02,50.900,0.02,50.900,0.04,50.900,0.09,50.900,0.01,50.900,0.02,50.900,0.00,50.900,0.04,50.900,0.04
50.950,0.01,50.950,0.02,50.950,0.03,50.950,0.02,50.950,0.04,50.950,0.08,50.950,0.02,50.950,0.01,50.950,0.01,50.950,0.02,50.950,0.03
51.000,0.00,51.000,0.03,51.000,0.02,51.000,0.03,51.000,0.03,51.000,0.09,51.000,0.02,51.000,0.01,51.000,0.02,51.000,0.03,51.000,0.04
51.050,-0.01,51.050,0.02,51.050,0.02,51.050,0.03,51.050,0.03,51.050,0.08,51.050,0.02,51.050,0.01,51.050,0.01,51.050,0.02,51.050,0.03
51.100,-0.01,51.100,0.01,51.100,0.02,51.100,0.02,51.100,0.04,51.100,0.08,51.100,0.01,51.100,0.01,51.100,0.01,51.100,0.02,51.100,0.04
51.150,0.00,51.150,0.02,51.150,0.02,51.150,0.02,51.150,0.05,51.150,0.10,51.150,0.01,51.150,0.02,51.150,0.01,51.150,0.04,51.150,0.04
51.200,0.01,51.200,0.02,51.200,0.01,51.200,0.02,51.200,0.04,51.200,0.09,51.200,0.00,51.200,0.02,51.200,0.01,51.200,0.03,51.200,0.05
51.250,-0.01,51.250,0.02,51.250,0.01,51.250,0.03,51.250,0.05,51.250,0.09,51.250,0.01,51.250,0.01,51.250,0.01,51.250,0.03,51.250,0.02
51.300,-0.01,51.300,0.02,51.300,0.02,51.300,0.02,51.300,0.05,51.300,0.09,51.300,0.02,51.300,0.00,51.300,0.01,51.300,0.02,51.300,0.03
51.350,-0.02,51.350,0.02,51.350,0.02,51.350,0.02,51.350,0.05,51.350,0.08,51.350,0.03,51.350,0.01,51.350,0.00,51.350,0.02,51.350,0.03
51.400,-0.01,51.400,0.02,51.400,0.01,51.400,0.03,51.400,0.04,51.400,0.08,51.400,0.02,51.400,0.00,51.400,0.01,51.400,0.01,51.400,0.03
51.450,-0.01,51.450,0.01,51.450,0.02,51.450,0.03,51.450,0.05,51.450,0.09,51.450,0.01,51.450,0.00,51.450,0.01,51.450,0.02,51.450,0.03
51.500,-0.02,51.500,0.01,51.500,0.03,51.500,0.03,51.500,0.05,51.500,0.09,51.500,0.02,51.500,0.01,51.500,0.01,51.500,0.02,51.500,0.04
51.550,-0.01,51.550,0.01,51.550,0.02,51.550,0.03,51.550,0.07,51.550,0.08,51.550,0.01,51.550,0.01,51.550,0.02,51.550,0.02,51.550,0.05
51.600,0.00,51.600,0.02,51.600,0.03,51.600,0.04,51.600,0.06,51.600,0.08,51.600,0.01,51.600,0.02,51.600,0.02,51.600,0.02,51.600,0.02
51.650,-0.01,51.650,0.03,51.650,0.02,51.650,0.03,51.650,0.05,51.650,0.08,51.650,0.00,51.650,0.01,51.650,0.01,51.650,0.02,51.650,0.03
51.700,0.00,51.700,0.01,51.700,0.03,51.700,0.02,51.700,0.04,51.700,0.09,51.700,0.01,51.700,0.01,51.700,0.01,51.700,0.02,51.700,0.02
51.750,0.00,51.750,0.01,51.750,0.02,51.750,0.03,51.750,0.05,51.750,0.09,51.750,0.01,51.750,0.00,51.750,0.01,51.750,0.02,51.750,0.02
51.800,0.00,51.800,0.01,51.800,0.02,51.800,0.02,51.800,0.06,51.800,0.09,51.800,0.01,51.800,0.01,51.800,0.01,51.800,0.02,51.800,0.03
51.850,0.00,51.850,0.01,51.850,0.03,51.850,0.03,51.850,0.05,51.850,0.09,51.850,0.02,51.850,0.02,51.850,0.02,51.850,0.02,51.850,0.04
51.900,-0.01,51.900,0.02,51.900,0.02,51.900,0.02,51.900,0.05,51.900,0.09,51.900,0.01,51.900,0.01,51.900,0.01,51.900,0.01,51.900,0.04
51.950,-0.01,51.950,0.02,51.950,0.02,51.950,0.03,51.950,0.04,51.950,0.10,51.950,0.02,51.950,0.02,51.950,0.01,51.950,0.02,51.950,0.03
52.000,0.01,52.000,0.01,52.000,0.03,52.000,0.02,52.000,0.05,52.000,0.09,52.000,0.02,52.000,0.01,52.000,0.00,52.000,0.02,52.000,0.03
52.050,-0.01,52.050,0.01,52.050,0.01,52.050,0.02,52.050,0.05,52.050,0.09,52.050,0.02,52.050,0.01,52.050,0.01,52.050,0.02,52.050,0.02
52.100,-0.01,52.100,0.00,52.100,0.02,52.100,0.04,52.100,0.04,52.100,0.09,52.100,0.03,52.100,0.01,52.100,0.00,52.100,0.03,52.100,0.03
52.150,-0.01,52.150,0.01,52.150,0.02,52.150,0.02,52.150,0.05,52.150,0.09,52.150,0.03,52.150,0.01,52.150,0.02,52.150,0.02,52.150,0.02
52.200,-0.01,52.200,0.00,52.200,0.01,52.200,0.03,52.200,0.05,52.200,0.10,52.200,0.01,52.200,0.00,52.200,0.01,52.200,0.05,52.200,0.03
52.250,-0.02,52.250,0.00,52.250,0.01,52.250,0.02,52.250,0.04,52.250,0.10,52.250,0.01,52.250,0.01,52.250,0.01,52.250,0.04,52.250,0.04
52.300,-0.02,52.300,0.01,52.300,0.02,52.300,0.03,52.300,0.05,52.300,0.10,52.300,0.01,52.300,0.01,52.300,0.01,52.300,0.03,52.300,0.05
52.350,0.00,52.350,0.01,52.350,0.01,52.350,0.02,52.350,0.06,52.350,0.11,52.350,0.01,52.350,0.00,52.350,0.02,52.350,0.03,52.350,0.02
52.400,-0.01,52.400,0.00,52.400,0.01,52.400,0.02,52.400,0.04,52.400,0.10,52.400,0.01,52.400,0.00,52.400,0.01,52.400,0.03,52.400,0.03
52.450,-0.01,52.450,0.01,52.450,0.01,52.450,0.03,52.450,0.04,52.450,0.10,52.450,0.02,52.450,0.01,52.450,0.01,52.450,0.04,52.450,0.04
52.500,-0.01,52.500,0.00,52.500,0.01,52.500,0.03,52.500,0.04,52.500,0.09,52.500,0.02,52.500,0.01,52.500,0.01,52.500,0.02,52.500,0.03
52.550,-0.01,52.550,0.01,52.550,0.01,52.550,0.02,52.550,0.05,52.550,0.09,52.550,0.01,52.550,0.01,52.550,0.01,52.550,0.03,52.550,0.04
52.600,-0.02,52.600,0.01,52.600,0.01,52.600,0.01,52.600,0.04,52.600,0.10,52.600,0.02,52.600,0.00,52.600,0.01,52.600,0.02,52.600,0.06
52.650,-0.02,52.650,0.02,52.650,0.01,52.650,0.01,52.650,0.04,52.650,0.08,52.650,0.02,52.650,0.01,52.650,0.01,52.650,0.03,52.650,0.05
52.700,-0.02,52.700,0.02,52.700,0.01,52.700,0.02,52.700,0.04,52.700,0.08,52.700,0.03,52.700,0.01,52.700,0.01,52.700,0.03,52.700,0.04
52.750,-0.01,52.750,0.02,52.750,0.01,52.750,0.02,52.750,0.03,52.750,0.07,52.750,0.01,52.750,0.02,52.750,0.00,52.750,0.03,52.750,0.03
52.800,0.00,52.800,0.01,52.800,0.01,52.800,0.02,52.800,0.03,52.800,0.08,52.800,0.02,52.800,0.02,52.800,0.01,52.800,0.03,52.800,0.03
52.850,-0.01,52.850,0.02,52.850,0.01,52.850,0.02,52.850,0.05,52.850,0.06,52.850,0.02,52.850,0.01,52.850,0.00,52.850,0.02,52.850,0.04
52.900,-0.01,52.900,0.01,52.900,0.01,52.900,0.02,52.900,0.02,52.900,0.09,52.900,0.01,52.900,0.02,52.900,0.01,52.900,0.01,52.900,0.04
52.950,0.00,52.950,0.01,52.950,0.02,52.950,0.03,52.950,0.03,52.950,0.08,52.950,0.02,52.950,0.02,52.950,0.02,52.950,0.01,52.950,0.04
53.000,0.00,53.000,0.01,53.000,-0.01,53.000,0.04,53.000,0.03,53.000,0.08,53.000,0.03,53.000,0.03,53.000,0.01,53.000,0.01,53.000,0.04
53.050,0.01,53.050,0.00,53.050,0.00,53.050,0.02,53.050,0.02,53.050,0.09,53.050,0.01,53.050,0.01,53.050,0.01,53.050,0.01,53.050,0.03
53.100,-0.01,53.100,0.01,53.100,0.01,53.100,0.02,53.100,0.02,53.100,0.08,53.100,0.01,53.100,0.00,53.100,0.01,53.100,0.02,53.100,0.03
53.150,-0.01,53.150,0.00,53.150,0.02,53.150,0.02,53.150,0.03,53.150,0.06,53.150,0.01,53.150,0.01,53.150,0.01,53.150,0.00,53.150,0.04
53.200,0.00,53.200,0.01,53.200,0.00,53.200,0.02,53.200,0.04,53.200,0.05,53.200,0.01,53.200,0.01,53.200,0.00,53.200,0.01,53.200,0.05
53.250,-0.01,53.250,0.01,53.250,0.01,53.250,0.02,53.250,0.03,53.250,0.07,53.250,0.01,53.250,0.02,53.250,0.00,53.250,0.01,53.250,0.04
53.300,0.00,53.300,0.02,53.300,0.00,53.300,0.03,53.300,0.02,53.300,0.08,53.300,-0.01,53.300,0.02,53.300,0.01,53.300,0.02,53.300,0.02
53.350,-0.01,53.350,0.03,53.350,0.00,53.350,0.04,53.350,0.03,53.350,0.09,53.350,-0.01,53.350,0.01,53.350,0.01,53.350,0.02,53.350,0.03
53.400,-0.01,53.400,0.03,53.400,0.01,53.400,0.03,53.400,0.03,53.400,0.08,53.400,0.01,53.400,0.02,53.400,0.02,53.400,0.02,53.400,0.04
53.450,-0.01,53.450,0.02,53.450,0.00,53.450,0.03,53.450,0.03,53.450,0.09,53.450,0.01,53.450,0.01,53.450,0.03,53.450,0.01,53.450,0.03
53.500,-0.01,53.500,0.01,53.500,0.01,53.500,0.04,53.500,0.03,53.500,0.09,53.500,0.01,53.500,0.02,53.500,0.02,53.500,0.02,53.500,0.04
53.550,-0.01,53.550,0.01,53.550,0.00,53.550,0.04,53.550,0.04,53.550,0.09,53.550,0.01,53.550,0.01,53.550,0.01,53.550,0.02,53.550,0.04
53.600,-0.01,53.600,0.02,53.600,0.00,53.600,0.03,53.600,0.03,53.600,0.08,53.600,0.01,53.600,0.01,53.600,0.02,53.600,0.02,53.600,0.05
53.650,-0.01,53.650,0.01,53.650,0.01,53.650,0.03,53.650,0.05,53.650,0.09,53.650,0.00,53.650,0.01,53.650,0.02,53.650,0.03,53.650,0.04
53.700,-0.02,53.700,0.02,53.700,0.01,53.700,0.03,53.700,0.02,53.700,0.08,53.700,0.01,53.700,0.01,53.700,0.01,53.700,0.02,53.700,0.04
53.750,-0.02,53.750,0.02,53.750,0.01,53.750,0.04,53.750,0.04,53.750,0.08,53.750,0.01,53.750,0.01,53.750,0.02,53.750,0.02,53.750,0.03
53.800,-0.01,53.800,0.03,53.800,0.01,53.800,0.03,53.800,0.02,53.800,0.10,53.800,0.01,53.800,0.00,53.800,0.01,53.800,0.01,53.800,0.03
53.850,-0.02,53.850,0.03,53.850,0.01,53.850,0.03,53.850,0.02,53.850,0.08,53.850,0.03,53.850,0.00,53.850,0.00,53.850,0.02,53.850,0.03
53.900,-0.01,53.900,0.03,53.900,0.01,53.900,0.02,53.900,0.03,53.900,0.08,53.900,0.01,53.900,0.02,53.900,0.01,53.900,0.01,53.900,0.03
53.950,-0.01,53.950,0.03,53.950,0.00,53.950,0.02,53.950,0.03,53.950,0.08,53.950,0.02,53.950,0.02,53.950,0.02,53.950,0.01,53.950,0.06
54.000,-0.01,54.000,0.04,54.000,0.00,54.000,0.02,54.000,0.02,54.000,0.08,54.000,0.03,54.000,0.01,54.000,0.03,54.000,0.01,54.000,0.05
54.050,-0.01,54.050,0.03,54.050,0.01,54.050,0.02,54.050,0.03,54.050,0.08,54.050,0.03,54.050,0.02,54.050,0.02,54.050,0.01,54.050,0.05
54.100,-0.01,54.100,0.02,54.100,0.00,54.100,0.02,54.100,0.03,54.100,0.08,54.100,0.03,54.100,0.01,54.100,0.02,54.100,0.01,54.100,0.05
54.150,-0.01,54.150,0.02,54.150,-0.01,54.150,0.03,54.150,0.02,54.150,0.09,54.150,0.02,54.150,0.01,54.150,0.02,54.150,0.01,54.150,0.03
54.200,-0.01,54.200,0.01,54.200,-0.01,54.200,0.03,54.200,0.02,54.200,0.10,54.200,0.03,54.200,0.00,54.200,0.02,54.200,0.01,54.200,0.03
54.250,-0.01,54.250,0.01,54.250,0.00,54.250,0.02,54.250,0.02,54.250,0.08,54.250,0.02,54.250,0.01,54.250,0.01,54.250,0.01,54.250,0.03
54.300,-0.01,54.300,0.01,54.300,0.01,54.300,0.02,54.300,0.03,54.300,0.09,54.300,0.03,54.300,0.02,54.300,0.01,54.300,0.02,54.300,0.04
54.350,-0.01,54.350,0.01,54.350,0.00,54.350,0.03,54.350,0.02,54.350,0.10,54.350,0.04,54.350,0.02,54.350,0.00,54.350,0.02,54.350,0.04
54.400,-0.01,54.400,0.02,54.400,0.00,54.400,0.02,54.400,0.04,54.400,0.09,54.400,0.03,54.400,0.02,54.400,0.00,54.400,0.01,54.400,0.05
54.450,-0.01,54.450,0.03,54.450,0.00,54.450,0.02,54.450,0.04,54.450,0.07,54.450,0.03,54.450,0.02,54.450,0.01,54.450,0.02,54.450,0.04
54.500,-0.01,54.500,0.03,54.500,0.01,54.500,0.02,54.500,0.03,54.500,0.08,54.500,0.02,54.500,0.02,54.500,0.01,54.500,0.00,54.500,0.05
54.550,0.00,54.550,0.02,54.550,0.01,54.550,0.02,54.550,0.04,54.550,0.08,54.550,0.02,54.550,0.02,54.550,0.01,54.550,0.01,54.550,0.03
54.600,-0.01,54.600,0.04,54.600,0.01,54.600,0.02,54.600,0.02,54.600,0.10,54.600,0.02,54.600,0.01,54.600,0.01,54.600,0.01,54.600,0.03
54.650,-0.02,54.650,0.03,54.650,0.01,54.650,0.02,54.650,0.04,54.650,0.10,54.650,0.02,54.650,0.02,54.650,0.01,54.650,0.02,54.650,0.05
54.700,-0.01,54.700,0.03,54.700,0.01,54.700,0.03,54.700,0.03,54.700,0.09,54.700,0.02,54.700,0.01,54.700,0.00,54.700,0.01,54.700,0.03
54.750,-0.02,54.750,0.04,54.750,0.01,54.750,0.02,54.750,0.02,54.750,0.10,54.750,0.02,54.750,0.02,54.750,0.00,54.750,0.01,54.750,0.05
54.800,-0.01,54.800,0.02,54.800,0.01,54.800,0.02,54.800,0.02,54.800,0.10,54.800,0.02,54.800,0.01,54.800,0.01,54.800,0.00,54.800,0.04
54.850,-0.02,54.850,0.01,54.850,0.01,54.850,0.01,54.850,0.04,54.850,0.11,54.850,0.02,54.850,0.02,54.850,0.01,54.850,0.01,54.850,0.04
54.900,-0.01,54.900,0.02,54.900,0.00,54.900,0.02,54.900,0.02,54.900,0.10,54.900,0.03,54.900,0.01,54.900,0.01,54.900,0.02,54.900,0.04
54.950,-0.01,54.950,0.03,54.950,0.00,54.950,0.01,54.950,0.03,54.950,0.09,54.950,0.02,54.950,0.00,54.950,0.00,54.950,0.02,54.950,0.05
55.000,-0.02,55.000,0.01,55.000,0.00,55.000,0.03,55.000,0.04,55.000,0.09,55.000,0.02,55.000,0.01,55.000,0.00,55.000,0.01,55.000,0.04
55.050,-0.02,55.050,0.02,55.050,0.00,55.050,0.02,55.050,0.04,55.050,0.09,55.050,0.03,55.050,0.00,55.050,0.00,55.050,0.02,55.050,0.03
55.100,-0.02,55.100,0.02,55.100,0.01,55.100,0.00,55.100,0.03,55.100,0.09,55.100,0.02,55.100,0.00,55.100,-0.01,55.100,0.02,55.100,0.04
55.150,-0.02,55.150,0.02,55.150,0.00,55.150,0.02,55.150,0.04,55.150,0.10,55.150,0.03,55.150,0.01,55.150,0.00,55.150,0.02,55.150,0.04
55.200,-0.02,55.200,0.02,55.200,0.00,55.200,0.02,55.200,0.03,55.200,0.09,55.200,0.02,55.200,0.00,55.200,0.00,55.200,0.01,55.200,0.04
55.250,-0.01,55.250,0.02,55.250,0.00,55.250,0.02,55.250,0.03,55.250,0.09,55.250,0.02,55.250,0.01,55.250,0.00,55.250,0.01,55.250,0.03
55.300,-0.02,55.300,0.01,55.300,0.01,55.300,0.02,55.300,0.04,55.300,0.09,55.300,0.03,55.300,0.01,55.300,0.00,55.300,0.01,55.300,0.02
55.350,-0.02,55.350,0.02,55.350,0.00,55.350,0.02,55.350,0.04,55.350,0.08,55.350,0.02,55.350,-0.01,55.350,0.00,55.350,0.01,55.350,0.02
55.400,-0.02,55.400,0.03,55.400,0.02,55.400,0.04,55.400,0.04,55.400,0.08,55.400,0.02,55.400,0.01,55.400,0.00,55.400,0.00,55.400,0.04
55.450,-0.03,55.450,0.02,55.450,0.01,55.450,0.02,55.450,0.03,55.450,0.09,55.450,0.03,55.450,0.01,55.450,0.00,55.450,0.02,55.450,0.04
55.500,-0.02,55.500,0.04,55.500,0.01,55.500,0.02,55.500,0.04,55.500,0.09,55.500,0.04,55.500,0.01,55.500,0.01,55.500,0.01,55.500,0.04
55.550,-0.03,55.550,0.03,55.550,0.01,55.550,0.02,55.550,0.04,55.550,0.08,55.550,0.03,55.550,0.00,55.550,-0.01,55.550,0.02,55.550,0.04
55.600,-0.02,55.600,0.03,55.600,0.01,55.600,0.02,55.600,0.03,55.600,0.07,55.600,0.02,55.600,0.00,55.600,-0.01,55.600,0.01,55.600,0.04
55.650,-0.03,55.650,0.02,55.650,0.00,55.650,0.02,55.650,0.05,55.650,0.07,55.650,0.03,55.650,0.00,55.650,0.01,55.650,0.01,55.650,0.04
55.700,-0.02,55.700,0.04,55.700,0.01,55.700,0.02,55.700,0.04,55.700,0.08,55.700,0.03,55.700,0.01,55.700,0.03,55.700,0.01,55.700,0.03
55.750,-0.02,55.750,0.02,55.750,0.01,55.750,0.02,55.750,0.05,55.750,0.08,55.750,0.01,55.750,0.01,55.750,0.01,55.750,0.01,55.750,0.03
55.800,-0.03,55.800,0.03,55.800,0.02,55.800,0.03,55.800,0.05,55.800,0.08,55.800,0.02,55.800,0.00,55.800,0.01,55.800,0.01,55.800,0.03
55.850,-0.01,55.850,0.02,55.850,0.01,55.850,0.02,55.850,0.05,55.850,0.08,55.850,0.02,55.850,0.01,55.850,0.01,55.850,0.01,55.850,0.02
55.900,-0.02,55.900,0.04,55.900,0.01,55.900,0.02,55.900,0.05,55.900,0.08,55.900,0.02,55.900,0.01,55.900,0.01,55.900,0.01,55.900,0.03
55.950,-0.01,55.950,0.02,55.950,0.01,55.950,0.01,55.950,0.05,55.950,0.07,55.950,0.02,55.950,0.01,55.950,0.02,55.950,0.00,55.950,0.04
56.000,-0.02,56.000,0.04,56.000,0.01,56.000,0.02,56.000,0.04,56.000,0.09,56.000,0.02,56.000,0.01,56.000,0.01,56.000,0.00,56.000,0.03
56.050,-0.01,56.050,0.04,56.050,0.02,56.050,0.01,56.050,0.03,56.050,0.09,56.050,0.02,56.050,0.01,56.050,0.01,56.050,0.00,56.050,0.03
56.100,-0.01,56.100,0.04,56.100,0.01,56.100,0.01,56.100,0.04,56.100,0.08,56.100,0.02,56.100,0.01,56.100,0.01,56.100,0.01,56.100,0.04
56.150,-0.01,56.150,0.04,56.150,0.02,56.150,0.01,56.150,0.04,56.150,0.08,56.150,0.04,56.150,0.01,56.150,0.02,56.150,0.01,56.150,0.03
56.200,-0.02,56.200,0.02,56.200,0.02,56.200,0.01,56.200,0.05,56.200,0.07,56.200,0.04,56.200,0.01,56.200,0.02,56.200,0.00,56.200,0.02
56.250,-0.01,56.250,0.04,56.250,0.02,56.250,0.01,56.250,0.04,56.250,0.08,56.250,0.01,56.250,0.01,56.250,0.01,56.250,0.01,56.250,0.02
56.300,-0.01,56.300,0.03,56.300,0.02,56.300,0.01,56.300,0.05,56.300,0.08,56.300,0.01,56.300,0.01,56.300,0.01,56.300,0.01,56.300,0.02
56.350,-0.02,56.350,0.03,56.350,0.02,56.350,0.02,56.350,0.04,56.350,0.09,56.350,0.02,56.350,0.02,56.350,0.01,56.350,0.01,56.350,0.01
56.400,-0.01,56.400,0.03,56.400,0.02,56.400,0.00,56.400,0.06,56.400,0.09,56.400,0.02,56.400,0.02,56.400,0.01,56.400,0.01,56.400,0.01
56.450,-0.02,56.450,0.04,56.450,0.01,56.450,-0.01,56.450,0.04,56.450,0.09,56.450,0.01,56.450,0.02,56.450,0.01,56.450,0.01,56.450,0.02
56.500,-0.02,56.500,0.03,56.500,0.02,56.500,0.01,56.500,0.05,56.500,0.08,56.500,0.02,56.500,0.02,56.500,0.02,56.500,0.02,56.500,0.00
56.550,-0.01,56.550,0.03,56.550,0.02,56.550,0.01,56.550,0.02,56.550,0.08,56.550,0.03,56.550,0.02,56.550,0.01,56.550,0.00,56.550,0.01
56.600,0.00,56.600,0.01,56.600,0.02,56.600,0.01,56.600,0.04,56.600,0.08,56.600,0.03,56.600,0.02,56.600,0.02,56.600,0.01,56.600,0.03
56.650,0.01,56.650,0.02,56.650,0.02,56.650,0.01,56.650,0.05,56.650,0.08,56.650,0.03,56.650,0.01,56.650,0.03,56.650,0.02,56.650,0.04
56.700,0.01,56.700,0.02,56.700,0.02,56.700,0.01,56.700,0.03,56.700,0.09,56.700,0.03,56.700,0.02,56.700,0.02,56.700,0.02,56.700,0.03
56.750,0.01,56.750,0.01,56.750,0.02,56.750,0.00,56.750,0.04,56.750,0.09,56.750,0.03,56.750,0.02,56.750,0.02,56.750,0.01,56.750,0.03
56.800,0.01,56.800,0.01,56.800,0.02,56.800,0.01,56.800,0.04,56.800,0.09,56.800,0.02,56.800,0.02,56.800,0.01,56.800,0.02,56.800,0.02
56.850,0.01,56.850,0.02,56.850,0.02,56.850,0.00,56.850,0.04,56.850,0.08,56.850,0.02,56.850,0.02,56.850,0.01,56.850,0.02,56.850,0.02
56.900,0.01,56.900,0.02,56.900,0.01,56.900,0.00,56.900,0.04,56.900,0.08,56.900,0.02,56.900,0.01,56.900,0.02,56.900,0.01,56.900,0.03
56.950,0.00,56.950,0.02,56.950,0.01,56.950,0.01,56.950,0.05,56.950,0.08,56.950,0.02,56.950,0.01,56.950,0.02,56.950,0.00,56.950,0.02
57.000,0.00,57.000,0.02,57.000,0.02,57.000,0.01,57.000,0.04,57.000,0.08,57.000,0.02,57.000,0.01,57.000,0.01,57.000,0.01,57.000,0.02
57.050,0.00,57.050,0.01,57.050,0.02,57.050,0.01,57.050,0.05,57.050,0.08,57.050,0.02,57.050,0.02,57.050,0.02,57.050,0.02,57.050,0.02
57.100,0.00,57.100,0.02,57.100,0.02,57.100,0.01,57.100,0.05,57.100,0.08,57.100,0.03,57.100,0.02,57.100,0.02,57.100,0.03,57.100,0.03
57.150,0.00,57.150,0.01,57.150,0.03,57.150,0.02,57.150,0.04,57.150,0.08,57.150,0.02,57.150,0.01,57.150,0.01,57.150,0.02,57.150,0.03
57.200,0.01,57.200,0.01,57.200,0.02,57.200,0.02,57.200,0.04,57.200,0.07,57.200,0.03,57.200,0.01,57.200,0.01,57.200,0.02,57.200,0.02
57.250,-0.01,57.250,0.02,57.250,0.02,57.250,0.00,57.250,0.06,57.250,0.07,57.250,0.02,57.250,0.02,57.250,0.01,57.250,0.02,57.250,0.02
57.300,-0.01,57.300,0.02,57.300,0.02,57.300,0.00,57.300,0.04,57.300,0.06,57.300,0.02,57.300,0.02,57.300,0.02,57.300,0.03,57.300,0.02
57.350,-0.01,57.350,0.03,57.350,0.02,57.350,0.01,57.350,0.04,57.350,0.06,57.350,0.03,57.350,0.01,57.350,0.01,57.350,0.02,57.350,0.01
57.400,0.00,57.400,0.02,57.400,0.02,57.400,0.02,57.400,0.05,57.400,0.06,57.400,0.02,57.400,0.01,57.400,0.02,57.400,0.01,57.400,0.02
57.450,-0.01,57.450,0.02,57.450,0.02,57.450,0.01,57.450,0.03,57.450,0.07,57.450,0.01,57.450,0.01,57.450,0.00,57.450,0.01,57.450,0.02
57.500,-0.01,57.500,0.02,57.500,0.01,57.500,0.01,57.500,0.04,57.500,0.06,57.500,0.02,57.500,0.01,57.500,0.01,57.500,0.02,57.500,0.01
57.550,0.00,57.550,0.02,57.550,0.01,57.550,0.01,57.550,0.03,57.550,0.07,57.550,0.02,57.550,0.00,57.550,0.01,57.550,0.02,57.550,0.02
57.600,0.00,57.600,0.03,57.600,0.01,57.600,0.00,57.600,0.04,57.600,0.08,57.600,0.03,57.600,0.01,57.600,0.01,57.600,0.02,57.600,0.02
57.650,-0.01,57.650,0.02,57.650,0.01,57.650,0.01,57.650,0.04,57.650,0.08,57.650,0.02,57.650,0.01,57.650,0.01,57.650,0.02,57.650,0.02
57.700,-0.01,57.700,0.02,57.700,0.00,57.700,0.01,57.700,0.04,57.700,0.08,57.700,0.02,57.700,0.02,57.700,0.02,57.700,0.02,57.700,0.02
57.750,-0.02,57.750,0.02,57.750,0.01,57.750,0.02,57.750,0.05,57.750,0.08,57.750,0.01,57.750,0.02,57.750,0.02,57.750,0.03,57.750,0.02
57.800,-0.01,57.800,0.01,57.800,0.01,57.800,0.01,57.800,0.05,57.800,0.06,57.800,0.02,57.800,0.02,57.800,0.02,57.800,0.02,57.800,0.03
57.850,0.00,57.850,0.02,57.850,0.02,57.850,0.01,57.850,0.05,57.850,0.06,57.850,0.01,57.850,0.00,57.850,0.02,57.850,0.02,57.850,0.02
57.900,-0.01,57.900,0.02,57.900,0.01,57.900,0.01,57.900,0.04,57.900,0.07,57.900,0.01,57.900,0.01,57.900,0.02,57.900,0.02,57.900,0.02
57.950,-0.01,57.950,0.01,57.950,0.02,57.950,0.02,57.950,0.05,57.950,0.07,57.950,0.01,57.950,0.01,57.950,0.01,57.950,0.02,57.950,0.02
58.000,-0.01,58.000,0.02,58.000,0.01,58.000,0.01,58.000,0.04,58.000,0.09,58.000,0.02,58.000,0.00,58.000,0.02,58.000,0.01,58.000,0.03
58.050,-0.01,58.050,0.03,58.050,0.03,58.050,0.02,58.050,0.04,58.050,0.09,58.050,0.01,58.050,0.01,58.050,0.01,58.050,0.00,58.050,0.02
58.100,-0.01,58.100,0.02,58.100,0.02,58.100,0.01,58.100,0.03,58.100,0.08,58.100,0.01,58.100,0.01,58.100,0.00,58.100,0.01,58.100,0.03
58.150,-0.01,58.150,0.02,58.150,0.02,58.150,0.02,58.150,0.03,58.150,0.08,58.150,0.02,58.150,0.00,58.150,0.02,58.150,0.01,58.150,0.02
58.200,0.00,58.200,0.03,58.200,0.02,58.200,0.01,58.200,0.05,58.200,0.07,58.200,0.02,58.200,0.02,58.200,0.01,58.200,0.01,58.200,0.01
58.250,-0.01,58.250,0.03,58.250,0.02,58.250,0.01,58.250,0.03,58.250,0.08,58.250,0.02,58.250,0.02,58.250,0.01,58.250,0.01,58.250,0.00
58.300,-0.01,58.300,0.02,58.300,0.03,58.300,0.00,58.300,0.04,58.300,0.09,58.300,0.01,58.300,0.02,58.300,0.01,58.300,0.02,58.300,0.01
58.350,-0.01,58.350,0.03,58.350,0.02,58.350,0.01,58.350,0.05,58.350,0.08,58.350,0.01,58.350,0.02,58.350,0.01,58.350,0.02,58.350,0.01
58.400,-0.01,58.400,0.02,58.400,0.02,58.400,0.01,58.400,0.03,58.400,0.09,58.400,0.00,58.400,0.02,58.400,0.01,58.400,0.02,58.400,0.02
58.450,-0.01,58.450,0.01,58.450,0.02,58.450,0.01,58.450,0.03,58.450,0.09,58.450,0.00,58.450,0.01,58.450,0.00,58.450,0.01,58.450,0.02
58.500,-0.01,58.500,0.01,58.500,0.03,58.500,0.01,58.500,0.05,58.500,0.08,58.500,0.00,58.500,0.02,58.500,0.00,58.500,0.01,58.500,0.01
58.550,-0.02,58.550,0.01,58.550,0.02,58.550,0.01,58.550,0.05,58.550,0.09,58.550,0.02,58.550,0.01,58.550,0.01,58.550,0.01,58.550,0.01
58.600,0.00,58.600,0.02,58.600,0.02,58.600,0.01,58.600,0.04,58.600,0.09,58.600,0.03,58.600,0.01,58.600,0.01,58.600,0.02,58.600,0.01
58.650,0.00,58.650,0.02,58.650,0.01,58.650,0.02,58.650,0.05,58.650,0.08,58.650,0.02,58.650,0.01,58.650,0.01,58.650,0.02,58.650,0.02
58.700,0.00,58.700,0.02,58.700,0.02,58.700,0.01,58.700,0.05,58.700,0.10,58.700,0.02,58.700,0.00,58.700,0.02,58.700,0.02,58.700,0.01
58.750,0.00,58.750,0.01,58.750,0.03,58.750,0.01,58.750,0.06,58.750,0.10,58.750,0.01,58.750,0.01,58.750,0.01,58.750,0.02,58.750,0.02
58.800,0.00,58.800,0.02,58.800,0.02,58.800,0.01,58.800,0.06,58.800,0.09,58.800,0.01,58.800,0.01,58.800,0.02,58.800,0.02,58.800,0.02
58.850,-0.01,58.850,0.01,58.850,0.02,58.850,0.02,58.850,0.04,58.850,0.10,58.850,0.01,58.850,0.00,58.850,0.02,58.850,0.01,58.850,0.02
58.900,-0.01,58.900,0.02,58.900,0.02,58.900,0.01,58.900,0.03,58.900,0.09,58.900,0.02,58.900,0.01,58.900,0.02,58.900,0.02,58.900,0.02
58.950,-0.01,58.950,0.01,58.950,0.03,58.950,0.00,58.950,0.04,58.950,0.10,58.950,0.01,58.950,0.01,58.950,0.01,58.950,0.03,58.950,0.02
59.000,-0.02,59.000,0.02,59.000,0.03,59.000,0.01,59.000,0.05,59.000,0.09,59.000,0.02,59.000,0.00,59.000,0.01,59.000,0.02,59.000,0.02
59.050,-0.01,59.050,0.02,59.050,0.03,59.050,0.00,59.050,0.04,59.050,0.09,59.050,0.02,59.050,0.01,59.050,0.00,59.050,0.02,59.050,0.02
59.100,-0.01,59.100,0.02,59.100,0.02,59.100,0.01,59.100,0.05,59.100,0.09,59.100,0.02,59.100,0.00,59.100,0.01,59.100,0.02,59.100,0.03
59.150,-0.01,59.150,0.03,59.150,0.02,59.150,0.01,59.150,0.05,59.150,0.08,59.150,0.01,59.150,0.00,59.150,0.02,59.150,0.02,59.150,0.02
59.200,-0.02,59.200,0.03,59.200,0.02,59.200,0.02,59.200,0.04,59.200,0.08,59.200,0.02,59.200,0.00,59.200,0.02,59.200,0.02,59.200,0.02
59.250,-0.01,59.250,0.03,59.250,0.02,59.250,0.02,59.250,0.05,59.250,0.08,59.250,0.02,59.250,0.01,59.250,0.03,59.250,0.02,59.250,0.04
59.300,-0.01,59.300,0.02,59.300,0.01,59.300,0.02,59.300,0.05,59.300,0.08,59.300,0.02,59.300,0.01,59.300,0.03,59.300,0.02,59.300,0.02
59.350,-0.01,59.350,0.02,59.350,0.02,59.350,0.02,59.350,0.05,59.350,0.07,59.350,0.03,59.350,0.00,59.350,0.01,59.350,0.02,59.350,0.02
59.400,-0.01,59.400,0.03,59.400,0.02,59.400,0.03,59.400,0.05,59.400,0.08,59.400,0.03,59.400,0.01,59.400,0.01,59.400,0.02,59.400,0.02
59.450,-0.01,59.450,0.02,59.450,0.02,59.450,0.02,59.450,0.05,59.450,0.07,59.450,0.02,59.450,0.01,59.450,0.02,59.450,0.02,59.450,0.02
59.500,-0.01,59.500,0.02,59.500,0.03,59.500,0.01,59.500,0.05,59.500,0.07,59.500,0.02,59.500,0.00,59.500,0.01,59.500,0.02,59.500,0.02
59.550,-0.01,59.550,0.02,59.550,0.02,59.550,0.02,59.550,0.05,59.550,0.08,59.550,0.02,59.550,0.01,59.550,0.01,59.550,0.02,59.550,0.02
59.600,-0.01,59.600,0.02,59.600,0.02,59.600,0.02,59.600,0.05,59.600,0.08,59.600,0.02,59.600,0.00,59.600,0.01,59.600,0.02,59.600,0.02
59.650,-0.01,59.650,0.02,59.650,0.02,59.650,0.02,59.650,0.05,59.650,0.09,59.650,0.02,59.650,0.01,59.650,0.01,59.650,0.02,59.650,0.02
59.700,-0.01,59.700,0.03,59.700,0.03,59.700,0.02,59.700,0.05,59.700,0.09,59.700,0.01,59.700,0.01,59.700,0.01,59.700,0.03,59.700,0.02
59.750,-0.01,59.750,0.02,59.750,0.02,59.750,0.02,59.750,0.05,59.750,0.08,59.750,0.02,59.750,0.02,59.750,0.00,59.750,0.02,59.750,0.02
59.800,0.00,59.800,0.02,59.800,0.02,59.800,0.02,59.800,0.03,59.800,0.09,59.800,0.03,59.800,0.01,59.800,0.01,59.800,0.03,59.800,0.02
59.850,-0.01,59.850,0.03,59.850,0.01,59.850,0.02,59.850,0.04,59.850,0.09,59.850,0.02,59.850,0.02,59.850,0.01,59.850,0.03,59.850,0.03
59.900,-0.01,59.900,0.03,59.900,0.01,59.900,0.03,59.900,0.04,59.900,0.07,59.900,0.02,59.900,0.01,59.900,0.01,59.900,0.03,59.900,0.02
59.950,-0.02,59.950,0.03,59.950,0.02,59.950,0.03,59.950,0.05,59.950,0.07,59.950,0.01,59.950,0.01,59.950,0.01,59.950,0.02,59.950,0.03
60.000,-0.02,60.000,0.02,60.000,0.01,60.000,0.02,60.000,0.05,60.000,0.08,60.000,0.02,60.000,0.02,60.000,0.00,60.000,0.02,60.000,0.03
