"Time (s) Run #1","Force (N) Run #1","Time (s) Run #2","Force (N) Run #2","Time (s) Run #3","Force (N) Run #3","Time (s) Run #4","Force (N) Run #4","Time (s) Run #5","Force (N) Run #5","Time (s) Run #6","Force (N) Run #6","Time (s) Run #7","Force (N) Run #7","Time (s) Run #8","Force (N) Run #8","Time (s) Run #9","Force (N) Run #9","Time (s) Run #10","Force (N) Run #10","Time (s) Run #11","Force (N) Run #11","Time (s) Run #12","Force (N) Run #12","Time (s) Run #13","Force (N) Run #13","Time (s) Run #14","Force (N) Run #14","Time (s) Run #15","Force (N) Run #15","Time (s) Run #16","Force (N) Run #16","Time (s) Run #17","Force (N) Run #17","Time (s) Run #18","Force (N) Run #18"
0.000,-0.19,0.000,-0.21,0.000,-0.20,0.000,-0.26,0.000,-0.15,0.000,-0.05,0.000,-0.05,0.000,-0.08,0.000,-0.07,0.000,-0.08,0.000,-0.07,0.000,0.00,0.000,-0.08,0.000,-0.08,0.000,-0.05,0.000,-0.04,0.000,-0.07,0.000,0.03
0.050,-0.19,0.050,-0.21,0.050,-0.20,0.500,-0.27,0.500,-0.14,0.500,-0.04,0.100,-0.07,0.100,-0.07,0.050,-0.09,0.050,-0.07,0.050,-0.07,0.050,-0.01,0.050,-0.09,0.050,-0.09,0.050,-0.05,0.050,-0.05,0.050,-0.08,0.050,0.04
0.100,-0.18,0.100,-0.21,0.100,-0.20,1.000,-0.31,1.000,-0.14,1.000,-0.06,0.200,-0.05,0.200,-0.06,0.100,-0.08,0.100,-0.07,0.100,-0.08,0.100,-0.03,0.100,-0.09,0.100,-0.08,0.100,-0.05,0.100,-0.04,0.100,-0.08,0.100,0.01
0.150,-0.19,0.150,-0.19,0.150,-0.20,1.500,-0.23,1.500,-0.15,1.500,-0.06,0.300,-0.06,0.300,-0.07,0.150,-0.08,0.150,-0.08,0.150,-0.07,0.150,-0.01,0.150,-0.09,0.150,-0.08,0.150,-0.05,0.150,-0.05,0.150,-0.07,0.150,0.03
0.200,-0.18,0.200,-0.19,0.200,-0.21,2.000,-0.27,2.000,-0.14,2.000,-0.07,0.400,-0.06,0.400,-0.07,0.200,-0.09,0.200,-0.07,0.200,-0.07,0.200,0.01,0.200,-0.10,0.200,-0.08,0.200,-0.05,0.200,-0.05,0.200,-0.08,0.200,0.03
0.250,-0.19,0.250,-0.20,0.250,-0.21,2.500,-0.28,2.500,-0.15,2.500,-0.07,0.500,-0.07,0.500,-0.08,0.250,-0.09,0.250,-0.08,0.250,-0.07,0.250,-7.51E-10,0.250,-0.09,0.250,-0.08,0.250,-0.06,0.250,-0.05,0.250,-0.06,0.250,0.03
0.300,-0.18,0.300,-0.20,0.300,-0.21,3.000,-0.29,3.000,-0.14,3.000,-0.05,0.600,-0.07,0.600,-0.08,0.300,-0.07,0.300,-0.08,0.300,-0.06,0.300,-0.04,0.300,-0.09,0.300,-0.08,0.300,-0.06,0.300,-0.05,0.300,-0.06,0.300,0.02
0.350,-0.19,0.350,-0.20,0.350,-0.20,3.500,-0.19,3.500,-0.09,3.500,-0.06,0.700,-0.07,0.700,-0.08,0.350,-0.07,0.350,-0.07,0.350,-0.07,0.350,-0.02,0.350,-0.09,0.350,-0.08,0.350,-0.06,0.350,-0.05,0.350,-0.07,0.350,0.04
0.400,-0.18,0.400,-0.20,0.400,-0.18,4.000,-0.19,4.000,-0.11,4.000,-0.06,0.800,-0.06,0.800,-0.08,0.400,-0.07,0.400,-0.07,0.400,-0.07,0.400,-0.04,0.400,-0.09,0.400,-0.08,0.400,-0.06,0.400,-0.06,0.400,-0.06,0.400,0.03
0.450,-0.19,0.450,-0.19,0.450,-0.22,4.500,-0.22,4.500,-0.10,4.500,-0.06,0.900,-0.06,0.900,-0.08,0.450,-0.08,0.450,-0.09,0.450,-0.06,0.450,-0.05,0.450,-0.08,0.450,-0.08,0.450,-0.06,0.450,-0.06,0.450,-0.07,0.450,0.03
0.500,-0.19,0.500,-0.21,0.500,-0.21,5.000,-0.21,5.000,-0.11,5.000,-0.06,1.000,-0.06,1.000,-0.08,0.500,-0.08,0.500,-0.09,0.500,-0.06,0.500,-0.03,0.500,-0.09,0.500,-0.07,0.500,-0.07,0.500,-0.05,0.500,-0.07,0.500,0.02
0.550,-0.18,0.550,-0.19,0.550,-0.21,5.500,-0.23,5.500,-0.09,,,1.100,-0.07,1.100,-0.07,0.550,-0.08,0.550,-0.08,0.550,-0.06,0.550,0.04,0.550,-0.09,0.550,-0.08,0.550,-0.08,0.550,-0.04,0.550,-0.07,0.550,0.02
0.600,-0.18,0.600,-0.20,0.600,-0.21,6.000,-0.13,6.000,-0.11,,,1.200,-0.06,1.200,-0.06,0.600,-0.07,0.600,-0.09,0.600,-0.07,0.600,0.01,0.600,-0.09,0.600,-0.07,0.600,-0.08,0.600,-0.04,0.600,-0.05,0.600,0.03
0.650,-0.19,0.650,-0.21,0.650,-0.20,6.500,-0.15,6.500,-0.11,,,1.300,-0.06,1.300,-0.07,0.650,-0.08,0.650,-0.08,0.650,-0.07,0.650,0.03,0.650,-0.10,0.650,-0.08,0.650,-0.07,0.650,-0.04,0.650,-0.06,0.650,0.02
0.700,-0.18,0.700,-0.20,0.700,-0.21,7.000,-0.07,7.000,-0.10,,,1.400,-0.08,1.400,-0.07,0.700,-0.07,0.700,-0.09,0.700,-0.06,0.700,0.03,,,0.700,-0.08,0.700,-0.07,0.700,-0.06,0.700,-0.06,0.700,0.03
0.750,-0.18,0.750,-0.20,0.750,-0.22,7.500,-0.06,7.500,-0.10,,,1.500,-0.08,1.500,-0.08,0.750,-0.08,0.750,-0.09,0.750,-0.06,0.750,0.04,,,0.750,-0.08,0.750,-0.07,0.750,-0.05,0.750,-0.07,0.750,0.03
0.800,-0.18,0.800,-0.21,0.800,-0.21,8.000,0.08,8.000,-0.10,,,1.600,-0.07,1.600,-0.02,0.800,-0.07,0.800,-0.07,0.800,-0.06,0.800,0.02,,,0.800,-0.09,0.800,-0.05,0.800,-0.05,0.800,-0.07,0.800,0.04
0.850,-0.18,0.850,-0.20,0.850,-0.23,8.500,0.04,8.500,0.24,,,1.700,-0.06,1.700,-0.06,0.850,-0.08,0.850,-0.08,0.850,-0.06,0.850,0.02,,,0.850,-0.08,0.850,-0.06,0.850,-0.04,0.850,-0.07,0.850,0.03
0.900,-0.18,0.900,-0.19,0.900,-0.23,9.000,0.18,9.000,-0.14,,,1.800,-0.06,1.800,-0.09,0.900,-0.09,0.900,-0.07,0.900,-0.06,0.900,0.01,,,0.900,-0.08,0.900,-0.06,0.900,-0.04,0.900,-0.08,0.900,0.03
0.950,-0.17,0.950,-0.19,0.950,-0.23,9.500,0.08,9.500,-0.16,,,1.900,-0.06,1.900,-0.06,0.950,-0.08,0.950,-0.09,0.950,-0.06,0.950,0.03,,,0.950,-0.08,0.950,-0.06,0.950,-0.05,0.950,-0.08,0.950,0.03
1.000,-0.18,1.000,-0.18,1.000,-0.21,10.000,0.03,10.000,-0.16,,,2.000,-0.06,2.000,-0.07,1.000,-0.08,1.000,-0.09,1.000,-0.06,1.000,0.01,,,1.000,-0.07,1.000,-0.07,1.000,-0.04,1.000,-0.07,1.000,0.05
1.050,-0.18,1.050,-0.20,1.050,-0.23,10.500,0.02,10.500,-0.16,,,2.100,-0.05,2.100,-0.08,1.050,-0.08,1.050,-0.09,1.050,-0.07,1.050,0.01,,,1.050,-0.07,1.050,-0.06,1.050,-0.05,1.050,-0.08,1.050,0.04
1.100,-0.18,1.100,-0.21,1.100,-0.21,11.000,-0.15,11.000,-0.16,,,2.200,-0.07,2.200,-0.07,1.100,-0.09,1.100,-0.08,1.100,-0.06,1.100,0.00,,,1.100,-0.08,1.100,-0.06,1.100,-0.04,1.100,-0.07,1.100,0.04
1.150,-0.19,1.150,-0.21,1.150,-0.19,11.500,-0.16,11.500,-0.15,,,2.300,-0.06,2.300,-0.08,1.150,-0.09,1.150,-0.09,1.150,-0.06,1.150,0.00,,,1.150,-0.08,1.150,-0.06,1.150,-0.04,1.150,-0.07,1.150,0.03
1.200,-0.18,1.200,-0.20,1.200,-0.20,12.000,-0.19,12.000,-0.14,,,2.400,-0.07,2.400,-0.08,1.200,-0.09,1.200,-0.08,1.200,-0.07,1.200,-0.02,,,1.200,-0.07,1.200,-0.06,1.200,-0.05,1.200,-0.06,1.200,0.02
1.250,-0.18,1.250,-0.20,1.250,-0.19,12.500,-0.20,12.500,0.09,,,2.500,-0.07,2.500,-0.08,1.250,-0.09,1.250,-0.08,1.250,-0.08,1.250,-7.51E-10,,,1.250,-0.08,1.250,-0.07,1.250,-0.05,1.250,-0.08,1.250,0.04
1.300,-0.18,1.300,-0.20,1.300,-0.21,13.000,-0.20,13.000,-0.15,,,2.600,-0.06,2.600,-0.08,1.300,-0.08,1.300,-0.08,1.300,-0.07,1.300,-0.03,,,1.300,-0.08,1.300,-0.06,1.300,-0.06,1.300,-0.08,1.300,0.02
1.350,-0.18,1.350,-0.20,1.350,-0.19,13.500,-0.21,13.500,-0.14,,,2.700,-0.06,2.700,-0.07,1.350,-0.09,1.350,-0.07,1.350,-0.06,1.350,-0.02,,,1.350,-0.08,1.350,-0.06,1.350,-0.05,1.350,-0.07,1.350,0.04
1.400,-0.16,1.400,-0.20,1.400,-0.19,14.000,-0.20,14.000,-0.16,,,2.800,-0.05,2.800,-0.08,1.400,-0.09,1.400,-0.08,1.400,-0.07,1.400,-0.01,,,1.400,-0.06,1.400,-0.07,1.400,-0.04,1.400,-0.06,1.400,0.04
1.450,-0.18,1.450,-0.21,1.450,-0.20,14.500,-0.20,14.500,-0.14,,,2.900,-0.06,2.900,-0.08,1.450,-0.10,1.450,-0.08,1.450,-0.06,1.450,0.01,,,1.450,-0.08,1.450,-0.06,1.450,-0.05,1.450,-0.06,1.450,0.04
1.500,-0.17,1.500,-0.20,1.500,-0.20,15.000,-0.21,15.000,0.29,,,3.000,-0.07,3.000,-0.08,1.500,-0.09,1.500,-0.08,1.500,-0.05,1.500,0.00,,,1.500,-0.08,1.500,-0.06,1.500,-0.04,1.500,-0.06,1.500,0.04
1.550,-0.17,1.550,-0.19,1.550,-0.19,15.500,-0.18,15.500,-0.11,,,3.100,-0.06,3.100,-0.06,1.550,-0.08,1.550,-0.08,1.550,-0.06,1.550,0.02,,,1.550,-0.07,1.550,-0.08,1.550,-0.04,1.550,-0.06,1.550,0.04
1.600,-0.17,1.600,-0.19,1.600,-0.20,16.000,-0.18,16.000,-0.15,,,3.200,-0.06,3.200,-0.07,1.600,-0.09,1.600,-0.08,1.600,-0.07,1.600,0.00,,,1.600,-0.09,1.600,-0.07,1.600,-0.05,1.600,-0.06,1.600,0.03
1.650,-0.17,1.650,-0.20,1.650,-0.20,16.500,-0.30,16.500,-0.16,,,3.300,-0.05,3.300,-0.08,1.650,-0.08,1.650,-0.07,1.650,-0.07,1.650,0.02,,,1.650,-0.08,1.650,-0.07,1.650,-0.06,1.650,-0.07,1.650,0.02
1.700,-0.19,1.700,-0.21,1.700,-0.21,17.000,-0.20,17.000,-0.16,,,3.400,-0.06,3.400,-0.08,1.700,-0.09,1.700,-0.08,1.700,-0.06,1.700,0.00,,,1.700,-0.08,1.700,-0.07,1.700,-0.05,1.700,-0.07,1.700,0.03
1.750,-0.18,1.750,-0.21,1.750,-0.20,17.500,-0.21,17.500,-0.15,,,3.500,-0.07,3.500,-0.07,1.750,-0.07,1.750,-0.08,1.750,-0.06,1.750,0.02,,,1.750,-0.08,1.750,-0.08,1.750,-0.07,1.750,-0.07,1.750,0.03
1.800,-0.18,1.800,-0.21,1.800,-0.20,18.000,-0.19,18.000,-0.16,,,3.600,-0.06,3.600,-0.07,1.800,-0.08,1.800,-0.07,1.800,-0.07,1.800,0.01,,,1.800,-0.09,1.800,-0.07,1.800,-0.06,1.800,-0.08,1.800,0.03
1.850,-0.18,1.850,-0.20,1.850,-0.21,,,18.500,-0.15,,,3.700,-0.06,3.700,-0.08,1.850,-0.09,1.850,-0.08,1.850,-0.07,1.850,-0.03,,,1.850,-0.08,1.850,-0.06,1.850,-0.05,1.850,-0.08,1.850,0.03
1.900,-0.19,1.900,-0.22,1.900,-0.22,,,19.000,-0.15,,,3.800,-0.06,3.800,-0.08,1.900,-0.08,1.900,-0.08,1.900,-0.07,1.900,-0.02,,,1.900,-0.09,,,1.900,-0.06,1.900,-0.08,1.900,0.03
1.950,-0.19,1.950,-0.20,1.950,-0.20,,,19.500,-0.15,,,3.900,-0.06,3.900,-0.07,1.950,-0.09,1.950,-0.09,1.950,-0.06,1.950,-0.02,,,1.950,-0.08,,,1.950,-0.06,1.950,-0.06,1.950,0.03
2.000,-0.18,2.000,-0.20,2.000,-0.20,,,20.000,-0.15,,,4.000,-0.04,4.000,-0.05,2.000,-0.09,2.000,-0.09,2.000,-0.06,2.000,0.00,,,2.000,-0.07,,,2.000,-0.05,2.000,-0.07,2.000,0.01
2.050,-0.19,2.050,-0.21,2.050,-0.21,,,20.500,-0.14,,,4.100,-0.05,4.100,-0.05,2.050,-0.08,2.050,-0.08,2.050,-0.07,2.050,-0.01,,,2.050,-0.08,,,2.050,-0.05,2.050,-0.08,2.050,0.03
2.100,-0.19,2.100,-0.21,2.100,-0.20,,,21.000,-0.14,,,4.200,-0.05,4.200,-0.05,2.100,-0.08,2.100,-0.08,2.100,-0.08,2.100,-0.01,,,2.100,-0.08,,,2.100,-0.05,2.100,-0.07,2.100,0.03
2.150,-0.18,2.150,-0.20,2.150,-0.21,,,21.500,-0.15,,,4.300,-0.05,4.300,-0.05,2.150,-0.08,2.150,-0.09,2.150,-0.08,2.150,-0.01,,,2.150,-0.09,,,2.150,-0.05,2.150,-0.06,2.150,0.02
2.200,-0.18,2.200,-0.07,2.200,-0.21,,,22.000,-0.16,,,4.400,-0.06,4.400,-0.06,2.200,-0.08,2.200,-0.08,2.200,-0.07,2.200,0.03,,,2.200,-0.08,,,2.200,-0.04,2.200,-0.06,2.200,0.02
2.250,-0.47,2.250,0.09,2.250,-0.22,,,22.500,-0.16,,,4.500,-0.05,4.500,-0.06,2.250,-0.08,2.250,-0.08,2.250,-0.07,2.250,-7.51E-10,,,2.250,-0.07,,,2.250,-0.04,2.250,-0.07,2.250,0.03
2.300,-0.26,2.300,0.35,2.300,-0.21,,,23.000,-0.17,,,4.600,-0.05,4.600,-0.05,2.300,-0.08,2.300,-0.08,2.300,-0.07,2.300,-0.01,,,2.300,-0.09,,,2.300,-0.04,2.300,-0.08,2.300,0.02
2.350,-0.18,2.350,0.39,2.350,-0.22,,,23.500,-0.18,,,4.700,-0.06,4.700,-0.06,2.350,-0.08,2.350,-0.09,2.350,-0.07,2.350,0.00,,,2.350,-0.08,,,2.350,-0.04,2.350,-0.06,2.350,0.04
2.400,-0.19,2.400,0.61,2.400,-0.21,,,24.000,-0.16,,,4.800,-0.06,4.800,-0.07,2.400,-0.08,2.400,-0.08,2.400,-0.06,2.400,-0.03,,,2.400,-0.08,,,2.400,-0.05,2.400,-0.08,2.400,0.03
2.450,-0.18,2.450,0.55,2.450,-0.21,,,24.500,-0.15,,,4.900,-0.05,4.900,-0.07,2.450,-0.08,2.450,-0.08,2.450,-0.06,2.450,-0.04,,,2.450,-0.08,,,2.450,-0.05,2.450,-0.08,2.450,0.04
2.500,-0.18,2.500,1.11,2.500,-0.21,,,25.000,-0.15,,,5.000,-0.04,5.000,-0.07,2.500,-0.09,2.500,-0.08,2.500,-0.07,2.500,-0.01,,,2.500,-0.07,,,2.500,-0.06,2.500,-0.08,2.500,0.03
2.550,-0.18,2.550,1.39,2.550,-0.20,,,25.500,-0.14,,,5.100,-0.04,5.100,-0.07,2.550,-0.09,2.550,-0.08,2.550,-0.07,2.550,-0.02,,,2.550,-0.07,,,2.550,-0.05,2.550,-0.07,2.550,0.03
2.600,-0.31,2.600,1.78,2.600,-0.20,,,26.000,-0.15,,,5.200,-0.05,5.200,-0.06,2.600,-0.09,2.600,-0.07,2.600,-0.08,2.600,-0.02,,,2.600,-0.07,,,2.600,-0.05,2.600,-0.08,2.600,0.03
2.650,-0.35,2.650,1.96,2.650,-0.19,,,26.500,-0.15,,,5.300,-0.04,5.300,-0.07,2.650,-0.10,2.650,-0.07,2.650,-0.06,2.650,-0.02,,,2.650,-0.06,,,2.650,-0.05,2.650,-0.08,2.650,0.04
2.700,-0.28,2.700,1.85,2.700,-0.20,,,27.000,-0.16,,,5.400,-0.05,5.400,-0.07,2.700,-0.08,2.700,-0.08,2.700,-0.07,2.700,-0.02,,,2.700,-0.07,,,2.700,-0.05,2.700,-0.07,2.700,0.03
2.750,-0.25,2.750,1.56,2.750,-0.21,,,27.500,-0.16,,,5.500,-0.06,5.500,-0.07,2.750,-0.08,2.750,-0.08,2.750,-0.06,2.750,0.00,,,2.750,-0.08,,,2.750,-0.05,2.750,-0.07,2.750,0.03
2.800,-0.24,2.800,0.95,2.800,-0.21,,,28.000,-0.15,,,5.600,-0.06,5.600,-0.07,2.800,-0.08,2.800,-0.08,2.800,-0.06,2.800,0.04,,,2.800,-0.08,,,2.800,-0.05,2.800,-0.08,2.800,0.03
2.850,-0.38,2.850,0.12,2.850,-0.20,,,28.500,-0.15,,,5.700,-0.06,5.700,-0.07,2.850,-0.08,2.850,-0.08,2.850,-0.07,2.850,-0.01,,,2.850,-0.07,,,2.850,-0.05,2.850,-0.08,2.850,0.05
2.900,-0.42,2.900,-0.38,2.900,-0.20,,,29.000,-0.15,,,5.800,-0.05,5.800,-0.07,2.900,-0.09,2.900,-0.08,2.900,-0.06,2.900,0.04,,,2.900,-0.07,,,2.900,-0.05,2.900,-0.06,2.900,0.05
2.950,-0.42,2.950,-0.31,2.950,-0.20,,,29.500,-0.16,,,5.900,-0.05,5.900,-0.07,2.950,-0.09,2.950,-0.08,2.950,-0.07,2.950,0.05,,,2.950,-0.08,,,2.950,-0.04,2.950,-0.06,2.950,0.04
3.000,-0.32,3.000,-0.22,3.000,-0.21,,,30.000,-0.16,,,6.000,-0.06,6.000,-0.06,3.000,-0.10,3.000,-0.07,3.000,-0.07,3.000,0.05,,,3.000,-0.06,,,3.000,-0.04,3.000,-0.06,3.000,0.04
3.050,-0.31,3.050,-0.19,3.050,-0.21,,,30.500,-0.14,,,6.100,-0.06,6.100,-0.07,3.050,-0.09,3.050,-0.06,3.050,-0.06,3.050,0.06,,,3.050,-0.06,,,3.050,-0.04,3.050,-0.06,3.050,0.04
3.100,-0.35,3.100,-0.08,3.100,-0.19,,,31.000,-0.14,,,6.200,-0.06,6.200,-0.07,3.100,-0.08,3.100,-0.06,3.100,-0.06,3.100,0.04,,,3.100,-0.06,,,3.100,-0.06,3.100,-0.06,3.100,0.04
3.150,-0.35,3.150,0.60,3.150,-0.20,,,31.500,-0.14,,,6.300,-0.05,6.300,-0.07,3.150,-0.09,3.150,-0.07,3.150,-0.06,3.150,0.04,,,3.150,-0.06,,,3.150,-0.06,3.150,-0.07,3.150,0.04
3.200,-0.24,3.200,0.95,3.200,-0.20,,,32.000,-0.14,,,6.400,-0.05,6.400,-0.07,3.200,-0.10,3.200,-0.08,3.200,-0.06,3.200,0.04,,,3.200,-0.07,,,3.200,-0.05,3.200,-0.06,3.200,0.04
3.250,-0.16,3.250,1.33,3.250,-0.21,,,32.500,-0.16,,,6.500,-0.06,6.500,-0.07,3.250,-0.09,3.250,-0.06,3.250,-0.06,3.250,0.06,,,3.250,-0.08,,,3.250,-0.05,3.250,-0.05,3.250,0.05
3.300,-0.13,3.300,1.55,3.300,-0.21,,,33.000,-0.14,,,6.600,-0.06,6.600,-0.07,3.300,-0.09,3.300,-0.06,3.300,-0.06,3.300,0.03,,,3.300,-0.07,,,3.300,-0.05,3.300,-0.06,3.300,0.04
3.350,-0.11,3.350,1.73,3.350,-0.20,,,33.500,-0.16,,,6.700,-0.07,6.700,-0.05,3.350,-0.09,3.350,-0.08,3.350,-0.07,3.350,0.03,,,3.350,-0.07,,,3.350,-0.05,3.350,-0.05,3.350,0.04
3.400,-0.11,3.400,1.53,3.400,-0.21,,,34.000,-0.14,,,6.800,-0.05,6.800,-0.07,3.400,-0.09,3.400,-0.08,3.400,-0.06,3.400,0.04,,,3.400,-0.06,,,3.400,-0.05,3.400,-0.06,3.400,0.04
3.450,-0.09,3.450,0.81,3.450,-0.21,,,34.500,-0.17,,,6.900,-0.06,6.900,-0.06,3.450,-0.09,3.450,-0.08,3.450,-0.07,3.450,0.04,,,3.450,-0.06,,,3.450,-0.04,3.450,-0.07,3.450,0.04
3.500,-0.11,3.500,-0.01,3.500,-0.22,,,35.000,-0.13,,,7.000,-0.06,7.000,-0.06,3.500,-0.09,3.500,-0.08,3.500,-0.06,3.500,0.06,,,3.500,-0.08,,,3.500,-0.04,3.500,-0.07,3.500,0.04
3.550,-0.10,3.550,-0.24,3.550,-0.20,,,35.500,-0.15,,,7.100,-0.07,7.100,-0.07,3.550,-0.10,3.550,-0.06,3.550,-0.06,3.550,0.06,,,3.550,-0.08,,,3.550,-0.05,3.550,-0.06,3.550,0.04
3.600,-0.09,3.600,-0.01,3.600,-0.21,,,36.000,-0.13,,,7.200,-0.07,7.200,-0.07,3.600,-0.08,3.600,-0.07,3.600,-0.06,3.600,0.05,,,3.600,-0.07,,,3.600,-0.05,3.600,-0.06,3.600,0.05
3.650,-0.16,3.650,-0.07,3.650,-0.20,,,36.500,-0.14,,,7.300,-0.06,7.300,-0.07,3.650,-0.08,3.650,-0.07,3.650,-0.07,3.650,0.06,,,3.650,-0.08,,,3.650,-0.04,3.650,-0.06,3.650,0.05
3.700,-0.17,3.700,-0.16,3.700,-0.20,,,37.000,-0.14,,,7.400,-0.06,7.400,-0.08,3.700,-0.10,3.700,-0.07,3.700,-0.08,3.700,0.04,,,3.700,-0.07,,,3.700,-0.04,3.700,-0.07,3.700,0.05
3.750,-0.13,3.750,0.19,3.750,-0.22,,,37.500,-0.13,,,7.500,-0.06,7.500,-0.06,3.750,-0.09,3.750,-0.08,3.750,-0.07,3.750,0.05,,,3.750,-0.08,,,3.750,-0.03,3.750,-0.05,3.750,0.05
3.800,-0.14,3.800,0.51,3.800,-0.21,,,38.000,-0.15,,,7.600,-0.07,7.600,-0.07,3.800,-0.09,3.800,-0.07,3.800,-0.06,3.800,0.06,,,3.800,-0.07,,,3.800,-0.03,3.800,-0.05,3.800,0.04
3.850,-0.11,3.850,1.32,3.850,-0.21,,,38.500,-0.15,,,7.700,-0.06,7.700,-0.08,3.850,-0.09,3.850,-0.08,3.850,-0.07,3.850,0.02,,,3.850,-0.08,,,3.850,-0.04,3.850,-0.05,3.850,0.05
3.900,-0.09,3.900,2.06,3.900,-0.20,,,39.000,-0.15,,,7.800,-0.05,7.800,-0.07,3.900,-0.09,3.900,-0.06,3.900,-0.06,3.900,0.03,,,3.900,-0.08,,,3.900,-0.05,3.900,-0.05,3.900,0.04
3.950,-0.23,3.950,2.59,3.950,-0.21,,,39.500,-0.15,,,7.900,-0.06,7.900,-0.07,3.950,-0.09,3.950,-0.06,3.950,-0.05,3.950,0.02,,,3.950,-0.08,,,3.950,-0.04,3.950,-0.06,3.950,0.05
4.000,-0.13,4.000,3.35,4.000,-0.20,,,40.000,-0.14,,,8.000,-0.07,8.000,-0.07,4.000,-0.08,4.000,-0.08,4.000,-0.05,4.000,0.02,,,4.000,-0.08,,,4.000,-0.04,4.000,-0.06,4.000,0.03
4.050,-0.07,4.050,4.13,4.050,-0.21,,,40.500,-0.15,,,8.100,-0.06,8.100,-0.08,4.050,-0.09,4.050,-0.07,4.050,-0.08,4.050,-0.02,,,4.050,-0.08,,,4.050,-0.05,4.050,-0.06,4.050,0.04
4.100,0.03,4.100,4.09,4.100,-0.20,,,41.000,-0.16,,,8.200,-0.07,8.200,-0.07,4.100,-0.09,4.100,-0.07,4.100,-0.04,4.100,-0.06,,,4.100,-0.08,,,4.100,-0.04,4.100,-0.06,4.100,0.03
4.150,-0.01,4.150,4.90,4.150,-0.20,,,41.500,-0.16,,,8.300,-0.06,8.300,-0.06,4.150,-0.10,4.150,-0.07,4.150,-0.07,4.150,-0.06,,,4.150,-0.09,,,4.150,-0.03,4.150,-0.05,4.150,0.02
4.200,-0.05,4.200,5.03,4.200,-0.21,,,42.000,-0.15,,,8.400,-0.06,8.400,-0.07,4.200,-0.10,4.200,-0.07,4.200,-0.06,4.200,-0.05,,,4.200,-0.09,,,4.200,-0.03,4.200,-0.05,4.200,0.03
4.250,0.03,4.250,5.08,4.250,-0.20,,,42.500,-0.14,,,8.500,-0.07,8.500,-0.07,4.250,-0.09,4.250,-0.07,4.250,-0.05,4.250,-0.05,,,4.250,-0.08,,,4.250,-0.04,4.250,-0.05,4.250,0.04
4.300,-0.05,4.300,5.40,4.300,-0.21,,,43.000,-0.15,,,8.600,-0.06,8.600,-0.07,4.300,-0.08,4.300,-0.08,4.300,-0.07,4.300,-0.05,,,4.300,-0.08,,,4.300,-0.05,4.300,-0.04,4.300,0.03
4.350,-0.13,4.350,5.50,4.350,-0.20,,,43.500,-0.14,,,8.700,-0.05,8.700,-0.07,4.350,-0.09,4.350,-0.08,4.350,-0.07,4.350,-0.05,,,4.350,-0.08,,,4.350,-0.05,4.350,-0.05,4.350,0.04
4.400,-0.15,4.400,6.62,4.400,-0.20,,,44.000,-0.16,,,8.800,-0.07,8.800,-0.05,4.400,-0.08,4.400,-0.08,4.400,-0.06,4.400,-0.05,,,4.400,-0.08,,,4.400,-0.05,4.400,-0.06,4.400,0.04
4.450,-0.14,4.450,7.20,4.450,-0.19,,,44.500,-0.16,,,8.900,-0.07,8.900,-0.06,4.450,-0.09,4.450,-0.08,4.450,-0.06,4.450,-0.05,,,4.450,-0.09,,,4.450,-0.06,4.450,-0.04,4.450,0.04
4.500,-0.15,4.500,7.59,4.500,-0.20,,,45.000,-0.17,,,9.000,-0.06,9.000,-0.07,4.500,-0.09,4.500,-0.07,4.500,-0.05,4.500,-0.05,,,4.500,-0.08,,,4.500,-0.05,4.500,-0.04,4.500,0.03
4.550,-0.14,4.550,8.41,4.550,-0.21,,,45.500,-0.15,,,9.100,-0.06,9.100,-0.07,4.550,-0.09,4.550,-0.07,4.550,-0.06,4.550,-0.05,,,4.550,-0.08,,,4.550,-0.06,4.550,-0.06,4.550,0.04
4.600,-0.14,4.600,8.17,4.600,-0.21,,,46.000,-0.16,,,9.200,-0.06,9.200,-0.08,4.600,-0.10,4.600,-0.06,4.600,-0.06,4.600,-0.06,,,4.600,-0.07,,,4.600,-0.05,4.600,-0.05,4.600,0.03
4.650,-0.12,4.650,8.96,4.650,-0.21,,,46.500,-0.15,,,9.300,-0.08,9.300,-0.06,4.650,-0.10,4.650,-0.08,4.650,-0.06,4.650,-0.06,,,4.650,-0.07,,,4.650,-0.06,4.650,-0.06,4.650,0.03
4.700,-0.09,4.700,9.60,4.700,-0.21,,,47.000,-0.18,,,9.400,-0.07,9.400,-0.07,4.700,-0.10,4.700,-0.08,4.700,-0.06,4.700,-0.05,,,4.700,-0.07,,,4.700,-0.07,4.700,-0.06,4.700,0.04
4.750,-0.06,4.750,8.44,4.750,-0.21,,,47.500,-0.16,,,9.500,-0.08,9.500,-0.07,4.750,-0.09,4.750,-0.08,4.750,-0.07,4.750,-0.05,,,4.750,-0.09,,,4.750,-0.05,4.750,-0.06,4.750,0.04
4.800,-0.14,4.800,8.28,4.800,-0.20,,,48.000,-0.16,,,9.600,-0.07,9.600,-0.07,4.800,-0.09,4.800,-0.07,4.800,-0.08,4.800,-0.06,,,4.800,-0.09,,,4.800,-0.05,4.800,-0.05,4.800,0.03
4.850,-0.15,4.850,7.85,4.850,-0.20,,,48.500,-0.17,,,9.700,-0.07,9.700,-0.08,4.850,-0.10,4.850,-0.08,4.850,-0.05,4.850,-0.05,,,4.850,-0.08,,,4.850,-0.06,4.850,-0.06,4.850,0.04
4.900,-0.14,4.900,6.56,4.900,-0.20,,,49.000,-0.16,,,9.800,-0.05,9.800,-0.07,4.900,-0.10,4.900,-0.08,4.900,-0.05,4.900,-0.06,,,4.900,-0.09,,,4.900,-0.06,4.900,-0.06,4.900,0.03
4.950,-0.04,4.950,5.47,4.950,-0.20,,,49.500,-0.15,,,9.900,-0.05,9.900,-0.07,4.950,-0.08,4.950,-0.08,4.950,-0.06,4.950,-0.06,,,4.950,-0.09,,,4.950,-0.05,4.950,-0.05,4.950,0.03
5.000,0.00,5.000,3.95,5.000,-0.19,,,50.000,-0.15,,,10.000,-0.06,10.000,-0.07,5.000,-0.09,5.000,-0.07,5.000,-0.06,5.000,-0.06,,,5.000,-0.09,,,5.000,-0.05,5.000,-0.04,5.000,0.04
5.050,-0.02,5.050,2.35,5.050,-0.20,,,50.500,-0.16,,,10.100,-0.06,10.100,-0.06,5.050,-0.10,5.050,-0.06,5.050,-0.06,5.050,-0.06,,,5.050,-0.08,,,5.050,-0.04,5.050,-0.04,5.050,0.04
5.100,-0.08,5.100,1.71,5.100,-0.20,,,51.000,-0.16,,,10.200,-0.06,10.200,-0.07,5.100,-0.09,5.100,-0.07,5.100,-0.05,5.100,-0.05,,,5.100,-0.08,,,5.100,-0.04,5.100,-0.05,5.100,0.04
5.150,-0.11,5.150,1.12,5.150,-0.19,,,51.500,-0.16,,,10.300,-0.07,10.300,-0.09,5.150,-0.08,5.150,-0.08,5.150,-0.06,5.150,-0.06,,,5.150,-0.08,,,5.150,-0.05,5.150,-0.05,5.150,0.05
5.200,-0.13,5.200,0.62,5.200,-0.19,,,52.000,-0.17,,,10.400,-0.06,10.400,-0.06,5.200,-0.09,5.200,-0.07,5.200,-0.05,5.200,-0.05,,,5.200,-0.08,,,5.200,-0.05,5.200,-0.06,5.200,0.04
5.250,-0.13,5.250,0.19,5.250,-0.20,,,52.500,-0.16,,,10.500,-0.05,10.500,-0.05,5.250,-0.09,5.250,-0.06,5.250,-0.06,5.250,-0.05,,,5.250,-0.08,,,5.250,-0.05,5.250,-0.06,5.250,0.05
5.300,-0.14,5.300,0.15,5.300,-0.20,,,53.000,-0.21,,,10.600,-0.06,10.600,-0.06,5.300,-0.09,5.300,-0.07,5.300,-0.06,5.300,-0.06,,,5.300,-0.09,,,5.300,-0.05,5.300,-0.06,5.300,0.05
5.350,-0.15,5.350,-0.05,5.350,-0.20,,,53.500,-0.21,,,10.700,-0.05,10.700,-0.07,5.350,-0.09,5.350,-0.06,5.350,-0.05,5.350,-0.07,,,5.350,-0.09,,,5.350,-0.05,5.350,-0.06,5.350,0.05
5.400,-0.15,5.400,-0.18,5.400,-0.19,,,54.000,-0.21,,,10.800,-0.05,10.800,-0.06,5.400,-0.09,5.400,-0.07,5.400,-0.06,5.400,-0.06,,,5.400,-0.09,,,5.400,-0.05,5.400,-0.06,5.400,0.05
5.450,-0.15,5.450,-0.19,5.450,-0.20,,,54.500,-0.22,,,10.900,-0.06,10.900,-0.07,5.450,-0.09,5.450,-0.07,5.450,-0.05,5.450,-0.08,,,5.450,-0.09,,,5.450,-0.05,5.450,-0.06,5.450,0.04
5.500,-0.16,5.500,-0.18,5.500,-0.20,,,55.000,-0.23,,,11.000,-0.07,11.000,-0.07,5.500,-0.09,5.500,-0.06,5.500,-0.06,5.500,-0.07,,,5.500,-0.09,,,5.500,-0.04,5.500,-0.06,5.500,0.05
5.550,-0.16,5.550,-0.19,5.550,-0.20,,,55.500,-0.23,,,11.100,-0.05,11.100,-0.08,5.550,-0.09,5.550,-0.07,5.550,-0.06,5.550,-0.07,,,5.550,-0.09,,,5.550,-0.05,5.550,-0.06,5.550,0.05
5.600,-0.16,5.600,-0.18,5.600,-0.19,,,56.000,-0.22,,,11.200,-0.05,11.200,-0.07,5.600,-0.09,5.600,-0.07,5.600,-0.06,5.600,-0.06,,,5.600,-0.09,,,5.600,-0.05,5.600,-0.05,5.600,0.05
5.650,-0.16,5.650,-0.19,5.650,-0.20,,,56.500,-0.21,,,11.300,-0.06,11.300,-0.07,5.650,-0.09,5.650,-0.06,5.650,-0.05,5.650,-0.07,,,5.650,-0.09,,,5.650,-0.05,5.650,-0.05,5.650,0.05
5.700,-0.19,5.700,-0.20,5.700,-0.19,,,57.000,-0.19,,,11.400,-0.06,11.400,-0.06,5.700,-0.09,5.700,-0.07,5.700,-0.06,5.700,-0.08,,,5.700,-0.10,,,5.700,-0.05,5.700,-0.06,5.700,0.05
5.750,-0.21,5.750,-0.19,5.750,-0.20,,,57.500,-0.17,,,11.500,-0.06,11.500,-0.07,5.750,-0.08,5.750,-0.06,5.750,-0.06,5.750,-0.07,,,5.750,-0.09,,,5.750,-0.06,5.750,-0.05,5.750,0.05
5.800,-0.19,5.800,-0.20,5.800,-0.20,,,58.000,-0.15,,,11.600,-0.06,11.600,-0.07,5.800,-0.07,5.800,-0.07,5.800,-0.06,5.800,-0.06,,,5.800,-0.08,,,5.800,-0.06,5.800,-0.06,5.800,0.05
5.850,-0.16,5.850,-0.20,5.850,-0.18,,,58.500,-0.15,,,11.700,-0.06,11.700,-0.07,5.850,-0.08,5.850,-0.08,5.850,-0.07,5.850,-0.05,,,5.850,-0.08,,,5.850,-0.05,5.850,-0.06,5.850,0.05
5.900,-0.15,5.900,-0.20,5.900,-0.21,,,59.000,-0.14,,,11.800,-0.06,11.800,-0.06,5.900,-0.07,5.900,-0.06,5.900,-0.07,5.900,-0.04,,,5.900,-0.08,,,5.900,-0.05,5.900,-0.06,5.900,0.06
5.950,-0.14,5.950,-0.21,5.950,-0.20,,,59.500,-0.15,,,11.900,-0.05,11.900,-0.06,5.950,-0.08,5.950,-0.06,5.950,-0.06,5.950,-0.04,,,5.950,-0.09,,,5.950,-0.05,5.950,-0.06,5.950,0.06
6.000,-0.15,6.000,-0.21,6.000,-0.19,,,60.000,-0.14,,,12.000,-0.05,12.000,-0.07,6.000,-0.08,6.000,-0.07,6.000,-0.07,6.000,-0.04,,,6.000,-0.08,,,6.000,-0.06,6.000,-0.06,6.000,0.06
6.050,-0.17,6.050,-0.22,6.050,-0.19,,,60.500,-0.16,,,12.100,-0.05,12.100,-0.08,6.050,-0.08,6.050,-0.07,6.050,-0.08,6.050,-0.06,,,6.050,-0.08,,,6.050,-0.07,6.050,-0.06,6.050,0.06
6.100,-0.16,6.100,-0.21,6.100,-0.19,,,61.000,-0.16,,,12.200,-0.05,12.200,-0.06,6.100,-0.07,6.100,-0.07,6.100,-0.08,6.100,-0.06,,,6.100,-0.08,,,6.100,-0.05,6.100,-0.08,6.100,0.07
6.150,-0.17,6.150,-0.21,6.150,-0.19,,,61.500,-0.17,,,12.300,-0.06,12.300,-0.08,6.150,-0.08,6.150,-0.07,6.150,-0.07,6.150,-0.06,,,6.150,-0.08,,,6.150,-0.05,6.150,-0.06,6.150,0.06
6.200,-0.16,6.200,-0.21,6.200,-0.18,,,62.000,-0.16,,,12.400,-0.05,12.400,-0.07,6.200,-0.08,6.200,-0.07,6.200,-0.06,6.200,-0.06,,,6.200,-0.08,,,6.200,-0.06,6.200,-0.06,6.200,0.07
6.250,-0.17,6.250,-0.20,6.250,-0.19,,,62.500,-0.14,,,12.500,-0.06,12.500,-0.06,6.250,-0.08,6.250,-0.07,6.250,-0.07,6.250,-0.06,,,6.250,-0.07,,,6.250,-0.05,6.250,-0.06,6.250,0.07
6.300,-0.19,6.300,-0.21,6.300,-0.18,,,63.000,-0.16,,,12.600,-0.06,12.600,-0.07,6.300,-0.07,6.300,-0.07,6.300,-0.07,6.300,-0.05,,,6.300,-0.08,,,6.300,-0.05,6.300,-0.07,6.300,0.06
6.350,-0.18,6.350,-0.21,6.350,-0.18,,,63.500,-0.16,,,12.700,-0.05,12.700,-0.07,6.350,-0.08,6.350,-0.07,6.350,-0.07,6.350,-0.05,,,6.350,-0.07,,,6.350,-0.05,6.350,-0.05,6.350,0.07
6.400,-0.19,6.400,-0.20,6.400,-0.19,,,64.000,-0.16,,,12.800,-0.05,12.800,-0.07,6.400,-0.08,6.400,-0.08,6.400,-0.07,6.400,-0.05,,,6.400,-0.08,,,6.400,-0.06,6.400,-0.06,6.400,0.07
6.450,-0.19,6.450,-0.19,6.450,-0.18,,,64.500,-0.15,,,12.900,-0.06,12.900,-0.06,6.450,-0.08,6.450,-0.07,6.450,-0.07,6.450,-0.06,,,6.450,-0.08,,,6.450,-0.06,6.450,-0.05,6.450,0.06
6.500,-0.19,6.500,-0.20,6.500,-0.19,,,65.000,-0.15,,,13.000,-0.06,13.000,-0.06,6.500,-0.08,6.500,-0.07,6.500,-0.07,6.500,-0.07,,,6.500,-0.08,,,6.500,-0.06,6.500,-0.05,6.500,0.06
6.550,-0.18,6.550,-0.20,6.550,-0.18,,,65.500,-0.15,,,13.100,-0.06,13.100,-0.07,6.550,-0.09,6.550,-0.06,6.550,-0.07,6.550,-0.06,,,6.550,-0.07,,,6.550,-0.07,6.550,-0.06,6.550,0.05
6.600,-0.19,6.600,-0.21,6.600,-0.17,,,66.000,-0.16,,,13.200,-0.06,13.200,-0.07,6.600,-0.08,6.600,-0.07,6.600,-0.07,6.600,-0.07,,,6.600,-0.07,,,6.600,-0.05,6.600,-0.05,6.600,0.05
6.650,-0.19,6.650,-0.20,6.650,-0.17,,,66.500,-0.18,,,13.300,-0.06,13.300,-0.07,6.650,-0.08,6.650,-0.07,6.650,-0.07,6.650,-0.08,,,6.650,-0.08,,,6.650,-0.05,6.650,-0.06,6.650,0.05
6.700,-0.18,6.700,-0.20,6.700,-0.18,,,67.000,-0.19,,,13.400,-0.07,13.400,-0.07,6.700,-0.08,6.700,-0.07,6.700,-0.08,6.700,-0.07,,,6.700,-0.08,,,6.700,-0.05,6.700,-0.06,6.700,0.06
6.750,-0.18,6.750,-0.20,6.750,-0.18,,,67.500,-0.18,,,13.500,-0.06,13.500,-0.07,6.750,-0.09,6.750,-0.07,6.750,-0.07,6.750,-0.08,,,6.750,-0.08,,,6.750,-0.05,6.750,-0.06,6.750,0.05
6.800,-0.17,6.800,-0.20,6.800,-0.18,,,68.000,-0.17,,,13.600,-0.07,13.600,-0.06,6.800,-0.08,6.800,-0.07,6.800,-0.07,6.800,-0.07,,,6.800,-0.08,,,6.800,-0.06,6.800,-0.07,6.800,0.05
6.850,-0.18,6.850,-0.20,6.850,-0.17,,,68.500,-0.16,,,13.700,-0.05,13.700,-0.06,6.850,-0.08,6.850,-0.06,6.850,-0.07,6.850,-0.06,,,6.850,-0.08,,,6.850,-0.06,6.850,-0.08,6.850,0.04
6.900,-0.17,6.900,-0.21,6.900,-0.17,,,69.000,-0.15,,,13.800,-0.05,13.800,-0.07,6.900,-0.08,6.900,-0.07,6.900,-0.07,6.900,-0.06,,,6.900,-0.09,,,6.900,-0.05,6.900,-0.07,6.900,0.04
6.950,-0.18,6.950,-0.20,6.950,-0.18,,,69.500,-0.15,,,13.900,-0.05,13.900,-0.07,6.950,-0.08,6.950,-0.08,6.950,-0.07,6.950,-0.06,,,6.950,-0.09,,,6.950,-0.05,6.950,-0.08,6.950,0.05
7.000,-0.17,7.000,-0.20,7.000,-0.16,,,70.000,-0.16,,,14.000,-0.05,14.000,-0.07,7.000,-0.08,7.000,-0.06,7.000,-0.07,7.000,-0.04,,,7.000,-0.09,,,7.000,-0.05,7.000,-0.08,7.000,0.05
7.050,-0.18,7.050,-0.20,7.050,-0.15,,,70.500,-0.15,,,14.100,-0.05,14.100,-0.06,7.050,-0.08,7.050,-0.07,7.050,-0.07,7.050,-0.04,,,7.050,-0.08,,,7.050,-0.05,7.050,-0.07,7.050,0.05
7.100,-0.25,7.100,-0.21,7.100,-0.16,,,71.000,-0.17,,,14.200,-0.06,14.200,-0.07,7.100,-0.08,7.100,-0.07,7.100,-0.06,7.100,-0.04,,,7.100,-0.08,,,7.100,-0.04,7.100,-0.07,7.100,0.04
7.150,-0.26,7.150,-0.20,7.150,-0.14,,,71.500,-0.16,,,14.300,-0.06,14.300,-0.07,7.150,-0.08,7.150,-0.07,7.150,-0.06,7.150,-0.03,,,7.150,-0.09,,,7.150,-0.04,7.150,-0.07,7.150,0.05
7.200,-0.20,7.200,-0.19,7.200,-0.15,,,72.000,-0.17,,,14.400,-0.06,14.400,-0.07,7.200,-0.08,7.200,-0.07,7.200,-0.07,7.200,-0.04,,,7.200,-0.08,,,7.200,-0.04,7.200,-0.07,7.200,0.05
7.250,-0.19,7.250,-0.19,7.250,-0.14,,,72.500,-0.16,,,14.500,-0.06,14.500,-0.07,7.250,-0.07,7.250,-0.06,7.250,-0.08,7.250,-0.05,,,7.250,-0.07,,,7.250,-0.04,7.250,-0.07,7.250,0.05
7.300,-0.19,7.300,-0.23,7.300,-0.15,,,73.000,-0.16,,,14.600,-0.05,14.600,-0.07,7.300,-0.08,7.300,-0.06,7.300,-0.06,7.300,-0.05,,,7.300,-0.09,,,7.300,-0.05,7.300,-0.07,7.300,0.06
7.350,-0.18,7.350,-0.43,7.350,-0.13,,,73.500,-0.16,,,14.700,-0.05,14.700,-0.08,7.350,-0.08,7.350,-0.07,7.350,-0.07,7.350,-0.01,,,7.350,-0.08,,,7.350,-0.05,7.350,-0.06,7.350,0.05
7.400,-0.17,7.400,-0.67,7.400,-0.14,,,74.000,-0.16,,,14.800,-0.05,14.800,-0.08,7.400,-0.09,7.400,-0.07,7.400,-0.07,7.400,0.02,,,7.400,-0.07,,,7.400,-0.06,7.400,-0.07,7.400,0.06
7.450,-0.15,7.450,-0.78,7.450,-0.14,,,74.500,-0.17,,,14.900,-0.06,14.900,-0.08,7.450,-0.08,7.450,-0.07,7.450,-0.06,7.450,0.04,,,7.450,-0.07,,,7.450,-0.06,7.450,-0.07,7.450,0.06
7.500,-0.14,7.500,-0.31,7.500,-0.13,,,75.000,-0.16,,,15.000,-0.06,15.000,-0.08,7.500,-0.08,7.500,-0.06,7.500,-0.07,7.500,0.03,,,7.500,-0.08,,,7.500,-0.06,7.500,-0.07,7.500,0.06
7.550,-0.14,7.550,-0.30,7.550,-0.14,,,75.500,-0.18,,,15.100,-0.06,15.100,-0.07,7.550,-0.08,7.550,-0.07,7.550,-0.07,7.550,0.01,,,7.550,-0.07,,,7.550,-0.06,7.550,-0.06,7.550,0.05
7.600,-0.14,7.600,-0.06,7.600,-0.13,,,76.000,-0.17,,,15.200,-0.06,15.200,-0.07,7.600,-0.08,7.600,-0.07,7.600,-0.07,7.600,0.02,,,7.600,-0.06,,,7.600,-0.05,7.600,-0.07,7.600,0.05
7.650,-0.14,7.650,0.23,7.650,-0.15,,,76.500,-0.15,,,15.300,-0.07,15.300,-0.06,7.650,-0.09,7.650,-0.06,7.650,-0.07,7.650,-0.01,,,7.650,-0.07,,,7.650,-0.05,7.650,-0.06,7.650,0.05
7.700,-0.14,7.700,0.89,7.700,-0.15,,,77.000,-0.17,,,15.400,-0.07,15.400,-0.08,7.700,-0.08,7.700,-0.08,7.700,-0.06,7.700,0.01,,,7.700,-0.07,,,7.700,-0.06,7.700,-0.06,7.700,0.05
7.750,-0.16,7.750,2.40,7.750,-0.14,,,77.500,-0.17,,,15.500,-0.07,15.500,-0.07,7.750,-0.08,7.750,-0.08,7.750,-0.07,7.750,0.06,,,7.750,-0.08,,,7.750,-0.05,7.750,-0.07,7.750,0.05
7.800,-0.17,7.800,4.12,7.800,-0.13,,,78.000,-0.18,,,15.600,-0.06,15.600,-0.07,7.800,-0.08,7.800,-0.07,7.800,-0.07,7.800,0.03,,,7.800,-0.07,,,7.800,-0.05,7.800,-0.07,7.800,0.05
7.850,-0.14,7.850,5.27,7.850,-0.12,,,78.500,-0.16,,,15.700,-0.07,15.700,-0.06,7.850,-0.08,7.850,-0.07,7.850,-0.07,7.850,0.04,,,7.850,-0.08,,,7.850,-0.05,7.850,-0.07,7.850,0.05
7.900,-0.14,7.900,5.59,7.900,-0.11,,,79.000,-0.15,,,15.800,-0.06,15.800,-0.07,7.900,-0.08,7.900,-0.07,7.900,-0.07,7.900,0.04,,,7.900,-0.08,,,7.900,-0.06,7.900,-0.06,7.900,0.05
7.950,-0.14,7.950,7.42,7.950,-0.11,,,79.500,-0.16,,,15.900,-0.06,15.900,-0.06,7.950,-0.08,7.950,-0.06,7.950,-0.06,7.950,0.05,,,7.950,-0.07,,,7.950,-0.05,7.950,-0.07,7.950,0.06
8.000,-0.12,8.000,9.54,8.000,-0.11,,,80.000,-0.25,,,16.000,-0.07,16.000,-0.06,8.000,-0.08,8.000,-0.07,8.000,-0.08,8.000,0.07,,,8.000,-0.07,,,8.000,-0.06,8.000,-0.07,8.000,0.05
8.050,-0.11,8.050,10.87,8.050,-0.12,,,80.500,0.26,,,16.100,-0.07,16.100,-0.06,8.050,-0.08,8.050,-0.08,8.050,-0.06,8.050,0.08,,,8.050,-0.06,,,8.050,-0.05,8.050,-0.08,8.050,0.05
8.100,-0.12,8.100,12.52,8.100,-0.12,,,81.000,0.03,,,16.200,-0.06,16.200,-0.07,8.100,-0.08,8.100,-0.07,8.100,-0.07,8.100,0.08,,,8.100,-0.07,,,8.100,-0.04,8.100,-0.08,8.100,0.06
8.150,-0.30,8.150,14.04,8.150,-0.11,,,81.500,-0.17,,,16.300,-0.06,16.300,-0.06,8.150,-0.09,8.150,-0.07,8.150,-0.07,8.150,0.06,,,8.150,-0.07,,,8.150,-0.03,8.150,-0.07,8.150,0.05
8.200,-0.14,8.200,15.30,8.200,-0.11,,,82.000,-0.16,,,16.400,-0.07,16.400,-0.07,8.200,-0.08,8.200,-0.07,8.200,-0.07,8.200,0.06,,,8.200,-0.08,,,8.200,-0.04,8.200,-0.07,8.200,0.06
8.250,-0.11,8.250,15.01,8.250,-0.10,,,82.500,-0.15,,,16.500,-0.06,16.500,-0.06,8.250,-0.09,8.250,-0.08,8.250,-0.07,8.250,0.08,,,8.250,-0.07,,,8.250,-0.05,8.250,-0.06,8.250,0.06
8.300,-0.04,8.300,16.42,8.300,-0.11,,,83.000,-0.16,,,16.600,-0.06,16.600,-0.06,8.300,-0.07,8.300,-0.07,8.300,-0.07,8.300,0.10,,,8.300,-0.08,,,8.300,-0.05,8.300,-0.07,8.300,0.05
8.350,0.02,8.350,16.38,8.350,-0.09,,,83.500,-0.16,,,16.700,-0.06,16.700,-0.06,8.350,-0.07,8.350,-0.06,8.350,-0.08,8.350,0.11,,,8.350,-0.08,,,8.350,-0.04,8.350,-0.07,8.350,0.05
8.400,0.02,8.400,17.04,8.400,-0.09,,,84.000,-0.15,,,16.800,-0.06,16.800,-0.07,8.400,-0.07,8.400,-0.07,8.400,-0.08,8.400,0.06,,,8.400,-0.08,,,8.400,-0.04,8.400,-0.06,8.400,0.05
8.450,-0.06,8.450,16.41,8.450,-0.10,,,84.500,-0.16,,,16.900,-0.08,16.900,-0.08,8.450,-0.07,8.450,-0.08,8.450,-0.07,8.450,0.09,,,8.450,-0.09,,,8.450,-0.04,8.450,-0.06,8.450,0.05
8.500,-0.12,8.500,18.37,8.500,-0.09,,,85.000,-0.16,,,17.000,-0.07,17.000,-0.07,8.500,-0.05,8.500,-0.07,8.500,-0.07,8.500,0.10,,,8.500,-0.08,,,8.500,-0.05,8.500,-0.06,8.500,0.06
8.550,-0.03,8.550,19.06,8.550,-0.09,,,85.500,-0.16,,,17.100,-0.08,17.100,-0.07,8.550,-0.05,8.550,-0.07,8.550,-0.08,8.550,0.10,,,8.550,-0.08,,,8.550,-0.05,8.550,-0.06,8.550,0.05
8.600,-0.01,8.600,20.48,8.600,-0.09,,,86.000,-0.17,,,17.200,-0.06,17.200,-0.07,8.600,-0.08,8.600,-0.08,8.600,-0.08,8.600,0.13,,,8.600,-0.07,,,8.600,-0.05,8.600,-0.06,8.600,0.06
8.650,-0.06,8.650,21.47,8.650,-0.09,,,86.500,-0.12,,,17.300,-0.07,17.300,-0.07,8.650,-0.08,8.650,-0.07,8.650,-0.07,8.650,0.12,,,8.650,-0.08,,,8.650,-0.05,8.650,-0.06,8.650,0.05
8.700,-0.02,8.700,22.40,8.700,-0.09,,,87.000,-0.19,,,17.400,-0.06,17.400,-0.08,8.700,-0.07,8.700,-0.07,8.700,-0.07,8.700,0.13,,,8.700,-0.08,,,8.700,-0.05,8.700,-0.06,8.700,0.05
8.750,-0.04,8.750,21.74,8.750,-0.09,,,87.500,-0.17,,,17.500,-0.06,17.500,-0.07,8.750,-0.07,8.750,-0.08,8.750,-0.06,8.750,0.11,,,8.750,-0.07,,,8.750,-0.05,8.750,-0.07,8.750,0.05
8.800,-0.03,8.800,22.10,8.800,-0.06,,,88.000,-0.16,,,17.600,-0.06,17.600,-0.06,8.800,-0.07,8.800,-0.07,8.800,-0.07,8.800,0.14,,,8.800,-0.08,,,8.800,-0.05,8.800,-0.05,8.800,0.05
8.850,-0.03,8.850,19.31,8.850,-0.06,,,88.500,-0.15,,,17.700,-0.06,17.700,-0.08,8.850,-0.08,8.850,-0.08,8.850,-0.06,8.850,0.13,,,8.850,-0.10,,,8.850,-0.05,8.850,-0.06,8.850,0.05
8.900,-0.05,8.900,12.14,8.900,-0.06,,,89.000,-0.16,,,17.800,-0.07,17.800,-0.07,8.900,-0.08,8.900,-0.07,8.900,-0.08,8.900,0.16,,,8.900,-0.08,,,8.900,-0.04,8.900,-0.06,8.900,0.04
8.950,-0.05,8.950,3.20,8.950,-0.04,,,89.500,-0.16,,,17.900,-0.07,17.900,-0.08,8.950,-0.08,8.950,-0.08,8.950,-0.07,8.950,0.18,,,8.950,-0.09,,,8.950,-0.05,8.950,-0.05,8.950,0.06
9.000,-0.08,9.000,-0.75,9.000,-0.05,,,90.000,-0.15,,,18.000,-0.06,18.000,-0.08,9.000,-0.09,9.000,-0.08,9.000,-0.07,9.000,0.18,,,9.000,-0.09,,,9.000,-0.05,9.000,-0.05,9.000,0.05
9.050,-0.09,9.050,-7.54,9.050,-0.05,,,90.500,-0.16,,,18.100,-0.08,18.100,-0.08,9.050,-0.09,9.050,-0.07,9.050,-0.07,9.050,0.18,,,9.050,-0.08,,,9.050,-0.04,9.050,-0.06,9.050,0.06
9.100,-0.02,9.100,-10.95,9.100,-0.07,,,91.000,-0.15,,,18.200,-0.07,18.200,-0.08,9.100,-0.08,9.100,-0.09,9.100,-0.08,9.100,0.18,,,9.100,-0.08,,,9.100,-0.05,9.100,-0.06,9.100,0.06
9.150,0.09,9.150,-13.31,9.150,-0.06,,,91.500,-0.16,,,18.300,-0.08,18.300,-0.08,9.150,-0.08,9.150,0.00,9.150,-0.07,9.150,0.19,,,9.150,-0.08,,,9.150,-0.04,9.150,-0.06,9.150,0.06
9.200,0.05,9.200,-15.61,9.200,-0.07,,,92.000,-0.17,,,18.400,-0.07,18.400,-0.07,9.200,-0.08,9.200,0.23,9.200,-0.07,9.200,0.19,,,9.200,-0.09,,,9.200,-0.04,9.200,-0.06,9.200,0.05
9.250,-0.09,9.250,-16.27,9.250,-0.05,,,92.500,-0.17,,,18.500,-0.06,18.500,-0.08,9.250,-0.08,9.250,-0.22,9.250,-0.06,9.250,0.20,,,9.250,-0.08,,,9.250,-0.04,9.250,-0.06,9.250,0.06
9.300,-0.08,9.300,-12.96,9.300,-0.05,,,93.000,-0.18,,,18.600,-0.07,18.600,-0.08,9.300,-0.07,9.300,-0.14,9.300,-0.08,9.300,0.20,,,9.300,-0.08,,,9.300,-0.04,9.300,-0.07,9.300,0.05
9.350,-0.05,9.350,-7.13,9.350,-0.04,,,93.500,-0.17,,,18.700,-0.08,18.700,-0.09,9.350,-0.07,9.350,-0.01,9.350,-0.07,9.350,0.23,,,9.350,-0.08,,,9.350,-0.04,9.350,-0.06,9.350,0.04
9.400,-0.05,9.400,2.46,9.400,-0.05,,,94.000,-0.16,,,18.800,-0.08,18.800,-0.09,9.400,-0.06,9.400,-0.09,9.400,-0.07,9.400,0.14,,,9.400,-0.08,,,9.400,-0.04,9.400,-0.06,9.400,0.05
9.450,-0.05,9.450,10.25,9.450,-0.06,,,94.500,-0.17,,,18.900,-0.06,18.900,-0.08,9.450,-0.07,9.450,-0.10,9.450,-0.06,9.450,0.13,,,9.450,-0.08,,,9.450,-0.04,9.450,-0.06,9.450,0.05
9.500,-0.08,9.500,14.55,9.500,-0.03,,,95.000,-0.16,,,19.000,-0.07,19.000,-0.08,9.500,-0.07,9.500,-0.08,9.500,-0.07,9.500,0.15,,,9.500,-0.08,,,9.500,-0.04,9.500,-0.06,9.500,0.05
9.550,-0.06,9.550,17.23,9.550,-0.02,,,95.500,-0.16,,,19.100,-0.06,19.100,-0.08,9.550,-0.08,9.550,-0.09,9.550,-0.07,9.550,0.16,,,9.550,-0.08,,,9.550,-0.04,9.550,-0.06,9.550,0.06
9.600,-0.06,9.600,18.72,9.600,-0.02,,,96.000,-0.15,,,19.200,-0.06,19.200,-0.08,9.600,-0.07,9.600,-0.09,9.600,-0.07,9.600,0.23,,,9.600,-0.08,,,9.600,-0.04,9.600,-0.07,9.600,0.06
9.650,-0.13,9.650,20.42,9.650,-0.01,,,96.500,-0.15,,,19.300,-0.07,19.300,-0.09,9.650,-0.07,9.650,-0.09,9.650,-0.07,9.650,0.26,,,9.650,-0.09,,,9.650,-0.04,9.650,-0.06,9.650,0.06
9.700,-0.14,9.700,22.13,9.700,-0.02,,,97.000,-0.16,,,19.400,-0.07,19.400,-0.08,9.700,-0.09,9.700,-0.09,9.700,-0.06,9.700,0.23,,,9.700,-0.08,,,9.700,-0.03,9.700,-0.06,9.700,0.07
9.750,-0.17,9.750,23.04,9.750,-0.01,,,97.500,-0.16,,,19.500,-0.07,19.500,-0.09,9.750,-0.08,9.750,-0.10,9.750,-0.06,9.750,0.19,,,9.750,-0.09,,,9.750,-0.03,9.750,-0.06,9.750,0.07
9.800,-0.24,9.800,22.78,9.800,0.03,,,98.000,-0.16,,,19.600,-0.08,19.600,-0.09,9.800,-0.08,9.800,-0.08,9.800,-0.06,9.800,0.22,,,9.800,-0.09,,,9.800,-0.03,9.800,-0.07,9.800,0.07
9.850,-0.22,9.850,24.34,9.850,0.01,,,98.500,-0.17,,,19.700,-0.07,19.700,-0.09,9.850,-0.08,9.850,-0.09,9.850,-0.06,9.850,0.23,,,9.850,-0.09,,,9.850,-0.04,9.850,-0.07,9.850,0.06
9.900,-0.21,9.900,22.43,9.900,0.03,,,99.000,-0.16,,,19.800,-0.07,19.800,-0.09,9.900,-0.08,9.900,-0.10,9.900,-0.07,9.900,0.21,,,9.900,-0.09,,,9.900,-0.04,9.900,-0.07,9.900,0.05
9.950,-0.17,9.950,23.18,9.950,0.04,,,99.500,-0.17,,,19.900,-0.07,19.900,-0.08,9.950,-0.08,9.950,-0.09,9.950,-0.08,9.950,0.19,,,9.950,-0.09,,,9.950,-0.03,9.950,-0.06,9.950,0.07
10.000,-0.17,10.000,23.64,10.000,0.05,,,100.000,-0.16,,,20.000,-0.07,20.000,-0.09,10.000,-0.07,10.000,-0.11,10.000,-0.08,10.000,0.21,,,10.000,-0.09,,,10.000,-0.04,10.000,-0.06,10.000,0.06
10.050,-0.17,10.050,23.95,10.050,0.06,,,100.500,-0.16,,,20.100,-0.07,20.100,-0.07,10.050,-0.08,10.050,-0.10,10.050,-0.06,10.050,0.18,,,10.050,-0.09,,,10.050,-0.03,10.050,-0.07,10.050,0.07
10.100,-0.17,10.100,24.03,10.100,0.06,,,101.000,-0.14,,,20.200,-0.06,20.200,-0.08,10.100,-0.09,10.100,-0.10,10.100,-0.07,10.100,0.15,,,10.100,-0.09,,,10.100,-0.03,10.100,-0.06,10.100,0.06
10.150,-0.17,10.150,23.91,10.150,0.08,,,101.500,-0.16,,,20.300,-0.07,20.300,-0.08,10.150,-0.09,10.150,-0.08,10.150,-0.07,10.150,0.14,,,10.150,-0.09,,,10.150,-0.02,10.150,-0.07,10.150,0.07
10.200,-0.16,10.200,25.99,10.200,0.09,,,102.000,-0.15,,,20.400,-0.07,20.400,-0.07,10.200,-0.08,10.200,-0.09,10.200,-0.06,10.200,0.12,,,10.200,-0.08,,,10.200,-0.03,10.200,-0.07,10.200,0.05
10.250,-0.09,10.250,25.00,10.250,0.11,,,102.500,-0.15,,,20.500,-0.07,20.500,-0.07,10.250,-0.08,10.250,-0.10,10.250,-0.08,10.250,0.12,,,10.250,-0.09,,,10.250,-0.04,10.250,-0.07,10.250,0.07
10.300,-0.05,10.300,24.62,10.300,0.12,,,103.000,-0.17,,,20.600,-0.05,20.600,-0.08,10.300,-0.09,10.300,-0.09,10.300,-0.08,10.300,0.11,,,10.300,-0.09,,,10.300,-0.04,10.300,-0.06,10.300,0.07
10.350,-0.02,10.350,26.03,10.350,0.13,,,103.500,-0.15,,,20.700,-0.07,20.700,-0.08,10.350,-0.09,10.350,-0.09,10.350,-0.08,10.350,0.12,,,10.350,-0.09,,,10.350,-0.05,10.350,-0.07,10.350,0.06
10.400,-0.05,10.400,26.26,10.400,0.16,,,104.000,-0.15,,,20.800,-0.07,20.800,-0.08,10.400,-0.09,10.400,-0.09,10.400,-0.08,10.400,0.13,,,10.400,-0.09,,,10.400,-0.03,10.400,-0.06,10.400,0.05
10.450,-0.08,10.450,27.13,10.450,0.18,,,104.500,-0.16,,,20.900,-0.06,20.900,-0.07,10.450,-0.08,10.450,-0.09,10.450,-0.08,10.450,0.14,,,10.450,-0.08,,,10.450,-0.04,10.450,-0.07,10.450,0.06
10.500,0.04,10.500,26.29,10.500,0.17,,,105.000,-0.17,,,21.000,-0.07,21.000,-0.08,10.500,-0.09,10.500,-0.09,10.500,-0.09,10.500,0.16,,,10.500,-0.09,,,10.500,-0.03,10.500,-0.07,10.500,0.05
10.550,0.03,10.550,26.89,10.550,0.16,,,105.500,-0.16,,,21.100,-0.07,21.100,-0.08,10.550,-0.09,10.550,-0.09,10.550,-0.09,10.550,0.15,,,10.550,-0.08,,,10.550,-0.04,10.550,-0.06,10.550,0.07
10.600,-0.03,10.600,25.93,10.600,0.18,,,106.000,-0.16,,,21.200,-0.06,21.200,-0.08,10.600,-0.08,10.600,-0.09,10.600,-0.09,10.600,0.14,,,10.600,-0.09,,,10.600,-0.03,10.600,-0.08,10.600,0.06
10.650,-0.18,10.650,27.40,10.650,0.19,,,106.500,-0.17,,,21.300,-0.06,21.300,-0.07,10.650,-0.08,10.650,-0.08,10.650,-0.08,10.650,0.15,,,10.650,-0.09,,,10.650,-0.05,10.650,-0.07,10.650,0.07
10.700,-0.08,10.700,27.12,10.700,0.19,,,107.000,-0.16,,,21.400,-0.06,21.400,-0.06,10.700,-0.08,10.700,-0.10,10.700,-0.08,10.700,0.16,,,10.700,-0.08,,,10.700,-0.06,10.700,-0.07,10.700,0.05
10.750,-0.02,10.750,28.08,10.750,0.18,,,107.500,-0.17,,,21.500,-0.05,21.500,-0.07,10.750,-0.09,10.750,-0.09,10.750,-0.07,10.750,0.15,,,10.750,-0.08,,,10.750,-0.05,10.750,-0.06,10.750,0.06
10.800,-0.02,10.800,26.09,10.800,0.16,,,108.000,-0.16,,,21.600,-0.05,21.600,-0.06,10.800,-0.09,10.800,-0.09,10.800,-0.07,10.800,0.18,,,10.800,-0.08,,,10.800,-0.04,10.800,-0.06,10.800,0.06
10.850,-0.04,10.850,26.67,10.850,0.17,,,108.500,-0.16,,,21.700,-0.06,21.700,-0.07,10.850,-0.09,10.850,-0.08,10.850,-0.08,10.850,0.15,,,10.850,-0.08,,,10.850,-0.05,10.850,-0.06,10.850,0.06
10.900,-0.06,10.900,23.36,10.900,0.19,,,109.000,-0.16,,,21.800,-0.06,21.800,-0.07,10.900,-0.08,10.900,-0.07,10.900,-0.06,10.900,0.14,,,10.900,-0.09,,,10.900,-0.04,10.900,-0.07,10.900,0.07
10.950,-0.03,10.950,14.58,10.950,0.20,,,109.500,-0.16,,,21.900,-0.06,21.900,-0.07,10.950,-0.09,10.950,-0.09,10.950,-0.06,10.950,0.15,,,10.950,-0.09,,,10.950,-0.03,10.950,-0.07,10.950,0.06
11.000,-0.04,11.000,7.39,11.000,0.19,,,110.000,-0.19,,,22.000,-0.06,22.000,-0.08,11.000,-0.08,11.000,-0.08,11.000,-0.07,11.000,0.15,,,11.000,-0.09,,,11.000,-0.04,11.000,-0.07,11.000,0.07
11.050,-0.09,11.050,-0.11,11.050,0.21,,,110.500,-0.19,,,22.100,-0.06,22.100,-0.07,11.050,-0.08,11.050,-0.08,11.050,-0.08,11.050,0.18,,,11.050,-0.08,,,11.050,-0.04,11.050,-0.07,11.050,0.06
11.100,-0.06,11.100,-3.36,11.100,0.20,,,111.000,-0.18,,,22.200,-0.05,22.200,-0.07,11.100,-0.10,11.100,-0.08,11.100,-0.07,11.100,0.17,,,11.100,-0.09,,,11.100,-0.05,11.100,-0.06,11.100,0.06
11.150,-0.09,11.150,-3.43,11.150,0.21,,,111.500,-0.19,,,22.300,-0.06,22.300,-0.06,11.150,-0.09,11.150,-0.09,11.150,-0.07,11.150,0.18,,,11.150,-0.08,,,11.150,-0.04,11.150,-0.06,11.150,0.06
11.200,-0.10,11.200,-2.74,11.200,0.21,,,112.000,-0.19,,,22.400,-0.05,22.400,-0.06,11.200,-0.08,11.200,-0.08,11.200,-0.06,11.200,0.18,,,11.200,-0.08,,,11.200,-0.05,11.200,-0.07,11.200,0.07
11.250,-0.11,11.250,-1.52,11.250,0.21,,,112.500,-0.18,,,22.500,-0.06,22.500,-0.06,11.250,-0.07,11.250,-0.09,11.250,-0.07,11.250,0.14,,,11.250,-0.08,,,11.250,-0.05,11.250,-0.06,11.250,0.06
11.300,-0.20,11.300,-0.88,11.300,0.23,,,113.000,-0.17,,,22.600,-0.06,22.600,-0.07,11.300,-0.09,11.300,-0.08,11.300,-0.06,11.300,0.10,,,11.300,-0.08,,,11.300,-0.05,11.300,-0.07,11.300,0.06
11.350,-0.13,11.350,-0.75,11.350,0.24,,,113.500,-0.18,,,22.700,-0.07,22.700,-0.06,11.350,-0.08,11.350,-0.09,11.350,-0.06,11.350,0.06,,,11.350,-0.07,,,11.350,-0.05,11.350,-0.06,11.350,0.05
11.400,-0.17,11.400,-0.61,11.400,0.24,,,114.000,-0.17,,,22.800,-0.06,22.800,-0.08,11.400,-0.09,11.400,-0.09,11.400,-0.06,11.400,0.07,,,11.400,-0.08,,,11.400,-0.05,11.400,-0.06,11.400,0.06
11.450,-0.17,11.450,-0.49,11.450,0.25,,,114.500,-0.17,,,22.900,-0.06,22.900,-0.07,11.450,-0.09,11.450,-0.08,11.450,-0.06,11.450,0.06,,,11.450,-0.08,,,11.450,-0.04,11.450,-0.05,11.450,0.06
11.500,-0.17,11.500,-0.39,11.500,0.25,,,115.000,-0.18,,,23.000,-0.06,23.000,-0.06,11.500,-0.08,11.500,-0.07,11.500,-0.07,11.500,0.03,,,11.500,-0.07,,,11.500,-0.04,11.500,-0.06,11.500,0.06
11.550,-0.16,11.550,-0.46,11.550,0.24,,,115.500,-0.19,,,23.100,-0.06,23.100,-0.07,11.550,-0.08,11.550,-0.08,11.550,-0.06,11.550,0.02,,,11.550,-0.07,,,11.550,-0.04,11.550,-0.07,11.550,0.06
11.600,-0.18,11.600,-0.30,11.600,0.24,,,116.000,-0.17,,,23.200,-0.06,23.200,-0.07,11.600,-0.08,11.600,-0.09,11.600,-0.07,11.600,0.01,,,11.600,-0.07,,,11.600,-0.04,11.600,-0.06,11.600,0.05
11.650,-0.20,11.650,-0.23,11.650,0.24,,,116.500,-0.18,,,23.300,-0.06,23.300,-0.07,11.650,-0.08,11.650,-0.07,11.650,-0.08,11.650,-0.02,,,11.650,-0.08,,,11.650,-0.04,11.650,-0.06,11.650,0.06
11.700,-0.19,11.700,-0.22,11.700,0.26,,,117.000,-0.18,,,23.400,-0.05,23.400,-0.08,11.700,-0.08,11.700,-0.07,11.700,-0.08,11.700,0.00,,,11.700,-0.08,,,11.700,-0.05,11.700,-0.07,11.700,0.05
11.750,-0.19,11.750,-0.21,11.750,0.25,,,117.500,-0.18,,,23.500,-0.06,23.500,-0.07,11.750,-0.08,11.750,-0.08,11.750,-0.08,11.750,0.01,,,11.750,-0.07,,,11.750,-0.05,11.750,-0.08,11.750,0.05
11.800,-0.21,11.800,-0.17,11.800,0.27,,,118.000,-0.17,,,23.600,-0.05,23.600,-0.08,11.800,-0.08,11.800,-0.08,11.800,-0.07,11.800,0.01,,,11.800,-0.07,,,11.800,-0.05,11.800,-0.06,11.800,0.05
11.850,-0.23,11.850,-0.17,11.850,0.28,,,118.500,-0.17,,,23.700,-0.05,23.700,-0.07,11.850,-0.08,11.850,-0.08,11.850,-0.08,11.850,-0.01,,,11.850,-0.07,,,11.850,-0.05,11.850,-0.07,11.850,0.05
11.900,-0.19,11.900,-0.11,11.900,0.29,,,119.000,-0.17,,,23.800,-0.04,23.800,-0.08,11.900,-0.08,11.900,-0.08,11.900,-0.08,11.900,0.00,,,11.900,-0.07,,,11.900,-0.04,11.900,-0.07,11.900,0.06
11.950,-0.20,11.950,-0.05,11.950,0.30,,,119.500,-0.17,,,23.900,-0.05,23.900,-0.07,11.950,-0.08,11.950,-0.08,11.950,-0.07,11.950,-0.02,,,11.950,-0.08,,,11.950,-0.04,11.950,-0.07,11.950,0.05
12.000,-0.18,12.000,0.06,12.000,0.31,,,120.000,-0.18,,,24.000,-0.05,24.000,-0.08,12.000,-0.08,12.000,-0.08,12.000,-0.07,12.000,-0.03,,,12.000,-0.08,,,12.000,-0.05,12.000,-0.07,12.000,0.06
12.050,-0.11,12.050,0.14,12.050,0.32,,,120.500,-0.19,,,24.100,-0.06,24.100,-0.07,12.050,-0.08,12.050,-0.10,12.050,-0.08,12.050,-0.03,,,12.050,-0.08,,,12.050,-0.04,12.050,-0.07,12.050,0.05
12.100,-0.11,12.100,0.15,12.100,0.32,,,121.000,-0.18,,,24.200,-0.05,24.200,-0.08,12.100,-0.08,12.100,-0.08,12.100,-0.08,12.100,-0.03,,,12.100,-0.08,,,12.100,-0.05,12.100,-0.06,12.100,0.05
12.150,-0.05,12.150,0.07,12.150,0.32,,,121.500,-0.18,,,24.300,-0.06,24.300,-0.08,12.150,-0.09,12.150,-0.06,12.150,-0.08,12.150,-0.04,,,12.150,-0.08,,,12.150,-0.04,12.150,-0.06,12.150,0.04
12.200,-0.02,12.200,0.02,12.200,0.32,,,122.000,-0.17,,,24.400,-0.05,24.400,-0.07,12.200,-0.08,,,12.200,-0.08,12.200,-0.03,,,12.200,-0.08,,,12.200,-0.05,12.200,-0.06,12.200,0.05
12.250,-0.11,12.250,0.01,12.250,0.33,,,122.500,-0.17,,,24.500,-0.06,24.500,-0.07,12.250,-0.09,,,12.250,-0.07,12.250,-0.03,,,12.250,-0.08,,,12.250,-0.05,12.250,-0.06,12.250,0.05
12.300,-0.13,12.300,0.06,12.300,0.34,,,123.000,-0.16,,,24.600,-0.06,24.600,-0.08,12.300,-0.08,,,12.300,-0.08,12.300,-0.02,,,12.300,-0.08,,,12.300,-0.04,12.300,-0.06,12.300,0.05
12.350,-0.14,12.350,0.09,12.350,0.37,,,123.500,-0.17,,,24.700,-0.04,24.700,-0.07,12.350,-0.08,,,12.350,-0.07,12.350,-0.03,,,12.350,-0.08,,,12.350,-0.04,12.350,-0.06,12.350,0.04
12.400,-0.12,12.400,0.06,12.400,0.40,,,124.000,-0.17,,,24.800,-0.05,24.800,-0.07,12.400,-0.09,,,12.400,-0.06,12.400,-0.02,,,12.400,-0.07,,,12.400,-0.04,12.400,-0.06,12.400,0.05
12.450,0.04,12.450,-0.01,12.450,0.40,,,124.500,-0.18,,,24.900,-0.05,24.900,-0.09,12.450,-0.08,,,12.450,-0.08,12.450,-7.51E-10,,,12.450,-0.08,,,12.450,-0.04,12.450,-0.06,12.450,0.05
12.500,0.01,12.500,-0.03,12.500,0.40,,,125.000,-0.19,,,25.000,-0.05,25.000,-0.08,12.500,-0.08,,,12.500,-0.06,12.500,0.03,,,12.500,-0.08,,,12.500,-0.04,12.500,-0.06,12.500,0.05
12.550,-0.04,12.550,-0.07,12.550,0.32,,,125.500,-0.18,,,25.100,-0.05,25.100,-0.09,12.550,-0.09,,,12.550,-0.08,12.550,0.08,,,12.550,-0.09,,,12.550,-0.03,12.550,-0.05,12.550,0.05
12.600,-0.05,12.600,-0.09,12.600,0.28,,,126.000,-0.17,,,25.200,-0.05,25.200,-0.08,12.600,-0.09,,,12.600,-0.07,12.600,0.13,,,12.600,-0.07,,,12.600,-0.04,12.600,-0.06,12.600,0.05
12.650,-0.04,12.650,-0.10,12.650,0.28,,,126.500,-0.16,,,25.300,-0.05,25.300,-0.09,12.650,-0.09,,,12.650,-0.06,12.650,0.16,,,12.650,-0.07,,,12.650,-0.05,12.650,-0.05,12.650,0.05
12.700,-0.06,12.700,-0.03,12.700,0.30,,,127.000,-0.16,,,25.400,-0.06,25.400,-0.07,12.700,-0.09,,,12.700,-0.07,12.700,0.19,,,12.700,-0.06,,,12.700,-0.04,12.700,-0.05,12.700,0.05
12.750,-0.06,12.750,-0.02,12.750,0.34,,,127.500,-0.19,,,25.500,-0.06,25.500,-0.08,12.750,-0.09,,,12.750,-0.07,12.750,0.22,,,12.750,-0.07,,,12.750,-0.04,12.750,-0.06,12.750,0.04
12.800,-0.09,12.800,-0.09,12.800,0.36,,,128.000,-0.18,,,25.600,-0.05,25.600,-0.07,12.800,-0.09,,,12.800,-0.08,12.800,0.25,,,12.800,-0.07,,,12.800,-0.04,12.800,-0.06,12.800,0.05
12.850,-0.11,12.850,-0.09,12.850,0.31,,,128.500,-0.18,,,25.700,-0.05,25.700,-0.08,12.850,-0.08,,,12.850,-0.08,12.850,0.28,,,12.850,-0.08,,,12.850,-0.04,12.850,-0.05,12.850,0.05
12.900,-0.11,12.900,-0.09,12.900,0.30,,,129.000,-0.17,,,25.800,-0.05,25.800,-0.08,12.900,-0.08,,,12.900,-0.07,12.900,0.30,,,12.900,-0.09,,,12.900,-0.05,12.900,-0.05,12.900,0.04
12.950,-0.09,12.950,-0.13,12.950,0.33,,,129.500,-0.16,,,25.900,-0.05,25.900,-0.07,12.950,-0.09,,,12.950,-0.06,12.950,0.25,,,12.950,-0.09,,,12.950,-0.04,12.950,-0.05,12.950,0.05
13.000,-0.08,13.000,-0.12,13.000,0.36,,,130.000,-0.17,,,26.000,-0.06,26.000,-0.07,13.000,-0.10,,,13.000,-0.06,13.000,0.23,,,13.000,-0.08,,,13.000,-0.05,13.000,-0.05,13.000,0.05
13.050,-0.10,13.050,-0.14,13.050,0.37,,,130.500,-0.17,,,26.100,-0.05,26.100,-0.07,13.050,-0.09,,,13.050,-0.06,13.050,0.22,,,13.050,-0.08,,,13.050,-0.06,13.050,-0.06,13.050,0.04
13.100,-0.14,13.100,-0.23,13.100,0.41,,,131.000,-0.19,,,26.200,-0.05,26.200,-0.08,13.100,-0.09,,,13.100,-0.06,13.100,0.19,,,13.100,-0.08,,,13.100,-0.05,13.100,-0.06,13.100,0.04
13.150,-0.15,13.150,-0.26,13.150,0.43,,,131.500,-0.19,,,26.300,-0.05,26.300,-0.07,13.150,-0.09,,,13.150,-0.08,13.150,0.06,,,13.150,-0.08,,,13.150,-0.05,13.150,-0.06,13.150,0.05
13.200,-0.14,13.200,-0.25,13.200,0.38,,,132.000,-0.19,,,26.400,-0.05,26.400,-0.07,13.200,-0.08,,,13.200,-0.07,13.200,-0.09,,,13.200,-0.08,,,13.200,-0.03,13.200,-0.05,13.200,0.06
13.250,-0.17,13.250,-0.21,13.250,0.31,,,132.500,-0.19,,,26.500,-0.05,26.500,-0.07,13.250,-0.08,,,13.250,-0.05,13.250,-0.07,,,13.250,-0.08,,,13.250,-0.05,13.250,-0.05,13.250,0.06
13.300,-0.20,13.300,-0.20,13.300,0.28,,,133.000,-0.18,,,26.600,-0.04,26.600,-0.08,13.300,-0.08,,,13.300,-0.06,13.300,-0.07,,,13.300,-0.09,,,13.300,-0.04,13.300,-0.05,13.300,0.06
13.350,-0.21,13.350,-0.18,13.350,0.32,,,133.500,-0.19,,,26.700,-0.05,26.700,-0.08,13.350,-0.08,,,13.350,-0.06,13.350,-0.08,,,13.350,-0.08,,,13.350,-0.03,13.350,-0.06,13.350,0.05
13.400,-0.15,13.400,-0.14,13.400,0.35,,,134.000,-0.22,,,26.800,-0.05,26.800,-0.09,13.400,-0.07,,,13.400,-0.07,13.400,-0.07,,,13.400,-0.08,,,13.400,-0.03,13.400,-0.06,13.400,0.05
13.450,-0.23,13.450,-0.12,13.450,0.34,,,134.500,-0.22,,,26.900,-0.06,26.900,-0.08,13.450,-0.07,,,13.450,-0.05,13.450,-0.08,,,13.450,-0.07,,,13.450,-0.03,13.450,-0.05,13.450,0.06
13.500,-0.29,13.500,-0.18,13.500,0.32,,,135.000,-0.22,,,27.000,-0.06,27.000,-0.08,13.500,-0.07,,,13.500,-0.05,13.500,-0.08,,,13.500,-0.07,,,13.500,-0.04,13.500,-0.05,13.500,0.06
13.550,-0.25,13.550,-0.16,13.550,0.29,,,135.500,-0.22,,,27.100,-0.06,27.100,-0.09,13.550,-0.08,,,13.550,-0.05,13.550,-0.08,,,13.550,-0.08,,,13.550,-0.05,13.550,-0.05,13.550,0.05
13.600,-0.18,13.600,-0.16,13.600,0.30,,,136.000,-0.22,,,27.200,-0.05,27.200,-0.08,13.600,-0.07,,,13.600,-0.06,13.600,-0.08,,,13.600,-0.08,,,13.600,-0.04,13.600,-0.06,13.600,0.06
13.650,-0.18,13.650,-0.18,13.650,0.31,,,136.500,-0.22,,,27.300,-0.06,27.300,-0.08,13.650,-0.07,,,13.650,-0.07,13.650,-0.07,,,13.650,-0.06,,,13.650,-0.04,13.650,-0.07,13.650,0.06
13.700,-0.17,13.700,-0.16,13.700,0.34,,,137.000,-0.23,,,27.400,-0.05,27.400,-0.07,13.700,-0.07,,,13.700,-0.07,13.700,-0.08,,,13.700,-0.07,,,13.700,-0.03,13.700,-0.06,13.700,0.05
13.750,-0.18,13.750,-0.33,13.750,0.31,,,137.500,-0.22,,,27.500,-0.06,27.500,-0.08,13.750,-0.08,,,13.750,-0.06,13.750,-0.08,,,13.750,-0.08,,,13.750,-0.04,13.750,-0.05,13.750,0.05
13.800,-0.18,13.800,-0.31,13.800,0.32,,,138.000,-0.22,,,27.600,-0.06,27.600,-0.07,13.800,-0.08,,,13.800,-0.05,13.800,-0.06,,,13.800,-0.08,,,13.800,-0.04,13.800,-0.06,13.800,0.05
13.850,-0.19,13.850,-0.28,13.850,0.33,,,138.500,-0.23,,,27.700,-0.04,27.700,-0.06,13.850,-0.08,,,13.850,-0.07,13.850,-0.07,,,13.850,-0.07,,,13.850,-0.04,13.850,-0.06,13.850,0.04
13.900,-0.18,13.900,-0.41,13.900,0.35,,,139.000,-0.24,,,27.800,-0.05,27.800,-0.07,13.900,-0.09,,,13.900,-0.06,13.900,-0.08,,,13.900,-0.08,,,13.900,-0.04,13.900,-0.06,13.900,0.05
13.950,-0.18,13.950,-0.56,13.950,0.36,,,139.500,-0.23,,,27.900,-0.06,27.900,-0.07,13.950,-0.08,,,13.950,-0.06,13.950,-0.08,,,13.950,-0.07,,,13.950,-0.04,13.950,-0.05,13.950,0.04
14.000,-0.18,14.000,-0.40,14.000,0.38,,,140.000,-0.23,,,28.000,-0.07,28.000,-0.07,14.000,-0.08,,,14.000,-0.08,14.000,-0.08,,,14.000,-0.08,,,14.000,-0.04,14.000,-0.06,14.000,0.05
14.050,-0.19,14.050,-0.66,14.050,0.40,,,140.500,-0.22,,,28.100,-0.06,28.100,-0.06,14.050,-0.08,,,14.050,-0.07,14.050,-0.08,,,14.050,-0.09,,,14.050,-0.04,14.050,-0.06,14.050,0.05
14.100,-0.17,14.100,-1.02,14.100,0.43,,,141.000,-0.22,,,28.200,-0.06,28.200,-0.06,14.100,-0.08,,,14.100,-0.07,14.100,-0.08,,,14.100,-0.08,,,14.100,-0.05,14.100,-0.07,14.100,0.05
14.150,-0.19,14.150,-0.09,14.150,0.43,,,141.500,-0.21,,,28.300,-0.06,28.300,-0.07,14.150,-0.08,,,14.150,-0.08,14.150,-0.08,,,14.150,-0.09,,,14.150,-0.05,14.150,-0.06,14.150,0.05
14.200,-0.18,14.200,3.65,14.200,0.48,,,142.000,-0.22,,,28.400,-0.06,28.400,-0.08,14.200,-0.08,,,14.200,-0.07,14.200,-0.10,,,14.200,-0.08,,,14.200,-0.04,14.200,-0.07,14.200,0.05
14.250,-0.18,14.250,8.43,14.250,0.50,,,142.500,-0.23,,,28.500,-0.06,28.500,-0.08,14.250,-0.07,,,14.250,-0.06,14.250,-0.09,,,14.250,-0.07,,,14.250,-0.04,14.250,-0.07,14.250,0.05
14.300,-0.17,14.300,10.77,14.300,0.52,,,143.000,-0.21,,,28.600,-0.06,28.600,-0.08,14.300,-0.06,,,14.300,-0.06,14.300,-0.08,,,14.300,-0.07,,,14.300,-0.05,14.300,-0.06,14.300,0.06
14.350,-0.19,14.350,11.21,14.350,0.27,,,143.500,-0.23,,,28.700,-0.07,28.700,-0.08,14.350,-0.07,,,14.350,-0.06,14.350,-0.08,,,14.350,-0.07,,,14.350,-0.05,14.350,-0.07,14.350,0.06
14.400,-0.18,14.400,12.39,14.400,0.16,,,144.000,-0.22,,,28.800,-0.06,28.800,-0.08,14.400,-0.07,,,14.400,-0.06,14.400,-0.09,,,14.400,-0.07,,,14.400,-0.05,14.400,-0.07,14.400,0.06
14.450,-0.18,14.450,14.28,14.450,0.21,,,144.500,-0.23,,,28.900,-0.07,28.900,-0.08,14.450,-0.07,,,14.450,-0.07,14.450,-0.08,,,14.450,-0.08,,,14.450,-0.05,14.450,-0.06,14.450,0.06
14.500,-0.18,14.500,13.11,14.500,0.19,,,145.000,-0.22,,,29.000,-0.08,29.000,-0.07,14.500,-0.06,,,14.500,-0.07,14.500,-0.08,,,14.500,-0.07,,,14.500,-0.04,14.500,-0.06,14.500,0.06
14.550,-0.18,14.550,15.90,14.550,0.15,,,145.500,-0.23,,,29.100,-0.07,29.100,-0.08,14.550,-0.07,,,14.550,-0.07,14.550,-0.09,,,14.550,-0.07,,,14.550,-0.05,14.550,-0.06,14.550,0.06
14.600,-0.17,14.600,15.91,14.600,0.21,,,146.000,-0.21,,,29.200,-0.06,29.200,-0.08,14.600,-0.07,,,14.600,-0.07,14.600,-0.08,,,14.600,-0.08,,,14.600,-0.04,14.600,-0.05,14.600,0.05
14.650,-0.17,14.650,16.87,14.650,0.17,,,146.500,-0.22,,,29.300,-0.07,29.300,-0.08,14.650,-0.07,,,14.650,-0.06,14.650,-0.08,,,14.650,-0.06,,,14.650,-0.05,14.650,-0.06,14.650,0.06
14.700,-0.18,14.700,16.31,14.700,0.21,,,147.000,-0.22,,,29.400,-0.07,29.400,-0.08,14.700,-0.07,,,14.700,-0.06,14.700,-0.08,,,14.700,-0.07,,,14.700,-0.04,14.700,-0.07,14.700,0.05
14.750,-0.18,14.750,13.84,14.750,0.28,,,147.500,-0.21,,,29.500,-0.07,29.500,-0.06,14.750,-0.07,,,14.750,-0.06,14.750,-0.08,,,14.750,-0.07,,,14.750,-0.03,14.750,-0.07,14.750,0.05
14.800,-0.18,14.800,9.37,14.800,0.30,,,148.000,-0.22,,,29.600,-0.06,29.600,-0.07,14.800,-0.07,,,14.800,-0.05,14.800,-0.08,,,14.800,-0.06,,,14.800,-0.04,14.800,-0.07,14.800,0.05
14.850,-0.18,14.850,2.89,14.850,0.35,,,148.500,-0.23,,,29.700,-0.07,29.700,-0.08,14.850,-0.07,,,14.850,-0.06,14.850,-0.08,,,14.850,-0.06,,,14.850,-0.04,14.850,-0.06,14.850,0.05
14.900,-0.18,14.900,0.15,14.900,0.37,,,149.000,-0.24,,,29.800,-0.06,29.800,-0.08,14.900,-0.07,,,14.900,-0.06,14.900,-0.09,,,14.900,-0.07,,,14.900,-0.04,14.900,-0.07,14.900,0.05
14.950,-0.18,14.950,0.00,14.950,0.40,,,149.500,-0.23,,,29.900,-0.06,29.900,-0.08,14.950,-0.08,,,14.950,-0.07,14.950,-0.08,,,14.950,-0.08,,,14.950,-0.04,14.950,-0.08,14.950,0.05
15.000,-0.18,15.000,0.23,15.000,0.46,,,150.000,-0.22,,,30.000,-0.06,30.000,-0.07,15.000,-0.07,,,15.000,-0.05,15.000,-0.08,,,15.000,-0.08,,,15.000,-0.05,15.000,-0.07,15.000,0.05
15.050,-0.17,15.050,0.17,15.050,0.50,,,150.500,-0.23,,,30.100,-0.06,30.100,-0.07,15.050,-0.07,,,15.050,-0.06,15.050,-0.07,,,15.050,-0.08,,,15.050,-0.05,15.050,-0.07,15.050,0.04
15.100,-0.18,15.100,0.78,15.100,0.50,,,151.000,-0.23,,,30.200,-0.05,30.200,-0.07,15.100,-0.08,,,15.100,-0.06,15.100,-0.07,,,15.100,-0.08,,,15.100,-0.05,15.100,-0.06,15.100,0.04
15.150,-0.17,15.150,2.33,15.150,0.33,,,151.500,-0.23,,,30.300,-0.06,30.300,-0.08,15.150,-0.07,,,15.150,-0.06,15.150,-0.08,,,15.150,-0.08,,,15.150,-0.04,15.150,-0.06,15.150,0.06
15.200,-0.17,15.200,2.63,15.200,0.31,,,152.000,-0.22,,,30.400,-0.05,30.400,-0.08,15.200,-0.08,,,15.200,-0.06,15.200,-0.07,,,15.200,-0.08,,,15.200,-0.05,15.200,-0.07,15.200,0.05
15.250,-0.17,15.250,3.86,15.250,0.29,,,152.500,-0.22,,,30.500,-0.05,30.500,-0.08,15.250,-0.08,,,15.250,-0.05,15.250,-0.08,,,15.250,-0.09,,,15.250,-0.05,15.250,-0.07,15.250,0.05
15.300,-0.17,15.300,6.25,15.300,0.30,,,153.000,-0.22,,,30.600,-0.06,30.600,-0.07,15.300,-0.08,,,15.300,-0.06,15.300,-0.08,,,15.300,-0.08,,,15.300,-0.05,15.300,-0.07,15.300,0.06
15.350,-0.18,15.350,7.56,15.350,0.28,,,153.500,-0.22,,,30.700,-0.06,30.700,-0.06,15.350,-0.08,,,15.350,-0.06,15.350,-0.08,,,15.350,-0.09,,,15.350,-0.05,15.350,-0.07,15.350,0.06
15.400,-0.19,15.400,9.74,15.400,0.33,,,154.000,-0.23,,,30.800,-0.06,30.800,-0.06,15.400,-0.07,,,15.400,-0.06,15.400,-0.09,,,15.400,-0.08,,,15.400,-0.06,15.400,-0.07,15.400,0.07
15.450,-0.18,15.450,9.56,15.450,0.31,,,154.500,-0.22,,,30.900,-0.06,30.900,-0.07,15.450,-0.07,,,15.450,-0.06,15.450,-0.09,,,15.450,-0.08,,,15.450,-0.05,15.450,-0.07,15.450,0.06
15.500,-0.18,15.500,6.73,15.500,0.33,,,155.000,-0.23,,,31.000,-0.05,31.000,-0.06,15.500,-0.07,,,15.500,-0.06,15.500,-0.08,,,15.500,-0.09,,,15.500,-0.05,15.500,-0.06,15.500,0.06
15.550,-0.18,15.550,3.27,15.550,0.31,,,155.500,-0.22,,,31.100,-0.04,31.100,-0.06,15.550,-0.07,,,15.550,-0.07,15.550,-0.09,,,15.550,-0.08,,,15.550,-0.04,15.550,-0.06,15.550,0.06
15.600,-0.17,15.600,1.34,15.600,0.32,,,156.000,-0.23,,,31.200,-0.06,31.200,-0.07,15.600,-0.09,,,15.600,-0.07,15.600,-0.08,,,15.600,-0.08,,,15.600,-0.05,15.600,-0.06,15.600,0.07
15.650,-0.17,15.650,-0.15,15.650,0.31,,,156.500,-0.22,,,31.300,-0.06,31.300,-0.06,15.650,-0.08,,,15.650,-0.06,15.650,-0.09,,,15.650,-0.08,,,15.650,-0.05,15.650,-0.07,15.650,0.07
15.700,-0.18,15.700,-0.63,15.700,0.36,,,157.000,-0.22,,,31.400,-0.05,31.400,-0.06,15.700,-0.08,,,15.700,-0.07,15.700,-0.09,,,15.700,-0.08,,,15.700,-0.04,15.700,-0.07,15.700,0.07
15.750,-0.17,15.750,-0.23,15.750,0.32,,,157.500,-0.22,,,31.500,-0.06,31.500,-0.07,15.750,-0.08,,,15.750,-0.06,15.750,-0.09,,,15.750,-0.07,,,15.750,-0.04,15.750,-0.06,15.750,0.06
15.800,-0.17,15.800,-0.14,15.800,0.32,,,158.000,-0.23,,,31.600,-0.05,31.600,-0.07,15.800,-0.08,,,15.800,-0.06,15.800,-0.09,,,15.800,-0.08,,,15.800,-0.04,15.800,-0.05,15.800,0.07
15.850,-0.17,15.850,-0.43,15.850,0.31,,,158.500,-0.23,,,31.700,-0.05,31.700,-0.06,15.850,-0.08,,,15.850,-0.06,15.850,-0.08,,,15.850,-0.07,,,15.850,-0.04,15.850,-0.07,15.850,0.06
15.900,-0.17,15.900,-0.88,15.900,0.29,,,159.000,-0.22,,,31.800,-0.04,31.800,-0.07,15.900,-0.08,,,15.900,-0.06,15.900,-0.08,,,15.900,-0.07,,,15.900,-0.05,15.900,-0.06,15.900,0.05
15.950,-0.17,15.950,-0.52,15.950,0.32,,,159.500,-0.22,,,31.900,-0.05,31.900,-0.08,15.950,-0.08,,,15.950,-0.06,15.950,-0.08,,,15.950,-0.07,,,15.950,-0.05,15.950,-0.07,15.950,0.06
16.000,-0.18,16.000,-0.49,16.000,0.34,,,160.000,-0.21,,,32.000,-0.05,32.000,-0.07,16.000,-0.08,,,16.000,-0.06,16.000,-0.08,,,16.000,-0.07,,,16.000,-0.05,16.000,-0.06,16.000,0.06
16.050,-0.17,16.050,-0.56,16.050,0.36,,,160.500,-0.23,,,32.100,-0.06,32.100,-0.06,16.050,-0.08,,,16.050,-0.06,16.050,-0.08,,,16.050,-0.07,,,16.050,-0.04,16.050,-0.06,16.050,0.06
16.100,-0.18,16.100,0.92,16.100,0.34,,,161.000,-0.22,,,32.200,-0.06,32.200,-0.07,16.100,-0.08,,,16.100,-0.06,16.100,-0.08,,,16.100,-0.08,,,16.100,-0.04,16.100,-0.05,16.100,0.06
16.150,-0.18,16.150,2.40,16.150,0.35,,,161.500,-0.22,,,32.300,-0.07,32.300,-0.07,16.150,-0.08,,,16.150,-0.06,16.150,-0.08,,,16.150,-0.08,,,16.150,-0.05,16.150,-0.05,16.150,0.06
16.200,-0.18,16.200,4.50,16.200,0.38,,,162.000,-0.22,,,32.400,-0.06,32.400,-0.06,16.200,-0.08,,,16.200,-0.06,16.200,-0.09,,,16.200,-0.08,,,16.200,-0.04,16.200,-0.05,16.200,0.05
16.250,-0.18,16.250,6.12,16.250,0.41,,,162.500,-0.23,,,32.500,-0.06,32.500,-0.06,16.250,-0.08,,,16.250,-0.06,16.250,-0.08,,,16.250,-0.08,,,16.250,-0.04,16.250,-0.06,16.250,0.06
16.300,-0.19,16.300,7.02,16.300,0.39,,,163.000,-0.22,,,32.600,-0.07,32.600,-0.06,16.300,-0.09,,,16.300,-0.06,16.300,-0.09,,,16.300,-0.08,,,16.300,-0.04,16.300,-0.05,16.300,0.06
16.350,-0.19,16.350,7.10,16.350,0.37,,,163.500,-0.16,,,32.700,-0.06,32.700,-0.08,16.350,-0.08,,,16.350,-0.06,16.350,-0.09,,,16.350,-0.08,,,16.350,-0.03,16.350,-0.05,16.350,0.06
16.400,-0.19,16.400,7.29,16.400,0.40,,,164.000,-0.18,,,32.800,-0.06,32.800,-0.07,16.400,-0.07,,,16.400,-0.06,16.400,-0.09,,,16.400,-0.08,,,16.400,-0.04,16.400,-0.06,16.400,0.07
16.450,-0.18,16.450,7.10,16.450,0.41,,,164.500,-0.21,,,32.900,-0.05,32.900,-0.06,16.450,-0.08,,,16.450,-0.07,16.450,-0.08,,,16.450,-0.08,,,16.450,-0.03,16.450,-0.05,16.450,0.06
16.500,-0.18,16.500,8.26,16.500,0.39,,,165.000,-0.32,,,33.000,-0.05,33.000,-0.07,16.500,-0.08,,,16.500,-0.06,16.500,-0.07,,,16.500,-0.08,,,16.500,-0.03,16.500,-0.06,16.500,0.06
16.550,-0.18,16.550,9.69,16.550,0.39,,,165.500,-0.82,,,33.100,-0.06,33.100,-0.07,16.550,-0.07,,,16.550,-0.06,16.550,-0.07,,,16.550,-0.08,,,16.550,-0.03,16.550,-0.06,16.550,0.06
16.600,-0.18,16.600,8.58,16.600,0.41,,,166.000,-0.18,,,33.200,-0.05,33.200,-0.06,16.600,-0.09,,,16.600,-0.06,16.600,-0.07,,,16.600,-0.08,,,16.600,-0.03,16.600,-0.06,16.600,0.06
16.650,-0.19,16.650,5.27,16.650,0.39,,,166.500,-0.19,,,33.300,-0.04,33.300,-0.06,16.650,-0.09,,,16.650,-0.05,16.650,-0.07,,,16.650,-0.08,,,16.650,-0.05,16.650,-0.07,16.650,0.05
16.700,-0.19,16.700,1.15,16.700,0.41,,,167.000,-0.22,,,33.400,-0.05,33.400,-0.06,16.700,-0.09,,,16.700,-0.06,16.700,-0.08,,,16.700,-0.09,,,16.700,-0.05,16.700,-0.06,16.700,0.06
16.750,-0.19,16.750,-1.22,16.750,0.42,,,167.500,-0.17,,,33.500,-0.06,33.500,-0.06,16.750,-0.08,,,16.750,-0.06,16.750,-0.07,,,16.750,-0.09,,,16.750,-0.05,16.750,-0.07,16.750,0.06
16.800,-0.19,16.800,-2.80,16.800,0.41,,,168.000,-0.18,,,33.600,-0.05,33.600,-0.07,16.800,-0.08,,,16.800,-0.06,16.800,-0.08,,,16.800,-0.08,,,16.800,-0.05,16.800,-0.06,16.800,0.05
16.850,-0.18,16.850,-4.23,16.850,0.42,,,168.500,-0.18,,,33.700,-0.06,33.700,-0.06,16.850,-0.08,,,16.850,-0.07,16.850,-0.07,,,16.850,-0.09,,,16.850,-0.05,16.850,-0.06,16.850,0.06
16.900,-0.18,16.900,-4.82,16.900,0.43,,,169.000,-0.18,,,33.800,-0.07,33.800,-0.06,16.900,-0.08,,,16.900,-0.07,16.900,-0.08,,,16.900,-0.09,,,16.900,-0.05,16.900,-0.05,16.900,0.07
16.950,-0.18,16.950,-4.82,16.950,0.44,,,169.500,-0.18,,,33.900,-0.06,33.900,-0.06,16.950,-0.08,,,16.950,-0.07,16.950,-0.08,,,16.950,-0.08,,,16.950,-0.06,16.950,-0.06,16.950,0.06
17.000,-0.18,17.000,-4.17,17.000,0.44,,,170.000,-0.19,,,34.000,-0.06,34.000,-0.06,17.000,-0.08,,,17.000,-0.05,17.000,-0.08,,,17.000,-0.08,,,17.000,-0.06,17.000,-0.06,17.000,0.06
17.050,-0.18,17.050,-2.79,17.050,0.45,,,170.500,-0.17,,,34.100,-0.05,34.100,-0.06,17.050,-0.08,,,17.050,-0.06,17.050,-0.08,,,17.050,-0.07,,,17.050,-0.05,17.050,-0.06,17.050,0.07
17.100,-0.17,17.100,1.32,17.100,0.44,,,171.000,-0.18,,,34.200,-0.07,34.200,-0.06,17.100,-0.08,,,17.100,-0.06,17.100,-0.07,,,17.100,-0.08,,,17.100,-0.05,17.100,-0.06,17.100,0.06
17.150,-0.18,17.150,6.88,17.150,0.42,,,171.500,-0.18,,,34.300,-0.07,34.300,-0.06,17.150,-0.08,,,17.150,-0.05,17.150,-0.08,,,17.150,-0.07,,,17.150,-0.05,17.150,-0.06,17.150,0.06
17.200,-0.18,17.200,10.87,17.200,0.44,,,172.000,-0.18,,,34.400,-0.08,34.400,-0.07,17.200,-0.09,,,17.200,-0.06,17.200,-0.08,,,17.200,-0.09,,,17.200,-0.05,17.200,-0.06,17.200,0.06
17.250,-0.17,17.250,14.51,17.250,0.45,,,172.500,-0.17,,,34.500,-0.06,34.500,-0.07,17.250,-0.08,,,17.250,-0.08,17.250,-0.09,,,17.250,-0.08,,,17.250,-0.05,17.250,-0.05,17.250,0.06
17.300,-0.15,17.300,15.06,17.300,0.44,,,173.000,-0.18,,,34.600,-0.06,34.600,-0.06,17.300,-0.08,,,17.300,-0.06,17.300,-0.09,,,17.300,-0.08,,,17.300,-0.05,17.300,-0.06,17.300,0.06
17.350,-0.14,17.350,14.41,17.350,0.44,,,173.500,-0.17,,,34.700,-0.06,34.700,-0.06,17.350,-0.08,,,17.350,-0.07,17.350,-0.09,,,17.350,-0.09,,,17.350,-0.05,17.350,-0.06,17.350,0.05
17.400,-0.13,17.400,11.00,17.400,0.44,,,174.000,-0.16,,,34.800,-0.05,34.800,-0.06,17.400,-0.08,,,17.400,-0.06,17.400,-0.08,,,17.400,-0.08,,,17.400,-0.04,17.400,-0.05,17.400,0.05
17.450,-0.12,17.450,1.79,17.450,0.44,,,174.500,-0.17,,,34.900,-0.05,34.900,-0.05,17.450,-0.07,,,17.450,-0.07,17.450,-0.09,,,17.450,-0.08,,,17.450,-0.04,17.450,-0.06,17.450,0.05
17.500,-0.14,17.500,-4.36,17.500,0.44,,,175.000,-0.18,,,35.000,-0.07,35.000,-0.06,17.500,-0.07,,,17.500,-0.06,17.500,-0.08,,,17.500,-0.10,,,17.500,-0.05,17.500,-0.06,17.500,0.05
17.550,-0.15,17.550,-5.79,17.550,0.42,,,175.500,-0.18,,,35.100,-0.06,35.100,-0.06,17.550,-0.08,,,17.550,-0.06,17.550,-0.08,,,17.550,-0.09,,,17.550,-0.05,17.550,-0.06,17.550,0.05
17.600,-0.16,17.600,-5.25,17.600,0.44,,,176.000,-0.18,,,35.200,-0.06,35.200,-0.04,17.600,-0.08,,,17.600,-0.06,17.600,-0.09,,,17.600,-0.09,,,17.600,-0.05,17.600,-0.06,17.600,0.06
17.650,-0.14,17.650,-4.66,17.650,0.44,,,176.500,-0.18,,,35.300,-0.06,35.300,-0.06,17.650,-0.08,,,17.650,-0.07,17.650,-0.08,,,17.650,-0.09,,,17.650,-0.05,17.650,-0.07,17.650,0.06
17.700,-0.13,17.700,-4.38,17.700,0.43,,,177.000,-0.19,,,35.400,-0.06,35.400,-0.07,17.700,-0.09,,,17.700,-0.07,17.700,-0.08,,,17.700,-0.09,,,17.700,-0.06,17.700,-0.07,17.700,0.07
17.750,-0.12,17.750,-4.09,17.750,0.44,,,177.500,-0.20,,,35.500,-0.06,35.500,-0.06,17.750,-0.08,,,17.750,-0.08,17.750,-0.08,,,17.750,-0.09,,,17.750,-0.05,17.750,-0.06,17.750,0.05
17.800,-0.09,17.800,-1.14,17.800,0.44,,,178.000,-0.19,,,35.600,-0.05,35.600,-0.07,17.800,-0.08,,,17.800,-0.07,17.800,-0.08,,,17.800,-0.08,,,17.800,-0.05,17.800,-0.06,17.800,0.04
17.850,-0.05,17.850,5.44,17.850,0.42,,,178.500,-0.18,,,35.700,-0.06,35.700,-0.07,17.850,-0.08,,,17.850,-0.06,17.850,-0.09,,,17.850,-0.08,,,17.850,-0.05,17.850,-0.06,17.850,0.06
17.900,-0.17,17.900,9.25,17.900,0.42,,,179.000,-0.20,,,35.800,-0.06,35.800,-0.06,17.900,-0.07,,,17.900,-0.07,17.900,-0.08,,,17.900,-0.07,,,17.900,-0.06,17.900,-0.07,17.900,0.05
17.950,-0.21,17.950,9.59,17.950,0.40,,,179.500,-0.17,,,35.900,-0.06,35.900,-0.07,17.950,-0.07,,,17.950,-0.06,17.950,-0.09,,,17.950,-0.08,,,17.950,-0.06,17.950,-0.07,17.950,0.05
18.000,-0.10,18.000,7.47,18.000,0.42,,,180.000,-0.16,,,36.000,-0.06,36.000,-0.07,18.000,-0.08,,,18.000,-0.07,18.000,-0.08,,,18.000,-0.08,,,18.000,-0.05,18.000,-0.06,18.000,0.04
18.050,-0.07,18.050,1.90,18.050,0.39,,,180.500,-0.16,,,36.100,-0.06,36.100,-0.08,18.050,-0.07,,,18.050,-0.07,18.050,-0.08,,,18.050,-0.08,,,18.050,-0.05,18.050,-0.06,18.050,0.05
18.100,-0.13,18.100,-3.12,18.100,0.39,,,181.000,-0.18,,,36.200,-0.07,36.200,-0.07,18.100,-0.08,,,18.100,-0.06,18.100,-0.08,,,18.100,-0.08,,,18.100,-0.04,18.100,-0.06,18.100,0.06
18.150,-0.11,18.150,-3.44,18.150,0.37,,,181.500,-0.17,,,36.300,-0.05,36.300,-0.06,18.150,-0.08,,,18.150,-0.07,18.150,-0.09,,,18.150,-0.08,,,18.150,-0.05,18.150,-0.06,18.150,0.06
18.200,-0.14,18.200,-1.88,18.200,0.37,,,182.000,-0.17,,,36.400,-0.06,36.400,-0.06,18.200,-0.08,,,18.200,-0.06,18.200,-0.09,,,18.200,-0.08,,,18.200,-0.05,18.200,-0.06,18.200,0.06
18.250,-0.09,18.250,-0.44,18.250,0.34,,,182.500,-0.16,,,36.500,-0.07,36.500,-0.07,18.250,-0.08,,,18.250,-0.07,18.250,-0.09,,,18.250,-0.09,,,18.250,-0.06,18.250,-0.06,18.250,0.05
18.300,-0.01,18.300,-0.22,18.300,0.33,,,183.000,-0.19,,,36.600,-0.06,36.600,-0.08,18.300,-0.09,,,18.300,-0.07,18.300,-0.09,,,18.300,-0.08,,,18.300,-0.05,18.300,-0.05,18.300,0.06
18.350,-0.02,18.350,-0.20,18.350,0.30,,,183.500,-0.16,,,36.700,-0.07,36.700,-0.07,18.350,-0.09,,,18.350,-0.06,18.350,-0.09,,,18.350,-0.08,,,18.350,-0.05,18.350,-0.06,18.350,0.06
18.400,-0.04,18.400,-0.20,18.400,0.30,,,184.000,-0.15,,,36.800,-0.06,36.800,-0.07,18.400,-0.09,,,18.400,-0.07,18.400,-0.08,,,18.400,-0.09,,,18.400,-0.06,18.400,-0.06,18.400,0.05
18.450,-0.03,18.450,-0.20,18.450,0.28,,,184.500,-0.18,,,36.900,-0.06,36.900,-0.07,18.450,-0.09,,,18.450,-0.07,18.450,-0.08,,,18.450,-0.08,,,18.450,-0.06,18.450,-0.06,18.450,0.05
18.500,-0.07,18.500,-0.19,18.500,0.27,,,185.000,-0.19,,,37.000,-0.07,37.000,-0.07,18.500,-0.09,,,18.500,-0.06,18.500,-0.08,,,18.500,-0.08,,,18.500,-0.06,18.500,-0.06,18.500,0.06
18.550,-0.11,18.550,-0.21,18.550,0.25,,,185.500,-0.20,,,37.100,-0.06,37.100,-0.06,18.550,-0.08,,,18.550,-0.06,18.550,-0.09,,,18.550,-0.09,,,18.550,-0.05,18.550,-0.06,18.550,0.05
18.600,-0.14,18.600,-0.21,18.600,0.22,,,186.000,-0.18,,,37.200,-0.04,37.200,-0.06,18.600,-0.08,,,18.600,-0.06,18.600,-0.08,,,18.600,-0.09,,,18.600,-0.05,18.600,-0.05,18.600,0.05
18.650,-0.14,18.650,-0.21,18.650,0.21,,,186.500,-0.19,,,37.300,-0.05,37.300,-0.05,18.650,-0.08,,,18.650,-0.07,18.650,-0.08,,,18.650,-0.09,,,18.650,-0.04,18.650,-0.06,18.650,0.06
18.700,-0.15,18.700,-0.19,18.700,0.17,,,187.000,-0.19,,,37.400,-0.05,37.400,-0.06,18.700,-0.09,,,18.700,-0.06,18.700,-0.08,,,18.700,-0.08,,,18.700,-0.04,18.700,-0.05,18.700,0.05
18.750,-0.14,18.750,-0.20,18.750,0.14,,,187.500,-0.17,,,37.500,-0.06,37.500,-0.07,18.750,-0.10,,,18.750,-0.06,18.750,-0.08,,,18.750,-0.09,,,18.750,-0.05,18.750,-0.07,18.750,0.06
18.800,-0.14,18.800,-0.19,18.800,0.09,,,188.000,-0.18,,,37.600,-0.05,37.600,-0.06,18.800,-0.09,,,18.800,-0.07,18.800,-0.08,,,18.800,-0.08,,,18.800,-0.05,18.800,-0.06,18.800,0.05
18.850,-0.11,18.850,-0.20,18.850,0.04,,,188.500,-0.22,,,37.700,-0.06,37.700,-0.06,18.850,-0.09,,,18.850,-0.07,18.850,-0.08,,,18.850,-0.09,,,18.850,-0.05,18.850,-0.06,18.850,0.05
18.900,-0.05,18.900,-0.21,18.900,0.01,,,189.000,-0.23,,,37.800,-0.05,37.800,-0.06,18.900,-0.08,,,18.900,-0.07,18.900,-0.09,,,18.900,-0.09,,,18.900,-0.05,18.900,-0.08,18.900,0.04
18.950,-0.24,18.950,-0.21,18.950,-0.01,,,189.500,-0.19,,,37.900,-0.05,37.900,-0.05,18.950,-0.08,,,18.950,-0.06,18.950,-0.09,,,18.950,-0.09,,,18.950,-0.05,18.950,-0.06,18.950,0.05
19.000,-0.18,19.000,-0.21,19.000,-0.04,,,190.000,-0.17,,,38.000,-0.06,38.000,-0.06,19.000,-0.08,,,19.000,-0.06,19.000,-0.07,,,19.000,-0.10,,,19.000,-0.05,19.000,-0.06,19.000,0.03
19.050,-0.09,19.050,-0.20,19.050,-0.07,,,190.500,-0.18,,,38.100,-0.06,38.100,-0.05,19.050,-0.09,,,19.050,-0.08,19.050,-0.07,,,19.050,-0.09,,,19.050,-0.04,19.050,-0.07,19.050,0.02
19.100,-0.12,19.100,-0.21,19.100,-0.08,,,191.000,-0.18,,,38.200,-0.04,38.200,-0.06,19.100,-0.10,,,19.100,-0.08,19.100,-0.07,,,19.100,-0.09,,,19.100,-0.06,19.100,-0.06,19.100,0.03
19.150,-0.11,19.150,-0.20,19.150,-0.11,,,191.500,-0.19,,,38.300,-0.06,38.300,-0.06,19.150,-0.09,,,19.150,-0.07,19.150,-0.08,,,19.150,-0.09,,,19.150,-0.06,19.150,-0.06,19.150,0.04
19.200,-0.14,19.200,-0.20,19.200,-0.13,,,192.000,-0.20,,,38.400,-0.07,38.400,-0.06,19.200,-0.10,,,19.200,-0.07,19.200,-0.09,,,19.200,-0.09,,,19.200,-0.05,19.200,-0.06,19.200,0.05
19.250,-0.15,19.250,-0.21,19.250,-0.14,,,192.500,-0.20,,,38.500,-0.05,38.500,-0.07,19.250,-0.09,,,19.250,-0.08,19.250,-0.08,,,19.250,-0.09,,,19.250,-0.05,19.250,-0.06,19.250,0.04
19.300,-0.15,19.300,-0.20,19.300,-0.15,,,193.000,-0.21,,,38.600,-0.04,38.600,-0.07,19.300,-0.09,,,19.300,-0.07,19.300,-0.08,,,19.300,-0.07,,,19.300,-0.04,19.300,-0.06,19.300,0.05
19.350,-0.14,19.350,-0.20,19.350,-0.16,,,193.500,-0.23,,,38.700,-0.05,38.700,-0.06,19.350,-0.09,,,19.350,-0.07,19.350,-0.09,,,19.350,-0.09,,,19.350,-0.05,19.350,-0.05,19.350,0.04
19.400,-0.14,19.400,-0.19,19.400,-0.16,,,194.000,-0.23,,,38.800,-0.06,38.800,-0.05,19.400,-0.09,,,19.400,-0.07,19.400,-0.08,,,19.400,-0.09,,,19.400,-0.05,19.400,-0.05,19.400,0.03
19.450,-0.14,19.450,-0.20,19.450,-0.16,,,194.500,-0.23,,,38.900,-0.05,38.900,-0.07,19.450,-0.09,,,19.450,-0.06,19.450,-0.09,,,19.450,-0.10,,,19.450,-0.04,19.450,-0.06,19.450,0.03
19.500,-0.14,19.500,-0.20,19.500,-0.17,,,195.000,-0.24,,,39.000,-0.05,39.000,-0.06,19.500,-0.09,,,19.500,-0.05,19.500,-0.09,,,19.500,-0.09,,,19.500,-0.05,19.500,-0.05,19.500,0.03
19.550,-0.14,19.550,-0.19,19.550,-0.18,,,195.500,-0.24,,,39.100,-0.07,39.100,-0.06,19.550,-0.09,,,19.550,-0.05,19.550,-0.07,,,19.550,-0.10,,,19.550,-0.05,19.550,-0.05,19.550,0.05
19.600,-0.12,19.600,-0.19,19.600,-0.18,,,196.000,-0.24,,,39.200,-0.07,39.200,-0.06,19.600,-0.09,,,19.600,-0.05,19.600,-0.09,,,19.600,-0.09,,,19.600,-0.05,19.600,-0.06,19.600,0.05
19.650,-0.11,19.650,-0.19,19.650,-0.18,,,196.500,-0.23,,,39.300,-0.07,39.300,-0.07,19.650,-0.08,,,19.650,-0.04,19.650,-0.08,,,19.650,-0.08,,,19.650,-0.05,19.650,-0.08,19.650,0.04
19.700,-0.09,19.700,-0.20,19.700,-0.20,,,197.000,-0.22,,,39.400,-0.06,39.400,-0.05,19.700,-0.08,,,19.700,-0.06,19.700,-0.08,,,19.700,-0.08,,,19.700,-0.05,19.700,-0.06,19.700,0.04
19.750,-0.07,19.750,-0.19,19.750,-0.20,,,197.500,-0.21,,,39.500,-0.05,39.500,-0.05,19.750,-0.08,,,19.750,-0.06,19.750,-0.08,,,19.750,-0.09,,,19.750,-0.04,19.750,-0.07,19.750,0.05
19.800,-0.08,19.800,-0.20,19.800,-0.19,,,198.000,-0.22,,,39.600,-0.06,39.600,-0.05,19.800,-0.08,,,19.800,-0.05,19.800,-0.09,,,19.800,-0.10,,,19.800,-0.05,19.800,-0.06,19.800,0.06
19.850,-0.10,19.850,-0.22,19.850,-0.18,,,198.500,-0.25,,,39.700,-0.06,39.700,-0.05,19.850,-0.08,,,19.850,-0.05,19.850,-0.08,,,19.850,-0.09,,,19.850,-0.06,19.850,-0.06,19.850,0.06
19.900,-0.11,19.900,-0.21,19.900,-0.19,,,199.000,-0.24,,,39.800,-0.06,39.800,-0.05,19.900,-0.08,,,19.900,-0.06,19.900,-0.08,,,19.900,-0.09,,,19.900,-0.06,19.900,-0.06,19.900,0.03
19.950,-0.15,19.950,-0.20,19.950,-0.19,,,199.500,-0.24,,,39.900,-0.06,39.900,-0.04,19.950,-0.08,,,19.950,-0.06,19.950,-0.09,,,19.950,-0.10,,,19.950,-0.06,19.950,-0.06,19.950,0.05
20.000,-0.16,20.000,-0.21,20.000,-0.19,,,200.000,-0.24,,,40.000,-0.06,40.000,-0.05,20.000,-0.08,,,20.000,-0.05,20.000,-0.09,,,20.000,-0.09,,,20.000,-0.05,20.000,-0.06,20.000,0.05
20.050,-0.15,20.050,-0.21,20.050,-0.20,,,200.500,-0.23,,,40.100,-0.07,40.100,-0.05,20.050,-0.08,,,20.050,-0.05,20.050,-0.09,,,20.050,-0.10,,,20.050,-0.05,20.050,-0.06,20.050,0.05
20.100,-0.16,20.100,-0.20,20.100,-0.19,,,201.000,-0.24,,,40.200,-0.07,40.200,-0.05,20.100,-0.08,,,20.100,-0.06,20.100,-0.08,,,20.100,-0.08,,,20.100,-0.05,20.100,-0.06,20.100,0.04
20.150,-0.15,20.150,-0.20,20.150,-0.19,,,201.500,-0.22,,,40.300,-0.06,40.300,-0.06,20.150,-0.08,,,20.150,-0.07,20.150,-0.09,,,20.150,-0.09,,,20.150,-0.06,20.150,-0.08,20.150,0.04
20.200,-0.15,20.200,-0.20,20.200,-0.20,,,202.000,-0.24,,,40.400,-0.06,40.400,-0.06,20.200,-0.08,,,20.200,-0.06,20.200,-0.08,,,20.200,-0.09,,,20.200,-0.05,20.200,-0.06,20.200,0.04
20.250,-0.16,20.250,-0.21,20.250,-0.19,,,202.500,-0.18,,,40.500,-0.06,40.500,-0.06,20.250,-0.07,,,20.250,-0.07,20.250,-0.09,,,20.250,-0.09,,,20.250,-0.04,20.250,-0.06,20.250,0.05
20.300,-0.15,20.300,-0.21,20.300,-0.19,,,203.000,-0.20,,,40.600,-0.06,40.600,-0.05,20.300,-0.08,,,20.300,-0.06,20.300,-0.08,,,20.300,-0.09,,,20.300,-0.05,20.300,-0.07,20.300,0.04
20.350,-0.12,20.350,-0.21,20.350,-0.19,,,203.500,-0.19,,,40.700,-0.06,40.700,-0.06,20.350,-0.08,,,20.350,-0.06,20.350,-0.08,,,20.350,-0.10,,,20.350,-0.05,20.350,-0.07,20.350,0.05
20.400,-0.06,20.400,-0.21,20.400,-0.19,,,204.000,-0.18,,,40.800,-0.07,40.800,-0.05,20.400,-0.07,,,20.400,-0.07,20.400,-0.09,,,20.400,-0.10,,,20.400,-0.05,20.400,-0.07,20.400,0.04
20.450,0.01,20.450,-0.21,20.450,-0.20,,,204.500,-0.18,,,40.900,-0.06,40.900,-0.05,20.450,-0.08,,,20.450,-0.07,20.450,-0.08,,,20.450,-0.09,,,20.450,-0.05,20.450,-0.07,20.450,0.05
20.500,-0.20,20.500,-0.21,20.500,-0.18,,,205.000,-0.18,,,41.000,-0.06,41.000,-0.05,20.500,-0.06,,,20.500,-0.06,20.500,-0.09,,,20.500,-0.09,,,20.500,-0.05,20.500,-0.06,20.500,0.05
20.550,-0.14,20.550,-0.22,20.550,-0.19,,,205.500,-0.18,,,41.100,-0.07,41.100,-0.03,20.550,-0.09,,,20.550,-0.06,20.550,-0.09,,,20.550,-0.10,,,20.550,-0.06,20.550,-0.06,20.550,0.04
20.600,-0.09,20.600,-0.21,20.600,-0.19,,,206.000,-0.18,,,41.200,-0.08,41.200,0.12,20.600,-0.08,,,20.600,-0.05,20.600,-0.10,,,20.600,-0.10,,,20.600,-0.05,20.600,-0.05,20.600,0.05
20.650,-0.08,20.650,-0.21,20.650,-0.19,,,206.500,-0.50,,,41.300,-0.07,41.300,0.09,20.650,-0.08,,,20.650,-0.06,20.650,-0.09,,,20.650,-0.10,,,20.650,-0.05,20.650,-0.05,20.650,0.06
20.700,-0.15,20.700,-0.21,20.700,-0.18,,,207.000,-0.69,,,41.400,-0.06,41.400,0.09,20.700,-0.07,,,20.700,-0.06,20.700,-0.10,,,20.700,-0.10,,,20.700,-0.05,20.700,-0.07,20.700,0.06
20.750,-0.19,20.750,-0.21,20.750,-0.19,,,207.500,-0.56,,,41.500,-0.06,41.500,0.09,20.750,-0.08,,,20.750,-0.06,20.750,-0.09,,,20.750,-0.09,,,20.750,-0.06,20.750,-0.06,20.750,0.06
20.800,-0.10,20.800,-0.21,20.800,-0.18,,,208.000,-0.58,,,41.600,-0.06,41.600,0.08,20.800,-0.08,,,20.800,-0.06,20.800,-0.09,,,20.800,-0.08,,,20.800,-0.06,20.800,-0.06,20.800,0.05
20.850,-0.03,20.850,-0.20,20.850,-0.19,,,208.500,-0.25,,,41.700,-0.06,41.700,0.06,20.850,-0.08,,,20.850,-0.06,20.850,-0.09,,,20.850,-0.09,,,20.850,-0.05,20.850,-0.05,20.850,0.05
20.900,-0.07,20.900,-0.21,20.900,-0.20,,,209.000,-0.22,,,41.800,-0.07,41.800,0.04,20.900,-0.08,,,20.900,-0.05,20.900,-0.09,,,20.900,-0.07,,,20.900,-0.04,20.900,-0.06,20.900,0.04
20.950,-0.11,20.950,-0.19,20.950,-0.18,,,209.500,-0.17,,,41.900,-0.06,41.900,0.03,20.950,-0.08,,,20.950,-0.06,20.950,-0.09,,,20.950,-0.08,,,20.950,-0.04,20.950,-0.07,20.950,0.04
21.000,-0.16,21.000,-0.21,21.000,-0.19,,,210.000,-0.18,,,42.000,-0.08,42.000,0.04,21.000,-0.08,,,21.000,-0.06,21.000,-0.09,,,21.000,-0.09,,,21.000,-0.06,21.000,-0.06,21.000,0.04
21.050,-0.12,21.050,-0.19,21.050,-0.18,,,210.500,-0.20,,,42.100,-0.07,42.100,0.02,21.050,-0.09,,,21.050,-0.06,21.050,-0.09,,,21.050,-0.08,,,21.050,-0.05,21.050,-0.06,21.050,0.05
21.100,-0.02,21.100,-0.19,21.100,-0.17,,,211.000,-0.18,,,42.200,-0.08,42.200,0.03,21.100,-0.09,,,21.100,-0.06,21.100,-0.09,,,21.100,-0.08,,,21.100,-0.04,21.100,-0.06,21.100,0.05
21.150,-0.03,21.150,-0.20,21.150,-0.18,,,211.500,-0.18,,,42.300,-0.06,42.300,0.03,21.150,-0.08,,,21.150,-0.06,21.150,-0.09,,,21.150,-0.08,,,21.150,-0.04,21.150,-0.07,21.150,0.05
21.200,-0.04,21.200,-0.19,21.200,-0.17,,,212.000,-0.17,,,42.400,-0.06,42.400,0.04,21.200,-0.09,,,21.200,-0.06,21.200,-0.09,,,21.200,-0.07,,,21.200,-0.06,21.200,-0.06,21.200,0.03
21.250,-0.07,21.250,-0.18,21.250,-0.18,,,212.500,-0.19,,,42.500,-0.05,42.500,0.04,21.250,-0.08,,,21.250,-0.06,21.250,-0.09,,,21.250,-0.08,,,21.250,-0.06,21.250,-0.06,21.250,0.04
21.300,0.03,21.300,-0.19,21.300,-0.18,,,213.000,-0.20,,,42.600,-0.05,42.600,0.03,21.300,-0.08,,,21.300,-0.06,21.300,-0.09,,,21.300,-0.08,,,21.300,-0.05,21.300,-0.06,21.300,0.05
21.350,0.06,21.350,-0.19,21.350,-0.17,,,213.500,-0.18,,,42.700,-0.05,42.700,0.03,21.350,-0.08,,,21.350,-0.05,21.350,-0.09,,,21.350,-0.08,,,21.350,-0.06,21.350,-0.07,21.350,0.05
21.400,-0.06,21.400,-0.18,21.400,-0.18,,,214.000,-0.19,,,42.800,-0.06,42.800,0.02,21.400,-0.06,,,21.400,-0.06,21.400,-0.08,,,21.400,-0.08,,,21.400,-0.05,21.400,-0.06,21.400,0.04
21.450,-0.14,21.450,-0.20,21.450,-0.17,,,214.500,-0.18,,,42.900,-0.06,42.900,0.00,21.450,-0.08,,,21.450,-0.06,21.450,-0.08,,,21.450,-0.08,,,21.450,-0.05,21.450,-0.07,21.450,0.04
21.500,-0.15,21.500,-0.19,21.500,-0.17,,,215.000,-0.18,,,43.000,-0.05,43.000,-0.05,21.500,-0.08,,,21.500,-0.06,21.500,-0.09,,,21.500,-0.08,,,21.500,-0.06,21.500,-0.06,21.500,0.05
21.550,-0.21,21.550,-0.19,21.550,-0.17,,,215.500,-0.18,,,43.100,-0.06,43.100,-0.08,21.550,-0.09,,,21.550,-0.06,21.550,-0.09,,,21.550,-0.09,,,21.550,-0.05,21.550,-0.06,21.550,0.05
21.600,-0.16,21.600,-0.19,21.600,-0.17,,,216.000,-0.19,,,43.200,-0.06,43.200,-0.08,21.600,-0.08,,,21.600,-0.06,21.600,-0.09,,,21.600,-0.09,,,21.600,-0.05,21.600,-0.07,21.600,0.05
21.650,-0.07,21.650,-0.19,21.650,-0.17,,,216.500,-0.19,,,43.300,-0.06,43.300,-0.08,21.650,-0.08,,,21.650,-0.06,21.650,-0.07,,,21.650,-0.09,,,21.650,-0.05,21.650,-0.08,21.650,0.05
21.700,0.03,21.700,-0.18,21.700,-0.16,,,217.000,-0.19,,,43.400,-0.06,43.400,-0.08,21.700,-0.08,,,21.700,-0.05,21.700,-0.09,,,21.700,-0.09,,,21.700,-0.05,21.700,-0.07,21.700,0.06
21.750,-0.07,21.750,-0.19,21.750,-0.18,,,217.500,-0.19,,,43.500,-0.07,43.500,-0.08,21.750,-0.08,,,21.750,-0.05,21.750,-0.08,,,21.750,-0.08,,,21.750,-0.05,21.750,-0.06,21.750,0.05
21.800,-0.10,21.800,-0.20,21.800,-0.16,,,218.000,-0.20,,,43.600,-0.05,43.600,-0.09,21.800,-0.08,,,21.800,-0.05,21.800,-0.07,,,21.800,-0.09,,,21.800,-0.05,21.800,-0.06,21.800,0.06
21.850,0.05,21.850,-0.19,21.850,-0.17,,,218.500,-0.24,,,43.700,-0.04,43.700,-0.08,21.850,-0.08,,,21.850,-0.05,21.850,-0.08,,,21.850,-0.09,,,21.850,-0.05,21.850,-0.06,21.850,0.06
21.900,0.01,21.900,-0.20,21.900,-0.15,,,219.000,-0.23,,,43.800,-0.05,43.800,-0.08,21.900,-0.09,,,21.900,-0.05,21.900,-0.09,,,21.900,-0.10,,,21.900,-0.05,21.900,-0.07,21.900,0.06
21.950,-0.08,21.950,-0.20,21.950,-0.16,,,219.500,-0.24,,,43.900,-0.05,43.900,-0.08,21.950,-0.09,,,21.950,-0.06,21.950,-0.09,,,21.950,-0.10,,,21.950,-0.06,21.950,-0.07,21.950,0.06
22.000,-0.14,22.000,-0.20,22.000,-0.18,,,220.000,-0.23,,,44.000,-0.06,44.000,-0.08,22.000,-0.08,,,22.000,-0.05,22.000,-0.08,,,22.000,-0.10,,,22.000,-0.06,22.000,-0.07,22.000,0.05
22.050,-0.17,22.050,-0.19,22.050,-0.16,,,220.500,-0.24,,,44.100,-0.06,44.100,-0.08,22.050,-0.08,,,22.050,-0.06,22.050,-0.09,,,22.050,-0.09,,,22.050,-0.06,22.050,-0.06,22.050,0.04
22.100,-0.17,22.100,-0.19,22.100,-0.16,,,221.000,-0.24,,,44.200,-0.07,44.200,-0.06,22.100,-0.08,,,22.100,-0.04,22.100,-0.09,,,22.100,-0.09,,,22.100,-0.06,22.100,-0.06,22.100,0.05
22.150,-0.17,22.150,-0.20,22.150,-0.16,,,221.500,-0.23,,,44.300,-0.06,44.300,-0.08,22.150,-0.08,,,22.150,-0.05,22.150,-0.09,,,22.150,-0.09,,,22.150,-0.06,22.150,-0.06,22.150,0.04
22.200,-0.17,22.200,-0.20,22.200,-0.17,,,222.000,-0.24,,,44.400,-0.06,44.400,-0.06,22.200,-0.09,,,22.200,-0.05,22.200,-0.08,,,22.200,-0.09,,,22.200,-0.06,22.200,-0.05,22.200,0.05
22.250,-0.17,22.250,-0.20,22.250,-0.16,,,222.500,-0.25,,,44.500,-0.06,44.500,-0.07,22.250,-0.08,,,22.250,-0.05,22.250,-0.08,,,22.250,-0.09,,,22.250,-0.06,22.250,-0.06,22.250,0.05
22.300,-0.18,22.300,-0.20,22.300,-0.16,,,223.000,-0.22,,,44.600,-0.06,44.600,-0.06,22.300,-0.07,,,22.300,-0.04,22.300,-0.08,,,22.300,-0.09,,,22.300,-0.05,22.300,-0.06,22.300,0.05
22.350,-0.18,22.350,-0.20,22.350,-0.15,,,223.500,-0.24,,,44.700,-0.06,44.700,-0.07,22.350,-0.08,,,22.350,-0.05,22.350,-0.08,,,22.350,-0.08,,,22.350,-0.04,22.350,-0.05,22.350,0.05
22.400,-0.18,22.400,-0.20,22.400,-0.16,,,224.000,-0.24,,,44.800,-0.05,44.800,-0.06,22.400,-0.09,,,22.400,-0.05,22.400,-0.08,,,22.400,-0.08,,,22.400,-0.06,22.400,-0.06,22.400,0.05
22.450,-0.18,22.450,-0.21,22.450,-0.16,,,224.500,-0.19,,,44.900,-0.05,44.900,-0.08,22.450,-0.07,,,22.450,-0.05,22.450,-0.09,,,22.450,-0.09,,,22.450,-0.05,22.450,-0.05,22.450,0.04
22.500,-0.18,22.500,-0.25,22.500,-0.15,,,225.000,-0.20,,,45.000,-0.05,45.000,-0.06,22.500,-0.09,,,22.500,-0.05,22.500,-0.09,,,22.500,-0.09,,,22.500,-0.05,22.500,-0.05,22.500,0.05
22.550,-0.18,22.550,-0.20,22.550,-0.16,,,225.500,-0.20,,,45.100,-0.06,45.100,-0.08,22.550,-0.09,,,22.550,-0.05,22.550,-0.09,,,22.550,-0.09,,,22.550,-0.03,22.550,-0.05,22.550,0.06
22.600,-0.17,22.600,-0.20,22.600,-0.16,,,226.000,-0.18,,,45.200,-0.06,45.200,-0.08,22.600,-0.09,,,22.600,-0.04,22.600,-0.09,,,22.600,-0.10,,,22.600,-0.05,22.600,-0.05,22.600,0.05
22.650,-0.19,22.650,-0.20,22.650,-0.17,,,226.500,-0.19,,,45.300,-0.06,45.300,-0.06,22.650,-0.08,,,22.650,-0.05,22.650,-0.09,,,22.650,-0.08,,,22.650,-0.04,22.650,-0.05,22.650,0.06
22.700,-0.19,22.700,-0.17,22.700,-0.17,,,227.000,-0.19,,,45.400,-0.07,45.400,-0.07,22.700,-0.08,,,22.700,-0.04,22.700,-0.09,,,22.700,-0.09,,,22.700,-0.04,22.700,-0.05,22.700,0.04
22.750,-0.18,22.750,-0.15,22.750,-0.17,,,227.500,-0.20,,,45.500,-0.06,45.500,-0.06,22.750,-0.08,,,22.750,-0.05,22.750,-0.09,,,22.750,-0.09,,,22.750,-0.05,22.750,-0.05,22.750,0.06
22.800,-0.17,22.800,-0.03,22.800,-0.18,,,228.000,-0.19,,,45.600,-0.07,45.600,-0.06,22.800,-0.08,,,22.800,-0.04,22.800,-0.09,,,22.800,-0.09,,,22.800,-0.05,22.800,-0.07,22.800,0.05
22.850,-0.18,22.850,0.02,22.850,-0.17,,,228.500,-0.19,,,45.700,-0.06,45.700,-0.07,22.850,-0.09,,,22.850,-0.04,22.850,-0.09,,,22.850,-0.09,,,22.850,-0.05,22.850,-0.06,22.850,0.04
22.900,-0.18,22.900,-0.04,22.900,-0.17,,,229.000,-0.25,,,45.800,-0.06,45.800,-0.06,22.900,-0.09,,,22.900,-0.05,22.900,-0.09,,,22.900,-0.08,,,22.900,-0.05,22.900,-0.06,22.900,0.05
22.950,-0.18,22.950,0.04,22.950,-0.17,,,229.500,-0.19,,,45.900,-0.07,45.900,-0.06,22.950,-0.07,,,22.950,-0.07,22.950,-0.08,,,22.950,-0.09,,,22.950,-0.04,22.950,-0.07,22.950,0.05
23.000,-0.19,23.000,0.06,23.000,-0.16,,,230.000,-0.17,,,46.000,-0.06,46.000,-0.05,23.000,-0.09,,,23.000,-0.05,23.000,-0.09,,,23.000,-0.09,,,23.000,-0.05,23.000,-0.06,23.000,0.05
23.050,-0.18,23.050,0.09,23.050,-0.17,,,230.500,-0.19,,,46.100,-0.06,46.100,-0.06,23.050,-0.09,,,23.050,-0.03,23.050,-0.09,,,23.050,-0.08,,,23.050,-0.05,23.050,-0.06,23.050,0.06
23.100,-0.17,23.100,-0.02,23.100,-0.16,,,231.000,-0.17,,,46.200,-0.06,46.200,-0.08,23.100,-0.09,,,23.100,-0.03,23.100,-0.09,,,23.100,-0.09,,,23.100,-0.04,23.100,-0.05,23.100,0.06
23.150,-0.17,23.150,-0.18,23.150,-0.16,,,231.500,-0.18,,,46.300,-0.06,46.300,-0.07,23.150,-0.09,,,23.150,-0.04,23.150,-0.09,,,23.150,-0.08,,,23.150,-0.05,23.150,-0.06,23.150,0.07
23.200,-0.17,23.200,-0.36,23.200,-0.16,,,232.000,-0.17,,,46.400,-0.06,46.400,-0.07,23.200,-0.08,,,23.200,-0.06,23.200,-0.09,,,23.200,-0.09,,,23.200,-0.05,23.200,-0.06,23.200,0.06
23.250,-0.17,23.250,-0.41,23.250,-0.16,,,232.500,-0.17,,,46.500,-0.07,46.500,-0.07,23.250,-0.09,,,23.250,-0.05,23.250,-0.09,,,23.250,-0.08,,,23.250,-0.05,23.250,-0.08,23.250,0.05
23.300,-0.17,23.300,-0.36,23.300,-0.16,,,233.000,-0.18,,,46.600,-0.07,46.600,-0.07,23.300,-0.08,,,23.300,-0.05,23.300,-0.09,,,23.300,-0.09,,,23.300,-0.06,23.300,-0.07,23.300,0.06
23.350,-0.17,23.350,-0.37,23.350,-0.16,,,233.500,-0.18,,,46.700,-0.05,46.700,-0.06,23.350,-0.08,,,23.350,-0.05,23.350,-0.09,,,23.350,-0.09,,,23.350,-0.05,23.350,-0.06,23.350,0.05
23.400,-0.17,23.400,-0.36,23.400,-0.15,,,234.000,-0.18,,,46.800,-0.06,46.800,-0.06,23.400,-0.08,,,23.400,-0.05,23.400,-0.08,,,23.400,-0.09,,,23.400,-0.05,23.400,-0.06,23.400,0.05
23.450,-0.18,23.450,-0.30,23.450,-0.14,,,234.500,-0.16,,,46.900,-0.06,46.900,-0.07,23.450,-0.08,,,23.450,-0.03,23.450,-0.09,,,23.450,-0.09,,,23.450,-0.05,23.450,-0.06,23.450,0.06
23.500,-0.18,23.500,-0.23,23.500,-0.13,,,235.000,-0.25,,,47.000,-0.06,47.000,-0.06,23.500,-0.08,,,23.500,-0.04,,,,,23.500,-0.08,,,23.500,-0.05,23.500,-0.05,23.500,0.06
23.550,-0.17,23.550,-0.18,23.550,-0.13,,,235.500,-0.15,,,47.100,-0.06,47.100,-0.06,23.550,-0.08,,,23.550,-0.03,,,,,23.550,-0.09,,,23.550,-0.05,23.550,-0.05,23.550,0.07
23.600,-0.19,23.600,-0.21,23.600,-0.12,,,236.000,-0.18,,,47.200,-0.06,47.200,-0.07,23.600,-0.09,,,23.600,-0.02,,,,,23.600,-0.08,,,23.600,-0.05,23.600,-0.05,23.600,0.06
23.650,-0.19,23.650,-0.08,23.650,-0.11,,,236.500,-0.18,,,47.300,-0.06,47.300,-0.07,23.650,-0.09,,,23.650,-0.03,,,,,23.650,-0.07,,,23.650,-0.05,23.650,-0.05,23.650,0.06
23.700,-0.18,23.700,0.13,23.700,-0.12,,,237.000,-0.18,,,47.400,-0.06,47.400,-0.06,23.700,-0.08,,,23.700,-0.03,,,,,23.700,-0.08,,,23.700,-0.06,23.700,-0.05,23.700,0.06
23.750,-0.18,23.750,0.29,23.750,-0.11,,,237.500,-0.18,,,47.500,-0.06,47.500,-0.07,23.750,-0.10,,,23.750,-0.03,,,,,23.750,-0.09,,,23.750,-0.06,23.750,-0.06,23.750,0.06
23.800,-0.19,23.800,0.27,23.800,-0.09,,,238.000,-0.19,,,47.600,-0.07,47.600,-0.07,23.800,-0.09,,,23.800,-0.02,,,,,23.800,-0.09,,,23.800,-0.05,23.800,-0.05,23.800,0.06
23.850,-0.18,23.850,0.20,23.850,-0.07,,,238.500,-0.17,,,47.700,-0.08,47.700,-0.07,23.850,-0.08,,,23.850,-0.02,,,,,23.850,-0.09,,,23.850,-0.06,23.850,-0.06,23.850,0.06
23.900,-0.19,23.900,0.23,23.900,-0.05,,,239.000,-0.20,,,47.800,-0.06,47.800,-0.08,23.900,-0.09,,,23.900,-0.01,,,,,23.900,-0.08,,,23.900,-0.06,23.900,-0.06,23.900,0.05
23.950,-0.19,23.950,0.28,23.950,-0.03,,,239.500,-0.23,,,47.900,-0.07,47.900,-0.07,23.950,-0.09,,,23.950,-0.01,,,,,23.950,-0.08,,,23.950,-0.06,23.950,-0.05,23.950,0.06
24.000,-0.18,24.000,0.27,24.000,-0.04,,,240.000,-0.21,,,48.000,-0.08,48.000,-0.08,24.000,-0.08,,,24.000,-0.01,,,,,24.000,-0.08,,,24.000,-0.05,24.000,-0.06,24.000,0.05
24.050,-0.18,24.050,0.19,24.050,-0.04,,,240.500,-0.23,,,48.100,-0.07,48.100,-0.07,24.050,-0.09,,,24.050,-0.01,,,,,24.050,-0.08,,,24.050,-0.05,24.050,-0.05,24.050,0.06
24.100,-0.18,24.100,0.07,24.100,-0.02,,,241.000,-0.23,,,48.200,-0.06,48.200,-0.08,24.100,-0.08,,,24.100,0.01,,,,,24.100,-0.07,,,24.100,-0.05,24.100,-0.06,24.100,0.07
24.150,-0.18,24.150,0.05,24.150,0.02,,,241.500,-0.22,,,48.300,-0.07,48.300,-0.08,24.150,-0.08,,,24.150,0.02,,,,,24.150,-0.07,,,24.150,-0.05,24.150,-0.06,24.150,0.07
24.200,-0.19,24.200,0.00,24.200,0.01,,,242.000,-0.22,,,48.400,-0.08,48.400,-0.07,24.200,-0.07,,,24.200,0.01,,,,,24.200,-0.08,,,24.200,-0.04,24.200,-0.07,24.200,0.05
24.250,-0.18,24.250,-0.09,24.250,0.04,,,242.500,-0.23,,,48.500,-0.08,48.500,-0.07,24.250,-0.09,,,24.250,0.01,,,,,24.250,-0.07,,,24.250,-0.04,24.250,-0.05,24.250,0.06
24.300,-0.19,24.300,-0.09,24.300,0.05,,,243.000,-0.22,,,48.600,-0.07,48.600,-0.08,24.300,-0.08,,,24.300,0.02,,,,,24.300,-0.06,,,24.300,-0.05,24.300,-0.06,24.300,0.06
24.350,-0.19,24.350,-0.09,24.350,0.08,,,243.500,-0.23,,,48.700,-0.07,48.700,-0.08,24.350,-0.10,,,24.350,0.02,,,,,24.350,-0.07,,,24.350,-0.05,24.350,-0.07,24.350,0.06
24.400,-0.20,24.400,-0.12,24.400,0.08,,,244.000,0.06,,,48.800,-0.06,48.800,-0.08,24.400,-0.09,,,24.400,0.02,,,,,24.400,-0.08,,,24.400,-0.05,24.400,-0.07,24.400,0.07
24.450,-0.18,24.450,-0.16,24.450,0.11,,,244.500,0.51,,,48.900,-0.06,48.900,-0.08,24.450,-0.08,,,24.450,0.02,,,,,24.450,-0.07,,,24.450,-0.04,24.450,-0.06,24.450,0.07
24.500,-0.18,24.500,-0.19,24.500,0.15,,,245.000,1.44,,,49.000,-0.07,49.000,-0.07,24.500,-0.07,,,24.500,0.02,,,,,24.500,-0.07,,,24.500,-0.05,24.500,-0.05,24.500,0.06
24.550,-0.18,24.550,-0.20,24.550,0.17,,,245.500,-0.36,,,49.100,-0.08,49.100,-0.08,24.550,-0.08,,,24.550,0.03,,,,,24.550,-0.08,,,24.550,-0.04,24.550,-0.06,24.550,0.07
24.600,-0.18,24.600,-0.21,24.600,0.19,,,246.000,-0.01,,,49.200,-0.08,49.200,-0.07,24.600,-0.08,,,24.600,0.03,,,,,24.600,-0.07,,,24.600,-0.04,24.600,-0.05,24.600,0.07
24.650,-0.18,24.650,-0.21,24.650,0.19,,,246.500,0.72,,,49.300,-0.06,49.300,-0.08,24.650,-0.08,,,24.650,0.04,,,,,24.650,-0.08,,,24.650,-0.04,24.650,-0.06,24.650,0.07
24.700,-0.18,24.700,-0.21,24.700,0.16,,,247.000,0.64,,,49.400,-0.07,49.400,-0.08,24.700,-0.08,,,24.700,0.06,,,,,24.700,-0.07,,,24.700,-0.04,24.700,-0.05,24.700,0.08
24.750,-0.17,24.750,-0.20,24.750,0.15,,,247.500,0.65,,,49.500,-0.07,49.500,-0.07,24.750,-0.08,,,24.750,0.07,,,,,24.750,-0.08,,,24.750,-0.05,24.750,-0.05,24.750,0.07
24.800,-0.18,24.800,-0.20,24.800,0.16,,,248.000,-0.20,,,49.600,-0.07,49.600,-0.08,24.800,-0.08,,,24.800,0.07,,,,,24.800,-0.07,,,24.800,-0.04,24.800,-0.06,24.800,0.06
24.850,-0.18,24.850,-0.21,24.850,0.19,,,248.500,-0.18,,,49.700,-0.07,49.700,-0.08,24.850,-0.07,,,24.850,0.07,,,,,24.850,-0.07,,,24.850,-0.04,24.850,-0.06,24.850,0.06
24.900,-0.17,24.900,-0.20,24.900,0.19,,,249.000,-0.18,,,49.800,-0.06,49.800,-0.07,24.900,-0.08,,,24.900,0.09,,,,,24.900,-0.08,,,24.900,-0.04,24.900,-0.06,24.900,0.07
24.950,-0.17,24.950,-0.19,24.950,0.20,,,249.500,-0.31,,,49.900,-0.07,49.900,-0.07,24.950,-0.06,,,24.950,0.07,,,,,24.950,-0.08,,,24.950,-0.04,24.950,-0.06,24.950,0.05
25.000,-0.18,25.000,-0.19,25.000,0.20,,,250.000,-0.21,,,50.000,-0.07,50.000,-0.07,25.000,-0.08,,,25.000,0.09,,,,,25.000,-0.08,,,25.000,-0.04,25.000,-0.05,25.000,0.06
25.050,-0.19,25.050,-0.20,25.050,0.18,,,250.500,-0.18,,,50.100,-0.06,50.100,-0.08,25.050,-0.08,,,25.050,0.09,,,,,25.050,-0.07,,,25.050,-0.04,25.050,-0.06,25.050,0.05
25.100,-0.18,25.100,-0.19,25.100,0.19,,,251.000,-0.29,,,50.200,-0.07,50.200,-0.08,25.100,-0.07,,,25.100,0.08,,,,,25.100,-0.07,,,25.100,-0.04,25.100,-0.07,25.100,0.05
25.150,-0.19,25.150,-0.20,25.150,0.20,,,251.500,-0.28,,,50.300,-0.07,50.300,-0.09,25.150,-0.08,,,25.150,0.09,,,,,25.150,-0.07,,,25.150,-0.05,25.150,-0.06,25.150,0.05
25.200,-0.19,25.200,-0.20,25.200,0.21,,,252.000,-0.27,,,50.400,-0.07,50.400,-0.09,25.200,-0.09,,,25.200,0.08,,,,,25.200,-0.07,,,25.200,-0.04,25.200,-0.06,25.200,0.05
25.250,-0.18,25.250,-0.20,25.250,0.25,,,252.500,-0.25,,,50.500,-0.08,50.500,-0.08,25.250,-0.08,,,25.250,0.08,,,,,25.250,-0.08,,,25.250,-0.02,25.250,-0.06,25.250,0.05
25.300,-0.19,25.300,-0.20,25.300,0.25,,,253.000,-0.24,,,50.600,-0.07,50.600,-0.08,25.300,-0.08,,,25.300,0.08,,,,,25.300,-0.08,,,25.300,-0.03,25.300,-0.06,25.300,0.03
25.350,-0.18,25.350,-0.21,25.350,0.28,,,253.500,-0.24,,,50.700,-0.07,50.700,-0.07,25.350,-0.08,,,25.350,0.10,,,,,25.350,-0.07,,,25.350,-0.02,25.350,-0.06,25.350,0.04
25.400,-0.19,25.400,-0.21,25.400,0.28,,,254.000,-0.19,,,50.800,-0.06,50.800,-0.07,25.400,-0.07,,,25.400,0.10,,,,,25.400,-0.07,,,25.400,-0.04,25.400,-0.06,25.400,0.04
25.450,-0.18,25.450,-0.20,25.450,0.27,,,254.500,-0.22,,,50.900,-0.08,50.900,-0.07,25.450,-0.08,,,25.450,0.11,,,,,25.450,-0.07,,,25.450,-0.02,25.450,-0.06,25.450,0.05
25.500,-0.19,25.500,-0.20,25.500,0.29,,,255.000,-0.22,,,51.000,-0.08,51.000,-0.07,25.500,-0.10,,,25.500,0.11,,,,,25.500,-0.07,,,25.500,-0.04,25.500,-0.07,25.500,0.05
25.550,-0.18,25.550,-0.20,25.550,0.29,,,255.500,-0.25,,,51.100,-0.08,51.100,-0.08,25.550,-0.09,,,25.550,0.11,,,,,25.550,-0.06,,,25.550,-0.05,25.550,-0.06,25.550,0.05
25.600,-0.18,25.600,-0.20,25.600,0.30,,,256.000,-0.28,,,51.200,-0.07,51.200,-0.08,25.600,-0.07,,,25.600,0.13,,,,,25.600,-0.07,,,25.600,-0.04,25.600,-0.05,25.600,0.06
25.650,-0.19,25.650,-0.20,25.650,0.31,,,256.500,0.02,,,51.300,-0.07,51.300,-0.08,25.650,-0.08,,,25.650,0.12,,,,,25.650,-0.07,,,25.650,-0.04,25.650,-0.07,25.650,0.05
25.700,-0.19,25.700,-0.20,25.700,0.32,,,257.000,-0.12,,,51.400,-0.07,51.400,-0.08,25.700,-0.08,,,25.700,0.13,,,,,25.700,-0.08,,,25.700,-0.03,25.700,-0.07,25.700,0.06
25.750,-0.19,25.750,-0.20,25.750,0.34,,,257.500,-0.05,,,51.500,-0.08,51.500,-0.08,25.750,-0.07,,,25.750,0.13,,,,,25.750,-0.08,,,25.750,-0.04,25.750,-0.06,25.750,0.06
25.800,-0.19,25.800,-0.21,25.800,0.32,,,258.000,-0.02,,,51.600,-0.07,51.600,-0.08,25.800,-0.06,,,25.800,0.14,,,,,25.800,-0.08,,,25.800,-0.03,25.800,-0.05,25.800,0.05
25.850,-0.20,25.850,-0.21,25.850,0.32,,,258.500,0.15,,,51.700,-0.08,51.700,-0.08,25.850,-0.07,,,25.850,0.13,,,,,25.850,-0.08,,,25.850,-0.02,25.850,-0.06,25.850,0.06
25.900,-0.19,25.900,-0.21,25.900,0.31,,,259.000,-0.09,,,51.800,-0.06,51.800,-0.07,25.900,-0.07,,,25.900,0.11,,,,,25.900,-0.08,,,25.900,-0.04,25.900,-0.06,25.900,0.05
25.950,-0.19,25.950,-0.21,25.950,0.32,,,259.500,-0.05,,,51.900,-0.07,51.900,-0.08,25.950,-0.07,,,25.950,0.12,,,,,25.950,-0.08,,,25.950,-0.04,25.950,-0.07,25.950,0.06
26.000,-0.19,26.000,-0.21,26.000,0.31,,,260.000,-0.25,,,52.000,-0.07,52.000,-0.09,26.000,-0.08,,,26.000,0.14,,,,,26.000,-0.07,,,26.000,-0.04,26.000,-0.07,26.000,0.05
26.050,-0.19,26.050,-0.20,26.050,0.34,,,260.500,-0.23,,,52.100,-0.08,52.100,-0.09,26.050,-0.08,,,26.050,0.16,,,,,26.050,-0.07,,,26.050,-0.04,26.050,-0.07,26.050,0.06
26.100,-0.19,26.100,-0.20,26.100,0.34,,,261.000,-0.24,,,52.200,-0.08,52.200,-0.08,26.100,-0.08,,,26.100,0.16,,,,,26.100,-0.08,,,26.100,-0.04,26.100,-0.06,26.100,0.05
26.150,-0.18,26.150,-0.20,26.150,0.37,,,261.500,-0.24,,,52.300,-0.08,52.300,-0.08,26.150,-0.08,,,26.150,0.16,,,,,26.150,-0.07,,,26.150,-0.04,26.150,-0.06,26.150,0.05
26.200,-0.19,26.200,-0.20,26.200,0.42,,,262.000,-0.24,,,52.400,-0.07,52.400,-0.08,26.200,-0.08,,,26.200,0.16,,,,,26.200,-0.08,,,26.200,-0.03,26.200,-0.06,26.200,0.04
26.250,-0.19,26.250,-0.20,26.250,0.42,,,262.500,-0.26,,,52.500,-0.07,52.500,-0.08,26.250,-0.08,,,26.250,0.16,,,,,26.250,-0.08,,,26.250,-0.03,26.250,-0.06,26.250,0.05
26.300,-0.17,26.300,-0.21,26.300,0.33,,,263.000,-0.24,,,52.600,-0.07,52.600,-0.09,26.300,-0.08,,,26.300,0.16,,,,,26.300,-0.09,,,26.300,-0.04,26.300,-0.06,26.300,0.04
26.350,-0.18,26.350,-0.20,26.350,0.25,,,263.500,-0.24,,,52.700,-0.06,52.700,-0.08,26.350,-0.09,,,26.350,0.16,,,,,26.350,-0.08,,,26.350,-0.04,26.350,-0.07,26.350,0.04
26.400,-0.17,26.400,-0.19,26.400,0.18,,,264.000,-0.24,,,52.800,-0.07,52.800,-0.08,26.400,-0.09,,,26.400,0.16,,,,,26.400,-0.09,,,26.400,-0.04,26.400,-0.07,26.400,0.05
26.450,-0.18,26.450,-0.20,26.450,0.12,,,264.500,-0.24,,,52.900,-0.08,52.900,-0.08,26.450,-0.09,,,26.450,0.17,,,,,26.450,-0.09,,,26.450,-0.04,26.450,-0.08,26.450,0.04
26.500,-0.18,26.500,-0.20,26.500,0.05,,,265.000,-0.23,,,53.000,-0.07,53.000,-0.08,26.500,-0.08,,,26.500,0.16,,,,,26.500,-0.08,,,26.500,-0.04,26.500,-0.07,26.500,0.04
26.550,-0.19,26.550,-0.20,26.550,-0.05,,,265.500,-0.25,,,53.100,-0.06,53.100,-0.08,26.550,-0.08,,,26.550,0.17,,,,,26.550,-0.08,,,26.550,-0.05,26.550,-0.07,26.550,0.05
26.600,-0.18,26.600,-0.20,26.600,-0.10,,,266.000,-0.24,,,53.200,-0.07,53.200,-0.09,26.600,-0.07,,,26.600,0.17,,,,,26.600,-0.08,,,26.600,-0.04,26.600,-0.07,26.600,0.05
26.650,-0.18,26.650,-0.20,26.650,-0.13,,,266.500,-0.25,,,53.300,-0.07,53.300,-0.08,26.650,-0.08,,,26.650,0.15,,,,,26.650,-0.09,,,26.650,-0.05,26.650,-0.07,26.650,0.06
26.700,-0.18,26.700,-0.20,26.700,-0.17,,,267.000,-0.24,,,53.400,-0.07,53.400,-0.08,26.700,-0.07,,,26.700,0.17,,,,,26.700,-0.08,,,26.700,-0.06,26.700,-0.07,26.700,0.06
26.750,-0.18,26.750,-0.20,26.750,-0.19,,,267.500,-0.24,,,53.500,-0.08,53.500,-0.09,26.750,-0.07,,,26.750,0.18,,,,,26.750,-0.08,,,26.750,-0.05,26.750,-0.07,26.750,0.07
26.800,-0.18,26.800,-0.21,26.800,-0.20,,,268.000,-0.25,,,53.600,-0.06,53.600,-0.09,26.800,-0.07,,,26.800,0.13,,,,,26.800,-0.08,,,26.800,-0.05,26.800,-0.07,26.800,0.06
26.850,-0.18,26.850,-0.21,26.850,-0.20,,,268.500,-0.24,,,53.700,-0.05,53.700,-0.09,26.850,-0.07,,,26.850,0.08,,,,,26.850,-0.09,,,26.850,-0.04,26.850,-0.08,26.850,0.06
26.900,-0.19,26.900,-0.21,26.900,-0.21,,,269.000,-0.24,,,53.800,-0.07,53.800,-0.08,26.900,-0.07,,,26.900,0.04,,,,,26.900,-0.08,,,26.900,-0.05,26.900,-0.07,26.900,0.06
26.950,-0.18,26.950,-0.21,26.950,-0.21,,,269.500,-0.24,,,53.900,-0.07,53.900,-0.08,26.950,-0.08,,,26.950,0.01,,,,,26.950,-0.08,,,26.950,-0.04,26.950,-0.07,26.950,0.07
27.000,-0.18,27.000,-0.21,27.000,-0.20,,,270.000,-0.25,,,54.000,-0.06,54.000,-0.08,27.000,-0.07,,,27.000,-0.01,,,,,27.000,-0.08,,,27.000,-0.05,27.000,-0.08,27.000,0.06
27.050,-0.18,27.050,-0.21,27.050,-0.20,,,270.500,-0.25,,,54.100,-0.07,54.100,-0.08,27.050,-0.07,,,27.050,-0.02,,,,,27.050,-0.07,,,27.050,-0.05,27.050,-0.07,27.050,0.05
27.100,-0.19,27.100,-0.20,27.100,-0.21,,,271.000,-0.25,,,54.200,-0.06,54.200,-0.07,27.100,-0.07,,,27.100,-0.04,,,,,27.100,-0.06,,,27.100,-0.05,27.100,-0.08,27.100,0.06
27.150,-0.19,27.150,-0.21,27.150,-0.21,,,271.500,-0.24,,,54.300,-0.07,54.300,-0.08,27.150,-0.08,,,27.150,-0.05,,,,,27.150,-0.07,,,27.150,-0.05,27.150,-0.08,27.150,0.06
27.200,-0.19,27.200,-0.21,27.200,-0.21,,,272.000,-0.25,,,54.400,-0.06,54.400,-0.07,27.200,-0.08,,,27.200,-0.04,,,,,27.200,-0.07,,,27.200,-0.04,27.200,-0.07,27.200,0.05
27.250,-0.18,27.250,-0.21,27.250,-0.20,,,272.500,-0.28,,,54.500,-0.06,54.500,-0.08,27.250,-0.08,,,27.250,-0.06,,,,,27.250,-0.07,,,27.250,-0.04,27.250,-0.08,27.250,0.07
27.300,-0.18,27.300,-0.20,27.300,-0.20,,,273.000,-0.25,,,54.600,-0.07,54.600,-0.07,27.300,-0.08,,,27.300,-0.06,,,,,27.300,-0.07,,,27.300,-0.03,27.300,-0.07,27.300,0.06
27.350,-0.19,27.350,-0.21,27.350,-0.20,,,273.500,-0.28,,,54.700,-0.07,54.700,-0.07,27.350,-0.08,,,27.350,-0.06,,,,,27.350,-0.08,,,27.350,-0.04,27.350,-0.07,27.350,0.05
27.400,-0.17,27.400,-0.20,27.400,-0.20,,,274.000,0.31,,,54.800,-0.06,54.800,-0.08,27.400,-0.08,,,27.400,-0.06,,,,,27.400,-0.08,,,27.400,-0.04,27.400,-0.07,27.400,0.05
27.450,-0.18,27.450,-0.21,27.450,-0.20,,,274.500,0.20,,,54.900,-0.06,54.900,-0.08,27.450,-0.09,,,27.450,-0.06,,,,,27.450,-0.07,,,27.450,-0.05,27.450,-0.06,27.450,0.06
27.500,-0.17,27.500,-0.21,27.500,-0.20,,,275.000,-0.23,,,55.000,-0.06,55.000,-0.08,27.500,-0.09,,,27.500,-0.05,,,,,27.500,-0.07,,,27.500,-0.04,27.500,-0.08,27.500,0.05
27.550,-0.18,27.550,-0.19,27.550,-0.12,,,275.500,1.11,,,55.100,-0.07,55.100,-0.06,27.550,-0.09,,,27.550,-0.05,,,,,27.550,-0.07,,,27.550,-0.02,27.550,-0.08,27.550,0.05
27.600,-0.18,27.600,-0.20,27.600,-0.09,,,276.000,3.02,,,55.200,-0.06,55.200,-0.08,27.600,-0.08,,,27.600,-0.05,,,,,27.600,-0.08,,,27.600,-0.04,27.600,-0.07,27.600,0.06
27.650,-0.18,27.650,-0.21,27.650,-0.13,,,276.500,2.83,,,55.300,-0.08,55.300,-0.08,27.650,-0.08,,,27.650,-0.04,,,,,27.650,-0.08,,,27.650,-0.04,27.650,-0.07,27.650,0.06
27.700,-0.17,27.700,-0.21,27.700,-0.19,,,277.000,3.86,,,55.400,-0.05,55.400,-0.08,27.700,-0.08,,,27.700,-0.04,,,,,27.700,-0.08,,,27.700,-0.04,27.700,-0.07,27.700,0.06
27.750,-0.18,27.750,-0.21,27.750,-0.15,,,277.500,0.96,,,55.500,-0.06,55.500,-0.09,27.750,-0.08,,,27.750,-0.06,,,,,27.750,-0.08,,,27.750,-0.04,27.750,-0.08,27.750,0.05
27.800,-0.18,27.800,-0.20,27.800,-0.11,,,278.000,2.72,,,55.600,-0.05,55.600,-0.09,27.800,-0.08,,,27.800,-0.06,,,,,27.800,-0.08,,,27.800,-0.05,27.800,-0.06,27.800,0.05
27.850,-0.18,27.850,-0.19,27.850,-0.14,,,278.500,4.74,,,55.700,-0.06,55.700,-0.08,27.850,-0.09,,,27.850,-0.05,,,,,27.850,-0.08,,,27.850,-0.05,27.850,-0.07,27.850,0.06
27.900,-0.19,27.900,-0.20,27.900,-0.17,,,279.000,5.80,,,55.800,-0.06,55.800,-0.08,27.900,-0.08,,,27.900,-0.06,,,,,27.900,-0.08,,,27.900,-0.05,27.900,-0.08,27.900,0.06
27.950,-0.18,27.950,-0.21,27.950,-0.16,,,279.500,5.28,,,55.900,-0.06,55.900,-0.09,27.950,-0.08,,,27.950,-0.05,,,,,27.950,-0.08,,,27.950,-0.05,27.950,-0.09,27.950,0.06
28.000,-0.18,28.000,-0.19,28.000,-0.18,,,280.000,5.31,,,56.000,-0.05,56.000,-0.08,28.000,-0.08,,,28.000,-0.05,,,,,28.000,-0.08,,,28.000,-0.05,28.000,-0.06,28.000,0.06
28.050,-0.18,28.050,-0.21,28.050,-0.21,,,280.500,0.18,,,56.100,-0.06,56.100,-0.09,28.050,-0.08,,,28.050,-0.05,,,,,28.050,-0.09,,,28.050,-0.05,28.050,-0.07,28.050,0.06
28.100,-0.18,28.100,-0.21,28.100,-0.21,,,281.000,-0.25,,,56.200,-0.07,56.200,-0.08,28.100,-0.07,,,28.100,-0.06,,,,,28.100,-0.08,,,28.100,-0.03,28.100,-0.06,28.100,0.06
28.150,-0.18,28.150,-0.20,28.150,-0.21,,,281.500,-0.27,,,56.300,-0.07,56.300,-0.07,28.150,-0.07,,,28.150,-0.05,,,,,28.150,-0.08,,,28.150,-0.04,28.150,-0.06,28.150,0.05
28.200,-0.18,28.200,-0.20,,,,,282.000,-0.22,,,56.400,-0.06,56.400,-0.08,28.200,-0.08,,,28.200,-0.05,,,,,28.200,-0.07,,,28.200,-0.04,28.200,-0.07,28.200,0.06
28.250,-0.17,28.250,-0.21,,,,,282.500,-0.24,,,56.500,-0.06,56.500,-0.08,28.250,-0.07,,,28.250,-0.06,,,,,28.250,-0.08,,,28.250,-0.04,28.250,-0.07,28.250,0.06
28.300,-0.13,28.300,-0.21,,,,,283.000,-0.23,,,56.600,-0.06,56.600,-0.09,28.300,-0.07,,,28.300,-0.06,,,,,28.300,-0.08,,,28.300,-0.04,28.300,-0.06,28.300,0.05
28.350,0.06,28.350,-0.22,,,,,283.500,-0.23,,,56.700,-0.05,56.700,-0.09,28.350,-0.06,,,28.350,-0.06,,,,,28.350,-0.08,,,28.350,-0.05,28.350,-0.07,28.350,0.05
28.400,-0.19,28.400,-0.21,,,,,284.000,-0.23,,,56.800,-0.05,56.800,-0.09,28.400,-0.06,,,28.400,-0.05,,,,,28.400,-0.08,,,28.400,-0.05,28.400,-0.07,28.400,0.05
28.450,-0.17,28.450,-0.20,,,,,284.500,-0.21,,,56.900,-0.06,56.900,-0.08,28.450,-0.07,,,28.450,-0.06,,,,,28.450,-0.08,,,28.450,-0.05,28.450,-0.08,28.450,0.04
28.500,0.11,28.500,-0.21,,,,,285.000,-0.22,,,57.000,-0.07,57.000,-0.08,28.500,-0.06,,,28.500,-0.05,,,,,28.500,-0.09,,,28.500,-0.04,28.500,-0.06,28.500,0.05
28.550,0.02,28.550,-0.20,,,,,285.500,-0.22,,,57.100,-0.05,57.100,-0.08,28.550,-0.07,,,28.550,-0.06,,,,,28.550,-0.09,,,28.550,-0.04,28.550,-0.07,28.550,0.04
28.600,-0.03,28.600,-0.20,,,,,286.000,-0.24,,,57.200,-0.05,57.200,-0.08,28.600,-0.06,,,28.600,-0.06,,,,,28.600,-0.08,,,28.600,-0.04,28.600,-0.06,28.600,0.05
28.650,-0.11,28.650,-0.20,,,,,286.500,-0.23,,,57.300,-0.05,57.300,-0.08,28.650,-0.06,,,28.650,-0.06,,,,,28.650,-0.08,,,28.650,-0.03,28.650,-0.06,28.650,0.05
28.700,-0.16,28.700,-0.21,,,,,287.000,-0.24,,,57.400,-0.06,57.400,-0.07,28.700,-0.06,,,28.700,-0.07,,,,,28.700,-0.08,,,28.700,-0.03,28.700,-0.06,28.700,0.05
28.750,-0.16,28.750,-0.19,,,,,287.500,-0.23,,,57.500,-0.07,57.500,-0.07,28.750,-0.06,,,28.750,-0.07,,,,,28.750,-0.08,,,28.750,-0.04,28.750,-0.06,28.750,0.05
28.800,-0.17,28.800,-0.19,,,,,288.000,-0.23,,,57.600,-0.07,57.600,-0.08,28.800,-0.07,,,28.800,-0.06,,,,,28.800,-0.08,,,28.800,-0.05,28.800,-0.06,28.800,0.06
28.850,-0.16,28.850,-0.19,,,,,288.500,-0.24,,,57.700,-0.08,57.700,-0.08,28.850,-0.07,,,28.850,-0.06,,,,,28.850,-0.08,,,28.850,-0.05,28.850,-0.06,28.850,0.07
28.900,-0.16,28.900,-0.20,,,,,289.000,-0.22,,,57.800,-0.08,57.800,-0.08,28.900,-0.06,,,28.900,-0.07,,,,,28.900,-0.08,,,28.900,-0.05,28.900,-0.06,28.900,0.06
28.950,-0.16,28.950,-0.20,,,,,289.500,-0.23,,,57.900,-0.06,57.900,-0.08,28.950,-0.07,,,28.950,-0.07,,,,,28.950,-0.08,,,28.950,-0.04,28.950,-0.06,28.950,0.06
29.000,-0.16,29.000,-0.21,,,,,290.000,-0.22,,,58.000,-0.06,58.000,-0.08,29.000,-0.06,,,29.000,-0.06,,,,,29.000,-0.09,,,29.000,-0.04,29.000,-0.07,29.000,0.06
29.050,-0.15,29.050,-0.21,,,,,290.500,-0.22,,,58.100,-0.06,58.100,-0.08,29.050,-0.07,,,29.050,-0.05,,,,,29.050,-0.09,,,29.050,-0.04,29.050,-0.07,29.050,0.06
29.100,-0.11,29.100,-0.21,,,,,291.000,-0.22,,,58.200,-0.05,58.200,-0.08,29.100,-0.07,,,29.100,-0.06,,,,,29.100,-0.09,,,29.100,-0.04,29.100,-0.06,29.100,0.06
29.150,-0.07,29.150,-0.20,,,,,291.500,-0.23,,,58.300,-0.07,58.300,-0.08,29.150,-0.08,,,29.150,-0.06,,,,,29.150,-0.08,,,29.150,-0.03,29.150,-0.06,29.150,0.05
29.200,0.02,29.200,-0.21,,,,,292.000,-0.21,,,58.400,-0.06,58.400,-0.08,29.200,-0.07,,,29.200,-0.06,,,,,29.200,-0.09,,,29.200,-0.04,29.200,-0.06,29.200,0.05
29.250,-0.14,29.250,-0.19,,,,,292.500,-0.23,,,58.500,-0.06,58.500,-0.07,29.250,-0.07,,,29.250,-0.06,,,,,29.250,-0.09,,,29.250,-0.05,29.250,-0.06,29.250,0.05
29.300,-0.22,29.300,-0.19,,,,,293.000,-0.21,,,58.600,-0.07,58.600,-0.08,29.300,-0.08,,,29.300,-0.06,,,,,29.300,-0.08,,,29.300,-0.05,29.300,-0.06,29.300,0.05
29.350,-0.20,29.350,-0.19,,,,,293.500,-0.24,,,58.700,-0.06,58.700,-0.08,29.350,-0.07,,,29.350,-0.06,,,,,29.350,-0.09,,,29.350,-0.04,29.350,-0.05,29.350,0.06
29.400,-0.17,29.400,-0.18,,,,,294.000,-0.23,,,58.800,-0.06,58.800,-0.08,29.400,-0.07,,,29.400,-0.06,,,,,29.400,-0.08,,,29.400,-0.04,29.400,-0.06,29.400,0.05
29.450,-0.16,29.450,-0.19,,,,,294.500,-0.23,,,58.900,-0.06,58.900,-0.08,29.450,-0.06,,,29.450,-0.06,,,,,29.450,-0.08,,,29.450,-0.04,29.450,-0.06,29.450,0.04
29.500,-0.20,29.500,-0.19,,,,,295.000,-0.23,,,59.000,-0.06,59.000,-0.08,29.500,-0.07,,,29.500,-0.06,,,,,29.500,-0.08,,,29.500,-0.03,29.500,-0.05,29.500,0.05
29.550,-0.20,29.550,-0.18,,,,,295.500,-0.22,,,59.100,-0.06,59.100,-0.08,29.550,-0.06,,,29.550,-0.06,,,,,29.550,-0.08,,,29.550,-0.04,29.550,-0.05,29.550,0.05
29.600,-0.19,29.600,-0.20,,,,,296.000,-0.22,,,59.200,-0.06,59.200,-0.08,29.600,-0.05,,,29.600,-0.06,,,,,29.600,-0.08,,,29.600,-0.05,29.600,-0.06,29.600,0.05
29.650,-0.18,29.650,-0.19,,,,,296.500,-0.21,,,59.300,-0.06,59.300,-0.08,29.650,-0.07,,,29.650,-0.07,,,,,29.650,-0.08,,,29.650,-0.04,29.650,-0.06,29.650,0.05
29.700,-0.17,29.700,-0.19,,,,,297.000,-0.20,,,59.400,-0.06,59.400,-0.08,29.700,-0.07,,,29.700,-0.07,,,,,29.700,-0.08,,,29.700,-0.05,29.700,-0.06,29.700,0.05
29.750,-0.18,29.750,-0.20,,,,,297.500,-0.21,,,59.500,-0.07,59.500,-0.09,29.750,-0.07,,,29.750,-0.08,,,,,29.750,-0.09,,,29.750,-0.03,29.750,-0.06,29.750,0.05
29.800,-0.19,29.800,-0.19,,,,,298.000,-0.19,,,59.600,-0.06,59.600,-0.08,29.800,-0.07,,,29.800,-0.07,,,,,29.800,-0.08,,,29.800,-0.03,29.800,-0.05,29.800,0.04
29.850,-0.18,29.850,-0.20,,,,,298.500,-0.16,,,59.700,-0.07,59.700,-0.08,29.850,-0.07,,,29.850,-0.06,,,,,29.850,-0.08,,,29.850,-0.02,29.850,-0.06,29.850,0.04
29.900,-0.19,29.900,-0.21,,,,,299.000,-0.08,,,59.800,-0.07,59.800,-0.08,29.900,-0.07,,,29.900,-0.06,,,,,29.900,-0.09,,,29.900,-0.03,29.900,-0.06,29.900,0.05
29.950,-0.18,29.950,-0.21,,,,,299.500,-0.05,,,59.900,-0.07,59.900,-0.08,29.950,-0.06,,,29.950,-0.05,,,,,29.950,-0.08,,,29.950,-0.03,29.950,-0.06,29.950,0.05
30.000,-0.18,30.000,-0.20,,,,,300.000,-0.13,,,60.000,-0.07,60.000,-0.08,30.000,-0.08,,,30.000,-0.05,,,,,30.000,-0.09,,,30.000,-0.04,30.000,-0.05,30.000,0.05
30.050,-0.18,30.050,-0.19,,,,,300.500,-0.10,,,60.100,-0.07,60.100,-0.07,30.050,-0.08,,,30.050,-0.05,,,,,30.050,-0.10,,,30.050,-0.04,30.050,-0.06,30.050,0.06
30.100,-0.18,30.100,-0.19,,,,,301.000,-0.11,,,60.200,-0.08,60.200,-0.08,30.100,-0.06,,,30.100,-0.06,,,,,30.100,-0.09,,,30.100,-0.04,30.100,-0.06,30.100,0.06
30.150,-0.18,30.150,-0.19,,,,,301.500,-0.11,,,60.300,-0.06,60.300,-0.08,30.150,-0.08,,,30.150,-0.05,,,,,30.150,-0.09,,,30.150,-0.04,30.150,-0.07,30.150,0.06
30.200,-0.18,30.200,-0.19,,,,,302.000,-0.11,,,60.400,-0.06,60.400,-0.08,30.200,-0.07,,,30.200,-0.06,,,,,30.200,-0.10,,,30.200,-0.04,30.200,-0.07,30.200,0.06
30.250,-0.19,30.250,-0.20,,,,,302.500,-0.11,,,60.500,-0.06,60.500,-0.09,30.250,-0.09,,,30.250,0.04,,,,,30.250,-0.09,,,30.250,-0.04,30.250,-0.06,30.250,0.05
30.300,-0.18,30.300,-0.19,,,,,303.000,-0.12,,,60.600,-0.06,60.600,-0.08,30.300,-0.09,,,30.300,-0.04,,,,,30.300,-0.09,,,30.300,-0.04,30.300,-0.05,30.300,0.05
30.350,-0.18,30.350,-0.20,,,,,303.500,-0.11,,,60.700,-0.06,60.700,-0.04,30.350,-0.08,,,30.350,-0.05,,,,,30.350,-0.09,,,30.350,-0.05,30.350,-0.06,30.350,0.05
30.400,-0.17,30.400,-0.19,,,,,304.000,-0.14,,,60.800,-0.07,60.800,0.05,30.400,-0.07,,,30.400,-0.05,,,,,30.400,-0.09,,,30.400,-0.03,30.400,-0.06,30.400,0.05
30.450,-0.18,30.450,-0.19,,,,,304.500,-0.14,,,60.900,-0.06,60.900,0.00,30.450,-0.07,,,30.450,-0.04,,,,,30.450,-0.09,,,30.450,-0.02,30.450,-0.06,30.450,0.05
30.500,-0.18,30.500,-0.19,,,,,305.000,-0.14,,,61.000,-0.07,61.000,-0.02,30.500,-0.07,,,30.500,-0.05,,,,,30.500,-0.08,,,30.500,-0.03,30.500,-0.05,30.500,0.04
30.550,-0.18,30.550,-0.20,,,,,305.500,-0.13,,,61.100,-0.05,61.100,-0.01,30.550,-0.08,,,30.550,-0.05,,,,,30.550,-0.09,,,30.550,-0.04,30.550,-0.05,30.550,0.05
30.600,-0.18,30.600,-0.19,,,,,306.000,-0.10,,,61.200,-0.06,61.200,-0.04,30.600,-0.06,,,30.600,-0.05,,,,,30.600,-0.09,,,30.600,-0.04,30.600,-0.05,30.600,0.05
30.650,-0.19,30.650,-0.20,,,,,306.500,-0.15,,,61.300,-0.06,61.300,-0.08,30.650,-0.07,,,30.650,-0.05,,,,,30.650,-0.09,,,30.650,-0.03,30.650,-0.07,30.650,0.04
30.700,-0.19,30.700,-0.20,,,,,307.000,-0.16,,,61.400,-0.07,61.400,-0.07,30.700,-0.08,,,30.700,-0.02,,,,,30.700,-0.09,,,30.700,-0.03,30.700,-0.06,30.700,0.04
30.750,-0.19,30.750,-0.19,,,,,307.500,-0.15,,,61.500,-0.06,61.500,-0.06,30.750,-0.07,,,30.750,-0.03,,,,,30.750,-0.09,,,30.750,-0.03,30.750,-0.06,30.750,0.05
30.800,-0.17,30.800,-0.19,,,,,308.000,-0.22,,,61.600,-0.06,61.600,-0.06,30.800,-0.07,,,30.800,-0.03,,,,,30.800,-0.09,,,30.800,-0.03,30.800,-0.07,30.800,0.04
30.850,-0.18,30.850,-0.19,,,,,308.500,-0.21,,,61.700,-0.06,61.700,-0.01,30.850,-0.08,,,30.850,0.01,,,,,30.850,-0.08,,,30.850,-0.04,30.850,-0.06,30.850,0.02
30.900,-0.18,30.900,-0.19,,,,,309.000,-0.23,,,61.800,-0.06,61.800,0.00,30.900,-0.08,,,30.900,-0.02,,,,,30.900,-0.08,,,30.900,-0.02,30.900,-0.07,30.900,0.03
30.950,-0.17,30.950,-0.19,,,,,309.500,-0.24,,,61.900,-0.05,61.900,0.02,30.950,-0.08,,,30.950,-0.01,,,,,30.950,-0.09,,,30.950,-0.04,30.950,-0.06,30.950,0.04
31.000,-0.17,31.000,-0.19,,,,,310.000,-0.22,,,62.000,-0.05,62.000,0.02,31.000,-0.07,,,31.000,0.01,,,,,31.000,-0.09,,,31.000,-0.04,31.000,-0.07,31.000,0.05
31.050,-0.17,31.050,-0.18,,,,,310.500,-0.23,,,62.100,-0.06,62.100,0.02,31.050,-0.08,,,31.050,-0.02,,,,,31.050,-0.08,,,31.050,-0.04,31.050,-0.06,31.050,0.04
31.100,-0.18,31.100,-0.19,,,,,311.000,-0.24,,,62.200,-0.05,62.200,-0.08,31.100,-0.08,,,31.100,-0.01,,,,,31.100,-0.08,,,31.100,-0.05,31.100,-0.06,31.100,0.04
31.150,-0.18,31.150,-0.19,,,,,311.500,-0.23,,,62.300,-0.05,62.300,-0.09,31.150,-0.07,,,31.150,0.00,,,,,31.150,-0.08,,,31.150,-0.04,31.150,-0.06,31.150,0.05
31.200,-0.17,31.200,-0.19,,,,,312.000,-0.24,,,62.400,-0.05,62.400,-0.04,31.200,-0.08,,,31.200,0.01,,,,,31.200,-0.09,,,31.200,-0.04,31.200,-0.06,31.200,0.04
31.250,-0.18,31.250,-0.19,,,,,312.500,-0.23,,,62.500,-0.05,62.500,0.05,31.250,-0.08,,,31.250,0.01,,,,,31.250,-0.08,,,31.250,-0.04,31.250,-0.06,31.250,0.04
31.300,-0.17,31.300,-0.19,,,,,313.000,-0.22,,,62.600,-0.05,62.600,0.03,31.300,-0.08,,,31.300,-0.01,,,,,31.300,-0.08,,,31.300,-0.03,31.300,-0.06,31.300,0.03
31.350,-0.18,31.350,-0.18,,,,,313.500,-0.23,,,62.700,-0.06,62.700,-0.08,31.350,-0.08,,,31.350,0.01,,,,,31.350,-0.08,,,31.350,-0.04,31.350,-0.06,31.350,0.02
31.400,-0.18,31.400,-0.19,,,,,314.000,-0.23,,,62.800,-0.06,62.800,-0.10,31.400,-0.08,,,31.400,0.00,,,,,31.400,-0.07,,,31.400,-0.02,31.400,-0.06,31.400,0.03
31.450,-0.17,31.450,-0.19,,,,,314.500,-0.24,,,62.900,-0.06,62.900,0.03,31.450,-0.07,,,31.450,0.00,,,,,31.450,-0.08,,,31.450,-0.04,31.450,-0.06,31.450,0.03
31.500,-0.18,31.500,-0.19,,,,,315.000,-0.24,,,63.000,-0.06,63.000,0.02,31.500,-0.08,,,31.500,-0.01,,,,,31.500,-0.09,,,31.500,-0.04,31.500,-0.07,31.500,0.04
31.550,-0.17,31.550,-0.18,,,,,315.500,-0.25,,,63.100,-0.06,63.100,-0.08,31.550,-0.09,,,31.550,0.00,,,,,31.550,-0.08,,,31.550,-0.05,31.550,-0.06,31.550,0.04
31.600,-0.17,31.600,-0.19,,,,,316.000,-0.24,,,63.200,-0.06,63.200,0.04,31.600,-0.08,,,31.600,-0.01,,,,,31.600,-0.08,,,31.600,-0.05,31.600,-0.05,31.600,0.04
31.650,-0.17,31.650,-0.19,,,,,316.500,-0.25,,,63.300,-0.06,63.300,0.03,31.650,-0.08,,,31.650,-0.02,,,,,31.650,-0.08,,,31.650,-0.03,31.650,-0.05,31.650,0.05
31.700,-0.17,31.700,-0.20,,,,,317.000,-0.23,,,63.400,-0.06,63.400,-0.05,31.700,-0.08,,,31.700,-0.01,,,,,31.700,-0.08,,,31.700,-0.04,31.700,-0.06,31.700,0.05
31.750,-0.17,31.750,-0.19,,,,,317.500,-0.23,,,63.500,-0.05,63.500,0.02,31.750,-0.09,,,31.750,-0.01,,,,,31.750,-0.07,,,31.750,-0.04,31.750,-0.07,31.750,0.05
31.800,-0.17,31.800,-0.19,,,,,318.000,-0.25,,,63.600,-0.05,63.600,-0.06,31.800,-0.08,,,31.800,0.01,,,,,31.800,-0.07,,,31.800,-0.03,31.800,-0.06,31.800,0.05
31.850,-0.19,31.850,-0.20,,,,,318.500,-0.24,,,63.700,-0.04,63.700,0.03,31.850,-0.09,,,31.850,0.02,,,,,31.850,-0.07,,,31.850,-0.05,31.850,-0.06,31.850,0.05
31.900,-0.18,31.900,-0.19,,,,,319.000,-0.24,,,63.800,-0.05,63.800,0.00,31.900,-0.09,,,31.900,0.02,,,,,31.900,-0.07,,,31.900,-0.04,31.900,-0.05,31.900,0.05
31.950,-0.18,31.950,-0.19,,,,,319.500,-0.24,,,63.900,-0.05,63.900,-0.05,31.950,-0.08,,,31.950,0.02,,,,,31.950,-0.08,,,31.950,-0.05,31.950,-0.05,31.950,0.05
32.000,-0.17,32.000,-0.20,,,,,320.000,-0.24,,,64.000,-0.06,64.000,0.03,32.000,-0.09,,,32.000,0.01,,,,,32.000,-0.08,,,32.000,-0.04,32.000,-0.07,32.000,0.05
32.050,-0.17,32.050,-0.19,,,,,320.500,-0.23,,,64.100,-0.05,64.100,0.02,32.050,-0.09,,,32.050,0.04,,,,,32.050,-0.08,,,32.050,-0.04,32.050,-0.06,32.050,0.04
32.100,-0.18,32.100,-0.19,,,,,321.000,-0.24,,,64.200,-0.05,64.200,0.00,32.100,-0.08,,,32.100,0.04,,,,,32.100,-0.08,,,32.100,-0.05,32.100,-0.06,32.100,0.05
32.150,-0.18,32.150,-0.20,,,,,321.500,-0.24,,,64.300,-0.05,64.300,0.04,32.150,-0.08,,,32.150,0.04,,,,,32.150,-0.09,,,32.150,-0.05,32.150,-0.06,32.150,0.05
32.200,-0.18,32.200,-0.19,,,,,322.000,-0.24,,,64.400,-0.05,64.400,-0.05,32.200,-0.08,,,32.200,0.05,,,,,32.200,-0.08,,,32.200,-0.04,32.200,-0.06,32.200,0.05
32.250,-0.18,32.250,-0.19,,,,,322.500,-0.24,,,64.500,-0.05,64.500,-0.08,32.250,-0.09,,,32.250,0.05,,,,,32.250,-0.08,,,32.250,-0.05,32.250,-0.05,32.250,0.06
32.300,-0.18,32.300,-0.19,,,,,323.000,-0.22,,,64.600,-0.05,64.600,0.02,32.300,-0.09,,,32.300,0.04,,,,,32.300,-0.08,,,32.300,-0.05,32.300,-0.05,32.300,0.05
32.350,-0.17,32.350,-0.19,,,,,323.500,-0.15,,,64.700,-0.05,64.700,-0.05,32.350,-0.09,,,32.350,0.05,,,,,32.350,-0.09,,,32.350,-0.04,32.350,-0.05,32.350,0.05
32.400,-0.17,32.400,-0.19,,,,,324.000,-0.13,,,64.800,-0.05,64.800,-0.03,32.400,-0.09,,,32.400,0.05,,,,,32.400,-0.09,,,32.400,-0.04,32.400,-0.05,32.400,0.04
32.450,-0.17,32.450,-0.19,,,,,324.500,-0.09,,,64.900,-0.05,64.900,0.02,32.450,-0.09,,,32.450,0.05,,,,,32.450,-0.09,,,32.450,-0.05,32.450,-0.06,32.450,0.05
32.500,-0.18,32.500,-0.19,,,,,325.000,-0.12,,,65.000,-0.06,65.000,0.02,32.500,-0.09,,,32.500,0.04,,,,,32.500,-0.09,,,32.500,-0.06,32.500,-0.06,32.500,0.04
32.550,-0.17,32.550,-0.20,,,,,325.500,-0.12,,,65.100,-0.06,65.100,0.02,32.550,-0.08,,,32.550,0.04,,,,,32.550,-0.08,,,32.550,-0.05,32.550,-0.05,32.550,0.05
32.600,-0.18,32.600,-0.20,,,,,326.000,-0.12,,,65.200,-0.04,65.200,-0.02,32.600,-0.08,,,32.600,0.03,,,,,32.600,-0.09,,,32.600,-0.05,32.600,-0.06,32.600,0.05
32.650,-0.16,32.650,-0.19,,,,,326.500,-0.11,,,65.300,-0.05,65.300,-0.03,32.650,-0.09,,,32.650,0.04,,,,,32.650,-0.09,,,32.650,-0.05,32.650,-0.06,32.650,0.07
32.700,-0.17,32.700,-0.19,,,,,327.000,-0.14,,,65.400,-0.05,65.400,-0.08,32.700,-0.08,,,32.700,0.04,,,,,32.700,-0.09,,,32.700,-0.04,32.700,-0.06,32.700,0.07
32.750,-0.15,32.750,-0.11,,,,,327.500,-0.12,,,65.500,-0.04,65.500,-0.07,32.750,-0.09,,,32.750,0.04,,,,,32.750,-0.09,,,32.750,-0.04,32.750,-0.05,32.750,0.06
32.800,-0.13,32.800,-0.05,,,,,328.000,-0.14,,,65.600,-0.05,65.600,-0.08,32.800,-0.09,,,32.800,0.04,,,,,32.800,-0.08,,,32.800,-0.05,32.800,-0.06,32.800,0.05
32.850,-7.51E-10,32.850,-0.02,,,,,328.500,-0.12,,,65.700,-0.04,65.700,-0.08,32.850,-0.09,,,32.850,0.04,,,,,32.850,-0.08,,,32.850,-0.03,32.850,-0.07,32.850,0.06
32.900,0.18,32.900,-0.06,,,,,329.000,-0.13,,,65.800,-0.04,65.800,-0.08,32.900,-0.09,,,32.900,0.03,,,,,32.900,-0.09,,,32.900,-0.06,32.900,-0.08,32.900,0.05
32.950,0.34,32.950,-0.05,,,,,329.500,-0.14,,,65.900,-0.05,65.900,-0.08,32.950,-0.09,,,32.950,0.05,,,,,32.950,-0.08,,,32.950,-0.05,32.950,-0.07,32.950,0.05
33.000,0.12,33.000,0.02,,,,,330.000,-0.14,,,66.000,-0.05,66.000,-0.08,33.000,-0.09,,,33.000,0.04,,,,,33.000,-0.09,,,33.000,-0.05,33.000,-0.08,33.000,0.05
33.050,0.18,33.050,0.02,,,,,330.500,-0.15,,,66.100,-0.06,66.100,-0.07,33.050,-0.09,,,33.050,0.05,,,,,33.050,-0.08,,,33.050,-0.04,33.050,-0.06,33.050,0.05
33.100,1.40,33.100,0.09,,,,,331.000,-0.13,,,66.200,-0.05,66.200,-0.08,33.100,-0.08,,,33.100,0.05,,,,,33.100,-0.08,,,33.100,-0.04,33.100,-0.06,33.100,0.05
33.150,2.45,33.150,0.15,,,,,331.500,-0.14,,,66.300,-0.04,66.300,-0.08,33.150,-0.08,,,33.150,0.05,,,,,33.150,-0.08,,,33.150,-0.04,33.150,-0.06,33.150,0.05
33.200,2.62,33.200,0.15,,,,,332.000,-0.15,,,66.400,-0.04,66.400,-0.07,33.200,-0.08,,,33.200,0.05,,,,,33.200,-0.09,,,33.200,-0.04,33.200,-0.06,33.200,0.05
33.250,2.85,33.250,0.19,,,,,332.500,-0.13,,,66.500,-0.04,66.500,-0.07,33.250,-0.09,,,33.250,0.05,,,,,33.250,-0.07,,,33.250,-0.03,33.250,-0.06,33.250,0.04
33.300,2.52,33.300,0.18,,,,,333.000,-0.14,,,66.600,-0.05,66.600,-0.07,33.300,-0.09,,,33.300,0.05,,,,,33.300,-0.07,,,33.300,-0.04,33.300,-0.05,33.300,0.05
33.350,2.42,33.350,0.10,,,,,333.500,-0.15,,,66.700,-0.04,66.700,-0.07,33.350,-0.09,,,33.350,0.06,,,,,33.350,-0.07,,,33.350,-0.04,33.350,-0.06,33.350,0.05
33.400,3.17,33.400,0.22,,,,,334.000,-0.17,,,66.800,-0.05,66.800,-0.07,33.400,-0.09,,,33.400,0.05,,,,,33.400,-0.08,,,33.400,-0.03,33.400,-0.06,33.400,0.06
33.450,3.93,33.450,0.15,,,,,334.500,-0.15,,,66.900,-0.05,66.900,-0.08,33.450,-0.09,,,33.450,0.05,,,,,33.450,-0.08,,,33.450,-0.04,33.450,-0.06,33.450,0.04
33.500,4.31,33.500,-0.02,,,,,335.000,-0.15,,,67.000,-0.05,67.000,-0.08,33.500,-0.08,,,33.500,0.05,,,,,33.500,-0.08,,,33.500,-0.03,33.500,-0.06,33.500,0.05
33.550,4.27,33.550,-0.01,,,,,335.500,-0.15,,,67.100,-0.05,67.100,-0.07,33.550,-0.08,,,33.550,0.06,,,,,33.550,-0.08,,,33.550,-0.03,33.550,-0.06,33.550,0.06
33.600,4.46,33.600,0.08,,,,,336.000,-0.14,,,67.200,-0.04,67.200,-0.06,33.600,-0.09,,,33.600,0.06,,,,,33.600,-0.07,,,33.600,-0.04,33.600,-0.07,33.600,0.06
33.650,4.82,33.650,-0.04,,,,,336.500,-0.13,,,67.300,-0.04,67.300,-0.07,33.650,-0.08,,,33.650,0.06,,,,,33.650,-0.08,,,33.650,-0.05,33.650,-0.07,33.650,0.06
33.700,4.97,33.700,-0.20,,,,,337.000,-0.15,,,67.400,-0.04,67.400,-0.08,33.700,-0.08,,,33.700,0.07,,,,,33.700,-0.09,,,33.700,-0.05,33.700,-0.06,33.700,0.05
33.750,5.21,33.750,-0.21,,,,,337.500,-0.14,,,67.500,-0.04,67.500,-0.07,33.750,-0.07,,,33.750,0.09,,,,,33.750,-0.09,,,33.750,-0.04,33.750,-0.07,33.750,0.05
33.800,5.60,33.800,-0.20,,,,,338.000,-0.13,,,67.600,-0.05,67.600,-0.08,33.800,-0.08,,,33.800,0.11,,,,,33.800,-0.07,,,33.800,-0.04,33.800,-0.06,33.800,0.05
33.850,5.34,33.850,-0.20,,,,,338.500,-0.13,,,67.700,-0.05,67.700,-0.07,33.850,-0.09,,,33.850,0.12,,,,,33.850,-0.08,,,33.850,-0.04,33.850,-0.06,33.850,0.06
33.900,5.28,33.900,-0.21,,,,,339.000,-0.13,,,67.800,-0.05,67.800,-0.08,33.900,-0.08,,,33.900,0.15,,,,,33.900,-0.08,,,33.900,-0.03,33.900,-0.07,33.900,0.05
33.950,5.14,33.950,-0.21,,,,,339.500,-0.14,,,67.900,-0.05,67.900,-0.07,33.950,-0.08,,,33.950,0.15,,,,,33.950,-0.07,,,33.950,-0.04,33.950,-0.06,33.950,0.05
34.000,4.97,34.000,-0.20,,,,,340.000,-0.12,,,68.000,-0.05,68.000,-0.08,34.000,-0.08,,,34.000,0.15,,,,,34.000,-0.08,,,34.000,-0.03,34.000,-0.05,34.000,0.05
34.050,5.03,34.050,-0.20,,,,,340.500,-0.14,,,68.100,-0.06,68.100,-0.07,34.050,-0.07,,,34.050,0.15,,,,,34.050,-0.08,,,34.050,-0.03,34.050,-0.06,34.050,0.05
34.100,4.78,34.100,-0.21,,,,,341.000,-0.12,,,68.200,-0.06,68.200,-0.07,34.100,-0.08,,,34.100,0.16,,,,,34.100,-0.08,,,34.100,-0.04,34.100,-0.06,34.100,0.05
34.150,4.55,34.150,-0.21,,,,,341.500,-0.13,,,68.300,-0.05,68.300,-0.08,34.150,-0.08,,,34.150,0.17,,,,,34.150,-0.08,,,34.150,-0.04,34.150,-0.06,34.150,0.05
34.200,3.67,34.200,-0.21,,,,,342.000,-0.13,,,68.400,-0.04,68.400,-0.08,34.200,-0.08,,,34.200,0.19,,,,,34.200,-0.08,,,34.200,-0.04,34.200,-0.06,34.200,0.06
34.250,2.42,34.250,-0.21,,,,,342.500,-0.13,,,68.500,-0.04,68.500,-0.07,34.250,-0.08,,,34.250,0.20,,,,,34.250,-0.08,,,34.250,-0.04,34.250,-0.06,34.250,0.05
34.300,2.75,34.300,-0.14,,,,,343.000,-0.14,,,68.600,-0.04,68.600,-0.07,34.300,-0.08,,,34.300,0.25,,,,,34.300,-0.07,,,34.300,-0.04,34.300,-0.06,34.300,0.05
34.350,3.24,34.350,-0.13,,,,,343.500,-0.14,,,68.700,-0.04,68.700,-0.07,34.350,-0.08,,,34.350,-0.07,,,,,34.350,-0.08,,,34.350,-0.03,34.350,-0.06,34.350,0.05
34.400,3.34,34.400,-0.16,,,,,344.000,-0.17,,,68.800,-0.03,68.800,0.04,34.400,-0.07,,,34.400,-0.07,,,,,34.400,-0.06,,,34.400,-0.02,34.400,-0.06,34.400,0.05
34.450,3.14,34.450,-0.28,,,,,344.500,-0.13,,,68.900,-0.04,68.900,1.15,34.450,-0.08,,,34.450,-0.07,,,,,34.450,-0.07,,,34.450,-0.04,34.450,-0.07,34.450,0.05
34.500,3.11,34.500,-0.25,,,,,345.000,-0.15,,,69.000,-0.04,69.000,3.38,34.500,-0.08,,,34.500,-0.07,,,,,34.500,-0.08,,,34.500,-0.04,34.500,-0.07,34.500,0.05
34.550,3.44,34.550,0.03,,,,,345.500,-0.15,,,69.100,-0.05,69.100,4.59,34.550,-0.08,,,34.550,-0.07,,,,,34.550,-0.08,,,34.550,-0.03,34.550,-0.07,34.550,0.04
34.600,3.44,34.600,0.18,,,,,346.000,-0.14,,,69.200,-0.05,69.200,6.04,34.600,-0.08,,,34.600,-0.07,,,,,34.600,-0.08,,,34.600,-0.05,34.600,-0.08,34.600,0.05
34.650,3.45,34.650,0.19,,,,,346.500,-0.12,,,69.300,-0.05,69.300,6.56,34.650,-0.08,,,34.650,-0.08,,,,,34.650,-0.08,,,34.650,-0.04,34.650,-0.07,34.650,0.05
34.700,3.65,34.700,-0.02,,,,,347.000,-0.14,,,69.400,-0.04,69.400,5.60,34.700,-0.08,,,34.700,-0.08,,,,,34.700,-0.08,,,34.700,-0.04,34.700,-0.06,34.700,0.06
34.750,3.49,34.750,-0.11,,,,,347.500,-0.16,,,69.500,-0.04,69.500,2.12,34.750,-0.08,,,34.750,-0.06,,,,,34.750,-0.07,,,34.750,-0.04,34.750,-0.06,34.750,0.05
34.800,2.97,34.800,0.05,,,,,348.000,-0.14,,,69.600,-0.04,69.600,0.59,34.800,-0.08,,,34.800,-0.06,,,,,34.800,-0.08,,,34.800,-0.05,34.800,-0.06,34.800,0.06
34.850,3.24,34.850,0.07,,,,,348.500,-0.15,,,69.700,-0.05,69.700,-0.05,34.850,-0.07,,,34.850,-0.07,,,,,34.850,-0.07,,,34.850,-0.05,34.850,-0.07,34.850,0.06
34.900,3.17,34.900,-0.15,,,,,349.000,-0.13,,,69.800,-0.05,69.800,-0.08,34.900,-0.08,,,34.900,-0.07,,,,,34.900,-0.06,,,34.900,-0.04,34.900,-0.07,34.900,0.05
34.950,3.20,34.950,-0.33,,,,,349.500,-0.14,,,69.900,-0.04,69.900,-0.08,34.950,-0.07,,,34.950,-0.06,,,,,34.950,-0.07,,,34.950,-0.03,34.950,-0.07,34.950,0.06
35.000,3.35,35.000,-0.33,,,,,350.000,-0.14,,,70.000,-0.04,70.000,-0.07,35.000,-0.08,,,35.000,-0.07,,,,,35.000,-0.08,,,35.000,-0.04,35.000,-0.06,35.000,0.05
35.050,3.56,35.050,-0.42,,,,,350.500,-0.16,,,70.100,-0.05,70.100,-0.08,35.050,-0.08,,,35.050,-0.08,,,,,35.050,-0.08,,,35.050,-0.04,35.050,-0.07,35.050,0.06
35.100,3.97,35.100,-0.43,,,,,351.000,-0.12,,,70.200,-0.05,70.200,-0.07,35.100,-0.08,,,35.100,-0.07,,,,,35.100,-0.07,,,35.100,-0.04,35.100,-0.06,35.100,0.05
35.150,3.82,35.150,-0.33,,,,,351.500,-0.10,,,70.300,-0.06,70.300,-0.07,35.150,-0.08,,,35.150,-0.06,,,,,35.150,-0.08,,,35.150,-0.03,35.150,-0.05,35.150,0.06
35.200,3.84,35.200,-0.47,,,,,352.000,-0.15,,,70.400,-0.06,70.400,-0.07,35.200,-0.08,,,35.200,-0.05,,,,,35.200,-0.06,,,35.200,-0.03,35.200,-0.06,35.200,0.06
35.250,3.74,35.250,-0.44,,,,,352.500,-0.14,,,70.500,-0.05,70.500,-0.07,35.250,-0.08,,,35.250,-0.06,,,,,35.250,-0.06,,,35.250,-0.04,35.250,-0.05,35.250,0.06
35.300,3.14,35.300,-0.40,,,,,353.000,-0.15,,,70.600,-0.06,70.600,-0.07,35.300,-0.08,,,35.300,-0.08,,,,,35.300,-0.08,,,35.300,-0.04,35.300,-0.06,35.300,0.06
35.350,3.08,35.350,-0.39,,,,,353.500,-0.16,,,70.700,-0.05,70.700,-0.07,35.350,-0.08,,,35.350,-0.07,,,,,35.350,-0.07,,,35.350,-0.04,35.350,-0.05,35.350,0.05
35.400,2.79,35.400,-0.31,,,,,354.000,-0.16,,,70.800,-0.06,70.800,-0.08,35.400,-0.08,,,35.400,-0.07,,,,,35.400,-0.07,,,35.400,-0.03,35.400,-0.06,35.400,0.06
35.450,2.78,35.450,-0.26,,,,,354.500,-0.16,,,70.900,-0.06,70.900,-0.07,35.450,-0.08,,,35.450,-0.08,,,,,35.450,-0.07,,,35.450,-0.03,35.450,-0.06,35.450,0.06
35.500,2.70,35.500,-0.25,,,,,355.000,-0.17,,,71.000,-0.05,71.000,-0.07,35.500,-0.08,,,35.500,-0.07,,,,,35.500,-0.07,,,35.500,-0.02,35.500,-0.06,35.500,0.06
35.550,2.91,35.550,-0.25,,,,,355.500,-0.18,,,71.100,-0.05,71.100,-0.06,35.550,-0.09,,,35.550,-0.08,,,,,35.550,-0.06,,,35.550,-0.03,35.550,-0.06,35.550,0.06
35.600,2.91,35.600,-0.22,,,,,356.000,-0.15,,,71.200,-0.06,71.200,-0.08,35.600,-0.08,,,35.600,-0.08,,,,,35.600,-0.06,,,35.600,-0.04,35.600,-0.05,35.600,0.05
35.650,2.80,35.650,-0.15,,,,,356.500,-0.19,,,71.300,-0.06,71.300,-0.08,35.650,-0.08,,,35.650,-0.07,,,,,35.650,-0.06,,,35.650,-0.02,35.650,-0.06,35.650,0.06
35.700,2.73,35.700,-0.17,,,,,357.000,-0.16,,,71.400,-0.05,71.400,-0.07,35.700,-0.08,,,35.700,-0.08,,,,,35.700,-0.06,,,35.700,-0.03,35.700,-0.06,35.700,0.06
35.750,2.49,35.750,-0.17,,,,,357.500,-0.17,,,71.500,-0.06,71.500,-0.08,35.750,-0.09,,,35.750,-0.07,,,,,35.750,-0.07,,,35.750,-0.02,35.750,-0.06,35.750,0.06
35.800,2.33,35.800,-0.26,,,,,358.000,-0.18,,,71.600,-0.07,71.600,-0.06,35.800,-0.08,,,35.800,-0.07,,,,,35.800,-0.07,,,35.800,-0.03,35.800,-0.05,35.800,0.06
35.850,2.69,35.850,-0.28,,,,,358.500,-0.17,,,71.700,-0.07,71.700,-0.09,35.850,-0.08,,,35.850,-0.08,,,,,35.850,-0.08,,,35.850,-0.03,35.850,-0.05,35.850,0.05
35.900,1.96,35.900,-0.30,,,,,359.000,-0.21,,,71.800,-0.07,71.800,1.27,35.900,-0.07,,,35.900,-0.08,,,,,35.900,-0.08,,,35.900,-0.03,35.900,-0.06,35.900,0.06
35.950,2.17,35.950,-0.31,,,,,359.500,-0.14,,,71.900,-0.06,71.900,3.67,35.950,-0.08,,,35.950,-0.07,,,,,35.950,-0.09,,,35.950,-0.04,35.950,-0.07,35.950,0.05
36.000,2.16,36.000,-0.28,,,,,360.000,-0.15,,,72.000,-0.06,72.000,5.57,36.000,-0.09,,,36.000,-0.07,,,,,36.000,-0.08,,,36.000,-0.05,36.000,-0.07,36.000,0.06
36.050,2.24,36.050,-0.29,,,,,360.500,-0.13,,,72.100,-0.06,72.100,7.23,36.050,-0.09,,,36.050,-0.07,,,,,36.050,-0.07,,,36.050,-0.03,36.050,-0.06,36.050,0.04
36.100,2.73,36.100,-0.27,,,,,361.000,-0.14,,,72.200,-0.05,72.400,5.88,36.100,-0.08,,,36.100,-0.07,,,,,36.100,-0.07,,,36.100,-0.04,36.100,-0.06,36.100,0.05
36.150,3.55,36.150,-0.28,,,,,361.500,-0.14,,,72.300,-0.05,72.500,2.15,36.150,-0.09,,,36.150,-0.07,,,,,36.150,-0.08,,,36.150,-0.04,36.150,-0.06,36.150,0.04
36.200,3.32,36.200,-0.29,,,,,362.000,-0.14,,,72.400,-0.05,72.600,0.24,36.200,-0.08,,,36.200,-0.08,,,,,36.200,-0.07,,,36.200,-0.04,36.200,-0.06,36.200,0.05
36.250,2.55,36.250,-0.24,,,,,362.500,-0.14,,,72.500,-0.05,72.700,-0.08,36.250,-0.07,,,36.250,-0.06,,,,,36.250,-0.08,,,36.250,-0.02,36.250,-0.05,36.250,0.05
36.300,2.14,36.300,-0.23,,,,,363.000,-0.15,,,72.600,-0.06,72.800,-0.09,36.300,-0.07,,,36.300,-0.07,,,,,36.300,-0.07,,,36.300,-0.02,36.300,-0.05,36.300,0.06
36.350,2.25,36.350,-0.23,,,,,363.500,-0.17,,,72.700,-0.06,72.900,-0.08,36.350,-0.08,,,36.350,-0.07,,,,,36.350,-0.07,,,36.350,-0.05,36.350,-0.05,36.350,0.05
36.400,2.58,36.400,-0.24,,,,,364.000,-0.16,,,72.800,-0.06,73.000,-0.07,36.400,-0.08,,,36.400,-0.07,,,,,36.400,-0.08,,,36.400,-0.05,36.400,-0.06,36.400,0.06
36.450,2.90,36.450,-0.21,,,,,364.500,-0.16,,,72.900,-0.05,73.100,-0.08,36.450,-0.08,,,36.450,-0.08,,,,,36.450,-0.08,,,36.450,-0.04,36.450,-0.05,36.450,0.06
36.500,2.97,36.500,-0.29,,,,,365.000,-0.14,,,73.000,-0.05,73.200,-0.08,36.500,-0.07,,,36.500,-0.06,,,,,36.500,-0.07,,,36.500,-0.04,36.500,-0.06,36.500,0.05
36.550,3.15,36.550,-0.28,,,,,365.500,-0.13,,,73.100,-0.05,73.300,-0.07,36.550,-0.08,,,36.550,-0.07,,,,,36.550,-0.08,,,36.550,-0.05,36.550,-0.06,36.550,0.05
36.600,3.16,36.600,-0.26,,,,,366.000,-0.16,,,73.200,-0.05,73.400,-0.08,36.600,-0.07,,,36.600,-0.07,,,,,36.600,-0.06,,,36.600,-0.05,36.600,-0.06,36.600,0.05
36.650,3.07,36.650,-0.27,,,,,366.500,-0.14,,,73.300,-0.06,73.500,-0.07,36.650,-0.08,,,36.650,-0.07,,,,,36.650,-0.07,,,36.650,-0.04,36.650,-0.06,36.650,0.05
36.700,2.87,36.700,-0.33,,,,,367.000,-0.14,,,73.400,-0.06,73.600,-0.07,36.700,-0.09,,,36.700,-0.08,,,,,36.700,-0.06,,,36.700,-0.04,36.700,-0.05,36.700,0.06
36.750,2.93,36.750,-0.26,,,,,367.500,-0.12,,,73.500,-0.07,73.700,-0.08,36.750,-0.08,,,36.750,-0.08,,,,,36.750,-0.07,,,36.750,-0.05,36.750,-0.05,36.750,0.05
36.800,3.00,36.800,-0.23,,,,,368.000,-0.15,,,73.600,-0.05,73.800,-0.08,36.800,-0.07,,,36.800,-0.07,,,,,36.800,-0.08,,,36.800,-0.06,36.800,-0.05,36.800,0.06
36.850,3.08,36.850,-0.26,,,,,368.500,-0.15,,,73.700,-0.05,73.900,-0.08,36.850,-0.08,,,36.850,-0.07,,,,,36.850,-0.08,,,36.850,-0.05,36.850,-0.05,36.850,0.06
36.900,3.27,36.900,-0.26,,,,,369.000,-0.16,,,73.800,-0.05,74.000,-0.08,36.900,-0.09,,,36.900,-0.07,,,,,36.900,-0.07,,,36.900,-0.04,36.900,-0.06,36.900,0.06
36.950,3.51,36.950,-0.23,,,,,369.500,-0.15,,,73.900,-0.06,74.100,-0.08,36.950,-0.08,,,36.950,-0.07,,,,,36.950,-0.07,,,36.950,-0.05,36.950,-0.06,36.950,0.06
37.000,3.72,37.000,-0.19,,,,,370.000,-0.16,,,74.000,-0.05,74.200,-0.08,37.000,-0.08,,,37.000,-0.07,,,,,37.000,-0.07,,,37.000,-0.05,37.000,-0.07,37.000,0.06
37.050,3.59,37.050,-0.20,,,,,370.500,-0.13,,,74.100,-0.06,74.300,-0.07,37.050,-0.08,,,37.050,-0.07,,,,,37.050,-0.08,,,37.050,-0.05,37.050,-0.07,37.050,0.06
37.100,3.32,37.100,-0.22,,,,,371.000,-0.14,,,74.200,-0.06,74.400,-0.07,37.100,-0.08,,,37.100,-0.06,,,,,37.100,-0.08,,,37.100,-0.05,37.100,-0.06,37.100,0.06
37.150,3.17,37.150,-0.23,,,,,371.500,-0.15,,,74.300,-0.06,74.500,-0.08,37.150,-0.07,,,37.150,-0.07,,,,,37.150,-0.08,,,37.150,-0.05,37.150,-0.06,37.150,0.06
37.200,3.37,37.200,-0.21,,,,,372.000,-0.15,,,74.400,-0.05,74.600,-0.08,37.200,-0.08,,,37.200,-0.06,,,,,37.200,-0.08,,,37.200,-0.05,37.200,-0.07,37.200,0.06
37.250,3.54,37.250,-0.21,,,,,372.500,-0.15,,,74.500,-0.05,74.700,-0.08,37.250,-0.08,,,37.250,-0.06,,,,,37.250,-0.08,,,37.250,-0.06,37.250,-0.07,37.250,0.06
37.300,3.58,37.300,-0.21,,,,,373.000,-0.14,,,74.600,-0.06,74.800,-0.07,37.300,-0.08,,,37.300,-0.07,,,,,37.300,-0.07,,,37.300,-0.06,37.300,-0.06,37.300,0.07
37.350,3.54,37.350,-0.25,,,,,373.500,-0.09,,,74.700,-0.06,74.900,-0.06,37.350,-0.08,,,37.350,-0.06,,,,,37.350,-0.07,,,37.350,-0.05,37.350,-0.06,37.350,0.06
37.400,3.35,37.400,-0.26,,,,,374.000,-0.10,,,74.800,-0.05,75.000,-0.08,37.400,-0.07,,,37.400,-0.07,,,,,37.400,-0.08,,,37.400,-0.05,37.400,-0.06,37.400,0.05
37.450,3.26,37.450,-0.25,,,,,374.500,-0.13,,,74.900,-0.06,75.100,-0.08,37.450,-0.08,,,37.450,-0.07,,,,,37.450,-0.07,,,37.450,-0.04,37.450,-0.06,37.450,0.06
37.500,3.15,37.500,-0.28,,,,,375.000,-0.13,,,75.000,-0.05,75.200,-0.07,37.500,-0.09,,,37.500,-0.06,,,,,37.500,-0.08,,,37.500,-0.03,37.500,-0.08,37.500,0.06
37.550,3.28,37.550,-0.26,,,,,375.500,-0.08,,,75.100,-0.05,75.300,-0.09,37.550,-0.08,,,37.550,-0.06,,,,,37.550,-0.08,,,37.550,-0.03,37.550,-0.07,37.550,0.05
37.600,3.42,37.600,-0.22,,,,,376.000,-0.15,,,75.200,-0.05,75.400,-0.07,37.600,-0.08,,,37.600,-0.06,,,,,37.600,-0.09,,,37.600,-0.03,37.600,-0.08,37.600,0.05
37.650,3.36,37.650,-0.23,,,,,376.500,-0.15,,,75.300,-0.05,75.500,-0.09,37.650,-0.07,,,37.650,-0.08,,,,,37.650,-0.08,,,37.650,-0.04,37.650,-0.07,37.650,0.06
37.700,3.50,37.700,-0.23,,,,,377.000,-0.14,,,75.400,-0.05,75.600,-0.07,37.700,-0.08,,,37.700,-0.07,,,,,37.700,-0.08,,,37.700,-0.03,37.700,-0.07,37.700,0.07
37.750,3.46,37.750,-0.23,,,,,377.500,-0.13,,,75.500,-0.05,75.700,-0.06,37.750,-0.07,,,37.750,-0.07,,,,,37.750,-0.09,,,37.750,-0.03,37.750,-0.06,37.750,0.06
37.800,3.49,37.800,-0.25,,,,,378.000,-0.14,,,75.600,-0.06,75.800,-0.07,37.800,-0.06,,,37.800,-0.07,,,,,37.800,-0.08,,,37.800,-0.03,37.800,-0.07,37.800,0.07
37.850,3.32,37.850,-0.25,,,,,378.500,-0.13,,,75.700,-0.05,75.900,-0.07,37.850,-0.06,,,37.850,-0.07,,,,,37.850,-0.08,,,37.850,-0.03,37.850,-0.06,37.850,0.06
37.900,3.30,37.900,-0.21,,,,,379.000,-0.12,,,75.800,-0.06,76.000,-0.07,37.900,-0.09,,,37.900,-0.06,,,,,37.900,-0.08,,,37.900,-0.03,37.900,-0.06,37.900,0.06
37.950,3.24,37.950,-0.24,,,,,379.500,-0.13,,,75.900,-0.07,76.100,-0.07,37.950,-0.08,,,37.950,-0.06,,,,,37.950,-0.08,,,37.950,-0.02,37.950,-0.05,37.950,0.06
38.000,3.30,38.000,-0.24,,,,,380.000,-0.14,,,76.000,-0.06,76.200,-0.08,38.000,-0.06,,,38.000,-0.06,,,,,38.000,-0.08,,,38.000,-0.02,38.000,-0.05,38.000,0.06
38.050,3.43,38.050,-0.25,,,,,380.500,-0.12,,,76.100,-0.05,76.300,-0.08,38.050,-0.07,,,38.050,-0.05,,,,,38.050,-0.07,,,38.050,-0.03,38.050,-0.06,38.050,0.06
38.100,3.54,38.100,-0.23,,,,,381.000,-0.14,,,76.200,-0.06,76.400,-0.08,38.100,-0.07,,,38.100,-0.06,,,,,38.100,-0.06,,,38.100,-0.02,38.100,-0.05,38.100,0.06
38.150,3.64,38.150,-0.22,,,,,381.500,-0.13,,,76.300,-0.06,76.500,-0.08,38.150,-0.07,,,38.150,-0.08,,,,,38.150,-0.06,,,38.150,-0.02,38.150,-0.05,38.150,0.06
38.200,3.58,38.200,-0.20,,,,,382.000,-0.13,,,76.400,-0.06,76.600,-0.07,38.200,-0.06,,,38.200,-0.06,,,,,38.200,-0.06,,,38.200,-0.03,38.200,-0.06,38.200,0.08
38.250,3.69,38.250,-0.22,,,,,382.500,-0.15,,,76.500,-0.05,76.700,-0.08,38.250,-0.08,,,38.250,-0.06,,,,,38.250,-0.08,,,38.250,-0.02,38.250,-0.06,38.250,0.06
38.300,3.73,38.300,-0.19,,,,,383.000,-0.14,,,76.600,-0.06,76.800,-0.07,38.300,-0.08,,,38.300,-0.05,,,,,38.300,-0.07,,,38.300,-0.02,38.300,-0.07,38.300,0.07
38.350,3.76,38.350,-0.18,,,,,383.500,-0.13,,,76.700,-0.05,76.900,-0.07,38.350,-0.08,,,38.350,-0.05,,,,,38.350,-0.07,,,38.350,-0.04,38.350,-0.05,38.350,0.07
38.400,3.54,38.400,-0.19,,,,,384.000,-0.14,,,76.800,-0.04,77.000,-0.07,38.400,-0.09,,,38.400,-0.07,,,,,38.400,-0.07,,,38.400,-0.04,38.400,-0.06,38.400,0.06
38.450,3.71,38.450,-0.20,,,,,384.500,-0.15,,,76.900,-0.06,77.100,0.04,38.450,-0.08,,,38.450,-0.06,,,,,38.450,-0.06,,,38.450,-0.01,38.450,-0.07,38.450,0.07
38.500,3.92,38.500,-0.20,,,,,385.000,-0.13,,,77.000,-0.05,77.200,0.01,38.500,-0.08,,,38.500,-0.07,,,,,38.500,-0.07,,,38.500,-0.03,38.500,-0.07,38.500,0.07
38.550,3.89,38.550,-0.22,,,,,385.500,-0.20,,,77.100,-0.06,77.300,0.04,38.550,-0.09,,,38.550,-0.07,,,,,38.550,-0.07,,,38.550,-0.02,38.550,-0.06,38.550,0.06
38.600,3.62,38.600,-0.20,,,,,386.000,-2.15,,,77.200,-0.06,77.400,0.03,38.600,-0.08,,,38.600,-0.07,,,,,38.600,-0.08,,,38.600,-0.02,38.600,-0.06,38.600,0.06
38.650,3.45,38.650,-0.21,,,,,386.500,-2.50,,,77.300,-0.05,77.500,0.02,38.650,-0.08,,,38.650,-0.07,,,,,38.650,-0.08,,,38.650,-0.04,38.650,-0.06,38.650,0.06
38.700,3.75,38.700,-0.20,,,,,387.000,-0.70,,,77.400,-0.05,77.600,0.04,38.700,-0.07,,,38.700,-0.09,,,,,38.700,-0.07,,,38.700,-0.03,38.700,-0.06,38.700,0.06
38.750,4.02,38.750,-0.22,,,,,387.500,-1.32,,,77.500,-0.05,77.700,0.04,38.750,-0.08,,,38.750,-0.07,,,,,38.750,-0.06,,,38.750,-0.04,38.750,-0.06,38.750,0.06
38.800,4.07,38.800,-0.21,,,,,388.000,-0.20,,,77.600,-0.05,77.800,-0.10,38.800,-0.07,,,38.800,-0.08,,,,,38.800,-0.06,,,38.800,-0.04,38.800,-0.06,38.800,0.06
38.850,4.03,38.850,-0.18,,,,,388.500,-0.49,,,77.700,-0.05,77.900,-0.10,38.850,-0.08,,,38.850,-0.08,,,,,38.850,-0.06,,,38.850,-0.02,38.850,-0.07,38.850,0.06
38.900,3.86,38.900,-0.18,,,,,389.000,-0.16,,,77.800,-0.06,78.000,-0.10,38.900,-0.08,,,38.900,-0.09,,,,,38.900,-0.07,,,38.900,-0.03,38.900,-0.05,38.900,0.07
38.950,3.65,38.950,-0.19,,,,,389.500,-0.15,,,77.900,-0.06,78.100,-0.09,38.950,-0.07,,,38.950,-0.08,,,,,38.950,-0.06,,,38.950,-0.02,38.950,-0.05,38.950,0.08
39.000,3.32,39.000,-0.19,,,,,390.000,-0.13,,,78.000,-0.05,78.200,-0.08,39.000,-0.08,,,39.000,-0.08,,,,,39.000,-0.06,,,39.000,-0.03,39.000,-0.06,39.000,0.08
39.050,3.05,39.050,-0.18,,,,,390.500,-0.15,,,78.100,-0.06,78.300,-0.09,39.050,-0.07,,,39.050,-0.07,,,,,39.050,-0.07,,,39.050,-0.03,39.050,-0.05,39.050,0.07
39.100,3.33,39.100,-0.19,,,,,391.000,-0.15,,,78.200,-0.06,78.400,-0.08,39.100,-0.08,,,39.100,-0.07,,,,,39.100,-0.06,,,39.100,-0.04,39.100,-0.07,39.100,0.07
39.150,3.87,39.150,-0.19,,,,,391.500,-0.12,,,78.300,-0.06,78.500,-0.09,39.150,-0.08,,,39.150,-0.08,,,,,39.150,-0.06,,,39.150,-0.04,39.150,-0.06,39.150,0.06
39.200,3.86,39.200,-0.19,,,,,392.000,-0.14,,,78.400,-0.06,78.600,-0.08,39.200,-0.07,,,39.200,-0.07,,,,,39.200,-0.07,,,39.200,-0.05,39.200,-0.06,39.200,0.05
39.250,2.92,39.250,-0.20,,,,,392.500,-0.14,,,78.500,-0.05,78.700,-0.09,39.250,-0.08,,,39.250,-0.07,,,,,39.250,-0.07,,,39.250,-0.05,39.250,-0.06,39.250,0.06
39.300,2.52,39.300,-0.19,,,,,393.000,-0.15,,,78.600,-0.05,78.800,-0.09,39.300,-0.08,,,39.300,-0.07,,,,,39.300,-0.07,,,39.300,-0.04,39.300,-0.06,39.300,0.06
39.350,2.81,39.350,-0.19,,,,,393.500,-0.14,,,78.700,-0.05,78.900,-0.08,39.350,-0.08,,,39.350,-0.08,,,,,39.350,-0.08,,,39.350,-0.04,39.350,-0.06,39.350,0.06
39.400,2.86,39.400,-0.20,,,,,394.000,-0.21,,,78.800,-0.06,79.000,-0.09,39.400,-0.08,,,39.400,-0.07,,,,,39.400,-0.08,,,39.400,-0.04,39.400,-0.06,39.400,0.05
39.450,2.14,39.450,-0.19,,,,,394.500,-0.26,,,78.900,-0.07,79.100,-0.06,39.450,-0.09,,,39.450,-0.07,,,,,39.450,-0.09,,,39.450,-0.04,39.450,-0.07,39.450,0.05
39.500,1.40,39.500,-0.18,,,,,395.000,-0.16,,,79.000,-0.07,79.200,0.16,39.500,-0.08,,,39.500,-0.07,,,,,39.500,-0.07,,,39.500,-0.04,39.500,-0.07,39.500,0.05
39.550,1.36,39.550,-0.18,,,,,395.500,-0.13,,,79.100,-0.06,79.300,0.34,39.550,-0.08,,,39.550,-0.07,,,,,39.550,-0.08,,,39.550,-0.05,39.550,-0.08,39.550,0.05
39.600,1.68,39.600,-0.18,,,,,396.000,-0.17,,,79.200,-0.07,79.400,0.82,39.600,-0.08,,,39.600,-0.07,,,,,39.600,-0.08,,,39.600,-0.04,39.600,-0.07,39.600,0.05
39.650,2.04,39.650,-0.19,,,,,396.500,-0.18,,,79.300,-0.06,79.500,1.17,39.650,-0.09,,,39.650,-0.07,,,,,39.650,-0.07,,,39.650,-0.05,39.650,-0.07,39.650,0.06
39.700,2.39,39.700,-0.19,,,,,397.000,-0.13,,,79.400,-0.05,79.600,1.46,39.700,-0.09,,,39.700,-0.07,,,,,39.700,-0.06,,,39.700,-0.04,39.700,-0.06,39.700,0.06
39.750,2.67,39.750,-0.19,,,,,397.500,-0.15,,,79.500,-0.06,79.700,1.39,39.750,-0.09,,,39.750,-0.06,,,,,39.750,-0.08,,,39.750,-0.03,39.750,-0.07,39.750,0.06
39.800,2.39,39.800,-0.19,,,,,398.000,-0.15,,,79.600,-0.06,79.800,1.23,39.800,-0.07,,,39.800,-0.08,,,,,39.800,-0.07,,,39.800,-0.03,39.800,-0.07,39.800,0.06
39.850,2.04,39.850,-0.18,,,,,398.500,-0.16,,,79.700,-0.06,79.900,0.97,39.850,-0.08,,,39.850,-0.08,,,,,39.850,-0.07,,,39.850,-0.04,39.850,-0.06,39.850,0.08
39.900,2.59,39.900,-0.19,,,,,399.000,-0.16,,,79.800,-0.06,80.000,0.74,39.900,-0.07,,,39.900,-0.08,,,,,39.900,-0.07,,,39.900,-0.04,39.900,-0.06,39.900,0.07
39.950,3.64,39.950,-0.19,,,,,399.500,-0.15,,,79.900,-0.05,80.100,0.90,39.950,-0.08,,,39.950,-0.08,,,,,39.950,-0.07,,,39.950,-0.04,39.950,-0.07,39.950,0.06
40.000,3.57,40.000,-0.20,,,,,400.000,-0.14,,,80.000,-0.05,80.200,1.07,40.000,-0.09,,,40.000,-0.08,,,,,40.000,-0.05,,,40.000,-0.04,40.000,-0.07,40.000,0.07
40.050,3.00,40.050,-0.20,,,,,400.500,-0.15,,,80.100,-0.06,80.300,1.02,40.050,-0.07,,,40.050,-0.07,,,,,40.050,-0.07,,,40.050,-0.03,40.050,-0.06,40.050,0.05
40.100,3.17,40.100,-0.19,,,,,401.000,-0.16,,,80.200,-0.06,80.400,1.06,40.100,-0.07,,,40.100,-0.07,,,,,40.100,-0.05,,,40.100,-0.05,40.100,-0.07,40.100,0.06
40.150,3.49,40.150,-0.19,,,,,401.500,-0.14,,,80.300,-0.06,80.500,1.13,40.150,-0.08,,,40.150,-0.07,,,,,40.150,-0.05,,,40.150,-0.05,40.150,-0.07,40.150,0.07
40.200,3.08,40.200,-0.19,,,,,402.000,-0.20,,,80.400,-0.06,80.600,1.49,40.200,-0.09,,,40.200,-0.07,,,,,40.200,-0.06,,,40.200,-0.05,40.200,-0.06,40.200,0.06
40.250,2.23,40.250,-0.18,,,,,402.500,-0.19,,,80.500,-0.06,80.700,2.35,40.250,-0.08,,,40.250,-0.08,,,,,40.250,-0.06,,,40.250,-0.06,40.250,-0.07,40.250,0.06
40.300,2.18,40.300,-0.19,,,,,403.000,-0.22,,,80.600,-0.06,80.800,3.04,40.300,-0.05,,,40.300,-0.09,,,,,40.300,-0.07,,,40.300,-0.04,40.300,-0.06,40.300,0.05
40.350,4.01,40.350,-0.18,,,,,403.500,-0.21,,,80.700,-0.05,80.900,3.49,40.350,-0.07,,,40.350,-0.08,,,,,40.350,-0.06,,,40.350,-0.03,40.350,-0.06,40.350,0.05
40.400,4.95,40.400,-0.17,,,,,404.000,-0.20,,,80.800,-0.06,81.000,4.46,40.400,-0.08,,,40.400,-0.07,,,,,40.400,-0.07,,,40.400,-0.04,40.400,-0.06,40.400,0.06
40.450,4.66,40.450,-0.18,,,,,404.500,-0.22,,,80.900,-0.05,81.100,5.37,40.450,-0.08,,,40.450,-0.06,,,,,40.450,-0.06,,,40.450,-0.04,40.450,-0.08,40.450,0.05
40.500,4.55,40.500,-0.16,,,,,405.000,-0.21,,,81.000,-0.06,81.200,6.27,40.500,-0.08,,,40.500,-0.07,,,,,40.500,-0.06,,,40.500,-0.04,40.500,-0.07,40.500,0.05
40.550,3.03,40.550,-0.18,,,,,405.500,-0.20,,,81.100,-0.06,81.300,7.39,40.550,-0.08,,,40.550,-0.08,,,,,40.550,-0.06,,,40.550,-0.04,40.550,-0.08,40.550,0.06
40.600,2.47,40.600,-0.18,,,,,406.000,-0.21,,,81.200,-0.06,81.500,8.88,40.600,-0.09,,,40.600,-0.08,,,,,40.600,-0.06,,,40.600,-0.03,40.600,-0.06,40.600,0.05
40.650,3.99,40.650,-0.18,,,,,406.500,-0.20,,,81.300,-0.05,81.600,9.91,40.650,-0.09,,,40.650,-0.08,,,,,40.650,-0.06,,,40.650,-0.04,40.650,-0.07,40.650,0.07
40.700,4.58,40.700,-0.18,,,,,407.000,-0.16,,,81.400,-0.06,81.700,10.42,40.700,-0.09,,,,,,,,,40.700,-0.07,,,40.700,-0.03,40.700,-0.06,40.700,0.06
40.750,4.60,40.750,-0.18,,,,,407.500,-0.14,,,81.500,-0.05,81.800,11.76,40.750,-0.09,,,,,,,,,40.750,-0.07,,,40.750,-0.03,40.750,-0.06,40.750,0.05
40.800,3.68,40.800,-0.18,,,,,408.000,-0.13,,,81.600,-0.06,81.900,12.23,40.800,-0.08,,,,,,,,,40.800,-0.06,,,40.800,-0.04,40.800,-0.06,40.800,0.06
40.850,3.27,40.850,-0.17,,,,,408.500,-0.14,,,81.700,-0.05,82.000,12.49,40.850,-0.09,,,,,,,,,40.850,-0.07,,,40.850,-0.04,40.850,-0.07,40.850,0.06
40.900,3.80,40.900,-0.18,,,,,409.000,-0.15,,,81.800,-0.06,82.100,13.39,40.900,-0.08,,,,,,,,,40.900,-0.08,,,40.900,-0.03,40.900,-0.08,40.900,0.05
40.950,4.43,40.950,-0.18,,,,,409.500,-0.15,,,81.900,-0.05,82.200,13.95,40.950,-0.08,,,,,,,,,40.950,-0.08,,,40.950,-0.03,40.950,-0.08,40.950,0.05
41.000,4.07,41.000,-0.17,,,,,410.000,-0.12,,,82.000,-0.06,82.300,14.86,41.000,-0.07,,,,,,,,,41.000,-0.07,,,41.000,-0.03,41.000,-0.07,41.000,0.06
41.050,3.53,41.050,-0.18,,,,,410.500,-0.13,,,82.100,-0.05,82.400,15.31,41.050,-0.08,,,,,,,,,41.050,-0.08,,,41.050,-0.03,41.050,-0.08,41.050,0.06
41.100,3.76,41.100,-0.17,,,,,411.000,-0.13,,,82.200,-0.06,82.500,16.50,41.100,-0.08,,,,,,,,,41.100,-0.07,,,41.100,-0.04,41.100,-0.07,41.100,0.06
41.150,4.19,41.150,-0.16,,,,,411.500,-0.14,,,82.300,-0.06,82.600,17.78,41.150,-0.08,,,,,,,,,41.150,-0.08,,,41.150,-0.03,41.150,-0.07,41.150,0.06
41.200,4.27,41.200,-0.15,,,,,412.000,-0.14,,,82.400,-0.05,82.700,18.30,41.200,-0.08,,,,,,,,,41.200,-0.06,,,41.200,-0.02,41.200,-0.07,41.200,0.06
41.250,4.16,41.250,-0.15,,,,,412.500,-0.12,,,82.500,-0.06,82.800,19.21,41.250,-0.08,,,,,,,,,41.250,-0.07,,,41.250,-0.02,41.250,-0.07,41.250,0.06
41.300,3.96,41.300,-0.16,,,,,413.000,-0.13,,,82.600,-0.05,82.900,19.74,41.300,-0.08,,,,,,,,,41.300,-0.07,,,41.300,-0.02,41.300,-0.07,41.300,0.06
41.350,4.51,41.350,-0.15,,,,,413.500,-0.14,,,82.700,-0.06,83.000,19.52,41.350,-0.08,,,,,,,,,41.350,-0.07,,,41.350,-0.03,41.350,-0.07,41.350,0.06
41.400,4.43,41.400,-0.16,,,,,414.000,-0.11,,,82.800,-0.06,83.100,20.13,41.400,-0.08,,,,,,,,,41.400,-0.06,,,41.400,-0.03,41.400,-0.07,41.400,0.06
41.450,3.73,41.450,-0.17,,,,,414.500,-0.11,,,82.900,-0.05,83.200,19.85,41.450,-0.07,,,,,,,,,41.450,-0.08,,,41.450,-0.03,41.450,-0.07,41.450,0.05
41.500,3.73,41.500,-0.16,,,,,415.000,-0.14,,,83.000,-0.04,83.300,20.75,41.500,-0.08,,,,,,,,,41.500,-0.08,,,41.500,-0.03,41.500,-0.06,41.500,0.05
41.550,4.08,41.550,-0.16,,,,,415.500,-0.12,,,83.100,-0.05,83.400,20.43,41.550,-0.08,,,,,,,,,41.550,-0.08,,,41.550,-0.02,41.550,-0.06,41.550,0.05
41.600,4.00,41.600,-0.17,,,,,416.000,-0.14,,,83.200,-0.05,83.500,21.84,41.600,-0.07,,,,,,,,,41.600,-0.08,,,41.600,-0.04,41.600,-0.06,41.600,0.05
41.650,4.13,41.650,-0.15,,,,,416.500,-0.13,,,83.300,-0.06,83.600,21.94,41.650,-0.07,,,,,,,,,41.650,-0.07,,,41.650,-0.04,41.650,-0.06,41.650,0.04
41.700,4.48,41.700,-0.16,,,,,417.000,-0.09,,,83.400,-0.06,83.700,20.17,41.700,-0.08,,,,,,,,,41.700,-0.07,,,41.700,-0.04,41.700,-0.06,41.700,0.05
41.750,4.84,41.750,-0.16,,,,,417.500,-0.12,,,83.500,-0.06,83.800,16.53,41.750,-0.07,,,,,,,,,41.750,-0.06,,,41.750,-0.04,41.750,-0.06,41.750,0.05
41.800,4.79,41.800,-0.14,,,,,418.000,-0.13,,,83.600,-0.06,83.900,8.85,41.800,-0.08,,,,,,,,,41.800,-0.06,,,41.800,-0.03,41.800,-0.06,41.800,0.06
41.850,4.91,41.850,-0.14,,,,,418.500,-0.12,,,83.700,-0.06,84.000,3.21,41.850,-0.08,,,,,,,,,41.850,-0.07,,,41.850,-0.04,41.850,-0.06,41.850,0.05
41.900,5.03,41.900,-0.16,,,,,419.000,-0.14,,,83.800,-0.05,84.100,0.98,41.900,-0.08,,,,,,,,,41.900,-0.07,,,41.900,-0.05,41.900,-0.06,41.900,0.05
41.950,5.03,41.950,-0.15,,,,,419.500,-0.15,,,83.900,-0.06,84.200,0.39,41.950,-0.08,,,,,,,,,41.950,-0.08,,,41.950,-0.02,41.950,-0.06,41.950,0.05
42.000,5.24,42.000,-0.16,,,,,420.000,-0.15,,,84.000,-0.04,84.300,-0.06,42.000,-0.08,,,,,,,,,42.000,-0.08,,,42.000,-0.02,42.000,-0.06,42.000,0.05
42.050,4.95,42.050,-0.16,,,,,420.500,-0.14,,,84.100,-0.05,84.400,-0.08,42.050,-0.08,,,,,,,,,42.050,-0.08,,,42.050,-0.02,42.050,-0.06,42.050,0.05
42.100,4.86,42.100,-0.16,,,,,421.000,-0.13,,,84.200,-0.05,84.500,-0.07,42.100,-0.08,,,,,,,,,42.100,-0.08,,,42.100,-0.03,42.100,-0.06,42.100,0.05
42.150,4.83,42.150,-0.15,,,,,421.500,-0.14,,,84.300,-0.05,84.600,-0.05,42.150,-0.07,,,,,,,,,42.150,-0.08,,,42.150,-0.04,42.150,-0.06,42.150,0.06
42.200,4.63,42.200,-0.16,,,,,422.000,-0.15,,,84.400,-0.05,84.700,-0.05,42.200,-0.08,,,,,,,,,42.200,-0.07,,,42.200,-0.04,42.200,-0.07,42.200,0.05
42.250,4.61,42.250,-0.15,,,,,422.500,-0.13,,,84.500,-0.05,84.800,-0.08,42.250,-0.08,,,,,,,,,42.250,-0.08,,,42.250,-0.05,42.250,-0.06,42.250,0.05
42.300,4.36,42.300,-0.16,,,,,423.000,-0.16,,,84.600,-0.05,84.900,-0.08,42.300,-0.08,,,,,,,,,42.300,-0.07,,,42.300,-0.03,42.300,-0.06,42.300,0.06
42.350,4.37,42.350,-0.15,,,,,423.500,-0.14,,,84.700,-0.06,85.000,-0.08,42.350,-0.07,,,,,,,,,42.350,-0.08,,,42.350,-0.03,42.350,-0.05,42.350,0.06
42.400,4.29,42.400,-0.16,,,,,424.000,-0.14,,,84.800,-0.06,85.100,-0.08,42.400,-0.06,,,,,,,,,42.400,-0.08,,,42.400,-0.02,42.400,-0.07,42.400,0.05
42.450,4.36,42.450,-0.16,,,,,424.500,-0.15,,,84.900,-0.06,85.200,-0.09,42.450,-0.09,,,,,,,,,42.450,-0.07,,,42.450,-0.03,42.450,-0.07,42.450,0.05
42.500,4.04,42.500,-0.18,,,,,425.000,-0.13,,,85.000,-0.06,85.300,-0.09,42.500,-0.08,,,,,,,,,42.500,-0.07,,,42.500,-0.03,42.500,-0.08,42.500,0.06
42.550,3.32,42.550,-0.18,,,,,425.500,-0.14,,,85.100,-0.05,85.400,-0.08,42.550,-0.07,,,,,,,,,42.550,-0.07,,,42.550,-0.03,42.550,-0.07,42.550,0.06
42.600,1.43,42.600,-0.16,,,,,426.000,-0.14,,,85.200,-0.05,85.500,-0.08,42.600,-0.08,,,,,,,,,42.600,-0.07,,,42.600,-0.04,42.600,-0.08,42.600,0.07
42.650,-0.13,42.650,-0.17,,,,,426.500,-0.14,,,85.300,-0.06,85.600,-0.08,42.650,-0.08,,,,,,,,,42.650,-0.08,,,42.650,-0.02,42.650,-0.07,42.650,0.06
42.700,-0.17,42.700,-0.17,,,,,427.000,-0.14,,,85.400,-0.05,85.700,-0.08,42.700,-0.08,,,,,,,,,42.700,-0.07,,,42.700,-0.03,42.700,-0.06,42.700,0.06
42.750,-0.16,42.750,-0.17,,,,,427.500,-0.14,,,85.500,-0.05,85.800,-0.08,42.750,-0.08,,,,,,,,,42.750,-0.07,,,42.750,-0.04,42.750,-0.05,42.750,0.06
42.800,-0.18,42.800,-0.17,,,,,428.000,-0.09,,,85.600,-0.04,85.900,-0.08,42.800,-0.08,,,,,,,,,42.800,-0.06,,,42.800,-0.04,42.800,-0.05,42.800,0.06
42.850,-0.17,42.850,-0.16,,,,,428.500,-0.02,,,85.700,-0.05,86.000,-0.08,42.850,-0.07,,,,,,,,,42.850,-0.06,,,42.850,-0.05,42.850,-0.06,42.850,0.06
42.900,-0.17,42.900,-0.17,,,,,429.000,0.05,,,85.800,-0.04,86.100,-0.07,42.900,-0.07,,,,,,,,,42.900,-0.07,,,42.900,-0.05,42.900,-0.05,42.900,0.06
42.950,-0.15,42.950,-0.16,,,,,429.500,-0.15,,,85.900,-0.04,86.200,-0.07,42.950,-0.07,,,,,,,,,42.950,-0.06,,,42.950,-0.04,42.950,-0.06,42.950,0.06
43.000,-0.17,43.000,-0.15,,,,,430.000,0.63,,,86.000,-0.05,86.300,-0.08,43.000,-0.07,,,,,,,,,43.000,-0.07,,,43.000,-0.04,43.000,-0.06,43.000,0.05
43.050,-0.17,43.050,-0.15,,,,,430.500,-0.14,,,86.100,-0.05,86.400,-0.07,43.050,-0.08,,,,,,,,,43.050,-0.06,,,43.050,-0.03,43.050,-0.07,43.050,0.05
43.100,-0.16,43.100,-0.16,,,,,431.000,-0.15,,,86.200,-0.06,86.500,-0.08,43.100,-0.08,,,,,,,,,43.100,-0.07,,,43.100,-0.04,43.100,-0.07,43.100,0.05
43.150,-0.17,43.150,-0.16,,,,,431.500,-0.12,,,86.300,-0.06,86.600,-0.08,43.150,-0.08,,,,,,,,,43.150,-0.07,,,43.150,-0.04,43.150,-0.07,43.150,0.05
43.200,-0.18,43.200,-0.15,,,,,432.000,-0.09,,,86.400,-0.06,86.700,-0.09,43.200,-0.08,,,,,,,,,43.200,-0.05,,,43.200,-0.04,43.200,-0.07,43.200,0.06
43.250,-0.16,43.250,-0.14,,,,,432.500,-0.11,,,86.500,-0.04,86.800,-0.09,43.250,-0.08,,,,,,,,,43.250,-0.06,,,43.250,-0.04,43.250,-0.06,43.250,0.05
43.300,-0.16,43.300,-0.14,,,,,433.000,-0.12,,,86.600,-0.06,86.900,-0.09,43.300,-0.08,,,,,,,,,43.300,-0.07,,,43.300,-0.05,43.300,-0.07,43.300,0.04
43.350,-0.17,43.350,-0.15,,,,,433.500,-0.11,,,86.700,-0.04,87.000,-0.07,43.350,-0.08,,,,,,,,,43.350,-0.06,,,43.350,-0.05,43.350,-0.07,43.350,0.06
43.400,-0.17,43.400,-0.14,,,,,434.000,-0.11,,,86.800,-0.05,87.100,-0.08,43.400,-0.08,,,,,,,,,43.400,-0.06,,,43.400,-0.05,43.400,-0.06,43.400,0.05
43.450,-0.17,43.450,-0.14,,,,,434.500,-0.14,,,86.900,-0.07,87.200,-0.06,43.450,-0.08,,,,,,,,,43.450,-0.07,,,43.450,-0.04,43.450,-0.07,43.450,0.05
43.500,-0.16,43.500,-0.15,,,,,435.000,-0.13,,,87.000,-0.05,87.300,-0.06,43.500,-0.08,,,,,,,,,43.500,-0.07,,,43.500,-0.05,43.500,-0.07,43.500,0.04
43.550,-0.17,43.550,-0.14,,,,,435.500,-0.11,,,87.100,-0.06,87.400,-0.05,43.550,-0.08,,,,,,,,,43.550,-0.06,,,43.550,-0.04,43.550,-0.08,43.550,0.04
43.600,-0.17,43.600,-0.12,,,,,436.000,-0.13,,,87.200,-0.05,87.500,-0.07,43.600,-0.06,,,,,,,,,43.600,-0.07,,,43.600,-0.04,43.600,-0.08,43.600,0.04
43.650,-0.18,43.650,-0.19,,,,,436.500,-0.13,,,87.300,-0.05,87.600,-0.08,43.650,-0.07,,,,,,,,,43.650,-0.08,,,43.650,-0.04,43.650,-0.06,43.650,0.04
43.700,-0.16,43.700,-0.22,,,,,437.000,-0.13,,,87.400,-0.05,87.700,-0.07,43.700,-0.07,,,,,,,,,43.700,-0.07,,,43.700,-0.05,43.700,-0.07,43.700,0.04
43.750,-0.17,43.750,-0.19,,,,,437.500,-0.13,,,87.500,-0.05,87.800,-0.07,43.750,-0.07,,,,,,,,,43.750,-0.07,,,43.750,-0.05,43.750,-0.08,43.750,0.04
43.800,-0.16,43.800,-0.19,,,,,438.000,-0.14,,,87.600,-0.06,87.900,-0.08,43.800,-0.07,,,,,,,,,43.800,-0.07,,,43.800,-0.05,43.800,-0.07,43.800,0.06
43.850,-0.16,43.850,-0.19,,,,,438.500,-0.14,,,87.700,-0.04,88.000,-0.08,43.850,-0.07,,,,,,,,,43.850,-0.07,,,43.850,-0.06,43.850,-0.07,43.850,0.05
43.900,-0.16,43.900,-0.14,,,,,439.000,-0.01,,,87.800,-0.05,88.100,-0.09,43.900,-0.08,,,,,,,,,43.900,-0.07,,,43.900,-0.05,43.900,-0.07,43.900,0.05
43.950,-0.17,43.950,-0.13,,,,,439.500,-0.15,,,87.900,-0.05,88.200,-0.08,43.950,-0.08,,,,,,,,,43.950,-0.07,,,43.950,-0.05,43.950,-0.07,43.950,0.04
44.000,-0.17,44.000,-0.11,,,,,440.000,-0.16,,,88.000,-0.04,88.300,-0.08,44.000,-0.06,,,,,,,,,44.000,-0.07,,,44.000,-0.04,44.000,-0.07,44.000,0.04
44.050,-0.17,44.050,-0.15,,,,,440.500,-0.15,,,88.100,-0.06,88.400,-0.06,44.050,-0.07,,,,,,,,,44.050,-0.08,,,44.050,-0.04,44.050,-0.07,44.050,0.04
44.100,-0.18,44.100,-0.18,,,,,441.000,-0.12,,,88.200,-0.06,88.500,-0.08,44.100,-0.06,,,,,,,,,44.100,-0.07,,,44.100,-0.02,44.100,-0.06,44.100,0.03
44.150,-0.18,44.150,-0.19,,,,,441.500,-0.13,,,88.300,-0.05,88.600,-0.07,44.150,-0.06,,,,,,,,,44.150,-0.06,,,44.150,-0.02,44.150,-0.06,44.150,0.04
44.200,-0.18,44.200,-0.21,,,,,442.000,-0.22,,,88.400,-0.05,88.700,-0.08,44.200,-0.07,,,,,,,,,44.200,-0.06,,,44.200,-0.02,44.200,-0.06,44.200,0.04
44.250,-0.17,44.250,-0.21,,,,,442.500,-0.23,,,88.500,-0.05,88.800,-0.08,44.250,-0.06,,,,,,,,,44.250,-0.06,,,44.250,-0.02,44.250,-0.06,44.250,0.05
44.300,-0.17,44.300,-0.22,,,,,443.000,-0.16,,,88.600,-0.05,88.900,-0.08,44.300,-0.07,,,,,,,,,44.300,-0.06,,,44.300,-0.03,44.300,-0.06,44.300,0.05
44.350,-0.17,44.350,-0.21,,,,,443.500,-0.14,,,88.700,-0.04,89.000,-0.08,44.350,-0.07,,,,,,,,,44.350,-0.06,,,44.350,-0.03,44.350,-0.06,44.350,0.05
44.400,-0.16,44.400,-0.21,,,,,444.000,-0.18,,,88.800,-0.06,89.100,-0.08,44.400,-0.08,,,,,,,,,44.400,-0.07,,,44.400,-0.03,44.400,-0.06,44.400,0.05
44.450,-0.17,44.450,-0.21,,,,,444.500,-0.13,,,88.900,-0.05,89.200,-0.06,44.450,-0.07,,,,,,,,,44.450,-0.07,,,44.450,-0.04,44.450,-0.06,44.450,0.05
44.500,-0.16,44.500,-0.21,,,,,445.000,-0.12,,,89.000,-0.06,89.300,-0.07,44.500,-0.07,,,,,,,,,44.500,-0.08,,,44.500,-0.04,44.500,-0.06,44.500,0.05
44.550,-0.17,44.550,-0.20,,,,,445.500,-0.13,,,89.100,-0.05,89.400,-0.07,44.550,-0.07,,,,,,,,,44.550,-0.06,,,44.550,-0.04,44.550,-0.06,44.550,0.05
44.600,-0.17,44.600,-0.19,,,,,446.000,-0.12,,,89.200,-0.05,89.500,-0.08,44.600,-0.07,,,,,,,,,44.600,-0.07,,,44.600,-0.05,44.600,-0.06,44.600,0.05
44.650,-0.18,44.650,-0.21,,,,,446.500,-0.13,,,89.300,-0.05,89.600,-0.08,44.650,-0.07,,,,,,,,,44.650,-0.07,,,44.650,-0.04,44.650,-0.06,44.650,0.05
44.700,-0.16,44.700,-0.20,,,,,447.000,-0.11,,,89.400,-0.06,89.700,-0.08,44.700,-0.08,,,,,,,,,44.700,-0.08,,,44.700,-0.05,44.700,-0.06,44.700,0.05
44.750,-0.17,44.750,-0.20,,,,,447.500,-0.12,,,89.500,-0.05,89.800,-0.08,44.750,-0.06,,,,,,,,,44.750,-0.07,,,44.750,-0.04,44.750,-0.07,44.750,0.05
44.800,-0.17,44.800,-0.19,,,,,448.000,-0.12,,,89.600,-0.06,89.900,-0.07,44.800,-0.06,,,,,,,,,44.800,-0.08,,,44.800,-0.04,44.800,-0.06,44.800,0.06
44.850,-0.17,44.850,-0.20,,,,,448.500,-0.15,,,89.700,-0.05,90.000,-0.07,44.850,-0.06,,,,,,,,,44.850,-0.06,,,44.850,-0.04,44.850,-0.07,44.850,0.05
44.900,-0.17,44.900,-0.20,,,,,449.000,-0.14,,,89.800,-0.06,90.100,-0.08,44.900,-0.06,,,,,,,,,44.900,-0.07,,,44.900,-0.04,44.900,-0.06,44.900,0.05
44.950,-0.18,44.950,-0.21,,,,,449.500,-0.15,,,89.900,-0.06,90.200,-0.07,44.950,-0.06,,,,,,,,,44.950,-0.09,,,44.950,-0.04,44.950,-0.06,44.950,0.04
45.000,-0.17,45.000,-0.21,,,,,450.000,-0.15,,,90.000,-0.05,90.300,-0.06,45.000,-0.06,,,,,,,,,45.000,-0.08,,,45.000,-0.04,45.000,-0.06,45.000,0.05
45.050,-0.18,45.050,-0.20,,,,,450.500,-0.15,,,90.100,-0.05,90.400,-0.07,45.050,-0.07,,,,,,,,,45.050,-0.07,,,45.050,-0.04,45.050,-0.06,45.050,0.04
45.100,-0.17,45.100,-0.19,,,,,451.000,-0.16,,,90.200,-0.06,90.500,-0.06,45.100,-0.06,,,,,,,,,45.100,-0.07,,,45.100,-0.03,45.100,-0.06,45.100,0.06
45.150,-0.18,45.150,-0.20,,,,,451.500,-0.16,,,90.300,-0.05,90.600,-0.08,45.150,-0.07,,,,,,,,,45.150,-0.08,,,45.150,-0.04,45.150,-0.05,45.150,0.05
45.200,-0.18,45.200,-0.20,,,,,452.000,-0.15,,,90.400,-0.04,90.700,-0.06,45.200,-0.07,,,,,,,,,45.200,-0.08,,,45.200,-0.03,45.200,-0.05,45.200,0.05
45.250,-0.17,45.250,-0.20,,,,,452.500,-0.16,,,90.500,-0.06,90.800,-0.06,45.250,-0.06,,,,,,,,,45.250,-0.07,,,45.250,-0.04,45.250,-0.07,45.250,0.05
45.300,-0.17,45.300,-0.21,,,,,453.000,-0.15,,,90.600,-0.06,90.900,-0.07,45.300,-0.07,,,,,,,,,45.300,-0.07,,,45.300,-0.04,45.300,-0.08,45.300,0.05
45.350,-0.16,45.350,-0.21,,,,,453.500,-0.16,,,90.700,-0.05,91.000,-0.07,45.350,-0.07,,,,,,,,,45.350,-0.08,,,45.350,-0.04,45.350,-0.07,45.350,0.06
45.400,-0.16,45.400,-0.21,,,,,454.000,-0.14,,,90.800,-0.06,91.100,-0.07,45.400,-0.08,,,,,,,,,45.400,-0.07,,,45.400,-0.04,45.400,-0.06,45.400,0.06
45.450,-0.17,45.450,-0.21,,,,,454.500,-0.15,,,90.900,-0.05,91.200,-0.06,45.450,-0.07,,,,,,,,,45.450,-0.06,,,45.450,-0.04,45.450,-0.05,45.450,0.05
45.500,-0.17,45.500,-0.21,,,,,455.000,-0.14,,,91.000,-0.06,91.300,-0.07,45.500,-0.08,,,,,,,,,45.500,-0.07,,,45.500,-0.05,45.500,-0.05,45.500,0.05
45.550,-0.18,45.550,-0.21,,,,,455.500,-0.14,,,91.100,-0.06,91.400,-0.08,45.550,-0.07,,,,,,,,,45.550,-0.08,,,45.550,-0.05,45.550,-0.06,45.550,0.05
45.600,-0.18,45.600,-0.21,,,,,456.000,-0.15,,,91.200,-0.05,91.500,-0.07,45.600,-0.08,,,,,,,,,45.600,-0.06,,,45.600,-0.04,45.600,-0.05,45.600,0.05
45.650,-0.17,45.650,-0.21,,,,,456.500,-0.15,,,91.300,-0.05,91.600,-0.07,45.650,-0.08,,,,,,,,,45.650,-0.07,,,45.650,-0.04,45.650,-0.05,45.650,0.05
45.700,-0.17,45.700,-0.20,,,,,457.000,-0.15,,,91.400,-0.06,91.700,-0.07,45.700,-0.07,,,,,,,,,45.700,-0.06,,,45.700,-0.03,45.700,-0.06,45.700,0.06
45.750,-0.18,45.750,-0.20,,,,,457.500,-0.14,,,91.500,-0.05,91.800,-0.08,45.750,-0.08,,,,,,,,,45.750,-0.07,,,45.750,-0.03,45.750,-0.06,45.750,0.05
45.800,-0.17,45.800,-0.19,,,,,458.000,-0.15,,,91.600,-0.05,91.900,-0.06,45.800,-0.08,,,,,,,,,45.800,-0.07,,,45.800,-0.04,45.800,-0.06,45.800,0.06
45.850,-0.18,45.850,-0.19,,,,,458.500,-0.16,,,91.700,-0.06,92.000,-0.06,45.850,-0.05,,,,,,,,,45.850,-0.07,,,45.850,-0.03,45.850,-0.05,45.850,0.06
45.900,-0.17,45.900,-0.19,,,,,459.000,-0.15,,,91.800,-0.05,92.100,-0.06,45.900,-0.06,,,,,,,,,45.900,-0.07,,,45.900,-0.04,45.900,-0.05,45.900,0.06
45.950,-0.16,45.950,-0.19,,,,,459.500,-0.15,,,91.900,-0.05,92.200,-0.07,45.950,-0.06,,,,,,,,,45.950,-0.07,,,45.950,-0.04,45.950,-0.05,45.950,0.05
46.000,-0.16,46.000,-0.20,,,,,460.000,-0.16,,,92.000,-0.05,92.300,-0.07,46.000,-0.07,,,,,,,,,46.000,-0.07,,,46.000,-0.03,46.000,-0.05,46.000,0.05
46.050,-0.16,46.050,-0.19,,,,,460.500,-0.14,,,92.100,-0.05,92.400,-0.07,46.050,-0.07,,,,,,,,,46.050,-0.07,,,46.050,-0.04,46.050,-0.05,46.050,0.05
46.100,-0.17,46.100,-0.19,,,,,461.000,-0.16,,,92.200,-0.05,92.500,-0.08,46.100,-0.07,,,,,,,,,46.100,-0.07,,,46.100,-0.05,46.100,-0.05,46.100,0.05
46.150,-0.17,46.150,-0.19,,,,,461.500,-0.15,,,92.300,-0.04,92.600,-0.08,46.150,-0.08,,,,,,,,,46.150,-0.07,,,46.150,-0.05,46.150,-0.06,46.150,0.05
46.200,-0.16,46.200,-0.21,,,,,462.000,-0.15,,,92.400,-0.04,92.700,-0.07,46.200,-0.07,,,,,,,,,46.200,-0.08,,,46.200,-0.03,46.200,-0.06,46.200,0.05
46.250,-0.15,46.250,-0.20,,,,,462.500,-0.15,,,92.500,-0.06,92.800,-0.07,46.250,-0.07,,,,,,,,,46.250,-0.07,,,46.250,-0.04,46.250,-0.05,46.250,0.06
46.300,-0.16,46.300,-0.20,,,,,463.000,-0.15,,,92.600,-0.06,92.900,-0.07,46.300,-0.07,,,,,,,,,46.300,-0.07,,,46.300,-0.04,46.300,-0.05,46.300,0.06
46.350,-0.16,46.350,-0.21,,,,,463.500,-0.14,,,92.700,-0.05,93.000,-0.08,46.350,-0.07,,,,,,,,,46.350,-0.07,,,46.350,-0.05,46.350,-0.05,46.350,0.06
46.400,-0.17,46.400,-0.19,,,,,464.000,-0.14,,,92.800,-0.05,93.100,-0.07,46.400,-0.07,,,,,,,,,46.400,-0.07,,,46.400,-0.06,46.400,-0.06,46.400,0.06
46.450,-0.17,46.450,-0.20,,,,,464.500,-0.16,,,92.900,-0.04,93.200,-0.06,46.450,-0.07,,,,,,,,,46.450,-0.08,,,46.450,-0.05,46.450,-0.07,46.450,0.06
46.500,-0.17,46.500,-0.19,,,,,465.000,-0.14,,,93.000,-0.05,93.300,-0.07,46.500,-0.06,,,,,,,,,46.500,-0.08,,,46.500,-0.05,46.500,-0.06,46.500,0.06
46.550,-0.17,46.550,-0.20,,,,,465.500,-0.15,,,93.100,-0.05,93.400,-0.07,46.550,-0.06,,,,,,,,,46.550,-0.07,,,46.550,-0.04,46.550,-0.06,46.550,0.05
46.600,-0.18,46.600,-0.19,,,,,466.000,-0.14,,,93.200,-0.05,93.500,-0.07,46.600,-0.06,,,,,,,,,46.600,-0.06,,,46.600,-0.02,46.600,-0.06,46.600,0.06
46.650,-0.18,46.650,-0.19,,,,,466.500,-0.14,,,93.300,-0.06,93.600,-0.07,46.650,-0.06,,,,,,,,,46.650,-0.05,,,46.650,-0.03,46.650,-0.07,46.650,0.07
46.700,-0.18,46.700,-0.20,,,,,467.000,-0.14,,,93.400,-0.05,93.700,-0.07,46.700,-0.07,,,,,,,,,46.700,-0.06,,,46.700,-0.02,46.700,-0.07,46.700,0.05
46.750,-0.17,46.750,-0.20,,,,,467.500,-0.15,,,93.500,-0.06,93.800,-0.07,46.750,-0.07,,,,,,,,,46.750,-0.06,,,46.750,-0.02,46.750,-0.06,46.750,0.06
46.800,-0.16,46.800,-0.20,,,,,468.000,-0.15,,,93.600,-0.05,93.900,-0.08,46.800,-0.06,,,,,,,,,46.800,-0.07,,,46.800,-0.04,46.800,-0.07,46.800,0.06
46.850,-0.17,46.850,-0.20,,,,,468.500,-0.15,,,93.700,-0.05,94.000,-0.07,46.850,-0.06,,,,,,,,,46.850,-0.07,,,46.850,-0.03,46.850,-0.07,46.850,0.06
46.900,-0.17,46.900,-0.19,,,,,469.000,-0.15,,,93.800,-0.05,94.100,-0.07,46.900,-0.05,,,,,,,,,46.900,-0.07,,,46.900,-0.04,46.900,-0.08,46.900,0.06
46.950,-0.17,46.950,-0.18,,,,,469.500,-0.16,,,93.900,-0.05,94.200,-0.08,46.950,-0.06,,,,,,,,,46.950,-0.07,,,46.950,-0.03,46.950,-0.07,46.950,0.06
47.000,-0.16,47.000,-0.20,,,,,470.000,-0.15,,,94.000,-0.05,94.300,-0.09,47.000,-0.05,,,,,,,,,47.000,-0.08,,,47.000,-0.03,47.000,-0.07,47.000,0.07
47.050,-0.16,47.050,-0.20,,,,,470.500,-0.15,,,94.100,-0.04,94.400,-0.08,47.050,-0.06,,,,,,,,,47.050,-0.08,,,47.050,-0.03,47.050,-0.06,47.050,0.07
47.100,-0.16,47.100,-0.20,,,,,471.000,-0.13,,,94.200,-0.05,94.500,-0.08,47.100,-0.06,,,,,,,,,47.100,-0.07,,,47.100,-0.03,47.100,-0.06,47.100,0.06
47.150,-0.17,47.150,-0.23,,,,,471.500,-0.13,,,94.300,-0.05,94.600,-0.07,47.150,-0.05,,,,,,,,,47.150,-0.08,,,47.150,-0.03,47.150,-0.06,47.150,0.06
47.200,-0.16,47.200,-0.23,,,,,472.000,-0.13,,,94.400,-0.06,94.700,-0.08,47.200,-0.06,,,,,,,,,47.200,-0.07,,,47.200,-0.02,47.200,-0.06,47.200,0.07
47.250,-0.17,47.250,-0.16,,,,,472.500,-0.14,,,94.500,-0.07,94.800,-0.08,47.250,-0.05,,,,,,,,,47.250,-0.07,,,47.250,-0.03,47.250,-0.06,47.250,0.07
47.300,-0.17,47.300,-0.16,,,,,473.000,-0.16,,,94.600,-0.05,94.900,-0.09,47.300,-0.07,,,,,,,,,47.300,-0.07,,,47.300,-0.04,47.300,-0.07,47.300,0.06
47.350,-0.16,47.350,-0.19,,,,,473.500,-0.16,,,94.700,-0.05,95.000,-0.05,47.350,-0.07,,,,,,,,,47.350,-0.06,,,47.350,-0.05,47.350,-0.05,47.350,0.07
47.400,-0.17,47.400,-0.19,,,,,474.000,-0.14,,,94.800,-0.05,95.100,-0.07,47.400,-0.07,,,,,,,,,47.400,-0.07,,,47.400,-0.04,47.400,-0.07,47.400,0.07
47.450,-0.17,47.450,-0.19,,,,,474.500,-0.14,,,94.900,-0.06,95.200,-0.07,47.450,-0.06,,,,,,,,,47.450,-0.07,,,47.450,-0.03,47.450,-0.07,47.450,0.06
47.500,-0.16,47.500,-0.19,,,,,475.000,-0.15,,,95.000,-0.06,95.300,-0.08,47.500,-0.06,,,,,,,,,47.500,-0.06,,,47.500,-0.04,47.500,-0.06,47.500,0.06
47.550,-0.17,47.550,-0.19,,,,,475.500,-0.21,,,95.100,-0.06,95.400,-0.07,47.550,-0.06,,,,,,,,,47.550,-0.06,,,47.550,-0.04,47.550,-0.06,47.550,0.06
47.600,-0.16,47.600,-0.19,,,,,476.000,-0.18,,,95.200,-0.05,95.500,-0.07,47.600,-0.07,,,,,,,,,47.600,-0.06,,,47.600,-0.05,47.600,-0.06,47.600,0.06
47.650,-0.17,47.650,-0.19,,,,,476.500,-0.15,,,95.300,-0.05,95.600,-0.07,47.650,-0.07,,,,,,,,,47.650,-0.06,,,47.650,-0.04,47.650,-0.07,47.650,0.06
47.700,-0.17,47.700,-0.18,,,,,477.000,-0.16,,,95.400,-0.05,95.700,-0.06,47.700,-0.06,,,,,,,,,47.700,-0.06,,,47.700,-0.03,47.700,-0.08,47.700,0.07
47.750,-0.16,47.750,-0.19,,,,,477.500,-0.16,,,95.500,-0.05,95.800,-0.08,47.750,-0.06,,,,,,,,,47.750,-0.06,,,47.750,-0.04,47.750,-0.06,47.750,0.05
47.800,-0.16,47.800,-0.24,,,,,478.000,-0.14,,,95.600,-0.06,95.900,-0.07,47.800,-0.05,,,,,,,,,47.800,-0.06,,,47.800,-0.03,47.800,-0.06,47.800,0.06
47.850,-0.17,47.850,-0.19,,,,,478.500,-0.14,,,95.700,-0.05,96.000,-0.07,47.850,-0.05,,,,,,,,,47.850,-0.07,,,47.850,-0.03,47.850,-0.06,47.850,0.06
47.900,-0.16,47.900,-0.21,,,,,479.000,-0.23,,,95.800,-0.04,96.100,-0.07,47.900,-0.05,,,,,,,,,47.900,-0.07,,,47.900,-0.04,47.900,-0.06,47.900,0.05
47.950,-0.17,47.950,-0.20,,,,,479.500,-0.15,,,95.900,-0.05,96.200,-0.07,47.950,-0.05,,,,,,,,,47.950,-0.07,,,47.950,-0.04,47.950,-0.06,47.950,0.07
48.000,-0.16,48.000,-0.20,,,,,480.000,-0.15,,,96.000,-0.05,96.300,-0.07,48.000,-0.06,,,,,,,,,48.000,-0.08,,,48.000,-0.05,48.000,-0.06,48.000,0.06
48.050,-0.17,48.050,-0.19,,,,,480.500,-0.14,,,96.100,-0.06,96.400,-0.07,48.050,-0.06,,,,,,,,,48.050,-0.06,,,48.050,-0.03,48.050,-0.05,48.050,0.06
48.100,-0.17,48.100,-0.20,,,,,481.000,-0.15,,,96.200,-0.06,96.500,-0.07,48.100,-0.07,,,,,,,,,48.100,-0.06,,,48.100,-0.02,48.100,-0.05,48.100,0.06
48.150,-0.17,48.150,-0.20,,,,,481.500,-0.14,,,96.300,-0.06,96.600,0.42,48.150,-0.06,,,,,,,,,48.150,-0.06,,,48.150,-0.04,48.150,-0.05,48.150,0.06
48.200,-0.17,48.200,-0.27,,,,,482.000,-0.14,,,96.400,-0.07,96.700,1.25,48.200,-0.05,,,,,,,,,48.200,-0.06,,,48.200,-0.04,48.200,-0.06,48.200,0.06
48.250,-0.17,48.250,-0.24,,,,,482.500,-0.15,,,96.500,-0.06,96.800,2.00,48.250,-0.06,,,,,,,,,48.250,-0.07,,,48.250,-0.06,48.250,-0.06,48.250,0.05
48.300,-0.17,48.300,-0.12,,,,,483.000,-0.15,,,96.600,-0.06,96.900,3.07,48.300,-0.07,,,,,,,,,48.300,-0.06,,,48.300,-0.06,48.300,-0.06,48.300,0.06
48.350,-0.16,48.350,-0.04,,,,,483.500,-0.15,,,96.700,-0.06,97.000,4.78,48.350,-0.05,,,,,,,,,48.350,-0.07,,,48.350,-0.05,48.350,-0.06,48.350,0.05
48.400,-0.17,48.400,0.08,,,,,484.000,-0.14,,,96.800,-0.05,97.100,5.85,48.400,-0.06,,,,,,,,,48.400,-0.08,,,48.400,-0.05,48.400,-0.05,48.400,0.05
48.450,-0.16,48.450,0.02,,,,,484.500,-0.14,,,96.900,-0.06,97.200,7.36,48.450,-0.06,,,,,,,,,48.450,-0.06,,,48.450,-0.06,48.450,-0.05,48.450,0.05
48.500,-0.16,48.500,-0.03,,,,,485.000,-0.16,,,97.000,-0.05,97.300,9.26,48.500,-0.06,,,,,,,,,48.500,-0.06,,,48.500,-0.05,48.500,-0.06,48.500,0.06
48.550,-0.17,48.550,0.19,,,,,485.500,-0.18,,,97.100,-0.06,97.400,11.30,48.550,-0.07,,,,,,,,,48.550,-0.07,,,48.550,-0.04,48.550,-0.06,48.550,0.05
48.600,-0.16,48.600,0.11,,,,,486.000,-0.14,,,97.200,-0.05,97.500,13.05,48.600,-0.07,,,,,,,,,48.600,-0.07,,,48.600,-0.04,48.600,-0.05,48.600,0.04
48.650,-0.16,48.650,0.11,,,,,486.500,-0.16,,,97.300,-0.05,97.600,14.69,48.650,-0.05,,,,,,,,,48.650,-0.07,,,48.650,-0.03,48.650,-0.06,48.650,0.05
48.700,-0.16,48.700,-0.28,,,,,487.000,-0.17,,,97.400,-0.04,97.700,15.60,48.700,-0.05,,,,,,,,,48.700,-0.06,,,48.700,-0.03,48.700,-0.07,48.700,0.05
48.750,-0.17,48.750,-0.20,,,,,487.500,-0.14,,,97.500,-0.06,97.800,16.66,48.750,-0.06,,,,,,,,,48.750,-0.07,,,48.750,-0.04,48.750,-0.06,48.750,0.04
48.800,-0.17,48.800,-0.68,,,,,488.000,-0.15,,,97.600,-0.05,97.900,17.44,48.800,-0.06,,,,,,,,,48.800,-0.07,,,48.800,-0.03,48.800,-0.05,48.800,0.06
48.850,-0.18,48.850,-0.71,,,,,488.500,-0.15,,,97.700,-0.05,98.000,19.40,48.850,-0.06,,,,,,,,,48.850,-0.06,,,48.850,-0.04,48.850,-0.05,48.850,0.05
48.900,-0.18,48.900,-0.89,,,,,489.000,-0.14,,,97.800,-0.06,98.100,20.63,48.900,-0.06,,,,,,,,,48.900,-0.07,,,48.900,-0.04,48.900,-0.06,48.900,0.05
48.950,-0.18,48.950,-0.83,,,,,489.500,-0.15,,,97.900,-0.05,98.200,22.13,48.950,-0.05,,,,,,,,,48.950,-0.07,,,48.950,-0.04,48.950,-0.06,48.950,0.06
49.000,-0.18,49.000,-0.75,,,,,490.000,-0.15,,,98.000,-0.05,98.300,23.55,49.000,-0.04,,,,,,,,,49.000,-0.07,,,49.000,-0.04,49.000,-0.07,49.000,0.05
49.050,-0.17,49.050,-1.05,,,,,490.500,-0.15,,,98.100,-0.05,98.400,24.41,49.050,-0.05,,,,,,,,,49.050,-0.07,,,49.050,-0.04,49.050,-0.06,49.050,0.05
49.100,-0.18,49.100,-0.67,,,,,491.000,-0.18,,,98.200,-0.04,98.500,25.40,49.100,-0.06,,,,,,,,,49.100,-0.07,,,49.100,-0.04,49.100,-0.07,49.100,0.04
49.150,-0.17,49.150,-0.48,,,,,491.500,-0.15,,,98.300,-0.05,98.600,26.63,49.150,-0.06,,,,,,,,,49.150,-0.07,,,49.150,-0.04,49.150,-0.06,49.150,0.05
49.200,-0.17,49.200,-0.24,,,,,492.000,-0.13,,,98.400,-0.06,98.700,27.36,49.200,-0.05,,,,,,,,,49.200,-0.07,,,49.200,-0.04,49.200,-0.06,49.200,0.05
49.250,-0.17,49.250,-0.34,,,,,492.500,-0.14,,,98.500,-0.05,98.800,28.75,49.250,-0.05,,,,,,,,,49.250,-0.06,,,49.250,-0.05,49.250,-0.06,49.250,0.05
49.300,-0.18,49.300,-0.69,,,,,493.000,-0.15,,,98.600,-0.05,98.900,29.64,49.300,-0.05,,,,,,,,,49.300,-0.08,,,49.300,-0.05,49.300,-0.06,49.300,0.05
49.350,-0.17,49.350,-0.82,,,,,493.500,-0.15,,,98.700,-0.05,99.000,28.21,49.350,-0.05,,,,,,,,,49.350,-0.08,,,49.350,-0.03,49.350,-0.06,49.350,0.06
49.400,-0.17,49.400,-0.56,,,,,494.000,-0.37,,,98.800,-0.06,99.100,27.83,49.400,-0.05,,,,,,,,,49.400,-0.08,,,49.400,-0.04,49.400,-0.04,49.400,0.06
49.450,-0.16,49.450,-0.49,,,,,494.500,-0.02,,,98.900,-0.06,99.200,28.37,49.450,-0.05,,,,,,,,,49.450,-0.08,,,49.450,-0.03,49.450,-0.05,49.450,0.05
49.500,-0.17,49.500,-0.50,,,,,495.000,-0.14,,,99.000,-0.06,99.300,29.09,49.500,-0.05,,,,,,,,,49.500,-0.08,,,49.500,-0.04,49.500,-0.06,49.500,0.04
49.550,-0.18,49.550,-0.34,,,,,495.500,-0.15,,,99.100,-0.07,99.400,28.62,49.550,-0.06,,,,,,,,,49.550,-0.08,,,49.550,-0.04,49.550,-0.05,49.550,0.05
49.600,-0.17,49.600,-0.21,,,,,496.000,-0.15,,,99.200,-0.07,99.500,25.85,49.600,-0.05,,,,,,,,,49.600,-0.08,,,49.600,-0.03,49.600,-0.05,49.600,0.05
49.650,-0.16,49.650,-0.21,,,,,496.500,-0.15,,,99.300,-0.06,99.600,18.30,49.650,-0.05,,,,,,,,,49.650,-0.08,,,49.650,-0.03,49.650,-0.05,49.650,0.04
49.700,-0.18,49.700,-0.29,,,,,497.000,-0.15,,,99.400,-0.06,99.700,9.07,49.700,-0.05,,,,,,,,,49.700,-0.07,,,49.700,-0.04,49.700,-0.06,49.700,0.05
49.750,-0.17,49.750,-0.32,,,,,497.500,-0.16,,,99.500,-0.06,99.800,4.17,49.750,-0.04,,,,,,,,,49.750,-0.08,,,49.750,-0.04,49.750,-0.06,49.750,0.05
49.800,-0.16,49.800,-0.26,,,,,498.000,-0.14,,,99.600,-0.06,99.900,2.23,49.800,-0.05,,,,,,,,,49.800,-0.07,,,49.800,-0.04,49.800,-0.06,49.800,0.05
49.850,-0.16,49.850,-0.23,,,,,498.500,-0.15,,,99.700,-0.06,100.000,1.14,49.850,-0.04,,,,,,,,,49.850,-0.08,,,49.850,-0.05,49.850,-0.06,49.850,0.05
49.900,-0.16,49.900,-0.23,,,,,499.000,-0.16,,,99.800,-0.07,100.100,0.34,49.900,-0.04,,,,,,,,,49.900,-0.07,,,49.900,-0.05,49.900,-0.06,49.900,0.05
49.950,-0.17,49.950,-0.22,,,,,499.500,-0.15,,,99.900,-0.06,100.200,0.17,49.950,-0.04,,,,,,,,,49.950,-0.08,,,49.950,-0.05,49.950,-0.06,49.950,0.05
50.000,-0.18,50.000,-0.22,,,,,500.000,-0.14,,,100.000,-0.06,100.300,-0.10,50.000,-0.04,,,,,,,,,50.000,-0.08,,,50.000,-0.05,50.000,-0.06,50.000,0.05
50.050,-0.18,50.050,-0.21,,,,,500.500,-0.13,,,100.100,-0.05,100.400,-0.08,50.050,-0.03,,,,,,,,,50.050,-0.07,,,50.050,-0.04,50.050,-0.06,50.050,0.04
50.100,-0.18,50.100,-0.24,,,,,501.000,-0.14,,,100.200,-0.05,100.500,-0.12,50.100,-0.03,,,,,,,,,50.100,-0.07,,,50.100,-0.04,50.100,-0.07,50.100,0.06
50.150,-0.17,50.150,-0.22,,,,,501.500,-0.15,,,100.300,-0.06,100.600,-0.08,50.150,-0.04,,,,,,,,,50.150,-0.08,,,50.150,-0.03,50.150,-0.06,50.150,0.05
50.200,-0.18,50.200,-0.19,,,,,502.000,-0.15,,,100.400,-0.06,100.700,-0.10,50.200,-0.03,,,,,,,,,50.200,-0.08,,,50.200,-0.05,50.200,-0.06,50.200,0.05
50.250,-0.16,50.250,-0.22,,,,,502.500,-0.14,,,100.500,-0.06,100.800,-0.08,50.250,-0.03,,,,,,,,,50.250,-0.07,,,50.250,-0.04,50.250,-0.06,50.250,0.06
50.300,-0.17,50.300,-0.22,,,,,503.000,-0.15,,,100.600,-0.06,100.900,-0.08,50.300,-0.02,,,,,,,,,50.300,-0.07,,,50.300,-0.04,50.300,-0.06,50.300,0.06
50.350,-0.18,50.350,-0.21,,,,,503.500,-0.15,,,100.700,-0.06,101.000,-0.07,50.350,-0.02,,,,,,,,,50.350,-0.07,,,50.350,-0.04,50.350,-0.06,50.350,0.06
50.400,-0.18,50.400,-0.22,,,,,504.000,-0.15,,,100.800,-0.05,101.100,-0.08,50.400,-0.01,,,,,,,,,50.400,-0.07,,,50.400,-0.04,50.400,-0.06,50.400,0.06
50.450,-0.18,50.450,-0.20,,,,,504.500,-0.16,,,100.900,-0.04,101.200,-0.06,50.450,-0.02,,,,,,,,,50.450,-0.07,,,50.450,-0.03,50.450,-0.07,50.450,0.06
50.500,-0.18,50.500,-0.20,,,,,505.000,-0.15,,,101.000,-0.06,101.300,-0.07,50.500,-0.02,,,,,,,,,50.500,-0.08,,,50.500,-0.05,50.500,-0.06,50.500,0.06
50.550,-0.18,50.550,-0.20,,,,,505.500,-0.17,,,101.100,-0.05,101.400,-0.08,50.550,-0.01,,,,,,,,,50.550,-0.08,,,50.550,-0.04,50.550,-0.05,50.550,0.05
50.600,-0.17,50.600,-0.19,,,,,506.000,-0.15,,,101.200,-0.06,101.500,-0.07,50.600,0.00,,,,,,,,,50.600,-0.08,,,50.600,-0.04,50.600,-0.06,50.600,0.05
50.650,-0.18,50.650,-0.21,,,,,506.500,-0.16,,,101.300,-0.05,101.600,-0.06,50.650,0.00,,,,,,,,,50.650,-0.08,,,50.650,-0.04,50.650,-0.07,50.650,0.05
50.700,-0.18,50.700,-0.20,,,,,507.000,-0.15,,,101.400,-0.05,101.700,-0.06,50.700,-0.01,,,,,,,,,50.700,-0.08,,,50.700,-0.04,50.700,-0.06,50.700,0.05
50.750,-0.18,50.750,-0.21,,,,,507.500,-0.15,,,101.500,-0.06,101.800,-0.06,50.750,0.00,,,,,,,,,50.750,-0.07,,,50.750,-0.02,50.750,-0.06,50.750,0.07
50.800,-0.16,50.800,-0.18,,,,,508.000,-0.14,,,101.600,-0.05,101.900,-0.06,50.800,0.00,,,,,,,,,50.800,-0.07,,,50.800,-0.04,50.800,-0.06,50.800,0.06
50.850,-0.17,50.850,-0.20,,,,,508.500,-0.15,,,101.700,-0.05,102.000,-0.07,50.850,0.01,,,,,,,,,50.850,-0.07,,,50.850,-0.03,50.850,-0.05,50.850,0.06
50.900,-0.18,50.900,-0.18,,,,,509.000,-0.16,,,101.800,-0.05,102.100,-0.07,50.900,0.02,,,,,,,,,50.900,-0.07,,,50.900,-0.04,50.900,-0.05,50.900,0.06
50.950,-0.17,50.950,-0.16,,,,,509.500,-0.16,,,101.900,-0.05,102.200,-0.07,50.950,0.03,,,,,,,,,50.950,-0.07,,,50.950,-0.04,50.950,-0.05,50.950,0.05
51.000,-0.17,51.000,-0.17,,,,,510.000,-0.14,,,102.000,-0.06,102.300,-0.09,51.000,0.03,,,,,,,,,51.000,-0.08,,,51.000,-0.04,51.000,-0.06,51.000,0.05
51.050,-0.18,51.050,-0.15,,,,,510.500,-0.14,,,102.100,-0.06,102.400,-0.08,51.050,0.04,,,,,,,,,51.050,-0.09,,,51.050,-0.05,51.050,-0.05,51.050,0.05
51.100,-0.17,51.100,-0.15,,,,,511.000,-0.14,,,102.200,-0.05,102.500,-0.08,51.100,0.05,,,,,,,,,51.100,-0.08,,,51.100,-0.04,51.100,-0.05,51.100,0.05
51.150,-0.17,51.150,-0.14,,,,,511.500,-0.15,,,102.300,-0.05,102.600,-0.07,51.150,0.06,,,,,,,,,51.150,-0.08,,,51.150,-0.04,51.150,-0.07,51.150,0.04
51.200,-0.18,51.200,-0.13,,,,,512.000,-0.15,,,102.400,-0.06,102.700,-0.06,51.200,0.06,,,,,,,,,51.200,-0.07,,,51.200,-0.04,51.200,-0.05,51.200,0.05
51.250,-0.17,51.250,-0.13,,,,,512.500,-0.15,,,102.500,-0.06,102.800,-0.07,51.250,0.06,,,,,,,,,51.250,-0.08,,,51.250,-0.03,51.250,-0.05,51.250,0.05
51.300,-0.18,51.300,-0.11,,,,,513.000,-0.16,,,102.600,-0.06,102.900,-0.08,51.300,0.07,,,,,,,,,51.300,-0.06,,,51.300,-0.04,51.300,-0.05,51.300,0.04
51.350,-0.18,51.350,-0.11,,,,,513.500,-0.16,,,102.700,-0.06,103.000,-0.08,51.350,0.06,,,,,,,,,51.350,-0.07,,,51.350,-0.03,51.350,-0.06,51.350,0.05
51.400,-0.17,51.400,-0.11,,,,,514.000,-0.15,,,102.800,-0.05,103.100,-0.08,51.400,0.09,,,,,,,,,51.400,-0.07,,,51.400,-0.03,51.400,-0.05,51.400,0.04
51.450,-0.18,51.450,-0.11,,,,,514.500,-0.16,,,102.900,-0.05,103.200,-0.08,51.450,0.09,,,,,,,,,51.450,-0.07,,,51.450,-0.04,51.450,-0.05,51.450,0.05
51.500,-0.17,51.500,-0.12,,,,,515.000,-0.15,,,103.000,-0.05,103.300,-0.08,51.500,0.10,,,,,,,,,51.500,-0.07,,,51.500,-0.04,51.500,-0.04,51.500,0.05
51.550,-0.18,51.550,-0.12,,,,,515.500,-0.15,,,103.100,-0.05,103.400,-0.08,51.550,0.10,,,,,,,,,51.550,-0.07,,,51.550,-0.04,51.550,-0.04,51.550,0.05
51.600,-0.17,51.600,-0.12,,,,,516.000,-0.14,,,103.200,-0.06,103.500,-0.08,51.600,0.10,,,,,,,,,51.600,-0.07,,,51.600,-0.03,51.600,-0.06,51.600,0.05
51.650,-0.17,51.650,-0.12,,,,,516.500,-0.15,,,103.300,-0.05,103.600,-0.09,51.650,0.11,,,,,,,,,51.650,-0.07,,,51.650,-0.03,51.650,-0.05,51.650,0.04
51.700,-0.17,51.700,-0.12,,,,,517.000,-0.13,,,103.400,-0.06,103.700,-0.08,51.700,0.09,,,,,,,,,51.700,-0.07,,,51.700,-0.02,51.700,-0.06,51.700,0.05
51.750,-0.17,51.750,-0.12,,,,,517.500,-0.15,,,103.500,-0.05,103.800,-0.09,51.750,0.09,,,,,,,,,51.750,-0.08,,,51.750,-0.03,51.750,-0.06,51.750,0.05
51.800,-0.17,51.800,-0.11,,,,,518.000,-0.16,,,103.600,-0.05,103.900,-0.09,51.800,0.11,,,,,,,,,51.800,-0.07,,,51.800,-0.03,51.800,-0.05,51.800,0.04
51.850,-0.19,51.850,-0.11,,,,,518.500,-0.15,,,103.700,-0.04,104.000,-0.09,51.850,0.13,,,,,,,,,51.850,-0.07,,,51.850,-0.04,51.850,-0.05,51.850,0.05
51.900,-0.18,51.900,-0.11,,,,,519.000,-0.15,,,103.800,-0.04,104.100,-0.09,51.900,0.14,,,,,,,,,51.900,-0.07,,,51.900,-0.04,51.900,-0.04,51.900,0.05
51.950,-0.17,51.950,-0.09,,,,,519.500,-0.16,,,103.900,-0.04,104.200,-0.10,51.950,0.15,,,,,,,,,51.950,-0.08,,,51.950,-0.04,51.950,-0.04,51.950,0.05
52.000,-0.17,52.000,-0.09,,,,,520.000,-0.14,,,104.000,-0.05,104.300,-0.08,52.000,0.15,,,,,,,,,52.000,-0.08,,,52.000,-0.05,52.000,-0.06,52.000,0.05
52.050,-0.17,52.050,-0.09,,,,,520.500,-0.14,,,104.100,-0.06,104.400,-0.08,52.050,0.17,,,,,,,,,52.050,-0.08,,,52.050,-0.05,52.050,-0.05,52.050,0.06
52.100,-0.17,52.100,-0.09,,,,,521.000,-0.14,,,104.200,-0.05,104.500,-0.07,52.100,0.18,,,,,,,,,52.100,-0.09,,,52.100,-0.03,52.100,-0.05,52.100,0.05
52.150,-0.17,52.150,-0.10,,,,,521.500,-0.15,,,104.300,-0.05,104.600,-0.07,52.150,0.17,,,,,,,,,52.150,-0.09,,,52.150,-0.04,52.150,-0.05,52.150,0.05
52.200,-0.16,52.200,-0.09,,,,,522.000,-0.15,,,104.400,-0.05,104.700,-0.08,52.200,0.18,,,,,,,,,52.200,-0.07,,,52.200,-0.05,52.200,-0.04,52.200,0.06
52.250,-0.17,52.250,-0.10,,,,,522.500,-0.15,,,104.500,-0.03,104.800,-0.06,52.250,0.20,,,,,,,,,52.250,-0.08,,,52.250,-0.04,52.250,-0.05,52.250,0.05
52.300,-0.17,52.300,-0.11,,,,,523.000,-0.16,,,104.600,-0.04,104.900,-0.08,52.300,0.21,,,,,,,,,52.300,-0.09,,,52.300,-0.05,52.300,-0.05,52.300,0.05
52.350,-0.16,52.350,-0.12,,,,,523.500,-0.15,,,104.700,-0.04,105.000,-0.08,52.350,0.28,,,,,,,,,52.350,-0.08,,,52.350,-0.03,52.350,-0.06,52.350,0.05
52.400,-0.18,52.400,-0.11,,,,,524.000,-0.13,,,104.800,-0.04,105.100,-0.08,52.400,0.72,,,,,,,,,52.400,-0.07,,,52.400,-0.03,52.400,-0.06,52.400,0.05
52.450,-0.17,52.450,-0.10,,,,,524.500,-0.14,,,104.900,-0.05,105.200,-0.07,52.450,0.62,,,,,,,,,52.450,-0.07,,,52.450,-0.02,52.450,-0.06,52.450,0.05
52.500,-0.17,52.500,-0.09,,,,,525.000,-0.14,,,105.000,-0.04,105.300,-0.06,52.500,0.57,,,,,,,,,52.500,-0.09,,,52.500,-0.02,52.500,-0.07,52.500,0.05
52.550,-0.17,52.550,-0.09,,,,,525.500,-0.15,,,105.100,-0.05,105.400,-0.06,52.550,0.55,,,,,,,,,52.550,-0.09,,,52.550,-0.03,52.550,-0.07,52.550,0.05
52.600,-0.18,52.600,-0.09,,,,,526.000,-0.14,,,105.200,-0.04,105.500,-0.07,52.600,0.52,,,,,,,,,52.600,-0.08,,,52.600,-0.03,52.600,-0.05,52.600,0.05
52.650,-0.18,52.650,-0.09,,,,,526.500,-0.15,,,105.300,-0.05,105.600,-0.06,52.650,0.51,,,,,,,,,52.650,-0.08,,,52.650,-0.03,52.650,-0.05,52.650,0.05
52.700,-0.18,52.700,-0.08,,,,,527.000,-0.14,,,105.400,-0.05,105.700,-0.06,52.700,0.49,,,,,,,,,52.700,-0.09,,,52.700,-0.04,52.700,-0.05,52.700,0.04
52.750,-0.17,52.750,-0.08,,,,,527.500,-0.16,,,105.500,-0.06,105.800,-0.06,52.750,0.48,,,,,,,,,52.750,-0.08,,,52.750,-0.03,52.750,-0.06,52.750,0.05
52.800,-0.17,52.800,-0.06,,,,,528.000,-0.15,,,105.600,-0.04,105.900,-0.06,52.800,0.47,,,,,,,,,52.800,-0.08,,,52.800,-0.03,52.800,-0.06,52.800,0.05
52.850,-0.17,52.850,-0.06,,,,,528.500,-0.14,,,105.700,-0.05,106.000,-0.07,52.850,0.46,,,,,,,,,52.850,-0.08,,,52.850,-0.04,52.850,-0.05,52.850,0.04
52.900,-0.17,52.900,-0.07,,,,,529.000,-0.14,,,105.800,-0.05,106.100,-0.07,52.900,0.46,,,,,,,,,52.900,-0.08,,,52.900,-0.04,52.900,-0.05,52.900,0.05
52.950,-0.17,52.950,-0.06,,,,,529.500,-0.14,,,105.900,-0.05,106.200,-0.08,52.950,0.45,,,,,,,,,52.950,-0.08,,,52.950,-0.05,52.950,-0.05,52.950,0.05
53.000,-0.17,53.000,-0.06,,,,,530.000,-0.13,,,106.000,-0.05,106.300,-0.08,53.000,0.45,,,,,,,,,53.000,-0.08,,,53.000,-0.05,53.000,-0.05,53.000,0.05
53.050,-0.17,53.050,-0.05,,,,,530.500,-0.14,,,106.100,-0.05,106.400,-0.08,53.050,0.43,,,,,,,,,53.050,-0.08,,,53.050,-0.05,53.050,-0.05,53.050,0.05
53.100,-0.18,53.100,-0.04,,,,,531.000,-0.14,,,106.200,-0.05,106.500,-0.08,53.100,0.44,,,,,,,,,53.100,-0.08,,,53.100,-0.05,53.100,-0.06,53.100,0.05
53.150,-0.17,53.150,-0.04,,,,,531.500,-0.16,,,106.300,-0.06,106.600,-0.08,53.150,0.45,,,,,,,,,53.150,-0.07,,,53.150,-0.04,53.150,-0.05,53.150,0.05
53.200,-0.16,53.200,-0.04,,,,,532.000,-0.14,,,106.400,-0.05,106.700,-0.07,53.200,0.43,,,,,,,,,53.200,-0.07,,,53.200,-0.04,53.200,-0.05,53.200,0.06
53.250,-0.18,53.250,-0.03,,,,,532.500,-0.14,,,106.500,-0.05,106.800,-0.08,53.250,0.42,,,,,,,,,53.250,-0.08,,,53.250,-0.06,53.250,-0.06,53.250,0.05
53.300,-0.17,53.300,-0.01,,,,,533.000,-0.14,,,106.600,-0.06,106.900,-0.08,53.300,0.40,,,,,,,,,53.300,-0.08,,,53.300,-0.04,53.300,-0.05,53.300,0.04
53.350,-0.18,53.350,-0.01,,,,,533.500,-0.13,,,106.700,-0.05,107.000,-0.07,53.350,0.38,,,,,,,,,53.350,-0.08,,,53.350,-0.05,53.350,-0.04,53.350,0.05
53.400,-0.18,53.400,-0.01,,,,,534.000,-0.14,,,106.800,-0.05,107.100,-0.09,53.400,0.37,,,,,,,,,53.400,-0.08,,,53.400,-0.05,53.400,-0.04,53.400,0.05
53.450,-0.17,53.450,-0.01,,,,,534.500,-0.14,,,106.900,-0.06,107.200,-0.09,53.450,0.35,,,,,,,,,53.450,-0.09,,,53.450,-0.04,53.450,-0.04,53.450,0.04
53.500,-0.18,53.500,-0.02,,,,,535.000,-0.14,,,107.000,-0.06,107.300,-0.08,53.500,0.33,,,,,,,,,53.500,-0.08,,,53.500,-0.04,53.500,-0.05,53.500,0.04
53.550,-0.17,53.550,-0.01,,,,,535.500,-0.14,,,107.100,-0.05,107.400,-0.08,53.550,0.34,,,,,,,,,53.550,-0.08,,,53.550,-0.03,53.550,-0.04,53.550,0.05
53.600,-0.17,53.600,-0.01,,,,,536.000,-0.14,,,107.200,-0.06,107.500,-0.08,53.600,0.32,,,,,,,,,53.600,-0.09,,,53.600,-0.04,53.600,-0.04,53.600,0.03
53.650,-0.17,53.650,-0.02,,,,,536.500,-0.13,,,107.300,-0.06,107.600,-0.09,53.650,0.32,,,,,,,,,53.650,-0.09,,,53.650,-0.03,53.650,-0.04,53.650,0.05
53.700,-0.17,53.700,-0.01,,,,,537.000,-0.13,,,107.400,-0.05,107.700,-0.08,53.700,0.32,,,,,,,,,53.700,-0.08,,,53.700,-0.03,53.700,-0.05,53.700,0.04
53.750,-0.16,53.750,-0.01,,,,,537.500,-0.14,,,107.500,-0.05,107.800,-0.07,53.750,0.31,,,,,,,,,53.750,-0.08,,,53.750,-0.04,53.750,-0.03,53.750,0.06
53.800,-0.17,53.800,-0.01,,,,,538.000,-0.14,,,107.600,-0.04,107.900,-0.09,53.800,0.33,,,,,,,,,53.800,-0.08,,,53.800,-0.03,53.800,-0.04,53.800,0.05
53.850,-0.17,53.850,0.01,,,,,538.500,-0.13,,,107.700,-0.03,108.000,-0.08,53.850,0.33,,,,,,,,,53.850,-0.08,,,53.850,-0.04,53.850,-0.04,53.850,0.06
53.900,-0.18,53.900,0.01,,,,,539.000,-0.13,,,107.800,-0.04,108.100,-0.08,53.900,0.36,,,,,,,,,53.900,-0.09,,,53.900,-0.03,53.900,-0.04,53.900,0.05
53.950,-0.17,53.950,0.02,,,,,539.500,-0.14,,,107.900,-0.04,108.200,-0.09,53.950,0.44,,,,,,,,,53.950,-0.09,,,53.950,-0.03,53.950,-0.04,53.950,0.05
54.000,-0.18,54.000,0.03,,,,,540.000,-0.12,,,108.000,-0.04,108.300,-0.08,54.000,0.51,,,,,,,,,54.000,-0.10,,,54.000,-0.03,54.000,-0.05,54.000,0.04
54.050,-0.18,54.050,0.04,,,,,540.500,-0.13,,,108.100,-0.04,108.400,-0.08,54.050,0.50,,,,,,,,,54.050,-0.09,,,54.050,-0.03,54.050,-0.05,54.050,0.05
54.100,-0.18,54.100,0.05,,,,,541.000,-0.14,,,108.200,-0.04,108.500,-0.08,54.100,0.58,,,,,,,,,54.100,-0.08,,,54.100,-0.03,54.100,-0.04,54.100,0.05
54.150,-0.18,54.150,0.06,,,,,541.500,-0.13,,,108.300,-0.04,108.600,-0.08,54.150,0.57,,,,,,,,,54.150,-0.09,,,54.150,-0.02,54.150,-0.04,54.150,0.06
54.200,-0.18,54.200,0.06,,,,,542.000,-0.13,,,108.400,-0.04,108.700,-0.08,54.200,0.56,,,,,,,,,54.200,-0.09,,,54.200,-0.03,54.200,-0.05,54.200,0.05
54.250,-0.18,54.250,0.07,,,,,542.500,-0.13,,,108.500,-0.05,108.800,-0.08,54.250,0.54,,,,,,,,,54.250,-0.09,,,54.250,-0.03,54.250,-0.05,54.250,0.05
54.300,-0.18,54.300,0.07,,,,,543.000,-0.12,,,108.600,-0.03,108.900,-0.08,54.300,0.55,,,,,,,,,54.300,-0.08,,,54.300,-0.03,54.300,-0.03,54.300,0.05
54.350,-0.18,54.350,0.09,,,,,543.500,-0.13,,,108.700,-0.03,109.000,-0.08,54.350,0.53,,,,,,,,,54.350,-0.09,,,54.350,-0.04,54.350,-0.04,54.350,0.05
54.400,-0.17,54.400,0.08,,,,,544.000,-0.14,,,108.800,-0.04,109.100,-0.08,54.400,0.53,,,,,,,,,54.400,-0.09,,,54.400,-0.05,54.400,-0.05,54.400,0.05
54.450,-0.18,54.450,0.09,,,,,544.500,-0.13,,,108.900,-0.04,109.200,-0.08,54.450,0.51,,,,,,,,,54.450,-0.09,,,54.450,-0.04,54.450,-0.04,54.450,0.06
54.500,-0.18,54.500,0.08,,,,,545.000,-0.14,,,109.000,-0.04,109.300,-0.08,54.500,0.51,,,,,,,,,54.500,-0.08,,,54.500,-0.04,54.500,-0.05,54.500,0.04
54.550,-0.18,54.550,0.07,,,,,545.500,-0.13,,,109.100,-0.04,109.400,-0.08,54.550,0.50,,,,,,,,,54.550,-0.09,,,54.550,-0.05,54.550,-0.04,54.550,0.05
54.600,-0.18,54.600,0.07,,,,,546.000,-0.14,,,109.200,-0.04,109.500,-0.08,54.600,0.46,,,,,,,,,54.600,-0.08,,,54.600,-0.05,54.600,-0.05,54.600,0.06
54.650,-0.18,54.650,0.06,,,,,546.500,-0.15,,,109.300,-0.05,109.600,-0.07,54.650,0.42,,,,,,,,,54.650,-0.07,,,54.650,-0.03,54.650,-0.05,54.650,0.05
54.700,-0.17,54.700,0.07,,,,,547.000,-0.13,,,109.400,-0.04,109.700,-0.07,54.700,0.40,,,,,,,,,54.700,-0.07,,,54.700,-0.04,54.700,-0.05,54.700,0.06
54.750,-0.18,54.750,0.07,,,,,547.500,-0.14,,,109.500,-0.06,109.800,-0.08,54.750,0.38,,,,,,,,,54.750,-0.07,,,54.750,-0.05,54.750,-0.05,54.750,0.06
54.800,-0.17,54.800,0.08,,,,,548.000,-0.14,,,109.600,-0.04,109.900,-0.08,54.800,0.34,,,,,,,,,54.800,-0.07,,,54.800,-0.04,54.800,-0.05,54.800,0.05
54.850,-0.17,54.850,0.07,,,,,548.500,-0.12,,,109.700,-0.04,110.000,-0.08,54.850,0.34,,,,,,,,,54.850,-0.08,,,54.850,-0.05,54.850,-0.05,54.850,0.06
54.900,-0.17,54.900,0.08,,,,,549.000,-0.12,,,109.800,-0.04,110.100,-0.08,54.900,0.28,,,,,,,,,54.900,-0.09,,,54.900,-0.04,54.900,-0.05,54.900,0.06
54.950,-0.16,54.950,0.08,,,,,549.500,-0.13,,,109.900,-0.05,110.200,-0.08,54.950,0.23,,,,,,,,,54.950,-0.08,,,54.950,-0.06,54.950,-0.06,54.950,0.05
55.000,-0.17,55.000,0.07,,,,,550.000,-0.12,,,110.000,-0.06,110.300,-0.08,55.000,0.24,,,,,,,,,55.000,-0.08,,,55.000,-0.05,55.000,-0.05,55.000,0.06
55.050,-0.17,55.050,0.07,,,,,550.500,-0.13,,,110.100,-0.05,110.400,-0.08,55.050,0.28,,,,,,,,,55.050,-0.07,,,55.050,-0.05,55.050,-0.05,55.050,0.06
55.100,-0.18,55.100,0.07,,,,,551.000,-0.12,,,110.200,-0.05,110.500,-0.07,55.100,0.30,,,,,,,,,55.100,-0.08,,,55.100,-0.05,55.100,-0.05,55.100,0.06
55.150,-0.18,55.150,0.07,,,,,551.500,-0.14,,,110.300,-0.06,110.600,-0.08,55.150,0.31,,,,,,,,,55.150,-0.08,,,55.150,-0.05,55.150,-0.05,55.150,0.06
55.200,-0.18,55.200,0.08,,,,,552.000,-0.13,,,110.400,-0.05,110.700,-0.08,55.200,0.32,,,,,,,,,55.200,-0.07,,,55.200,-0.05,55.200,-0.06,55.200,0.06
55.250,-0.17,55.250,0.09,,,,,552.500,-0.14,,,110.500,-0.06,110.800,-0.09,55.250,0.32,,,,,,,,,55.250,-0.08,,,55.250,-0.05,55.250,-0.05,55.250,0.06
55.300,-0.18,55.300,0.11,,,,,553.000,-0.11,,,110.600,-0.05,110.900,-0.09,55.300,0.32,,,,,,,,,55.300,-0.08,,,55.300,-0.04,55.300,-0.05,55.300,0.06
55.350,-0.17,55.350,0.11,,,,,553.500,-0.14,,,110.700,-0.05,111.000,-0.08,55.350,0.33,,,,,,,,,55.350,-0.08,,,55.350,-0.04,55.350,-0.05,55.350,0.06
55.400,-0.18,55.400,0.12,,,,,554.000,-0.14,,,110.800,-0.05,111.100,-0.08,55.400,0.35,,,,,,,,,55.400,-0.07,,,55.400,-0.05,55.400,-0.05,55.400,0.04
55.450,-0.19,55.450,0.11,,,,,554.500,-0.14,,,110.900,-0.04,111.200,-0.09,55.450,0.37,,,,,,,,,55.450,-0.07,,,55.450,-0.04,55.450,-0.05,55.450,0.05
55.500,-0.18,55.500,0.12,,,,,555.000,-0.15,,,111.000,-0.04,111.300,-0.08,55.500,0.37,,,,,,,,,55.500,-0.07,,,55.500,-0.04,55.500,-0.05,55.500,0.04
55.550,-0.18,55.550,0.14,,,,,555.500,-0.13,,,111.100,-0.04,111.400,-0.08,55.550,0.37,,,,,,,,,55.550,-0.07,,,55.550,-0.05,55.550,-0.05,55.550,0.05
55.600,-0.18,55.600,0.14,,,,,556.000,-0.14,,,111.200,-0.05,111.500,-0.07,55.600,0.33,,,,,,,,,55.600,-0.06,,,55.600,-0.04,55.600,-0.05,55.600,0.04
55.650,-0.18,55.650,0.15,,,,,556.500,-0.13,,,111.300,-0.05,111.600,-0.07,55.650,0.27,,,,,,,,,55.650,-0.08,,,55.650,-0.04,55.650,-0.05,55.650,0.05
55.700,-0.18,55.700,0.17,,,,,557.000,-0.14,,,111.400,-0.04,111.700,-0.08,55.700,0.23,,,,,,,,,55.700,-0.07,,,55.700,-0.03,55.700,-0.04,55.700,0.05
55.750,-0.19,55.750,0.16,,,,,557.500,-0.14,,,111.500,-0.05,111.800,-0.08,55.750,0.21,,,,,,,,,55.750,-0.07,,,55.750,-0.04,55.750,-0.04,55.750,0.05
55.800,-0.18,55.800,0.17,,,,,558.000,-0.14,,,111.600,-0.05,111.900,-0.08,55.800,0.22,,,,,,,,,55.800,-0.07,,,55.800,-0.03,55.800,-0.05,55.800,0.05
55.850,-0.18,55.850,0.16,,,,,558.500,-0.14,,,111.700,-0.05,112.000,-0.08,55.850,0.22,,,,,,,,,55.850,-0.06,,,55.850,-0.04,55.850,-0.06,55.850,0.06
55.900,-0.19,55.900,0.21,,,,,559.000,-0.14,,,111.800,-0.05,112.100,-0.09,55.900,0.23,,,,,,,,,55.900,-0.08,,,55.900,-0.05,55.900,-0.06,55.900,0.05
55.950,-0.18,55.950,0.21,,,,,559.500,-0.14,,,111.900,-0.05,112.200,-0.08,55.950,0.23,,,,,,,,,55.950,-0.09,,,55.950,-0.05,55.950,-0.06,55.950,0.05
56.000,-0.17,56.000,0.22,,,,,560.000,-0.21,,,112.000,-0.04,112.300,-0.08,56.000,0.24,,,,,,,,,56.000,-0.08,,,56.000,-0.04,56.000,-0.05,56.000,0.05
56.050,-0.18,56.050,0.22,,,,,560.500,-0.11,,,112.100,-0.05,112.400,-0.08,56.050,0.24,,,,,,,,,56.050,-0.06,,,56.050,-0.04,56.050,-0.04,56.050,0.05
56.100,-0.16,56.100,0.21,,,,,561.000,-0.07,,,112.200,-0.05,112.500,-0.06,56.100,0.27,,,,,,,,,56.100,-0.07,,,56.100,-0.04,56.100,-0.05,56.100,0.06
56.150,-0.18,56.150,0.19,,,,,561.500,-0.07,,,112.300,-0.04,112.600,-0.07,56.150,0.29,,,,,,,,,56.150,-0.08,,,56.150,-0.04,56.150,-0.06,56.150,0.07
56.200,-0.18,56.200,0.19,,,,,562.000,-0.07,,,112.400,-0.04,112.700,-0.08,56.200,0.29,,,,,,,,,56.200,-0.07,,,56.200,-0.04,56.200,-0.05,56.200,0.06
56.250,-0.18,56.250,0.22,,,,,562.500,-0.15,,,112.500,-0.05,112.800,-0.09,56.250,0.27,,,,,,,,,56.250,-0.07,,,56.250,-0.05,56.250,-0.06,56.250,0.05
56.300,-0.18,56.300,0.22,,,,,563.000,-0.15,,,112.600,-0.05,112.900,-0.07,56.300,0.26,,,,,,,,,56.300,-0.08,,,56.300,-0.04,56.300,-0.06,56.300,0.05
56.350,-0.19,56.350,0.23,,,,,563.500,-0.14,,,112.700,-0.04,113.000,-0.08,56.350,0.24,,,,,,,,,56.350,-0.07,,,56.350,-0.04,56.350,-0.06,56.350,0.06
56.400,-0.19,56.400,0.25,,,,,564.000,-0.13,,,112.800,-0.04,113.100,-0.08,56.400,0.21,,,,,,,,,56.400,-0.07,,,56.400,-0.05,56.400,-0.07,56.400,0.05
56.450,-0.19,56.450,0.25,,,,,564.500,-0.14,,,112.900,-0.06,113.200,-0.09,56.450,0.21,,,,,,,,,56.450,-0.07,,,56.450,-0.05,56.450,-0.06,56.450,0.06
56.500,-0.18,56.500,0.27,,,,,565.000,-0.12,,,113.000,-0.05,113.300,-0.08,56.500,0.25,,,,,,,,,56.500,-0.08,,,56.500,-0.05,56.500,-0.05,56.500,0.06
56.550,-0.19,56.550,0.27,,,,,565.500,-0.14,,,113.100,-0.06,113.400,-0.08,56.550,0.30,,,,,,,,,56.550,-0.07,,,56.550,-0.04,56.550,-0.05,56.550,0.06
56.600,-0.17,56.600,0.29,,,,,566.000,-0.12,,,113.200,-0.06,113.500,-0.08,,,,,,,,,,,56.600,-0.07,,,56.600,-0.04,56.600,-0.06,56.600,0.05
56.650,-0.18,56.650,0.30,,,,,566.500,-0.14,,,113.300,-0.05,113.600,-0.08,,,,,,,,,,,56.650,-0.07,,,56.650,-0.03,56.650,-0.06,56.650,0.06
56.700,-0.18,56.700,0.28,,,,,567.000,-0.14,,,113.400,-0.06,113.700,-0.07,,,,,,,,,,,56.700,-0.07,,,56.700,-0.05,56.700,-0.06,56.700,0.06
56.750,-0.18,56.750,0.29,,,,,567.500,-0.14,,,113.500,-0.06,113.800,-0.08,,,,,,,,,,,56.750,-0.07,,,56.750,-0.04,56.750,-0.07,56.750,0.06
56.800,-0.18,56.800,0.31,,,,,568.000,-0.14,,,113.600,-0.06,113.900,-0.08,,,,,,,,,,,56.800,-0.07,,,56.800,-0.04,56.800,-0.06,56.800,0.06
56.850,-0.18,56.850,0.32,,,,,568.500,-0.08,,,113.700,-0.05,114.000,-0.08,,,,,,,,,,,56.850,-0.08,,,56.850,-0.03,56.850,-0.06,56.850,0.06
56.900,-0.17,56.900,0.33,,,,,569.000,0.63,,,113.800,-0.06,114.100,-0.07,,,,,,,,,,,56.900,-0.07,,,56.900,-0.03,56.900,-0.05,56.900,0.06
56.950,-0.17,56.950,0.33,,,,,569.500,-0.15,,,113.900,-0.06,114.200,-0.08,,,,,,,,,,,56.950,-0.07,,,56.950,-0.03,56.950,-0.06,56.950,0.06
57.000,-0.18,57.000,0.35,,,,,570.000,-0.14,,,114.000,-0.05,114.300,-0.08,,,,,,,,,,,57.000,-0.06,,,57.000,-0.04,57.000,-0.06,57.000,0.06
57.050,-0.18,57.050,0.37,,,,,570.500,0.11,,,114.100,-0.05,114.400,-0.08,,,,,,,,,,,57.050,-0.06,,,57.050,-0.04,57.050,-0.06,57.050,0.08
57.100,-0.18,57.100,0.39,,,,,571.000,2.47,,,114.200,-0.06,114.500,-0.09,,,,,,,,,,,57.100,-0.06,,,57.100,-0.04,57.100,-0.07,57.100,0.07
57.150,-0.17,57.150,0.42,,,,,571.500,3.92,,,114.300,-0.05,114.600,-0.08,,,,,,,,,,,57.150,-0.06,,,57.150,-0.04,57.150,-0.06,57.150,0.07
57.200,-0.17,57.200,0.45,,,,,572.000,1.34,,,114.400,-0.05,114.700,-0.08,,,,,,,,,,,57.200,-0.05,,,57.200,-0.04,57.200,-0.06,57.200,0.08
57.250,-0.18,57.250,0.44,,,,,572.500,1.57,,,114.500,-0.03,114.800,-0.08,,,,,,,,,,,57.250,-0.07,,,57.250,-0.04,57.250,-0.07,57.250,0.07
57.300,-0.18,57.300,0.44,,,,,573.000,0.61,,,114.600,-0.06,114.900,-0.08,,,,,,,,,,,57.300,-0.07,,,57.300,-0.04,57.300,-0.06,57.300,0.08
57.350,-0.19,57.350,0.44,,,,,573.500,0.57,,,114.700,-0.05,115.000,-0.08,,,,,,,,,,,57.350,-0.07,,,57.350,-0.04,57.350,-0.06,57.350,0.07
57.400,-0.19,57.400,0.48,,,,,574.000,0.63,,,114.800,-0.07,115.100,-0.07,,,,,,,,,,,57.400,-0.07,,,57.400,-0.03,57.400,-0.07,57.400,0.07
57.450,-0.19,57.450,0.50,,,,,574.500,0.48,,,114.900,-0.06,115.200,-0.09,,,,,,,,,,,57.450,-0.08,,,57.450,-0.05,57.450,-0.07,57.450,0.07
57.500,-0.19,57.500,0.53,,,,,575.000,0.36,,,115.000,-0.06,115.300,-0.08,,,,,,,,,,,57.500,-0.08,,,57.500,-0.04,57.500,-0.07,57.500,0.06
57.550,-0.19,57.550,0.56,,,,,575.500,0.16,,,115.100,-0.06,115.400,-0.07,,,,,,,,,,,57.550,-0.07,,,57.550,-0.03,57.550,-0.06,57.550,0.07
57.600,-0.19,57.600,0.57,,,,,576.000,-0.02,,,115.200,-0.05,115.500,-0.08,,,,,,,,,,,57.600,-0.07,,,57.600,-0.04,57.600,-0.07,57.600,0.06
57.650,-0.19,57.650,0.59,,,,,576.500,0.05,,,115.300,-0.06,115.600,-0.08,,,,,,,,,,,57.650,-0.06,,,57.650,-0.04,57.650,-0.07,57.650,0.07
57.700,-0.19,57.700,0.62,,,,,577.000,0.12,,,115.400,-0.07,115.700,-0.07,,,,,,,,,,,57.700,-0.07,,,57.700,-0.04,57.700,-0.05,57.700,0.07
57.750,-0.19,57.750,0.59,,,,,577.500,0.19,,,115.500,-0.06,115.800,-0.07,,,,,,,,,,,57.750,-0.08,,,57.750,-0.03,57.750,-0.06,57.750,0.07
57.800,-0.19,57.800,0.53,,,,,578.000,0.21,,,115.600,-0.07,115.900,-0.08,,,,,,,,,,,57.800,-0.07,,,57.800,-0.02,57.800,-0.04,57.800,0.08
57.850,-0.19,57.850,0.42,,,,,578.500,0.27,,,115.700,-0.05,116.000,-0.07,,,,,,,,,,,57.850,-0.07,,,57.850,-0.03,57.850,-0.05,57.850,0.09
57.900,-0.19,57.900,0.42,,,,,579.000,0.35,,,115.800,-0.06,116.100,-0.07,,,,,,,,,,,57.900,-0.07,,,57.900,-0.02,57.900,-0.05,57.900,0.08
57.950,-0.18,57.950,0.46,,,,,579.500,0.34,,,115.900,-0.06,116.200,-0.08,,,,,,,,,,,57.950,-0.06,,,57.950,-0.03,57.950,-0.05,57.950,0.08
58.000,-0.19,58.000,0.48,,,,,580.000,0.35,,,116.000,-0.05,116.300,-0.08,,,,,,,,,,,58.000,-0.07,,,58.000,-0.04,58.000,-0.05,58.000,0.08
58.050,-0.18,58.050,0.49,,,,,580.500,0.21,,,116.100,-0.06,116.400,-0.07,,,,,,,,,,,58.050,-0.07,,,58.050,-0.04,58.050,-0.05,58.050,0.08
58.100,-0.21,58.100,0.51,,,,,581.000,-0.08,,,116.200,-0.05,116.500,-0.07,,,,,,,,,,,58.100,-0.07,,,58.100,-0.04,58.100,-0.05,58.100,0.08
58.150,-0.19,58.150,0.51,,,,,581.500,-0.16,,,116.300,-0.05,116.600,-0.08,,,,,,,,,,,58.150,-0.06,,,58.150,-0.04,58.150,-0.06,58.150,0.07
58.200,-0.20,58.200,0.56,,,,,582.000,-0.16,,,116.400,-0.05,116.700,-0.08,,,,,,,,,,,58.200,-0.06,,,58.200,-0.05,58.200,-0.07,58.200,0.07
58.250,-0.18,58.250,0.58,,,,,582.500,-0.15,,,116.500,-0.06,116.800,-0.08,,,,,,,,,,,58.250,-0.05,,,58.250,-0.04,58.250,-0.06,58.250,0.08
58.300,-0.18,58.300,0.63,,,,,583.000,-0.13,,,116.600,-0.05,116.900,-0.09,,,,,,,,,,,58.300,-0.07,,,58.300,-0.03,58.300,-0.07,58.300,0.08
58.350,-0.18,58.350,0.60,,,,,583.500,-0.04,,,116.700,-0.04,117.000,-0.09,,,,,,,,,,,58.350,-0.07,,,58.350,-0.03,58.350,-0.07,58.350,0.06
58.400,-0.17,58.400,0.64,,,,,584.000,-0.06,,,116.800,-0.05,117.100,-0.09,,,,,,,,,,,58.400,-0.07,,,58.400,-0.03,58.400,-0.06,58.400,0.08
58.450,-0.18,58.450,0.63,,,,,584.500,-0.15,,,116.900,-0.05,117.200,-0.08,,,,,,,,,,,58.450,-0.06,,,58.450,-0.04,58.450,-0.07,58.450,0.08
58.500,-0.19,58.500,0.63,,,,,585.000,-0.16,,,117.000,-0.06,117.300,-0.08,,,,,,,,,,,58.500,-0.07,,,58.500,-0.04,58.500,-0.06,58.500,0.07
58.550,-0.18,58.550,0.63,,,,,585.500,-0.23,,,117.100,-0.05,117.400,-0.08,,,,,,,,,,,58.550,-0.07,,,58.550,-0.04,58.550,-0.06,58.550,0.08
58.600,-0.18,58.600,0.59,,,,,586.000,-0.23,,,117.200,-0.07,117.500,-0.08,,,,,,,,,,,58.600,-0.08,,,58.600,-0.04,58.600,-0.06,58.600,0.07
58.650,-0.19,58.650,0.63,,,,,586.500,-0.22,,,117.300,-0.06,117.600,-0.09,,,,,,,,,,,58.650,-0.08,,,58.650,-0.05,58.650,-0.05,58.650,0.07
58.700,-0.18,58.700,0.55,,,,,587.000,-0.15,,,117.400,-0.05,117.700,-0.08,,,,,,,,,,,58.700,-0.07,,,58.700,-0.04,58.700,-0.06,58.700,0.06
58.750,-0.18,58.750,0.57,,,,,587.500,-0.18,,,117.500,-0.05,117.800,-0.08,,,,,,,,,,,58.750,-0.07,,,58.750,-0.02,58.750,-0.05,58.750,0.06
58.800,-0.18,58.800,0.52,,,,,588.000,-0.16,,,117.600,-0.06,117.900,-0.08,,,,,,,,,,,58.800,-0.05,,,58.800,-0.03,58.800,-0.06,58.800,0.08
58.850,-0.18,58.850,0.56,,,,,588.500,-0.17,,,117.700,-0.05,118.000,-0.08,,,,,,,,,,,58.850,-0.07,,,58.850,-0.03,58.850,-0.05,58.850,0.07
58.900,-0.17,58.900,0.62,,,,,589.000,-0.18,,,117.800,-0.06,118.100,-0.08,,,,,,,,,,,58.900,-0.06,,,58.900,-0.04,58.900,-0.04,58.900,0.06
58.950,-0.18,58.950,0.65,,,,,589.500,-0.16,,,117.900,-0.06,118.200,-0.09,,,,,,,,,,,58.950,-0.08,,,58.950,-0.04,58.950,-0.05,58.950,0.06
59.000,-0.18,59.000,0.63,,,,,590.000,-0.16,,,118.000,-0.06,118.300,-0.08,,,,,,,,,,,59.000,-0.06,,,59.000,-0.04,59.000,-0.05,59.000,0.06
59.050,-0.18,59.050,0.60,,,,,590.500,-0.15,,,118.100,-0.06,118.400,-0.10,,,,,,,,,,,59.050,-0.08,,,59.050,-0.03,59.050,-0.06,59.050,0.07
59.100,-0.19,59.100,0.58,,,,,591.000,-0.15,,,118.200,-0.06,118.500,-0.11,,,,,,,,,,,59.100,-0.09,,,59.100,-0.04,59.100,-0.06,59.100,0.06
59.150,-0.20,59.150,0.54,,,,,591.500,-0.15,,,118.300,-0.06,118.600,-0.09,,,,,,,,,,,59.150,-0.09,,,59.150,-0.04,59.150,-0.05,59.150,0.07
59.200,-0.19,59.200,0.52,,,,,592.000,-0.14,,,118.400,-0.06,118.700,-0.08,,,,,,,,,,,59.200,-0.08,,,59.200,-0.03,59.200,-0.05,59.200,0.06
59.250,-0.19,59.250,0.53,,,,,592.500,-0.14,,,118.500,-0.05,118.800,-0.09,,,,,,,,,,,59.250,-0.08,,,59.250,-0.05,59.250,-0.05,59.250,0.08
59.300,-0.18,59.300,0.53,,,,,593.000,-0.14,,,118.600,-0.06,118.900,-0.09,,,,,,,,,,,59.300,-0.08,,,59.300,-0.04,59.300,-0.06,59.300,0.08
59.350,-0.13,59.350,0.53,,,,,593.500,-0.09,,,118.700,-0.06,119.000,-0.08,,,,,,,,,,,59.350,-0.07,,,59.350,-0.04,59.350,-0.05,59.350,0.07
59.400,0.02,59.400,0.55,,,,,594.000,-0.19,,,118.800,-0.05,119.100,-0.09,,,,,,,,,,,59.400,-0.07,,,59.400,-0.04,59.400,-0.05,59.400,0.06
59.450,-0.06,59.450,0.52,,,,,594.500,-0.16,,,118.900,-0.05,119.200,-0.08,,,,,,,,,,,59.450,-0.07,,,59.450,-0.05,59.450,-0.04,59.450,0.08
59.500,0.16,59.500,0.55,,,,,595.000,-0.18,,,119.000,-0.05,119.300,-0.09,,,,,,,,,,,59.500,-0.08,,,59.500,-0.04,59.500,-0.04,59.500,0.07
59.550,0.22,59.550,0.57,,,,,595.500,-0.15,,,119.100,-0.05,119.400,-0.09,,,,,,,,,,,59.550,-0.08,,,59.550,-0.04,59.550,-0.05,59.550,0.06
59.600,0.32,59.600,0.58,,,,,596.000,-0.18,,,119.200,-0.05,119.500,-0.09,,,,,,,,,,,59.600,-0.08,,,59.600,-0.05,59.600,-0.05,59.600,0.07
59.650,0.72,59.650,0.59,,,,,596.500,-0.16,,,119.300,-0.05,119.600,-0.09,,,,,,,,,,,59.650,-0.08,,,59.650,-0.05,59.650,-0.06,59.650,0.08
59.700,1.06,59.700,0.59,,,,,597.000,-0.17,,,119.400,-0.04,119.700,-0.10,,,,,,,,,,,59.700,-0.06,,,59.700,-0.04,59.700,-0.05,59.700,0.08
59.750,1.19,59.750,0.60,,,,,597.500,-0.13,,,119.500,-0.05,119.800,-0.10,,,,,,,,,,,59.750,-0.07,,,59.750,-0.05,59.750,-0.05,59.750,0.08
59.800,1.38,59.800,0.57,,,,,598.000,-0.15,,,119.600,-0.05,119.900,-0.08,,,,,,,,,,,59.800,-0.07,,,59.800,-0.05,59.800,-0.05,59.800,0.08
59.850,1.91,59.850,0.61,,,,,598.500,-0.14,,,119.700,-0.05,120.000,-0.08,,,,,,,,,,,59.850,-0.07,,,59.850,-0.05,59.850,-0.05,59.850,0.08
59.900,2.45,59.900,0.61,,,,,599.000,-0.15,,,119.800,-0.05,120.100,-0.08,,,,,,,,,,,59.900,-0.07,,,59.900,-0.04,59.900,-0.05,59.900,0.07
59.950,2.73,59.950,0.64,,,,,599.500,-0.12,,,119.900,-0.05,120.200,-0.08,,,,,,,,,,,59.950,-0.08,,,59.950,-0.04,59.950,-0.05,59.950,0.08
60.000,3.31,60.000,0.60,,,,,600.000,-0.12,,,120.000,-0.06,120.300,-0.08,,,,,,,,,,,60.000,-0.08,,,60.000,-0.04,60.000,-0.05,60.000,0.07
60.050,3.45,60.050,0.49,,,,,600.500,-0.12,,,120.100,-0.05,120.400,-0.08,,,,,,,,,,,60.050,-0.08,,,,,,,,
60.100,3.87,60.100,0.48,,,,,601.000,-0.09,,,120.200,-0.06,120.500,-0.08,,,,,,,,,,,60.100,-0.08,,,,,,,,
60.150,4.44,60.150,0.44,,,,,601.500,-0.05,,,120.300,-0.05,120.600,-0.09,,,,,,,,,,,60.150,-0.08,,,,,,,,
60.200,4.89,60.200,0.42,,,,,602.000,-0.03,,,120.400,-0.06,120.700,-0.08,,,,,,,,,,,60.200,-0.07,,,,,,,,
60.250,4.94,60.250,0.53,,,,,602.500,-0.03,,,120.500,-0.05,120.800,-0.08,,,,,,,,,,,60.250,-0.07,,,,,,,,
60.300,5.43,60.300,0.61,,,,,603.000,0.01,,,120.600,-0.05,120.900,-0.08,,,,,,,,,,,60.300,-0.06,,,,,,,,
60.350,5.79,60.350,0.65,,,,,603.500,-0.13,,,120.700,-0.04,121.000,-0.08,,,,,,,,,,,60.350,-0.06,,,,,,,,
60.400,6.09,60.400,0.60,,,,,604.000,-0.15,,,120.800,-0.07,121.100,-0.08,,,,,,,,,,,60.400,-0.06,,,,,,,,
60.450,6.24,60.450,0.52,,,,,604.500,-0.14,,,120.900,-0.06,121.200,-0.08,,,,,,,,,,,60.450,-0.05,,,,,,,,
60.500,6.54,60.500,0.35,,,,,605.000,-0.14,,,121.000,-0.06,121.300,-0.09,,,,,,,,,,,60.500,-0.05,,,,,,,,
60.550,6.89,60.550,0.21,,,,,605.500,-0.15,,,121.100,-0.05,121.400,-0.09,,,,,,,,,,,60.550,-0.06,,,,,,,,
60.600,7.29,60.600,0.14,,,,,606.000,-0.14,,,121.200,-0.05,121.500,-0.09,,,,,,,,,,,60.600,-0.07,,,,,,,,
60.650,7.18,60.650,0.05,,,,,606.500,-0.14,,,121.300,-0.05,121.600,-0.09,,,,,,,,,,,60.650,-0.06,,,,,,,,
60.700,6.99,60.700,-0.06,,,,,607.000,-0.14,,,121.400,-0.05,121.700,-0.09,,,,,,,,,,,60.700,-0.06,,,,,,,,
60.750,6.52,60.750,-0.12,,,,,607.500,-0.14,,,121.500,-0.05,121.800,-0.09,,,,,,,,,,,60.750,-0.06,,,,,,,,
60.800,6.64,60.800,-0.17,,,,,608.000,-0.15,,,121.600,-0.05,121.900,-0.10,,,,,,,,,,,60.800,-0.06,,,,,,,,
60.850,6.65,60.850,-0.17,,,,,608.500,-0.15,,,121.700,-0.05,122.000,-0.09,,,,,,,,,,,60.850,-0.07,,,,,,,,
60.900,6.68,60.900,-0.19,,,,,609.000,-0.15,,,121.800,-0.05,122.100,-0.09,,,,,,,,,,,60.900,-0.06,,,,,,,,
60.950,7.03,60.950,-0.19,,,,,609.500,-0.15,,,121.900,-0.05,122.200,-0.10,,,,,,,,,,,60.950,-0.06,,,,,,,,
61.000,7.60,61.000,-0.19,,,,,610.000,-0.13,,,122.000,-0.06,122.300,-0.09,,,,,,,,,,,61.000,-0.07,,,,,,,,
61.050,7.94,61.050,-0.21,,,,,610.500,-0.13,,,122.100,-0.06,122.400,-0.09,,,,,,,,,,,61.050,-0.06,,,,,,,,
61.100,7.53,61.100,-0.20,,,,,611.000,-0.14,,,122.200,-0.06,122.500,-0.08,,,,,,,,,,,61.100,-0.06,,,,,,,,
61.150,7.00,61.150,-0.20,,,,,611.500,-0.12,,,122.300,-0.05,122.600,-0.08,,,,,,,,,,,61.150,-0.06,,,,,,,,
61.200,6.76,61.200,-0.19,,,,,612.000,-0.12,,,122.400,-0.05,122.700,-0.10,,,,,,,,,,,61.200,-0.07,,,,,,,,
61.250,6.68,61.250,-0.20,,,,,612.500,-0.13,,,122.500,-0.06,122.800,-0.08,,,,,,,,,,,61.250,-0.07,,,,,,,,
61.300,6.77,61.300,-0.20,,,,,613.000,-0.15,,,122.600,-0.06,122.900,-0.08,,,,,,,,,,,61.300,-0.07,,,,,,,,
61.350,7.01,61.350,-0.20,,,,,613.500,-0.14,,,122.700,-0.05,123.000,-0.09,,,,,,,,,,,61.350,-0.08,,,,,,,,
61.400,7.11,61.400,-0.21,,,,,614.000,-0.14,,,122.800,-0.06,123.100,-0.08,,,,,,,,,,,61.400,-0.08,,,,,,,,
61.450,7.24,61.450,-0.20,,,,,614.500,-0.12,,,122.900,-0.06,123.200,-0.09,,,,,,,,,,,61.450,-0.08,,,,,,,,
61.500,7.25,61.500,-0.19,,,,,615.000,-0.14,,,123.000,-0.06,123.300,-0.09,,,,,,,,,,,61.500,-0.08,,,,,,,,
61.550,7.61,61.550,-0.20,,,,,615.500,-0.14,,,123.100,-0.06,123.400,-0.09,,,,,,,,,,,61.550,-0.08,,,,,,,,
61.600,7.81,61.600,-0.20,,,,,616.000,-0.14,,,123.200,-0.06,123.500,-0.10,,,,,,,,,,,61.600,-0.07,,,,,,,,
61.650,8.01,61.650,-0.21,,,,,616.500,-0.14,,,123.300,-0.06,123.600,-0.09,,,,,,,,,,,61.650,-0.08,,,,,,,,
61.700,8.37,61.700,-0.20,,,,,617.000,-0.13,,,123.400,-0.06,123.700,-0.09,,,,,,,,,,,61.700,-0.07,,,,,,,,
61.750,8.78,61.750,-0.20,,,,,617.500,-0.16,,,123.500,-0.05,123.800,-0.08,,,,,,,,,,,61.750,-0.07,,,,,,,,
61.800,9.14,61.800,-0.20,,,,,618.000,-0.15,,,123.600,-0.06,123.900,-0.08,,,,,,,,,,,61.800,-0.06,,,,,,,,
61.850,9.55,61.850,-0.20,,,,,618.500,-0.16,,,123.700,-0.06,124.000,-0.09,,,,,,,,,,,61.850,-0.07,,,,,,,,
61.900,10.12,61.900,-0.21,,,,,619.000,-0.17,,,123.800,-0.06,124.100,-0.08,,,,,,,,,,,61.900,-0.08,,,,,,,,
61.950,10.62,61.950,-0.20,,,,,619.500,-0.15,,,123.900,-0.06,124.200,-0.09,,,,,,,,,,,61.950,-0.07,,,,,,,,
62.000,11.17,62.000,-0.28,,,,,620.000,-0.15,,,124.000,-0.06,124.300,-0.10,,,,,,,,,,,62.000,-0.07,,,,,,,,
62.050,11.05,62.050,-0.36,,,,,620.500,-0.15,,,124.100,-0.06,124.400,-0.08,,,,,,,,,,,62.050,-0.07,,,,,,,,
62.100,11.10,62.100,-0.24,,,,,621.000,-0.15,,,124.200,-0.05,124.500,-0.08,,,,,,,,,,,62.100,-0.08,,,,,,,,
62.150,11.15,62.150,-0.29,,,,,621.500,-0.15,,,124.300,-0.06,124.600,-0.09,,,,,,,,,,,62.150,-0.07,,,,,,,,
62.200,11.25,62.200,-0.19,,,,,622.000,-0.15,,,124.400,-0.05,124.700,-0.10,,,,,,,,,,,62.200,-0.06,,,,,,,,
62.250,11.01,62.250,-0.20,,,,,622.500,-0.14,,,124.500,-0.05,124.800,-0.08,,,,,,,,,,,62.250,-0.05,,,,,,,,
62.300,11.10,62.300,-0.20,,,,,623.000,-0.14,,,124.600,-0.06,124.900,-0.09,,,,,,,,,,,62.300,-0.06,,,,,,,,
62.350,11.13,62.350,-0.19,,,,,623.500,-0.16,,,124.700,-0.06,125.000,-0.09,,,,,,,,,,,62.350,-0.06,,,,,,,,
62.400,11.40,62.400,-0.20,,,,,624.000,-0.14,,,124.800,-0.06,125.100,-0.09,,,,,,,,,,,62.400,-0.06,,,,,,,,
62.450,11.81,62.450,-0.20,,,,,624.500,-0.14,,,124.900,-0.05,125.200,-0.08,,,,,,,,,,,62.450,-0.07,,,,,,,,
62.500,12.59,62.500,-0.20,,,,,625.000,-0.14,,,125.000,-0.06,125.300,-0.09,,,,,,,,,,,62.500,-0.06,,,,,,,,
62.550,12.34,62.550,-0.20,,,,,625.500,-0.12,,,125.100,-0.06,125.400,-0.08,,,,,,,,,,,62.550,-0.06,,,,,,,,
62.600,12.88,62.600,-0.21,,,,,626.000,-0.13,,,125.200,-0.07,125.500,-0.07,,,,,,,,,,,62.600,-0.06,,,,,,,,
62.650,12.94,62.650,-0.20,,,,,626.500,-0.13,,,125.300,-0.06,125.600,-0.08,,,,,,,,,,,62.650,-0.07,,,,,,,,
62.700,12.82,62.700,-0.21,,,,,627.000,-0.14,,,125.400,-0.06,125.700,-0.09,,,,,,,,,,,62.700,-0.06,,,,,,,,
62.750,12.95,62.750,-0.20,,,,,627.500,-0.13,,,125.500,-0.06,125.800,-0.08,,,,,,,,,,,62.750,-0.07,,,,,,,,
62.800,13.21,62.800,-0.19,,,,,628.000,-0.14,,,125.600,-0.06,125.900,-0.10,,,,,,,,,,,62.800,-0.06,,,,,,,,
62.850,12.89,62.850,-0.20,,,,,628.500,-0.12,,,125.700,-0.05,126.000,-0.08,,,,,,,,,,,62.850,-0.06,,,,,,,,
62.900,12.66,62.900,-0.20,,,,,629.000,-0.15,,,125.800,-0.05,126.100,-0.07,,,,,,,,,,,62.900,-0.06,,,,,,,,
62.950,12.34,62.950,-0.20,,,,,629.500,-0.15,,,125.900,-0.05,126.200,-0.08,,,,,,,,,,,62.950,-0.07,,,,,,,,
63.000,12.27,63.000,-0.21,,,,,630.000,-0.14,,,126.000,-0.05,126.300,-0.08,,,,,,,,,,,63.000,-0.06,,,,,,,,
63.050,12.44,63.050,-0.20,,,,,630.500,-0.14,,,126.100,-0.06,126.400,-0.08,,,,,,,,,,,63.050,-0.07,,,,,,,,
63.100,12.58,63.100,-0.19,,,,,631.000,-0.14,,,126.200,-0.06,126.500,-0.08,,,,,,,,,,,63.100,-0.08,,,,,,,,
63.150,12.82,63.150,-0.19,,,,,631.500,-0.15,,,126.300,-0.05,126.600,-0.08,,,,,,,,,,,63.150,-0.06,,,,,,,,
63.200,13.39,63.200,-0.19,,,,,632.000,-0.14,,,126.400,-0.05,126.700,-0.09,,,,,,,,,,,63.200,-0.08,,,,,,,,
63.250,13.24,63.250,-0.19,,,,,632.500,-0.14,,,126.500,-0.05,126.800,-0.11,,,,,,,,,,,63.250,-0.08,,,,,,,,
63.300,12.81,63.300,-0.19,,,,,633.000,-0.15,,,126.600,-0.06,126.900,-0.11,,,,,,,,,,,63.300,-0.07,,,,,,,,
63.350,13.23,63.350,-0.20,,,,,633.500,-0.15,,,126.700,-0.06,127.000,-0.09,,,,,,,,,,,63.350,-0.08,,,,,,,,
63.400,13.12,63.400,-0.20,,,,,634.000,-0.16,,,126.800,-0.06,127.100,-0.08,,,,,,,,,,,63.400,-0.07,,,,,,,,
63.450,12.99,63.450,-0.20,,,,,634.500,-0.14,,,126.900,-0.05,127.200,-0.09,,,,,,,,,,,63.450,-0.08,,,,,,,,
63.500,12.96,63.500,-0.20,,,,,635.000,-0.15,,,127.000,-0.06,127.300,-0.09,,,,,,,,,,,63.500,-0.07,,,,,,,,
63.550,12.81,63.550,-0.20,,,,,635.500,-0.15,,,127.100,-0.06,127.400,-0.10,,,,,,,,,,,63.550,-0.07,,,,,,,,
63.600,12.94,63.600,-0.20,,,,,636.000,-0.14,,,127.200,-0.06,127.500,-0.08,,,,,,,,,,,63.600,-0.06,,,,,,,,
63.650,12.95,63.650,-0.20,,,,,636.500,-0.15,,,127.300,-0.06,127.600,-0.09,,,,,,,,,,,63.650,-0.08,,,,,,,,
63.700,12.61,63.700,-0.20,,,,,637.000,-0.16,,,127.400,-0.05,127.700,-0.10,,,,,,,,,,,63.700,-0.08,,,,,,,,
63.750,12.39,63.750,-0.19,,,,,637.500,-0.15,,,127.500,-0.06,127.800,-0.08,,,,,,,,,,,63.750,-0.08,,,,,,,,
63.800,12.36,63.800,-0.20,,,,,638.000,-0.15,,,127.600,-0.06,127.900,-0.08,,,,,,,,,,,63.800,-0.07,,,,,,,,
63.850,12.17,63.850,-0.20,,,,,638.500,-0.15,,,127.700,-0.06,128.000,-0.08,,,,,,,,,,,63.850,-0.07,,,,,,,,
63.900,12.17,63.900,-0.19,,,,,639.000,-0.15,,,127.800,-0.05,128.100,-0.08,,,,,,,,,,,63.900,-0.08,,,,,,,,
63.950,11.92,63.950,-0.19,,,,,639.500,-0.16,,,127.900,-0.05,128.200,-0.09,,,,,,,,,,,63.950,-0.08,,,,,,,,
64.000,10.92,64.000,-0.19,,,,,640.000,-0.15,,,128.000,-0.05,128.300,-0.09,,,,,,,,,,,64.000,-0.08,,,,,,,,
64.050,9.21,64.050,-0.20,,,,,640.500,-0.15,,,128.100,-0.07,128.400,-0.09,,,,,,,,,,,64.050,-0.09,,,,,,,,
64.100,4.47,64.100,-0.20,,,,,641.000,-0.16,,,128.200,-0.05,128.500,-0.09,,,,,,,,,,,64.100,-0.09,,,,,,,,
64.150,1.21,64.150,-0.20,,,,,641.500,-0.15,,,128.300,-0.06,128.600,-0.08,,,,,,,,,,,64.150,-0.08,,,,,,,,
64.200,0.25,64.200,-0.20,,,,,642.000,-0.16,,,128.400,-0.06,128.700,-0.09,,,,,,,,,,,64.200,-0.08,,,,,,,,
64.250,-0.17,64.250,-0.21,,,,,642.500,-0.16,,,128.500,-0.07,128.800,-0.07,,,,,,,,,,,64.250,-0.07,,,,,,,,
64.300,-0.17,64.300,-0.21,,,,,643.000,-0.18,,,128.600,-0.06,128.900,-0.07,,,,,,,,,,,64.300,-0.07,,,,,,,,
64.350,-0.16,64.350,-0.20,,,,,643.500,-0.16,,,128.700,-0.06,129.000,-0.09,,,,,,,,,,,64.350,-0.07,,,,,,,,
64.400,-0.16,64.400,-0.20,,,,,644.000,-0.14,,,128.800,-0.05,129.100,-0.09,,,,,,,,,,,64.400,-0.06,,,,,,,,
64.450,-0.18,64.450,-0.20,,,,,644.500,-0.16,,,128.900,-0.05,129.200,-0.09,,,,,,,,,,,64.450,-0.07,,,,,,,,
64.500,-0.18,64.500,-0.20,,,,,645.000,-0.15,,,129.000,-0.06,129.300,-0.07,,,,,,,,,,,64.500,-0.07,,,,,,,,
64.550,-0.17,64.550,-0.20,,,,,645.500,-0.14,,,129.100,-0.05,129.400,-0.09,,,,,,,,,,,64.550,-0.06,,,,,,,,
64.600,-0.17,64.600,-0.19,,,,,646.000,-0.15,,,129.200,-0.07,129.500,-0.09,,,,,,,,,,,64.600,-0.07,,,,,,,,
64.650,-0.17,64.650,-0.19,,,,,646.500,-0.16,,,129.300,-0.06,129.600,-0.08,,,,,,,,,,,64.650,-0.08,,,,,,,,
64.700,-0.18,64.700,-0.20,,,,,647.000,-0.16,,,129.400,-0.06,129.700,-0.09,,,,,,,,,,,64.700,-0.07,,,,,,,,
64.750,-0.16,64.750,-0.20,,,,,647.500,-0.16,,,129.500,-0.07,129.800,-0.08,,,,,,,,,,,64.750,-0.07,,,,,,,,
64.800,-0.18,64.800,-0.19,,,,,648.000,-0.15,,,129.600,-0.06,129.900,-0.09,,,,,,,,,,,64.800,-0.06,,,,,,,,
64.850,-0.16,64.850,-0.19,,,,,648.500,-0.14,,,129.700,-0.06,130.000,-0.08,,,,,,,,,,,64.850,-0.06,,,,,,,,
64.900,-0.18,64.900,-0.19,,,,,649.000,-0.14,,,129.800,-0.06,130.100,-0.08,,,,,,,,,,,64.900,-0.06,,,,,,,,
64.950,-0.17,64.950,-0.20,,,,,649.500,-0.14,,,129.900,-0.06,130.200,-0.08,,,,,,,,,,,64.950,-0.07,,,,,,,,
65.000,-0.17,65.000,-0.21,,,,,650.000,-0.14,,,130.000,-0.06,130.300,-0.08,,,,,,,,,,,65.000,-0.06,,,,,,,,
65.050,-0.17,65.050,-0.21,,,,,650.500,-0.15,,,130.100,-0.04,130.400,-0.08,,,,,,,,,,,65.050,-0.07,,,,,,,,
65.100,-0.17,65.100,-0.21,,,,,651.000,-0.14,,,130.200,-0.05,130.500,-0.08,,,,,,,,,,,65.100,-0.07,,,,,,,,
65.150,-0.17,65.150,-0.20,,,,,651.500,-0.15,,,130.300,-0.05,130.600,-0.09,,,,,,,,,,,65.150,-0.06,,,,,,,,
65.200,-0.16,65.200,-0.21,,,,,652.000,-0.14,,,130.400,-0.06,130.700,-0.07,,,,,,,,,,,65.200,-0.06,,,,,,,,
65.250,-0.17,65.250,-0.20,,,,,652.500,-0.15,,,130.500,-0.05,130.800,-0.08,,,,,,,,,,,65.250,-0.05,,,,,,,,
65.300,-0.17,65.300,-0.20,,,,,653.000,-0.15,,,130.600,-0.06,130.900,-0.09,,,,,,,,,,,65.300,-0.06,,,,,,,,
65.350,-0.17,65.350,-0.20,,,,,653.500,-0.14,,,130.700,-0.06,131.000,-0.08,,,,,,,,,,,65.350,-0.06,,,,,,,,
65.400,-0.16,65.400,-0.20,,,,,654.000,-0.16,,,130.800,-0.05,131.100,-0.08,,,,,,,,,,,65.400,-0.06,,,,,,,,
65.450,-0.18,65.450,-0.20,,,,,654.500,-0.16,,,130.900,-0.06,131.200,-0.08,,,,,,,,,,,65.450,-0.06,,,,,,,,
65.500,-0.17,65.500,-0.20,,,,,655.000,-0.15,,,131.000,-0.05,131.300,-0.08,,,,,,,,,,,65.500,-0.06,,,,,,,,
65.550,-0.18,65.550,-0.20,,,,,655.500,-0.15,,,131.100,-0.06,131.400,-0.09,,,,,,,,,,,65.550,-0.06,,,,,,,,
65.600,-0.17,65.600,-0.20,,,,,656.000,-0.15,,,131.200,-0.06,131.500,-0.08,,,,,,,,,,,65.600,-0.07,,,,,,,,
65.650,-0.16,65.650,-0.21,,,,,656.500,-0.15,,,131.300,-0.05,131.600,-0.09,,,,,,,,,,,65.650,-0.07,,,,,,,,
65.700,-0.16,65.700,-0.20,,,,,657.000,-0.15,,,131.400,-0.07,131.700,-0.09,,,,,,,,,,,65.700,-0.06,,,,,,,,
65.750,-0.16,65.750,-0.20,,,,,657.500,-0.14,,,131.500,-0.06,131.800,-0.09,,,,,,,,,,,65.750,-0.08,,,,,,,,
65.800,-0.16,65.800,-0.20,,,,,658.000,-0.14,,,131.600,-0.06,131.900,-0.09,,,,,,,,,,,65.800,-0.07,,,,,,,,
65.850,-0.16,65.850,-0.20,,,,,658.500,-0.14,,,131.700,-0.06,132.000,-0.09,,,,,,,,,,,65.850,-0.08,,,,,,,,
65.900,-0.16,65.900,-0.20,,,,,659.000,-0.15,,,131.800,-0.06,132.100,-0.09,,,,,,,,,,,65.900,-0.07,,,,,,,,
65.950,-0.16,65.950,-0.21,,,,,659.500,-0.16,,,131.900,-0.05,132.200,-0.08,,,,,,,,,,,65.950,-0.07,,,,,,,,
66.000,-0.16,66.000,-0.20,,,,,660.000,-0.14,,,132.000,-0.05,132.300,-0.09,,,,,,,,,,,66.000,-0.07,,,,,,,,
66.050,-0.16,66.050,-0.20,,,,,660.500,-0.15,,,132.100,-0.07,132.400,-0.09,,,,,,,,,,,66.050,-0.08,,,,,,,,
66.100,-0.16,66.100,-0.20,,,,,661.000,-0.15,,,132.200,-0.06,132.500,-0.10,,,,,,,,,,,66.100,-0.08,,,,,,,,
66.150,-0.16,66.150,-0.19,,,,,661.500,-0.15,,,132.300,-0.07,132.600,-0.09,,,,,,,,,,,66.150,-0.08,,,,,,,,
66.200,-0.17,66.200,-0.20,,,,,662.000,-0.14,,,132.400,-0.07,132.700,-0.09,,,,,,,,,,,66.200,-0.08,,,,,,,,
66.250,-0.16,66.250,-0.20,,,,,662.500,-0.15,,,132.500,-0.05,132.800,-0.08,,,,,,,,,,,66.250,-0.09,,,,,,,,
66.300,-0.16,66.300,-0.20,,,,,663.000,-0.14,,,132.600,-0.05,132.900,-0.08,,,,,,,,,,,66.300,-0.10,,,,,,,,
66.350,-0.12,66.350,-0.21,,,,,663.500,-0.15,,,132.700,-0.06,133.000,-0.09,,,,,,,,,,,66.350,-0.09,,,,,,,,
66.400,-0.58,66.400,-0.21,,,,,664.000,-0.16,,,132.800,-0.07,133.100,-0.09,,,,,,,,,,,66.400,-0.08,,,,,,,,
66.450,-0.75,66.450,-0.20,,,,,664.500,-0.15,,,132.900,-0.08,133.200,-0.08,,,,,,,,,,,66.450,-0.08,,,,,,,,
66.500,-0.24,66.500,-0.21,,,,,665.000,-0.15,,,133.000,-0.07,133.300,-0.10,,,,,,,,,,,66.500,-0.08,,,,,,,,
66.550,-0.17,66.550,-0.21,,,,,665.500,-0.15,,,133.100,-0.06,133.400,-0.09,,,,,,,,,,,66.550,-0.08,,,,,,,,
66.600,-0.19,66.600,-0.22,,,,,666.000,-0.14,,,133.200,-0.06,133.500,-0.09,,,,,,,,,,,66.600,-0.08,,,,,,,,
66.650,-0.19,66.650,-0.21,,,,,666.500,-0.17,,,133.300,-0.07,133.600,-0.09,,,,,,,,,,,66.650,-0.09,,,,,,,,
66.700,-0.21,66.700,-0.20,,,,,667.000,-0.17,,,133.400,-0.05,133.700,-0.08,,,,,,,,,,,66.700,-0.09,,,,,,,,
66.750,0.06,66.750,-0.21,,,,,667.500,-0.15,,,133.500,-0.06,133.800,-0.08,,,,,,,,,,,66.750,-0.09,,,,,,,,
66.800,0.38,66.800,-0.21,,,,,668.000,-0.16,,,133.600,-0.05,133.900,-0.08,,,,,,,,,,,66.800,-0.10,,,,,,,,
66.850,0.99,66.850,-0.22,,,,,668.500,-0.16,,,133.700,-0.06,134.000,-0.09,,,,,,,,,,,66.850,-0.10,,,,,,,,
66.900,0.66,66.900,-0.21,,,,,669.000,-0.14,,,133.800,-0.06,134.100,-0.08,,,,,,,,,,,66.900,-0.08,,,,,,,,
66.950,0.40,66.950,-0.21,,,,,669.500,-0.16,,,133.900,-0.06,134.200,-0.09,,,,,,,,,,,66.950,-0.10,,,,,,,,
67.000,-0.02,67.000,-0.22,,,,,670.000,-0.16,,,134.000,-0.07,134.300,-0.09,,,,,,,,,,,67.000,-0.09,,,,,,,,
67.050,-0.51,67.050,-0.21,,,,,670.500,-0.16,,,134.100,-0.06,134.400,-0.10,,,,,,,,,,,67.050,-0.08,,,,,,,,
67.100,-0.62,67.100,-0.21,,,,,671.000,-0.15,,,134.200,-0.05,134.500,-0.09,,,,,,,,,,,67.100,-0.08,,,,,,,,
67.150,-0.59,67.150,-0.22,,,,,671.500,-0.16,,,134.300,-0.06,134.600,-0.10,,,,,,,,,,,67.150,-0.09,,,,,,,,
67.200,-0.47,67.200,-0.20,,,,,672.000,-0.15,,,134.400,-0.05,134.700,-0.08,,,,,,,,,,,67.200,-0.09,,,,,,,,
67.250,-0.36,67.250,-0.21,,,,,672.500,-0.16,,,134.500,-0.06,134.800,-0.09,,,,,,,,,,,67.250,-0.09,,,,,,,,
67.300,-0.31,,,,,,,673.000,-0.14,,,134.600,-0.06,134.900,-0.08,,,,,,,,,,,67.300,-0.09,,,,,,,,
67.350,-0.36,,,,,,,673.500,-0.15,,,134.700,-0.06,135.000,-0.08,,,,,,,,,,,67.350,-0.09,,,,,,,,
67.400,-0.49,,,,,,,674.000,-0.14,,,134.800,-0.06,135.100,-0.08,,,,,,,,,,,67.400,-0.08,,,,,,,,
67.450,-0.51,,,,,,,674.500,-0.14,,,134.900,-0.05,135.200,-0.08,,,,,,,,,,,67.450,-0.08,,,,,,,,
67.500,-0.46,,,,,,,675.000,-0.15,,,135.000,-0.05,135.300,-0.08,,,,,,,,,,,67.500,-0.09,,,,,,,,
67.550,-0.39,,,,,,,675.500,-0.14,,,135.100,-0.06,135.400,-0.08,,,,,,,,,,,67.550,-0.08,,,,,,,,
67.600,-0.34,,,,,,,676.000,-0.15,,,135.200,-0.06,135.500,-0.08,,,,,,,,,,,67.600,-0.08,,,,,,,,
67.650,-0.18,,,,,,,676.500,-0.14,,,135.300,-0.06,135.600,-0.08,,,,,,,,,,,67.650,-0.09,,,,,,,,
67.700,-0.07,,,,,,,677.000,-0.14,,,135.400,-0.06,135.700,-0.08,,,,,,,,,,,67.700,-0.09,,,,,,,,
67.750,-0.14,,,,,,,677.500,-0.15,,,135.500,-0.07,135.800,-0.08,,,,,,,,,,,67.750,-0.08,,,,,,,,
67.800,-0.15,,,,,,,678.000,-0.13,,,135.600,-0.06,135.900,-0.08,,,,,,,,,,,67.800,-0.08,,,,,,,,
67.850,-0.22,,,,,,,678.500,-0.14,,,135.700,-0.07,136.000,-0.09,,,,,,,,,,,67.850,-0.08,,,,,,,,
67.900,-0.14,,,,,,,679.000,-0.14,,,135.800,-0.06,136.100,-0.08,,,,,,,,,,,67.900,-0.08,,,,,,,,
67.950,-0.21,,,,,,,679.500,-0.14,,,135.900,-0.06,136.200,-0.08,,,,,,,,,,,67.950,-0.08,,,,,,,,
68.000,-0.41,,,,,,,680.000,-0.14,,,136.000,-0.06,136.300,-0.09,,,,,,,,,,,68.000,-0.07,,,,,,,,
68.050,-0.38,,,,,,,680.500,-0.14,,,136.100,-0.06,136.400,-0.09,,,,,,,,,,,68.050,-0.08,,,,,,,,
68.100,-0.21,,,,,,,681.000,-0.14,,,136.200,-0.06,136.500,-0.08,,,,,,,,,,,68.100,-0.08,,,,,,,,
68.150,-0.13,,,,,,,681.500,-0.14,,,136.300,-0.06,136.600,-0.09,,,,,,,,,,,68.150,-0.07,,,,,,,,
68.200,-0.16,,,,,,,682.000,-0.13,,,136.400,-0.06,136.700,-0.09,,,,,,,,,,,68.200,-0.09,,,,,,,,
68.250,-0.17,,,,,,,682.500,-0.13,,,136.500,-0.06,136.800,-0.09,,,,,,,,,,,68.250,-0.08,,,,,,,,
68.300,-0.15,,,,,,,683.000,-0.14,,,136.600,-0.05,136.900,-0.08,,,,,,,,,,,68.300,-0.08,,,,,,,,
68.350,-0.13,,,,,,,683.500,-0.15,,,136.700,-0.06,137.000,-0.09,,,,,,,,,,,68.350,-0.07,,,,,,,,
68.400,-0.14,,,,,,,684.000,-0.14,,,136.800,-0.06,137.100,-0.07,,,,,,,,,,,68.400,-0.08,,,,,,,,
68.450,-0.16,,,,,,,684.500,-0.14,,,136.900,-0.06,137.200,-0.07,,,,,,,,,,,68.450,-0.09,,,,,,,,
68.500,-0.17,,,,,,,685.000,-0.15,,,137.000,-0.06,137.300,-0.08,,,,,,,,,,,68.500,-0.08,,,,,,,,
68.550,-0.18,,,,,,,685.500,-0.14,,,137.100,-0.07,137.400,-0.09,,,,,,,,,,,68.550,-0.08,,,,,,,,
68.600,-0.16,,,,,,,686.000,-0.04,,,137.200,-0.06,137.500,-0.07,,,,,,,,,,,68.600,-0.08,,,,,,,,
68.650,-0.19,,,,,,,686.500,-0.15,,,137.300,-0.07,137.600,-0.08,,,,,,,,,,,68.650,-0.08,,,,,,,,
68.700,-0.14,,,,,,,687.000,-0.16,,,137.400,-0.07,137.700,-0.09,,,,,,,,,,,68.700,-0.08,,,,,,,,
68.750,0.30,,,,,,,687.500,-0.13,,,137.500,-0.07,137.800,-0.08,,,,,,,,,,,68.750,-0.07,,,,,,,,
68.800,0.39,,,,,,,688.000,-0.13,,,137.600,-0.07,137.900,-0.09,,,,,,,,,,,68.800,-0.08,,,,,,,,
68.850,0.58,,,,,,,688.500,-0.12,,,137.700,-0.06,138.000,-0.07,,,,,,,,,,,68.850,-0.07,,,,,,,,
68.900,0.92,,,,,,,689.000,-0.14,,,137.800,-0.05,138.100,-0.07,,,,,,,,,,,68.900,-0.07,,,,,,,,
68.950,1.44,,,,,,,689.500,-0.14,,,137.900,-0.06,138.200,-0.08,,,,,,,,,,,68.950,-0.07,,,,,,,,
69.000,1.60,,,,,,,690.000,-0.14,,,138.000,-0.06,138.300,-0.08,,,,,,,,,,,69.000,-0.06,,,,,,,,
69.050,1.40,,,,,,,690.500,-0.14,,,138.100,-0.05,138.400,-0.08,,,,,,,,,,,69.050,-0.08,,,,,,,,
69.100,1.26,,,,,,,691.000,-0.14,,,138.200,-0.06,138.500,-0.08,,,,,,,,,,,69.100,-0.08,,,,,,,,
69.150,1.02,,,,,,,691.500,-0.13,,,138.300,-0.06,138.600,-0.09,,,,,,,,,,,69.150,-0.08,,,,,,,,
69.200,0.89,,,,,,,692.000,0.16,,,138.400,-0.05,138.700,-0.07,,,,,,,,,,,69.200,-0.08,,,,,,,,
69.250,1.01,,,,,,,692.500,-0.15,,,138.500,-0.06,138.800,-0.09,,,,,,,,,,,69.250,-0.08,,,,,,,,
69.300,1.16,,,,,,,693.000,-0.16,,,138.600,-0.06,138.900,-0.08,,,,,,,,,,,69.300,-0.08,,,,,,,,
69.350,1.13,,,,,,,693.500,-0.15,,,138.700,-0.06,139.000,-0.07,,,,,,,,,,,69.350,-0.08,,,,,,,,
69.400,1.03,,,,,,,694.000,-0.16,,,138.800,-0.06,139.100,-0.07,,,,,,,,,,,69.400,-0.08,,,,,,,,
69.450,1.01,,,,,,,694.500,-0.16,,,138.900,-0.05,139.200,-0.08,,,,,,,,,,,69.450,-0.07,,,,,,,,
69.500,1.01,,,,,,,695.000,-0.17,,,139.000,-0.06,139.300,-0.08,,,,,,,,,,,69.500,-0.08,,,,,,,,
69.550,0.88,,,,,,,695.500,-0.16,,,139.100,-0.05,139.400,-0.08,,,,,,,,,,,69.550,-0.08,,,,,,,,
69.600,0.95,,,,,,,696.000,-0.16,,,139.200,-0.06,139.500,-0.07,,,,,,,,,,,69.600,-0.08,,,,,,,,
69.650,1.14,,,,,,,696.500,-0.18,,,139.300,-0.06,139.600,-0.09,,,,,,,,,,,69.650,-0.08,,,,,,,,
69.700,1.14,,,,,,,697.000,-0.15,,,139.400,-0.05,139.700,-0.08,,,,,,,,,,,69.700,-0.09,,,,,,,,
69.750,0.86,,,,,,,697.500,-0.15,,,139.500,-0.05,139.800,-0.07,,,,,,,,,,,69.750,-0.08,,,,,,,,
69.800,0.53,,,,,,,698.000,-0.14,,,139.600,-0.05,139.900,-0.07,,,,,,,,,,,69.800,-0.08,,,,,,,,
69.850,0.34,,,,,,,698.500,-0.16,,,139.700,-0.06,140.000,-0.07,,,,,,,,,,,69.850,-0.08,,,,,,,,
69.900,0.64,,,,,,,699.000,-0.15,,,139.800,-0.06,140.100,-0.06,,,,,,,,,,,69.900,-0.08,,,,,,,,
69.950,0.65,,,,,,,699.500,-0.16,,,139.900,-0.06,140.200,-0.07,,,,,,,,,,,69.950,-0.06,,,,,,,,
70.000,0.09,,,,,,,700.000,-0.15,,,140.000,-0.04,140.300,-0.08,,,,,,,,,,,70.000,-0.08,,,,,,,,
70.050,-0.60,,,,,,,700.500,-0.13,,,140.100,-0.05,140.400,-0.07,,,,,,,,,,,70.050,-0.08,,,,,,,,
70.100,-0.71,,,,,,,701.000,-0.12,,,140.200,-0.05,140.500,-0.07,,,,,,,,,,,70.100,-0.09,,,,,,,,
70.150,-0.27,,,,,,,701.500,-0.14,,,140.300,-0.06,140.600,-0.08,,,,,,,,,,,70.150,-0.08,,,,,,,,
70.200,-0.41,,,,,,,702.000,-0.16,,,140.400,-0.07,140.700,-0.08,,,,,,,,,,,70.200,-0.08,,,,,,,,
70.250,-0.50,,,,,,,702.500,-0.12,,,140.500,-0.06,140.800,-0.07,,,,,,,,,,,70.250,-0.07,,,,,,,,
70.300,-0.31,,,,,,,703.000,-0.15,,,140.600,-0.06,140.900,-0.09,,,,,,,,,,,70.300,-0.08,,,,,,,,
70.350,-0.21,,,,,,,703.500,-0.16,,,140.700,-0.06,141.000,-0.08,,,,,,,,,,,70.350,-0.08,,,,,,,,
70.400,-0.32,,,,,,,704.000,-0.15,,,140.800,-0.06,141.100,-0.08,,,,,,,,,,,70.400,-0.08,,,,,,,,
70.450,-0.56,,,,,,,704.500,-0.15,,,140.900,-0.05,141.200,-0.08,,,,,,,,,,,70.450,-0.08,,,,,,,,
70.500,-0.81,,,,,,,705.000,-0.16,,,141.000,-0.05,141.300,-0.07,,,,,,,,,,,70.500,-0.08,,,,,,,,
70.550,-0.42,,,,,,,705.500,-0.16,,,141.100,-0.04,141.400,-0.07,,,,,,,,,,,70.550,-0.08,,,,,,,,
70.600,0.44,,,,,,,706.000,-0.12,,,141.200,-0.05,141.500,-0.08,,,,,,,,,,,70.600,-0.07,,,,,,,,
70.650,1.01,,,,,,,706.500,-0.13,,,141.300,-0.05,141.600,-0.07,,,,,,,,,,,70.650,-0.07,,,,,,,,
70.700,1.41,,,,,,,707.000,-0.14,,,141.400,-0.05,141.700,-0.07,,,,,,,,,,,70.700,-0.08,,,,,,,,
70.750,1.25,,,,,,,707.500,-0.14,,,141.500,-0.04,141.800,-0.08,,,,,,,,,,,70.750,-0.08,,,,,,,,
70.800,1.36,,,,,,,708.000,-0.17,,,141.600,-0.05,141.900,-0.08,,,,,,,,,,,70.800,-0.07,,,,,,,,
70.850,1.66,,,,,,,708.500,-0.16,,,141.700,-0.04,142.000,-0.07,,,,,,,,,,,70.850,-0.07,,,,,,,,
70.900,1.35,,,,,,,709.000,-0.15,,,141.800,-0.05,142.100,-0.07,,,,,,,,,,,70.900,-0.08,,,,,,,,
70.950,1.17,,,,,,,709.500,-0.15,,,141.900,-0.04,142.200,-0.08,,,,,,,,,,,70.950,-0.08,,,,,,,,
71.000,0.89,,,,,,,710.000,-0.14,,,142.000,-0.04,142.300,-0.08,,,,,,,,,,,71.000,-0.08,,,,,,,,
71.050,1.01,,,,,,,710.500,-0.15,,,142.100,-0.06,142.400,-0.08,,,,,,,,,,,71.050,-0.09,,,,,,,,
71.100,0.82,,,,,,,711.000,-0.15,,,142.200,-0.05,142.500,-0.08,,,,,,,,,,,71.100,-0.08,,,,,,,,
71.150,0.48,,,,,,,711.500,-0.15,,,142.300,-0.05,142.600,-0.08,,,,,,,,,,,71.150,-0.08,,,,,,,,
71.200,0.26,,,,,,,712.000,-0.14,,,142.400,-0.05,142.700,-0.09,,,,,,,,,,,71.200,-0.07,,,,,,,,
71.250,0.16,,,,,,,712.500,-0.14,,,142.500,-0.05,142.800,-0.09,,,,,,,,,,,71.250,-0.08,,,,,,,,
71.300,0.27,,,,,,,713.000,-0.15,,,142.600,-0.04,142.900,-0.09,,,,,,,,,,,71.300,-0.07,,,,,,,,
71.350,0.27,,,,,,,713.500,-0.14,,,142.700,-0.06,143.000,-0.09,,,,,,,,,,,71.350,-0.07,,,,,,,,
71.400,0.48,,,,,,,714.000,-0.13,,,142.800,-0.05,143.100,-0.08,,,,,,,,,,,71.400,-0.07,,,,,,,,
71.450,0.56,,,,,,,714.500,-0.14,,,142.900,-0.06,143.200,-0.09,,,,,,,,,,,71.450,-0.07,,,,,,,,
71.500,0.31,,,,,,,715.000,-0.15,,,143.000,-0.06,143.300,-0.09,,,,,,,,,,,71.500,-0.06,,,,,,,,
71.550,0.05,,,,,,,715.500,-0.15,,,143.100,-0.04,143.400,-0.09,,,,,,,,,,,71.550,-0.07,,,,,,,,
71.600,0.43,,,,,,,716.000,-0.15,,,143.200,-0.06,143.500,-0.09,,,,,,,,,,,71.600,-0.08,,,,,,,,
71.650,0.59,,,,,,,716.500,-0.15,,,143.300,-0.06,143.600,-0.08,,,,,,,,,,,71.650,-0.08,,,,,,,,
71.700,0.50,,,,,,,717.000,-0.14,,,143.400,-0.06,143.700,-0.08,,,,,,,,,,,71.700,-0.07,,,,,,,,
71.750,0.31,,,,,,,717.500,-0.13,,,143.500,-0.06,143.800,-0.08,,,,,,,,,,,71.750,-0.07,,,,,,,,
71.800,-0.09,,,,,,,718.000,-0.15,,,143.600,-0.06,143.900,-0.09,,,,,,,,,,,71.800,-0.07,,,,,,,,
71.850,-0.10,,,,,,,718.500,-0.14,,,143.700,-0.05,144.000,-0.08,,,,,,,,,,,71.850,-0.07,,,,,,,,
71.900,0.02,,,,,,,719.000,-0.14,,,143.800,-0.05,144.100,-0.08,,,,,,,,,,,71.900,-0.06,,,,,,,,
71.950,0.04,,,,,,,719.500,-0.15,,,143.900,-0.05,144.200,-0.08,,,,,,,,,,,71.950,-0.06,,,,,,,,
72.000,-0.03,,,,,,,720.000,-0.15,,,144.000,-0.05,144.300,-0.09,,,,,,,,,,,72.000,-0.07,,,,,,,,
72.050,-0.06,,,,,,,720.500,-0.14,,,144.100,-0.06,144.400,-0.09,,,,,,,,,,,72.050,-0.06,,,,,,,,
72.100,-0.29,,,,,,,721.000,-0.15,,,144.200,-0.06,144.500,-0.09,,,,,,,,,,,72.100,-0.07,,,,,,,,
72.150,-0.24,,,,,,,721.500,-0.14,,,144.300,-0.05,144.600,-0.08,,,,,,,,,,,72.150,-0.08,,,,,,,,
72.200,-0.24,,,,,,,722.000,-0.15,,,144.400,-0.04,144.700,-0.08,,,,,,,,,,,72.200,-0.08,,,,,,,,
72.250,-0.08,,,,,,,722.500,-0.14,,,144.500,-0.05,144.800,-0.09,,,,,,,,,,,72.250,-0.07,,,,,,,,
72.300,-0.10,,,,,,,723.000,-0.15,,,144.600,-0.06,144.900,-0.10,,,,,,,,,,,72.300,-0.08,,,,,,,,
72.350,-0.23,,,,,,,723.500,-0.15,,,144.700,-0.06,145.000,-0.09,,,,,,,,,,,72.350,-0.06,,,,,,,,
72.400,-0.25,,,,,,,724.000,-0.14,,,144.800,-0.05,145.100,-0.09,,,,,,,,,,,72.400,-0.07,,,,,,,,
72.450,-0.23,,,,,,,724.500,-0.15,,,144.900,-0.06,145.200,-0.09,,,,,,,,,,,72.450,-0.07,,,,,,,,
72.500,-0.23,,,,,,,725.000,-0.14,,,145.000,-0.06,145.300,-0.09,,,,,,,,,,,72.500,-0.08,,,,,,,,
72.550,-0.29,,,,,,,725.500,-0.14,,,145.100,-0.07,145.400,-0.08,,,,,,,,,,,72.550,-0.07,,,,,,,,
72.600,-0.29,,,,,,,726.000,-0.14,,,145.200,-0.06,145.500,-0.09,,,,,,,,,,,72.600,-0.06,,,,,,,,
72.650,-0.19,,,,,,,726.500,-0.15,,,145.300,-0.05,145.600,-0.09,,,,,,,,,,,72.650,-0.07,,,,,,,,
72.700,-0.11,,,,,,,727.000,-0.13,,,145.400,-0.07,145.700,-0.07,,,,,,,,,,,72.700,-0.07,,,,,,,,
72.750,-0.13,,,,,,,727.500,-0.14,,,145.500,-0.07,145.800,-0.09,,,,,,,,,,,72.750,-0.07,,,,,,,,
72.800,-0.20,,,,,,,728.000,-0.14,,,145.600,-0.06,145.900,-0.08,,,,,,,,,,,72.800,-0.07,,,,,,,,
72.850,-0.46,,,,,,,728.500,-0.14,,,145.700,-0.06,146.000,-0.09,,,,,,,,,,,72.850,-0.07,,,,,,,,
72.900,0.08,,,,,,,729.000,-0.14,,,145.800,-0.06,146.100,-0.08,,,,,,,,,,,72.900,-0.08,,,,,,,,
72.950,0.54,,,,,,,729.500,-0.14,,,145.900,-0.07,146.200,-0.08,,,,,,,,,,,72.950,-0.07,,,,,,,,
73.000,0.54,,,,,,,730.000,-0.14,,,146.000,-0.08,146.300,-0.08,,,,,,,,,,,73.000,-0.08,,,,,,,,
73.050,0.74,,,,,,,730.500,-0.15,,,146.100,-0.06,146.400,-0.08,,,,,,,,,,,73.050,-0.08,,,,,,,,
73.100,0.91,,,,,,,731.000,-0.14,,,146.200,-0.05,146.500,-0.08,,,,,,,,,,,73.100,-0.08,,,,,,,,
73.150,1.37,,,,,,,731.500,-0.15,,,146.300,-0.05,146.600,-0.07,,,,,,,,,,,73.150,-0.08,,,,,,,,
73.200,1.76,,,,,,,732.000,-0.14,,,146.400,-0.06,146.700,-0.07,,,,,,,,,,,73.200,-0.08,,,,,,,,
73.250,1.77,,,,,,,732.500,-0.14,,,146.500,-0.05,146.800,-0.07,,,,,,,,,,,73.250,-0.07,,,,,,,,
73.300,1.91,,,,,,,733.000,-0.14,,,146.600,-0.05,146.900,-0.07,,,,,,,,,,,73.300,-0.08,,,,,,,,
73.350,2.11,,,,,,,733.500,-0.13,,,146.700,-0.05,147.000,-0.07,,,,,,,,,,,73.350,-0.07,,,,,,,,
73.400,2.56,,,,,,,734.000,-0.14,,,146.800,-0.06,147.100,-0.07,,,,,,,,,,,73.400,-0.07,,,,,,,,
73.450,2.58,,,,,,,734.500,-0.15,,,146.900,-0.06,147.200,-0.07,,,,,,,,,,,73.450,-0.08,,,,,,,,
73.500,2.47,,,,,,,735.000,-0.14,,,147.000,-0.06,147.300,-0.07,,,,,,,,,,,73.500,-0.08,,,,,,,,
73.550,2.69,,,,,,,735.500,-0.13,,,147.100,-0.06,147.400,-0.07,,,,,,,,,,,73.550,-0.08,,,,,,,,
73.600,2.79,,,,,,,736.000,-0.13,,,147.200,-0.05,147.500,-0.08,,,,,,,,,,,73.600,-0.07,,,,,,,,
73.650,2.80,,,,,,,736.500,-0.05,,,147.300,-0.06,147.600,-0.07,,,,,,,,,,,73.650,-0.06,,,,,,,,
73.700,2.77,,,,,,,737.000,0.26,,,147.400,-0.06,147.700,-0.06,,,,,,,,,,,73.700,-0.06,,,,,,,,
73.750,2.80,,,,,,,737.500,-0.17,,,147.500,-0.06,147.800,-0.07,,,,,,,,,,,73.750,-0.08,,,,,,,,
73.800,2.95,,,,,,,738.000,-0.17,,,147.600,-0.05,147.900,-0.07,,,,,,,,,,,73.800,-0.07,,,,,,,,
73.850,2.99,,,,,,,738.500,-0.12,,,147.700,-0.04,148.000,-0.07,,,,,,,,,,,73.850,-0.08,,,,,,,,
73.900,2.39,,,,,,,739.000,0.06,,,147.800,-0.05,148.100,-0.07,,,,,,,,,,,73.900,-0.07,,,,,,,,
73.950,1.97,,,,,,,739.500,-0.04,,,147.900,-0.05,148.200,-0.08,,,,,,,,,,,73.950,-0.08,,,,,,,,
74.000,2.19,,,,,,,740.000,-0.02,,,148.000,-0.06,148.300,-0.08,,,,,,,,,,,74.000,-0.07,,,,,,,,
74.050,2.71,,,,,,,740.500,-0.14,,,148.100,-0.06,148.400,-0.07,,,,,,,,,,,74.050,-0.07,,,,,,,,
74.100,2.69,,,,,,,741.000,-0.15,,,148.200,-0.06,148.500,-0.07,,,,,,,,,,,74.100,-0.08,,,,,,,,
74.150,2.89,,,,,,,741.500,-0.13,,,148.300,-0.06,148.600,-0.08,,,,,,,,,,,74.150,-0.08,,,,,,,,
74.200,2.84,,,,,,,742.000,-0.12,,,148.400,-0.05,148.700,-0.07,,,,,,,,,,,74.200,-0.08,,,,,,,,
74.250,2.95,,,,,,,742.500,-0.13,,,148.500,-0.06,148.800,-0.07,,,,,,,,,,,74.250,-0.08,,,,,,,,
74.300,2.82,,,,,,,743.000,-0.14,,,148.600,-0.06,148.900,-0.08,,,,,,,,,,,74.300,-0.08,,,,,,,,
74.350,2.96,,,,,,,743.500,-0.14,,,148.700,-0.05,149.000,-0.07,,,,,,,,,,,74.350,-0.08,,,,,,,,
74.400,3.27,,,,,,,744.000,-0.13,,,148.800,-0.05,149.100,-0.06,,,,,,,,,,,74.400,-0.07,,,,,,,,
74.450,3.24,,,,,,,744.500,-0.15,,,148.900,-0.05,149.200,-0.06,,,,,,,,,,,74.450,-0.08,,,,,,,,
74.500,3.20,,,,,,,745.000,-0.14,,,149.000,-0.06,149.300,-0.08,,,,,,,,,,,74.500,-0.08,,,,,,,,
74.550,3.18,,,,,,,745.500,-0.15,,,149.100,-0.06,149.400,-0.08,,,,,,,,,,,74.550,-0.08,,,,,,,,
74.600,3.10,,,,,,,746.000,-0.14,,,149.200,-0.06,149.500,-0.07,,,,,,,,,,,74.600,-0.09,,,,,,,,
74.650,3.17,,,,,,,746.500,-0.15,,,149.300,-0.06,149.600,-0.07,,,,,,,,,,,74.650,-0.08,,,,,,,,
74.700,3.10,,,,,,,747.000,-0.14,,,149.400,-0.05,149.700,-0.09,,,,,,,,,,,74.700,-0.07,,,,,,,,
74.750,3.12,,,,,,,747.500,-0.15,,,149.500,-0.05,149.800,-0.09,,,,,,,,,,,74.750,-0.07,,,,,,,,
74.800,3.16,,,,,,,748.000,-0.14,,,149.600,-0.05,149.900,-0.08,,,,,,,,,,,74.800,-0.07,,,,,,,,
74.850,3.07,,,,,,,748.500,-0.15,,,149.700,-0.05,150.000,-0.09,,,,,,,,,,,74.850,-0.07,,,,,,,,
74.900,3.26,,,,,,,749.000,-0.15,,,149.800,-0.05,150.100,-0.08,,,,,,,,,,,74.900,-0.08,,,,,,,,
74.950,3.36,,,,,,,749.500,-0.16,,,149.900,-0.05,150.200,-0.07,,,,,,,,,,,74.950,-0.07,,,,,,,,
75.000,3.18,,,,,,,750.000,-0.14,,,150.000,-0.05,150.300,-0.08,,,,,,,,,,,75.000,-0.07,,,,,,,,
75.050,3.29,,,,,,,750.500,-0.15,,,150.100,-0.06,150.400,-0.09,,,,,,,,,,,75.050,-0.07,,,,,,,,
75.100,3.55,,,,,,,751.000,-0.16,,,150.200,-0.06,150.500,-0.08,,,,,,,,,,,75.100,-0.08,,,,,,,,
75.150,3.54,,,,,,,751.500,-0.13,,,150.300,-0.07,150.600,-0.09,,,,,,,,,,,75.150,-0.07,,,,,,,,
75.200,3.47,,,,,,,752.000,-0.14,,,150.400,-0.06,150.700,-0.09,,,,,,,,,,,75.200,-0.06,,,,,,,,
75.250,3.47,,,,,,,752.500,-0.15,,,150.500,-0.05,150.800,-0.08,,,,,,,,,,,75.250,-0.08,,,,,,,,
75.300,3.58,,,,,,,753.000,-0.18,,,150.600,-0.05,150.900,-0.06,,,,,,,,,,,75.300,-0.08,,,,,,,,
75.350,3.62,,,,,,,753.500,-0.15,,,150.700,-0.06,151.000,-0.08,,,,,,,,,,,75.350,-0.07,,,,,,,,
75.400,3.54,,,,,,,754.000,-0.14,,,150.800,-0.06,151.100,-0.09,,,,,,,,,,,75.400,-0.08,,,,,,,,
75.450,3.42,,,,,,,754.500,-0.15,,,150.900,-0.05,151.200,-0.08,,,,,,,,,,,75.450,-0.07,,,,,,,,
75.500,3.25,,,,,,,755.000,-0.14,,,151.000,-0.05,151.300,-0.08,,,,,,,,,,,75.500,-0.07,,,,,,,,
75.550,3.43,,,,,,,755.500,-0.14,,,151.100,-0.06,151.400,-0.08,,,,,,,,,,,75.550,-0.08,,,,,,,,
75.600,3.48,,,,,,,756.000,-0.14,,,151.200,-0.06,151.500,-0.07,,,,,,,,,,,75.600,-0.07,,,,,,,,
75.650,3.35,,,,,,,756.500,-0.14,,,151.300,-0.07,151.600,-0.08,,,,,,,,,,,75.650,-0.07,,,,,,,,
75.700,3.36,,,,,,,757.000,-0.12,,,151.400,-0.06,151.700,-0.08,,,,,,,,,,,75.700,-0.08,,,,,,,,
75.750,3.43,,,,,,,757.500,-0.13,,,151.500,-0.06,151.800,-0.08,,,,,,,,,,,75.750,-0.07,,,,,,,,
75.800,3.33,,,,,,,758.000,-0.14,,,151.600,-0.06,151.900,-0.09,,,,,,,,,,,75.800,-0.07,,,,,,,,
75.850,3.24,,,,,,,758.500,-0.14,,,151.700,-0.06,152.000,-0.08,,,,,,,,,,,75.850,-0.07,,,,,,,,
75.900,3.05,,,,,,,759.000,-0.13,,,151.800,-0.07,152.100,-0.08,,,,,,,,,,,75.900,-0.09,,,,,,,,
75.950,2.84,,,,,,,759.500,-0.14,,,151.900,-0.07,152.200,-0.09,,,,,,,,,,,75.950,-0.08,,,,,,,,
76.000,2.59,,,,,,,760.000,-0.14,,,152.000,-0.07,152.300,-0.09,,,,,,,,,,,76.000,-0.08,,,,,,,,
76.050,2.75,,,,,,,760.500,-0.13,,,152.100,-0.07,152.400,-0.09,,,,,,,,,,,76.050,-0.08,,,,,,,,
76.100,2.90,,,,,,,761.000,-0.14,,,152.200,-0.07,152.500,-0.09,,,,,,,,,,,76.100,-0.08,,,,,,,,
76.150,3.18,,,,,,,761.500,-0.14,,,152.300,-0.06,152.600,-0.09,,,,,,,,,,,76.150,-0.08,,,,,,,,
76.200,3.25,,,,,,,762.000,-0.14,,,152.400,-0.06,152.700,-0.09,,,,,,,,,,,76.200,-0.07,,,,,,,,
76.250,3.03,,,,,,,762.500,-0.13,,,152.500,-0.05,152.800,-0.09,,,,,,,,,,,76.250,-0.08,,,,,,,,
76.300,2.83,,,,,,,763.000,-0.14,,,152.600,-0.05,152.900,-0.08,,,,,,,,,,,76.300,-0.07,,,,,,,,
76.350,2.66,,,,,,,763.500,-0.11,,,152.700,-0.06,153.000,-0.08,,,,,,,,,,,76.350,-0.07,,,,,,,,
76.400,2.69,,,,,,,764.000,-0.10,,,152.800,-0.07,153.100,-0.09,,,,,,,,,,,76.400,-0.08,,,,,,,,
76.450,2.80,,,,,,,764.500,-0.12,,,152.900,-0.07,153.200,-0.09,,,,,,,,,,,76.450,-0.07,,,,,,,,
76.500,3.22,,,,,,,765.000,-0.12,,,153.000,-0.08,153.300,-0.09,,,,,,,,,,,76.500,-0.07,,,,,,,,
76.550,3.39,,,,,,,765.500,-0.10,,,153.100,-0.06,153.400,-0.09,,,,,,,,,,,76.550,-0.07,,,,,,,,
76.600,3.21,,,,,,,766.000,-0.03,,,153.200,-0.06,153.500,-0.10,,,,,,,,,,,76.600,-0.07,,,,,,,,
76.650,3.36,,,,,,,766.500,-0.06,,,153.300,-0.06,153.600,-0.09,,,,,,,,,,,76.650,-0.08,,,,,,,,
76.700,3.34,,,,,,,767.000,0.09,,,153.400,-0.07,153.700,-0.09,,,,,,,,,,,76.700,-0.08,,,,,,,,
76.750,3.26,,,,,,,767.500,0.85,,,153.500,-0.06,153.800,-0.09,,,,,,,,,,,76.750,-0.07,,,,,,,,
76.800,3.18,,,,,,,768.000,0.39,,,153.600,-0.07,153.900,-0.08,,,,,,,,,,,76.800,-0.07,,,,,,,,
76.850,3.12,,,,,,,768.500,0.11,,,153.700,-0.05,154.000,-0.08,,,,,,,,,,,76.850,-0.06,,,,,,,,
76.900,3.24,,,,,,,769.000,-0.35,,,153.800,-0.06,154.100,-0.09,,,,,,,,,,,76.900,-0.08,,,,,,,,
76.950,3.38,,,,,,,769.500,-0.20,,,153.900,-0.06,154.200,-0.09,,,,,,,,,,,76.950,-0.08,,,,,,,,
77.000,3.49,,,,,,,770.000,-0.21,,,154.000,-0.06,154.300,-0.09,,,,,,,,,,,77.000,-0.08,,,,,,,,
77.050,3.50,,,,,,,770.500,-0.20,,,154.100,-0.05,154.400,-0.09,,,,,,,,,,,77.050,-0.07,,,,,,,,
77.100,3.58,,,,,,,771.000,-0.20,,,154.200,-0.05,154.500,-0.09,,,,,,,,,,,77.100,-0.07,,,,,,,,
77.150,3.70,,,,,,,771.500,-0.20,,,154.300,-0.06,154.600,-0.10,,,,,,,,,,,77.150,-0.07,,,,,,,,
77.200,3.53,,,,,,,772.000,-0.20,,,154.400,-0.05,154.700,-0.10,,,,,,,,,,,77.200,-0.07,,,,,,,,
77.250,3.58,,,,,,,772.500,-0.20,,,154.500,-0.05,154.800,-0.09,,,,,,,,,,,77.250,-0.07,,,,,,,,
77.300,3.77,,,,,,,773.000,-0.20,,,154.600,-0.06,154.900,-0.09,,,,,,,,,,,77.300,-0.07,,,,,,,,
77.350,3.77,,,,,,,773.500,-0.20,,,154.700,-0.06,155.000,-0.08,,,,,,,,,,,77.350,-0.06,,,,,,,,
77.400,3.75,,,,,,,774.000,-0.19,,,154.800,-0.06,155.100,-0.09,,,,,,,,,,,77.400,-0.07,,,,,,,,
77.450,3.83,,,,,,,774.500,-0.19,,,154.900,-0.06,155.200,-0.09,,,,,,,,,,,77.450,-0.07,,,,,,,,
77.500,3.93,,,,,,,775.000,-0.20,,,155.000,-0.07,155.300,-0.09,,,,,,,,,,,77.500,-0.06,,,,,,,,
77.550,3.82,,,,,,,775.500,-0.19,,,155.100,-0.05,155.400,-0.10,,,,,,,,,,,77.550,-0.06,,,,,,,,
77.600,3.81,,,,,,,776.000,-0.20,,,155.200,-0.06,155.500,-0.09,,,,,,,,,,,77.600,-0.07,,,,,,,,
77.650,3.95,,,,,,,776.500,-0.19,,,155.300,-0.06,155.600,-0.08,,,,,,,,,,,77.650,-0.06,,,,,,,,
77.700,3.95,,,,,,,777.000,-0.19,,,155.400,-0.06,155.700,-0.09,,,,,,,,,,,77.700,-0.06,,,,,,,,
77.750,3.97,,,,,,,777.500,-0.21,,,155.500,-0.06,155.800,-0.09,,,,,,,,,,,77.750,-0.07,,,,,,,,
77.800,3.90,,,,,,,778.000,-0.19,,,155.600,-0.06,155.900,-0.09,,,,,,,,,,,77.800,-0.07,,,,,,,,
77.850,3.66,,,,,,,778.500,-0.20,,,155.700,-0.06,156.000,-0.08,,,,,,,,,,,77.850,-0.08,,,,,,,,
77.900,3.35,,,,,,,779.000,-0.20,,,155.800,-0.07,156.100,-0.09,,,,,,,,,,,77.900,-0.07,,,,,,,,
77.950,3.09,,,,,,,779.500,-0.19,,,155.900,-0.07,156.200,-0.09,,,,,,,,,,,77.950,-0.08,,,,,,,,
78.000,3.23,,,,,,,780.000,-0.21,,,156.000,-0.06,156.300,-0.09,,,,,,,,,,,78.000,-0.08,,,,,,,,
78.050,3.59,,,,,,,780.500,-0.20,,,156.100,-0.05,156.400,-0.09,,,,,,,,,,,78.050,-0.07,,,,,,,,
78.100,3.71,,,,,,,781.000,-0.21,,,156.200,-0.05,156.500,-0.08,,,,,,,,,,,78.100,-0.07,,,,,,,,
78.150,3.65,,,,,,,781.500,-0.19,,,156.300,-0.05,156.600,-0.08,,,,,,,,,,,78.150,-0.07,,,,,,,,
78.200,3.56,,,,,,,782.000,-0.20,,,156.400,-0.05,156.700,-0.07,,,,,,,,,,,78.200,-0.06,,,,,,,,
78.250,3.50,,,,,,,782.500,-0.19,,,156.500,-0.05,156.800,-0.09,,,,,,,,,,,78.250,-0.06,,,,,,,,
78.300,3.51,,,,,,,783.000,-0.20,,,156.600,-0.04,156.900,-0.08,,,,,,,,,,,78.300,-0.06,,,,,,,,
78.350,3.34,,,,,,,783.500,-0.21,,,156.700,-0.05,157.000,-0.08,,,,,,,,,,,78.350,-0.05,,,,,,,,
78.400,2.79,,,,,,,784.000,-0.21,,,156.800,-0.05,157.100,-0.09,,,,,,,,,,,78.400,-0.06,,,,,,,,
78.450,2.12,,,,,,,784.500,-0.20,,,156.900,-0.05,157.200,-0.09,,,,,,,,,,,78.450,-0.05,,,,,,,,
78.500,1.89,,,,,,,785.000,-0.19,,,157.000,-0.05,157.300,-0.09,,,,,,,,,,,78.500,-0.07,,,,,,,,
78.550,1.61,,,,,,,785.500,-0.20,,,157.100,-0.05,157.400,-0.09,,,,,,,,,,,78.550,-0.05,,,,,,,,
78.600,1.61,,,,,,,786.000,-0.20,,,157.200,-0.05,157.500,-0.09,,,,,,,,,,,78.600,-0.06,,,,,,,,
78.650,0.99,,,,,,,786.500,-0.20,,,157.300,-0.04,157.600,-0.08,,,,,,,,,,,78.650,-0.07,,,,,,,,
78.700,0.44,,,,,,,787.000,-0.20,,,157.400,-0.05,157.700,-0.09,,,,,,,,,,,78.700,-0.06,,,,,,,,
78.750,0.10,,,,,,,787.500,-0.21,,,157.500,-0.05,157.800,-0.09,,,,,,,,,,,78.750,-0.07,,,,,,,,
78.800,-0.22,,,,,,,788.000,-0.21,,,157.600,-0.05,157.900,-0.08,,,,,,,,,,,78.800,-0.08,,,,,,,,
78.850,-0.65,,,,,,,788.500,-0.20,,,157.700,-0.06,158.000,-0.09,,,,,,,,,,,78.850,-0.08,,,,,,,,
78.900,-0.84,,,,,,,789.000,-0.21,,,157.800,-0.05,158.100,-0.09,,,,,,,,,,,78.900,-0.07,,,,,,,,
78.950,-0.60,,,,,,,789.500,-0.20,,,157.900,-0.05,158.200,-0.08,,,,,,,,,,,78.950,-0.07,,,,,,,,
79.000,-0.38,,,,,,,790.000,-0.20,,,158.000,-0.05,158.300,-0.09,,,,,,,,,,,79.000,-0.05,,,,,,,,
79.050,-0.37,,,,,,,790.500,-0.19,,,158.100,-0.05,158.400,-0.08,,,,,,,,,,,79.050,-0.05,,,,,,,,
79.100,-0.14,,,,,,,791.000,-0.21,,,158.200,-0.04,158.500,-0.08,,,,,,,,,,,79.100,-0.05,,,,,,,,
79.150,0.37,,,,,,,791.500,-0.21,,,158.300,-0.04,158.600,-0.09,,,,,,,,,,,79.150,-0.06,,,,,,,,
79.200,-0.38,,,,,,,792.000,-0.19,,,158.400,-0.06,158.700,-0.08,,,,,,,,,,,79.200,-0.06,,,,,,,,
79.250,-1.37,,,,,,,792.500,-0.18,,,158.500,-0.06,158.800,-0.08,,,,,,,,,,,79.250,-0.06,,,,,,,,
79.300,-0.41,,,,,,,793.000,-0.21,,,158.600,-0.05,158.900,-0.08,,,,,,,,,,,79.300,-0.06,,,,,,,,
79.350,-0.14,,,,,,,793.500,-0.19,,,158.700,-0.06,159.000,-0.08,,,,,,,,,,,79.350,-0.05,,,,,,,,
79.400,-0.45,,,,,,,794.000,-0.19,,,158.800,-0.06,159.100,-0.09,,,,,,,,,,,79.400,-0.05,,,,,,,,
79.450,-0.56,,,,,,,794.500,-0.18,,,158.900,-0.06,159.200,-0.09,,,,,,,,,,,79.450,-0.06,,,,,,,,
79.500,0.03,,,,,,,795.000,-0.19,,,159.000,-0.05,159.300,-0.09,,,,,,,,,,,79.500,-0.06,,,,,,,,
79.550,0.25,,,,,,,795.500,-0.19,,,159.100,-0.05,159.400,-0.07,,,,,,,,,,,79.550,-0.07,,,,,,,,
79.600,0.16,,,,,,,,,,,159.200,-0.06,159.500,-0.08,,,,,,,,,,,79.600,-0.06,,,,,,,,
79.650,-0.06,,,,,,,,,,,159.300,-0.06,159.600,-0.09,,,,,,,,,,,79.650,-0.07,,,,,,,,
79.700,-0.14,,,,,,,,,,,159.400,-0.05,159.700,-0.08,,,,,,,,,,,79.700,-0.06,,,,,,,,
79.750,-0.16,,,,,,,,,,,159.500,-0.05,159.800,-0.07,,,,,,,,,,,79.750,-0.06,,,,,,,,
79.800,-0.17,,,,,,,,,,,159.600,-0.05,159.900,-0.08,,,,,,,,,,,79.800,-0.07,,,,,,,,
79.850,-0.17,,,,,,,,,,,159.700,-0.05,160.000,-0.07,,,,,,,,,,,79.850,-0.06,,,,,,,,
79.900,-0.16,,,,,,,,,,,159.800,-0.06,160.100,-0.08,,,,,,,,,,,79.900,-0.05,,,,,,,,
79.950,-0.16,,,,,,,,,,,159.900,-0.06,160.200,-0.08,,,,,,,,,,,79.950,-0.06,,,,,,,,
80.000,-0.16,,,,,,,,,,,160.000,-0.05,160.300,-0.07,,,,,,,,,,,80.000,-0.05,,,,,,,,
80.050,-0.16,,,,,,,,,,,160.100,-0.06,160.400,-0.08,,,,,,,,,,,80.050,-0.06,,,,,,,,
80.100,-0.15,,,,,,,,,,,160.200,-0.06,160.500,-0.08,,,,,,,,,,,80.100,-0.06,,,,,,,,
80.150,-0.15,,,,,,,,,,,160.300,-0.04,160.600,-0.07,,,,,,,,,,,80.150,-0.06,,,,,,,,
80.200,-0.15,,,,,,,,,,,160.400,-0.05,160.700,-0.07,,,,,,,,,,,80.200,-0.06,,,,,,,,
80.250,-0.16,,,,,,,,,,,160.500,-0.05,160.800,-0.07,,,,,,,,,,,80.250,-0.07,,,,,,,,
80.300,-0.16,,,,,,,,,,,160.600,-0.04,160.900,-0.07,,,,,,,,,,,80.300,-0.06,,,,,,,,
80.350,-0.16,,,,,,,,,,,160.700,-0.04,161.000,-0.06,,,,,,,,,,,80.350,-0.06,,,,,,,,
80.400,-0.16,,,,,,,,,,,160.800,-0.03,161.100,-0.08,,,,,,,,,,,80.400,-0.06,,,,,,,,
80.450,-0.15,,,,,,,,,,,160.900,-0.04,161.200,-0.08,,,,,,,,,,,80.450,-0.06,,,,,,,,
80.500,-0.16,,,,,,,,,,,161.000,-0.04,161.300,-0.08,,,,,,,,,,,80.500,-0.06,,,,,,,,
80.550,-0.16,,,,,,,,,,,161.100,-0.05,161.400,-0.07,,,,,,,,,,,80.550,-0.07,,,,,,,,
80.600,-0.17,,,,,,,,,,,161.200,-0.05,161.500,-0.09,,,,,,,,,,,80.600,-0.06,,,,,,,,
80.650,-0.16,,,,,,,,,,,161.300,-0.05,161.600,-0.08,,,,,,,,,,,80.650,-0.07,,,,,,,,
80.700,-0.17,,,,,,,,,,,161.400,-0.05,161.700,-0.08,,,,,,,,,,,80.700,-0.08,,,,,,,,
80.750,-0.17,,,,,,,,,,,161.500,-0.06,161.800,-0.09,,,,,,,,,,,80.750,-0.08,,,,,,,,
80.800,-0.17,,,,,,,,,,,161.600,-0.05,161.900,-0.08,,,,,,,,,,,80.800,-0.07,,,,,,,,
80.850,-0.17,,,,,,,,,,,161.700,-0.06,162.000,-0.08,,,,,,,,,,,80.850,-0.08,,,,,,,,
80.900,-0.17,,,,,,,,,,,161.800,-0.06,162.100,-0.08,,,,,,,,,,,80.900,-0.08,,,,,,,,
80.950,-0.17,,,,,,,,,,,161.900,-0.05,162.200,-0.09,,,,,,,,,,,80.950,-0.07,,,,,,,,
81.000,-0.17,,,,,,,,,,,162.000,-0.05,162.300,-0.09,,,,,,,,,,,81.000,-0.07,,,,,,,,
81.050,-0.16,,,,,,,,,,,162.100,-0.05,162.400,-0.08,,,,,,,,,,,81.050,-0.08,,,,,,,,
81.100,-0.16,,,,,,,,,,,162.200,-0.06,162.500,-0.08,,,,,,,,,,,81.100,-0.07,,,,,,,,
81.150,-0.17,,,,,,,,,,,162.300,-0.06,162.600,-0.08,,,,,,,,,,,81.150,-0.07,,,,,,,,
81.200,-0.18,,,,,,,,,,,162.400,-0.06,162.700,-0.07,,,,,,,,,,,81.200,-0.07,,,,,,,,
81.250,-0.18,,,,,,,,,,,162.500,-0.06,162.800,-0.08,,,,,,,,,,,81.250,-0.07,,,,,,,,
81.300,-0.18,,,,,,,,,,,162.600,-0.04,162.900,-0.08,,,,,,,,,,,81.300,-0.08,,,,,,,,
81.350,-0.18,,,,,,,,,,,162.700,-0.05,163.000,-0.08,,,,,,,,,,,81.350,-0.08,,,,,,,,
81.400,-0.18,,,,,,,,,,,162.800,-0.05,163.100,-0.09,,,,,,,,,,,81.400,-0.07,,,,,,,,
81.450,-0.18,,,,,,,,,,,162.900,-0.06,163.200,-0.08,,,,,,,,,,,81.450,-0.08,,,,,,,,
81.500,-0.17,,,,,,,,,,,163.000,-0.06,163.300,-0.08,,,,,,,,,,,81.500,-0.08,,,,,,,,
81.550,-0.17,,,,,,,,,,,163.100,-0.06,163.400,-0.09,,,,,,,,,,,81.550,-0.08,,,,,,,,
81.600,-0.17,,,,,,,,,,,163.200,-0.06,163.500,-0.08,,,,,,,,,,,81.600,-0.07,,,,,,,,
81.650,-0.16,,,,,,,,,,,163.300,-0.07,163.600,-0.09,,,,,,,,,,,81.650,-0.06,,,,,,,,
81.700,-0.17,,,,,,,,,,,163.400,-0.06,163.700,-0.09,,,,,,,,,,,81.700,-0.06,,,,,,,,
81.750,-0.17,,,,,,,,,,,163.500,-0.07,163.800,-0.08,,,,,,,,,,,81.750,-0.07,,,,,,,,
81.800,-0.17,,,,,,,,,,,163.600,-0.06,163.900,-0.08,,,,,,,,,,,81.800,-0.06,,,,,,,,
81.850,-0.17,,,,,,,,,,,163.700,-0.05,164.000,-0.09,,,,,,,,,,,81.850,-0.06,,,,,,,,
81.900,-0.17,,,,,,,,,,,163.800,-0.06,164.100,-0.09,,,,,,,,,,,81.900,-0.06,,,,,,,,
81.950,-0.17,,,,,,,,,,,163.900,-0.06,164.200,-0.09,,,,,,,,,,,81.950,-0.07,,,,,,,,
82.000,-0.17,,,,,,,,,,,164.000,-0.06,164.300,-0.10,,,,,,,,,,,82.000,-0.07,,,,,,,,
82.050,-0.18,,,,,,,,,,,164.100,-0.06,164.400,-0.08,,,,,,,,,,,82.050,-0.07,,,,,,,,
82.100,-0.18,,,,,,,,,,,164.200,-0.06,164.500,-0.09,,,,,,,,,,,82.100,-0.07,,,,,,,,
82.150,-0.18,,,,,,,,,,,164.300,-0.06,164.600,-0.09,,,,,,,,,,,82.150,-0.06,,,,,,,,
82.200,-0.17,,,,,,,,,,,164.400,-0.06,164.700,-0.09,,,,,,,,,,,82.200,-0.07,,,,,,,,
82.250,-0.18,,,,,,,,,,,164.500,-0.07,164.800,-0.08,,,,,,,,,,,82.250,-0.07,,,,,,,,
82.300,-0.18,,,,,,,,,,,164.600,-0.07,164.900,-0.09,,,,,,,,,,,82.300,-0.07,,,,,,,,
82.350,-0.18,,,,,,,,,,,164.700,-0.06,165.000,-0.08,,,,,,,,,,,82.350,-0.07,,,,,,,,
82.400,-0.18,,,,,,,,,,,164.800,-0.05,165.100,-0.09,,,,,,,,,,,82.400,-0.07,,,,,,,,
82.450,-0.18,,,,,,,,,,,164.900,-0.06,165.200,-0.08,,,,,,,,,,,82.450,-0.07,,,,,,,,
82.500,-0.18,,,,,,,,,,,165.000,-0.06,165.300,-0.08,,,,,,,,,,,82.500,-0.08,,,,,,,,
82.550,-0.18,,,,,,,,,,,165.100,-0.07,165.400,-0.08,,,,,,,,,,,82.550,-0.06,,,,,,,,
82.600,-0.18,,,,,,,,,,,165.200,-0.07,165.500,-0.09,,,,,,,,,,,82.600,-0.07,,,,,,,,
82.650,-0.17,,,,,,,,,,,165.300,-0.07,165.600,-0.09,,,,,,,,,,,82.650,-0.06,,,,,,,,
82.700,-0.18,,,,,,,,,,,165.400,-0.06,165.700,-0.08,,,,,,,,,,,82.700,-0.06,,,,,,,,
82.750,-0.17,,,,,,,,,,,165.500,-0.06,165.800,-0.10,,,,,,,,,,,82.750,-0.05,,,,,,,,
82.800,-0.18,,,,,,,,,,,165.600,-0.06,165.900,-0.09,,,,,,,,,,,82.800,-0.06,,,,,,,,
82.850,-0.18,,,,,,,,,,,165.700,-0.06,166.000,-0.09,,,,,,,,,,,82.850,-0.06,,,,,,,,
82.900,-0.18,,,,,,,,,,,165.800,-0.06,166.100,-0.09,,,,,,,,,,,82.900,-0.07,,,,,,,,
82.950,-0.18,,,,,,,,,,,165.900,-0.06,166.200,-0.10,,,,,,,,,,,82.950,-0.06,,,,,,,,
83.000,-0.18,,,,,,,,,,,166.000,-0.06,166.300,-0.10,,,,,,,,,,,83.000,-0.08,,,,,,,,
83.050,-0.17,,,,,,,,,,,166.100,-0.07,166.400,-0.10,,,,,,,,,,,83.050,-0.07,,,,,,,,
83.100,-0.18,,,,,,,,,,,166.200,-0.07,166.500,-0.09,,,,,,,,,,,83.100,-0.08,,,,,,,,
83.150,-0.19,,,,,,,,,,,166.300,-0.07,166.600,-0.10,,,,,,,,,,,83.150,-0.06,,,,,,,,
83.200,-0.17,,,,,,,,,,,166.400,-0.07,166.700,-0.09,,,,,,,,,,,83.200,-0.08,,,,,,,,
83.250,-0.18,,,,,,,,,,,166.500,-0.07,166.800,-0.10,,,,,,,,,,,83.250,-0.07,,,,,,,,
83.300,-0.17,,,,,,,,,,,166.600,-0.06,166.900,-0.10,,,,,,,,,,,83.300,-0.07,,,,,,,,
83.350,-0.17,,,,,,,,,,,166.700,-0.06,167.000,-0.09,,,,,,,,,,,83.350,-0.07,,,,,,,,
83.400,-0.17,,,,,,,,,,,166.800,-0.06,167.100,-0.09,,,,,,,,,,,83.400,-0.06,,,,,,,,
83.450,-0.18,,,,,,,,,,,166.900,-0.06,167.200,-0.09,,,,,,,,,,,83.450,-0.07,,,,,,,,
83.500,-0.17,,,,,,,,,,,167.000,-0.06,167.300,-0.09,,,,,,,,,,,83.500,-0.07,,,,,,,,
83.550,-0.16,,,,,,,,,,,167.100,-0.06,167.400,-0.09,,,,,,,,,,,83.550,-0.08,,,,,,,,
83.600,-0.16,,,,,,,,,,,167.200,-0.06,167.500,-0.10,,,,,,,,,,,83.600,-0.07,,,,,,,,
83.650,-0.18,,,,,,,,,,,167.300,-0.06,167.600,-0.10,,,,,,,,,,,83.650,-0.08,,,,,,,,
83.700,-0.17,,,,,,,,,,,167.400,-0.06,167.700,-0.09,,,,,,,,,,,83.700,-0.07,,,,,,,,
83.750,-0.18,,,,,,,,,,,167.500,-0.06,167.800,-0.10,,,,,,,,,,,83.750,-0.07,,,,,,,,
83.800,-0.17,,,,,,,,,,,167.600,-0.07,167.900,-0.10,,,,,,,,,,,83.800,-0.08,,,,,,,,
83.850,-0.18,,,,,,,,,,,167.700,-0.07,168.000,-0.09,,,,,,,,,,,83.850,-0.08,,,,,,,,
83.900,-0.17,,,,,,,,,,,167.800,-0.07,168.100,-0.09,,,,,,,,,,,83.900,-0.08,,,,,,,,
83.950,-0.17,,,,,,,,,,,167.900,-0.06,168.200,-0.08,,,,,,,,,,,83.950,-0.07,,,,,,,,
84.000,-0.16,,,,,,,,,,,168.000,-0.06,168.300,-0.09,,,,,,,,,,,84.000,-0.07,,,,,,,,
84.050,-0.18,,,,,,,,,,,168.100,-0.06,168.400,-0.08,,,,,,,,,,,84.050,-0.08,,,,,,,,
84.100,-0.19,,,,,,,,,,,168.200,-0.05,168.500,-0.09,,,,,,,,,,,84.100,-0.07,,,,,,,,
84.150,-0.18,,,,,,,,,,,168.300,-0.05,168.600,-0.09,,,,,,,,,,,84.150,-0.07,,,,,,,,
84.200,-0.18,,,,,,,,,,,168.400,-0.05,168.700,-0.09,,,,,,,,,,,84.200,-0.07,,,,,,,,
84.250,-0.18,,,,,,,,,,,168.500,-0.04,168.800,-0.09,,,,,,,,,,,84.250,-0.07,,,,,,,,
84.300,-0.18,,,,,,,,,,,168.600,-0.06,168.900,-0.10,,,,,,,,,,,84.300,-0.08,,,,,,,,
84.350,-0.20,,,,,,,,,,,168.700,-0.06,169.000,-0.09,,,,,,,,,,,84.350,-0.07,,,,,,,,
84.400,-0.19,,,,,,,,,,,168.800,-0.05,169.100,-0.09,,,,,,,,,,,84.400,-0.07,,,,,,,,
84.450,-0.18,,,,,,,,,,,168.900,-0.07,169.200,-0.09,,,,,,,,,,,84.450,-0.07,,,,,,,,
84.500,-0.18,,,,,,,,,,,169.000,-0.06,169.300,-0.09,,,,,,,,,,,84.500,-0.07,,,,,,,,
84.550,-0.17,,,,,,,,,,,169.100,-0.06,169.400,-0.10,,,,,,,,,,,84.550,-0.07,,,,,,,,
84.600,-0.18,,,,,,,,,,,169.200,-0.06,169.500,-0.10,,,,,,,,,,,84.600,-0.08,,,,,,,,
84.650,-0.18,,,,,,,,,,,169.300,-0.05,169.600,-0.09,,,,,,,,,,,84.650,-0.06,,,,,,,,
84.700,-0.18,,,,,,,,,,,169.400,-0.05,169.700,-0.09,,,,,,,,,,,84.700,-0.07,,,,,,,,
84.750,-0.18,,,,,,,,,,,169.500,-0.05,169.800,-0.08,,,,,,,,,,,84.750,-0.08,,,,,,,,
84.800,-0.17,,,,,,,,,,,169.600,-0.06,169.900,-0.09,,,,,,,,,,,84.800,-0.08,,,,,,,,
84.850,-0.17,,,,,,,,,,,169.700,-0.06,170.000,-0.08,,,,,,,,,,,84.850,-0.08,,,,,,,,
84.900,-0.19,,,,,,,,,,,169.800,-0.07,170.100,-0.08,,,,,,,,,,,84.900,-0.07,,,,,,,,
84.950,-0.18,,,,,,,,,,,169.900,-0.07,170.200,-0.09,,,,,,,,,,,84.950,-0.07,,,,,,,,
85.000,-0.18,,,,,,,,,,,170.000,-0.06,170.300,-0.08,,,,,,,,,,,85.000,-0.07,,,,,,,,
85.050,-0.19,,,,,,,,,,,170.100,-0.06,170.400,-0.08,,,,,,,,,,,85.050,-0.07,,,,,,,,
85.100,-0.18,,,,,,,,,,,170.200,-0.07,170.500,-0.09,,,,,,,,,,,85.100,-0.06,,,,,,,,
85.150,-0.19,,,,,,,,,,,170.300,-0.07,170.600,-0.08,,,,,,,,,,,85.150,-0.07,,,,,,,,
85.200,-0.18,,,,,,,,,,,170.400,-0.05,170.700,-0.09,,,,,,,,,,,85.200,-0.06,,,,,,,,
85.250,-0.18,,,,,,,,,,,170.500,-0.08,170.800,-0.09,,,,,,,,,,,85.250,-0.06,,,,,,,,
85.300,-0.18,,,,,,,,,,,170.600,-0.06,170.900,-0.08,,,,,,,,,,,85.300,-0.07,,,,,,,,
85.350,-0.18,,,,,,,,,,,170.700,-0.06,171.000,-0.10,,,,,,,,,,,85.350,-0.07,,,,,,,,
85.400,-0.17,,,,,,,,,,,170.800,-0.05,171.100,-0.09,,,,,,,,,,,85.400,-0.07,,,,,,,,
85.450,-0.17,,,,,,,,,,,170.900,-0.06,171.200,-0.09,,,,,,,,,,,85.450,-0.08,,,,,,,,
85.500,-0.19,,,,,,,,,,,171.000,-0.05,171.300,-0.08,,,,,,,,,,,85.500,-0.07,,,,,,,,
85.550,-0.19,,,,,,,,,,,171.100,-0.04,171.400,-0.09,,,,,,,,,,,85.550,-0.07,,,,,,,,
85.600,-0.18,,,,,,,,,,,171.200,-0.05,171.500,-0.08,,,,,,,,,,,85.600,-0.07,,,,,,,,
85.650,-0.18,,,,,,,,,,,171.300,-0.06,171.600,-0.09,,,,,,,,,,,85.650,-0.07,,,,,,,,
85.700,-0.17,,,,,,,,,,,171.400,-0.07,171.700,-0.09,,,,,,,,,,,85.700,-0.07,,,,,,,,
85.750,-0.18,,,,,,,,,,,171.500,-0.06,171.800,-0.09,,,,,,,,,,,85.750,-0.08,,,,,,,,
85.800,-0.18,,,,,,,,,,,171.600,-0.06,171.900,-0.08,,,,,,,,,,,85.800,-0.08,,,,,,,,
85.850,-0.17,,,,,,,,,,,171.700,-0.06,172.000,-0.08,,,,,,,,,,,85.850,-0.08,,,,,,,,
85.900,-0.18,,,,,,,,,,,171.800,-0.06,172.100,-0.08,,,,,,,,,,,85.900,-0.07,,,,,,,,
85.950,-0.18,,,,,,,,,,,171.900,-0.06,172.200,-0.09,,,,,,,,,,,85.950,-0.08,,,,,,,,
86.000,-0.18,,,,,,,,,,,172.000,-0.07,172.300,-0.09,,,,,,,,,,,86.000,-0.07,,,,,,,,
86.050,-0.19,,,,,,,,,,,172.100,-0.06,172.400,-0.09,,,,,,,,,,,86.050,-0.07,,,,,,,,
86.100,-0.18,,,,,,,,,,,172.200,-0.06,172.500,-0.09,,,,,,,,,,,86.100,-0.08,,,,,,,,
86.150,-0.17,,,,,,,,,,,172.300,-0.05,172.600,-0.09,,,,,,,,,,,86.150,-0.08,,,,,,,,
86.200,-0.18,,,,,,,,,,,172.400,-0.05,172.700,-0.10,,,,,,,,,,,86.200,-0.08,,,,,,,,
86.250,-0.17,,,,,,,,,,,172.500,-0.06,172.800,-0.09,,,,,,,,,,,86.250,-0.08,,,,,,,,
86.300,-0.17,,,,,,,,,,,172.600,-0.06,172.900,-0.09,,,,,,,,,,,86.300,-0.06,,,,,,,,
86.350,-0.17,,,,,,,,,,,172.700,-0.06,173.000,-0.09,,,,,,,,,,,86.350,-0.06,,,,,,,,
86.400,-0.18,,,,,,,,,,,172.800,-0.05,173.100,-0.06,,,,,,,,,,,86.400,-0.06,,,,,,,,
86.450,-0.17,,,,,,,,,,,172.900,-0.06,173.200,-0.02,,,,,,,,,,,86.450,-0.07,,,,,,,,
86.500,-0.18,,,,,,,,,,,173.000,-0.06,173.300,0.04,,,,,,,,,,,86.500,-0.06,,,,,,,,
86.550,-0.18,,,,,,,,,,,173.100,-0.05,173.400,-0.01,,,,,,,,,,,86.550,-0.06,,,,,,,,
86.600,-0.18,,,,,,,,,,,173.200,-0.06,173.500,-0.08,,,,,,,,,,,86.600,-0.07,,,,,,,,
86.650,-0.17,,,,,,,,,,,173.300,-0.05,173.600,-0.08,,,,,,,,,,,86.650,-0.08,,,,,,,,
86.700,-0.18,,,,,,,,,,,173.400,-0.06,173.700,-0.09,,,,,,,,,,,86.700,-0.06,,,,,,,,
86.750,-0.17,,,,,,,,,,,173.500,-0.07,173.800,-0.09,,,,,,,,,,,86.750,-0.07,,,,,,,,
86.800,-0.17,,,,,,,,,,,173.600,-0.06,173.900,-0.08,,,,,,,,,,,86.800,-0.08,,,,,,,,
86.850,-0.18,,,,,,,,,,,173.700,-0.05,174.000,-0.08,,,,,,,,,,,86.850,-0.07,,,,,,,,
86.900,-0.17,,,,,,,,,,,173.800,-0.07,174.100,-0.08,,,,,,,,,,,86.900,-0.07,,,,,,,,
86.950,-0.16,,,,,,,,,,,173.900,-0.05,174.200,-0.08,,,,,,,,,,,86.950,-0.06,,,,,,,,
87.000,-0.18,,,,,,,,,,,174.000,-0.06,174.300,-0.08,,,,,,,,,,,87.000,-0.06,,,,,,,,
87.050,-0.19,,,,,,,,,,,174.100,-0.07,174.400,-0.08,,,,,,,,,,,87.050,-0.06,,,,,,,,
87.100,-0.18,,,,,,,,,,,174.200,-0.07,174.500,-0.08,,,,,,,,,,,87.100,-0.07,,,,,,,,
87.150,-0.18,,,,,,,,,,,174.300,-0.06,174.600,-0.09,,,,,,,,,,,87.150,-0.07,,,,,,,,
87.200,-0.17,,,,,,,,,,,174.400,-0.05,174.700,-0.09,,,,,,,,,,,87.200,-0.07,,,,,,,,
87.250,-0.18,,,,,,,,,,,174.500,-0.07,174.800,-0.08,,,,,,,,,,,87.250,-0.06,,,,,,,,
87.300,-0.18,,,,,,,,,,,174.600,-0.06,174.900,-0.08,,,,,,,,,,,87.300,-0.06,,,,,,,,
87.350,-0.19,,,,,,,,,,,174.700,-0.06,175.000,-0.08,,,,,,,,,,,87.350,-0.07,,,,,,,,
87.400,-0.18,,,,,,,,,,,174.800,-0.07,175.100,-0.08,,,,,,,,,,,87.400,-0.07,,,,,,,,
87.450,-0.18,,,,,,,,,,,174.900,-0.06,175.200,-0.07,,,,,,,,,,,87.450,-0.08,,,,,,,,
87.500,-0.17,,,,,,,,,,,175.000,-0.06,175.300,-0.08,,,,,,,,,,,87.500,-0.08,,,,,,,,
87.550,-0.18,,,,,,,,,,,175.100,-0.06,175.400,-0.08,,,,,,,,,,,87.550,-0.07,,,,,,,,
87.600,-0.17,,,,,,,,,,,175.200,-0.06,175.500,-0.08,,,,,,,,,,,87.600,-0.07,,,,,,,,
87.650,-0.17,,,,,,,,,,,175.300,-0.06,175.600,-0.08,,,,,,,,,,,87.650,-0.07,,,,,,,,
87.700,-0.17,,,,,,,,,,,175.400,-0.05,175.700,-0.08,,,,,,,,,,,87.700,-0.07,,,,,,,,
87.750,-0.16,,,,,,,,,,,175.500,-0.06,175.800,-0.07,,,,,,,,,,,87.750,-0.07,,,,,,,,
87.800,-0.17,,,,,,,,,,,175.600,-0.07,175.900,-0.08,,,,,,,,,,,87.800,-0.07,,,,,,,,
87.850,-0.16,,,,,,,,,,,175.700,-0.06,176.000,-0.07,,,,,,,,,,,87.850,-0.07,,,,,,,,
87.900,-0.17,,,,,,,,,,,175.800,-0.07,176.100,-0.07,,,,,,,,,,,87.900,-0.07,,,,,,,,
87.950,-0.17,,,,,,,,,,,175.900,-0.06,176.200,-0.07,,,,,,,,,,,87.950,-0.07,,,,,,,,
88.000,-0.17,,,,,,,,,,,176.000,-0.07,176.300,-0.08,,,,,,,,,,,88.000,-0.06,,,,,,,,
88.050,-0.18,,,,,,,,,,,176.100,-0.06,176.400,-0.08,,,,,,,,,,,88.050,-0.07,,,,,,,,
88.100,-0.18,,,,,,,,,,,176.200,-0.06,176.500,-0.08,,,,,,,,,,,88.100,-0.06,,,,,,,,
88.150,-0.18,,,,,,,,,,,176.300,-0.06,176.600,-0.10,,,,,,,,,,,88.150,-0.06,,,,,,,,
88.200,-0.18,,,,,,,,,,,176.400,-0.05,176.700,-0.07,,,,,,,,,,,88.200,-0.06,,,,,,,,
88.250,-0.18,,,,,,,,,,,176.500,-0.06,176.800,-0.10,,,,,,,,,,,88.250,-0.06,,,,,,,,
88.300,-0.17,,,,,,,,,,,176.600,-0.05,176.900,-0.09,,,,,,,,,,,88.300,-0.05,,,,,,,,
88.350,-0.17,,,,,,,,,,,176.700,-0.06,177.000,-0.10,,,,,,,,,,,88.350,-0.05,,,,,,,,
88.400,-0.17,,,,,,,,,,,176.800,-0.06,177.100,-0.09,,,,,,,,,,,88.400,-0.07,,,,,,,,
88.450,-0.16,,,,,,,,,,,176.900,-0.05,177.200,-0.09,,,,,,,,,,,88.450,-0.07,,,,,,,,
88.500,-0.18,,,,,,,,,,,177.000,-0.06,177.300,-0.09,,,,,,,,,,,88.500,-0.07,,,,,,,,
88.550,-0.17,,,,,,,,,,,177.100,-0.06,177.400,-0.11,,,,,,,,,,,88.550,-0.08,,,,,,,,
88.600,-0.18,,,,,,,,,,,177.200,-0.05,177.500,-0.11,,,,,,,,,,,88.600,-0.07,,,,,,,,
88.650,-0.18,,,,,,,,,,,177.300,-0.06,177.600,-0.09,,,,,,,,,,,88.650,-0.06,,,,,,,,
88.700,-0.18,,,,,,,,,,,177.400,-0.06,177.700,-0.11,,,,,,,,,,,88.700,-0.06,,,,,,,,
88.750,-0.18,,,,,,,,,,,177.500,-0.06,177.800,-0.11,,,,,,,,,,,88.750,-0.06,,,,,,,,
88.800,-0.18,,,,,,,,,,,177.600,-0.05,177.900,-0.10,,,,,,,,,,,88.800,-0.07,,,,,,,,
88.850,-0.18,,,,,,,,,,,177.700,-0.06,178.000,-0.11,,,,,,,,,,,88.850,-0.08,,,,,,,,
88.900,-0.17,,,,,,,,,,,177.800,-0.06,178.100,-0.11,,,,,,,,,,,88.900,-0.08,,,,,,,,
88.950,-0.18,,,,,,,,,,,177.900,-0.07,178.200,-0.10,,,,,,,,,,,88.950,-0.07,,,,,,,,
89.000,-0.18,,,,,,,,,,,178.000,-0.06,178.300,-0.09,,,,,,,,,,,89.000,-0.08,,,,,,,,
89.050,-0.18,,,,,,,,,,,178.100,-0.06,178.400,-0.10,,,,,,,,,,,89.050,-0.06,,,,,,,,
89.100,-0.18,,,,,,,,,,,178.200,-0.07,178.500,-0.10,,,,,,,,,,,89.100,-0.08,,,,,,,,
89.150,-0.18,,,,,,,,,,,178.300,-0.05,178.600,-0.08,,,,,,,,,,,89.150,-0.08,,,,,,,,
89.200,-0.18,,,,,,,,,,,178.400,-0.06,178.700,-0.09,,,,,,,,,,,89.200,-0.08,,,,,,,,
89.250,-0.18,,,,,,,,,,,178.500,-0.06,178.800,-0.09,,,,,,,,,,,89.250,-0.07,,,,,,,,
89.300,-0.18,,,,,,,,,,,178.600,-0.06,178.900,-0.10,,,,,,,,,,,89.300,-0.08,,,,,,,,
89.350,-0.18,,,,,,,,,,,178.700,-0.06,179.000,-0.10,,,,,,,,,,,89.350,-0.06,,,,,,,,
89.400,-0.18,,,,,,,,,,,178.800,-0.07,179.100,-0.09,,,,,,,,,,,89.400,-0.08,,,,,,,,
89.450,-0.19,,,,,,,,,,,178.900,-0.06,179.200,-0.09,,,,,,,,,,,89.450,-0.08,,,,,,,,
89.500,-0.18,,,,,,,,,,,179.000,-0.06,179.300,-0.09,,,,,,,,,,,89.500,-0.08,,,,,,,,
89.550,-0.18,,,,,,,,,,,179.100,-0.05,179.400,-0.09,,,,,,,,,,,89.550,-0.07,,,,,,,,
89.600,-0.17,,,,,,,,,,,179.200,-0.05,179.500,-0.10,,,,,,,,,,,89.600,-0.08,,,,,,,,
89.650,-0.18,,,,,,,,,,,179.300,-0.06,179.600,-0.08,,,,,,,,,,,89.650,-0.08,,,,,,,,
89.700,-0.18,,,,,,,,,,,179.400,-0.06,179.700,-0.09,,,,,,,,,,,89.700,-0.08,,,,,,,,
89.750,-0.16,,,,,,,,,,,179.500,-0.06,179.800,-0.10,,,,,,,,,,,89.750,-0.08,,,,,,,,
89.800,-0.18,,,,,,,,,,,179.600,-0.06,179.900,-0.09,,,,,,,,,,,89.800,-0.08,,,,,,,,
89.850,-0.18,,,,,,,,,,,179.700,-0.08,180.000,-0.08,,,,,,,,,,,89.850,-0.06,,,,,,,,
89.900,-0.18,,,,,,,,,,,179.800,-0.06,180.100,-0.08,,,,,,,,,,,89.900,-0.07,,,,,,,,
89.950,-0.18,,,,,,,,,,,179.900,-0.06,180.200,-0.09,,,,,,,,,,,89.950,-0.07,,,,,,,,
90.000,-0.18,,,,,,,,,,,180.000,-0.06,180.300,-0.09,,,,,,,,,,,90.000,-0.06,,,,,,,,
90.050,-0.18,,,,,,,,,,,180.100,-0.06,180.400,-0.09,,,,,,,,,,,90.050,-0.07,,,,,,,,
90.100,-0.18,,,,,,,,,,,180.200,-0.07,180.500,-0.08,,,,,,,,,,,90.100,-0.07,,,,,,,,
90.150,-0.19,,,,,,,,,,,180.300,-0.06,180.600,-0.09,,,,,,,,,,,90.150,-0.08,,,,,,,,
90.200,-0.19,,,,,,,,,,,180.400,-0.07,180.700,-0.09,,,,,,,,,,,90.200,-0.07,,,,,,,,
90.250,-0.19,,,,,,,,,,,180.500,-0.06,180.800,-0.09,,,,,,,,,,,90.250,-0.08,,,,,,,,
90.300,-0.18,,,,,,,,,,,180.600,-0.07,180.900,-0.09,,,,,,,,,,,90.300,-0.08,,,,,,,,
90.350,-0.18,,,,,,,,,,,180.700,-0.07,181.000,-0.08,,,,,,,,,,,90.350,-0.08,,,,,,,,
90.400,-0.18,,,,,,,,,,,180.800,-0.07,181.100,-0.08,,,,,,,,,,,90.400,-0.08,,,,,,,,
90.450,-0.18,,,,,,,,,,,180.900,-0.08,181.200,-0.08,,,,,,,,,,,90.450,-0.08,,,,,,,,
90.500,-0.18,,,,,,,,,,,181.000,-0.07,181.300,-0.09,,,,,,,,,,,90.500,-0.08,,,,,,,,
90.550,-0.19,,,,,,,,,,,181.100,-0.08,181.400,-0.09,,,,,,,,,,,90.550,-0.07,,,,,,,,
90.600,-0.18,,,,,,,,,,,181.200,-0.07,181.500,-0.09,,,,,,,,,,,90.600,-0.07,,,,,,,,
90.650,-0.18,,,,,,,,,,,181.300,-0.05,181.600,-0.10,,,,,,,,,,,90.650,-0.09,,,,,,,,
90.700,-0.19,,,,,,,,,,,181.400,-0.05,181.700,-0.10,,,,,,,,,,,90.700,-0.08,,,,,,,,
90.750,-0.18,,,,,,,,,,,181.500,-0.06,181.800,-0.09,,,,,,,,,,,90.750,-0.08,,,,,,,,
90.800,-0.18,,,,,,,,,,,181.600,-0.06,181.900,-0.09,,,,,,,,,,,90.800,-0.08,,,,,,,,
90.850,-0.18,,,,,,,,,,,181.700,-0.06,182.000,-0.10,,,,,,,,,,,90.850,-0.07,,,,,,,,
90.900,-0.19,,,,,,,,,,,181.800,-0.06,182.100,-0.09,,,,,,,,,,,90.900,-0.07,,,,,,,,
90.950,-0.19,,,,,,,,,,,181.900,-0.07,182.200,-0.09,,,,,,,,,,,90.950,-0.07,,,,,,,,
91.000,-0.19,,,,,,,,,,,182.000,-0.06,182.300,-0.08,,,,,,,,,,,91.000,-0.08,,,,,,,,
91.050,-0.18,,,,,,,,,,,182.100,-0.08,182.400,-0.08,,,,,,,,,,,91.050,-0.08,,,,,,,,
91.100,-0.19,,,,,,,,,,,182.200,-0.08,182.500,-0.08,,,,,,,,,,,91.100,-0.08,,,,,,,,
91.150,-0.19,,,,,,,,,,,182.300,-0.06,182.600,-0.08,,,,,,,,,,,91.150,-0.08,,,,,,,,
91.200,-0.19,,,,,,,,,,,182.400,-0.06,182.700,-0.09,,,,,,,,,,,91.200,-0.09,,,,,,,,
91.250,-0.19,,,,,,,,,,,182.500,-0.08,182.800,-0.08,,,,,,,,,,,91.250,-0.08,,,,,,,,
91.300,-0.19,,,,,,,,,,,182.600,-0.08,182.900,-0.09,,,,,,,,,,,91.300,-0.07,,,,,,,,
91.350,-0.19,,,,,,,,,,,182.700,-0.07,183.000,-0.10,,,,,,,,,,,91.350,-0.07,,,,,,,,
91.400,-0.19,,,,,,,,,,,182.800,-0.06,183.100,-0.11,,,,,,,,,,,91.400,-0.09,,,,,,,,
91.450,-0.18,,,,,,,,,,,182.900,-0.06,183.200,-0.09,,,,,,,,,,,91.450,-0.09,,,,,,,,
91.500,-0.18,,,,,,,,,,,183.000,-0.07,183.300,-0.10,,,,,,,,,,,91.500,-0.08,,,,,,,,
91.550,-0.19,,,,,,,,,,,183.100,-0.07,183.400,-0.10,,,,,,,,,,,91.550,-0.07,,,,,,,,
91.600,-0.19,,,,,,,,,,,183.200,-0.07,183.500,-0.11,,,,,,,,,,,91.600,-0.07,,,,,,,,
91.650,-0.19,,,,,,,,,,,183.300,-0.06,183.600,-0.11,,,,,,,,,,,91.650,-0.07,,,,,,,,
91.700,-0.19,,,,,,,,,,,183.400,-0.06,183.700,-0.10,,,,,,,,,,,91.700,-0.07,,,,,,,,
91.750,-0.19,,,,,,,,,,,183.500,-0.05,183.800,-0.09,,,,,,,,,,,91.750,-0.08,,,,,,,,
91.800,-0.18,,,,,,,,,,,183.600,-0.06,183.900,-0.10,,,,,,,,,,,91.800,-0.06,,,,,,,,
91.850,-0.19,,,,,,,,,,,183.700,-0.07,184.000,-0.09,,,,,,,,,,,91.850,-0.07,,,,,,,,
91.900,-0.19,,,,,,,,,,,183.800,-0.06,184.100,-0.10,,,,,,,,,,,91.900,-0.06,,,,,,,,
91.950,-0.18,,,,,,,,,,,183.900,-0.06,184.200,-0.09,,,,,,,,,,,91.950,-0.07,,,,,,,,
92.000,-0.19,,,,,,,,,,,184.000,-0.06,184.300,-0.09,,,,,,,,,,,92.000,-0.07,,,,,,,,
92.050,-0.17,,,,,,,,,,,184.100,-0.06,184.400,-0.09,,,,,,,,,,,92.050,-0.08,,,,,,,,
92.100,-0.17,,,,,,,,,,,184.200,-0.07,184.500,-0.09,,,,,,,,,,,92.100,-0.08,,,,,,,,
92.150,-0.18,,,,,,,,,,,184.300,-0.07,184.600,-0.10,,,,,,,,,,,92.150,-0.07,,,,,,,,
92.200,-0.18,,,,,,,,,,,184.400,-0.06,184.700,-0.10,,,,,,,,,,,92.200,-0.08,,,,,,,,
92.250,-0.18,,,,,,,,,,,184.500,-0.06,184.800,-0.10,,,,,,,,,,,92.250,-0.08,,,,,,,,
92.300,-0.18,,,,,,,,,,,184.600,-0.08,184.900,-0.10,,,,,,,,,,,92.300,-0.07,,,,,,,,
92.350,-0.18,,,,,,,,,,,184.700,-0.07,185.000,-0.09,,,,,,,,,,,92.350,-0.07,,,,,,,,
92.400,-0.19,,,,,,,,,,,184.800,-0.06,185.100,-0.10,,,,,,,,,,,92.400,-0.07,,,,,,,,
92.450,-0.19,,,,,,,,,,,184.900,-0.07,185.200,-0.10,,,,,,,,,,,92.450,-0.07,,,,,,,,
92.500,-0.18,,,,,,,,,,,185.000,-0.06,185.300,-0.09,,,,,,,,,,,92.500,-0.07,,,,,,,,
92.550,-0.17,,,,,,,,,,,185.100,-0.07,185.400,-0.09,,,,,,,,,,,92.550,-0.07,,,,,,,,
92.600,-0.18,,,,,,,,,,,185.200,-0.06,185.500,-0.09,,,,,,,,,,,92.600,-0.07,,,,,,,,
92.650,-0.18,,,,,,,,,,,185.300,-0.07,185.600,-0.08,,,,,,,,,,,92.650,-0.08,,,,,,,,
92.700,-0.18,,,,,,,,,,,185.400,-0.07,185.700,-0.09,,,,,,,,,,,92.700,-0.07,,,,,,,,
92.750,-0.18,,,,,,,,,,,185.500,-0.07,185.800,-0.10,,,,,,,,,,,92.750,-0.06,,,,,,,,
92.800,-0.18,,,,,,,,,,,185.600,-0.06,185.900,-0.09,,,,,,,,,,,92.800,-0.07,,,,,,,,
92.850,-0.18,,,,,,,,,,,185.700,-0.06,186.000,-0.11,,,,,,,,,,,92.850,-0.06,,,,,,,,
92.900,-0.17,,,,,,,,,,,185.800,-0.06,186.100,-0.10,,,,,,,,,,,92.900,-0.07,,,,,,,,
92.950,-0.18,,,,,,,,,,,185.900,-0.06,186.200,-0.10,,,,,,,,,,,92.950,-0.07,,,,,,,,
93.000,-0.18,,,,,,,,,,,186.000,-0.06,186.300,-0.10,,,,,,,,,,,93.000,-0.08,,,,,,,,
93.050,-0.18,,,,,,,,,,,186.100,-0.06,186.400,-0.10,,,,,,,,,,,93.050,-0.08,,,,,,,,
93.100,-0.18,,,,,,,,,,,186.200,-0.06,186.500,-0.09,,,,,,,,,,,93.100,-0.08,,,,,,,,
93.150,-0.19,,,,,,,,,,,186.300,-0.06,186.600,-0.09,,,,,,,,,,,93.150,-0.07,,,,,,,,
93.200,-0.18,,,,,,,,,,,186.400,-0.06,186.700,-0.09,,,,,,,,,,,93.200,-0.07,,,,,,,,
93.250,-0.18,,,,,,,,,,,186.500,-0.06,186.800,-0.09,,,,,,,,,,,93.250,-0.07,,,,,,,,
93.300,-0.19,,,,,,,,,,,186.600,-0.06,186.900,-0.10,,,,,,,,,,,93.300,-0.06,,,,,,,,
93.350,-0.18,,,,,,,,,,,186.700,-0.07,187.000,-0.09,,,,,,,,,,,93.350,-0.06,,,,,,,,
93.400,-0.18,,,,,,,,,,,186.800,-0.07,187.100,-0.10,,,,,,,,,,,93.400,-0.07,,,,,,,,
93.450,-0.18,,,,,,,,,,,186.900,-0.05,187.200,-0.09,,,,,,,,,,,93.450,-0.07,,,,,,,,
93.500,-0.18,,,,,,,,,,,187.000,-0.06,187.300,-0.10,,,,,,,,,,,93.500,-0.07,,,,,,,,
93.550,-0.18,,,,,,,,,,,187.100,-0.06,187.400,-0.09,,,,,,,,,,,93.550,-0.08,,,,,,,,
93.600,-0.18,,,,,,,,,,,187.200,-0.06,187.500,-0.09,,,,,,,,,,,93.600,-0.07,,,,,,,,
93.650,-0.18,,,,,,,,,,,187.300,-0.07,187.600,-0.09,,,,,,,,,,,93.650,-0.06,,,,,,,,
93.700,-0.18,,,,,,,,,,,187.400,-0.07,187.700,-0.10,,,,,,,,,,,93.700,-0.06,,,,,,,,
93.750,-0.18,,,,,,,,,,,187.500,-0.07,187.800,-0.09,,,,,,,,,,,93.750,-0.06,,,,,,,,
93.800,-0.18,,,,,,,,,,,187.600,-0.06,187.900,-0.09,,,,,,,,,,,93.800,-0.06,,,,,,,,
93.850,-0.18,,,,,,,,,,,187.700,-0.07,188.000,-0.09,,,,,,,,,,,93.850,-0.06,,,,,,,,
93.900,-0.18,,,,,,,,,,,187.800,-0.07,188.100,-0.09,,,,,,,,,,,93.900,-0.07,,,,,,,,
93.950,-0.17,,,,,,,,,,,187.900,-0.07,188.200,-0.09,,,,,,,,,,,93.950,-0.08,,,,,,,,
94.000,-0.18,,,,,,,,,,,188.000,-0.07,188.300,-0.10,,,,,,,,,,,94.000,-0.07,,,,,,,,
94.050,-0.18,,,,,,,,,,,188.100,-0.06,188.400,-0.09,,,,,,,,,,,94.050,-0.08,,,,,,,,
94.100,-0.17,,,,,,,,,,,188.200,-0.06,188.500,-0.11,,,,,,,,,,,94.100,-0.08,,,,,,,,
94.150,-0.18,,,,,,,,,,,188.300,-0.06,188.600,-0.10,,,,,,,,,,,94.150,-0.06,,,,,,,,
94.200,-0.17,,,,,,,,,,,188.400,-0.07,188.700,-0.09,,,,,,,,,,,94.200,-0.07,,,,,,,,
94.250,-0.18,,,,,,,,,,,188.500,-0.07,188.800,-0.09,,,,,,,,,,,94.250,-0.06,,,,,,,,
94.300,-0.18,,,,,,,,,,,188.600,-0.08,188.900,-0.09,,,,,,,,,,,94.300,-0.06,,,,,,,,
94.350,-0.17,,,,,,,,,,,188.700,-0.07,189.000,-0.09,,,,,,,,,,,94.350,-0.07,,,,,,,,
94.400,-0.17,,,,,,,,,,,188.800,-0.07,189.100,-0.10,,,,,,,,,,,94.400,-0.07,,,,,,,,
94.450,-0.17,,,,,,,,,,,188.900,-0.07,189.200,-0.10,,,,,,,,,,,94.450,-0.07,,,,,,,,
94.500,-0.16,,,,,,,,,,,189.000,-0.06,189.300,-0.09,,,,,,,,,,,94.500,-0.07,,,,,,,,
94.550,-0.18,,,,,,,,,,,189.100,-0.06,189.400,-0.10,,,,,,,,,,,94.550,-0.05,,,,,,,,
94.600,-0.19,,,,,,,,,,,189.200,-0.06,189.500,-0.09,,,,,,,,,,,94.600,-0.06,,,,,,,,
94.650,-0.17,,,,,,,,,,,189.300,-0.07,189.600,-0.10,,,,,,,,,,,94.650,-0.08,,,,,,,,
94.700,-0.19,,,,,,,,,,,189.400,-0.06,189.700,-0.11,,,,,,,,,,,94.700,-0.07,,,,,,,,
94.750,-0.19,,,,,,,,,,,189.500,-0.05,189.800,-0.10,,,,,,,,,,,94.750,-0.07,,,,,,,,
94.800,-0.19,,,,,,,,,,,189.600,-0.05,189.900,-0.11,,,,,,,,,,,94.800,-0.06,,,,,,,,
94.850,-0.19,,,,,,,,,,,189.700,-0.06,190.000,-0.09,,,,,,,,,,,94.850,-0.06,,,,,,,,
94.900,-0.18,,,,,,,,,,,189.800,-0.06,190.100,-0.10,,,,,,,,,,,94.900,-0.07,,,,,,,,
94.950,-0.18,,,,,,,,,,,189.900,-0.05,190.200,-0.10,,,,,,,,,,,94.950,-0.06,,,,,,,,
95.000,-0.19,,,,,,,,,,,190.000,-0.05,190.300,-0.10,,,,,,,,,,,95.000,-0.06,,,,,,,,
95.050,-0.18,,,,,,,,,,,190.100,-0.06,190.400,-0.11,,,,,,,,,,,95.050,-0.06,,,,,,,,
95.100,-0.18,,,,,,,,,,,190.200,-0.05,190.500,-0.09,,,,,,,,,,,95.100,-0.08,,,,,,,,
95.150,-0.17,,,,,,,,,,,190.300,-0.04,190.600,-0.10,,,,,,,,,,,95.150,-0.06,,,,,,,,
95.200,-0.18,,,,,,,,,,,190.400,-0.06,190.700,-0.09,,,,,,,,,,,95.200,-0.07,,,,,,,,
95.250,-0.17,,,,,,,,,,,190.500,-0.06,190.800,-0.11,,,,,,,,,,,95.250,-0.07,,,,,,,,
95.300,-0.17,,,,,,,,,,,190.600,-0.07,190.900,-0.10,,,,,,,,,,,95.300,-0.08,,,,,,,,
95.350,-0.16,,,,,,,,,,,190.700,-0.07,191.000,-0.10,,,,,,,,,,,95.350,-0.08,,,,,,,,
95.400,-0.17,,,,,,,,,,,190.800,-0.08,191.100,-0.11,,,,,,,,,,,95.400,-0.07,,,,,,,,
95.450,-0.18,,,,,,,,,,,190.900,-0.06,191.200,-0.09,,,,,,,,,,,95.450,-0.07,,,,,,,,
95.500,-0.17,,,,,,,,,,,191.000,-0.06,191.300,-0.10,,,,,,,,,,,95.500,-0.06,,,,,,,,
95.550,-0.18,,,,,,,,,,,191.100,-0.06,191.400,-0.09,,,,,,,,,,,95.550,-0.07,,,,,,,,
95.600,-0.18,,,,,,,,,,,191.200,-0.05,191.500,-0.09,,,,,,,,,,,95.600,-0.07,,,,,,,,
95.650,-0.17,,,,,,,,,,,191.300,-0.06,191.600,-0.10,,,,,,,,,,,95.650,-0.06,,,,,,,,
95.700,-0.18,,,,,,,,,,,191.400,-0.06,191.700,-0.10,,,,,,,,,,,95.700,-0.06,,,,,,,,
95.750,-0.18,,,,,,,,,,,191.500,-0.06,191.800,-0.09,,,,,,,,,,,95.750,-0.07,,,,,,,,
95.800,-0.18,,,,,,,,,,,191.600,-0.05,191.900,-0.10,,,,,,,,,,,95.800,-0.06,,,,,,,,
95.850,-0.18,,,,,,,,,,,191.700,-0.04,192.000,-0.09,,,,,,,,,,,95.850,-0.06,,,,,,,,
95.900,-0.18,,,,,,,,,,,191.800,-0.05,192.100,-0.10,,,,,,,,,,,95.900,-0.06,,,,,,,,
95.950,-0.19,,,,,,,,,,,191.900,-0.06,192.200,-0.08,,,,,,,,,,,95.950,-0.06,,,,,,,,
96.000,-0.17,,,,,,,,,,,192.000,-0.05,192.300,-0.08,,,,,,,,,,,96.000,-0.07,,,,,,,,
96.050,-0.18,,,,,,,,,,,192.100,-0.06,192.400,-0.09,,,,,,,,,,,96.050,-0.07,,,,,,,,
96.100,-0.18,,,,,,,,,,,192.200,-0.06,192.500,-0.09,,,,,,,,,,,96.100,-0.07,,,,,,,,
96.150,-0.18,,,,,,,,,,,192.300,-0.06,192.600,-0.09,,,,,,,,,,,96.150,-0.07,,,,,,,,
96.200,-0.18,,,,,,,,,,,192.400,-0.06,192.700,-0.09,,,,,,,,,,,96.200,-0.07,,,,,,,,
96.250,-0.18,,,,,,,,,,,192.500,-0.07,192.800,-0.08,,,,,,,,,,,96.250,-0.07,,,,,,,,
96.300,-0.18,,,,,,,,,,,192.600,-0.06,192.900,-0.09,,,,,,,,,,,96.300,-0.08,,,,,,,,
96.350,-0.17,,,,,,,,,,,192.700,-0.07,193.000,-0.08,,,,,,,,,,,96.350,-0.07,,,,,,,,
96.400,-0.17,,,,,,,,,,,192.800,-0.06,193.100,-0.09,,,,,,,,,,,96.400,-0.06,,,,,,,,
96.450,-0.18,,,,,,,,,,,192.900,-0.06,193.200,-0.09,,,,,,,,,,,96.450,-0.07,,,,,,,,
96.500,-0.17,,,,,,,,,,,193.000,-0.05,193.300,-0.09,,,,,,,,,,,96.500,-0.07,,,,,,,,
96.550,-0.17,,,,,,,,,,,193.100,-0.05,193.400,-0.11,,,,,,,,,,,96.550,-0.07,,,,,,,,
96.600,-0.17,,,,,,,,,,,193.200,-0.06,193.500,-0.09,,,,,,,,,,,96.600,-0.07,,,,,,,,
96.650,-0.17,,,,,,,,,,,193.300,-0.06,193.600,-0.09,,,,,,,,,,,96.650,-0.08,,,,,,,,
96.700,-0.17,,,,,,,,,,,193.400,-0.06,193.700,-0.08,,,,,,,,,,,96.700,-0.06,,,,,,,,
96.750,-0.17,,,,,,,,,,,193.500,-0.06,193.800,-0.10,,,,,,,,,,,96.750,-0.08,,,,,,,,
96.800,-0.17,,,,,,,,,,,193.600,-0.06,193.900,-0.11,,,,,,,,,,,96.800,-0.07,,,,,,,,
96.850,-0.17,,,,,,,,,,,193.700,-0.06,194.000,-0.09,,,,,,,,,,,96.850,-0.07,,,,,,,,
96.900,-0.17,,,,,,,,,,,193.800,-0.06,194.100,-0.09,,,,,,,,,,,96.900,-0.07,,,,,,,,
96.950,-0.17,,,,,,,,,,,193.900,-0.05,194.200,-0.08,,,,,,,,,,,96.950,-0.07,,,,,,,,
97.000,-0.18,,,,,,,,,,,194.000,-0.05,194.300,-0.09,,,,,,,,,,,97.000,-0.07,,,,,,,,
97.050,-0.18,,,,,,,,,,,194.100,-0.06,194.400,-0.09,,,,,,,,,,,97.050,-0.08,,,,,,,,
97.100,-0.18,,,,,,,,,,,194.200,-0.06,194.500,-0.09,,,,,,,,,,,97.100,-0.08,,,,,,,,
97.150,-0.18,,,,,,,,,,,194.300,-0.06,194.600,-0.10,,,,,,,,,,,97.150,-0.07,,,,,,,,
97.200,-0.19,,,,,,,,,,,194.400,-0.05,194.700,-0.10,,,,,,,,,,,97.200,-0.08,,,,,,,,
97.250,-0.18,,,,,,,,,,,194.500,-0.04,194.800,-0.09,,,,,,,,,,,97.250,-0.08,,,,,,,,
97.300,-0.17,,,,,,,,,,,194.600,-0.06,194.900,-0.10,,,,,,,,,,,97.300,-0.09,,,,,,,,
97.350,-0.18,,,,,,,,,,,194.700,-0.06,195.000,-0.10,,,,,,,,,,,97.350,-0.08,,,,,,,,
97.400,-0.18,,,,,,,,,,,194.800,-0.06,195.100,-0.10,,,,,,,,,,,97.400,-0.07,,,,,,,,
97.450,-0.19,,,,,,,,,,,194.900,-0.06,195.200,-0.10,,,,,,,,,,,97.450,-0.07,,,,,,,,
97.500,-0.18,,,,,,,,,,,195.000,-0.06,195.300,-0.10,,,,,,,,,,,97.500,-0.07,,,,,,,,
97.550,-0.18,,,,,,,,,,,195.100,-0.07,195.400,-0.09,,,,,,,,,,,97.550,-0.07,,,,,,,,
97.600,-0.17,,,,,,,,,,,195.200,-0.06,195.500,-0.10,,,,,,,,,,,97.600,-0.06,,,,,,,,
97.650,-0.18,,,,,,,,,,,195.300,-0.04,195.600,-0.10,,,,,,,,,,,97.650,-0.08,,,,,,,,
97.700,-0.18,,,,,,,,,,,195.400,-0.06,195.700,-0.11,,,,,,,,,,,97.700,-0.07,,,,,,,,
97.750,-0.17,,,,,,,,,,,195.500,-0.06,195.800,-0.10,,,,,,,,,,,97.750,-0.07,,,,,,,,
97.800,-0.17,,,,,,,,,,,195.600,-0.06,195.900,-0.10,,,,,,,,,,,97.800,-0.07,,,,,,,,
97.850,-0.17,,,,,,,,,,,195.700,-0.06,196.000,-0.10,,,,,,,,,,,97.850,-0.08,,,,,,,,
97.900,-0.18,,,,,,,,,,,195.800,-0.06,196.100,-0.10,,,,,,,,,,,97.900,-0.07,,,,,,,,
97.950,-0.18,,,,,,,,,,,195.900,-0.06,196.200,-0.09,,,,,,,,,,,97.950,-0.08,,,,,,,,
98.000,-0.17,,,,,,,,,,,196.000,-0.05,196.300,-0.10,,,,,,,,,,,98.000,-0.07,,,,,,,,
98.050,-0.17,,,,,,,,,,,196.100,-0.06,196.400,-0.09,,,,,,,,,,,98.050,-0.07,,,,,,,,
98.100,-0.17,,,,,,,,,,,196.200,-0.05,196.500,-0.09,,,,,,,,,,,98.100,-0.07,,,,,,,,
98.150,-0.17,,,,,,,,,,,196.300,-0.06,196.600,-0.09,,,,,,,,,,,98.150,-0.06,,,,,,,,
98.200,-0.17,,,,,,,,,,,196.400,-0.06,196.700,-0.09,,,,,,,,,,,98.200,-0.07,,,,,,,,
98.250,-0.17,,,,,,,,,,,196.500,-0.06,196.800,-0.08,,,,,,,,,,,98.250,-0.07,,,,,,,,
98.300,-0.17,,,,,,,,,,,196.600,-0.06,196.900,-0.10,,,,,,,,,,,98.300,-0.07,,,,,,,,
98.350,-0.17,,,,,,,,,,,196.700,-0.06,197.000,-0.09,,,,,,,,,,,98.350,-0.07,,,,,,,,
98.400,-0.18,,,,,,,,,,,196.800,-0.06,197.100,-0.09,,,,,,,,,,,98.400,-0.07,,,,,,,,
98.450,-0.18,,,,,,,,,,,196.900,-0.06,197.200,-0.09,,,,,,,,,,,98.450,-0.06,,,,,,,,
98.500,-0.18,,,,,,,,,,,197.000,-0.05,197.300,-0.09,,,,,,,,,,,98.500,-0.06,,,,,,,,
98.550,-0.17,,,,,,,,,,,197.100,-0.05,197.400,-0.08,,,,,,,,,,,98.550,-0.06,,,,,,,,
98.600,-0.17,,,,,,,,,,,197.200,-0.05,197.500,-0.08,,,,,,,,,,,98.600,-0.07,,,,,,,,
98.650,-0.18,,,,,,,,,,,197.300,-0.06,197.600,-0.09,,,,,,,,,,,98.650,-0.07,,,,,,,,
98.700,-0.19,,,,,,,,,,,197.400,-0.07,197.700,-0.10,,,,,,,,,,,98.700,-0.05,,,,,,,,
98.750,-0.18,,,,,,,,,,,197.500,-0.05,197.800,-0.09,,,,,,,,,,,98.750,-0.06,,,,,,,,
98.800,-0.18,,,,,,,,,,,197.600,-0.06,197.900,-0.09,,,,,,,,,,,98.800,-0.06,,,,,,,,
98.850,-0.18,,,,,,,,,,,197.700,-0.07,198.000,-0.09,,,,,,,,,,,98.850,-0.05,,,,,,,,
98.900,-0.18,,,,,,,,,,,197.800,-0.06,198.100,-0.11,,,,,,,,,,,98.900,-0.06,,,,,,,,
98.950,-0.17,,,,,,,,,,,197.900,-0.06,198.200,-0.08,,,,,,,,,,,98.950,-0.05,,,,,,,,
99.000,-0.17,,,,,,,,,,,198.000,-0.05,198.300,-0.10,,,,,,,,,,,99.000,-0.06,,,,,,,,
99.050,-0.17,,,,,,,,,,,198.100,-0.05,198.400,-0.09,,,,,,,,,,,99.050,-0.06,,,,,,,,
99.100,-0.17,,,,,,,,,,,198.200,-0.05,198.500,-0.09,,,,,,,,,,,99.100,-0.05,,,,,,,,
99.150,-0.16,,,,,,,,,,,198.300,-0.05,198.600,-0.08,,,,,,,,,,,99.150,-0.05,,,,,,,,
99.200,-0.16,,,,,,,,,,,198.400,-0.05,198.700,-0.08,,,,,,,,,,,99.200,-0.05,,,,,,,,
99.250,-0.16,,,,,,,,,,,198.500,-0.06,198.800,-0.09,,,,,,,,,,,99.250,-0.06,,,,,,,,
99.300,-0.17,,,,,,,,,,,198.600,-0.06,198.900,-0.09,,,,,,,,,,,99.300,-0.06,,,,,,,,
99.350,-0.17,,,,,,,,,,,198.700,-0.06,199.000,-0.09,,,,,,,,,,,99.350,-0.06,,,,,,,,
99.400,-0.17,,,,,,,,,,,198.800,-0.06,199.100,-0.08,,,,,,,,,,,99.400,-0.07,,,,,,,,
99.450,-0.16,,,,,,,,,,,198.900,-0.06,199.200,-0.09,,,,,,,,,,,99.450,-0.07,,,,,,,,
99.500,-0.17,,,,,,,,,,,199.000,-0.05,199.300,-0.08,,,,,,,,,,,99.500,-0.06,,,,,,,,
99.550,-0.17,,,,,,,,,,,199.100,-0.05,199.400,-0.09,,,,,,,,,,,99.550,-0.05,,,,,,,,
99.600,-0.17,,,,,,,,,,,199.200,-0.06,199.500,-0.08,,,,,,,,,,,99.600,-0.06,,,,,,,,
99.650,-0.18,,,,,,,,,,,199.300,-0.06,199.600,-0.09,,,,,,,,,,,99.650,-0.06,,,,,,,,
99.700,-0.17,,,,,,,,,,,199.400,-0.07,199.700,-0.09,,,,,,,,,,,99.700,-0.07,,,,,,,,
99.750,-0.17,,,,,,,,,,,199.500,-0.07,199.800,-0.10,,,,,,,,,,,99.750,-0.06,,,,,,,,
99.800,-0.17,,,,,,,,,,,199.600,-0.07,199.900,-0.09,,,,,,,,,,,99.800,-0.06,,,,,,,,
99.850,-0.17,,,,,,,,,,,199.700,-0.07,200.000,-0.08,,,,,,,,,,,99.850,-0.06,,,,,,,,
99.900,-0.18,,,,,,,,,,,199.800,-0.05,200.100,-0.09,,,,,,,,,,,99.900,-0.06,,,,,,,,
99.950,-0.17,,,,,,,,,,,199.900,-0.05,200.200,-0.08,,,,,,,,,,,99.950,-0.06,,,,,,,,
100.000,-0.17,,,,,,,,,,,200.000,-0.05,200.300,-0.09,,,,,,,,,,,100.000,-0.06,,,,,,,,
100.050,-0.17,,,,,,,,,,,200.100,-0.06,200.400,-0.09,,,,,,,,,,,100.050,-0.05,,,,,,,,
100.100,-0.18,,,,,,,,,,,200.200,-0.06,200.500,-0.09,,,,,,,,,,,100.100,-0.05,,,,,,,,
100.150,-0.18,,,,,,,,,,,200.300,-0.05,200.600,-0.09,,,,,,,,,,,100.150,-0.05,,,,,,,,
100.200,-0.17,,,,,,,,,,,200.400,-0.07,200.700,-0.09,,,,,,,,,,,100.200,-0.06,,,,,,,,
100.250,-0.19,,,,,,,,,,,200.500,-0.06,200.800,-0.09,,,,,,,,,,,100.250,-0.05,,,,,,,,
100.300,-0.18,,,,,,,,,,,200.600,-0.06,200.900,-0.08,,,,,,,,,,,100.300,-0.03,,,,,,,,
100.350,-0.18,,,,,,,,,,,200.700,-0.05,201.000,-0.09,,,,,,,,,,,100.350,-0.05,,,,,,,,
100.400,-0.18,,,,,,,,,,,200.800,-0.06,201.100,-0.09,,,,,,,,,,,100.400,-0.05,,,,,,,,
100.450,-0.18,,,,,,,,,,,200.900,-0.05,201.200,-0.09,,,,,,,,,,,100.450,-0.05,,,,,,,,
100.500,-0.17,,,,,,,,,,,201.000,-0.06,201.300,-0.09,,,,,,,,,,,100.500,-0.05,,,,,,,,
100.550,-0.18,,,,,,,,,,,201.100,-0.06,201.400,-0.08,,,,,,,,,,,100.550,-0.06,,,,,,,,
100.600,-0.17,,,,,,,,,,,201.200,-0.06,201.500,-0.08,,,,,,,,,,,100.600,-0.06,,,,,,,,
100.650,-0.17,,,,,,,,,,,201.300,-0.05,201.600,-0.08,,,,,,,,,,,100.650,-0.05,,,,,,,,
100.700,-0.18,,,,,,,,,,,201.400,-0.06,201.700,-0.09,,,,,,,,,,,100.700,-0.06,,,,,,,,
100.750,-0.18,,,,,,,,,,,201.500,-0.05,201.800,-0.10,,,,,,,,,,,100.750,-0.05,,,,,,,,
100.800,-0.18,,,,,,,,,,,201.600,-0.05,201.900,-0.10,,,,,,,,,,,100.800,-0.05,,,,,,,,
100.850,-0.19,,,,,,,,,,,201.700,-0.04,202.000,-0.10,,,,,,,,,,,100.850,-0.05,,,,,,,,
100.900,-0.18,,,,,,,,,,,201.800,-0.05,202.100,-0.09,,,,,,,,,,,100.900,-0.06,,,,,,,,
100.950,-0.18,,,,,,,,,,,201.900,-0.06,202.200,-0.09,,,,,,,,,,,100.950,-0.05,,,,,,,,
101.000,-0.18,,,,,,,,,,,202.000,-0.05,202.300,-0.09,,,,,,,,,,,101.000,-0.05,,,,,,,,
101.050,-0.18,,,,,,,,,,,202.100,-0.06,202.400,-0.09,,,,,,,,,,,101.050,-0.06,,,,,,,,
101.100,-0.18,,,,,,,,,,,202.200,-0.06,202.500,-0.10,,,,,,,,,,,101.100,-0.05,,,,,,,,
101.150,-0.19,,,,,,,,,,,202.300,-0.06,202.600,-0.09,,,,,,,,,,,101.150,-0.06,,,,,,,,
101.200,-0.18,,,,,,,,,,,202.400,-0.07,202.700,-0.10,,,,,,,,,,,101.200,-0.06,,,,,,,,
101.250,-0.18,,,,,,,,,,,202.500,-0.07,202.800,-0.10,,,,,,,,,,,101.250,-0.05,,,,,,,,
101.300,-0.19,,,,,,,,,,,202.600,-0.06,202.900,-0.10,,,,,,,,,,,101.300,-0.05,,,,,,,,
101.350,-0.19,,,,,,,,,,,202.700,-0.05,203.000,-0.10,,,,,,,,,,,101.350,-0.06,,,,,,,,
101.400,-0.19,,,,,,,,,,,202.800,-0.05,203.100,-0.10,,,,,,,,,,,101.400,-0.05,,,,,,,,
101.450,-0.18,,,,,,,,,,,202.900,-0.06,203.200,-0.09,,,,,,,,,,,101.450,-0.05,,,,,,,,
101.500,-0.19,,,,,,,,,,,203.000,-0.05,203.300,-0.10,,,,,,,,,,,101.500,-0.05,,,,,,,,
101.550,-0.19,,,,,,,,,,,203.100,-0.05,203.400,-0.09,,,,,,,,,,,101.550,-0.06,,,,,,,,
101.600,-0.18,,,,,,,,,,,203.200,-0.07,203.500,-0.08,,,,,,,,,,,101.600,-0.06,,,,,,,,
101.650,-0.18,,,,,,,,,,,203.300,-0.06,203.600,-0.09,,,,,,,,,,,101.650,-0.05,,,,,,,,
101.700,-0.18,,,,,,,,,,,203.400,-0.05,203.700,-0.09,,,,,,,,,,,101.700,-0.06,,,,,,,,
101.750,-0.18,,,,,,,,,,,203.500,-0.05,203.800,-0.09,,,,,,,,,,,101.750,-0.06,,,,,,,,
101.800,-0.18,,,,,,,,,,,203.600,-0.06,203.900,-0.08,,,,,,,,,,,101.800,-0.05,,,,,,,,
101.850,-0.19,,,,,,,,,,,203.700,-0.05,204.000,-0.10,,,,,,,,,,,101.850,-0.05,,,,,,,,
101.900,-0.19,,,,,,,,,,,203.800,-0.07,204.100,-0.10,,,,,,,,,,,101.900,-0.04,,,,,,,,
101.950,-0.18,,,,,,,,,,,203.900,-0.07,204.200,-0.09,,,,,,,,,,,101.950,-0.04,,,,,,,,
102.000,-0.16,,,,,,,,,,,204.000,-0.07,204.300,-0.10,,,,,,,,,,,102.000,-0.06,,,,,,,,
102.050,-0.17,,,,,,,,,,,204.100,-0.06,204.400,-0.09,,,,,,,,,,,102.050,-0.05,,,,,,,,
102.100,-0.18,,,,,,,,,,,204.200,-0.07,204.500,-0.09,,,,,,,,,,,102.100,-0.06,,,,,,,,
102.150,-0.17,,,,,,,,,,,204.300,-0.07,204.600,-0.09,,,,,,,,,,,102.150,-0.05,,,,,,,,
102.200,-0.17,,,,,,,,,,,204.400,-0.07,204.700,-0.09,,,,,,,,,,,102.200,-0.05,,,,,,,,
102.250,-0.18,,,,,,,,,,,204.500,-0.06,204.800,-0.09,,,,,,,,,,,102.250,-0.06,,,,,,,,
102.300,-0.18,,,,,,,,,,,204.600,-0.06,204.900,-0.09,,,,,,,,,,,102.300,-0.05,,,,,,,,
102.350,-0.18,,,,,,,,,,,204.700,-0.06,205.000,-0.09,,,,,,,,,,,102.350,-0.05,,,,,,,,
102.400,-0.19,,,,,,,,,,,204.800,-0.07,205.100,-0.09,,,,,,,,,,,102.400,-0.06,,,,,,,,
102.450,-0.18,,,,,,,,,,,204.900,-0.07,205.200,-0.09,,,,,,,,,,,102.450,-0.05,,,,,,,,
102.500,-0.18,,,,,,,,,,,205.000,-0.07,205.300,-0.08,,,,,,,,,,,102.500,-0.05,,,,,,,,
102.550,-0.17,,,,,,,,,,,205.100,-0.07,205.400,-0.09,,,,,,,,,,,102.550,-0.05,,,,,,,,
102.600,-0.17,,,,,,,,,,,205.200,-0.06,205.500,-0.07,,,,,,,,,,,102.600,-0.05,,,,,,,,
102.650,-0.17,,,,,,,,,,,205.300,-0.07,205.600,-0.08,,,,,,,,,,,102.650,-0.05,,,,,,,,
102.700,-0.18,,,,,,,,,,,205.400,-0.07,205.700,-0.09,,,,,,,,,,,102.700,-0.05,,,,,,,,
102.750,-0.17,,,,,,,,,,,205.500,-0.06,205.800,-0.08,,,,,,,,,,,102.750,-0.05,,,,,,,,
102.800,-0.18,,,,,,,,,,,205.600,-0.08,205.900,-0.09,,,,,,,,,,,102.800,-0.06,,,,,,,,
102.850,-0.17,,,,,,,,,,,205.700,-0.07,206.000,-0.09,,,,,,,,,,,102.850,-0.06,,,,,,,,
102.900,-0.17,,,,,,,,,,,205.800,-0.07,206.100,-0.08,,,,,,,,,,,102.900,-0.06,,,,,,,,
102.950,-0.17,,,,,,,,,,,205.900,-0.08,206.200,-0.08,,,,,,,,,,,102.950,-0.06,,,,,,,,
103.000,-0.16,,,,,,,,,,,206.000,-0.07,206.300,-0.08,,,,,,,,,,,103.000,-0.05,,,,,,,,
103.050,-0.17,,,,,,,,,,,206.100,-0.07,206.400,-0.09,,,,,,,,,,,103.050,-0.05,,,,,,,,
103.100,-0.16,,,,,,,,,,,206.200,-0.08,206.500,-0.10,,,,,,,,,,,103.100,-0.05,,,,,,,,
103.150,-0.16,,,,,,,,,,,206.300,-0.08,206.600,-0.10,,,,,,,,,,,103.150,-0.04,,,,,,,,
103.200,-0.17,,,,,,,,,,,206.400,-0.08,206.700,-0.08,,,,,,,,,,,103.200,-0.06,,,,,,,,
103.250,-0.17,,,,,,,,,,,206.500,-0.07,206.800,-0.09,,,,,,,,,,,103.250,-0.06,,,,,,,,
103.300,-0.18,,,,,,,,,,,206.600,-0.07,206.900,-0.08,,,,,,,,,,,103.300,-0.06,,,,,,,,
103.350,-0.18,,,,,,,,,,,206.700,-0.08,207.000,-0.10,,,,,,,,,,,103.350,-0.06,,,,,,,,
103.400,-0.17,,,,,,,,,,,206.800,-0.06,207.100,-0.11,,,,,,,,,,,103.400,-0.06,,,,,,,,
103.450,-0.19,,,,,,,,,,,206.900,-0.07,207.200,-0.10,,,,,,,,,,,103.450,-0.06,,,,,,,,
103.500,-0.18,,,,,,,,,,,207.000,-0.07,207.300,-0.10,,,,,,,,,,,103.500,-0.06,,,,,,,,
103.550,-0.18,,,,,,,,,,,207.100,-0.07,207.400,-0.09,,,,,,,,,,,103.550,-0.06,,,,,,,,
103.600,-0.18,,,,,,,,,,,207.200,-0.06,207.500,-0.10,,,,,,,,,,,103.600,-0.06,,,,,,,,
103.650,-0.18,,,,,,,,,,,207.300,-0.06,207.600,-0.09,,,,,,,,,,,103.650,-0.07,,,,,,,,
103.700,-0.18,,,,,,,,,,,207.400,-0.07,207.700,-0.09,,,,,,,,,,,103.700,-0.05,,,,,,,,
103.750,-0.17,,,,,,,,,,,207.500,-0.06,207.800,-0.08,,,,,,,,,,,103.750,-0.05,,,,,,,,
103.800,-0.17,,,,,,,,,,,207.600,-0.06,207.900,-0.08,,,,,,,,,,,103.800,-0.04,,,,,,,,
103.850,-0.17,,,,,,,,,,,207.700,-0.06,208.000,-0.10,,,,,,,,,,,103.850,-0.05,,,,,,,,
103.900,-0.17,,,,,,,,,,,207.800,-0.08,208.100,-0.09,,,,,,,,,,,103.900,-0.05,,,,,,,,
103.950,-0.18,,,,,,,,,,,207.900,-0.07,208.200,-0.09,,,,,,,,,,,103.950,-0.06,,,,,,,,
104.000,-0.17,,,,,,,,,,,208.000,-0.06,208.300,-0.11,,,,,,,,,,,104.000,-0.05,,,,,,,,
104.050,-0.17,,,,,,,,,,,208.100,-0.07,208.400,-0.10,,,,,,,,,,,104.050,-0.06,,,,,,,,
104.100,-0.17,,,,,,,,,,,208.200,-0.06,208.500,-0.10,,,,,,,,,,,104.100,-0.06,,,,,,,,
104.150,-0.18,,,,,,,,,,,208.300,-0.06,208.600,-0.10,,,,,,,,,,,104.150,-0.05,,,,,,,,
104.200,-0.17,,,,,,,,,,,208.400,-0.07,208.700,-0.10,,,,,,,,,,,104.200,-0.06,,,,,,,,
104.250,-0.18,,,,,,,,,,,208.500,-0.07,208.800,-0.10,,,,,,,,,,,104.250,-0.05,,,,,,,,
104.300,-0.17,,,,,,,,,,,208.600,-0.07,208.900,-0.10,,,,,,,,,,,104.300,-0.05,,,,,,,,
104.350,-0.18,,,,,,,,,,,208.700,-0.07,209.000,-0.09,,,,,,,,,,,104.350,-0.06,,,,,,,,
104.400,-0.18,,,,,,,,,,,208.800,-0.07,209.100,-0.10,,,,,,,,,,,104.400,-0.06,,,,,,,,
104.450,-0.17,,,,,,,,,,,208.900,-0.07,209.200,-0.09,,,,,,,,,,,104.450,-0.06,,,,,,,,
104.500,-0.17,,,,,,,,,,,209.000,-0.08,209.300,-0.09,,,,,,,,,,,104.500,-0.06,,,,,,,,
104.550,-0.17,,,,,,,,,,,209.100,-0.07,209.400,-0.10,,,,,,,,,,,104.550,-0.07,,,,,,,,
104.600,-0.17,,,,,,,,,,,209.200,-0.06,209.500,-0.10,,,,,,,,,,,104.600,-0.05,,,,,,,,
104.650,-0.18,,,,,,,,,,,209.300,-0.07,209.600,-0.10,,,,,,,,,,,104.650,-0.06,,,,,,,,
104.700,-0.18,,,,,,,,,,,209.400,-0.08,209.700,-0.10,,,,,,,,,,,104.700,-0.06,,,,,,,,
104.750,-0.17,,,,,,,,,,,209.500,-0.06,209.800,-0.10,,,,,,,,,,,104.750,-0.06,,,,,,,,
104.800,-0.19,,,,,,,,,,,209.600,-0.08,209.900,-0.09,,,,,,,,,,,104.800,-0.06,,,,,,,,
104.850,-0.19,,,,,,,,,,,209.700,-0.07,210.000,-0.10,,,,,,,,,,,104.850,-0.05,,,,,,,,
104.900,-0.18,,,,,,,,,,,209.800,-0.08,210.100,-0.09,,,,,,,,,,,104.900,-0.05,,,,,,,,
104.950,-0.18,,,,,,,,,,,209.900,-0.07,210.200,-0.10,,,,,,,,,,,104.950,-0.05,,,,,,,,
105.000,-0.18,,,,,,,,,,,210.000,-0.07,210.300,-0.10,,,,,,,,,,,105.000,-0.05,,,,,,,,
105.050,-0.19,,,,,,,,,,,210.100,-0.07,210.400,-0.09,,,,,,,,,,,105.050,-0.06,,,,,,,,
105.100,-0.18,,,,,,,,,,,210.200,-0.06,210.500,-0.09,,,,,,,,,,,105.100,-0.05,,,,,,,,
105.150,-0.18,,,,,,,,,,,210.300,-0.05,210.600,-0.10,,,,,,,,,,,105.150,-0.06,,,,,,,,
105.200,-0.18,,,,,,,,,,,210.400,-0.06,210.700,-0.10,,,,,,,,,,,105.200,-0.06,,,,,,,,
105.250,-0.19,,,,,,,,,,,210.500,-0.07,210.800,-0.09,,,,,,,,,,,105.250,-0.06,,,,,,,,
105.300,-0.18,,,,,,,,,,,210.600,-0.07,210.900,-0.09,,,,,,,,,,,105.300,-0.06,,,,,,,,
105.350,-0.19,,,,,,,,,,,210.700,-0.08,211.000,-0.09,,,,,,,,,,,105.350,-0.06,,,,,,,,
105.400,-0.18,,,,,,,,,,,210.800,-0.08,211.100,-0.09,,,,,,,,,,,105.400,-0.06,,,,,,,,
105.450,-0.18,,,,,,,,,,,210.900,-0.07,211.200,-0.08,,,,,,,,,,,105.450,-0.05,,,,,,,,
105.500,-0.18,,,,,,,,,,,211.000,-0.07,211.300,-0.09,,,,,,,,,,,105.500,-0.06,,,,,,,,
105.550,-0.18,,,,,,,,,,,211.100,-0.08,211.400,-0.08,,,,,,,,,,,105.550,-0.06,,,,,,,,
105.600,-0.18,,,,,,,,,,,211.200,-0.07,211.500,-0.09,,,,,,,,,,,105.600,-0.06,,,,,,,,
105.650,-0.17,,,,,,,,,,,211.300,-0.07,211.600,-0.08,,,,,,,,,,,105.650,-0.06,,,,,,,,
105.700,-0.18,,,,,,,,,,,211.400,-0.06,211.700,-0.08,,,,,,,,,,,105.700,-0.05,,,,,,,,
105.750,-0.18,,,,,,,,,,,211.500,-0.07,211.800,-0.09,,,,,,,,,,,105.750,-0.06,,,,,,,,
105.800,-0.18,,,,,,,,,,,211.600,-0.08,211.900,-0.08,,,,,,,,,,,105.800,-0.06,,,,,,,,
105.850,-0.18,,,,,,,,,,,211.700,-0.06,212.000,-0.08,,,,,,,,,,,105.850,-0.05,,,,,,,,
105.900,-0.18,,,,,,,,,,,211.800,-0.07,212.100,-0.08,,,,,,,,,,,105.900,-0.05,,,,,,,,
105.950,-0.19,,,,,,,,,,,211.900,-0.07,212.200,-0.08,,,,,,,,,,,105.950,-0.06,,,,,,,,
106.000,-0.18,,,,,,,,,,,212.000,-0.07,212.300,-0.07,,,,,,,,,,,106.000,-0.05,,,,,,,,
106.050,-0.17,,,,,,,,,,,212.100,-0.07,212.400,-0.08,,,,,,,,,,,106.050,-0.05,,,,,,,,
106.100,-0.18,,,,,,,,,,,212.200,-0.06,212.500,-0.08,,,,,,,,,,,106.100,-0.05,,,,,,,,
106.150,-0.17,,,,,,,,,,,212.300,-0.06,212.600,-0.08,,,,,,,,,,,106.150,-0.05,,,,,,,,
106.200,-0.17,,,,,,,,,,,212.400,-0.07,212.700,-0.07,,,,,,,,,,,106.200,-0.06,,,,,,,,
106.250,-0.16,,,,,,,,,,,212.500,-0.07,212.800,-0.08,,,,,,,,,,,106.250,-0.06,,,,,,,,
106.300,-0.17,,,,,,,,,,,212.600,-0.07,212.900,-0.07,,,,,,,,,,,106.300,-0.06,,,,,,,,
106.350,-0.17,,,,,,,,,,,212.700,-0.07,213.000,-0.08,,,,,,,,,,,106.350,-0.05,,,,,,,,
106.400,-0.16,,,,,,,,,,,212.800,-0.06,213.100,-0.08,,,,,,,,,,,106.400,-0.06,,,,,,,,
106.450,-0.16,,,,,,,,,,,212.900,-0.08,213.200,-0.08,,,,,,,,,,,106.450,-0.06,,,,,,,,
106.500,-0.16,,,,,,,,,,,213.000,-0.07,213.300,-0.09,,,,,,,,,,,106.500,-0.06,,,,,,,,
106.550,-0.16,,,,,,,,,,,213.100,-0.07,213.400,-0.08,,,,,,,,,,,106.550,-0.06,,,,,,,,
106.600,-0.17,,,,,,,,,,,213.200,-0.06,213.500,-0.08,,,,,,,,,,,106.600,-0.05,,,,,,,,
106.650,-0.17,,,,,,,,,,,213.300,-0.07,213.600,-0.08,,,,,,,,,,,106.650,-0.06,,,,,,,,
106.700,-0.17,,,,,,,,,,,213.400,-0.07,213.700,-0.07,,,,,,,,,,,106.700,-0.06,,,,,,,,
106.750,-0.17,,,,,,,,,,,213.500,-0.06,213.800,-0.07,,,,,,,,,,,106.750,-0.06,,,,,,,,
106.800,-0.18,,,,,,,,,,,213.600,-0.06,213.900,-0.07,,,,,,,,,,,106.800,-0.05,,,,,,,,
106.850,-0.18,,,,,,,,,,,213.700,-0.06,214.000,-0.09,,,,,,,,,,,106.850,-0.05,,,,,,,,
106.900,-0.18,,,,,,,,,,,213.800,-0.07,214.100,-0.08,,,,,,,,,,,106.900,-0.05,,,,,,,,
106.950,-0.18,,,,,,,,,,,213.900,-0.07,214.200,-0.09,,,,,,,,,,,106.950,-0.05,,,,,,,,
107.000,-0.18,,,,,,,,,,,214.000,-0.07,214.300,-0.10,,,,,,,,,,,107.000,-0.06,,,,,,,,
107.050,-0.18,,,,,,,,,,,214.100,-0.07,214.400,-0.09,,,,,,,,,,,107.050,-0.06,,,,,,,,
107.100,-0.17,,,,,,,,,,,214.200,-0.06,214.500,-0.09,,,,,,,,,,,107.100,-0.05,,,,,,,,
107.150,-0.17,,,,,,,,,,,214.300,-0.07,214.600,-0.07,,,,,,,,,,,107.150,-0.06,,,,,,,,
107.200,-0.18,,,,,,,,,,,214.400,-0.06,214.700,-0.09,,,,,,,,,,,107.200,-0.05,,,,,,,,
107.250,-0.17,,,,,,,,,,,214.500,-0.06,214.800,-0.07,,,,,,,,,,,107.250,-0.05,,,,,,,,
107.300,-0.18,,,,,,,,,,,214.600,-0.06,214.900,-0.08,,,,,,,,,,,107.300,-0.06,,,,,,,,
107.350,-0.17,,,,,,,,,,,214.700,-0.06,215.000,-0.07,,,,,,,,,,,107.350,-0.06,,,,,,,,
107.400,-0.17,,,,,,,,,,,214.800,-0.07,215.100,-0.09,,,,,,,,,,,107.400,-0.05,,,,,,,,
107.450,-0.16,,,,,,,,,,,214.900,-0.08,215.200,-0.08,,,,,,,,,,,107.450,-0.06,,,,,,,,
107.500,-0.16,,,,,,,,,,,215.000,-0.07,215.300,-0.08,,,,,,,,,,,107.500,-0.06,,,,,,,,
107.550,-0.16,,,,,,,,,,,215.100,-0.06,215.400,-0.08,,,,,,,,,,,107.550,-0.05,,,,,,,,
107.600,-0.16,,,,,,,,,,,215.200,-0.06,215.500,-0.08,,,,,,,,,,,107.600,-0.05,,,,,,,,
107.650,-0.17,,,,,,,,,,,215.300,-0.05,215.600,-0.09,,,,,,,,,,,107.650,-0.05,,,,,,,,
107.700,-0.16,,,,,,,,,,,215.400,-0.06,215.700,-0.07,,,,,,,,,,,107.700,-0.05,,,,,,,,
107.750,-0.17,,,,,,,,,,,215.500,-0.06,215.800,-0.07,,,,,,,,,,,107.750,-0.06,,,,,,,,
107.800,-0.16,,,,,,,,,,,215.600,-0.07,215.900,-0.08,,,,,,,,,,,107.800,-0.07,,,,,,,,
107.850,-0.17,,,,,,,,,,,215.700,-0.07,216.000,-0.08,,,,,,,,,,,107.850,-0.06,,,,,,,,
107.900,-0.18,,,,,,,,,,,215.800,-0.06,216.100,-0.07,,,,,,,,,,,107.900,-0.07,,,,,,,,
107.950,-0.17,,,,,,,,,,,215.900,-0.06,216.200,-0.08,,,,,,,,,,,107.950,-0.07,,,,,,,,
108.000,-0.17,,,,,,,,,,,216.000,-0.06,216.300,-0.09,,,,,,,,,,,108.000,-0.06,,,,,,,,
108.050,-0.18,,,,,,,,,,,216.100,-0.06,216.400,-0.09,,,,,,,,,,,108.050,-0.06,,,,,,,,
108.100,-0.18,,,,,,,,,,,216.200,-0.06,216.500,-0.09,,,,,,,,,,,108.100,-0.06,,,,,,,,
108.150,-0.17,,,,,,,,,,,216.300,-0.07,216.600,-0.08,,,,,,,,,,,108.150,-0.06,,,,,,,,
108.200,-0.17,,,,,,,,,,,216.400,-0.07,216.700,-0.08,,,,,,,,,,,108.200,-0.06,,,,,,,,
108.250,-0.17,,,,,,,,,,,216.500,-0.05,216.800,-0.08,,,,,,,,,,,108.250,-0.07,,,,,,,,
108.300,-0.18,,,,,,,,,,,216.600,-0.05,216.900,-0.09,,,,,,,,,,,108.300,-0.06,,,,,,,,
108.350,-0.18,,,,,,,,,,,216.700,-0.05,217.000,-0.09,,,,,,,,,,,108.350,-0.07,,,,,,,,
108.400,-0.17,,,,,,,,,,,216.800,-0.06,217.100,-0.09,,,,,,,,,,,108.400,-0.06,,,,,,,,
108.450,-0.17,,,,,,,,,,,216.900,-0.05,217.200,-0.08,,,,,,,,,,,108.450,-0.06,,,,,,,,
108.500,-0.17,,,,,,,,,,,217.000,-0.06,217.300,-0.09,,,,,,,,,,,108.500,-0.06,,,,,,,,
108.550,-0.18,,,,,,,,,,,217.100,-0.06,217.400,-0.07,,,,,,,,,,,108.550,-0.07,,,,,,,,
108.600,-0.17,,,,,,,,,,,217.200,-0.05,217.500,-0.08,,,,,,,,,,,108.600,-0.06,,,,,,,,
108.650,-0.18,,,,,,,,,,,217.300,-0.06,217.600,-0.08,,,,,,,,,,,108.650,-0.06,,,,,,,,
108.700,-0.18,,,,,,,,,,,217.400,-0.04,217.700,-0.09,,,,,,,,,,,108.700,-0.05,,,,,,,,
108.750,-0.17,,,,,,,,,,,217.500,-0.05,217.800,-0.08,,,,,,,,,,,108.750,-0.07,,,,,,,,
108.800,-0.17,,,,,,,,,,,217.600,-0.05,217.900,-0.08,,,,,,,,,,,108.800,-0.06,,,,,,,,
108.850,-0.17,,,,,,,,,,,217.700,-0.06,218.000,-0.09,,,,,,,,,,,108.850,-0.06,,,,,,,,
108.900,-0.18,,,,,,,,,,,217.800,-0.06,218.100,-0.08,,,,,,,,,,,108.900,-0.05,,,,,,,,
108.950,-0.17,,,,,,,,,,,217.900,-0.06,218.200,-0.09,,,,,,,,,,,108.950,-0.06,,,,,,,,
109.000,-0.18,,,,,,,,,,,218.000,-0.06,218.300,-0.08,,,,,,,,,,,109.000,-0.05,,,,,,,,
109.050,-0.18,,,,,,,,,,,218.100,-0.06,218.400,-0.09,,,,,,,,,,,109.050,-0.06,,,,,,,,
109.100,-0.18,,,,,,,,,,,218.200,-0.05,218.500,-0.09,,,,,,,,,,,109.100,-0.06,,,,,,,,
109.150,-0.17,,,,,,,,,,,218.300,-0.06,218.600,-0.08,,,,,,,,,,,109.150,-0.06,,,,,,,,
109.200,-0.18,,,,,,,,,,,218.400,-0.06,218.700,-0.07,,,,,,,,,,,109.200,-0.07,,,,,,,,
109.250,-0.19,,,,,,,,,,,218.500,-0.06,218.800,-0.08,,,,,,,,,,,109.250,-0.06,,,,,,,,
109.300,-0.19,,,,,,,,,,,218.600,-0.06,218.900,-0.08,,,,,,,,,,,109.300,-0.05,,,,,,,,
109.350,-0.18,,,,,,,,,,,218.700,-0.04,219.000,-0.07,,,,,,,,,,,109.350,-0.05,,,,,,,,
109.400,-0.18,,,,,,,,,,,218.800,-0.06,219.100,-0.08,,,,,,,,,,,109.400,-0.06,,,,,,,,
109.450,-0.18,,,,,,,,,,,218.900,-0.06,219.200,-0.07,,,,,,,,,,,109.450,-0.06,,,,,,,,
109.500,-0.18,,,,,,,,,,,219.000,-0.05,219.300,-0.07,,,,,,,,,,,109.500,-0.06,,,,,,,,
109.550,-0.19,,,,,,,,,,,219.100,-0.06,219.400,-0.08,,,,,,,,,,,109.550,-0.05,,,,,,,,
109.600,-0.19,,,,,,,,,,,219.200,-0.05,219.500,-0.08,,,,,,,,,,,109.600,-0.06,,,,,,,,
109.650,-0.18,,,,,,,,,,,219.300,-0.06,219.600,-0.09,,,,,,,,,,,109.650,-0.06,,,,,,,,
109.700,-0.18,,,,,,,,,,,219.400,-0.06,219.700,-0.09,,,,,,,,,,,109.700,-0.06,,,,,,,,
109.750,-0.18,,,,,,,,,,,219.500,-0.06,219.800,-0.08,,,,,,,,,,,109.750,-0.07,,,,,,,,
109.800,-0.17,,,,,,,,,,,219.600,-0.07,219.900,-0.08,,,,,,,,,,,109.800,-0.07,,,,,,,,
109.850,-0.17,,,,,,,,,,,219.700,-0.07,220.000,-0.08,,,,,,,,,,,109.850,-0.06,,,,,,,,
109.900,-0.17,,,,,,,,,,,219.800,-0.07,220.100,-0.08,,,,,,,,,,,109.900,-0.05,,,,,,,,
109.950,-0.18,,,,,,,,,,,219.900,-0.07,220.200,-0.08,,,,,,,,,,,109.950,-0.06,,,,,,,,
110.000,-0.18,,,,,,,,,,,220.000,-0.07,220.300,-0.08,,,,,,,,,,,110.000,-0.06,,,,,,,,
110.050,-0.16,,,,,,,,,,,220.100,-0.05,220.400,-0.08,,,,,,,,,,,110.050,-0.07,,,,,,,,
110.100,-0.16,,,,,,,,,,,220.200,-0.06,220.500,-0.08,,,,,,,,,,,110.100,-0.06,,,,,,,,
110.150,-0.18,,,,,,,,,,,220.300,-0.07,220.600,-0.09,,,,,,,,,,,110.150,-0.06,,,,,,,,
110.200,-0.18,,,,,,,,,,,220.400,-0.07,220.700,-0.09,,,,,,,,,,,110.200,-0.06,,,,,,,,
110.250,-0.18,,,,,,,,,,,220.500,-0.05,220.800,-0.07,,,,,,,,,,,110.250,-0.06,,,,,,,,
,,,,,,,,,,,,220.600,-0.06,220.900,-0.09,,,,,,,,,,,110.300,-0.05,,,,,,,,
,,,,,,,,,,,,220.700,-0.06,221.000,-0.09,,,,,,,,,,,110.350,-0.06,,,,,,,,
,,,,,,,,,,,,220.800,-0.06,221.100,-0.08,,,,,,,,,,,110.400,-0.05,,,,,,,,
,,,,,,,,,,,,220.900,-0.06,221.200,-0.07,,,,,,,,,,,110.450,-0.05,,,,,,,,
,,,,,,,,,,,,221.000,-0.06,221.300,-0.09,,,,,,,,,,,110.500,-0.05,,,,,,,,
,,,,,,,,,,,,221.100,-0.06,221.400,-0.09,,,,,,,,,,,110.550,-0.05,,,,,,,,
,,,,,,,,,,,,221.200,-0.06,221.500,-0.08,,,,,,,,,,,110.600,-0.06,,,,,,,,
,,,,,,,,,,,,221.300,-0.06,221.600,-0.08,,,,,,,,,,,110.650,-0.04,,,,,,,,
,,,,,,,,,,,,221.400,-0.06,221.700,-0.07,,,,,,,,,,,110.700,-0.05,,,,,,,,
,,,,,,,,,,,,221.500,-0.07,221.800,-0.08,,,,,,,,,,,110.750,-0.05,,,,,,,,
,,,,,,,,,,,,221.600,-0.06,221.900,-0.08,,,,,,,,,,,110.800,-0.04,,,,,,,,
,,,,,,,,,,,,221.700,-0.06,222.000,-0.08,,,,,,,,,,,110.850,-0.05,,,,,,,,
,,,,,,,,,,,,221.800,-0.08,222.100,-0.08,,,,,,,,,,,110.900,-0.05,,,,,,,,
,,,,,,,,,,,,221.900,-0.07,222.200,-0.08,,,,,,,,,,,110.950,-0.06,,,,,,,,
,,,,,,,,,,,,222.000,-0.06,222.300,-0.08,,,,,,,,,,,111.000,-0.06,,,,,,,,
,,,,,,,,,,,,222.100,-0.08,222.400,-0.09,,,,,,,,,,,111.050,-0.06,,,,,,,,
,,,,,,,,,,,,222.200,-0.08,222.500,-0.09,,,,,,,,,,,111.100,-0.06,,,,,,,,
,,,,,,,,,,,,222.300,-0.07,222.600,-0.08,,,,,,,,,,,111.150,-0.05,,,,,,,,
,,,,,,,,,,,,222.400,-0.07,222.700,-0.09,,,,,,,,,,,111.200,-0.05,,,,,,,,
,,,,,,,,,,,,222.500,-0.08,222.800,-0.08,,,,,,,,,,,111.250,-0.05,,,,,,,,
,,,,,,,,,,,,222.600,-0.07,222.900,-0.09,,,,,,,,,,,111.300,-0.05,,,,,,,,
,,,,,,,,,,,,222.700,-0.07,223.000,-0.09,,,,,,,,,,,111.350,-0.06,,,,,,,,
,,,,,,,,,,,,222.800,-0.06,223.100,-0.08,,,,,,,,,,,111.400,-0.05,,,,,,,,
,,,,,,,,,,,,222.900,-0.08,223.200,-0.09,,,,,,,,,,,111.450,-0.05,,,,,,,,
,,,,,,,,,,,,223.000,-0.08,223.300,-0.10,,,,,,,,,,,111.500,-0.04,,,,,,,,
,,,,,,,,,,,,223.100,-0.07,223.400,-0.10,,,,,,,,,,,111.550,-0.05,,,,,,,,
,,,,,,,,,,,,223.200,-0.05,223.500,-0.10,,,,,,,,,,,111.600,-0.04,,,,,,,,
,,,,,,,,,,,,223.300,-0.07,223.600,-0.09,,,,,,,,,,,111.650,-0.04,,,,,,,,
,,,,,,,,,,,,223.400,-0.06,223.700,-0.09,,,,,,,,,,,111.700,-0.05,,,,,,,,
,,,,,,,,,,,,223.500,-0.07,223.800,-0.09,,,,,,,,,,,111.750,-0.05,,,,,,,,
,,,,,,,,,,,,223.600,-0.07,223.900,-0.08,,,,,,,,,,,111.800,-0.05,,,,,,,,
,,,,,,,,,,,,223.700,-0.07,224.000,-0.08,,,,,,,,,,,111.850,-0.05,,,,,,,,
,,,,,,,,,,,,223.800,-0.07,224.100,-0.09,,,,,,,,,,,111.900,-0.05,,,,,,,,
,,,,,,,,,,,,223.900,-0.06,224.200,-0.09,,,,,,,,,,,111.950,-0.05,,,,,,,,
,,,,,,,,,,,,224.000,-0.06,224.300,-0.11,,,,,,,,,,,112.000,-0.05,,,,,,,,
,,,,,,,,,,,,224.100,-0.05,224.400,-0.09,,,,,,,,,,,112.050,-0.05,,,,,,,,
,,,,,,,,,,,,224.200,-0.06,224.500,-0.09,,,,,,,,,,,112.100,-0.04,,,,,,,,
,,,,,,,,,,,,224.300,-0.05,224.600,-0.08,,,,,,,,,,,112.150,-0.06,,,,,,,,
,,,,,,,,,,,,224.400,-0.06,224.700,-0.08,,,,,,,,,,,112.200,-0.06,,,,,,,,
,,,,,,,,,,,,224.500,-0.07,224.800,-0.08,,,,,,,,,,,112.250,-0.06,,,,,,,,
,,,,,,,,,,,,224.600,-0.06,224.900,-0.09,,,,,,,,,,,112.300,-0.06,,,,,,,,
,,,,,,,,,,,,224.700,-0.06,225.000,-0.09,,,,,,,,,,,112.350,-0.06,,,,,,,,
,,,,,,,,,,,,224.800,-0.07,225.100,-0.09,,,,,,,,,,,112.400,-0.05,,,,,,,,
,,,,,,,,,,,,224.900,-0.07,225.200,-0.09,,,,,,,,,,,112.450,-0.06,,,,,,,,
,,,,,,,,,,,,225.000,-0.06,225.300,-0.09,,,,,,,,,,,112.500,-0.07,,,,,,,,
,,,,,,,,,,,,225.100,-0.07,225.400,-0.09,,,,,,,,,,,112.550,-0.07,,,,,,,,
,,,,,,,,,,,,225.200,-0.08,225.500,-0.09,,,,,,,,,,,112.600,-0.07,,,,,,,,
,,,,,,,,,,,,225.300,-0.07,225.600,-0.09,,,,,,,,,,,112.650,-0.07,,,,,,,,
,,,,,,,,,,,,225.400,-0.05,225.700,-0.09,,,,,,,,,,,112.700,-0.08,,,,,,,,
,,,,,,,,,,,,225.500,-0.06,225.800,-0.09,,,,,,,,,,,112.750,-0.07,,,,,,,,
,,,,,,,,,,,,225.600,-0.07,225.900,-0.09,,,,,,,,,,,112.800,-0.08,,,,,,,,
,,,,,,,,,,,,225.700,-0.06,226.000,-0.08,,,,,,,,,,,112.850,-0.08,,,,,,,,
,,,,,,,,,,,,225.800,-0.04,226.100,-0.08,,,,,,,,,,,112.900,-0.08,,,,,,,,
,,,,,,,,,,,,225.900,-0.06,226.200,-0.08,,,,,,,,,,,112.950,-0.08,,,,,,,,
,,,,,,,,,,,,226.000,-0.06,226.300,-0.09,,,,,,,,,,,113.000,-0.08,,,,,,,,
,,,,,,,,,,,,226.100,-0.06,226.400,-0.08,,,,,,,,,,,113.050,-0.08,,,,,,,,
,,,,,,,,,,,,226.200,-0.06,226.500,-0.09,,,,,,,,,,,113.100,-0.09,,,,,,,,
,,,,,,,,,,,,226.300,-0.07,226.600,-0.09,,,,,,,,,,,113.150,-0.08,,,,,,,,
,,,,,,,,,,,,226.400,-0.07,226.700,-0.09,,,,,,,,,,,113.200,-0.08,,,,,,,,
,,,,,,,,,,,,226.500,-0.06,226.800,-0.08,,,,,,,,,,,113.250,-0.08,,,,,,,,
,,,,,,,,,,,,226.600,-0.05,226.900,-0.09,,,,,,,,,,,113.300,-0.08,,,,,,,,
,,,,,,,,,,,,226.700,-0.06,227.000,-0.09,,,,,,,,,,,113.350,-0.08,,,,,,,,
,,,,,,,,,,,,226.800,-0.06,227.100,-0.08,,,,,,,,,,,113.400,-0.08,,,,,,,,
,,,,,,,,,,,,226.900,-0.06,227.200,-0.09,,,,,,,,,,,113.450,-0.08,,,,,,,,
,,,,,,,,,,,,227.000,-0.06,227.300,-0.08,,,,,,,,,,,113.500,-0.07,,,,,,,,
,,,,,,,,,,,,227.100,-0.05,227.400,-0.08,,,,,,,,,,,113.550,-0.07,,,,,,,,
,,,,,,,,,,,,227.200,-0.05,227.500,-0.08,,,,,,,,,,,113.600,-0.08,,,,,,,,
,,,,,,,,,,,,227.300,-0.05,227.600,-0.09,,,,,,,,,,,113.650,-0.07,,,,,,,,
,,,,,,,,,,,,227.400,-0.06,227.700,-0.09,,,,,,,,,,,113.700,-0.06,,,,,,,,
,,,,,,,,,,,,227.500,-0.05,227.800,-0.08,,,,,,,,,,,113.750,-0.06,,,,,,,,
,,,,,,,,,,,,227.600,-0.05,227.900,-0.09,,,,,,,,,,,113.800,-0.07,,,,,,,,
,,,,,,,,,,,,227.700,-0.05,228.000,-0.09,,,,,,,,,,,113.850,-0.08,,,,,,,,
,,,,,,,,,,,,227.800,-0.06,228.100,-0.08,,,,,,,,,,,113.900,-0.07,,,,,,,,
,,,,,,,,,,,,227.900,-0.05,228.200,-0.07,,,,,,,,,,,113.950,-0.07,,,,,,,,
,,,,,,,,,,,,228.000,-0.05,228.300,-0.08,,,,,,,,,,,114.000,-0.07,,,,,,,,
,,,,,,,,,,,,228.100,-0.06,228.400,-0.09,,,,,,,,,,,114.050,-0.07,,,,,,,,
,,,,,,,,,,,,228.200,-0.06,228.500,-0.08,,,,,,,,,,,114.100,-0.06,,,,,,,,
,,,,,,,,,,,,228.300,-0.06,228.600,-0.07,,,,,,,,,,,114.150,-0.07,,,,,,,,
,,,,,,,,,,,,228.400,-0.04,228.700,-0.07,,,,,,,,,,,114.200,-0.08,,,,,,,,
,,,,,,,,,,,,228.500,-0.05,228.800,-0.08,,,,,,,,,,,114.250,-0.08,,,,,,,,
,,,,,,,,,,,,228.600,-0.06,228.900,-0.08,,,,,,,,,,,114.300,-0.07,,,,,,,,
,,,,,,,,,,,,228.700,-0.06,229.000,-0.08,,,,,,,,,,,114.350,-0.06,,,,,,,,
,,,,,,,,,,,,228.800,-0.05,229.100,-0.08,,,,,,,,,,,114.400,-0.06,,,,,,,,
,,,,,,,,,,,,228.900,-0.06,229.200,-0.09,,,,,,,,,,,114.450,-0.07,,,,,,,,
,,,,,,,,,,,,229.000,-0.06,229.300,-0.08,,,,,,,,,,,114.500,-0.07,,,,,,,,
,,,,,,,,,,,,229.100,-0.05,229.400,-0.08,,,,,,,,,,,114.550,-0.07,,,,,,,,
,,,,,,,,,,,,229.200,-0.05,229.500,-0.09,,,,,,,,,,,114.600,-0.08,,,,,,,,
,,,,,,,,,,,,229.300,-0.05,229.600,-0.09,,,,,,,,,,,114.650,-0.07,,,,,,,,
,,,,,,,,,,,,229.400,-0.05,229.700,-0.08,,,,,,,,,,,114.700,-0.08,,,,,,,,
,,,,,,,,,,,,229.500,-0.05,229.800,-0.08,,,,,,,,,,,114.750,-0.07,,,,,,,,
,,,,,,,,,,,,229.600,-0.05,229.900,-0.07,,,,,,,,,,,114.800,-0.06,,,,,,,,
,,,,,,,,,,,,229.700,-0.06,230.000,-0.07,,,,,,,,,,,114.850,-0.06,,,,,,,,
,,,,,,,,,,,,229.800,-0.05,230.100,-0.08,,,,,,,,,,,114.900,-0.06,,,,,,,,
,,,,,,,,,,,,229.900,-0.06,230.200,-0.08,,,,,,,,,,,114.950,-0.06,,,,,,,,
,,,,,,,,,,,,230.000,-0.06,230.300,-0.07,,,,,,,,,,,115.000,-0.05,,,,,,,,
,,,,,,,,,,,,230.100,-0.06,230.400,-0.07,,,,,,,,,,,115.050,-0.05,,,,,,,,
,,,,,,,,,,,,230.200,-0.06,230.500,-0.08,,,,,,,,,,,115.100,-0.04,,,,,,,,
,,,,,,,,,,,,230.300,-0.05,230.600,-0.07,,,,,,,,,,,115.150,-0.06,,,,,,,,
,,,,,,,,,,,,230.400,-0.06,230.700,-0.08,,,,,,,,,,,115.200,-0.07,,,,,,,,
,,,,,,,,,,,,230.500,-0.05,230.800,-0.08,,,,,,,,,,,115.250,-0.07,,,,,,,,
,,,,,,,,,,,,230.600,-0.05,230.900,-0.08,,,,,,,,,,,115.300,-0.07,,,,,,,,
,,,,,,,,,,,,230.700,-0.05,231.000,-0.09,,,,,,,,,,,115.350,-0.08,,,,,,,,
,,,,,,,,,,,,230.800,-0.06,231.100,-0.09,,,,,,,,,,,115.400,-0.07,,,,,,,,
,,,,,,,,,,,,230.900,-0.06,231.200,-0.09,,,,,,,,,,,115.450,-0.07,,,,,,,,
,,,,,,,,,,,,231.000,-0.07,231.300,-0.08,,,,,,,,,,,115.500,-0.08,,,,,,,,
,,,,,,,,,,,,231.100,-0.06,231.400,-0.08,,,,,,,,,,,115.550,-0.07,,,,,,,,
,,,,,,,,,,,,231.200,-0.06,231.500,-0.08,,,,,,,,,,,115.600,-0.08,,,,,,,,
,,,,,,,,,,,,231.300,-0.06,231.600,-0.08,,,,,,,,,,,115.650,-0.07,,,,,,,,
,,,,,,,,,,,,231.400,-0.05,231.700,-0.09,,,,,,,,,,,115.700,-0.07,,,,,,,,
,,,,,,,,,,,,231.500,-0.06,231.800,-0.09,,,,,,,,,,,115.750,-0.07,,,,,,,,
,,,,,,,,,,,,231.600,-0.05,231.900,-0.10,,,,,,,,,,,115.800,-0.06,,,,,,,,
,,,,,,,,,,,,231.700,-0.05,232.000,-0.09,,,,,,,,,,,115.850,-0.06,,,,,,,,
,,,,,,,,,,,,231.800,-0.05,232.100,-0.08,,,,,,,,,,,115.900,-0.07,,,,,,,,
,,,,,,,,,,,,231.900,-0.06,232.200,-0.08,,,,,,,,,,,115.950,-0.07,,,,,,,,
,,,,,,,,,,,,232.000,-0.06,232.300,-0.07,,,,,,,,,,,116.000,-0.07,,,,,,,,
,,,,,,,,,,,,232.100,-0.04,232.400,-0.08,,,,,,,,,,,116.050,-0.08,,,,,,,,
,,,,,,,,,,,,232.200,-0.06,232.500,-0.07,,,,,,,,,,,116.100,-0.08,,,,,,,,
,,,,,,,,,,,,232.300,-0.04,232.600,-0.07,,,,,,,,,,,116.150,-0.08,,,,,,,,
,,,,,,,,,,,,232.400,-0.05,232.700,-0.08,,,,,,,,,,,116.200,-0.08,,,,,,,,
,,,,,,,,,,,,232.500,-0.06,232.800,-0.08,,,,,,,,,,,116.250,-0.08,,,,,,,,
,,,,,,,,,,,,232.600,-0.06,232.900,-0.07,,,,,,,,,,,116.300,-0.06,,,,,,,,
,,,,,,,,,,,,232.700,-0.07,233.000,-0.08,,,,,,,,,,,116.350,-0.06,,,,,,,,
,,,,,,,,,,,,232.800,-0.05,233.100,-0.09,,,,,,,,,,,116.400,-0.07,,,,,,,,
,,,,,,,,,,,,232.900,-0.07,233.200,-0.09,,,,,,,,,,,116.450,-0.07,,,,,,,,
,,,,,,,,,,,,233.000,-0.07,233.300,-0.08,,,,,,,,,,,116.500,-0.07,,,,,,,,
,,,,,,,,,,,,233.100,-0.06,233.400,-0.08,,,,,,,,,,,116.550,-0.07,,,,,,,,
,,,,,,,,,,,,233.200,-0.05,233.500,-0.10,,,,,,,,,,,116.600,-0.06,,,,,,,,
,,,,,,,,,,,,233.300,-0.07,233.600,-0.08,,,,,,,,,,,116.650,-0.07,,,,,,,,
,,,,,,,,,,,,233.400,-0.07,233.700,-0.08,,,,,,,,,,,116.700,-0.07,,,,,,,,
,,,,,,,,,,,,233.500,-0.06,233.800,-0.09,,,,,,,,,,,116.750,-0.07,,,,,,,,
,,,,,,,,,,,,233.600,-0.06,233.900,-0.08,,,,,,,,,,,116.800,-0.07,,,,,,,,
,,,,,,,,,,,,233.700,-0.06,234.000,-0.08,,,,,,,,,,,116.850,-0.07,,,,,,,,
,,,,,,,,,,,,233.800,-0.07,234.100,-0.07,,,,,,,,,,,116.900,-0.07,,,,,,,,
,,,,,,,,,,,,233.900,-0.07,234.200,-0.08,,,,,,,,,,,116.950,-0.07,,,,,,,,
,,,,,,,,,,,,234.000,-0.07,234.300,-0.08,,,,,,,,,,,117.000,-0.07,,,,,,,,
,,,,,,,,,,,,234.100,-0.05,234.400,-0.09,,,,,,,,,,,117.050,-0.07,,,,,,,,
,,,,,,,,,,,,234.200,-0.07,234.500,-0.08,,,,,,,,,,,117.100,-0.06,,,,,,,,
,,,,,,,,,,,,234.300,-0.06,234.600,-0.08,,,,,,,,,,,117.150,-0.07,,,,,,,,
,,,,,,,,,,,,234.400,-0.05,234.700,-0.08,,,,,,,,,,,117.200,-0.07,,,,,,,,
,,,,,,,,,,,,234.500,-0.06,234.800,-0.08,,,,,,,,,,,117.250,-0.07,,,,,,,,
,,,,,,,,,,,,234.600,-0.06,234.900,-0.09,,,,,,,,,,,117.300,-0.07,,,,,,,,
,,,,,,,,,,,,234.700,-0.07,235.000,-0.09,,,,,,,,,,,117.350,-0.07,,,,,,,,
,,,,,,,,,,,,234.800,-0.06,235.100,-0.09,,,,,,,,,,,117.400,-0.07,,,,,,,,
,,,,,,,,,,,,234.900,-0.06,235.200,-0.09,,,,,,,,,,,117.450,-0.07,,,,,,,,
,,,,,,,,,,,,235.000,-0.08,235.300,-0.09,,,,,,,,,,,117.500,-0.08,,,,,,,,
,,,,,,,,,,,,235.100,-0.06,235.400,-0.08,,,,,,,,,,,117.550,-0.07,,,,,,,,
,,,,,,,,,,,,235.200,-0.07,235.500,-0.08,,,,,,,,,,,117.600,-0.07,,,,,,,,
,,,,,,,,,,,,235.300,-0.07,235.600,-0.08,,,,,,,,,,,117.650,-0.06,,,,,,,,
,,,,,,,,,,,,235.400,-0.05,235.700,-0.08,,,,,,,,,,,117.700,-0.07,,,,,,,,
,,,,,,,,,,,,235.500,-0.07,235.800,-0.08,,,,,,,,,,,117.750,-0.07,,,,,,,,
,,,,,,,,,,,,235.600,-0.06,235.900,-0.08,,,,,,,,,,,117.800,-0.06,,,,,,,,
,,,,,,,,,,,,235.700,-0.06,236.000,-0.08,,,,,,,,,,,117.850,-0.07,,,,,,,,
,,,,,,,,,,,,235.800,-0.06,236.100,-0.08,,,,,,,,,,,117.900,-0.08,,,,,,,,
,,,,,,,,,,,,235.900,-0.06,236.200,-0.08,,,,,,,,,,,117.950,-0.07,,,,,,,,
,,,,,,,,,,,,236.000,-0.06,236.300,-0.09,,,,,,,,,,,118.000,-0.07,,,,,,,,
,,,,,,,,,,,,236.100,-0.07,236.400,-0.08,,,,,,,,,,,118.050,-0.07,,,,,,,,
,,,,,,,,,,,,236.200,-0.06,236.500,-0.08,,,,,,,,,,,118.100,-0.06,,,,,,,,
,,,,,,,,,,,,236.300,-0.08,236.600,-0.08,,,,,,,,,,,118.150,-0.07,,,,,,,,
,,,,,,,,,,,,236.400,-0.08,236.700,-0.08,,,,,,,,,,,118.200,-0.07,,,,,,,,
,,,,,,,,,,,,236.500,-0.08,236.800,-0.08,,,,,,,,,,,118.250,-0.07,,,,,,,,
,,,,,,,,,,,,236.600,-0.07,236.900,-0.08,,,,,,,,,,,118.300,-0.06,,,,,,,,
,,,,,,,,,,,,236.700,-0.07,237.000,-0.09,,,,,,,,,,,118.350,-0.07,,,,,,,,
,,,,,,,,,,,,236.800,-0.06,237.100,-0.09,,,,,,,,,,,118.400,-0.07,,,,,,,,
,,,,,,,,,,,,236.900,-0.07,237.200,-0.08,,,,,,,,,,,118.450,-0.07,,,,,,,,
,,,,,,,,,,,,237.000,-0.07,237.300,-0.08,,,,,,,,,,,118.500,-0.05,,,,,,,,
,,,,,,,,,,,,237.100,-0.06,237.400,-0.08,,,,,,,,,,,118.550,-0.07,,,,,,,,
,,,,,,,,,,,,237.200,-0.07,237.500,-0.09,,,,,,,,,,,118.600,-0.07,,,,,,,,
,,,,,,,,,,,,237.300,-0.05,237.600,-0.09,,,,,,,,,,,118.650,-0.08,,,,,,,,
,,,,,,,,,,,,237.400,-0.06,237.700,-0.10,,,,,,,,,,,118.700,-0.08,,,,,,,,
,,,,,,,,,,,,237.500,-0.06,237.800,-0.11,,,,,,,,,,,118.750,-0.08,,,,,,,,
,,,,,,,,,,,,237.600,-0.05,237.900,-0.10,,,,,,,,,,,118.800,-0.07,,,,,,,,
,,,,,,,,,,,,237.700,-0.05,238.000,-0.11,,,,,,,,,,,118.850,-0.06,,,,,,,,
,,,,,,,,,,,,237.800,-0.05,238.100,-0.10,,,,,,,,,,,118.900,-0.07,,,,,,,,
,,,,,,,,,,,,237.900,-0.05,238.200,-0.09,,,,,,,,,,,118.950,-0.08,,,,,,,,
,,,,,,,,,,,,238.000,-0.06,238.300,-0.08,,,,,,,,,,,119.000,-0.07,,,,,,,,
,,,,,,,,,,,,238.100,-0.05,238.400,-0.09,,,,,,,,,,,119.050,-0.06,,,,,,,,
,,,,,,,,,,,,238.200,-0.06,238.500,-0.10,,,,,,,,,,,119.100,-0.06,,,,,,,,
,,,,,,,,,,,,238.300,-0.07,238.600,-0.10,,,,,,,,,,,119.150,-0.06,,,,,,,,
,,,,,,,,,,,,238.400,-0.06,238.700,-0.10,,,,,,,,,,,119.200,-0.06,,,,,,,,
,,,,,,,,,,,,238.500,-0.05,238.800,-0.08,,,,,,,,,,,119.250,-0.06,,,,,,,,
,,,,,,,,,,,,238.600,-0.06,238.900,-0.09,,,,,,,,,,,119.300,-0.06,,,,,,,,
,,,,,,,,,,,,238.700,-0.07,239.000,-0.10,,,,,,,,,,,119.350,-0.06,,,,,,,,
,,,,,,,,,,,,238.800,-0.06,239.100,-0.09,,,,,,,,,,,119.400,-0.07,,,,,,,,
,,,,,,,,,,,,238.900,-0.06,239.200,-0.09,,,,,,,,,,,119.450,-0.07,,,,,,,,
,,,,,,,,,,,,239.000,-0.06,239.300,-0.10,,,,,,,,,,,119.500,-0.07,,,,,,,,
,,,,,,,,,,,,239.100,-0.06,239.400,-0.09,,,,,,,,,,,119.550,-0.05,,,,,,,,
,,,,,,,,,,,,239.200,-0.06,239.500,-0.09,,,,,,,,,,,119.600,-0.06,,,,,,,,
,,,,,,,,,,,,239.300,-0.06,239.600,-0.09,,,,,,,,,,,119.650,-0.07,,,,,,,,
,,,,,,,,,,,,239.400,-0.05,239.700,-0.09,,,,,,,,,,,119.700,-0.07,,,,,,,,
,,,,,,,,,,,,239.500,-0.07,239.800,-0.09,,,,,,,,,,,119.750,-0.06,,,,,,,,
,,,,,,,,,,,,239.600,-0.06,239.900,-0.09,,,,,,,,,,,119.800,-0.07,,,,,,,,
,,,,,,,,,,,,239.700,-0.06,240.000,-0.09,,,,,,,,,,,119.850,-0.08,,,,,,,,
,,,,,,,,,,,,239.800,-0.07,240.100,-0.09,,,,,,,,,,,119.900,-0.07,,,,,,,,
,,,,,,,,,,,,239.900,-0.06,240.200,-0.09,,,,,,,,,,,119.950,-0.07,,,,,,,,
,,,,,,,,,,,,240.000,-0.06,240.300,-0.07,,,,,,,,,,,120.000,-0.07,,,,,,,,
,,,,,,,,,,,,240.100,-0.06,240.400,-0.05,,,,,,,,,,,120.050,-0.06,,,,,,,,
,,,,,,,,,,,,240.200,-0.06,240.500,-0.04,,,,,,,,,,,120.100,-0.05,,,,,,,,
,,,,,,,,,,,,240.300,-0.05,240.600,-0.05,,,,,,,,,,,120.150,-0.05,,,,,,,,
,,,,,,,,,,,,240.400,-0.06,240.700,-0.05,,,,,,,,,,,120.200,-0.06,,,,,,,,
,,,,,,,,,,,,240.500,-0.07,240.800,-0.06,,,,,,,,,,,120.250,-0.07,,,,,,,,
,,,,,,,,,,,,240.600,-0.07,240.900,-0.06,,,,,,,,,,,120.300,-0.06,,,,,,,,
,,,,,,,,,,,,240.700,-0.07,241.000,-0.06,,,,,,,,,,,120.350,-0.07,,,,,,,,
,,,,,,,,,,,,240.800,-0.07,241.100,-0.07,,,,,,,,,,,120.400,-0.06,,,,,,,,
,,,,,,,,,,,,240.900,-0.08,241.200,-0.07,,,,,,,,,,,120.450,-0.06,,,,,,,,
,,,,,,,,,,,,241.000,-0.07,241.300,-0.08,,,,,,,,,,,120.500,-0.07,,,,,,,,
,,,,,,,,,,,,241.100,-0.07,241.400,-0.07,,,,,,,,,,,120.550,-0.08,,,,,,,,
,,,,,,,,,,,,241.200,-0.07,241.500,-0.06,,,,,,,,,,,120.600,-0.07,,,,,,,,
,,,,,,,,,,,,241.300,-0.06,241.600,-0.07,,,,,,,,,,,120.650,-0.07,,,,,,,,
,,,,,,,,,,,,241.400,-0.07,241.700,-0.07,,,,,,,,,,,120.700,-0.07,,,,,,,,
,,,,,,,,,,,,241.500,-0.07,241.800,-0.06,,,,,,,,,,,120.750,-0.08,,,,,,,,
,,,,,,,,,,,,241.600,-0.07,241.900,-0.07,,,,,,,,,,,120.800,-0.07,,,,,,,,
,,,,,,,,,,,,241.700,-0.07,242.000,-0.07,,,,,,,,,,,120.850,-0.08,,,,,,,,
,,,,,,,,,,,,241.800,-0.07,242.100,-0.07,,,,,,,,,,,120.900,-0.08,,,,,,,,
,,,,,,,,,,,,241.900,-0.06,242.200,-0.07,,,,,,,,,,,120.950,-0.07,,,,,,,,
,,,,,,,,,,,,242.000,-0.07,242.300,-0.06,,,,,,,,,,,121.000,-0.07,,,,,,,,
,,,,,,,,,,,,242.100,-0.06,242.400,-0.07,,,,,,,,,,,121.050,-0.08,,,,,,,,
,,,,,,,,,,,,242.200,-0.07,242.500,-0.06,,,,,,,,,,,121.100,-0.09,,,,,,,,
,,,,,,,,,,,,242.300,-0.07,242.600,-0.06,,,,,,,,,,,121.150,-0.08,,,,,,,,
,,,,,,,,,,,,242.400,-0.08,242.700,-0.06,,,,,,,,,,,121.200,-0.08,,,,,,,,
,,,,,,,,,,,,242.500,-0.07,242.800,-0.06,,,,,,,,,,,121.250,-0.08,,,,,,,,
,,,,,,,,,,,,242.600,-0.07,242.900,-0.07,,,,,,,,,,,121.300,-0.08,,,,,,,,
,,,,,,,,,,,,242.700,-0.07,243.000,-0.05,,,,,,,,,,,121.350,-0.09,,,,,,,,
,,,,,,,,,,,,242.800,-0.07,243.100,-0.07,,,,,,,,,,,121.400,-0.08,,,,,,,,
,,,,,,,,,,,,242.900,-0.07,243.200,-0.07,,,,,,,,,,,121.450,-0.09,,,,,,,,
,,,,,,,,,,,,243.000,-0.07,243.300,-0.06,,,,,,,,,,,121.500,-0.08,,,,,,,,
,,,,,,,,,,,,243.100,-0.06,243.400,-0.06,,,,,,,,,,,121.550,-0.08,,,,,,,,
,,,,,,,,,,,,243.200,-0.08,243.500,-0.07,,,,,,,,,,,121.600,-0.09,,,,,,,,
,,,,,,,,,,,,243.300,-0.06,243.600,-0.07,,,,,,,,,,,121.650,-0.08,,,,,,,,
,,,,,,,,,,,,243.400,-0.07,243.700,-0.07,,,,,,,,,,,121.700,-0.08,,,,,,,,
,,,,,,,,,,,,243.500,-0.06,243.800,-0.06,,,,,,,,,,,121.750,-0.08,,,,,,,,
,,,,,,,,,,,,243.600,-0.07,243.900,-0.07,,,,,,,,,,,121.800,-0.08,,,,,,,,
,,,,,,,,,,,,243.700,-0.08,244.000,-0.07,,,,,,,,,,,121.850,-0.08,,,,,,,,
,,,,,,,,,,,,243.800,-0.06,244.100,-0.06,,,,,,,,,,,121.900,-0.08,,,,,,,,
,,,,,,,,,,,,243.900,-0.06,244.200,-0.06,,,,,,,,,,,121.950,-0.08,,,,,,,,
,,,,,,,,,,,,244.000,-0.07,244.300,-0.06,,,,,,,,,,,122.000,-0.08,,,,,,,,
,,,,,,,,,,,,244.100,-0.06,244.400,-0.07,,,,,,,,,,,122.050,-0.08,,,,,,,,
,,,,,,,,,,,,244.200,-0.06,244.500,-0.06,,,,,,,,,,,122.100,-0.09,,,,,,,,
,,,,,,,,,,,,244.300,-0.06,244.600,-0.06,,,,,,,,,,,122.150,-0.08,,,,,,,,
,,,,,,,,,,,,244.400,-0.06,244.700,-0.06,,,,,,,,,,,122.200,-0.08,,,,,,,,
,,,,,,,,,,,,244.500,-0.06,244.800,-0.07,,,,,,,,,,,122.250,-0.08,,,,,,,,
,,,,,,,,,,,,244.600,-0.06,244.900,-0.06,,,,,,,,,,,122.300,-0.09,,,,,,,,
,,,,,,,,,,,,244.700,-0.05,245.000,-0.06,,,,,,,,,,,122.350,-0.09,,,,,,,,
,,,,,,,,,,,,244.800,-0.06,245.100,-0.07,,,,,,,,,,,122.400,-0.08,,,,,,,,
,,,,,,,,,,,,244.900,-0.06,245.200,-0.06,,,,,,,,,,,122.450,-0.08,,,,,,,,
,,,,,,,,,,,,245.000,-0.06,245.300,-0.06,,,,,,,,,,,122.500,-0.08,,,,,,,,
,,,,,,,,,,,,245.100,-0.06,245.400,-0.05,,,,,,,,,,,122.550,-0.08,,,,,,,,
,,,,,,,,,,,,245.200,-0.05,245.500,-0.05,,,,,,,,,,,122.600,-0.09,,,,,,,,
,,,,,,,,,,,,245.300,-0.07,245.600,-0.07,,,,,,,,,,,122.650,-0.09,,,,,,,,
,,,,,,,,,,,,245.400,-0.06,245.700,-0.06,,,,,,,,,,,122.700,-0.07,,,,,,,,
,,,,,,,,,,,,245.500,-0.05,245.800,-0.07,,,,,,,,,,,122.750,-0.08,,,,,,,,
,,,,,,,,,,,,245.600,-0.06,245.900,-0.07,,,,,,,,,,,122.800,-0.08,,,,,,,,
,,,,,,,,,,,,245.700,-0.06,246.000,-0.07,,,,,,,,,,,122.850,-0.07,,,,,,,,
,,,,,,,,,,,,245.800,-0.06,246.100,-0.07,,,,,,,,,,,122.900,-0.08,,,,,,,,
,,,,,,,,,,,,245.900,-0.07,246.200,-0.06,,,,,,,,,,,122.950,-0.08,,,,,,,,
,,,,,,,,,,,,246.000,-0.07,246.300,-0.07,,,,,,,,,,,123.000,-0.08,,,,,,,,
,,,,,,,,,,,,246.100,-0.07,246.400,-0.06,,,,,,,,,,,123.050,-0.09,,,,,,,,
,,,,,,,,,,,,246.200,-0.06,246.500,-0.05,,,,,,,,,,,123.100,-0.09,,,,,,,,
,,,,,,,,,,,,246.300,-0.06,246.600,-0.07,,,,,,,,,,,123.150,-0.08,,,,,,,,
,,,,,,,,,,,,246.400,-0.08,246.700,-0.07,,,,,,,,,,,123.200,-0.08,,,,,,,,
,,,,,,,,,,,,246.500,-0.07,246.800,-0.07,,,,,,,,,,,123.250,-0.09,,,,,,,,
,,,,,,,,,,,,246.600,-0.06,246.900,-0.06,,,,,,,,,,,123.300,-0.08,,,,,,,,
,,,,,,,,,,,,246.700,-0.07,247.000,-0.06,,,,,,,,,,,123.350,-0.08,,,,,,,,
,,,,,,,,,,,,246.800,-0.07,247.100,-0.06,,,,,,,,,,,123.400,-0.09,,,,,,,,
,,,,,,,,,,,,246.900,-0.06,247.200,-0.06,,,,,,,,,,,123.450,-0.08,,,,,,,,
,,,,,,,,,,,,247.000,-0.07,247.300,-0.07,,,,,,,,,,,123.500,-0.07,,,,,,,,
,,,,,,,,,,,,247.100,-0.07,247.400,-0.07,,,,,,,,,,,123.550,-0.08,,,,,,,,
,,,,,,,,,,,,247.200,-0.07,247.500,-0.06,,,,,,,,,,,123.600,-0.08,,,,,,,,
,,,,,,,,,,,,247.300,-0.06,247.600,-0.06,,,,,,,,,,,123.650,-0.07,,,,,,,,
,,,,,,,,,,,,247.400,-0.07,247.700,-0.06,,,,,,,,,,,123.700,-0.08,,,,,,,,
,,,,,,,,,,,,247.500,-0.08,247.800,-0.06,,,,,,,,,,,123.750,-0.08,,,,,,,,
,,,,,,,,,,,,247.600,-0.07,247.900,-0.06,,,,,,,,,,,123.800,-0.08,,,,,,,,
,,,,,,,,,,,,247.700,-0.07,248.000,-0.06,,,,,,,,,,,123.850,-0.09,,,,,,,,
,,,,,,,,,,,,247.800,-0.06,248.100,-0.06,,,,,,,,,,,123.900,-0.08,,,,,,,,
,,,,,,,,,,,,247.900,-0.07,248.200,-0.06,,,,,,,,,,,123.950,-0.08,,,,,,,,
,,,,,,,,,,,,248.000,-0.06,248.300,-0.06,,,,,,,,,,,124.000,-0.08,,,,,,,,
,,,,,,,,,,,,248.100,-0.07,248.400,-0.06,,,,,,,,,,,124.050,-0.08,,,,,,,,
,,,,,,,,,,,,248.200,-0.06,248.500,-0.05,,,,,,,,,,,124.100,-0.08,,,,,,,,
,,,,,,,,,,,,248.300,-0.06,248.600,-0.05,,,,,,,,,,,124.150,-0.08,,,,,,,,
,,,,,,,,,,,,248.400,-0.07,248.700,-0.05,,,,,,,,,,,124.200,-0.07,,,,,,,,
,,,,,,,,,,,,248.500,-0.07,248.800,-0.06,,,,,,,,,,,124.250,-0.08,,,,,,,,
,,,,,,,,,,,,248.600,-0.06,248.900,-0.06,,,,,,,,,,,124.300,-0.07,,,,,,,,
,,,,,,,,,,,,248.700,-0.07,249.000,-0.06,,,,,,,,,,,124.350,-0.08,,,,,,,,
,,,,,,,,,,,,248.800,-0.06,249.100,-0.07,,,,,,,,,,,124.400,-0.08,,,,,,,,
,,,,,,,,,,,,248.900,-0.08,249.200,-0.06,,,,,,,,,,,124.450,-0.07,,,,,,,,
,,,,,,,,,,,,249.000,-0.06,249.300,-0.05,,,,,,,,,,,124.500,-0.07,,,,,,,,
,,,,,,,,,,,,249.100,-0.07,249.400,-0.06,,,,,,,,,,,124.550,-0.08,,,,,,,,
,,,,,,,,,,,,249.200,-0.07,249.500,-0.07,,,,,,,,,,,124.600,-0.08,,,,,,,,
,,,,,,,,,,,,249.300,-0.06,249.600,-0.05,,,,,,,,,,,124.650,-0.07,,,,,,,,
,,,,,,,,,,,,249.400,-0.06,249.700,-0.06,,,,,,,,,,,124.700,-0.07,,,,,,,,
,,,,,,,,,,,,249.500,-0.07,249.800,-0.06,,,,,,,,,,,124.750,-0.07,,,,,,,,
,,,,,,,,,,,,249.600,-0.06,249.900,-0.06,,,,,,,,,,,124.800,-0.07,,,,,,,,
,,,,,,,,,,,,249.700,-0.07,250.000,-0.07,,,,,,,,,,,124.850,-0.07,,,,,,,,
,,,,,,,,,,,,249.800,-0.06,250.100,-0.06,,,,,,,,,,,124.900,-0.08,,,,,,,,
,,,,,,,,,,,,249.900,-0.07,250.200,-0.05,,,,,,,,,,,124.950,-0.07,,,,,,,,
,,,,,,,,,,,,250.000,-0.07,250.300,-0.06,,,,,,,,,,,125.000,-0.07,,,,,,,,
,,,,,,,,,,,,250.100,-0.07,250.400,-0.08,,,,,,,,,,,125.050,-0.07,,,,,,,,
,,,,,,,,,,,,250.200,-0.07,250.500,-0.06,,,,,,,,,,,125.100,-0.06,,,,,,,,
,,,,,,,,,,,,250.300,-0.08,250.600,-0.07,,,,,,,,,,,125.150,-0.06,,,,,,,,
,,,,,,,,,,,,250.400,-0.07,250.700,-0.07,,,,,,,,,,,125.200,-0.07,,,,,,,,
,,,,,,,,,,,,250.500,-0.07,250.800,-0.07,,,,,,,,,,,125.250,-0.07,,,,,,,,
,,,,,,,,,,,,250.600,-0.06,250.900,-0.06,,,,,,,,,,,125.300,-0.06,,,,,,,,
,,,,,,,,,,,,250.700,-0.07,251.000,-0.06,,,,,,,,,,,125.350,-0.06,,,,,,,,
,,,,,,,,,,,,250.800,-0.07,251.100,-0.07,,,,,,,,,,,125.400,-0.07,,,,,,,,
,,,,,,,,,,,,250.900,-0.07,251.200,-0.07,,,,,,,,,,,125.450,-0.07,,,,,,,,
,,,,,,,,,,,,251.000,-0.06,251.300,-0.06,,,,,,,,,,,125.500,-0.08,,,,,,,,
,,,,,,,,,,,,251.100,-0.07,251.400,-0.05,,,,,,,,,,,125.550,-0.06,,,,,,,,
,,,,,,,,,,,,251.200,-0.06,251.500,-0.06,,,,,,,,,,,125.600,-0.07,,,,,,,,
,,,,,,,,,,,,251.300,-0.05,251.600,-0.06,,,,,,,,,,,125.650,-0.06,,,,,,,,
,,,,,,,,,,,,251.400,-0.06,251.700,-0.05,,,,,,,,,,,125.700,-0.07,,,,,,,,
,,,,,,,,,,,,251.500,-0.07,251.800,-0.06,,,,,,,,,,,125.750,-0.08,,,,,,,,
,,,,,,,,,,,,251.600,-0.06,251.900,-0.06,,,,,,,,,,,125.800,-0.06,,,,,,,,
,,,,,,,,,,,,251.700,-0.06,252.000,-0.06,,,,,,,,,,,125.850,-0.06,,,,,,,,
,,,,,,,,,,,,251.800,-0.06,252.100,-0.05,,,,,,,,,,,125.900,-0.07,,,,,,,,
,,,,,,,,,,,,251.900,-0.07,252.200,-0.06,,,,,,,,,,,125.950,-0.07,,,,,,,,
,,,,,,,,,,,,252.000,-0.07,252.300,-0.06,,,,,,,,,,,126.000,-0.08,,,,,,,,
,,,,,,,,,,,,252.100,-0.06,252.400,-0.06,,,,,,,,,,,126.050,-0.08,,,,,,,,
,,,,,,,,,,,,252.200,-0.06,252.500,-0.07,,,,,,,,,,,126.100,-0.07,,,,,,,,
,,,,,,,,,,,,252.300,-0.07,252.600,-0.05,,,,,,,,,,,126.150,-0.06,,,,,,,,
,,,,,,,,,,,,252.400,-0.06,252.700,-0.07,,,,,,,,,,,126.200,-0.07,,,,,,,,
,,,,,,,,,,,,252.500,-0.06,252.800,-0.06,,,,,,,,,,,126.250,-0.08,,,,,,,,
,,,,,,,,,,,,252.600,-0.07,252.900,-0.06,,,,,,,,,,,126.300,-0.07,,,,,,,,
,,,,,,,,,,,,252.700,-0.08,253.000,-0.05,,,,,,,,,,,126.350,-0.08,,,,,,,,
,,,,,,,,,,,,252.800,-0.07,253.100,-0.04,,,,,,,,,,,126.400,-0.08,,,,,,,,
,,,,,,,,,,,,252.900,-0.06,253.200,-0.05,,,,,,,,,,,126.450,-0.08,,,,,,,,
,,,,,,,,,,,,253.000,-0.06,253.300,-0.06,,,,,,,,,,,126.500,-0.07,,,,,,,,
,,,,,,,,,,,,253.100,-0.06,253.400,-0.06,,,,,,,,,,,126.550,-0.07,,,,,,,,
,,,,,,,,,,,,253.200,-0.05,253.500,-0.06,,,,,,,,,,,126.600,-0.06,,,,,,,,
,,,,,,,,,,,,253.300,-0.07,253.600,-0.06,,,,,,,,,,,126.650,-0.06,,,,,,,,
,,,,,,,,,,,,253.400,-0.06,253.700,-0.06,,,,,,,,,,,126.700,-0.06,,,,,,,,
,,,,,,,,,,,,253.500,-0.06,253.800,-0.08,,,,,,,,,,,126.750,-0.06,,,,,,,,
,,,,,,,,,,,,253.600,-0.06,253.900,-0.07,,,,,,,,,,,126.800,-0.06,,,,,,,,
,,,,,,,,,,,,253.700,-0.06,254.000,-0.07,,,,,,,,,,,126.850,-0.06,,,,,,,,
,,,,,,,,,,,,253.800,-0.05,254.100,-0.07,,,,,,,,,,,126.900,-0.06,,,,,,,,
,,,,,,,,,,,,253.900,-0.06,254.200,-0.07,,,,,,,,,,,126.950,-0.08,,,,,,,,
,,,,,,,,,,,,254.000,-0.06,254.300,-0.07,,,,,,,,,,,127.000,-0.07,,,,,,,,
,,,,,,,,,,,,254.100,-0.06,254.400,-0.06,,,,,,,,,,,127.050,-0.06,,,,,,,,
,,,,,,,,,,,,254.200,-0.05,254.500,-0.07,,,,,,,,,,,127.100,-0.06,,,,,,,,
,,,,,,,,,,,,254.300,-0.05,254.600,-0.07,,,,,,,,,,,127.150,-0.06,,,,,,,,
,,,,,,,,,,,,254.400,-0.06,254.700,-0.07,,,,,,,,,,,127.200,-0.05,,,,,,,,
,,,,,,,,,,,,254.500,-0.06,254.800,-0.07,,,,,,,,,,,127.250,-0.06,,,,,,,,
,,,,,,,,,,,,254.600,-0.06,254.900,-0.08,,,,,,,,,,,127.300,-0.07,,,,,,,,
,,,,,,,,,,,,254.700,-0.05,255.000,-0.07,,,,,,,,,,,127.350,-0.07,,,,,,,,
,,,,,,,,,,,,254.800,-0.05,255.100,-0.07,,,,,,,,,,,127.400,-0.07,,,,,,,,
,,,,,,,,,,,,254.900,-0.05,255.200,-0.06,,,,,,,,,,,127.450,-0.07,,,,,,,,
,,,,,,,,,,,,255.000,-0.05,255.300,-0.07,,,,,,,,,,,127.500,-0.05,,,,,,,,
,,,,,,,,,,,,255.100,-0.07,255.400,-0.07,,,,,,,,,,,127.550,-0.05,,,,,,,,
,,,,,,,,,,,,255.200,-0.06,255.500,-0.06,,,,,,,,,,,127.600,-0.07,,,,,,,,
,,,,,,,,,,,,255.300,-0.06,255.600,-0.06,,,,,,,,,,,127.650,-0.07,,,,,,,,
,,,,,,,,,,,,255.400,-0.05,255.700,-0.06,,,,,,,,,,,127.700,-0.07,,,,,,,,
,,,,,,,,,,,,255.500,-0.05,255.800,-0.08,,,,,,,,,,,127.750,-0.06,,,,,,,,
,,,,,,,,,,,,255.600,-0.04,255.900,-0.08,,,,,,,,,,,127.800,-0.07,,,,,,,,
,,,,,,,,,,,,255.700,-0.05,256.000,-0.06,,,,,,,,,,,127.850,-0.07,,,,,,,,
,,,,,,,,,,,,255.800,-0.05,256.100,-0.07,,,,,,,,,,,127.900,-0.07,,,,,,,,
,,,,,,,,,,,,255.900,-0.06,256.200,-0.06,,,,,,,,,,,127.950,-0.07,,,,,,,,
,,,,,,,,,,,,256.000,-0.05,256.300,-0.06,,,,,,,,,,,128.000,-0.06,,,,,,,,
,,,,,,,,,,,,256.100,-0.06,256.400,-0.07,,,,,,,,,,,128.050,-0.08,,,,,,,,
,,,,,,,,,,,,256.200,-0.05,256.500,-0.07,,,,,,,,,,,128.100,-0.07,,,,,,,,
,,,,,,,,,,,,256.300,-0.05,256.600,-0.07,,,,,,,,,,,128.150,-0.07,,,,,,,,
,,,,,,,,,,,,256.400,-0.05,256.700,-0.06,,,,,,,,,,,128.200,-0.08,,,,,,,,
,,,,,,,,,,,,256.500,-0.05,256.800,-0.07,,,,,,,,,,,128.250,-0.07,,,,,,,,
,,,,,,,,,,,,256.600,-0.04,256.900,-0.06,,,,,,,,,,,128.300,-0.08,,,,,,,,
,,,,,,,,,,,,256.700,-0.06,257.000,-0.06,,,,,,,,,,,128.350,-0.07,,,,,,,,
,,,,,,,,,,,,256.800,-0.06,257.100,-0.05,,,,,,,,,,,128.400,-0.08,,,,,,,,
,,,,,,,,,,,,256.900,-0.07,257.200,-0.06,,,,,,,,,,,128.450,-0.08,,,,,,,,
,,,,,,,,,,,,257.000,-0.06,257.300,-0.06,,,,,,,,,,,128.500,-0.08,,,,,,,,
,,,,,,,,,,,,257.100,-0.07,257.400,-0.06,,,,,,,,,,,128.550,-0.08,,,,,,,,
,,,,,,,,,,,,257.200,-0.05,257.500,-0.06,,,,,,,,,,,128.600,-0.09,,,,,,,,
,,,,,,,,,,,,257.300,-0.05,257.600,-0.05,,,,,,,,,,,128.650,-0.09,,,,,,,,
,,,,,,,,,,,,257.400,-0.05,257.700,-0.06,,,,,,,,,,,128.700,-0.08,,,,,,,,
,,,,,,,,,,,,257.500,-0.05,257.800,-0.06,,,,,,,,,,,128.750,-0.08,,,,,,,,
,,,,,,,,,,,,257.600,-0.05,257.900,-0.05,,,,,,,,,,,128.800,-0.07,,,,,,,,
,,,,,,,,,,,,257.700,-0.05,258.000,-0.05,,,,,,,,,,,128.850,-0.08,,,,,,,,
,,,,,,,,,,,,257.800,-0.05,258.100,-0.06,,,,,,,,,,,128.900,-0.08,,,,,,,,
,,,,,,,,,,,,257.900,-0.05,258.200,-0.06,,,,,,,,,,,128.950,-0.08,,,,,,,,
,,,,,,,,,,,,258.000,-0.05,258.300,-0.05,,,,,,,,,,,129.000,-0.08,,,,,,,,
,,,,,,,,,,,,258.100,-0.04,258.400,-0.06,,,,,,,,,,,129.050,-0.07,,,,,,,,
,,,,,,,,,,,,258.200,-0.05,258.500,-0.05,,,,,,,,,,,129.100,-0.06,,,,,,,,
,,,,,,,,,,,,258.300,-0.04,258.600,-0.06,,,,,,,,,,,129.150,-0.07,,,,,,,,
,,,,,,,,,,,,258.400,-0.05,258.700,-0.05,,,,,,,,,,,129.200,-0.07,,,,,,,,
,,,,,,,,,,,,258.500,-0.05,258.800,-0.05,,,,,,,,,,,129.250,-0.07,,,,,,,,
,,,,,,,,,,,,258.600,-0.06,258.900,-0.07,,,,,,,,,,,129.300,-0.06,,,,,,,,
,,,,,,,,,,,,258.700,-0.06,259.000,-0.06,,,,,,,,,,,129.350,-0.07,,,,,,,,
,,,,,,,,,,,,258.800,-0.05,259.100,-0.06,,,,,,,,,,,129.400,-0.07,,,,,,,,
,,,,,,,,,,,,258.900,-0.06,259.200,-0.05,,,,,,,,,,,129.450,-0.07,,,,,,,,
,,,,,,,,,,,,259.000,-0.05,259.300,-0.07,,,,,,,,,,,129.500,-0.07,,,,,,,,
,,,,,,,,,,,,259.100,-0.07,259.400,-0.07,,,,,,,,,,,129.550,-0.06,,,,,,,,
,,,,,,,,,,,,259.200,-0.07,259.500,-0.06,,,,,,,,,,,129.600,-0.06,,,,,,,,
,,,,,,,,,,,,259.300,-0.06,259.600,-0.07,,,,,,,,,,,129.650,-0.05,,,,,,,,
,,,,,,,,,,,,259.400,-0.08,259.700,-0.07,,,,,,,,,,,129.700,-0.05,,,,,,,,
,,,,,,,,,,,,259.500,-0.08,259.800,-0.06,,,,,,,,,,,129.750,-0.07,,,,,,,,
,,,,,,,,,,,,259.600,-0.06,259.900,-0.07,,,,,,,,,,,129.800,-0.06,,,,,,,,
,,,,,,,,,,,,259.700,-0.06,260.000,-0.08,,,,,,,,,,,129.850,-0.06,,,,,,,,
,,,,,,,,,,,,259.800,-0.05,260.100,-0.06,,,,,,,,,,,129.900,-0.06,,,,,,,,
,,,,,,,,,,,,259.900,-0.06,260.200,-0.06,,,,,,,,,,,129.950,-0.06,,,,,,,,
,,,,,,,,,,,,260.000,-0.05,260.300,-0.06,,,,,,,,,,,130.000,-0.05,,,,,,,,
,,,,,,,,,,,,260.100,-0.05,260.400,-0.07,,,,,,,,,,,130.050,-0.06,,,,,,,,
,,,,,,,,,,,,260.200,-0.05,260.500,-0.07,,,,,,,,,,,130.100,-0.06,,,,,,,,
,,,,,,,,,,,,260.300,-0.04,260.600,-0.05,,,,,,,,,,,130.150,-0.06,,,,,,,,
,,,,,,,,,,,,260.400,-0.04,260.700,-0.06,,,,,,,,,,,130.200,-0.06,,,,,,,,
,,,,,,,,,,,,260.500,-0.05,260.800,-0.06,,,,,,,,,,,130.250,-0.07,,,,,,,,
,,,,,,,,,,,,260.600,-0.06,260.900,-0.06,,,,,,,,,,,130.300,-0.07,,,,,,,,
,,,,,,,,,,,,260.700,-0.07,261.000,-0.06,,,,,,,,,,,130.350,-0.06,,,,,,,,
,,,,,,,,,,,,260.800,-0.06,261.100,-0.06,,,,,,,,,,,130.400,-0.06,,,,,,,,
,,,,,,,,,,,,260.900,-0.06,261.200,-0.06,,,,,,,,,,,130.450,-0.07,,,,,,,,
,,,,,,,,,,,,261.000,-0.06,261.300,-0.07,,,,,,,,,,,130.500,-0.06,,,,,,,,
,,,,,,,,,,,,261.100,-0.06,261.400,-0.06,,,,,,,,,,,130.550,-0.07,,,,,,,,
,,,,,,,,,,,,261.200,-0.06,261.500,-0.07,,,,,,,,,,,130.600,-0.06,,,,,,,,
,,,,,,,,,,,,261.300,-0.06,261.600,-0.07,,,,,,,,,,,130.650,-0.05,,,,,,,,
,,,,,,,,,,,,261.400,-0.06,261.700,-0.07,,,,,,,,,,,130.700,-0.06,,,,,,,,
,,,,,,,,,,,,261.500,-0.05,261.800,-0.06,,,,,,,,,,,130.750,-0.06,,,,,,,,
,,,,,,,,,,,,261.600,-0.06,261.900,-0.07,,,,,,,,,,,130.800,-0.06,,,,,,,,
,,,,,,,,,,,,261.700,-0.06,262.000,-0.08,,,,,,,,,,,130.850,-0.06,,,,,,,,
,,,,,,,,,,,,261.800,-0.05,262.100,-0.07,,,,,,,,,,,130.900,-0.06,,,,,,,,
,,,,,,,,,,,,261.900,-0.06,262.200,-0.07,,,,,,,,,,,130.950,-0.05,,,,,,,,
,,,,,,,,,,,,262.000,-0.06,262.300,-0.08,,,,,,,,,,,131.000,-0.06,,,,,,,,
,,,,,,,,,,,,262.100,-0.05,262.400,-0.08,,,,,,,,,,,131.050,-0.07,,,,,,,,
,,,,,,,,,,,,262.200,-0.05,262.500,-0.08,,,,,,,,,,,131.100,-0.07,,,,,,,,
,,,,,,,,,,,,262.300,-0.05,262.600,-0.08,,,,,,,,,,,131.150,-0.06,,,,,,,,
,,,,,,,,,,,,262.400,-0.05,262.700,-0.08,,,,,,,,,,,131.200,-0.07,,,,,,,,
,,,,,,,,,,,,262.500,-0.06,262.800,-0.08,,,,,,,,,,,131.250,-0.07,,,,,,,,
,,,,,,,,,,,,262.600,-0.06,262.900,-0.07,,,,,,,,,,,131.300,-0.07,,,,,,,,
,,,,,,,,,,,,262.700,-0.07,263.000,-0.07,,,,,,,,,,,131.350,-0.07,,,,,,,,
,,,,,,,,,,,,262.800,-0.06,263.100,-0.08,,,,,,,,,,,131.400,-0.06,,,,,,,,
,,,,,,,,,,,,262.900,-0.06,263.200,-0.07,,,,,,,,,,,131.450,-0.06,,,,,,,,
,,,,,,,,,,,,263.000,-0.05,263.300,-0.07,,,,,,,,,,,131.500,-0.06,,,,,,,,
,,,,,,,,,,,,263.100,-0.06,263.400,-0.07,,,,,,,,,,,131.550,-0.07,,,,,,,,
,,,,,,,,,,,,263.200,-0.05,263.500,-0.08,,,,,,,,,,,131.600,-0.06,,,,,,,,
,,,,,,,,,,,,263.300,-0.05,263.600,-0.08,,,,,,,,,,,131.650,-0.08,,,,,,,,
,,,,,,,,,,,,263.400,-0.06,263.700,-0.06,,,,,,,,,,,131.700,-0.07,,,,,,,,
,,,,,,,,,,,,263.500,-0.05,263.800,-0.08,,,,,,,,,,,131.750,-0.07,,,,,,,,
,,,,,,,,,,,,263.600,-0.05,263.900,-0.08,,,,,,,,,,,131.800,-0.07,,,,,,,,
,,,,,,,,,,,,263.700,-0.06,264.000,-0.07,,,,,,,,,,,131.850,-0.08,,,,,,,,
,,,,,,,,,,,,263.800,-0.05,264.100,-0.08,,,,,,,,,,,131.900,-0.08,,,,,,,,
,,,,,,,,,,,,263.900,-0.06,264.200,-0.06,,,,,,,,,,,131.950,-0.07,,,,,,,,
,,,,,,,,,,,,264.000,-0.06,264.300,-0.07,,,,,,,,,,,132.000,-0.07,,,,,,,,
,,,,,,,,,,,,264.100,-0.05,264.400,-0.06,,,,,,,,,,,132.050,-0.07,,,,,,,,
,,,,,,,,,,,,264.200,-0.05,264.500,-0.07,,,,,,,,,,,132.100,-0.07,,,,,,,,
,,,,,,,,,,,,264.300,-0.06,264.600,-0.06,,,,,,,,,,,132.150,-0.08,,,,,,,,
,,,,,,,,,,,,264.400,-0.05,264.700,-0.06,,,,,,,,,,,132.200,-0.08,,,,,,,,
,,,,,,,,,,,,264.500,-0.06,264.800,-0.06,,,,,,,,,,,132.250,-0.07,,,,,,,,
,,,,,,,,,,,,264.600,-0.06,264.900,-0.05,,,,,,,,,,,132.300,-0.07,,,,,,,,
,,,,,,,,,,,,264.700,-0.06,265.000,-0.07,,,,,,,,,,,132.350,-0.06,,,,,,,,
,,,,,,,,,,,,264.800,-0.05,265.100,-0.07,,,,,,,,,,,132.400,-0.06,,,,,,,,
,,,,,,,,,,,,264.900,-0.05,265.200,-0.08,,,,,,,,,,,132.450,-0.06,,,,,,,,
,,,,,,,,,,,,265.000,-0.06,265.300,-0.06,,,,,,,,,,,132.500,-0.06,,,,,,,,
,,,,,,,,,,,,265.100,-0.05,265.400,-0.08,,,,,,,,,,,132.550,-0.06,,,,,,,,
,,,,,,,,,,,,265.200,-0.06,265.500,-0.08,,,,,,,,,,,132.600,-0.06,,,,,,,,
,,,,,,,,,,,,265.300,-0.06,265.600,-0.08,,,,,,,,,,,132.650,-0.07,,,,,,,,
,,,,,,,,,,,,265.400,-0.05,265.700,-0.07,,,,,,,,,,,132.700,-0.07,,,,,,,,
,,,,,,,,,,,,265.500,-0.06,265.800,-0.08,,,,,,,,,,,132.750,-0.06,,,,,,,,
,,,,,,,,,,,,265.600,-0.05,265.900,-0.09,,,,,,,,,,,132.800,-0.06,,,,,,,,
,,,,,,,,,,,,265.700,-0.07,266.000,-0.07,,,,,,,,,,,132.850,-0.06,,,,,,,,
,,,,,,,,,,,,265.800,-0.06,266.100,-0.07,,,,,,,,,,,132.900,-0.06,,,,,,,,
,,,,,,,,,,,,265.900,-0.06,266.200,-0.08,,,,,,,,,,,132.950,-0.07,,,,,,,,
,,,,,,,,,,,,266.000,-0.06,266.300,-0.06,,,,,,,,,,,133.000,-0.06,,,,,,,,
,,,,,,,,,,,,266.100,-0.06,266.400,-0.07,,,,,,,,,,,133.050,-0.07,,,,,,,,
,,,,,,,,,,,,266.200,-0.05,266.500,-0.06,,,,,,,,,,,133.100,-0.06,,,,,,,,
,,,,,,,,,,,,266.300,-0.05,266.600,-0.06,,,,,,,,,,,133.150,-0.06,,,,,,,,
,,,,,,,,,,,,266.400,-0.06,266.700,-0.06,,,,,,,,,,,133.200,-0.07,,,,,,,,
,,,,,,,,,,,,266.500,-0.06,266.800,-0.08,,,,,,,,,,,133.250,-0.07,,,,,,,,
,,,,,,,,,,,,266.600,-0.06,266.900,-0.08,,,,,,,,,,,133.300,-0.06,,,,,,,,
,,,,,,,,,,,,266.700,-0.06,267.000,-0.09,,,,,,,,,,,133.350,-0.07,,,,,,,,
,,,,,,,,,,,,266.800,-0.07,267.100,-0.08,,,,,,,,,,,133.400,-0.07,,,,,,,,
,,,,,,,,,,,,266.900,-0.06,267.200,-0.09,,,,,,,,,,,133.450,-0.07,,,,,,,,
,,,,,,,,,,,,267.000,-0.06,267.300,-0.07,,,,,,,,,,,133.500,-0.07,,,,,,,,
,,,,,,,,,,,,267.100,-0.06,267.400,-0.07,,,,,,,,,,,133.550,-0.06,,,,,,,,
,,,,,,,,,,,,267.200,-0.07,267.500,-0.07,,,,,,,,,,,133.600,-0.07,,,,,,,,
,,,,,,,,,,,,267.300,-0.06,267.600,-0.08,,,,,,,,,,,133.650,-0.07,,,,,,,,
,,,,,,,,,,,,267.400,-0.06,267.700,-0.08,,,,,,,,,,,133.700,-0.07,,,,,,,,
,,,,,,,,,,,,267.500,-0.06,267.800,-0.07,,,,,,,,,,,133.750,-0.07,,,,,,,,
,,,,,,,,,,,,267.600,-0.06,267.900,-0.08,,,,,,,,,,,133.800,-0.08,,,,,,,,
,,,,,,,,,,,,267.700,-0.05,268.000,-0.07,,,,,,,,,,,133.850,-0.07,,,,,,,,
,,,,,,,,,,,,267.800,-0.05,268.100,-0.08,,,,,,,,,,,133.900,-0.06,,,,,,,,
,,,,,,,,,,,,267.900,-0.05,268.200,-0.08,,,,,,,,,,,133.950,-0.07,,,,,,,,
,,,,,,,,,,,,268.000,-0.06,268.300,-0.08,,,,,,,,,,,134.000,-0.08,,,,,,,,
,,,,,,,,,,,,268.100,-0.06,268.400,-0.07,,,,,,,,,,,134.050,-0.08,,,,,,,,
,,,,,,,,,,,,268.200,-0.06,268.500,-0.07,,,,,,,,,,,134.100,-0.07,,,,,,,,
,,,,,,,,,,,,268.300,-0.06,268.600,-0.07,,,,,,,,,,,134.150,-0.08,,,,,,,,
,,,,,,,,,,,,268.400,-0.06,268.700,-0.07,,,,,,,,,,,134.200,-0.08,,,,,,,,
,,,,,,,,,,,,268.500,-0.08,268.800,-0.06,,,,,,,,,,,134.250,-0.08,,,,,,,,
,,,,,,,,,,,,268.600,-0.07,268.900,-0.05,,,,,,,,,,,134.300,-0.08,,,,,,,,
,,,,,,,,,,,,268.700,-0.06,269.000,-0.07,,,,,,,,,,,134.350,-0.08,,,,,,,,
,,,,,,,,,,,,268.800,-0.06,269.100,-0.07,,,,,,,,,,,134.400,-0.07,,,,,,,,
,,,,,,,,,,,,268.900,-0.08,269.200,-0.07,,,,,,,,,,,134.450,-0.08,,,,,,,,
,,,,,,,,,,,,269.000,-0.07,269.300,-0.07,,,,,,,,,,,134.500,-0.07,,,,,,,,
,,,,,,,,,,,,269.100,-0.08,269.400,-0.07,,,,,,,,,,,134.550,-0.07,,,,,,,,
,,,,,,,,,,,,269.200,-0.07,269.500,-0.08,,,,,,,,,,,134.600,-0.06,,,,,,,,
,,,,,,,,,,,,269.300,-0.06,269.600,-0.07,,,,,,,,,,,134.650,-0.06,,,,,,,,
,,,,,,,,,,,,269.400,-0.06,269.700,-0.07,,,,,,,,,,,134.700,-0.07,,,,,,,,
,,,,,,,,,,,,269.500,-0.07,269.800,-0.06,,,,,,,,,,,134.750,-0.07,,,,,,,,
,,,,,,,,,,,,269.600,-0.06,269.900,-0.07,,,,,,,,,,,134.800,-0.07,,,,,,,,
,,,,,,,,,,,,269.700,-0.07,270.000,-0.06,,,,,,,,,,,134.850,-0.06,,,,,,,,
,,,,,,,,,,,,269.800,-0.07,270.100,-0.06,,,,,,,,,,,134.900,-0.07,,,,,,,,
,,,,,,,,,,,,269.900,-0.07,270.200,-0.06,,,,,,,,,,,134.950,-0.06,,,,,,,,
,,,,,,,,,,,,270.000,-0.06,270.300,-0.08,,,,,,,,,,,135.000,-0.07,,,,,,,,
,,,,,,,,,,,,270.100,-0.07,270.400,-0.07,,,,,,,,,,,135.050,-0.07,,,,,,,,
,,,,,,,,,,,,270.200,-0.06,270.500,-0.07,,,,,,,,,,,135.100,-0.07,,,,,,,,
,,,,,,,,,,,,270.300,-0.06,270.600,-0.07,,,,,,,,,,,135.150,-0.07,,,,,,,,
,,,,,,,,,,,,270.400,-0.06,270.700,-0.08,,,,,,,,,,,135.200,-0.07,,,,,,,,
,,,,,,,,,,,,270.500,-0.06,270.800,-0.06,,,,,,,,,,,135.250,-0.06,,,,,,,,
,,,,,,,,,,,,270.600,-0.06,270.900,-0.07,,,,,,,,,,,135.300,-0.06,,,,,,,,
,,,,,,,,,,,,270.700,-0.06,271.000,-0.07,,,,,,,,,,,135.350,-0.06,,,,,,,,
,,,,,,,,,,,,270.800,-0.07,271.100,-0.07,,,,,,,,,,,135.400,-0.07,,,,,,,,
,,,,,,,,,,,,270.900,-0.06,271.200,-0.08,,,,,,,,,,,135.450,-0.06,,,,,,,,
,,,,,,,,,,,,271.000,-0.07,271.300,-0.07,,,,,,,,,,,135.500,-0.06,,,,,,,,
,,,,,,,,,,,,271.100,-0.06,271.400,-0.07,,,,,,,,,,,135.550,-0.06,,,,,,,,
,,,,,,,,,,,,271.200,-0.07,271.500,-0.08,,,,,,,,,,,135.600,-0.07,,,,,,,,
,,,,,,,,,,,,271.300,-0.08,271.600,-0.06,,,,,,,,,,,135.650,-0.07,,,,,,,,
,,,,,,,,,,,,271.400,-0.07,271.700,-0.08,,,,,,,,,,,135.700,-0.07,,,,,,,,
,,,,,,,,,,,,271.500,-0.06,271.800,-0.07,,,,,,,,,,,135.750,-0.07,,,,,,,,
,,,,,,,,,,,,271.600,-0.07,271.900,-0.08,,,,,,,,,,,135.800,-0.07,,,,,,,,
,,,,,,,,,,,,271.700,-0.06,272.000,-0.08,,,,,,,,,,,135.850,-0.07,,,,,,,,
,,,,,,,,,,,,271.800,-0.06,272.100,-0.08,,,,,,,,,,,135.900,-0.06,,,,,,,,
,,,,,,,,,,,,271.900,-0.06,272.200,-0.08,,,,,,,,,,,135.950,-0.07,,,,,,,,
,,,,,,,,,,,,272.000,-0.06,272.300,-0.08,,,,,,,,,,,136.000,-0.07,,,,,,,,
,,,,,,,,,,,,272.100,-0.07,272.400,-0.08,,,,,,,,,,,136.050,-0.07,,,,,,,,
,,,,,,,,,,,,272.200,-0.07,272.500,-0.08,,,,,,,,,,,136.100,-0.07,,,,,,,,
,,,,,,,,,,,,272.300,-0.06,272.600,-0.08,,,,,,,,,,,136.150,-0.07,,,,,,,,
,,,,,,,,,,,,272.400,-0.07,272.700,-0.07,,,,,,,,,,,136.200,-0.06,,,,,,,,
,,,,,,,,,,,,272.500,-0.06,272.800,-0.09,,,,,,,,,,,136.250,-0.08,,,,,,,,
,,,,,,,,,,,,272.600,-0.05,272.900,-0.08,,,,,,,,,,,136.300,-0.08,,,,,,,,
,,,,,,,,,,,,272.700,-0.07,273.000,-0.08,,,,,,,,,,,136.350,-0.07,,,,,,,,
,,,,,,,,,,,,272.800,-0.05,273.100,-0.07,,,,,,,,,,,136.400,-0.06,,,,,,,,
,,,,,,,,,,,,272.900,-0.08,273.200,-0.07,,,,,,,,,,,136.450,-0.07,,,,,,,,
,,,,,,,,,,,,273.000,-0.07,273.300,-0.08,,,,,,,,,,,136.500,-0.08,,,,,,,,
,,,,,,,,,,,,273.100,-0.08,273.400,-0.07,,,,,,,,,,,136.550,-0.07,,,,,,,,
,,,,,,,,,,,,273.200,-0.07,273.500,-0.08,,,,,,,,,,,136.600,-0.08,,,,,,,,
,,,,,,,,,,,,273.300,-0.07,273.600,-0.07,,,,,,,,,,,136.650,-0.07,,,,,,,,
,,,,,,,,,,,,273.400,-0.07,273.700,-0.07,,,,,,,,,,,136.700,-0.08,,,,,,,,
,,,,,,,,,,,,273.500,-0.08,273.800,-0.05,,,,,,,,,,,136.750,-0.07,,,,,,,,
,,,,,,,,,,,,273.600,-0.09,273.900,-0.07,,,,,,,,,,,136.800,-0.06,,,,,,,,
,,,,,,,,,,,,273.700,-0.08,274.000,-0.07,,,,,,,,,,,136.850,-0.07,,,,,,,,
,,,,,,,,,,,,273.800,-0.09,274.100,-0.07,,,,,,,,,,,136.900,-0.06,,,,,,,,
,,,,,,,,,,,,273.900,-0.08,274.200,-0.06,,,,,,,,,,,136.950,-0.06,,,,,,,,
,,,,,,,,,,,,274.000,-0.09,274.300,-0.07,,,,,,,,,,,137.000,-0.06,,,,,,,,
,,,,,,,,,,,,274.100,-0.07,274.400,-0.06,,,,,,,,,,,137.050,-0.06,,,,,,,,
,,,,,,,,,,,,274.200,-0.06,274.500,-0.06,,,,,,,,,,,137.100,-0.07,,,,,,,,
,,,,,,,,,,,,274.300,-0.07,274.600,-0.07,,,,,,,,,,,137.150,-0.06,,,,,,,,
,,,,,,,,,,,,274.400,-0.06,274.700,-0.07,,,,,,,,,,,137.200,-0.06,,,,,,,,
,,,,,,,,,,,,274.500,-0.06,274.800,-0.06,,,,,,,,,,,137.250,-0.05,,,,,,,,
,,,,,,,,,,,,274.600,-0.06,274.900,-0.07,,,,,,,,,,,137.300,-0.06,,,,,,,,
,,,,,,,,,,,,274.700,-0.07,275.000,-0.06,,,,,,,,,,,137.350,-0.05,,,,,,,,
,,,,,,,,,,,,274.800,-0.06,275.100,-0.07,,,,,,,,,,,137.400,-0.06,,,,,,,,
,,,,,,,,,,,,274.900,-0.08,275.200,-0.06,,,,,,,,,,,137.450,-0.05,,,,,,,,
,,,,,,,,,,,,275.000,-0.06,275.300,-0.07,,,,,,,,,,,137.500,-0.06,,,,,,,,
,,,,,,,,,,,,275.100,-0.07,275.400,-0.07,,,,,,,,,,,137.550,-0.06,,,,,,,,
,,,,,,,,,,,,275.200,-0.08,275.500,-0.06,,,,,,,,,,,137.600,-0.06,,,,,,,,
,,,,,,,,,,,,275.300,-0.07,275.600,-0.07,,,,,,,,,,,137.650,-0.06,,,,,,,,
,,,,,,,,,,,,275.400,-0.07,275.700,-0.06,,,,,,,,,,,137.700,-0.05,,,,,,,,
,,,,,,,,,,,,275.500,-0.07,275.800,-0.07,,,,,,,,,,,137.750,-0.05,,,,,,,,
,,,,,,,,,,,,275.600,-0.07,275.900,-0.08,,,,,,,,,,,137.800,-0.05,,,,,,,,
,,,,,,,,,,,,275.700,-0.06,276.000,-0.07,,,,,,,,,,,137.850,-0.05,,,,,,,,
,,,,,,,,,,,,275.800,-0.07,276.100,-0.06,,,,,,,,,,,137.900,-0.06,,,,,,,,
,,,,,,,,,,,,275.900,-0.07,276.200,-0.06,,,,,,,,,,,137.950,-0.05,,,,,,,,
,,,,,,,,,,,,276.000,-0.08,276.300,-0.06,,,,,,,,,,,138.000,-0.05,,,,,,,,
,,,,,,,,,,,,276.100,-0.08,276.400,-0.06,,,,,,,,,,,138.050,-0.05,,,,,,,,
,,,,,,,,,,,,276.200,-0.08,276.500,-0.05,,,,,,,,,,,138.100,-0.05,,,,,,,,
,,,,,,,,,,,,276.300,-0.07,276.600,-0.07,,,,,,,,,,,138.150,-0.05,,,,,,,,
,,,,,,,,,,,,276.400,-0.08,276.700,-0.07,,,,,,,,,,,138.200,-0.05,,,,,,,,
,,,,,,,,,,,,276.500,-0.08,276.800,-0.06,,,,,,,,,,,138.250,-0.06,,,,,,,,
,,,,,,,,,,,,276.600,-0.08,276.900,-0.05,,,,,,,,,,,138.300,-0.05,,,,,,,,
,,,,,,,,,,,,276.700,-0.07,277.000,-0.06,,,,,,,,,,,138.350,-0.05,,,,,,,,
,,,,,,,,,,,,276.800,-0.07,277.100,-0.06,,,,,,,,,,,138.400,-0.05,,,,,,,,
,,,,,,,,,,,,276.900,-0.07,277.200,-0.06,,,,,,,,,,,138.450,-0.06,,,,,,,,
,,,,,,,,,,,,277.000,-0.07,277.300,-0.07,,,,,,,,,,,138.500,-0.06,,,,,,,,
,,,,,,,,,,,,277.100,-0.06,277.400,-0.07,,,,,,,,,,,138.550,-0.06,,,,,,,,
,,,,,,,,,,,,277.200,-0.07,277.500,-0.07,,,,,,,,,,,138.600,-0.05,,,,,,,,
,,,,,,,,,,,,277.300,-0.06,277.600,-0.07,,,,,,,,,,,138.650,-0.04,,,,,,,,
,,,,,,,,,,,,277.400,-0.07,277.700,-0.08,,,,,,,,,,,138.700,-0.05,,,,,,,,
,,,,,,,,,,,,277.500,-0.06,277.800,-0.07,,,,,,,,,,,138.750,-0.06,,,,,,,,
,,,,,,,,,,,,277.600,-0.07,277.900,-0.07,,,,,,,,,,,138.800,-0.05,,,,,,,,
,,,,,,,,,,,,277.700,-0.07,278.000,-0.07,,,,,,,,,,,138.850,-0.05,,,,,,,,
,,,,,,,,,,,,277.800,-0.06,278.100,-0.07,,,,,,,,,,,138.900,-0.06,,,,,,,,
,,,,,,,,,,,,277.900,-0.06,278.200,-0.06,,,,,,,,,,,138.950,-0.06,,,,,,,,
,,,,,,,,,,,,278.000,-0.06,278.300,-0.07,,,,,,,,,,,139.000,-0.06,,,,,,,,
,,,,,,,,,,,,278.100,-0.06,278.400,-0.06,,,,,,,,,,,139.050,-0.05,,,,,,,,
,,,,,,,,,,,,278.200,-0.06,278.500,-0.06,,,,,,,,,,,139.100,-0.06,,,,,,,,
,,,,,,,,,,,,278.300,-0.06,278.600,-0.06,,,,,,,,,,,139.150,-0.06,,,,,,,,
,,,,,,,,,,,,278.400,-0.06,278.700,-0.08,,,,,,,,,,,139.200,-0.07,,,,,,,,
,,,,,,,,,,,,278.500,-0.06,278.800,-0.07,,,,,,,,,,,139.250,-0.07,,,,,,,,
,,,,,,,,,,,,278.600,-0.07,278.900,-0.06,,,,,,,,,,,139.300,-0.06,,,,,,,,
,,,,,,,,,,,,278.700,-0.06,279.000,-0.07,,,,,,,,,,,139.350,-0.06,,,,,,,,
,,,,,,,,,,,,278.800,-0.07,279.100,-0.07,,,,,,,,,,,139.400,-0.06,,,,,,,,
,,,,,,,,,,,,278.900,-0.07,279.200,-0.06,,,,,,,,,,,139.450,-0.06,,,,,,,,
,,,,,,,,,,,,279.000,-0.07,279.300,-0.07,,,,,,,,,,,139.500,-0.06,,,,,,,,
,,,,,,,,,,,,279.100,-0.07,279.400,-0.07,,,,,,,,,,,139.550,-0.04,,,,,,,,
,,,,,,,,,,,,279.200,-0.06,279.500,-0.07,,,,,,,,,,,139.600,-0.06,,,,,,,,
,,,,,,,,,,,,279.300,-0.07,279.600,-0.07,,,,,,,,,,,139.650,-0.06,,,,,,,,
,,,,,,,,,,,,279.400,-0.07,279.700,-0.06,,,,,,,,,,,139.700,-0.04,,,,,,,,
,,,,,,,,,,,,279.500,-0.06,279.800,-0.07,,,,,,,,,,,139.750,-0.05,,,,,,,,
,,,,,,,,,,,,279.600,-0.08,279.900,-0.07,,,,,,,,,,,139.800,-0.06,,,,,,,,
,,,,,,,,,,,,279.700,-0.07,280.000,-0.07,,,,,,,,,,,139.850,-0.06,,,,,,,,
,,,,,,,,,,,,279.800,-0.07,280.100,-0.07,,,,,,,,,,,139.900,-0.06,,,,,,,,
,,,,,,,,,,,,279.900,-0.07,280.200,-0.07,,,,,,,,,,,139.950,-0.05,,,,,,,,
,,,,,,,,,,,,280.000,-0.08,280.300,-0.07,,,,,,,,,,,140.000,-0.06,,,,,,,,
,,,,,,,,,,,,280.100,-0.06,280.400,-0.07,,,,,,,,,,,140.050,-0.06,,,,,,,,
,,,,,,,,,,,,280.200,-0.07,280.500,-0.08,,,,,,,,,,,140.100,-0.05,,,,,,,,
,,,,,,,,,,,,280.300,-0.06,280.600,-0.06,,,,,,,,,,,140.150,-0.05,,,,,,,,
,,,,,,,,,,,,280.400,-0.06,280.700,-0.08,,,,,,,,,,,140.200,-0.05,,,,,,,,
,,,,,,,,,,,,280.500,-0.06,280.800,-0.07,,,,,,,,,,,140.250,-0.05,,,,,,,,
,,,,,,,,,,,,280.600,-0.05,280.900,-0.07,,,,,,,,,,,140.300,-0.05,,,,,,,,
,,,,,,,,,,,,280.700,-0.06,281.000,-0.07,,,,,,,,,,,140.350,-0.05,,,,,,,,
,,,,,,,,,,,,280.800,-0.06,281.100,-0.08,,,,,,,,,,,140.400,-0.04,,,,,,,,
,,,,,,,,,,,,280.900,-0.05,281.200,-0.06,,,,,,,,,,,140.450,-0.05,,,,,,,,
,,,,,,,,,,,,281.000,-0.06,281.300,-0.07,,,,,,,,,,,140.500,-0.04,,,,,,,,
,,,,,,,,,,,,281.100,-0.07,281.400,-0.07,,,,,,,,,,,140.550,-0.05,,,,,,,,
,,,,,,,,,,,,281.200,-0.05,281.500,-0.06,,,,,,,,,,,140.600,-0.04,,,,,,,,
,,,,,,,,,,,,281.300,-0.06,281.600,-0.07,,,,,,,,,,,140.650,-0.05,,,,,,,,
,,,,,,,,,,,,281.400,-0.06,281.700,-0.07,,,,,,,,,,,140.700,-0.05,,,,,,,,
,,,,,,,,,,,,281.500,-0.07,281.800,-0.07,,,,,,,,,,,140.750,-0.04,,,,,,,,
,,,,,,,,,,,,281.600,-0.06,281.900,-0.06,,,,,,,,,,,140.800,-0.04,,,,,,,,
,,,,,,,,,,,,281.700,-0.06,282.000,-0.08,,,,,,,,,,,140.850,-0.04,,,,,,,,
,,,,,,,,,,,,281.800,-0.06,282.100,-0.07,,,,,,,,,,,140.900,-0.05,,,,,,,,
,,,,,,,,,,,,281.900,-0.05,282.200,-0.07,,,,,,,,,,,140.950,-0.05,,,,,,,,
,,,,,,,,,,,,282.000,-0.05,282.300,-0.06,,,,,,,,,,,141.000,-0.03,,,,,,,,
,,,,,,,,,,,,282.100,-0.06,282.400,-0.07,,,,,,,,,,,141.050,-0.05,,,,,,,,
,,,,,,,,,,,,282.200,-0.06,282.500,-0.06,,,,,,,,,,,141.100,-0.06,,,,,,,,
,,,,,,,,,,,,282.300,-0.07,282.600,-0.06,,,,,,,,,,,141.150,-0.05,,,,,,,,
,,,,,,,,,,,,282.400,-0.07,282.700,-0.07,,,,,,,,,,,141.200,-0.05,,,,,,,,
,,,,,,,,,,,,282.500,-0.06,282.800,-0.06,,,,,,,,,,,141.250,-0.05,,,,,,,,
,,,,,,,,,,,,282.600,-0.07,282.900,-0.07,,,,,,,,,,,141.300,-0.04,,,,,,,,
,,,,,,,,,,,,282.700,-0.06,283.000,-0.06,,,,,,,,,,,141.350,-0.05,,,,,,,,
,,,,,,,,,,,,282.800,-0.07,283.100,-0.06,,,,,,,,,,,141.400,-0.05,,,,,,,,
,,,,,,,,,,,,282.900,-0.06,283.200,-0.06,,,,,,,,,,,141.450,-0.05,,,,,,,,
,,,,,,,,,,,,283.000,-0.07,283.300,-0.05,,,,,,,,,,,141.500,-0.05,,,,,,,,
,,,,,,,,,,,,283.100,-0.07,283.400,-0.05,,,,,,,,,,,141.550,-0.04,,,,,,,,
,,,,,,,,,,,,283.200,-0.08,283.500,-0.06,,,,,,,,,,,141.600,-0.05,,,,,,,,
,,,,,,,,,,,,283.300,-0.07,283.600,-0.06,,,,,,,,,,,141.650,-0.05,,,,,,,,
,,,,,,,,,,,,283.400,-0.07,283.700,-0.06,,,,,,,,,,,141.700,-0.04,,,,,,,,
,,,,,,,,,,,,283.500,-0.07,283.800,-0.06,,,,,,,,,,,141.750,-0.04,,,,,,,,
,,,,,,,,,,,,283.600,-0.07,283.900,-0.05,,,,,,,,,,,141.800,-0.04,,,,,,,,
,,,,,,,,,,,,283.700,-0.08,284.000,-0.06,,,,,,,,,,,141.850,-0.02,,,,,,,,
,,,,,,,,,,,,283.800,-0.07,284.100,-0.06,,,,,,,,,,,141.900,-0.04,,,,,,,,
,,,,,,,,,,,,283.900,-0.07,284.200,-0.05,,,,,,,,,,,141.950,-0.02,,,,,,,,
,,,,,,,,,,,,284.000,-0.06,284.300,-0.05,,,,,,,,,,,142.000,-0.02,,,,,,,,
,,,,,,,,,,,,284.100,-0.06,284.400,-0.06,,,,,,,,,,,142.050,-0.01,,,,,,,,
,,,,,,,,,,,,284.200,-0.07,284.500,-0.06,,,,,,,,,,,142.100,-0.02,,,,,,,,
,,,,,,,,,,,,284.300,-0.07,284.600,-0.05,,,,,,,,,,,142.150,-0.02,,,,,,,,
,,,,,,,,,,,,284.400,-0.06,284.700,-0.05,,,,,,,,,,,142.200,-0.01,,,,,,,,
,,,,,,,,,,,,284.500,-0.07,284.800,-0.05,,,,,,,,,,,142.250,-0.02,,,,,,,,
,,,,,,,,,,,,284.600,-0.08,284.900,-0.06,,,,,,,,,,,142.300,-0.02,,,,,,,,
,,,,,,,,,,,,284.700,-0.07,285.000,-0.06,,,,,,,,,,,142.350,-0.02,,,,,,,,
,,,,,,,,,,,,284.800,-0.06,285.100,-0.07,,,,,,,,,,,142.400,-0.02,,,,,,,,
,,,,,,,,,,,,284.900,-0.07,285.200,-0.05,,,,,,,,,,,142.450,0.00,,,,,,,,
,,,,,,,,,,,,285.000,-0.07,285.300,-0.05,,,,,,,,,,,142.500,-0.02,,,,,,,,
,,,,,,,,,,,,285.100,-0.07,285.400,-0.06,,,,,,,,,,,142.550,0.01,,,,,,,,
,,,,,,,,,,,,285.200,-0.07,285.500,-0.06,,,,,,,,,,,142.600,0.00,,,,,,,,
,,,,,,,,,,,,285.300,-0.07,285.600,-0.06,,,,,,,,,,,142.650,-0.02,,,,,,,,
,,,,,,,,,,,,285.400,-0.07,285.700,-0.06,,,,,,,,,,,142.700,-0.01,,,,,,,,
,,,,,,,,,,,,285.500,-0.07,285.800,-0.06,,,,,,,,,,,142.750,0.00,,,,,,,,
,,,,,,,,,,,,285.600,-0.08,285.900,-0.06,,,,,,,,,,,142.800,-0.02,,,,,,,,
,,,,,,,,,,,,285.700,-0.07,286.000,-0.06,,,,,,,,,,,142.850,-0.01,,,,,,,,
,,,,,,,,,,,,285.800,-0.08,286.100,-0.07,,,,,,,,,,,142.900,-0.01,,,,,,,,
,,,,,,,,,,,,285.900,-0.09,286.200,-0.07,,,,,,,,,,,142.950,0.01,,,,,,,,
,,,,,,,,,,,,286.000,-0.07,286.300,-0.06,,,,,,,,,,,143.000,-7.51E-10,,,,,,,,
,,,,,,,,,,,,286.100,-0.06,286.400,-0.07,,,,,,,,,,,143.050,-7.51E-10,,,,,,,,
,,,,,,,,,,,,286.200,-0.07,286.500,-0.06,,,,,,,,,,,143.100,0.01,,,,,,,,
,,,,,,,,,,,,286.300,-0.07,286.600,-0.07,,,,,,,,,,,143.150,0.02,,,,,,,,
,,,,,,,,,,,,286.400,-0.07,286.700,-0.07,,,,,,,,,,,143.200,0.02,,,,,,,,
,,,,,,,,,,,,286.500,-0.06,286.800,-0.06,,,,,,,,,,,143.250,0.01,,,,,,,,
,,,,,,,,,,,,286.600,-0.07,286.900,-0.06,,,,,,,,,,,143.300,0.02,,,,,,,,
,,,,,,,,,,,,286.700,-0.07,287.000,-0.06,,,,,,,,,,,143.350,0.04,,,,,,,,
,,,,,,,,,,,,286.800,-0.06,287.100,-0.06,,,,,,,,,,,143.400,0.05,,,,,,,,
,,,,,,,,,,,,286.900,-0.06,287.200,-0.07,,,,,,,,,,,143.450,0.05,,,,,,,,
,,,,,,,,,,,,287.000,-0.06,287.300,-0.06,,,,,,,,,,,143.500,0.04,,,,,,,,
,,,,,,,,,,,,287.100,-0.06,287.400,-0.06,,,,,,,,,,,143.550,0.06,,,,,,,,
,,,,,,,,,,,,287.200,-0.05,287.500,-0.06,,,,,,,,,,,143.600,0.06,,,,,,,,
,,,,,,,,,,,,287.300,-0.06,287.600,-0.06,,,,,,,,,,,143.650,0.07,,,,,,,,
,,,,,,,,,,,,287.400,-0.05,287.700,-0.06,,,,,,,,,,,143.700,0.08,,,,,,,,
,,,,,,,,,,,,287.500,-0.05,287.800,-0.06,,,,,,,,,,,143.750,0.07,,,,,,,,
,,,,,,,,,,,,287.600,-0.07,287.900,-0.06,,,,,,,,,,,143.800,0.07,,,,,,,,
,,,,,,,,,,,,287.700,-0.08,288.000,-0.06,,,,,,,,,,,143.850,0.07,,,,,,,,
,,,,,,,,,,,,287.800,-0.07,288.100,-0.06,,,,,,,,,,,143.900,0.07,,,,,,,,
,,,,,,,,,,,,287.900,-0.08,288.200,-0.05,,,,,,,,,,,143.950,0.07,,,,,,,,
,,,,,,,,,,,,288.000,-0.06,288.300,-0.06,,,,,,,,,,,144.000,0.06,,,,,,,,
,,,,,,,,,,,,288.100,-0.06,288.400,-0.06,,,,,,,,,,,144.050,0.08,,,,,,,,
,,,,,,,,,,,,288.200,-0.07,288.500,-0.06,,,,,,,,,,,144.100,0.07,,,,,,,,
,,,,,,,,,,,,288.300,-0.07,288.600,-0.07,,,,,,,,,,,144.150,0.07,,,,,,,,
,,,,,,,,,,,,288.400,-0.08,288.700,-0.07,,,,,,,,,,,144.200,0.07,,,,,,,,
,,,,,,,,,,,,288.500,-0.07,288.800,-0.06,,,,,,,,,,,144.250,0.07,,,,,,,,
,,,,,,,,,,,,288.600,-0.07,288.900,-0.06,,,,,,,,,,,144.300,0.08,,,,,,,,
,,,,,,,,,,,,288.700,-0.08,289.000,-0.08,,,,,,,,,,,144.350,0.08,,,,,,,,
,,,,,,,,,,,,288.800,-0.07,289.100,-0.08,,,,,,,,,,,144.400,0.09,,,,,,,,
,,,,,,,,,,,,288.900,-0.06,289.200,-0.09,,,,,,,,,,,144.450,0.09,,,,,,,,
,,,,,,,,,,,,289.000,-0.06,289.300,-0.08,,,,,,,,,,,144.500,0.08,,,,,,,,
,,,,,,,,,,,,289.100,-0.08,289.400,-0.08,,,,,,,,,,,144.550,0.09,,,,,,,,
,,,,,,,,,,,,289.200,-0.09,289.500,-0.08,,,,,,,,,,,144.600,0.09,,,,,,,,
,,,,,,,,,,,,289.300,-0.08,289.600,-0.08,,,,,,,,,,,144.650,0.08,,,,,,,,
,,,,,,,,,,,,289.400,-0.07,289.700,-0.08,,,,,,,,,,,144.700,0.08,,,,,,,,
,,,,,,,,,,,,289.500,-0.08,289.800,-0.06,,,,,,,,,,,144.750,0.09,,,,,,,,
,,,,,,,,,,,,289.600,-0.08,289.900,-0.07,,,,,,,,,,,144.800,0.10,,,,,,,,
,,,,,,,,,,,,289.700,-0.07,290.000,-0.07,,,,,,,,,,,144.850,0.09,,,,,,,,
,,,,,,,,,,,,289.800,-0.08,290.100,-0.07,,,,,,,,,,,144.900,0.10,,,,,,,,
,,,,,,,,,,,,289.900,-0.08,290.200,-0.08,,,,,,,,,,,144.950,0.09,,,,,,,,
,,,,,,,,,,,,290.000,-0.07,290.300,-0.07,,,,,,,,,,,145.000,0.11,,,,,,,,
,,,,,,,,,,,,290.100,-0.07,290.400,-0.08,,,,,,,,,,,145.050,0.11,,,,,,,,
,,,,,,,,,,,,290.200,-0.07,290.500,-0.08,,,,,,,,,,,145.100,0.11,,,,,,,,
,,,,,,,,,,,,290.300,-0.06,290.600,-0.08,,,,,,,,,,,145.150,0.10,,,,,,,,
,,,,,,,,,,,,290.400,-0.07,290.700,-0.08,,,,,,,,,,,145.200,0.11,,,,,,,,
,,,,,,,,,,,,290.500,-0.07,290.800,-0.08,,,,,,,,,,,145.250,0.10,,,,,,,,
,,,,,,,,,,,,290.600,-0.08,290.900,-0.08,,,,,,,,,,,145.300,0.11,,,,,,,,
,,,,,,,,,,,,290.700,-0.06,291.000,-0.08,,,,,,,,,,,145.350,0.11,,,,,,,,
,,,,,,,,,,,,290.800,-0.06,291.100,-0.09,,,,,,,,,,,145.400,0.11,,,,,,,,
,,,,,,,,,,,,290.900,-0.07,291.200,-0.08,,,,,,,,,,,145.450,0.12,,,,,,,,
,,,,,,,,,,,,291.000,-0.07,291.300,-0.08,,,,,,,,,,,145.500,0.12,,,,,,,,
,,,,,,,,,,,,291.100,-0.07,291.400,-0.09,,,,,,,,,,,145.550,0.12,,,,,,,,
,,,,,,,,,,,,291.200,-0.07,291.500,-0.08,,,,,,,,,,,145.600,0.12,,,,,,,,
,,,,,,,,,,,,291.300,-0.06,291.600,-0.08,,,,,,,,,,,145.650,0.13,,,,,,,,
,,,,,,,,,,,,291.400,-0.07,291.700,-0.08,,,,,,,,,,,145.700,0.15,,,,,,,,
,,,,,,,,,,,,291.500,-0.07,291.800,-0.08,,,,,,,,,,,145.750,0.16,,,,,,,,
,,,,,,,,,,,,291.600,-0.07,291.900,-0.08,,,,,,,,,,,145.800,0.17,,,,,,,,
,,,,,,,,,,,,291.700,-0.07,292.000,-0.08,,,,,,,,,,,145.850,0.19,,,,,,,,
,,,,,,,,,,,,291.800,-0.07,292.100,-0.10,,,,,,,,,,,145.900,0.34,,,,,,,,
,,,,,,,,,,,,291.900,-0.06,292.200,-0.08,,,,,,,,,,,145.950,-0.06,,,,,,,,
,,,,,,,,,,,,292.000,-0.07,292.300,-0.08,,,,,,,,,,,146.000,-0.07,,,,,,,,
,,,,,,,,,,,,292.100,-0.07,292.400,-0.09,,,,,,,,,,,146.050,-0.07,,,,,,,,
,,,,,,,,,,,,292.200,-0.08,292.500,-0.09,,,,,,,,,,,146.100,-0.08,,,,,,,,
,,,,,,,,,,,,292.300,-0.08,292.600,-0.09,,,,,,,,,,,146.150,-0.08,,,,,,,,
,,,,,,,,,,,,292.400,-0.08,292.700,-0.09,,,,,,,,,,,146.200,-0.09,,,,,,,,
,,,,,,,,,,,,292.500,-0.07,292.800,-0.09,,,,,,,,,,,146.250,-0.08,,,,,,,,
,,,,,,,,,,,,292.600,-0.07,292.900,-0.09,,,,,,,,,,,146.300,-0.08,,,,,,,,
,,,,,,,,,,,,292.700,-0.06,293.000,-0.09,,,,,,,,,,,146.350,-0.08,,,,,,,,
,,,,,,,,,,,,292.800,-0.06,293.100,-0.09,,,,,,,,,,,146.400,-0.08,,,,,,,,
,,,,,,,,,,,,292.900,-0.06,293.200,-0.08,,,,,,,,,,,146.450,-0.07,,,,,,,,
,,,,,,,,,,,,293.000,-0.06,293.300,-0.08,,,,,,,,,,,146.500,-0.08,,,,,,,,
,,,,,,,,,,,,293.100,-0.06,293.400,-0.09,,,,,,,,,,,146.550,-0.06,,,,,,,,
,,,,,,,,,,,,293.200,-0.08,293.500,-0.09,,,,,,,,,,,146.600,-0.07,,,,,,,,
,,,,,,,,,,,,293.300,-0.08,293.600,-0.10,,,,,,,,,,,146.650,-0.07,,,,,,,,
,,,,,,,,,,,,293.400,-0.07,293.700,-0.10,,,,,,,,,,,146.700,-0.07,,,,,,,,
,,,,,,,,,,,,293.500,-0.06,293.800,-0.09,,,,,,,,,,,146.750,-0.07,,,,,,,,
,,,,,,,,,,,,293.600,-0.07,293.900,-0.09,,,,,,,,,,,146.800,-0.08,,,,,,,,
,,,,,,,,,,,,293.700,-0.07,294.000,-0.08,,,,,,,,,,,146.850,-0.06,,,,,,,,
,,,,,,,,,,,,293.800,-0.06,294.100,-0.09,,,,,,,,,,,146.900,-0.07,,,,,,,,
,,,,,,,,,,,,293.900,-0.07,294.200,-0.09,,,,,,,,,,,146.950,-0.06,,,,,,,,
,,,,,,,,,,,,294.000,-0.07,294.300,-0.09,,,,,,,,,,,147.000,-0.07,,,,,,,,
,,,,,,,,,,,,294.100,-0.07,294.400,-0.08,,,,,,,,,,,147.050,-0.07,,,,,,,,
,,,,,,,,,,,,294.200,-0.06,294.500,-0.08,,,,,,,,,,,147.100,-0.07,,,,,,,,
,,,,,,,,,,,,294.300,-0.07,294.600,-0.09,,,,,,,,,,,147.150,-0.07,,,,,,,,
,,,,,,,,,,,,294.400,-0.06,294.700,-0.08,,,,,,,,,,,147.200,-0.07,,,,,,,,
,,,,,,,,,,,,294.500,-0.07,294.800,-0.08,,,,,,,,,,,147.250,-0.07,,,,,,,,
,,,,,,,,,,,,294.600,-0.08,294.900,-0.09,,,,,,,,,,,147.300,-0.06,,,,,,,,
,,,,,,,,,,,,294.700,-0.07,295.000,-0.08,,,,,,,,,,,147.350,-0.07,,,,,,,,
,,,,,,,,,,,,294.800,-0.07,295.100,-0.10,,,,,,,,,,,147.400,-0.07,,,,,,,,
,,,,,,,,,,,,294.900,-0.06,295.200,-0.09,,,,,,,,,,,147.450,-0.06,,,,,,,,
,,,,,,,,,,,,295.000,-0.05,295.300,-0.09,,,,,,,,,,,147.500,-0.06,,,,,,,,
,,,,,,,,,,,,295.100,-0.07,295.400,-0.09,,,,,,,,,,,147.550,-0.08,,,,,,,,
,,,,,,,,,,,,295.200,-0.06,295.500,-0.08,,,,,,,,,,,147.600,-0.06,,,,,,,,
,,,,,,,,,,,,295.300,-0.06,295.600,-0.09,,,,,,,,,,,147.650,-0.06,,,,,,,,
,,,,,,,,,,,,295.400,-0.06,295.700,-0.08,,,,,,,,,,,147.700,-0.07,,,,,,,,
,,,,,,,,,,,,295.500,-0.06,295.800,-0.09,,,,,,,,,,,147.750,-0.07,,,,,,,,
,,,,,,,,,,,,295.600,-0.06,295.900,-0.09,,,,,,,,,,,147.800,-0.08,,,,,,,,
,,,,,,,,,,,,295.700,-0.08,296.000,-0.08,,,,,,,,,,,147.850,-0.07,,,,,,,,
,,,,,,,,,,,,295.800,-0.08,296.100,-0.09,,,,,,,,,,,147.900,-0.08,,,,,,,,
,,,,,,,,,,,,295.900,-0.06,296.200,-0.09,,,,,,,,,,,147.950,-0.08,,,,,,,,
,,,,,,,,,,,,296.000,-0.06,296.300,-0.09,,,,,,,,,,,148.000,-0.08,,,,,,,,
,,,,,,,,,,,,296.100,-0.06,296.400,-0.09,,,,,,,,,,,148.050,-0.08,,,,,,,,
,,,,,,,,,,,,296.200,-0.06,296.500,-0.08,,,,,,,,,,,148.100,-0.07,,,,,,,,
,,,,,,,,,,,,296.300,-0.05,296.600,-0.09,,,,,,,,,,,148.150,-0.07,,,,,,,,
,,,,,,,,,,,,296.400,-0.06,296.700,-0.07,,,,,,,,,,,148.200,-0.07,,,,,,,,
,,,,,,,,,,,,296.500,-0.05,296.800,-0.08,,,,,,,,,,,148.250,-0.08,,,,,,,,
,,,,,,,,,,,,296.600,-0.06,296.900,-0.09,,,,,,,,,,,148.300,-0.08,,,,,,,,
,,,,,,,,,,,,296.700,-0.07,297.000,-0.08,,,,,,,,,,,148.350,-0.07,,,,,,,,
,,,,,,,,,,,,296.800,-0.07,297.100,-0.07,,,,,,,,,,,148.400,-0.07,,,,,,,,
,,,,,,,,,,,,296.900,-0.06,297.200,-0.04,,,,,,,,,,,148.450,-0.07,,,,,,,,
,,,,,,,,,,,,297.000,-0.06,297.300,-0.06,,,,,,,,,,,148.500,-0.08,,,,,,,,
,,,,,,,,,,,,297.100,-0.06,297.400,-0.06,,,,,,,,,,,148.550,-0.08,,,,,,,,
,,,,,,,,,,,,297.200,-0.06,297.500,-0.08,,,,,,,,,,,148.600,-0.07,,,,,,,,
,,,,,,,,,,,,297.300,-0.06,297.600,-0.07,,,,,,,,,,,148.650,-0.08,,,,,,,,
,,,,,,,,,,,,297.400,-0.06,297.700,-0.07,,,,,,,,,,,148.700,-0.07,,,,,,,,
,,,,,,,,,,,,297.500,-0.08,297.800,-0.06,,,,,,,,,,,148.750,-0.07,,,,,,,,
,,,,,,,,,,,,297.600,-0.07,297.900,-0.08,,,,,,,,,,,148.800,-0.08,,,,,,,,
,,,,,,,,,,,,297.700,-0.07,298.000,-0.07,,,,,,,,,,,148.850,-0.08,,,,,,,,
,,,,,,,,,,,,297.800,-0.07,298.100,-0.06,,,,,,,,,,,148.900,-0.08,,,,,,,,
,,,,,,,,,,,,297.900,-0.07,298.200,-0.06,,,,,,,,,,,148.950,-0.07,,,,,,,,
,,,,,,,,,,,,298.000,-0.07,298.300,-0.08,,,,,,,,,,,149.000,-0.06,,,,,,,,
,,,,,,,,,,,,298.100,-0.08,298.400,-0.06,,,,,,,,,,,149.050,-0.07,,,,,,,,
,,,,,,,,,,,,298.200,-0.07,298.500,-0.07,,,,,,,,,,,149.100,-0.07,,,,,,,,
,,,,,,,,,,,,298.300,-0.07,298.600,-0.06,,,,,,,,,,,149.150,-0.08,,,,,,,,
,,,,,,,,,,,,298.400,-0.07,298.700,-0.08,,,,,,,,,,,149.200,-0.08,,,,,,,,
,,,,,,,,,,,,298.500,-0.06,298.800,-0.07,,,,,,,,,,,149.250,-0.08,,,,,,,,
,,,,,,,,,,,,298.600,-0.06,298.900,-0.08,,,,,,,,,,,149.300,-0.08,,,,,,,,
,,,,,,,,,,,,298.700,-0.07,299.000,-0.07,,,,,,,,,,,149.350,-0.08,,,,,,,,
,,,,,,,,,,,,298.800,-0.07,299.100,-0.08,,,,,,,,,,,149.400,-0.09,,,,,,,,
,,,,,,,,,,,,298.900,-0.07,299.200,-0.07,,,,,,,,,,,149.450,-0.08,,,,,,,,
,,,,,,,,,,,,299.000,-0.07,299.300,-0.08,,,,,,,,,,,149.500,-0.08,,,,,,,,
,,,,,,,,,,,,299.100,-0.06,299.400,-0.09,,,,,,,,,,,149.550,-0.08,,,,,,,,
,,,,,,,,,,,,299.200,-0.07,299.500,-0.07,,,,,,,,,,,149.600,-0.08,,,,,,,,
,,,,,,,,,,,,299.300,-0.07,299.600,-0.06,,,,,,,,,,,149.650,-0.08,,,,,,,,
,,,,,,,,,,,,299.400,-0.08,299.700,-0.07,,,,,,,,,,,149.700,-0.08,,,,,,,,
,,,,,,,,,,,,299.500,-0.08,299.800,-0.08,,,,,,,,,,,149.750,-0.09,,,,,,,,
,,,,,,,,,,,,299.600,-0.06,299.900,-0.08,,,,,,,,,,,149.800,-0.08,,,,,,,,
,,,,,,,,,,,,299.700,-0.07,300.000,-0.08,,,,,,,,,,,149.850,-0.09,,,,,,,,
,,,,,,,,,,,,299.800,-0.08,300.100,-0.08,,,,,,,,,,,149.900,-0.08,,,,,,,,
,,,,,,,,,,,,299.900,-0.06,300.200,-0.08,,,,,,,,,,,149.950,-0.09,,,,,,,,
,,,,,,,,,,,,300.000,-0.06,300.300,-0.08,,,,,,,,,,,150.000,-0.08,,,,,,,,
,,,,,,,,,,,,300.100,-0.06,300.400,-0.09,,,,,,,,,,,150.050,-0.09,,,,,,,,
,,,,,,,,,,,,300.200,-0.07,300.500,-0.09,,,,,,,,,,,150.100,-0.07,,,,,,,,
,,,,,,,,,,,,300.300,-0.06,300.600,-0.09,,,,,,,,,,,150.150,-0.08,,,,,,,,
,,,,,,,,,,,,300.400,-0.06,300.700,-0.08,,,,,,,,,,,150.200,-0.07,,,,,,,,
,,,,,,,,,,,,300.500,-0.06,300.800,-0.07,,,,,,,,,,,150.250,-0.08,,,,,,,,
,,,,,,,,,,,,300.600,-0.07,300.900,-0.06,,,,,,,,,,,150.300,-0.07,,,,,,,,
,,,,,,,,,,,,300.700,-0.06,301.000,-0.08,,,,,,,,,,,150.350,-0.08,,,,,,,,
,,,,,,,,,,,,300.800,-0.07,301.100,-0.06,,,,,,,,,,,150.400,-0.07,,,,,,,,
,,,,,,,,,,,,300.900,-0.07,301.200,-0.06,,,,,,,,,,,150.450,-0.07,,,,,,,,
,,,,,,,,,,,,301.000,-0.07,301.300,-0.08,,,,,,,,,,,150.500,-0.07,,,,,,,,
,,,,,,,,,,,,301.100,-0.07,301.400,-0.07,,,,,,,,,,,150.550,-0.07,,,,,,,,
,,,,,,,,,,,,301.200,-0.08,301.500,-0.09,,,,,,,,,,,150.600,-0.08,,,,,,,,
,,,,,,,,,,,,301.300,-0.08,301.600,-0.09,,,,,,,,,,,150.650,-0.08,,,,,,,,
,,,,,,,,,,,,301.400,-0.06,301.700,-0.09,,,,,,,,,,,150.700,-0.07,,,,,,,,
,,,,,,,,,,,,301.500,-0.07,301.800,-0.10,,,,,,,,,,,150.750,-0.07,,,,,,,,
,,,,,,,,,,,,301.600,-0.07,301.900,-0.09,,,,,,,,,,,150.800,-0.08,,,,,,,,
,,,,,,,,,,,,301.700,-0.06,302.000,-0.08,,,,,,,,,,,150.850,-0.09,,,,,,,,
,,,,,,,,,,,,301.800,-0.07,302.100,-0.08,,,,,,,,,,,150.900,-0.07,,,,,,,,
,,,,,,,,,,,,301.900,-0.08,302.200,-0.06,,,,,,,,,,,150.950,-0.08,,,,,,,,
,,,,,,,,,,,,302.000,-0.08,302.300,-0.08,,,,,,,,,,,151.000,-0.08,,,,,,,,
,,,,,,,,,,,,302.100,-0.06,302.400,-0.08,,,,,,,,,,,151.050,-0.08,,,,,,,,
,,,,,,,,,,,,302.200,-0.07,302.500,-0.09,,,,,,,,,,,151.100,-0.09,,,,,,,,
,,,,,,,,,,,,302.300,-0.06,302.600,-0.09,,,,,,,,,,,151.150,-0.08,,,,,,,,
,,,,,,,,,,,,302.400,-0.07,302.700,-0.09,,,,,,,,,,,151.200,-0.08,,,,,,,,
,,,,,,,,,,,,302.500,-0.06,302.800,-0.08,,,,,,,,,,,151.250,-0.07,,,,,,,,
,,,,,,,,,,,,302.600,-0.07,302.900,-0.09,,,,,,,,,,,151.300,-0.07,,,,,,,,
,,,,,,,,,,,,302.700,-0.08,303.000,-0.09,,,,,,,,,,,151.350,-0.08,,,,,,,,
,,,,,,,,,,,,302.800,-0.07,303.100,-0.10,,,,,,,,,,,151.400,-0.08,,,,,,,,
,,,,,,,,,,,,302.900,-0.07,303.200,-0.09,,,,,,,,,,,151.450,-0.08,,,,,,,,
,,,,,,,,,,,,303.000,-0.08,303.300,-0.09,,,,,,,,,,,151.500,-0.09,,,,,,,,
,,,,,,,,,,,,303.100,-0.08,303.400,-0.09,,,,,,,,,,,151.550,-0.08,,,,,,,,
,,,,,,,,,,,,303.200,-0.07,303.500,-0.08,,,,,,,,,,,151.600,-0.08,,,,,,,,
,,,,,,,,,,,,303.300,-0.07,303.600,-0.09,,,,,,,,,,,151.650,-0.07,,,,,,,,
,,,,,,,,,,,,303.400,-0.08,303.700,-0.09,,,,,,,,,,,151.700,-0.07,,,,,,,,
,,,,,,,,,,,,303.500,-0.08,303.800,-0.08,,,,,,,,,,,151.750,-0.07,,,,,,,,
,,,,,,,,,,,,303.600,-0.08,303.900,-0.08,,,,,,,,,,,151.800,-0.08,,,,,,,,
,,,,,,,,,,,,303.700,-0.07,304.000,-0.08,,,,,,,,,,,151.850,-0.07,,,,,,,,
,,,,,,,,,,,,303.800,-0.08,304.100,-0.08,,,,,,,,,,,151.900,-0.07,,,,,,,,
,,,,,,,,,,,,303.900,-0.06,304.200,-0.08,,,,,,,,,,,151.950,-0.06,,,,,,,,
,,,,,,,,,,,,304.000,-0.08,304.300,-0.07,,,,,,,,,,,152.000,-0.06,,,,,,,,
,,,,,,,,,,,,304.100,-0.07,304.400,-0.10,,,,,,,,,,,152.050,-0.07,,,,,,,,
,,,,,,,,,,,,304.200,-0.07,304.500,-0.09,,,,,,,,,,,152.100,-0.07,,,,,,,,
,,,,,,,,,,,,304.300,-0.06,304.600,-0.09,,,,,,,,,,,152.150,-0.08,,,,,,,,
,,,,,,,,,,,,304.400,-0.07,304.700,-0.09,,,,,,,,,,,152.200,-0.08,,,,,,,,
,,,,,,,,,,,,304.500,-0.07,304.800,-0.09,,,,,,,,,,,152.250,-0.07,,,,,,,,
,,,,,,,,,,,,304.600,-0.07,304.900,-0.08,,,,,,,,,,,152.300,-0.08,,,,,,,,
,,,,,,,,,,,,304.700,-0.08,305.000,-0.08,,,,,,,,,,,152.350,-0.08,,,,,,,,
,,,,,,,,,,,,304.800,-0.07,305.100,-0.08,,,,,,,,,,,152.400,-0.08,,,,,,,,
,,,,,,,,,,,,304.900,-0.06,305.200,-0.08,,,,,,,,,,,152.450,-0.08,,,,,,,,
,,,,,,,,,,,,305.000,-0.08,305.300,-0.08,,,,,,,,,,,152.500,-0.09,,,,,,,,
,,,,,,,,,,,,305.100,-0.08,305.400,-0.08,,,,,,,,,,,152.550,-0.09,,,,,,,,
,,,,,,,,,,,,305.200,-0.07,305.500,-0.08,,,,,,,,,,,152.600,-0.08,,,,,,,,
,,,,,,,,,,,,305.300,-0.08,305.600,-0.08,,,,,,,,,,,152.650,-0.08,,,,,,,,
,,,,,,,,,,,,305.400,-0.08,305.700,-0.08,,,,,,,,,,,152.700,-0.09,,,,,,,,
,,,,,,,,,,,,305.500,-0.07,305.800,-0.09,,,,,,,,,,,152.750,-0.09,,,,,,,,
,,,,,,,,,,,,305.600,-0.07,305.900,-0.09,,,,,,,,,,,152.800,-0.08,,,,,,,,
,,,,,,,,,,,,305.700,-0.08,306.000,-0.06,,,,,,,,,,,152.850,-0.08,,,,,,,,
,,,,,,,,,,,,305.800,-0.06,306.100,-0.04,,,,,,,,,,,152.900,-0.07,,,,,,,,
,,,,,,,,,,,,305.900,-0.07,306.200,-0.06,,,,,,,,,,,152.950,-0.07,,,,,,,,
,,,,,,,,,,,,306.000,-0.06,306.300,-0.06,,,,,,,,,,,153.000,-0.08,,,,,,,,
,,,,,,,,,,,,306.100,-0.07,306.400,-0.06,,,,,,,,,,,153.050,-0.08,,,,,,,,
,,,,,,,,,,,,306.200,-0.08,306.500,-0.08,,,,,,,,,,,153.100,-0.08,,,,,,,,
,,,,,,,,,,,,306.300,-0.07,306.600,-0.08,,,,,,,,,,,153.150,-0.08,,,,,,,,
,,,,,,,,,,,,306.400,-0.09,306.700,-0.08,,,,,,,,,,,153.200,-0.08,,,,,,,,
,,,,,,,,,,,,306.500,-0.07,306.800,-0.08,,,,,,,,,,,153.250,-0.08,,,,,,,,
,,,,,,,,,,,,306.600,-0.08,306.900,-0.08,,,,,,,,,,,153.300,-0.06,,,,,,,,
,,,,,,,,,,,,306.700,-0.07,307.000,-0.08,,,,,,,,,,,153.350,-0.07,,,,,,,,
,,,,,,,,,,,,306.800,-0.08,307.100,-0.07,,,,,,,,,,,153.400,-0.07,,,,,,,,
,,,,,,,,,,,,306.900,-0.08,307.200,-0.06,,,,,,,,,,,153.450,-0.08,,,,,,,,
,,,,,,,,,,,,307.000,-0.07,307.300,-0.08,,,,,,,,,,,153.500,-0.09,,,,,,,,
,,,,,,,,,,,,307.100,-0.07,307.400,-0.07,,,,,,,,,,,153.550,-0.08,,,,,,,,
,,,,,,,,,,,,307.200,-0.07,307.500,-0.07,,,,,,,,,,,153.600,-0.08,,,,,,,,
,,,,,,,,,,,,307.300,-0.07,307.600,-0.07,,,,,,,,,,,153.650,-0.08,,,,,,,,
,,,,,,,,,,,,307.400,-0.06,307.700,-0.08,,,,,,,,,,,153.700,-0.08,,,,,,,,
,,,,,,,,,,,,307.500,-0.08,307.800,-0.07,,,,,,,,,,,153.750,-0.08,,,,,,,,
,,,,,,,,,,,,307.600,-0.08,307.900,-0.08,,,,,,,,,,,153.800,-0.08,,,,,,,,
,,,,,,,,,,,,307.700,-0.08,308.000,-0.07,,,,,,,,,,,153.850,-0.08,,,,,,,,
,,,,,,,,,,,,307.800,-0.08,308.100,-0.08,,,,,,,,,,,153.900,-0.08,,,,,,,,
,,,,,,,,,,,,307.900,-0.07,308.200,-0.09,,,,,,,,,,,153.950,-0.09,,,,,,,,
,,,,,,,,,,,,308.000,-0.07,308.300,-0.09,,,,,,,,,,,154.000,-0.09,,,,,,,,
,,,,,,,,,,,,308.100,-0.07,308.400,-0.09,,,,,,,,,,,154.050,-0.09,,,,,,,,
,,,,,,,,,,,,308.200,-0.07,308.500,-0.08,,,,,,,,,,,154.100,-0.08,,,,,,,,
,,,,,,,,,,,,308.300,-0.07,308.600,-0.08,,,,,,,,,,,154.150,-0.08,,,,,,,,
,,,,,,,,,,,,308.400,-0.07,308.700,-0.09,,,,,,,,,,,154.200,-0.09,,,,,,,,
,,,,,,,,,,,,308.500,-0.08,308.800,-0.08,,,,,,,,,,,154.250,-0.08,,,,,,,,
,,,,,,,,,,,,308.600,-0.08,308.900,-0.07,,,,,,,,,,,154.300,-0.09,,,,,,,,
,,,,,,,,,,,,308.700,-0.09,309.000,-0.09,,,,,,,,,,,154.350,-0.08,,,,,,,,
,,,,,,,,,,,,308.800,-0.09,309.100,-0.09,,,,,,,,,,,154.400,-0.08,,,,,,,,
,,,,,,,,,,,,308.900,-0.08,309.200,-0.08,,,,,,,,,,,154.450,-0.08,,,,,,,,
,,,,,,,,,,,,309.000,-0.09,309.300,-0.08,,,,,,,,,,,154.500,-0.08,,,,,,,,
,,,,,,,,,,,,309.100,-0.08,309.400,-0.09,,,,,,,,,,,154.550,-0.09,,,,,,,,
,,,,,,,,,,,,309.200,-0.08,309.500,-0.08,,,,,,,,,,,154.600,-0.09,,,,,,,,
,,,,,,,,,,,,309.300,-0.08,309.600,-0.08,,,,,,,,,,,154.650,-0.08,,,,,,,,
,,,,,,,,,,,,309.400,-0.08,309.700,-0.09,,,,,,,,,,,154.700,-0.08,,,,,,,,
,,,,,,,,,,,,309.500,-0.08,309.800,-0.09,,,,,,,,,,,154.750,-0.08,,,,,,,,
,,,,,,,,,,,,309.600,-0.09,309.900,-0.09,,,,,,,,,,,154.800,-0.08,,,,,,,,
,,,,,,,,,,,,309.700,-0.08,310.000,-0.09,,,,,,,,,,,154.850,-0.10,,,,,,,,
,,,,,,,,,,,,309.800,-0.08,310.100,-0.09,,,,,,,,,,,154.900,-0.09,,,,,,,,
,,,,,,,,,,,,309.900,-0.07,310.200,-0.08,,,,,,,,,,,154.950,-0.09,,,,,,,,
,,,,,,,,,,,,310.000,-0.08,310.300,-0.08,,,,,,,,,,,155.000,-0.09,,,,,,,,
,,,,,,,,,,,,310.100,-0.08,310.400,-0.09,,,,,,,,,,,155.050,-0.08,,,,,,,,
,,,,,,,,,,,,310.200,-0.08,310.500,-0.09,,,,,,,,,,,155.100,-0.08,,,,,,,,
,,,,,,,,,,,,310.300,-0.08,310.600,-0.09,,,,,,,,,,,155.150,-0.08,,,,,,,,
,,,,,,,,,,,,310.400,-0.08,310.700,-0.08,,,,,,,,,,,155.200,-0.07,,,,,,,,
,,,,,,,,,,,,310.500,-0.08,310.800,-0.08,,,,,,,,,,,155.250,-0.09,,,,,,,,
,,,,,,,,,,,,310.600,-0.08,310.900,-0.09,,,,,,,,,,,155.300,-0.08,,,,,,,,
,,,,,,,,,,,,310.700,-0.08,311.000,-0.08,,,,,,,,,,,155.350,-0.09,,,,,,,,
,,,,,,,,,,,,310.800,-0.08,311.100,-0.08,,,,,,,,,,,155.400,-0.09,,,,,,,,
,,,,,,,,,,,,310.900,-0.08,311.200,-0.09,,,,,,,,,,,155.450,-0.09,,,,,,,,
,,,,,,,,,,,,311.000,-0.08,311.300,-0.08,,,,,,,,,,,155.500,-0.09,,,,,,,,
,,,,,,,,,,,,311.100,-0.07,311.400,-0.08,,,,,,,,,,,155.550,-0.09,,,,,,,,
,,,,,,,,,,,,311.200,-0.08,311.500,-0.08,,,,,,,,,,,155.600,-0.08,,,,,,,,
,,,,,,,,,,,,311.300,-0.08,311.600,-0.06,,,,,,,,,,,155.650,-0.09,,,,,,,,
,,,,,,,,,,,,311.400,-0.07,311.700,-0.08,,,,,,,,,,,155.700,-0.09,,,,,,,,
,,,,,,,,,,,,311.500,-0.07,311.800,-0.07,,,,,,,,,,,155.750,-0.09,,,,,,,,
,,,,,,,,,,,,311.600,-0.07,311.900,-0.07,,,,,,,,,,,155.800,-0.08,,,,,,,,
,,,,,,,,,,,,311.700,-0.07,312.000,-0.07,,,,,,,,,,,155.850,-0.08,,,,,,,,
,,,,,,,,,,,,311.800,-0.07,312.100,-0.07,,,,,,,,,,,155.900,-0.09,,,,,,,,
,,,,,,,,,,,,311.900,-0.08,312.200,-0.07,,,,,,,,,,,155.950,-0.10,,,,,,,,
,,,,,,,,,,,,312.000,-0.08,312.300,-0.07,,,,,,,,,,,156.000,-0.09,,,,,,,,
,,,,,,,,,,,,312.100,-0.07,312.400,-0.07,,,,,,,,,,,156.050,-0.09,,,,,,,,
,,,,,,,,,,,,312.200,-0.07,312.500,-0.08,,,,,,,,,,,156.100,-0.09,,,,,,,,
,,,,,,,,,,,,312.300,-0.06,312.600,-0.07,,,,,,,,,,,156.150,-0.09,,,,,,,,
,,,,,,,,,,,,312.400,-0.07,312.700,-0.07,,,,,,,,,,,156.200,-0.09,,,,,,,,
,,,,,,,,,,,,312.500,-0.07,312.800,-0.06,,,,,,,,,,,156.250,-0.09,,,,,,,,
,,,,,,,,,,,,312.600,-0.07,312.900,-0.08,,,,,,,,,,,156.300,-0.08,,,,,,,,
,,,,,,,,,,,,312.700,-0.08,313.000,-0.06,,,,,,,,,,,156.350,-0.09,,,,,,,,
,,,,,,,,,,,,312.800,-0.07,313.100,-0.07,,,,,,,,,,,156.400,-0.09,,,,,,,,
,,,,,,,,,,,,312.900,-0.07,313.200,-0.06,,,,,,,,,,,156.450,-0.08,,,,,,,,
,,,,,,,,,,,,313.000,-0.07,313.300,-0.07,,,,,,,,,,,156.500,-0.09,,,,,,,,
,,,,,,,,,,,,313.100,-0.06,313.400,-0.08,,,,,,,,,,,156.550,-0.09,,,,,,,,
,,,,,,,,,,,,313.200,-0.06,313.500,-0.08,,,,,,,,,,,156.600,-0.08,,,,,,,,
,,,,,,,,,,,,313.300,-0.06,313.600,-0.08,,,,,,,,,,,156.650,-0.08,,,,,,,,
,,,,,,,,,,,,313.400,-0.06,313.700,-0.07,,,,,,,,,,,156.700,-0.07,,,,,,,,
,,,,,,,,,,,,313.500,-0.07,313.800,-0.07,,,,,,,,,,,156.750,-0.07,,,,,,,,
,,,,,,,,,,,,313.600,-0.07,313.900,-0.07,,,,,,,,,,,156.800,-0.08,,,,,,,,
,,,,,,,,,,,,313.700,-0.07,314.000,-0.06,,,,,,,,,,,156.850,-0.08,,,,,,,,
,,,,,,,,,,,,313.800,-0.07,314.100,-0.06,,,,,,,,,,,156.900,-0.08,,,,,,,,
,,,,,,,,,,,,313.900,-0.06,314.200,-0.07,,,,,,,,,,,156.950,-0.08,,,,,,,,
,,,,,,,,,,,,314.000,-0.06,314.300,-0.08,,,,,,,,,,,157.000,-0.09,,,,,,,,
,,,,,,,,,,,,314.100,-0.06,314.400,-0.06,,,,,,,,,,,157.050,-0.07,,,,,,,,
,,,,,,,,,,,,314.200,-0.07,314.500,-0.08,,,,,,,,,,,157.100,-0.08,,,,,,,,
,,,,,,,,,,,,314.300,-0.06,314.600,-0.07,,,,,,,,,,,157.150,-0.08,,,,,,,,
,,,,,,,,,,,,314.400,-0.06,314.700,-0.07,,,,,,,,,,,157.200,-0.08,,,,,,,,
,,,,,,,,,,,,314.500,-0.06,314.800,-0.06,,,,,,,,,,,157.250,-0.08,,,,,,,,
,,,,,,,,,,,,314.600,-0.06,314.900,-0.08,,,,,,,,,,,157.300,-0.07,,,,,,,,
,,,,,,,,,,,,314.700,-0.08,315.000,-0.07,,,,,,,,,,,157.350,-0.08,,,,,,,,
,,,,,,,,,,,,314.800,-0.06,315.100,-0.06,,,,,,,,,,,157.400,-0.09,,,,,,,,
,,,,,,,,,,,,314.900,-0.06,315.200,-0.06,,,,,,,,,,,157.450,-0.09,,,,,,,,
,,,,,,,,,,,,315.000,-0.06,315.300,-0.06,,,,,,,,,,,157.500,-0.09,,,,,,,,
,,,,,,,,,,,,315.100,-0.06,315.400,-0.06,,,,,,,,,,,157.550,-0.09,,,,,,,,
,,,,,,,,,,,,315.200,-0.06,315.500,-0.06,,,,,,,,,,,157.600,-0.08,,,,,,,,
,,,,,,,,,,,,315.300,-0.06,315.600,-0.07,,,,,,,,,,,157.650,-0.08,,,,,,,,
,,,,,,,,,,,,315.400,-0.06,315.700,-0.07,,,,,,,,,,,157.700,-0.08,,,,,,,,
,,,,,,,,,,,,315.500,-0.05,315.800,-0.05,,,,,,,,,,,157.750,-0.08,,,,,,,,
,,,,,,,,,,,,315.600,-0.05,315.900,-0.06,,,,,,,,,,,157.800,-0.09,,,,,,,,
,,,,,,,,,,,,315.700,-0.06,316.000,-0.06,,,,,,,,,,,157.850,-0.09,,,,,,,,
,,,,,,,,,,,,315.800,-0.06,316.100,-0.05,,,,,,,,,,,157.900,-0.08,,,,,,,,
,,,,,,,,,,,,315.900,-0.06,316.200,-0.06,,,,,,,,,,,157.950,-0.09,,,,,,,,
,,,,,,,,,,,,316.000,-0.05,316.300,-0.06,,,,,,,,,,,158.000,-0.09,,,,,,,,
,,,,,,,,,,,,316.100,-0.06,316.400,-0.06,,,,,,,,,,,158.050,-0.09,,,,,,,,
,,,,,,,,,,,,316.200,-0.06,316.500,-0.07,,,,,,,,,,,158.100,-0.08,,,,,,,,
,,,,,,,,,,,,316.300,-0.05,316.600,-0.05,,,,,,,,,,,158.150,-0.08,,,,,,,,
,,,,,,,,,,,,316.400,-0.05,316.700,-0.06,,,,,,,,,,,158.200,-0.09,,,,,,,,
,,,,,,,,,,,,316.500,-0.06,316.800,-0.07,,,,,,,,,,,158.250,-0.08,,,,,,,,
,,,,,,,,,,,,316.600,-0.06,316.900,-0.06,,,,,,,,,,,158.300,-0.09,,,,,,,,
,,,,,,,,,,,,316.700,-0.06,317.000,-0.06,,,,,,,,,,,158.350,-0.08,,,,,,,,
,,,,,,,,,,,,316.800,-0.06,317.100,-0.05,,,,,,,,,,,158.400,-0.09,,,,,,,,
,,,,,,,,,,,,316.900,-0.06,317.200,-0.06,,,,,,,,,,,158.450,-0.09,,,,,,,,
,,,,,,,,,,,,317.000,-0.06,317.300,-0.07,,,,,,,,,,,158.500,-0.09,,,,,,,,
,,,,,,,,,,,,317.100,-0.06,317.400,-0.07,,,,,,,,,,,158.550,-0.08,,,,,,,,
,,,,,,,,,,,,317.200,-0.06,317.500,-0.07,,,,,,,,,,,158.600,-0.09,,,,,,,,
,,,,,,,,,,,,317.300,-0.05,317.600,-0.06,,,,,,,,,,,158.650,-0.09,,,,,,,,
,,,,,,,,,,,,317.400,-0.06,317.700,-0.07,,,,,,,,,,,158.700,-0.08,,,,,,,,
,,,,,,,,,,,,317.500,-0.07,317.800,-0.07,,,,,,,,,,,158.750,-0.08,,,,,,,,
,,,,,,,,,,,,317.600,-0.06,317.900,-0.07,,,,,,,,,,,158.800,-0.09,,,,,,,,
,,,,,,,,,,,,317.700,-0.07,318.000,-0.07,,,,,,,,,,,158.850,-0.08,,,,,,,,
,,,,,,,,,,,,317.800,-0.08,318.100,-0.07,,,,,,,,,,,158.900,-0.08,,,,,,,,
,,,,,,,,,,,,317.900,-0.06,318.200,-0.07,,,,,,,,,,,158.950,-0.07,,,,,,,,
,,,,,,,,,,,,318.000,-0.06,318.300,-0.06,,,,,,,,,,,159.000,-0.08,,,,,,,,
,,,,,,,,,,,,318.100,-0.05,318.400,-0.06,,,,,,,,,,,159.050,-0.08,,,,,,,,
,,,,,,,,,,,,318.200,-0.07,318.500,-0.07,,,,,,,,,,,159.100,-0.08,,,,,,,,
,,,,,,,,,,,,318.300,-0.07,318.600,-0.06,,,,,,,,,,,159.150,-0.08,,,,,,,,
,,,,,,,,,,,,318.400,-0.07,318.700,-0.07,,,,,,,,,,,159.200,-0.08,,,,,,,,
,,,,,,,,,,,,318.500,-0.08,318.800,-0.07,,,,,,,,,,,159.250,-0.08,,,,,,,,
,,,,,,,,,,,,318.600,-0.07,318.900,-0.07,,,,,,,,,,,159.300,-0.08,,,,,,,,
,,,,,,,,,,,,318.700,-0.07,319.000,-0.07,,,,,,,,,,,159.350,-0.08,,,,,,,,
,,,,,,,,,,,,318.800,-0.06,319.100,-0.06,,,,,,,,,,,159.400,-0.09,,,,,,,,
,,,,,,,,,,,,318.900,-0.06,319.200,-0.07,,,,,,,,,,,159.450,-0.09,,,,,,,,
,,,,,,,,,,,,319.000,-0.06,319.300,-0.07,,,,,,,,,,,159.500,-0.09,,,,,,,,
,,,,,,,,,,,,319.100,-0.06,319.400,-0.07,,,,,,,,,,,159.550,-0.09,,,,,,,,
,,,,,,,,,,,,319.200,-0.06,319.500,-0.07,,,,,,,,,,,159.600,-0.09,,,,,,,,
,,,,,,,,,,,,319.300,-0.06,319.600,-0.08,,,,,,,,,,,159.650,-0.09,,,,,,,,
,,,,,,,,,,,,319.400,-0.06,319.700,-0.07,,,,,,,,,,,159.700,-0.09,,,,,,,,
,,,,,,,,,,,,319.500,-0.06,319.800,-0.06,,,,,,,,,,,159.750,-0.08,,,,,,,,
,,,,,,,,,,,,319.600,-0.05,319.900,-0.06,,,,,,,,,,,159.800,-0.09,,,,,,,,
,,,,,,,,,,,,319.700,-0.06,320.000,-0.05,,,,,,,,,,,159.850,-0.08,,,,,,,,
,,,,,,,,,,,,319.800,-0.06,320.100,-0.07,,,,,,,,,,,159.900,-0.09,,,,,,,,
,,,,,,,,,,,,319.900,-0.07,320.200,-0.05,,,,,,,,,,,159.950,-0.10,,,,,,,,
,,,,,,,,,,,,320.000,-0.07,320.300,-0.06,,,,,,,,,,,160.000,-0.10,,,,,,,,
,,,,,,,,,,,,320.100,-0.06,320.400,-0.07,,,,,,,,,,,160.050,-0.09,,,,,,,,
,,,,,,,,,,,,320.200,-0.06,320.500,-0.07,,,,,,,,,,,160.100,-0.09,,,,,,,,
,,,,,,,,,,,,320.300,-0.06,320.600,-0.06,,,,,,,,,,,160.150,-0.09,,,,,,,,
,,,,,,,,,,,,320.400,-0.06,320.700,-0.06,,,,,,,,,,,160.200,-0.09,,,,,,,,
,,,,,,,,,,,,320.500,-0.06,320.800,-0.07,,,,,,,,,,,160.250,-0.08,,,,,,,,
,,,,,,,,,,,,320.600,-0.07,320.900,-0.06,,,,,,,,,,,160.300,-0.09,,,,,,,,
,,,,,,,,,,,,320.700,-0.08,321.000,-0.06,,,,,,,,,,,160.350,-0.09,,,,,,,,
,,,,,,,,,,,,320.800,-0.07,321.100,-0.06,,,,,,,,,,,160.400,-0.10,,,,,,,,
,,,,,,,,,,,,320.900,-0.08,321.200,-0.05,,,,,,,,,,,160.450,-0.09,,,,,,,,
,,,,,,,,,,,,321.000,-0.08,321.300,-0.06,,,,,,,,,,,160.500,-0.10,,,,,,,,
,,,,,,,,,,,,321.100,-0.07,321.400,-0.06,,,,,,,,,,,160.550,-0.09,,,,,,,,
,,,,,,,,,,,,321.200,-0.08,321.500,-0.06,,,,,,,,,,,160.600,-0.09,,,,,,,,
,,,,,,,,,,,,321.300,-0.06,321.600,-0.06,,,,,,,,,,,160.650,-0.08,,,,,,,,
,,,,,,,,,,,,321.400,-0.07,321.700,-0.06,,,,,,,,,,,160.700,-0.09,,,,,,,,
,,,,,,,,,,,,321.500,-0.08,321.800,-0.06,,,,,,,,,,,160.750,-0.09,,,,,,,,
,,,,,,,,,,,,321.600,-0.08,321.900,-0.07,,,,,,,,,,,160.800,-0.09,,,,,,,,
,,,,,,,,,,,,321.700,-0.06,322.000,-0.07,,,,,,,,,,,160.850,-0.09,,,,,,,,
,,,,,,,,,,,,321.800,-0.08,322.100,-0.06,,,,,,,,,,,160.900,-0.09,,,,,,,,
,,,,,,,,,,,,321.900,-0.06,322.200,-0.08,,,,,,,,,,,160.950,-0.09,,,,,,,,
,,,,,,,,,,,,322.000,-0.07,322.300,-0.07,,,,,,,,,,,161.000,-0.09,,,,,,,,
,,,,,,,,,,,,322.100,-0.06,322.400,-0.06,,,,,,,,,,,161.050,-0.09,,,,,,,,
,,,,,,,,,,,,322.200,-0.07,322.500,-0.07,,,,,,,,,,,161.100,-0.08,,,,,,,,
,,,,,,,,,,,,322.300,-0.07,322.600,-0.07,,,,,,,,,,,161.150,-0.08,,,,,,,,
,,,,,,,,,,,,322.400,-0.07,322.700,-0.08,,,,,,,,,,,161.200,-0.08,,,,,,,,
,,,,,,,,,,,,322.500,-0.06,322.800,-0.07,,,,,,,,,,,161.250,-0.09,,,,,,,,
,,,,,,,,,,,,322.600,-0.07,322.900,-0.07,,,,,,,,,,,161.300,-0.09,,,,,,,,
,,,,,,,,,,,,322.700,-0.06,323.000,-0.07,,,,,,,,,,,161.350,-0.09,,,,,,,,
,,,,,,,,,,,,322.800,-0.06,323.100,-0.06,,,,,,,,,,,161.400,-0.08,,,,,,,,
,,,,,,,,,,,,322.900,-0.06,323.200,-0.06,,,,,,,,,,,161.450,-0.10,,,,,,,,
,,,,,,,,,,,,323.000,-0.07,323.300,-0.06,,,,,,,,,,,161.500,-0.09,,,,,,,,
,,,,,,,,,,,,323.100,-0.08,323.400,-0.06,,,,,,,,,,,161.550,-0.08,,,,,,,,
,,,,,,,,,,,,323.200,-0.07,323.500,-0.06,,,,,,,,,,,161.600,-0.08,,,,,,,,
,,,,,,,,,,,,323.300,-0.08,323.600,-0.06,,,,,,,,,,,161.650,-0.08,,,,,,,,
,,,,,,,,,,,,323.400,-0.07,323.700,-0.05,,,,,,,,,,,161.700,-0.07,,,,,,,,
,,,,,,,,,,,,323.500,-0.08,323.800,-0.06,,,,,,,,,,,161.750,-0.06,,,,,,,,
,,,,,,,,,,,,323.600,-0.07,323.900,-0.07,,,,,,,,,,,161.800,-0.08,,,,,,,,
,,,,,,,,,,,,323.700,-0.08,324.000,-0.06,,,,,,,,,,,161.850,-0.08,,,,,,,,
,,,,,,,,,,,,323.800,-0.07,324.100,-0.07,,,,,,,,,,,161.900,-0.08,,,,,,,,
,,,,,,,,,,,,323.900,-0.08,324.200,-0.07,,,,,,,,,,,161.950,-0.08,,,,,,,,
,,,,,,,,,,,,324.000,-0.07,324.300,-0.07,,,,,,,,,,,162.000,-0.08,,,,,,,,
,,,,,,,,,,,,324.100,-0.07,324.400,-0.08,,,,,,,,,,,162.050,-0.08,,,,,,,,
,,,,,,,,,,,,324.200,-0.06,324.500,-0.07,,,,,,,,,,,162.100,-0.09,,,,,,,,
,,,,,,,,,,,,324.300,-0.07,324.600,-0.07,,,,,,,,,,,162.150,-0.08,,,,,,,,
,,,,,,,,,,,,324.400,-0.08,324.700,-0.08,,,,,,,,,,,162.200,-0.09,,,,,,,,
,,,,,,,,,,,,324.500,-0.07,324.800,-0.07,,,,,,,,,,,162.250,-0.09,,,,,,,,
,,,,,,,,,,,,324.600,-0.07,324.900,-0.06,,,,,,,,,,,162.300,-0.07,,,,,,,,
,,,,,,,,,,,,324.700,-0.07,325.000,-0.06,,,,,,,,,,,162.350,-0.07,,,,,,,,
,,,,,,,,,,,,324.800,-0.08,325.100,-0.05,,,,,,,,,,,162.400,-0.08,,,,,,,,
,,,,,,,,,,,,324.900,-0.07,325.200,-0.05,,,,,,,,,,,162.450,-0.08,,,,,,,,
,,,,,,,,,,,,325.000,-0.08,325.300,-0.06,,,,,,,,,,,162.500,-0.08,,,,,,,,
,,,,,,,,,,,,325.100,-0.07,325.400,-0.06,,,,,,,,,,,162.550,-0.08,,,,,,,,
,,,,,,,,,,,,325.200,-0.08,325.500,-0.06,,,,,,,,,,,162.600,-0.08,,,,,,,,
,,,,,,,,,,,,325.300,-0.08,325.600,-0.07,,,,,,,,,,,162.650,-0.08,,,,,,,,
,,,,,,,,,,,,325.400,-0.06,325.700,-0.05,,,,,,,,,,,162.700,-0.07,,,,,,,,
,,,,,,,,,,,,325.500,-0.07,325.800,-0.05,,,,,,,,,,,162.750,-0.07,,,,,,,,
,,,,,,,,,,,,325.600,-0.08,325.900,-0.06,,,,,,,,,,,162.800,-0.08,,,,,,,,
,,,,,,,,,,,,325.700,-0.06,326.000,-0.06,,,,,,,,,,,162.850,-0.07,,,,,,,,
,,,,,,,,,,,,325.800,-0.06,326.100,-0.06,,,,,,,,,,,162.900,-0.08,,,,,,,,
,,,,,,,,,,,,325.900,-0.08,326.200,-0.06,,,,,,,,,,,162.950,-0.09,,,,,,,,
,,,,,,,,,,,,326.000,-0.07,326.300,-0.05,,,,,,,,,,,163.000,-0.09,,,,,,,,
,,,,,,,,,,,,326.100,-0.07,326.400,-0.05,,,,,,,,,,,163.050,-0.09,,,,,,,,
,,,,,,,,,,,,326.200,-0.08,326.500,-0.06,,,,,,,,,,,163.100,-0.09,,,,,,,,
,,,,,,,,,,,,326.300,-0.08,326.600,-0.05,,,,,,,,,,,163.150,-0.08,,,,,,,,
,,,,,,,,,,,,326.400,-0.08,326.700,-0.06,,,,,,,,,,,163.200,-0.09,,,,,,,,
,,,,,,,,,,,,326.500,-0.07,326.800,-0.06,,,,,,,,,,,163.250,-0.08,,,,,,,,
,,,,,,,,,,,,326.600,-0.06,326.900,-0.07,,,,,,,,,,,163.300,-0.07,,,,,,,,
,,,,,,,,,,,,326.700,-0.06,327.000,-0.07,,,,,,,,,,,163.350,-0.08,,,,,,,,
,,,,,,,,,,,,326.800,-0.07,327.100,-0.06,,,,,,,,,,,163.400,-0.08,,,,,,,,
,,,,,,,,,,,,326.900,-0.06,327.200,-0.06,,,,,,,,,,,163.450,-0.08,,,,,,,,
,,,,,,,,,,,,327.000,-0.06,327.300,-0.06,,,,,,,,,,,163.500,-0.07,,,,,,,,
,,,,,,,,,,,,327.100,-0.06,327.400,-0.06,,,,,,,,,,,163.550,-0.07,,,,,,,,
,,,,,,,,,,,,327.200,-0.07,327.500,-0.07,,,,,,,,,,,163.600,-0.07,,,,,,,,
,,,,,,,,,,,,327.300,-0.06,327.600,-0.07,,,,,,,,,,,163.650,-0.08,,,,,,,,
,,,,,,,,,,,,327.400,-0.07,327.700,-0.06,,,,,,,,,,,163.700,-0.08,,,,,,,,
,,,,,,,,,,,,327.500,-0.08,327.800,-0.05,,,,,,,,,,,163.750,-0.07,,,,,,,,
,,,,,,,,,,,,327.600,-0.08,327.900,-0.06,,,,,,,,,,,163.800,-0.07,,,,,,,,
,,,,,,,,,,,,327.700,-0.07,328.000,-0.05,,,,,,,,,,,163.850,-0.07,,,,,,,,
,,,,,,,,,,,,327.800,-0.07,328.100,-0.05,,,,,,,,,,,163.900,-0.08,,,,,,,,
,,,,,,,,,,,,327.900,-0.08,328.200,-0.06,,,,,,,,,,,163.950,-0.08,,,,,,,,
,,,,,,,,,,,,328.000,-0.07,328.300,-0.06,,,,,,,,,,,164.000,-0.08,,,,,,,,
,,,,,,,,,,,,328.100,-0.07,328.400,-0.05,,,,,,,,,,,164.050,-0.08,,,,,,,,
,,,,,,,,,,,,328.200,-0.09,328.500,-0.05,,,,,,,,,,,164.100,-0.07,,,,,,,,
,,,,,,,,,,,,328.300,-0.09,328.600,-0.06,,,,,,,,,,,164.150,-0.08,,,,,,,,
,,,,,,,,,,,,328.400,-0.09,328.700,-0.06,,,,,,,,,,,164.200,-0.08,,,,,,,,
,,,,,,,,,,,,328.500,-0.09,328.800,-0.07,,,,,,,,,,,164.250,-0.07,,,,,,,,
,,,,,,,,,,,,328.600,-0.08,328.900,-0.06,,,,,,,,,,,164.300,-0.07,,,,,,,,
,,,,,,,,,,,,328.700,-0.08,329.000,-0.05,,,,,,,,,,,164.350,-0.08,,,,,,,,
,,,,,,,,,,,,328.800,-0.08,329.100,-0.06,,,,,,,,,,,164.400,-0.08,,,,,,,,
,,,,,,,,,,,,328.900,-0.07,329.200,-0.05,,,,,,,,,,,164.450,-0.08,,,,,,,,
,,,,,,,,,,,,329.000,-0.07,329.300,-0.06,,,,,,,,,,,164.500,-0.07,,,,,,,,
,,,,,,,,,,,,329.100,-0.07,329.400,-0.07,,,,,,,,,,,164.550,-0.09,,,,,,,,
,,,,,,,,,,,,329.200,-0.08,329.500,-0.09,,,,,,,,,,,164.600,-0.08,,,,,,,,
,,,,,,,,,,,,329.300,-0.07,329.600,-0.10,,,,,,,,,,,164.650,-0.08,,,,,,,,
,,,,,,,,,,,,329.400,-0.08,329.700,-0.09,,,,,,,,,,,164.700,-0.09,,,,,,,,
,,,,,,,,,,,,329.500,-0.07,329.800,-0.09,,,,,,,,,,,164.750,-0.09,,,,,,,,
,,,,,,,,,,,,329.600,-0.08,329.900,-0.09,,,,,,,,,,,164.800,-0.09,,,,,,,,
,,,,,,,,,,,,329.700,-0.09,330.000,-0.09,,,,,,,,,,,164.850,-0.08,,,,,,,,
,,,,,,,,,,,,329.800,-0.08,330.100,-0.09,,,,,,,,,,,164.900,-0.07,,,,,,,,
,,,,,,,,,,,,329.900,-0.07,330.200,-0.08,,,,,,,,,,,164.950,-0.08,,,,,,,,
,,,,,,,,,,,,330.000,-0.08,330.300,-0.08,,,,,,,,,,,165.000,-0.07,,,,,,,,
,,,,,,,,,,,,330.100,-0.08,330.400,-0.09,,,,,,,,,,,165.050,-0.08,,,,,,,,
,,,,,,,,,,,,330.200,-0.09,330.500,-0.10,,,,,,,,,,,165.100,-0.08,,,,,,,,
,,,,,,,,,,,,330.300,-0.08,330.600,-0.09,,,,,,,,,,,165.150,-0.09,,,,,,,,
,,,,,,,,,,,,330.400,-0.08,330.700,-0.09,,,,,,,,,,,165.200,-0.08,,,,,,,,
,,,,,,,,,,,,330.500,-0.08,330.800,-0.10,,,,,,,,,,,165.250,-0.09,,,,,,,,
,,,,,,,,,,,,330.600,-0.08,330.900,-0.09,,,,,,,,,,,165.300,-0.09,,,,,,,,
,,,,,,,,,,,,330.700,-0.07,331.000,-0.09,,,,,,,,,,,165.350,-0.09,,,,,,,,
,,,,,,,,,,,,330.800,-0.08,331.100,-0.09,,,,,,,,,,,165.400,-0.08,,,,,,,,
,,,,,,,,,,,,330.900,-0.09,331.200,-0.09,,,,,,,,,,,165.450,-0.09,,,,,,,,
,,,,,,,,,,,,331.000,-0.08,331.300,-0.09,,,,,,,,,,,165.500,-0.08,,,,,,,,
,,,,,,,,,,,,331.100,-0.08,331.400,-0.10,,,,,,,,,,,165.550,-0.09,,,,,,,,
,,,,,,,,,,,,331.200,-0.08,331.500,-0.09,,,,,,,,,,,165.600,-0.07,,,,,,,,
,,,,,,,,,,,,331.300,-0.08,331.600,-0.08,,,,,,,,,,,165.650,-0.08,,,,,,,,
,,,,,,,,,,,,331.400,-0.08,331.700,-0.09,,,,,,,,,,,165.700,-0.06,,,,,,,,
,,,,,,,,,,,,331.500,-0.08,331.800,-0.09,,,,,,,,,,,165.750,-0.07,,,,,,,,
,,,,,,,,,,,,331.600,-0.08,331.900,-0.09,,,,,,,,,,,165.800,-0.08,,,,,,,,
,,,,,,,,,,,,331.700,-0.07,332.000,-0.09,,,,,,,,,,,165.850,-0.07,,,,,,,,
,,,,,,,,,,,,331.800,-0.08,332.100,-0.10,,,,,,,,,,,165.900,-0.07,,,,,,,,
,,,,,,,,,,,,331.900,-0.07,332.200,-0.09,,,,,,,,,,,165.950,-0.08,,,,,,,,
,,,,,,,,,,,,332.000,-0.08,332.300,-0.09,,,,,,,,,,,166.000,-0.08,,,,,,,,
,,,,,,,,,,,,332.100,-0.07,332.400,-0.08,,,,,,,,,,,166.050,-0.07,,,,,,,,
,,,,,,,,,,,,332.200,-0.07,332.500,-0.08,,,,,,,,,,,166.100,-0.07,,,,,,,,
,,,,,,,,,,,,332.300,-0.07,332.600,-0.08,,,,,,,,,,,166.150,-0.07,,,,,,,,
,,,,,,,,,,,,332.400,-0.07,332.700,-0.09,,,,,,,,,,,166.200,-0.06,,,,,,,,
,,,,,,,,,,,,332.500,-0.08,332.800,-0.09,,,,,,,,,,,166.250,-0.07,,,,,,,,
,,,,,,,,,,,,332.600,-0.08,332.900,-0.09,,,,,,,,,,,166.300,-0.07,,,,,,,,
,,,,,,,,,,,,332.700,-0.08,333.000,-0.08,,,,,,,,,,,166.350,-0.08,,,,,,,,
,,,,,,,,,,,,332.800,-0.07,333.100,-0.09,,,,,,,,,,,166.400,-0.08,,,,,,,,
,,,,,,,,,,,,332.900,-0.07,333.200,-0.08,,,,,,,,,,,166.450,-0.08,,,,,,,,
,,,,,,,,,,,,333.000,-0.08,333.300,-0.09,,,,,,,,,,,166.500,-0.08,,,,,,,,
,,,,,,,,,,,,333.100,-0.06,333.400,-0.09,,,,,,,,,,,166.550,-0.08,,,,,,,,
,,,,,,,,,,,,333.200,-0.07,333.500,-0.09,,,,,,,,,,,166.600,-0.08,,,,,,,,
,,,,,,,,,,,,333.300,-0.07,333.600,-0.09,,,,,,,,,,,166.650,-0.08,,,,,,,,
,,,,,,,,,,,,333.400,-0.08,333.700,-0.09,,,,,,,,,,,166.700,-0.08,,,,,,,,
,,,,,,,,,,,,333.500,-0.08,333.800,-0.09,,,,,,,,,,,166.750,-0.08,,,,,,,,
,,,,,,,,,,,,333.600,-0.07,333.900,-0.07,,,,,,,,,,,166.800,-0.08,,,,,,,,
,,,,,,,,,,,,333.700,-0.06,334.000,-0.08,,,,,,,,,,,166.850,-0.08,,,,,,,,
,,,,,,,,,,,,333.800,-0.07,334.100,-0.09,,,,,,,,,,,166.900,-0.08,,,,,,,,
,,,,,,,,,,,,333.900,-0.09,334.200,-0.09,,,,,,,,,,,166.950,-0.07,,,,,,,,
,,,,,,,,,,,,334.000,-0.08,334.300,-0.07,,,,,,,,,,,167.000,-0.07,,,,,,,,
,,,,,,,,,,,,334.100,-0.08,334.400,-0.08,,,,,,,,,,,167.050,-0.08,,,,,,,,
,,,,,,,,,,,,334.200,-0.07,334.500,-0.08,,,,,,,,,,,167.100,-0.08,,,,,,,,
,,,,,,,,,,,,334.300,-0.08,334.600,-0.09,,,,,,,,,,,167.150,-0.08,,,,,,,,
,,,,,,,,,,,,334.400,-0.07,334.700,-0.07,,,,,,,,,,,167.200,-0.08,,,,,,,,
,,,,,,,,,,,,334.500,-0.09,334.800,-0.09,,,,,,,,,,,167.250,-0.08,,,,,,,,
,,,,,,,,,,,,334.600,-0.09,334.900,-0.08,,,,,,,,,,,167.300,-0.07,,,,,,,,
,,,,,,,,,,,,334.700,-0.08,335.000,-0.08,,,,,,,,,,,167.350,-0.07,,,,,,,,
,,,,,,,,,,,,334.800,-0.08,335.100,-0.08,,,,,,,,,,,167.400,-0.08,,,,,,,,
,,,,,,,,,,,,334.900,-0.08,335.200,-0.09,,,,,,,,,,,167.450,-0.08,,,,,,,,
,,,,,,,,,,,,335.000,-0.07,335.300,-0.09,,,,,,,,,,,167.500,-0.08,,,,,,,,
,,,,,,,,,,,,335.100,-0.09,335.400,-0.09,,,,,,,,,,,167.550,-0.08,,,,,,,,
,,,,,,,,,,,,335.200,-0.08,335.500,-0.09,,,,,,,,,,,167.600,-0.08,,,,,,,,
,,,,,,,,,,,,335.300,-0.09,335.600,-0.08,,,,,,,,,,,167.650,-0.09,,,,,,,,
,,,,,,,,,,,,335.400,-0.08,335.700,-0.09,,,,,,,,,,,167.700,-0.08,,,,,,,,
,,,,,,,,,,,,335.500,-0.09,335.800,-0.09,,,,,,,,,,,167.750,-0.08,,,,,,,,
,,,,,,,,,,,,335.600,-0.08,335.900,-0.09,,,,,,,,,,,167.800,-0.08,,,,,,,,
,,,,,,,,,,,,335.700,-0.08,336.000,-0.09,,,,,,,,,,,167.850,-0.08,,,,,,,,
,,,,,,,,,,,,335.800,-0.08,336.100,-0.08,,,,,,,,,,,167.900,-0.07,,,,,,,,
,,,,,,,,,,,,335.900,-0.08,336.200,-0.09,,,,,,,,,,,167.950,-0.08,,,,,,,,
,,,,,,,,,,,,336.000,-0.08,336.300,-0.10,,,,,,,,,,,168.000,-0.08,,,,,,,,
,,,,,,,,,,,,336.100,-0.09,336.400,-0.09,,,,,,,,,,,168.050,-0.07,,,,,,,,
,,,,,,,,,,,,336.200,-0.09,336.500,-0.10,,,,,,,,,,,168.100,-0.06,,,,,,,,
,,,,,,,,,,,,336.300,-0.09,336.600,-0.09,,,,,,,,,,,168.150,-0.07,,,,,,,,
,,,,,,,,,,,,336.400,-0.08,336.700,-0.08,,,,,,,,,,,168.200,-0.06,,,,,,,,
,,,,,,,,,,,,336.500,-0.08,336.800,-0.09,,,,,,,,,,,168.250,-0.06,,,,,,,,
,,,,,,,,,,,,336.600,-0.08,336.900,-0.09,,,,,,,,,,,168.300,-0.06,,,,,,,,
,,,,,,,,,,,,336.700,-0.07,337.000,-0.09,,,,,,,,,,,168.350,-0.07,,,,,,,,
,,,,,,,,,,,,336.800,-0.08,337.100,-0.09,,,,,,,,,,,168.400,-0.06,,,,,,,,
,,,,,,,,,,,,336.900,-0.08,337.200,-0.09,,,,,,,,,,,168.450,-0.06,,,,,,,,
,,,,,,,,,,,,337.000,-0.07,337.300,-0.09,,,,,,,,,,,168.500,-0.06,,,,,,,,
,,,,,,,,,,,,337.100,-0.07,337.400,-0.08,,,,,,,,,,,168.550,-0.07,,,,,,,,
,,,,,,,,,,,,337.200,-0.07,337.500,-0.09,,,,,,,,,,,168.600,-0.07,,,,,,,,
,,,,,,,,,,,,337.300,-0.07,337.600,-0.09,,,,,,,,,,,168.650,-0.07,,,,,,,,
,,,,,,,,,,,,337.400,-0.06,337.700,-0.09,,,,,,,,,,,168.700,-0.08,,,,,,,,
,,,,,,,,,,,,337.500,-0.08,337.800,-0.09,,,,,,,,,,,168.750,-0.06,,,,,,,,
,,,,,,,,,,,,337.600,-0.07,337.900,-0.09,,,,,,,,,,,168.800,-0.06,,,,,,,,
,,,,,,,,,,,,337.700,-0.07,338.000,-0.09,,,,,,,,,,,168.850,-0.07,,,,,,,,
,,,,,,,,,,,,337.800,-0.08,338.100,-0.09,,,,,,,,,,,168.900,-0.06,,,,,,,,
,,,,,,,,,,,,337.900,-0.07,338.200,-0.10,,,,,,,,,,,168.950,-0.07,,,,,,,,
,,,,,,,,,,,,338.000,-0.06,338.300,-0.09,,,,,,,,,,,169.000,-0.06,,,,,,,,
,,,,,,,,,,,,338.100,-0.06,338.400,-0.09,,,,,,,,,,,169.050,-0.06,,,,,,,,
,,,,,,,,,,,,338.200,-0.07,338.500,-0.09,,,,,,,,,,,169.100,-0.05,,,,,,,,
,,,,,,,,,,,,338.300,-0.06,338.600,-0.08,,,,,,,,,,,169.150,-0.06,,,,,,,,
,,,,,,,,,,,,338.400,-0.07,338.700,-0.08,,,,,,,,,,,169.200,-0.06,,,,,,,,
,,,,,,,,,,,,338.500,-0.08,338.800,-0.10,,,,,,,,,,,169.250,-0.05,,,,,,,,
,,,,,,,,,,,,338.600,-0.08,338.900,-0.10,,,,,,,,,,,169.300,-0.05,,,,,,,,
,,,,,,,,,,,,338.700,-0.07,339.000,-0.11,,,,,,,,,,,169.350,-0.05,,,,,,,,
,,,,,,,,,,,,338.800,-0.08,339.100,-0.09,,,,,,,,,,,169.400,-0.05,,,,,,,,
,,,,,,,,,,,,338.900,-0.07,339.200,-0.10,,,,,,,,,,,169.450,-0.05,,,,,,,,
,,,,,,,,,,,,339.000,-0.07,339.300,-0.09,,,,,,,,,,,169.500,-0.06,,,,,,,,
,,,,,,,,,,,,339.100,-0.06,339.400,-0.10,,,,,,,,,,,169.550,-0.05,,,,,,,,
,,,,,,,,,,,,339.200,-0.07,339.500,-0.10,,,,,,,,,,,169.600,-0.06,,,,,,,,
,,,,,,,,,,,,339.300,-0.07,339.600,-0.10,,,,,,,,,,,169.650,-0.05,,,,,,,,
,,,,,,,,,,,,339.400,-0.07,339.700,-0.11,,,,,,,,,,,169.700,-0.06,,,,,,,,
,,,,,,,,,,,,339.500,-0.06,339.800,-0.10,,,,,,,,,,,169.750,-0.06,,,,,,,,
,,,,,,,,,,,,339.600,-0.07,339.900,-0.10,,,,,,,,,,,169.800,-0.05,,,,,,,,
,,,,,,,,,,,,339.700,-0.07,340.000,-0.11,,,,,,,,,,,169.850,-0.07,,,,,,,,
,,,,,,,,,,,,339.800,-0.07,340.100,-0.11,,,,,,,,,,,169.900,-0.07,,,,,,,,
,,,,,,,,,,,,339.900,-0.06,340.200,-0.10,,,,,,,,,,,169.950,-0.07,,,,,,,,
,,,,,,,,,,,,340.000,-0.06,340.300,-0.09,,,,,,,,,,,170.000,-0.07,,,,,,,,
,,,,,,,,,,,,340.100,-0.07,340.400,-0.10,,,,,,,,,,,170.050,-0.06,,,,,,,,
,,,,,,,,,,,,340.200,-0.06,340.500,-0.10,,,,,,,,,,,170.100,-0.06,,,,,,,,
,,,,,,,,,,,,340.300,-0.06,340.600,-0.10,,,,,,,,,,,170.150,-0.06,,,,,,,,
,,,,,,,,,,,,340.400,-0.06,340.700,-0.10,,,,,,,,,,,170.200,-0.07,,,,,,,,
,,,,,,,,,,,,340.500,-0.07,340.800,-0.10,,,,,,,,,,,170.250,-0.06,,,,,,,,
,,,,,,,,,,,,340.600,-0.06,340.900,-0.09,,,,,,,,,,,170.300,-0.05,,,,,,,,
,,,,,,,,,,,,340.700,-0.07,341.000,-0.11,,,,,,,,,,,170.350,-0.06,,,,,,,,
,,,,,,,,,,,,340.800,-0.07,341.100,-0.10,,,,,,,,,,,170.400,-0.06,,,,,,,,
,,,,,,,,,,,,340.900,-0.07,341.200,-0.10,,,,,,,,,,,170.450,-0.06,,,,,,,,
,,,,,,,,,,,,341.000,-0.06,341.300,-0.11,,,,,,,,,,,170.500,-0.07,,,,,,,,
,,,,,,,,,,,,341.100,-0.06,341.400,-0.10,,,,,,,,,,,170.550,-0.08,,,,,,,,
,,,,,,,,,,,,341.200,-0.06,341.500,-0.09,,,,,,,,,,,170.600,-0.08,,,,,,,,
,,,,,,,,,,,,341.300,-0.08,341.600,-0.10,,,,,,,,,,,170.650,-0.08,,,,,,,,
,,,,,,,,,,,,341.400,-0.07,341.700,-0.09,,,,,,,,,,,170.700,-0.08,,,,,,,,
,,,,,,,,,,,,341.500,-0.08,341.800,-0.09,,,,,,,,,,,170.750,-0.06,,,,,,,,
,,,,,,,,,,,,341.600,-0.06,341.900,-0.09,,,,,,,,,,,170.800,-0.07,,,,,,,,
,,,,,,,,,,,,341.700,-0.07,342.000,-0.10,,,,,,,,,,,170.850,-0.06,,,,,,,,
,,,,,,,,,,,,341.800,-0.07,342.100,-0.10,,,,,,,,,,,170.900,-0.06,,,,,,,,
,,,,,,,,,,,,341.900,-0.07,342.200,-0.09,,,,,,,,,,,170.950,-0.07,,,,,,,,
,,,,,,,,,,,,342.000,-0.07,342.300,-0.09,,,,,,,,,,,171.000,-0.08,,,,,,,,
,,,,,,,,,,,,342.100,-0.06,342.400,-0.10,,,,,,,,,,,171.050,-0.06,,,,,,,,
,,,,,,,,,,,,342.200,-0.07,342.500,-0.09,,,,,,,,,,,171.100,-0.07,,,,,,,,
,,,,,,,,,,,,342.300,-0.06,342.600,-0.09,,,,,,,,,,,171.150,-0.07,,,,,,,,
,,,,,,,,,,,,342.400,-0.07,342.700,-0.09,,,,,,,,,,,171.200,-0.07,,,,,,,,
,,,,,,,,,,,,342.500,-0.07,342.800,-0.10,,,,,,,,,,,171.250,-0.07,,,,,,,,
,,,,,,,,,,,,342.600,-0.08,342.900,-0.10,,,,,,,,,,,171.300,-0.08,,,,,,,,
,,,,,,,,,,,,342.700,-0.07,343.000,-0.10,,,,,,,,,,,171.350,-0.07,,,,,,,,
,,,,,,,,,,,,342.800,-0.08,343.100,-0.10,,,,,,,,,,,171.400,-0.08,,,,,,,,
,,,,,,,,,,,,342.900,-0.07,343.200,-0.10,,,,,,,,,,,171.450,-0.08,,,,,,,,
,,,,,,,,,,,,343.000,-0.07,343.300,-0.09,,,,,,,,,,,171.500,-0.08,,,,,,,,
,,,,,,,,,,,,343.100,-0.07,343.400,-0.09,,,,,,,,,,,171.550,-0.08,,,,,,,,
,,,,,,,,,,,,343.200,-0.07,343.500,-0.08,,,,,,,,,,,171.600,-0.06,,,,,,,,
,,,,,,,,,,,,343.300,-0.07,343.600,-0.09,,,,,,,,,,,171.650,-0.06,,,,,,,,
,,,,,,,,,,,,343.400,-0.06,343.700,-0.07,,,,,,,,,,,171.700,-0.06,,,,,,,,
,,,,,,,,,,,,343.500,-0.07,343.800,-0.08,,,,,,,,,,,171.750,-0.07,,,,,,,,
,,,,,,,,,,,,343.600,-0.06,343.900,-0.09,,,,,,,,,,,171.800,-0.06,,,,,,,,
,,,,,,,,,,,,343.700,-0.06,344.000,-0.10,,,,,,,,,,,171.850,-0.06,,,,,,,,
,,,,,,,,,,,,343.800,-0.08,344.100,-0.09,,,,,,,,,,,171.900,-0.06,,,,,,,,
,,,,,,,,,,,,343.900,-0.06,344.200,-0.08,,,,,,,,,,,171.950,-0.06,,,,,,,,
,,,,,,,,,,,,344.000,-0.08,344.300,-0.08,,,,,,,,,,,172.000,-0.07,,,,,,,,
,,,,,,,,,,,,344.100,-0.06,344.400,-0.09,,,,,,,,,,,172.050,-0.06,,,,,,,,
,,,,,,,,,,,,344.200,-0.07,344.500,-0.09,,,,,,,,,,,172.100,-0.06,,,,,,,,
,,,,,,,,,,,,344.300,-0.06,344.600,-0.10,,,,,,,,,,,172.150,-0.06,,,,,,,,
,,,,,,,,,,,,344.400,-0.05,344.700,-0.09,,,,,,,,,,,172.200,-0.06,,,,,,,,
,,,,,,,,,,,,344.500,-0.06,344.800,-0.10,,,,,,,,,,,172.250,-0.06,,,,,,,,
,,,,,,,,,,,,344.600,-0.05,344.900,-0.08,,,,,,,,,,,172.300,-0.06,,,,,,,,
,,,,,,,,,,,,344.700,-0.06,345.000,-0.09,,,,,,,,,,,172.350,-0.07,,,,,,,,
,,,,,,,,,,,,344.800,-0.07,345.100,-0.09,,,,,,,,,,,172.400,-0.05,,,,,,,,
,,,,,,,,,,,,344.900,-0.07,345.200,-0.09,,,,,,,,,,,172.450,-0.06,,,,,,,,
,,,,,,,,,,,,345.000,-0.06,345.300,-0.08,,,,,,,,,,,172.500,-0.06,,,,,,,,
,,,,,,,,,,,,345.100,-0.07,345.400,-0.08,,,,,,,,,,,172.550,-0.07,,,,,,,,
,,,,,,,,,,,,345.200,-0.06,345.500,-0.08,,,,,,,,,,,172.600,-0.06,,,,,,,,
,,,,,,,,,,,,345.300,-0.06,345.600,-0.07,,,,,,,,,,,172.650,-0.06,,,,,,,,
,,,,,,,,,,,,345.400,-0.07,345.700,-0.08,,,,,,,,,,,172.700,-0.06,,,,,,,,
,,,,,,,,,,,,345.500,-0.07,345.800,-0.09,,,,,,,,,,,172.750,-0.06,,,,,,,,
,,,,,,,,,,,,345.600,-0.07,345.900,-0.08,,,,,,,,,,,172.800,-0.05,,,,,,,,
,,,,,,,,,,,,345.700,-0.07,346.000,-0.09,,,,,,,,,,,172.850,-0.05,,,,,,,,
,,,,,,,,,,,,345.800,-0.08,346.100,-0.10,,,,,,,,,,,172.900,-0.05,,,,,,,,
,,,,,,,,,,,,345.900,-0.08,346.200,-0.09,,,,,,,,,,,172.950,-0.05,,,,,,,,
,,,,,,,,,,,,346.000,-0.08,346.300,-0.09,,,,,,,,,,,173.000,-0.06,,,,,,,,
,,,,,,,,,,,,346.100,-0.08,346.400,-0.09,,,,,,,,,,,173.050,-0.06,,,,,,,,
,,,,,,,,,,,,346.200,-0.08,346.500,-0.09,,,,,,,,,,,173.100,-0.06,,,,,,,,
,,,,,,,,,,,,346.300,-0.07,346.600,-0.09,,,,,,,,,,,173.150,-0.06,,,,,,,,
,,,,,,,,,,,,346.400,-0.08,346.700,-0.09,,,,,,,,,,,173.200,-0.07,,,,,,,,
,,,,,,,,,,,,346.500,-0.08,346.800,-0.10,,,,,,,,,,,173.250,-0.06,,,,,,,,
,,,,,,,,,,,,346.600,-0.08,346.900,-0.09,,,,,,,,,,,173.300,-0.06,,,,,,,,
,,,,,,,,,,,,346.700,-0.08,347.000,-0.09,,,,,,,,,,,173.350,-0.06,,,,,,,,
,,,,,,,,,,,,346.800,-0.08,347.100,-0.08,,,,,,,,,,,173.400,-0.05,,,,,,,,
,,,,,,,,,,,,346.900,-0.08,347.200,-0.09,,,,,,,,,,,173.450,-0.06,,,,,,,,
,,,,,,,,,,,,347.000,-0.07,347.300,-0.09,,,,,,,,,,,173.500,-0.05,,,,,,,,
,,,,,,,,,,,,347.100,-0.08,347.400,-0.09,,,,,,,,,,,173.550,-0.05,,,,,,,,
,,,,,,,,,,,,347.200,-0.07,347.500,-0.08,,,,,,,,,,,173.600,-0.06,,,,,,,,
,,,,,,,,,,,,347.300,-0.07,347.600,-0.08,,,,,,,,,,,173.650,-0.06,,,,,,,,
,,,,,,,,,,,,347.400,-0.07,347.700,-0.09,,,,,,,,,,,173.700,-0.05,,,,,,,,
,,,,,,,,,,,,347.500,-0.07,347.800,-0.08,,,,,,,,,,,173.750,-0.06,,,,,,,,
,,,,,,,,,,,,347.600,-0.08,347.900,-0.08,,,,,,,,,,,173.800,-0.06,,,,,,,,
,,,,,,,,,,,,347.700,-0.08,348.000,-0.09,,,,,,,,,,,173.850,-0.06,,,,,,,,
,,,,,,,,,,,,347.800,-0.06,348.100,-0.09,,,,,,,,,,,173.900,-0.05,,,,,,,,
,,,,,,,,,,,,347.900,-0.07,348.200,-0.08,,,,,,,,,,,173.950,-0.05,,,,,,,,
,,,,,,,,,,,,348.000,-0.08,348.300,-0.09,,,,,,,,,,,174.000,-0.05,,,,,,,,
,,,,,,,,,,,,348.100,-0.08,348.400,-0.09,,,,,,,,,,,174.050,-0.06,,,,,,,,
,,,,,,,,,,,,348.200,-0.07,348.500,-0.09,,,,,,,,,,,174.100,-0.05,,,,,,,,
,,,,,,,,,,,,348.300,-0.08,348.600,-0.08,,,,,,,,,,,174.150,-0.05,,,,,,,,
,,,,,,,,,,,,348.400,-0.08,348.700,-0.08,,,,,,,,,,,174.200,-0.05,,,,,,,,
,,,,,,,,,,,,348.500,-0.06,348.800,-0.08,,,,,,,,,,,174.250,-0.05,,,,,,,,
,,,,,,,,,,,,348.600,-0.07,348.900,-0.09,,,,,,,,,,,174.300,-0.05,,,,,,,,
,,,,,,,,,,,,348.700,-0.07,349.000,-0.08,,,,,,,,,,,174.350,-0.05,,,,,,,,
,,,,,,,,,,,,348.800,-0.07,349.100,-0.09,,,,,,,,,,,174.400,-0.05,,,,,,,,
,,,,,,,,,,,,348.900,-0.07,349.200,-0.09,,,,,,,,,,,174.450,-0.05,,,,,,,,
,,,,,,,,,,,,349.000,-0.07,349.300,-0.08,,,,,,,,,,,174.500,-0.05,,,,,,,,
,,,,,,,,,,,,349.100,-0.07,349.400,-0.08,,,,,,,,,,,174.550,-0.06,,,,,,,,
,,,,,,,,,,,,349.200,-0.07,349.500,-0.08,,,,,,,,,,,174.600,-0.05,,,,,,,,
,,,,,,,,,,,,349.300,-0.07,349.600,-0.08,,,,,,,,,,,174.650,-0.06,,,,,,,,
,,,,,,,,,,,,349.400,-0.06,349.700,-0.07,,,,,,,,,,,174.700,-0.06,,,,,,,,
,,,,,,,,,,,,349.500,-0.07,349.800,-0.07,,,,,,,,,,,174.750,-0.07,,,,,,,,
,,,,,,,,,,,,349.600,-0.06,349.900,-0.08,,,,,,,,,,,174.800,-0.07,,,,,,,,
,,,,,,,,,,,,349.700,-0.07,350.000,-0.08,,,,,,,,,,,174.850,-0.06,,,,,,,,
,,,,,,,,,,,,349.800,-0.07,350.100,-0.07,,,,,,,,,,,174.900,-0.06,,,,,,,,
,,,,,,,,,,,,349.900,-0.06,350.200,-0.09,,,,,,,,,,,174.950,-0.06,,,,,,,,
,,,,,,,,,,,,350.000,-0.06,350.300,-0.08,,,,,,,,,,,175.000,-0.05,,,,,,,,
,,,,,,,,,,,,350.100,-0.06,350.400,-0.08,,,,,,,,,,,175.050,-0.06,,,,,,,,
,,,,,,,,,,,,350.200,-0.06,350.500,-0.09,,,,,,,,,,,175.100,-0.05,,,,,,,,
,,,,,,,,,,,,350.300,-0.07,350.600,-0.08,,,,,,,,,,,175.150,-0.04,,,,,,,,
,,,,,,,,,,,,350.400,-0.07,350.700,-0.08,,,,,,,,,,,175.200,-0.05,,,,,,,,
,,,,,,,,,,,,350.500,-0.07,350.800,-0.09,,,,,,,,,,,175.250,-0.05,,,,,,,,
,,,,,,,,,,,,350.600,-0.07,350.900,-0.09,,,,,,,,,,,175.300,-0.05,,,,,,,,
,,,,,,,,,,,,350.700,-0.06,351.000,-0.08,,,,,,,,,,,175.350,-0.05,,,,,,,,
,,,,,,,,,,,,350.800,-0.07,351.100,-0.08,,,,,,,,,,,175.400,-0.05,,,,,,,,
,,,,,,,,,,,,350.900,-0.07,351.200,-0.08,,,,,,,,,,,175.450,-0.06,,,,,,,,
,,,,,,,,,,,,351.000,-0.06,351.300,-0.08,,,,,,,,,,,175.500,-0.06,,,,,,,,
,,,,,,,,,,,,351.100,-0.07,351.400,-0.09,,,,,,,,,,,175.550,-0.05,,,,,,,,
,,,,,,,,,,,,351.200,-0.07,351.500,-0.09,,,,,,,,,,,175.600,-0.04,,,,,,,,
,,,,,,,,,,,,351.300,-0.07,351.600,-0.08,,,,,,,,,,,175.650,-0.05,,,,,,,,
,,,,,,,,,,,,351.400,-0.06,351.700,-0.08,,,,,,,,,,,175.700,-0.05,,,,,,,,
,,,,,,,,,,,,351.500,-0.07,351.800,-0.08,,,,,,,,,,,175.750,-0.05,,,,,,,,
,,,,,,,,,,,,351.600,-0.06,351.900,-0.08,,,,,,,,,,,175.800,-0.06,,,,,,,,
,,,,,,,,,,,,351.700,-0.07,352.000,-0.07,,,,,,,,,,,175.850,-0.06,,,,,,,,
,,,,,,,,,,,,351.800,-0.06,352.100,-0.07,,,,,,,,,,,175.900,-0.06,,,,,,,,
,,,,,,,,,,,,351.900,-0.07,352.200,-0.07,,,,,,,,,,,175.950,-0.05,,,,,,,,
,,,,,,,,,,,,352.000,-0.08,352.300,-0.06,,,,,,,,,,,176.000,-0.04,,,,,,,,
,,,,,,,,,,,,352.100,-0.07,352.400,-0.07,,,,,,,,,,,176.050,-0.04,,,,,,,,
,,,,,,,,,,,,352.200,-0.07,352.500,-0.07,,,,,,,,,,,176.100,-0.06,,,,,,,,
,,,,,,,,,,,,352.300,-0.08,352.600,-0.08,,,,,,,,,,,176.150,-0.05,,,,,,,,
,,,,,,,,,,,,352.400,-0.08,352.700,-0.07,,,,,,,,,,,176.200,-0.06,,,,,,,,
,,,,,,,,,,,,352.500,-0.07,352.800,-0.06,,,,,,,,,,,176.250,-0.06,,,,,,,,
,,,,,,,,,,,,352.600,-0.07,352.900,-0.06,,,,,,,,,,,176.300,-0.06,,,,,,,,
,,,,,,,,,,,,352.700,-0.06,353.000,-0.07,,,,,,,,,,,176.350,-0.05,,,,,,,,
,,,,,,,,,,,,352.800,-0.07,353.100,-0.07,,,,,,,,,,,176.400,-0.06,,,,,,,,
,,,,,,,,,,,,352.900,-0.06,353.200,-0.09,,,,,,,,,,,176.450,-0.04,,,,,,,,
,,,,,,,,,,,,353.000,-0.06,353.300,-0.07,,,,,,,,,,,176.500,-0.04,,,,,,,,
,,,,,,,,,,,,353.100,-0.07,353.400,-0.07,,,,,,,,,,,176.550,-0.05,,,,,,,,
,,,,,,,,,,,,353.200,-0.07,353.500,-0.09,,,,,,,,,,,176.600,-0.05,,,,,,,,
,,,,,,,,,,,,353.300,-0.08,353.600,-0.07,,,,,,,,,,,176.650,-0.04,,,,,,,,
,,,,,,,,,,,,353.400,-0.08,353.700,-0.08,,,,,,,,,,,176.700,-0.07,,,,,,,,
,,,,,,,,,,,,353.500,-0.07,353.800,-0.09,,,,,,,,,,,176.750,-0.06,,,,,,,,
,,,,,,,,,,,,353.600,-0.07,353.900,-0.07,,,,,,,,,,,176.800,-0.06,,,,,,,,
,,,,,,,,,,,,353.700,-0.08,354.000,-0.08,,,,,,,,,,,176.850,-0.07,,,,,,,,
,,,,,,,,,,,,353.800,-0.07,354.100,-0.08,,,,,,,,,,,176.900,-0.06,,,,,,,,
,,,,,,,,,,,,353.900,-0.08,354.200,-0.09,,,,,,,,,,,176.950,-0.06,,,,,,,,
,,,,,,,,,,,,354.000,-0.07,354.300,-0.09,,,,,,,,,,,177.000,-0.06,,,,,,,,
,,,,,,,,,,,,354.100,-0.07,354.400,-0.08,,,,,,,,,,,177.050,-0.06,,,,,,,,
,,,,,,,,,,,,354.200,-0.08,354.500,-0.09,,,,,,,,,,,177.100,-0.06,,,,,,,,
,,,,,,,,,,,,354.300,-0.08,354.600,-0.08,,,,,,,,,,,177.150,-0.07,,,,,,,,
,,,,,,,,,,,,354.400,-0.08,354.700,-0.07,,,,,,,,,,,177.200,-0.06,,,,,,,,
,,,,,,,,,,,,354.500,-0.09,354.800,-0.07,,,,,,,,,,,177.250,-0.06,,,,,,,,
,,,,,,,,,,,,354.600,-0.09,354.900,-0.08,,,,,,,,,,,177.300,-0.07,,,,,,,,
,,,,,,,,,,,,354.700,-0.10,355.000,-0.08,,,,,,,,,,,177.350,-0.06,,,,,,,,
,,,,,,,,,,,,354.800,-0.08,355.100,-0.09,,,,,,,,,,,177.400,-0.06,,,,,,,,
,,,,,,,,,,,,354.900,-0.09,355.200,-0.08,,,,,,,,,,,177.450,-0.06,,,,,,,,
,,,,,,,,,,,,355.000,-0.08,355.300,-0.09,,,,,,,,,,,177.500,-0.06,,,,,,,,
,,,,,,,,,,,,355.100,-0.08,355.400,-0.09,,,,,,,,,,,177.550,-0.05,,,,,,,,
,,,,,,,,,,,,355.200,-0.07,355.500,-0.08,,,,,,,,,,,177.600,-0.06,,,,,,,,
,,,,,,,,,,,,355.300,-0.08,355.600,-0.08,,,,,,,,,,,177.650,-0.05,,,,,,,,
,,,,,,,,,,,,355.400,-0.07,355.700,-0.08,,,,,,,,,,,177.700,-0.06,,,,,,,,
,,,,,,,,,,,,355.500,-0.08,355.800,-0.08,,,,,,,,,,,177.750,-0.05,,,,,,,,
,,,,,,,,,,,,355.600,-0.08,355.900,-0.08,,,,,,,,,,,177.800,-0.05,,,,,,,,
,,,,,,,,,,,,355.700,-0.07,356.000,-0.08,,,,,,,,,,,177.850,-0.06,,,,,,,,
,,,,,,,,,,,,355.800,-0.07,356.100,-0.08,,,,,,,,,,,177.900,-0.05,,,,,,,,
,,,,,,,,,,,,355.900,-0.08,356.200,-0.08,,,,,,,,,,,177.950,-0.05,,,,,,,,
,,,,,,,,,,,,356.000,-0.07,356.300,-0.08,,,,,,,,,,,178.000,-0.06,,,,,,,,
,,,,,,,,,,,,356.100,-0.08,356.400,-0.08,,,,,,,,,,,178.050,-0.06,,,,,,,,
,,,,,,,,,,,,356.200,-0.08,356.500,-0.08,,,,,,,,,,,178.100,-0.06,,,,,,,,
,,,,,,,,,,,,356.300,-0.07,356.600,-0.09,,,,,,,,,,,178.150,-0.05,,,,,,,,
,,,,,,,,,,,,356.400,-0.06,356.700,-0.08,,,,,,,,,,,178.200,-0.07,,,,,,,,
,,,,,,,,,,,,356.500,-0.08,356.800,-0.08,,,,,,,,,,,178.250,-0.07,,,,,,,,
,,,,,,,,,,,,356.600,-0.08,356.900,-0.07,,,,,,,,,,,178.300,-0.06,,,,,,,,
,,,,,,,,,,,,356.700,-0.08,357.000,-0.07,,,,,,,,,,,178.350,-0.06,,,,,,,,
,,,,,,,,,,,,356.800,-0.07,357.100,-0.07,,,,,,,,,,,178.400,-0.06,,,,,,,,
,,,,,,,,,,,,356.900,-0.08,357.200,-0.07,,,,,,,,,,,178.450,-0.05,,,,,,,,
,,,,,,,,,,,,357.000,-0.07,357.300,-0.07,,,,,,,,,,,178.500,-0.05,,,,,,,,
,,,,,,,,,,,,357.100,-0.08,357.400,-0.07,,,,,,,,,,,178.550,-0.06,,,,,,,,
,,,,,,,,,,,,357.200,-0.05,357.500,-0.07,,,,,,,,,,,178.600,-0.06,,,,,,,,
,,,,,,,,,,,,357.300,-0.06,357.600,-0.06,,,,,,,,,,,178.650,-0.05,,,,,,,,
,,,,,,,,,,,,357.400,-0.08,357.700,-0.07,,,,,,,,,,,178.700,-0.05,,,,,,,,
,,,,,,,,,,,,357.500,-0.09,357.800,-0.08,,,,,,,,,,,178.750,-0.05,,,,,,,,
,,,,,,,,,,,,357.600,-0.06,357.900,-0.07,,,,,,,,,,,178.800,-0.06,,,,,,,,
,,,,,,,,,,,,357.700,-0.07,358.000,-0.07,,,,,,,,,,,178.850,-0.06,,,,,,,,
,,,,,,,,,,,,357.800,-0.07,358.100,-0.07,,,,,,,,,,,178.900,-0.06,,,,,,,,
,,,,,,,,,,,,357.900,-0.07,358.200,-0.07,,,,,,,,,,,178.950,-0.05,,,,,,,,
,,,,,,,,,,,,358.000,-0.08,358.300,-0.07,,,,,,,,,,,179.000,-0.07,,,,,,,,
,,,,,,,,,,,,358.100,-0.08,358.400,-0.08,,,,,,,,,,,179.050,-0.06,,,,,,,,
,,,,,,,,,,,,358.200,-0.08,358.500,-0.08,,,,,,,,,,,179.100,-0.06,,,,,,,,
,,,,,,,,,,,,358.300,-0.08,358.600,-0.07,,,,,,,,,,,179.150,-0.06,,,,,,,,
,,,,,,,,,,,,358.400,-0.08,358.700,-0.07,,,,,,,,,,,179.200,-0.05,,,,,,,,
,,,,,,,,,,,,358.500,-0.08,358.800,-0.06,,,,,,,,,,,179.250,-0.05,,,,,,,,
,,,,,,,,,,,,358.600,-0.07,358.900,-0.08,,,,,,,,,,,179.300,-0.05,,,,,,,,
,,,,,,,,,,,,358.700,-0.07,359.000,-0.07,,,,,,,,,,,179.350,-0.06,,,,,,,,
,,,,,,,,,,,,358.800,-0.07,359.100,-0.08,,,,,,,,,,,179.400,-0.06,,,,,,,,
,,,,,,,,,,,,358.900,-0.08,359.200,-0.08,,,,,,,,,,,179.450,-0.06,,,,,,,,
,,,,,,,,,,,,359.000,-0.09,359.300,-0.08,,,,,,,,,,,179.500,-0.06,,,,,,,,
,,,,,,,,,,,,359.100,-0.08,359.400,-0.08,,,,,,,,,,,179.550,-0.06,,,,,,,,
,,,,,,,,,,,,359.200,-0.07,359.500,-0.09,,,,,,,,,,,179.600,-0.06,,,,,,,,
,,,,,,,,,,,,359.300,-0.06,359.600,-0.09,,,,,,,,,,,179.650,-0.05,,,,,,,,
,,,,,,,,,,,,359.400,-0.06,359.700,-0.09,,,,,,,,,,,179.700,-0.06,,,,,,,,
,,,,,,,,,,,,359.500,-0.06,359.800,-0.08,,,,,,,,,,,179.750,-0.06,,,,,,,,
,,,,,,,,,,,,359.600,-0.08,359.900,-0.08,,,,,,,,,,,179.800,-0.06,,,,,,,,
,,,,,,,,,,,,359.700,-0.06,360.000,-0.08,,,,,,,,,,,179.850,-0.06,,,,,,,,
,,,,,,,,,,,,359.800,-0.06,360.100,-0.09,,,,,,,,,,,179.900,-0.06,,,,,,,,
,,,,,,,,,,,,359.900,-0.05,360.200,-0.07,,,,,,,,,,,179.950,-0.06,,,,,,,,
,,,,,,,,,,,,360.000,-0.06,360.300,-0.09,,,,,,,,,,,180.000,-0.06,,,,,,,,
,,,,,,,,,,,,360.100,-0.07,360.400,-0.09,,,,,,,,,,,180.050,-0.06,,,,,,,,
,,,,,,,,,,,,360.200,-0.07,360.500,-0.09,,,,,,,,,,,180.100,-0.06,,,,,,,,
,,,,,,,,,,,,360.300,-0.06,360.600,-0.07,,,,,,,,,,,180.150,-0.05,,,,,,,,
,,,,,,,,,,,,360.400,-0.06,360.700,-0.08,,,,,,,,,,,180.200,-0.06,,,,,,,,
,,,,,,,,,,,,360.500,-0.06,360.800,-0.08,,,,,,,,,,,180.250,-0.05,,,,,,,,
,,,,,,,,,,,,360.600,-0.07,360.900,-0.08,,,,,,,,,,,180.300,-0.05,,,,,,,,
,,,,,,,,,,,,360.700,-0.06,361.000,-0.08,,,,,,,,,,,180.350,-0.05,,,,,,,,
,,,,,,,,,,,,360.800,-0.06,361.100,-0.09,,,,,,,,,,,180.400,-0.05,,,,,,,,
,,,,,,,,,,,,360.900,-0.05,361.200,-0.09,,,,,,,,,,,180.450,-0.05,,,,,,,,
,,,,,,,,,,,,361.000,-0.06,361.300,-0.09,,,,,,,,,,,180.500,-0.06,,,,,,,,
,,,,,,,,,,,,361.100,-0.06,361.400,-0.10,,,,,,,,,,,180.550,-0.06,,,,,,,,
,,,,,,,,,,,,361.200,-0.07,361.500,-0.09,,,,,,,,,,,180.600,-0.06,,,,,,,,
,,,,,,,,,,,,361.300,-0.07,361.600,-0.09,,,,,,,,,,,180.650,-0.06,,,,,,,,
,,,,,,,,,,,,361.400,-0.08,361.700,-0.08,,,,,,,,,,,180.700,-0.05,,,,,,,,
,,,,,,,,,,,,361.500,-0.07,361.800,-0.09,,,,,,,,,,,180.750,-0.05,,,,,,,,
,,,,,,,,,,,,361.600,-0.07,361.900,-0.08,,,,,,,,,,,180.800,-0.06,,,,,,,,
,,,,,,,,,,,,361.700,-0.07,362.000,-0.09,,,,,,,,,,,180.850,-0.06,,,,,,,,
,,,,,,,,,,,,361.800,-0.06,362.100,-0.08,,,,,,,,,,,180.900,-0.06,,,,,,,,
,,,,,,,,,,,,361.900,-0.07,362.200,-0.08,,,,,,,,,,,180.950,-0.07,,,,,,,,
,,,,,,,,,,,,362.000,-0.08,362.300,-0.09,,,,,,,,,,,181.000,-0.07,,,,,,,,
,,,,,,,,,,,,362.100,-0.08,362.400,-0.09,,,,,,,,,,,181.050,-0.06,,,,,,,,
,,,,,,,,,,,,362.200,-0.08,362.500,-0.08,,,,,,,,,,,181.100,-0.07,,,,,,,,
,,,,,,,,,,,,362.300,-0.08,362.600,-0.09,,,,,,,,,,,181.150,-0.06,,,,,,,,
,,,,,,,,,,,,362.400,-0.07,362.700,-0.08,,,,,,,,,,,181.200,-0.06,,,,,,,,
,,,,,,,,,,,,362.500,-0.07,362.800,-0.09,,,,,,,,,,,181.250,-0.06,,,,,,,,
,,,,,,,,,,,,362.600,-0.07,362.900,-0.08,,,,,,,,,,,181.300,-0.06,,,,,,,,
,,,,,,,,,,,,362.700,-0.06,363.000,-0.08,,,,,,,,,,,181.350,-0.06,,,,,,,,
,,,,,,,,,,,,362.800,-0.08,363.100,-0.07,,,,,,,,,,,181.400,-0.06,,,,,,,,
,,,,,,,,,,,,362.900,-0.08,363.200,-0.08,,,,,,,,,,,181.450,-0.07,,,,,,,,
,,,,,,,,,,,,363.000,-0.08,363.300,-0.08,,,,,,,,,,,181.500,-0.06,,,,,,,,
,,,,,,,,,,,,363.100,-0.07,363.400,-0.08,,,,,,,,,,,181.550,-0.06,,,,,,,,
,,,,,,,,,,,,363.200,-0.08,363.500,-0.08,,,,,,,,,,,181.600,-0.06,,,,,,,,
,,,,,,,,,,,,363.300,-0.07,363.600,-0.08,,,,,,,,,,,181.650,-0.07,,,,,,,,
,,,,,,,,,,,,363.400,-0.07,363.700,-0.09,,,,,,,,,,,181.700,-0.06,,,,,,,,
,,,,,,,,,,,,363.500,-0.07,363.800,-0.07,,,,,,,,,,,181.750,-0.06,,,,,,,,
,,,,,,,,,,,,363.600,-0.09,363.900,-0.08,,,,,,,,,,,181.800,-0.06,,,,,,,,
,,,,,,,,,,,,363.700,-0.08,364.000,-0.08,,,,,,,,,,,181.850,-0.05,,,,,,,,
,,,,,,,,,,,,363.800,-0.08,364.100,-0.08,,,,,,,,,,,181.900,-0.05,,,,,,,,
,,,,,,,,,,,,363.900,-0.08,364.200,-0.09,,,,,,,,,,,181.950,-0.06,,,,,,,,
,,,,,,,,,,,,364.000,-0.18,364.300,-0.09,,,,,,,,,,,182.000,-0.05,,,,,,,,
,,,,,,,,,,,,364.100,-0.06,364.400,-0.09,,,,,,,,,,,182.050,-0.06,,,,,,,,
,,,,,,,,,,,,364.200,-0.08,364.500,-0.08,,,,,,,,,,,182.100,-0.06,,,,,,,,
,,,,,,,,,,,,364.300,-0.08,364.600,-0.09,,,,,,,,,,,182.150,-0.07,,,,,,,,
,,,,,,,,,,,,364.400,-0.07,364.700,-0.08,,,,,,,,,,,182.200,-0.07,,,,,,,,
,,,,,,,,,,,,364.500,-0.08,364.800,-0.09,,,,,,,,,,,182.250,-0.08,,,,,,,,
,,,,,,,,,,,,364.600,-0.08,364.900,-0.09,,,,,,,,,,,182.300,-0.07,,,,,,,,
,,,,,,,,,,,,364.700,-0.08,365.000,-0.09,,,,,,,,,,,182.350,-0.07,,,,,,,,
,,,,,,,,,,,,364.800,-0.07,365.100,-0.09,,,,,,,,,,,182.400,-0.07,,,,,,,,
,,,,,,,,,,,,364.900,-0.08,365.200,-0.09,,,,,,,,,,,182.450,-0.07,,,,,,,,
,,,,,,,,,,,,365.000,-0.08,365.300,-0.09,,,,,,,,,,,182.500,-0.05,,,,,,,,
,,,,,,,,,,,,365.100,-0.07,365.400,-0.10,,,,,,,,,,,182.550,-0.06,,,,,,,,
,,,,,,,,,,,,365.200,-0.07,365.500,-0.10,,,,,,,,,,,182.600,-0.06,,,,,,,,
,,,,,,,,,,,,365.300,-0.06,365.600,-0.09,,,,,,,,,,,182.650,-0.06,,,,,,,,
,,,,,,,,,,,,365.400,-0.06,365.700,-0.08,,,,,,,,,,,182.700,-0.06,,,,,,,,
,,,,,,,,,,,,365.500,-0.07,365.800,-0.09,,,,,,,,,,,182.750,-0.06,,,,,,,,
,,,,,,,,,,,,365.600,-0.07,365.900,-0.08,,,,,,,,,,,182.800,-0.06,,,,,,,,
,,,,,,,,,,,,365.700,-0.07,366.000,-0.09,,,,,,,,,,,182.850,-0.06,,,,,,,,
,,,,,,,,,,,,365.800,-0.06,366.100,-0.10,,,,,,,,,,,182.900,-0.07,,,,,,,,
,,,,,,,,,,,,365.900,-0.08,366.200,-0.09,,,,,,,,,,,182.950,-0.06,,,,,,,,
,,,,,,,,,,,,366.000,-0.07,366.300,-0.09,,,,,,,,,,,183.000,-0.06,,,,,,,,
,,,,,,,,,,,,366.100,-0.07,366.400,-0.10,,,,,,,,,,,183.050,-0.06,,,,,,,,
,,,,,,,,,,,,366.200,-0.07,366.500,-0.08,,,,,,,,,,,183.100,-0.07,,,,,,,,
,,,,,,,,,,,,366.300,-0.08,366.600,-0.09,,,,,,,,,,,183.150,-0.07,,,,,,,,
,,,,,,,,,,,,366.400,-0.09,366.700,-0.09,,,,,,,,,,,183.200,-0.05,,,,,,,,
,,,,,,,,,,,,366.500,-0.07,366.800,-0.09,,,,,,,,,,,183.250,-0.06,,,,,,,,
,,,,,,,,,,,,366.600,-0.07,366.900,-0.09,,,,,,,,,,,183.300,-0.06,,,,,,,,
,,,,,,,,,,,,366.700,-0.05,367.000,-0.09,,,,,,,,,,,183.350,-0.06,,,,,,,,
,,,,,,,,,,,,366.800,-0.09,367.100,-0.08,,,,,,,,,,,183.400,-0.05,,,,,,,,
,,,,,,,,,,,,366.900,-0.08,367.200,-0.09,,,,,,,,,,,183.450,-0.06,,,,,,,,
,,,,,,,,,,,,367.000,-0.07,367.300,-0.09,,,,,,,,,,,183.500,-0.07,,,,,,,,
,,,,,,,,,,,,367.100,-0.08,367.400,-0.09,,,,,,,,,,,183.550,-0.06,,,,,,,,
,,,,,,,,,,,,367.200,-0.08,367.500,-0.10,,,,,,,,,,,183.600,-0.06,,,,,,,,
,,,,,,,,,,,,367.300,-0.07,367.600,-0.11,,,,,,,,,,,183.650,-0.06,,,,,,,,
,,,,,,,,,,,,367.400,-0.08,367.700,-0.09,,,,,,,,,,,183.700,-0.06,,,,,,,,
,,,,,,,,,,,,367.500,-0.09,367.800,-0.09,,,,,,,,,,,183.750,-0.06,,,,,,,,
,,,,,,,,,,,,367.600,-0.09,367.900,-0.10,,,,,,,,,,,183.800,-0.06,,,,,,,,
,,,,,,,,,,,,367.700,-0.06,368.000,-0.09,,,,,,,,,,,183.850,-0.06,,,,,,,,
,,,,,,,,,,,,367.800,-0.07,368.100,-0.08,,,,,,,,,,,183.900,-0.06,,,,,,,,
,,,,,,,,,,,,367.900,-0.08,368.200,-0.09,,,,,,,,,,,183.950,-0.05,,,,,,,,
,,,,,,,,,,,,368.000,-0.07,368.300,-0.09,,,,,,,,,,,184.000,-0.05,,,,,,,,
,,,,,,,,,,,,368.100,-0.07,368.400,-0.08,,,,,,,,,,,184.050,-0.05,,,,,,,,
,,,,,,,,,,,,368.200,-0.06,368.500,-0.08,,,,,,,,,,,184.100,-0.05,,,,,,,,
,,,,,,,,,,,,368.300,-0.07,368.600,-0.09,,,,,,,,,,,184.150,-0.06,,,,,,,,
,,,,,,,,,,,,368.400,-0.08,368.700,-0.08,,,,,,,,,,,184.200,-0.06,,,,,,,,
,,,,,,,,,,,,368.500,-0.06,368.800,-0.09,,,,,,,,,,,184.250,-0.06,,,,,,,,
,,,,,,,,,,,,368.600,-0.06,368.900,-0.10,,,,,,,,,,,184.300,-0.06,,,,,,,,
,,,,,,,,,,,,368.700,-0.07,369.000,-0.10,,,,,,,,,,,184.350,-0.06,,,,,,,,
,,,,,,,,,,,,368.800,-0.06,369.100,-0.11,,,,,,,,,,,184.400,-0.06,,,,,,,,
,,,,,,,,,,,,368.900,-0.08,369.200,-0.10,,,,,,,,,,,184.450,-0.06,,,,,,,,
,,,,,,,,,,,,369.000,-0.09,369.300,-0.10,,,,,,,,,,,184.500,-0.07,,,,,,,,
,,,,,,,,,,,,369.100,-0.08,369.400,-0.10,,,,,,,,,,,184.550,-0.06,,,,,,,,
,,,,,,,,,,,,369.200,-0.08,369.500,-0.11,,,,,,,,,,,184.600,-0.06,,,,,,,,
,,,,,,,,,,,,369.300,-0.08,369.600,-0.11,,,,,,,,,,,184.650,-0.06,,,,,,,,
,,,,,,,,,,,,369.400,-0.08,369.700,-0.11,,,,,,,,,,,184.700,-0.06,,,,,,,,
,,,,,,,,,,,,369.500,-0.07,369.800,-0.11,,,,,,,,,,,184.750,-0.06,,,,,,,,
,,,,,,,,,,,,369.600,-0.08,369.900,-0.09,,,,,,,,,,,184.800,-0.06,,,,,,,,
,,,,,,,,,,,,369.700,-0.08,370.000,-0.05,,,,,,,,,,,184.850,-0.06,,,,,,,,
,,,,,,,,,,,,369.800,-0.07,370.100,-0.08,,,,,,,,,,,184.900,-0.06,,,,,,,,
,,,,,,,,,,,,369.900,-0.08,370.200,-0.08,,,,,,,,,,,184.950,-0.06,,,,,,,,
,,,,,,,,,,,,370.000,-0.08,370.300,-0.08,,,,,,,,,,,185.000,-0.05,,,,,,,,
,,,,,,,,,,,,370.100,-0.09,370.400,-0.08,,,,,,,,,,,185.050,-0.05,,,,,,,,
,,,,,,,,,,,,370.200,-0.08,370.500,-0.08,,,,,,,,,,,185.100,-0.06,,,,,,,,
,,,,,,,,,,,,370.300,-0.07,370.600,-0.07,,,,,,,,,,,185.150,-0.06,,,,,,,,
,,,,,,,,,,,,370.400,-0.07,370.700,-0.08,,,,,,,,,,,185.200,-0.06,,,,,,,,
,,,,,,,,,,,,370.500,-0.08,370.800,-0.09,,,,,,,,,,,185.250,-0.07,,,,,,,,
,,,,,,,,,,,,370.600,-0.07,370.900,-0.10,,,,,,,,,,,185.300,-0.06,,,,,,,,
,,,,,,,,,,,,370.700,-0.06,371.000,-0.11,,,,,,,,,,,185.350,-0.06,,,,,,,,
,,,,,,,,,,,,370.800,-0.08,371.100,-0.10,,,,,,,,,,,185.400,-0.07,,,,,,,,
,,,,,,,,,,,,370.900,-0.07,371.200,-0.10,,,,,,,,,,,185.450,-0.07,,,,,,,,
,,,,,,,,,,,,371.000,-0.07,371.300,-0.10,,,,,,,,,,,185.500,-0.07,,,,,,,,
,,,,,,,,,,,,371.100,-0.08,371.400,-0.10,,,,,,,,,,,185.550,-0.06,,,,,,,,
,,,,,,,,,,,,371.200,-0.07,371.500,-0.11,,,,,,,,,,,185.600,-0.05,,,,,,,,
,,,,,,,,,,,,371.300,-0.06,371.600,-0.09,,,,,,,,,,,185.650,-0.06,,,,,,,,
,,,,,,,,,,,,371.400,-0.08,371.700,-0.10,,,,,,,,,,,185.700,-0.05,,,,,,,,
,,,,,,,,,,,,371.500,-0.09,371.800,-0.10,,,,,,,,,,,185.750,-0.05,,,,,,,,
,,,,,,,,,,,,371.600,-0.07,371.900,-0.09,,,,,,,,,,,185.800,-0.06,,,,,,,,
,,,,,,,,,,,,371.700,-0.07,372.000,-0.10,,,,,,,,,,,185.850,-0.06,,,,,,,,
,,,,,,,,,,,,371.800,-0.07,372.100,-0.09,,,,,,,,,,,185.900,-0.05,,,,,,,,
,,,,,,,,,,,,371.900,-0.08,372.200,-0.10,,,,,,,,,,,185.950,-0.06,,,,,,,,
,,,,,,,,,,,,372.000,-0.07,372.300,-0.10,,,,,,,,,,,186.000,-0.06,,,,,,,,
,,,,,,,,,,,,372.100,-0.07,372.400,-0.09,,,,,,,,,,,186.050,-0.07,,,,,,,,
,,,,,,,,,,,,372.200,-0.08,372.500,-0.09,,,,,,,,,,,186.100,-0.07,,,,,,,,
,,,,,,,,,,,,372.300,-0.06,372.600,-0.09,,,,,,,,,,,186.150,-0.06,,,,,,,,
,,,,,,,,,,,,372.400,-0.08,372.700,-0.10,,,,,,,,,,,186.200,-0.07,,,,,,,,
,,,,,,,,,,,,372.500,-0.08,372.800,-0.09,,,,,,,,,,,186.250,-0.06,,,,,,,,
,,,,,,,,,,,,372.600,-0.07,372.900,-0.09,,,,,,,,,,,186.300,-0.06,,,,,,,,
,,,,,,,,,,,,372.700,-0.09,373.000,-0.10,,,,,,,,,,,186.350,-0.05,,,,,,,,
,,,,,,,,,,,,372.800,-0.08,373.100,-0.10,,,,,,,,,,,186.400,-0.06,,,,,,,,
,,,,,,,,,,,,372.900,-0.07,373.200,-0.10,,,,,,,,,,,186.450,-0.05,,,,,,,,
,,,,,,,,,,,,373.000,-0.07,373.300,-0.10,,,,,,,,,,,186.500,-0.06,,,,,,,,
,,,,,,,,,,,,373.100,-0.06,373.400,-0.10,,,,,,,,,,,186.550,-0.06,,,,,,,,
,,,,,,,,,,,,373.200,-0.06,373.500,-0.08,,,,,,,,,,,186.600,-0.06,,,,,,,,
,,,,,,,,,,,,373.300,-0.06,373.600,-0.08,,,,,,,,,,,186.650,-0.05,,,,,,,,
,,,,,,,,,,,,373.400,-0.06,373.700,-0.08,,,,,,,,,,,186.700,-0.05,,,,,,,,
,,,,,,,,,,,,373.500,-0.07,373.800,-0.09,,,,,,,,,,,186.750,-0.05,,,,,,,,
,,,,,,,,,,,,373.600,-0.08,373.900,-0.08,,,,,,,,,,,186.800,-0.05,,,,,,,,
,,,,,,,,,,,,373.700,-0.06,374.000,-0.08,,,,,,,,,,,186.850,-0.06,,,,,,,,
,,,,,,,,,,,,373.800,-0.08,374.100,-0.09,,,,,,,,,,,186.900,-0.06,,,,,,,,
,,,,,,,,,,,,373.900,-0.06,374.200,-0.09,,,,,,,,,,,186.950,-0.06,,,,,,,,
,,,,,,,,,,,,374.000,-0.07,374.300,-0.09,,,,,,,,,,,187.000,-0.05,,,,,,,,
,,,,,,,,,,,,374.100,-0.06,374.400,-0.10,,,,,,,,,,,187.050,-0.04,,,,,,,,
,,,,,,,,,,,,374.200,-0.08,374.500,-0.09,,,,,,,,,,,187.100,-0.06,,,,,,,,
,,,,,,,,,,,,374.300,-0.07,374.600,-0.09,,,,,,,,,,,187.150,-0.06,,,,,,,,
,,,,,,,,,,,,374.400,-0.08,374.700,-0.09,,,,,,,,,,,187.200,-0.05,,,,,,,,
,,,,,,,,,,,,374.500,-0.08,374.800,-0.09,,,,,,,,,,,187.250,-0.06,,,,,,,,
,,,,,,,,,,,,374.600,-0.08,374.900,-0.10,,,,,,,,,,,187.300,-0.06,,,,,,,,
,,,,,,,,,,,,374.700,-0.08,375.000,-0.10,,,,,,,,,,,187.350,-0.05,,,,,,,,
,,,,,,,,,,,,374.800,-0.07,375.100,-0.10,,,,,,,,,,,187.400,-0.05,,,,,,,,
,,,,,,,,,,,,374.900,-0.07,375.200,-0.09,,,,,,,,,,,187.450,-0.05,,,,,,,,
,,,,,,,,,,,,375.000,-0.08,375.300,-0.09,,,,,,,,,,,187.500,-0.04,,,,,,,,
,,,,,,,,,,,,375.100,-0.07,375.400,-0.10,,,,,,,,,,,187.550,-0.06,,,,,,,,
,,,,,,,,,,,,375.200,-0.08,375.500,-0.10,,,,,,,,,,,187.600,-0.05,,,,,,,,
,,,,,,,,,,,,375.300,-0.08,375.600,-0.10,,,,,,,,,,,187.650,-0.06,,,,,,,,
,,,,,,,,,,,,375.400,-0.07,375.700,-0.11,,,,,,,,,,,187.700,-0.06,,,,,,,,
,,,,,,,,,,,,375.500,-0.08,375.800,-0.10,,,,,,,,,,,187.750,-0.05,,,,,,,,
,,,,,,,,,,,,375.600,-0.08,375.900,-0.10,,,,,,,,,,,187.800,-0.05,,,,,,,,
,,,,,,,,,,,,375.700,-0.08,376.000,-0.10,,,,,,,,,,,187.850,-0.05,,,,,,,,
,,,,,,,,,,,,375.800,-0.08,376.100,-0.11,,,,,,,,,,,187.900,-0.05,,,,,,,,
,,,,,,,,,,,,375.900,-0.06,376.200,-0.10,,,,,,,,,,,187.950,-0.05,,,,,,,,
,,,,,,,,,,,,376.000,-0.07,376.300,-0.10,,,,,,,,,,,188.000,-0.06,,,,,,,,
,,,,,,,,,,,,376.100,-0.06,376.400,-0.10,,,,,,,,,,,188.050,-0.05,,,,,,,,
,,,,,,,,,,,,376.200,-0.07,376.500,-0.11,,,,,,,,,,,188.100,-0.05,,,,,,,,
,,,,,,,,,,,,376.300,-0.07,376.600,-0.10,,,,,,,,,,,188.150,-0.05,,,,,,,,
,,,,,,,,,,,,376.400,-0.07,376.700,-0.10,,,,,,,,,,,188.200,-0.05,,,,,,,,
,,,,,,,,,,,,376.500,-0.08,376.800,-0.10,,,,,,,,,,,188.250,-0.04,,,,,,,,
,,,,,,,,,,,,376.600,-0.07,376.900,-0.10,,,,,,,,,,,188.300,-0.04,,,,,,,,
,,,,,,,,,,,,376.700,-0.08,377.000,-0.10,,,,,,,,,,,188.350,-0.05,,,,,,,,
,,,,,,,,,,,,376.800,-0.08,377.100,-0.10,,,,,,,,,,,188.400,-0.05,,,,,,,,
,,,,,,,,,,,,376.900,-0.08,377.200,-0.10,,,,,,,,,,,188.450,-0.05,,,,,,,,
,,,,,,,,,,,,377.000,-0.07,377.300,-0.09,,,,,,,,,,,188.500,-0.05,,,,,,,,
,,,,,,,,,,,,377.100,-0.07,377.400,-0.09,,,,,,,,,,,188.550,-0.05,,,,,,,,
,,,,,,,,,,,,377.200,-0.08,377.500,-0.09,,,,,,,,,,,188.600,-0.05,,,,,,,,
,,,,,,,,,,,,377.300,-0.07,377.600,-0.08,,,,,,,,,,,188.650,-0.06,,,,,,,,
,,,,,,,,,,,,377.400,-0.08,377.700,-0.09,,,,,,,,,,,188.700,-0.05,,,,,,,,
,,,,,,,,,,,,377.500,-0.08,377.800,-0.09,,,,,,,,,,,188.750,-0.06,,,,,,,,
,,,,,,,,,,,,377.600,-0.07,377.900,-0.09,,,,,,,,,,,188.800,-0.05,,,,,,,,
,,,,,,,,,,,,377.700,-0.09,378.000,-0.08,,,,,,,,,,,188.850,-0.06,,,,,,,,
,,,,,,,,,,,,377.800,-0.09,378.100,-0.09,,,,,,,,,,,188.900,-0.05,,,,,,,,
,,,,,,,,,,,,377.900,-0.09,378.200,-0.09,,,,,,,,,,,188.950,-0.05,,,,,,,,
,,,,,,,,,,,,378.000,-0.08,378.300,-0.10,,,,,,,,,,,189.000,-0.06,,,,,,,,
,,,,,,,,,,,,378.100,-0.08,378.400,-0.10,,,,,,,,,,,189.050,-0.06,,,,,,,,
,,,,,,,,,,,,378.200,-0.07,378.500,-0.09,,,,,,,,,,,189.100,-0.05,,,,,,,,
,,,,,,,,,,,,378.300,-0.07,378.600,-0.10,,,,,,,,,,,189.150,-0.06,,,,,,,,
,,,,,,,,,,,,378.400,-0.08,378.700,-0.09,,,,,,,,,,,189.200,-0.06,,,,,,,,
,,,,,,,,,,,,378.500,-0.06,378.800,-0.09,,,,,,,,,,,189.250,-0.05,,,,,,,,
,,,,,,,,,,,,378.600,-0.07,378.900,-0.09,,,,,,,,,,,189.300,-0.04,,,,,,,,
,,,,,,,,,,,,378.700,-0.08,379.000,-0.09,,,,,,,,,,,189.350,-0.05,,,,,,,,
,,,,,,,,,,,,378.800,-0.07,379.100,-0.09,,,,,,,,,,,189.400,-0.05,,,,,,,,
,,,,,,,,,,,,378.900,-0.06,379.200,-0.08,,,,,,,,,,,189.450,-0.06,,,,,,,,
,,,,,,,,,,,,379.000,-0.08,379.300,-0.09,,,,,,,,,,,189.500,-0.06,,,,,,,,
,,,,,,,,,,,,379.100,-0.08,379.400,-0.08,,,,,,,,,,,189.550,-0.07,,,,,,,,
,,,,,,,,,,,,379.200,-0.08,379.500,-0.10,,,,,,,,,,,189.600,-0.07,,,,,,,,
,,,,,,,,,,,,379.300,-0.08,379.600,-0.09,,,,,,,,,,,189.650,-0.06,,,,,,,,
,,,,,,,,,,,,379.400,-0.08,379.700,-0.09,,,,,,,,,,,189.700,-0.04,,,,,,,,
,,,,,,,,,,,,379.500,-0.07,379.800,-0.09,,,,,,,,,,,189.750,-0.06,,,,,,,,
,,,,,,,,,,,,379.600,-0.12,379.900,-0.09,,,,,,,,,,,189.800,-0.05,,,,,,,,
,,,,,,,,,,,,379.700,0.08,380.000,-0.08,,,,,,,,,,,189.850,-0.06,,,,,,,,
,,,,,,,,,,,,379.800,-0.11,380.100,-0.08,,,,,,,,,,,189.900,-0.05,,,,,,,,
,,,,,,,,,,,,379.900,-0.10,380.200,-0.09,,,,,,,,,,,189.950,-0.05,,,,,,,,
,,,,,,,,,,,,380.000,-0.09,380.300,-0.09,,,,,,,,,,,190.000,-0.04,,,,,,,,
,,,,,,,,,,,,380.100,-0.09,380.400,-0.09,,,,,,,,,,,190.050,-0.04,,,,,,,,
,,,,,,,,,,,,380.200,-0.08,380.500,-0.09,,,,,,,,,,,190.100,-0.06,,,,,,,,
,,,,,,,,,,,,380.300,-0.08,380.600,-0.09,,,,,,,,,,,190.150,-0.05,,,,,,,,
,,,,,,,,,,,,380.400,-0.08,380.700,-0.09,,,,,,,,,,,190.200,-0.05,,,,,,,,
,,,,,,,,,,,,380.500,-0.07,380.800,-0.09,,,,,,,,,,,190.250,-0.05,,,,,,,,
,,,,,,,,,,,,380.600,-0.06,380.900,-0.09,,,,,,,,,,,190.300,-0.05,,,,,,,,
,,,,,,,,,,,,380.700,-0.07,381.000,-0.09,,,,,,,,,,,190.350,-0.05,,,,,,,,
,,,,,,,,,,,,380.800,-0.07,381.100,-0.09,,,,,,,,,,,190.400,-0.05,,,,,,,,
,,,,,,,,,,,,380.900,-0.10,381.200,-0.09,,,,,,,,,,,190.450,-0.05,,,,,,,,
,,,,,,,,,,,,381.000,-0.06,381.300,-0.08,,,,,,,,,,,190.500,-0.05,,,,,,,,
,,,,,,,,,,,,381.100,-0.09,381.400,-0.09,,,,,,,,,,,190.550,-0.05,,,,,,,,
,,,,,,,,,,,,381.200,-0.07,381.500,-0.09,,,,,,,,,,,190.600,-0.04,,,,,,,,
,,,,,,,,,,,,381.300,-0.08,381.600,-0.08,,,,,,,,,,,190.650,-0.05,,,,,,,,
,,,,,,,,,,,,381.400,-0.07,381.700,-0.08,,,,,,,,,,,190.700,-0.05,,,,,,,,
,,,,,,,,,,,,381.500,-0.08,381.800,-0.08,,,,,,,,,,,190.750,-0.05,,,,,,,,
,,,,,,,,,,,,381.600,-0.08,381.900,-0.08,,,,,,,,,,,190.800,-0.05,,,,,,,,
,,,,,,,,,,,,381.700,-0.09,382.000,-0.08,,,,,,,,,,,190.850,-0.06,,,,,,,,
,,,,,,,,,,,,381.800,-0.08,382.100,-0.08,,,,,,,,,,,190.900,-0.05,,,,,,,,
,,,,,,,,,,,,381.900,-0.08,382.200,-0.07,,,,,,,,,,,190.950,-0.05,,,,,,,,
,,,,,,,,,,,,382.000,-0.08,382.300,-0.07,,,,,,,,,,,191.000,-0.05,,,,,,,,
,,,,,,,,,,,,382.100,-0.08,382.400,-0.06,,,,,,,,,,,191.050,-0.04,,,,,,,,
,,,,,,,,,,,,382.200,-0.08,382.500,-0.05,,,,,,,,,,,191.100,-0.05,,,,,,,,
,,,,,,,,,,,,382.300,-0.08,382.600,-0.08,,,,,,,,,,,191.150,-0.05,,,,,,,,
,,,,,,,,,,,,382.400,-0.07,382.700,-0.08,,,,,,,,,,,191.200,-0.05,,,,,,,,
,,,,,,,,,,,,382.500,-0.08,382.800,-0.08,,,,,,,,,,,191.250,-0.05,,,,,,,,
,,,,,,,,,,,,382.600,-0.09,382.900,-0.06,,,,,,,,,,,191.300,-0.05,,,,,,,,
,,,,,,,,,,,,382.700,-0.08,383.000,-0.08,,,,,,,,,,,191.350,-0.05,,,,,,,,
,,,,,,,,,,,,382.800,-0.07,383.100,-0.07,,,,,,,,,,,191.400,-0.05,,,,,,,,
,,,,,,,,,,,,382.900,-0.07,383.200,-0.07,,,,,,,,,,,191.450,-0.05,,,,,,,,
,,,,,,,,,,,,383.000,-0.07,383.300,-0.08,,,,,,,,,,,191.500,-0.06,,,,,,,,
,,,,,,,,,,,,383.100,-0.07,383.400,-0.06,,,,,,,,,,,191.550,-0.06,,,,,,,,
,,,,,,,,,,,,383.200,-0.07,383.500,-0.07,,,,,,,,,,,191.600,-0.06,,,,,,,,
,,,,,,,,,,,,383.300,-0.08,383.600,-0.07,,,,,,,,,,,191.650,-0.05,,,,,,,,
,,,,,,,,,,,,383.400,-0.08,383.700,-0.08,,,,,,,,,,,191.700,-0.06,,,,,,,,
,,,,,,,,,,,,383.500,-0.08,383.800,-0.09,,,,,,,,,,,191.750,-0.06,,,,,,,,
,,,,,,,,,,,,383.600,-0.07,383.900,-0.08,,,,,,,,,,,191.800,-0.06,,,,,,,,
,,,,,,,,,,,,383.700,-0.08,384.000,-0.08,,,,,,,,,,,191.850,-0.05,,,,,,,,
,,,,,,,,,,,,383.800,-0.08,384.100,-0.07,,,,,,,,,,,191.900,-0.06,,,,,,,,
,,,,,,,,,,,,383.900,-0.07,384.200,-0.06,,,,,,,,,,,191.950,-0.07,,,,,,,,
,,,,,,,,,,,,384.000,-0.08,384.300,-0.07,,,,,,,,,,,192.000,-0.05,,,,,,,,
,,,,,,,,,,,,384.100,-0.08,384.400,-0.07,,,,,,,,,,,192.050,-0.06,,,,,,,,
,,,,,,,,,,,,384.200,-0.08,384.500,-0.07,,,,,,,,,,,192.100,-0.06,,,,,,,,
,,,,,,,,,,,,384.300,-0.08,384.600,-0.08,,,,,,,,,,,192.150,-0.06,,,,,,,,
,,,,,,,,,,,,384.400,-0.06,384.700,-0.07,,,,,,,,,,,192.200,-0.07,,,,,,,,
,,,,,,,,,,,,384.500,-0.08,384.800,-0.08,,,,,,,,,,,192.250,-0.07,,,,,,,,
,,,,,,,,,,,,384.600,-0.08,384.900,-0.07,,,,,,,,,,,192.300,-0.07,,,,,,,,
,,,,,,,,,,,,384.700,-0.08,385.000,-0.07,,,,,,,,,,,192.350,-0.05,,,,,,,,
,,,,,,,,,,,,384.800,-0.08,385.100,-0.08,,,,,,,,,,,192.400,-0.06,,,,,,,,
,,,,,,,,,,,,384.900,-0.08,385.200,-0.07,,,,,,,,,,,192.450,-0.06,,,,,,,,
,,,,,,,,,,,,385.000,-0.06,385.300,-0.08,,,,,,,,,,,192.500,-0.06,,,,,,,,
,,,,,,,,,,,,385.100,-0.06,385.400,-0.08,,,,,,,,,,,192.550,-0.05,,,,,,,,
,,,,,,,,,,,,385.200,-0.06,385.500,-0.08,,,,,,,,,,,192.600,-0.07,,,,,,,,
,,,,,,,,,,,,385.300,-0.06,385.600,-0.09,,,,,,,,,,,192.650,-0.06,,,,,,,,
,,,,,,,,,,,,385.400,-0.06,385.700,-0.09,,,,,,,,,,,192.700,-0.05,,,,,,,,
,,,,,,,,,,,,385.500,-0.07,385.800,-0.07,,,,,,,,,,,192.750,-0.06,,,,,,,,
,,,,,,,,,,,,385.600,-0.08,385.900,-0.08,,,,,,,,,,,192.800,-0.05,,,,,,,,
,,,,,,,,,,,,385.700,-0.08,386.000,-0.08,,,,,,,,,,,192.850,-0.06,,,,,,,,
,,,,,,,,,,,,385.800,-0.07,386.100,-0.08,,,,,,,,,,,192.900,-0.06,,,,,,,,
,,,,,,,,,,,,385.900,-0.07,386.200,-0.08,,,,,,,,,,,192.950,-0.06,,,,,,,,
,,,,,,,,,,,,386.000,-0.07,386.300,-0.07,,,,,,,,,,,193.000,-0.07,,,,,,,,
,,,,,,,,,,,,386.100,-0.07,386.400,-0.07,,,,,,,,,,,193.050,-0.08,,,,,,,,
,,,,,,,,,,,,386.200,-0.07,386.500,-0.07,,,,,,,,,,,193.100,-0.07,,,,,,,,
,,,,,,,,,,,,386.300,-0.07,386.600,-0.08,,,,,,,,,,,193.150,-0.07,,,,,,,,
,,,,,,,,,,,,386.400,-0.06,386.700,-0.08,,,,,,,,,,,193.200,-0.07,,,,,,,,
,,,,,,,,,,,,386.500,-0.06,386.800,-0.08,,,,,,,,,,,193.250,-0.06,,,,,,,,
,,,,,,,,,,,,386.600,-0.06,386.900,-0.07,,,,,,,,,,,193.300,-0.07,,,,,,,,
,,,,,,,,,,,,386.700,-0.05,387.000,-0.08,,,,,,,,,,,193.350,-0.07,,,,,,,,
,,,,,,,,,,,,386.800,-0.07,387.100,-0.08,,,,,,,,,,,193.400,-0.06,,,,,,,,
,,,,,,,,,,,,386.900,-0.07,387.200,-0.08,,,,,,,,,,,193.450,-0.07,,,,,,,,
,,,,,,,,,,,,387.000,-0.06,387.300,-0.07,,,,,,,,,,,193.500,-0.06,,,,,,,,
,,,,,,,,,,,,387.100,-0.06,387.400,-0.08,,,,,,,,,,,193.550,-0.06,,,,,,,,
,,,,,,,,,,,,387.200,-0.07,387.500,-0.08,,,,,,,,,,,193.600,-0.06,,,,,,,,
,,,,,,,,,,,,387.300,-0.06,387.600,-0.09,,,,,,,,,,,193.650,-0.06,,,,,,,,
,,,,,,,,,,,,387.400,-0.06,387.700,-0.08,,,,,,,,,,,193.700,-0.06,,,,,,,,
,,,,,,,,,,,,387.500,-0.07,387.800,-0.08,,,,,,,,,,,193.750,-0.06,,,,,,,,
,,,,,,,,,,,,387.600,-0.06,387.900,-0.08,,,,,,,,,,,193.800,-0.06,,,,,,,,
,,,,,,,,,,,,387.700,-0.06,388.000,-0.08,,,,,,,,,,,193.850,-0.06,,,,,,,,
,,,,,,,,,,,,387.800,-0.08,388.100,-0.08,,,,,,,,,,,193.900,-0.06,,,,,,,,
,,,,,,,,,,,,387.900,-0.08,388.200,-0.07,,,,,,,,,,,193.950,-0.06,,,,,,,,
,,,,,,,,,,,,388.000,-0.08,388.300,-0.07,,,,,,,,,,,194.000,-0.06,,,,,,,,
,,,,,,,,,,,,388.100,-0.07,388.400,-0.07,,,,,,,,,,,194.050,-0.06,,,,,,,,
,,,,,,,,,,,,388.200,-0.07,388.500,-0.08,,,,,,,,,,,194.100,-0.06,,,,,,,,
,,,,,,,,,,,,388.300,-0.08,388.600,-0.07,,,,,,,,,,,194.150,-0.06,,,,,,,,
,,,,,,,,,,,,388.400,-0.08,388.700,-0.07,,,,,,,,,,,194.200,-0.05,,,,,,,,
,,,,,,,,,,,,388.500,-0.08,388.800,-0.05,,,,,,,,,,,194.250,-0.05,,,,,,,,
,,,,,,,,,,,,388.600,-0.07,388.900,-0.07,,,,,,,,,,,194.300,-0.07,,,,,,,,
,,,,,,,,,,,,388.700,-0.08,389.000,-0.07,,,,,,,,,,,194.350,-0.06,,,,,,,,
,,,,,,,,,,,,388.800,-0.08,389.100,-0.07,,,,,,,,,,,194.400,-0.06,,,,,,,,
,,,,,,,,,,,,388.900,-0.07,389.200,-0.08,,,,,,,,,,,194.450,-0.07,,,,,,,,
,,,,,,,,,,,,389.000,-0.07,389.300,-0.08,,,,,,,,,,,194.500,-0.06,,,,,,,,
,,,,,,,,,,,,389.100,-0.07,389.400,-0.07,,,,,,,,,,,194.550,-0.07,,,,,,,,
,,,,,,,,,,,,389.200,-0.07,389.500,-0.08,,,,,,,,,,,194.600,-0.07,,,,,,,,
,,,,,,,,,,,,389.300,-0.07,389.600,-0.08,,,,,,,,,,,194.650,-0.06,,,,,,,,
,,,,,,,,,,,,389.400,-0.07,389.700,-0.07,,,,,,,,,,,194.700,-0.06,,,,,,,,
,,,,,,,,,,,,389.500,-0.06,389.800,-0.07,,,,,,,,,,,194.750,-0.06,,,,,,,,
,,,,,,,,,,,,389.600,-0.06,389.900,-0.08,,,,,,,,,,,194.800,-0.07,,,,,,,,
,,,,,,,,,,,,389.700,-0.07,390.000,-0.08,,,,,,,,,,,194.850,-0.07,,,,,,,,
,,,,,,,,,,,,389.800,-0.07,390.100,-0.07,,,,,,,,,,,194.900,-0.07,,,,,,,,
,,,,,,,,,,,,389.900,-0.08,390.200,-0.06,,,,,,,,,,,194.950,-0.07,,,,,,,,
,,,,,,,,,,,,390.000,-0.08,390.300,-0.08,,,,,,,,,,,195.000,-0.07,,,,,,,,
,,,,,,,,,,,,390.100,-0.07,390.400,-0.08,,,,,,,,,,,195.050,-0.06,,,,,,,,
,,,,,,,,,,,,390.200,-0.09,390.500,-0.07,,,,,,,,,,,195.100,-0.05,,,,,,,,
,,,,,,,,,,,,390.300,-0.06,,,,,,,,,,,,,195.150,-0.06,,,,,,,,
,,,,,,,,,,,,390.400,-0.08,,,,,,,,,,,,,195.200,-0.07,,,,,,,,
,,,,,,,,,,,,390.500,-0.08,,,,,,,,,,,,,195.250,-0.05,,,,,,,,
,,,,,,,,,,,,390.600,-0.07,,,,,,,,,,,,,195.300,-0.06,,,,,,,,
,,,,,,,,,,,,390.700,-0.08,,,,,,,,,,,,,195.350,-0.06,,,,,,,,
,,,,,,,,,,,,390.800,-0.07,,,,,,,,,,,,,195.400,-0.07,,,,,,,,
,,,,,,,,,,,,390.900,-0.07,,,,,,,,,,,,,195.450,-0.07,,,,,,,,
,,,,,,,,,,,,391.000,-0.06,,,,,,,,,,,,,195.500,-0.07,,,,,,,,
,,,,,,,,,,,,391.100,-0.06,,,,,,,,,,,,,195.550,-0.06,,,,,,,,
,,,,,,,,,,,,391.200,-0.07,,,,,,,,,,,,,195.600,-0.07,,,,,,,,
,,,,,,,,,,,,391.300,-0.06,,,,,,,,,,,,,195.650,-0.06,,,,,,,,
,,,,,,,,,,,,391.400,-0.06,,,,,,,,,,,,,195.700,-0.06,,,,,,,,
,,,,,,,,,,,,391.500,-0.06,,,,,,,,,,,,,195.750,-0.07,,,,,,,,
,,,,,,,,,,,,391.600,-0.07,,,,,,,,,,,,,195.800,-0.07,,,,,,,,
,,,,,,,,,,,,391.700,-0.07,,,,,,,,,,,,,195.850,-0.09,,,,,,,,
,,,,,,,,,,,,391.800,-0.07,,,,,,,,,,,,,195.900,-0.08,,,,,,,,
,,,,,,,,,,,,391.900,-0.07,,,,,,,,,,,,,195.950,-0.07,,,,,,,,
,,,,,,,,,,,,392.000,-0.07,,,,,,,,,,,,,196.000,-0.08,,,,,,,,
,,,,,,,,,,,,392.100,-0.06,,,,,,,,,,,,,196.050,-0.07,,,,,,,,
,,,,,,,,,,,,392.200,-0.06,,,,,,,,,,,,,196.100,-0.07,,,,,,,,
,,,,,,,,,,,,392.300,-0.08,,,,,,,,,,,,,196.150,-0.07,,,,,,,,
,,,,,,,,,,,,392.400,-0.06,,,,,,,,,,,,,196.200,-0.07,,,,,,,,
,,,,,,,,,,,,392.500,-0.08,,,,,,,,,,,,,196.250,-0.08,,,,,,,,
,,,,,,,,,,,,392.600,-0.07,,,,,,,,,,,,,196.300,-0.07,,,,,,,,
,,,,,,,,,,,,392.700,-0.06,,,,,,,,,,,,,196.350,-0.06,,,,,,,,
,,,,,,,,,,,,392.800,-0.06,,,,,,,,,,,,,196.400,-0.05,,,,,,,,
,,,,,,,,,,,,392.900,-0.08,,,,,,,,,,,,,196.450,-0.06,,,,,,,,
,,,,,,,,,,,,393.000,-0.06,,,,,,,,,,,,,196.500,-0.06,,,,,,,,
,,,,,,,,,,,,393.100,-0.08,,,,,,,,,,,,,196.550,-0.05,,,,,,,,
,,,,,,,,,,,,393.200,-0.08,,,,,,,,,,,,,196.600,-0.06,,,,,,,,
,,,,,,,,,,,,393.300,-0.07,,,,,,,,,,,,,196.650,-0.06,,,,,,,,
,,,,,,,,,,,,393.400,-0.08,,,,,,,,,,,,,196.700,-0.06,,,,,,,,
,,,,,,,,,,,,393.500,-0.08,,,,,,,,,,,,,196.750,-0.05,,,,,,,,
,,,,,,,,,,,,393.600,-0.09,,,,,,,,,,,,,196.800,-0.06,,,,,,,,
,,,,,,,,,,,,393.700,-0.08,,,,,,,,,,,,,196.850,-0.07,,,,,,,,
,,,,,,,,,,,,393.800,-0.07,,,,,,,,,,,,,196.900,-0.06,,,,,,,,
,,,,,,,,,,,,393.900,-0.07,,,,,,,,,,,,,196.950,-0.07,,,,,,,,
,,,,,,,,,,,,394.000,-0.07,,,,,,,,,,,,,197.000,-0.06,,,,,,,,
,,,,,,,,,,,,394.100,-0.08,,,,,,,,,,,,,197.050,-0.06,,,,,,,,
,,,,,,,,,,,,394.200,-0.09,,,,,,,,,,,,,197.100,-0.05,,,,,,,,
,,,,,,,,,,,,394.300,-0.08,,,,,,,,,,,,,197.150,-0.05,,,,,,,,
,,,,,,,,,,,,394.400,-0.07,,,,,,,,,,,,,197.200,-0.06,,,,,,,,
,,,,,,,,,,,,394.500,-0.07,,,,,,,,,,,,,197.250,-0.06,,,,,,,,
,,,,,,,,,,,,394.600,-0.07,,,,,,,,,,,,,197.300,-0.06,,,,,,,,
,,,,,,,,,,,,394.700,-0.07,,,,,,,,,,,,,197.350,-0.06,,,,,,,,
,,,,,,,,,,,,394.800,-0.07,,,,,,,,,,,,,197.400,-0.05,,,,,,,,
,,,,,,,,,,,,394.900,-0.08,,,,,,,,,,,,,197.450,-0.06,,,,,,,,
,,,,,,,,,,,,395.000,-0.06,,,,,,,,,,,,,197.500,-0.06,,,,,,,,
,,,,,,,,,,,,395.100,-0.06,,,,,,,,,,,,,197.550,-0.08,,,,,,,,
,,,,,,,,,,,,395.200,-0.06,,,,,,,,,,,,,197.600,-0.07,,,,,,,,
,,,,,,,,,,,,395.300,-0.07,,,,,,,,,,,,,197.650,-0.07,,,,,,,,
,,,,,,,,,,,,395.400,-0.07,,,,,,,,,,,,,197.700,-0.07,,,,,,,,
,,,,,,,,,,,,395.500,-0.07,,,,,,,,,,,,,197.750,-0.06,,,,,,,,
,,,,,,,,,,,,395.600,-0.07,,,,,,,,,,,,,197.800,-0.07,,,,,,,,
,,,,,,,,,,,,395.700,-0.06,,,,,,,,,,,,,197.850,-0.06,,,,,,,,
,,,,,,,,,,,,395.800,-0.07,,,,,,,,,,,,,197.900,-0.07,,,,,,,,
,,,,,,,,,,,,395.900,-0.06,,,,,,,,,,,,,197.950,-0.06,,,,,,,,
,,,,,,,,,,,,396.000,-0.06,,,,,,,,,,,,,198.000,-0.08,,,,,,,,
,,,,,,,,,,,,396.100,-0.05,,,,,,,,,,,,,198.050,-0.07,,,,,,,,
,,,,,,,,,,,,396.200,-0.06,,,,,,,,,,,,,198.100,-0.06,,,,,,,,
,,,,,,,,,,,,396.300,-0.06,,,,,,,,,,,,,198.150,-0.06,,,,,,,,
,,,,,,,,,,,,396.400,-0.07,,,,,,,,,,,,,198.200,-0.05,,,,,,,,
,,,,,,,,,,,,396.500,-0.06,,,,,,,,,,,,,198.250,-0.06,,,,,,,,
,,,,,,,,,,,,396.600,-0.08,,,,,,,,,,,,,198.300,-0.05,,,,,,,,
,,,,,,,,,,,,396.700,-0.08,,,,,,,,,,,,,198.350,-0.06,,,,,,,,
,,,,,,,,,,,,396.800,-0.09,,,,,,,,,,,,,198.400,-0.06,,,,,,,,
,,,,,,,,,,,,396.900,-0.07,,,,,,,,,,,,,198.450,-0.06,,,,,,,,
,,,,,,,,,,,,397.000,-0.08,,,,,,,,,,,,,198.500,-0.06,,,,,,,,
,,,,,,,,,,,,397.100,-0.11,,,,,,,,,,,,,198.550,-0.06,,,,,,,,
,,,,,,,,,,,,397.200,-0.09,,,,,,,,,,,,,198.600,-0.06,,,,,,,,
,,,,,,,,,,,,397.300,-0.10,,,,,,,,,,,,,198.650,-0.07,,,,,,,,
,,,,,,,,,,,,397.400,-0.09,,,,,,,,,,,,,198.700,-0.06,,,,,,,,
,,,,,,,,,,,,397.500,-0.09,,,,,,,,,,,,,198.750,-0.07,,,,,,,,
,,,,,,,,,,,,397.600,-0.08,,,,,,,,,,,,,198.800,-0.08,,,,,,,,
,,,,,,,,,,,,397.700,-0.10,,,,,,,,,,,,,198.850,-0.07,,,,,,,,
,,,,,,,,,,,,397.800,-0.09,,,,,,,,,,,,,198.900,-0.07,,,,,,,,
,,,,,,,,,,,,397.900,-0.09,,,,,,,,,,,,,198.950,-0.07,,,,,,,,
,,,,,,,,,,,,398.000,-0.08,,,,,,,,,,,,,199.000,-0.07,,,,,,,,
,,,,,,,,,,,,398.100,-0.07,,,,,,,,,,,,,199.050,-0.07,,,,,,,,
,,,,,,,,,,,,398.200,-0.08,,,,,,,,,,,,,199.100,-0.07,,,,,,,,
,,,,,,,,,,,,398.300,-0.08,,,,,,,,,,,,,199.150,-0.07,,,,,,,,
,,,,,,,,,,,,398.400,-0.08,,,,,,,,,,,,,199.200,-0.07,,,,,,,,
,,,,,,,,,,,,398.500,-0.07,,,,,,,,,,,,,199.250,-0.08,,,,,,,,
,,,,,,,,,,,,398.600,-0.07,,,,,,,,,,,,,199.300,-0.08,,,,,,,,
,,,,,,,,,,,,398.700,-0.07,,,,,,,,,,,,,199.350,-0.07,,,,,,,,
,,,,,,,,,,,,398.800,-0.07,,,,,,,,,,,,,199.400,-0.08,,,,,,,,
,,,,,,,,,,,,398.900,-0.07,,,,,,,,,,,,,199.450,-0.07,,,,,,,,
,,,,,,,,,,,,399.000,-0.06,,,,,,,,,,,,,199.500,-0.07,,,,,,,,
,,,,,,,,,,,,399.100,-0.07,,,,,,,,,,,,,199.550,-0.07,,,,,,,,
,,,,,,,,,,,,399.200,-0.08,,,,,,,,,,,,,199.600,-0.06,,,,,,,,
,,,,,,,,,,,,399.300,-0.09,,,,,,,,,,,,,199.650,-0.08,,,,,,,,
,,,,,,,,,,,,399.400,-0.08,,,,,,,,,,,,,199.700,-0.07,,,,,,,,
,,,,,,,,,,,,399.500,-0.09,,,,,,,,,,,,,199.750,-0.08,,,,,,,,
,,,,,,,,,,,,399.600,-0.08,,,,,,,,,,,,,199.800,-0.09,,,,,,,,
,,,,,,,,,,,,399.700,-0.08,,,,,,,,,,,,,199.850,-0.08,,,,,,,,
,,,,,,,,,,,,399.800,-0.09,,,,,,,,,,,,,199.900,-0.08,,,,,,,,
,,,,,,,,,,,,399.900,-0.08,,,,,,,,,,,,,199.950,-0.08,,,,,,,,
,,,,,,,,,,,,400.000,-0.08,,,,,,,,,,,,,200.000,-0.07,,,,,,,,
,,,,,,,,,,,,400.100,-0.08,,,,,,,,,,,,,200.050,-0.06,,,,,,,,
,,,,,,,,,,,,400.200,-0.09,,,,,,,,,,,,,200.100,-0.06,,,,,,,,
,,,,,,,,,,,,400.300,-0.08,,,,,,,,,,,,,200.150,-0.07,,,,,,,,
,,,,,,,,,,,,400.400,-0.08,,,,,,,,,,,,,200.200,-0.07,,,,,,,,
,,,,,,,,,,,,400.500,-0.08,,,,,,,,,,,,,200.250,-0.07,,,,,,,,
,,,,,,,,,,,,400.600,-0.08,,,,,,,,,,,,,200.300,-0.08,,,,,,,,
,,,,,,,,,,,,400.700,-0.09,,,,,,,,,,,,,200.350,-0.07,,,,,,,,
,,,,,,,,,,,,400.800,-0.09,,,,,,,,,,,,,200.400,-0.07,,,,,,,,
,,,,,,,,,,,,400.900,-0.10,,,,,,,,,,,,,200.450,-0.08,,,,,,,,
,,,,,,,,,,,,401.000,-0.09,,,,,,,,,,,,,200.500,-0.07,,,,,,,,
,,,,,,,,,,,,401.100,-0.08,,,,,,,,,,,,,200.550,-0.08,,,,,,,,
,,,,,,,,,,,,401.200,-0.12,,,,,,,,,,,,,200.600,-0.07,,,,,,,,
,,,,,,,,,,,,401.300,-0.10,,,,,,,,,,,,,200.650,-0.06,,,,,,,,
,,,,,,,,,,,,401.400,-0.07,,,,,,,,,,,,,200.700,-0.06,,,,,,,,
,,,,,,,,,,,,401.500,-0.10,,,,,,,,,,,,,200.750,-0.07,,,,,,,,
,,,,,,,,,,,,401.600,-0.07,,,,,,,,,,,,,200.800,-0.08,,,,,,,,
,,,,,,,,,,,,401.700,-0.08,,,,,,,,,,,,,200.850,-0.07,,,,,,,,
,,,,,,,,,,,,401.800,-0.08,,,,,,,,,,,,,200.900,-0.07,,,,,,,,
,,,,,,,,,,,,401.900,-0.09,,,,,,,,,,,,,200.950,-0.06,,,,,,,,
,,,,,,,,,,,,402.000,-0.09,,,,,,,,,,,,,201.000,-0.07,,,,,,,,
,,,,,,,,,,,,402.100,-0.09,,,,,,,,,,,,,201.050,-0.07,,,,,,,,
,,,,,,,,,,,,402.200,-0.09,,,,,,,,,,,,,201.100,-0.07,,,,,,,,
,,,,,,,,,,,,402.300,-0.08,,,,,,,,,,,,,201.150,-0.08,,,,,,,,
,,,,,,,,,,,,402.400,-0.09,,,,,,,,,,,,,201.200,-0.08,,,,,,,,
,,,,,,,,,,,,402.500,-0.09,,,,,,,,,,,,,201.250,-0.08,,,,,,,,
,,,,,,,,,,,,402.600,-0.08,,,,,,,,,,,,,201.300,-0.08,,,,,,,,
,,,,,,,,,,,,402.700,-0.09,,,,,,,,,,,,,201.350,-0.08,,,,,,,,
,,,,,,,,,,,,402.800,-0.08,,,,,,,,,,,,,201.400,-0.08,,,,,,,,
,,,,,,,,,,,,402.900,-0.10,,,,,,,,,,,,,201.450,-0.09,,,,,,,,
,,,,,,,,,,,,403.000,-0.09,,,,,,,,,,,,,201.500,-0.07,,,,,,,,
,,,,,,,,,,,,403.100,-0.09,,,,,,,,,,,,,201.550,-0.07,,,,,,,,
,,,,,,,,,,,,403.200,-0.08,,,,,,,,,,,,,201.600,-0.07,,,,,,,,
,,,,,,,,,,,,403.300,-0.09,,,,,,,,,,,,,201.650,-0.07,,,,,,,,
,,,,,,,,,,,,403.400,-0.09,,,,,,,,,,,,,201.700,-0.08,,,,,,,,
,,,,,,,,,,,,403.500,-0.07,,,,,,,,,,,,,201.750,-0.09,,,,,,,,
,,,,,,,,,,,,403.600,-0.08,,,,,,,,,,,,,201.800,-0.07,,,,,,,,
,,,,,,,,,,,,403.700,-0.08,,,,,,,,,,,,,201.850,-0.08,,,,,,,,
,,,,,,,,,,,,403.800,-0.08,,,,,,,,,,,,,201.900,-0.08,,,,,,,,
,,,,,,,,,,,,403.900,-0.08,,,,,,,,,,,,,201.950,-0.06,,,,,,,,
,,,,,,,,,,,,404.000,-0.08,,,,,,,,,,,,,202.000,-0.07,,,,,,,,
,,,,,,,,,,,,404.100,-0.08,,,,,,,,,,,,,202.050,-0.06,,,,,,,,
,,,,,,,,,,,,404.200,-0.07,,,,,,,,,,,,,202.100,-0.07,,,,,,,,
,,,,,,,,,,,,404.300,-0.08,,,,,,,,,,,,,202.150,-0.07,,,,,,,,
,,,,,,,,,,,,404.400,-0.01,,,,,,,,,,,,,202.200,-0.07,,,,,,,,
,,,,,,,,,,,,404.500,-0.07,,,,,,,,,,,,,202.250,-0.07,,,,,,,,
,,,,,,,,,,,,404.600,-0.08,,,,,,,,,,,,,202.300,-0.06,,,,,,,,
,,,,,,,,,,,,404.700,-0.08,,,,,,,,,,,,,202.350,-0.07,,,,,,,,
,,,,,,,,,,,,404.800,-0.08,,,,,,,,,,,,,202.400,-0.06,,,,,,,,
,,,,,,,,,,,,404.900,-0.07,,,,,,,,,,,,,202.450,-0.06,,,,,,,,
,,,,,,,,,,,,405.000,-0.07,,,,,,,,,,,,,202.500,-0.08,,,,,,,,
,,,,,,,,,,,,405.100,-0.07,,,,,,,,,,,,,202.550,-0.07,,,,,,,,
,,,,,,,,,,,,405.200,-0.08,,,,,,,,,,,,,202.600,-0.07,,,,,,,,
,,,,,,,,,,,,405.300,-0.09,,,,,,,,,,,,,202.650,-0.07,,,,,,,,
,,,,,,,,,,,,405.400,-0.08,,,,,,,,,,,,,202.700,-0.07,,,,,,,,
,,,,,,,,,,,,405.500,-0.08,,,,,,,,,,,,,202.750,-0.06,,,,,,,,
,,,,,,,,,,,,405.600,-0.08,,,,,,,,,,,,,202.800,-0.07,,,,,,,,
,,,,,,,,,,,,405.700,-0.07,,,,,,,,,,,,,202.850,-0.08,,,,,,,,
,,,,,,,,,,,,405.800,-0.08,,,,,,,,,,,,,202.900,-0.07,,,,,,,,
,,,,,,,,,,,,405.900,-0.08,,,,,,,,,,,,,202.950,-0.07,,,,,,,,
,,,,,,,,,,,,406.000,-0.08,,,,,,,,,,,,,203.000,-0.07,,,,,,,,
,,,,,,,,,,,,406.100,-0.08,,,,,,,,,,,,,203.050,-0.07,,,,,,,,
,,,,,,,,,,,,406.200,-0.08,,,,,,,,,,,,,203.100,-0.07,,,,,,,,
,,,,,,,,,,,,406.300,-0.08,,,,,,,,,,,,,203.150,-0.08,,,,,,,,
,,,,,,,,,,,,406.400,-0.08,,,,,,,,,,,,,203.200,-0.07,,,,,,,,
,,,,,,,,,,,,406.500,-0.09,,,,,,,,,,,,,203.250,-0.07,,,,,,,,
,,,,,,,,,,,,406.600,-0.09,,,,,,,,,,,,,203.300,-0.06,,,,,,,,
,,,,,,,,,,,,406.700,-0.09,,,,,,,,,,,,,203.350,-0.07,,,,,,,,
,,,,,,,,,,,,406.800,-0.08,,,,,,,,,,,,,203.400,-0.06,,,,,,,,
,,,,,,,,,,,,406.900,-0.08,,,,,,,,,,,,,203.450,-0.07,,,,,,,,
,,,,,,,,,,,,407.000,-0.07,,,,,,,,,,,,,203.500,-0.07,,,,,,,,
,,,,,,,,,,,,407.100,-0.07,,,,,,,,,,,,,203.550,-0.06,,,,,,,,
,,,,,,,,,,,,407.200,-0.08,,,,,,,,,,,,,203.600,-0.06,,,,,,,,
,,,,,,,,,,,,407.300,-0.08,,,,,,,,,,,,,203.650,-0.07,,,,,,,,
,,,,,,,,,,,,407.400,-0.07,,,,,,,,,,,,,203.700,-0.07,,,,,,,,
,,,,,,,,,,,,407.500,-0.08,,,,,,,,,,,,,203.750,-0.06,,,,,,,,
,,,,,,,,,,,,407.600,-0.08,,,,,,,,,,,,,203.800,-0.07,,,,,,,,
,,,,,,,,,,,,407.700,-0.08,,,,,,,,,,,,,203.850,-0.06,,,,,,,,
,,,,,,,,,,,,407.800,-0.09,,,,,,,,,,,,,203.900,-0.07,,,,,,,,
,,,,,,,,,,,,407.900,-0.08,,,,,,,,,,,,,203.950,-0.06,,,,,,,,
,,,,,,,,,,,,408.000,-0.08,,,,,,,,,,,,,204.000,-0.06,,,,,,,,
,,,,,,,,,,,,408.100,-0.08,,,,,,,,,,,,,204.050,-0.07,,,,,,,,
,,,,,,,,,,,,408.200,-0.09,,,,,,,,,,,,,204.100,-0.06,,,,,,,,
,,,,,,,,,,,,408.300,-0.09,,,,,,,,,,,,,204.150,-0.08,,,,,,,,
,,,,,,,,,,,,408.400,-0.08,,,,,,,,,,,,,204.200,-0.06,,,,,,,,
,,,,,,,,,,,,408.500,-0.09,,,,,,,,,,,,,204.250,-0.06,,,,,,,,
,,,,,,,,,,,,408.600,-0.08,,,,,,,,,,,,,204.300,-0.07,,,,,,,,
,,,,,,,,,,,,408.700,-0.09,,,,,,,,,,,,,204.350,-0.07,,,,,,,,
,,,,,,,,,,,,408.800,-0.09,,,,,,,,,,,,,204.400,-0.07,,,,,,,,
,,,,,,,,,,,,408.900,-0.08,,,,,,,,,,,,,204.450,-0.07,,,,,,,,
,,,,,,,,,,,,409.000,-0.08,,,,,,,,,,,,,204.500,-0.08,,,,,,,,
,,,,,,,,,,,,409.100,-0.09,,,,,,,,,,,,,204.550,-0.07,,,,,,,,
,,,,,,,,,,,,409.200,-0.10,,,,,,,,,,,,,204.600,-0.06,,,,,,,,
,,,,,,,,,,,,409.300,-0.09,,,,,,,,,,,,,204.650,-0.06,,,,,,,,
,,,,,,,,,,,,409.400,-0.09,,,,,,,,,,,,,204.700,-0.06,,,,,,,,
,,,,,,,,,,,,409.500,-0.08,,,,,,,,,,,,,204.750,-0.07,,,,,,,,
,,,,,,,,,,,,409.600,-0.09,,,,,,,,,,,,,204.800,-0.06,,,,,,,,
,,,,,,,,,,,,409.700,-0.07,,,,,,,,,,,,,204.850,-0.06,,,,,,,,
,,,,,,,,,,,,409.800,-0.08,,,,,,,,,,,,,204.900,-0.05,,,,,,,,
,,,,,,,,,,,,409.900,-0.09,,,,,,,,,,,,,204.950,-0.06,,,,,,,,
,,,,,,,,,,,,410.000,-0.08,,,,,,,,,,,,,205.000,-0.06,,,,,,,,
,,,,,,,,,,,,410.100,-0.08,,,,,,,,,,,,,205.050,-0.06,,,,,,,,
,,,,,,,,,,,,410.200,-0.08,,,,,,,,,,,,,205.100,-0.06,,,,,,,,
,,,,,,,,,,,,410.300,-0.09,,,,,,,,,,,,,205.150,-0.06,,,,,,,,
,,,,,,,,,,,,410.400,-0.08,,,,,,,,,,,,,205.200,-0.08,,,,,,,,
,,,,,,,,,,,,410.500,-0.08,,,,,,,,,,,,,205.250,-0.07,,,,,,,,
,,,,,,,,,,,,410.600,-0.07,,,,,,,,,,,,,205.300,-0.06,,,,,,,,
,,,,,,,,,,,,410.700,-0.07,,,,,,,,,,,,,205.350,-0.07,,,,,,,,
,,,,,,,,,,,,410.800,-0.07,,,,,,,,,,,,,205.400,-0.06,,,,,,,,
,,,,,,,,,,,,410.900,-0.07,,,,,,,,,,,,,205.450,-0.06,,,,,,,,
,,,,,,,,,,,,411.000,-0.08,,,,,,,,,,,,,205.500,-0.06,,,,,,,,
,,,,,,,,,,,,411.100,-0.08,,,,,,,,,,,,,205.550,-0.06,,,,,,,,
,,,,,,,,,,,,411.200,-0.08,,,,,,,,,,,,,205.600,-0.06,,,,,,,,
,,,,,,,,,,,,411.300,-0.08,,,,,,,,,,,,,205.650,-0.07,,,,,,,,
,,,,,,,,,,,,411.400,-0.08,,,,,,,,,,,,,205.700,-0.07,,,,,,,,
,,,,,,,,,,,,411.500,-0.08,,,,,,,,,,,,,205.750,-0.07,,,,,,,,
,,,,,,,,,,,,411.600,-0.07,,,,,,,,,,,,,205.800,-0.08,,,,,,,,
,,,,,,,,,,,,411.700,-0.08,,,,,,,,,,,,,205.850,-0.06,,,,,,,,
,,,,,,,,,,,,411.800,-0.08,,,,,,,,,,,,,205.900,-0.06,,,,,,,,
,,,,,,,,,,,,411.900,-0.08,,,,,,,,,,,,,205.950,-0.06,,,,,,,,
,,,,,,,,,,,,412.000,-0.08,,,,,,,,,,,,,206.000,-0.05,,,,,,,,
,,,,,,,,,,,,412.100,-0.08,,,,,,,,,,,,,206.050,-0.05,,,,,,,,
,,,,,,,,,,,,412.200,-0.09,,,,,,,,,,,,,206.100,-0.05,,,,,,,,
,,,,,,,,,,,,412.300,-0.07,,,,,,,,,,,,,206.150,-0.05,,,,,,,,
,,,,,,,,,,,,412.400,-0.07,,,,,,,,,,,,,206.200,-0.06,,,,,,,,
,,,,,,,,,,,,412.500,-0.07,,,,,,,,,,,,,206.250,-0.05,,,,,,,,
,,,,,,,,,,,,412.600,-0.09,,,,,,,,,,,,,206.300,-0.05,,,,,,,,
,,,,,,,,,,,,412.700,-0.09,,,,,,,,,,,,,206.350,-0.06,,,,,,,,
,,,,,,,,,,,,412.800,-0.06,,,,,,,,,,,,,206.400,-0.06,,,,,,,,
,,,,,,,,,,,,412.900,-0.08,,,,,,,,,,,,,206.450,-0.06,,,,,,,,
,,,,,,,,,,,,413.000,-0.08,,,,,,,,,,,,,206.500,-0.06,,,,,,,,
,,,,,,,,,,,,413.100,-0.09,,,,,,,,,,,,,206.550,-0.05,,,,,,,,
,,,,,,,,,,,,413.200,-0.07,,,,,,,,,,,,,206.600,-0.04,,,,,,,,
,,,,,,,,,,,,413.300,-0.09,,,,,,,,,,,,,206.650,-0.06,,,,,,,,
,,,,,,,,,,,,413.400,-0.09,,,,,,,,,,,,,206.700,-0.06,,,,,,,,
,,,,,,,,,,,,413.500,-0.09,,,,,,,,,,,,,206.750,-0.06,,,,,,,,
,,,,,,,,,,,,413.600,-0.08,,,,,,,,,,,,,206.800,-0.05,,,,,,,,
,,,,,,,,,,,,413.700,-0.09,,,,,,,,,,,,,206.850,-0.05,,,,,,,,
,,,,,,,,,,,,413.800,-0.09,,,,,,,,,,,,,206.900,-0.06,,,,,,,,
,,,,,,,,,,,,413.900,-0.08,,,,,,,,,,,,,206.950,-0.07,,,,,,,,
,,,,,,,,,,,,414.000,-0.08,,,,,,,,,,,,,207.000,-0.06,,,,,,,,
,,,,,,,,,,,,414.100,-0.06,,,,,,,,,,,,,207.050,-0.05,,,,,,,,
,,,,,,,,,,,,414.200,-0.07,,,,,,,,,,,,,207.100,-0.06,,,,,,,,
,,,,,,,,,,,,414.300,-0.07,,,,,,,,,,,,,207.150,-0.06,,,,,,,,
,,,,,,,,,,,,414.400,-0.08,,,,,,,,,,,,,207.200,-0.06,,,,,,,,
,,,,,,,,,,,,414.500,-0.07,,,,,,,,,,,,,207.250,-0.06,,,,,,,,
,,,,,,,,,,,,414.600,-0.08,,,,,,,,,,,,,207.300,-0.06,,,,,,,,
,,,,,,,,,,,,414.700,-0.08,,,,,,,,,,,,,207.350,-0.06,,,,,,,,
,,,,,,,,,,,,414.800,-0.08,,,,,,,,,,,,,207.400,-0.07,,,,,,,,
,,,,,,,,,,,,414.900,-0.08,,,,,,,,,,,,,207.450,-0.06,,,,,,,,
,,,,,,,,,,,,415.000,-0.08,,,,,,,,,,,,,207.500,-0.06,,,,,,,,
,,,,,,,,,,,,415.100,-0.08,,,,,,,,,,,,,207.550,-0.06,,,,,,,,
,,,,,,,,,,,,415.200,-0.09,,,,,,,,,,,,,207.600,-0.06,,,,,,,,
,,,,,,,,,,,,415.300,-0.08,,,,,,,,,,,,,207.650,-0.06,,,,,,,,
,,,,,,,,,,,,415.400,-0.08,,,,,,,,,,,,,207.700,-0.06,,,,,,,,
,,,,,,,,,,,,415.500,-0.07,,,,,,,,,,,,,207.750,-0.05,,,,,,,,
,,,,,,,,,,,,415.600,-0.08,,,,,,,,,,,,,207.800,-0.06,,,,,,,,
,,,,,,,,,,,,415.700,-0.08,,,,,,,,,,,,,207.850,-0.06,,,,,,,,
,,,,,,,,,,,,415.800,-0.08,,,,,,,,,,,,,207.900,-0.06,,,,,,,,
,,,,,,,,,,,,415.900,-0.08,,,,,,,,,,,,,207.950,-0.06,,,,,,,,
,,,,,,,,,,,,416.000,-0.07,,,,,,,,,,,,,208.000,-0.06,,,,,,,,
,,,,,,,,,,,,416.100,-0.08,,,,,,,,,,,,,208.050,-0.06,,,,,,,,
,,,,,,,,,,,,416.200,-0.08,,,,,,,,,,,,,208.100,-0.06,,,,,,,,
,,,,,,,,,,,,416.300,-0.08,,,,,,,,,,,,,208.150,-0.07,,,,,,,,
,,,,,,,,,,,,416.400,-0.07,,,,,,,,,,,,,208.200,-0.07,,,,,,,,
,,,,,,,,,,,,416.500,-0.08,,,,,,,,,,,,,208.250,-0.05,,,,,,,,
,,,,,,,,,,,,416.600,-0.07,,,,,,,,,,,,,208.300,-0.06,,,,,,,,
,,,,,,,,,,,,416.700,-0.08,,,,,,,,,,,,,208.350,-0.07,,,,,,,,
,,,,,,,,,,,,416.800,-0.09,,,,,,,,,,,,,208.400,-0.06,,,,,,,,
,,,,,,,,,,,,416.900,-0.07,,,,,,,,,,,,,208.450,-0.06,,,,,,,,
,,,,,,,,,,,,417.000,-0.07,,,,,,,,,,,,,208.500,-0.06,,,,,,,,
,,,,,,,,,,,,417.100,-0.07,,,,,,,,,,,,,208.550,-0.06,,,,,,,,
,,,,,,,,,,,,417.200,-0.06,,,,,,,,,,,,,208.600,-0.07,,,,,,,,
,,,,,,,,,,,,417.300,-0.08,,,,,,,,,,,,,208.650,-0.07,,,,,,,,
,,,,,,,,,,,,417.400,-0.09,,,,,,,,,,,,,208.700,-0.07,,,,,,,,
,,,,,,,,,,,,417.500,-0.08,,,,,,,,,,,,,208.750,-0.06,,,,,,,,
,,,,,,,,,,,,417.600,-0.07,,,,,,,,,,,,,208.800,-0.06,,,,,,,,
,,,,,,,,,,,,417.700,-0.08,,,,,,,,,,,,,208.850,-0.07,,,,,,,,
,,,,,,,,,,,,417.800,-0.08,,,,,,,,,,,,,208.900,-0.07,,,,,,,,
,,,,,,,,,,,,417.900,-0.07,,,,,,,,,,,,,208.950,-0.07,,,,,,,,
,,,,,,,,,,,,418.000,-0.07,,,,,,,,,,,,,209.000,-0.07,,,,,,,,
,,,,,,,,,,,,418.100,-0.08,,,,,,,,,,,,,209.050,-0.07,,,,,,,,
,,,,,,,,,,,,418.200,-0.07,,,,,,,,,,,,,209.100,-0.07,,,,,,,,
,,,,,,,,,,,,418.300,-0.08,,,,,,,,,,,,,209.150,-0.07,,,,,,,,
,,,,,,,,,,,,418.400,-0.08,,,,,,,,,,,,,209.200,-0.08,,,,,,,,
,,,,,,,,,,,,418.500,-0.08,,,,,,,,,,,,,209.250,-0.08,,,,,,,,
,,,,,,,,,,,,418.600,-0.08,,,,,,,,,,,,,209.300,-0.08,,,,,,,,
,,,,,,,,,,,,418.700,-0.08,,,,,,,,,,,,,209.350,-0.07,,,,,,,,
,,,,,,,,,,,,418.800,-0.07,,,,,,,,,,,,,209.400,-0.07,,,,,,,,
,,,,,,,,,,,,418.900,-0.08,,,,,,,,,,,,,209.450,-0.06,,,,,,,,
,,,,,,,,,,,,419.000,-0.07,,,,,,,,,,,,,209.500,-0.08,,,,,,,,
,,,,,,,,,,,,419.100,-0.08,,,,,,,,,,,,,209.550,-0.08,,,,,,,,
,,,,,,,,,,,,419.200,-0.07,,,,,,,,,,,,,209.600,-0.07,,,,,,,,
,,,,,,,,,,,,419.300,-0.06,,,,,,,,,,,,,209.650,-0.06,,,,,,,,
,,,,,,,,,,,,419.400,-0.06,,,,,,,,,,,,,209.700,-0.06,,,,,,,,
,,,,,,,,,,,,419.500,-0.07,,,,,,,,,,,,,209.750,-0.06,,,,,,,,
,,,,,,,,,,,,419.600,-0.07,,,,,,,,,,,,,209.800,-0.06,,,,,,,,
,,,,,,,,,,,,419.700,-0.08,,,,,,,,,,,,,209.850,-0.05,,,,,,,,
,,,,,,,,,,,,419.800,-0.08,,,,,,,,,,,,,209.900,-0.06,,,,,,,,
,,,,,,,,,,,,419.900,-0.08,,,,,,,,,,,,,209.950,-0.07,,,,,,,,
,,,,,,,,,,,,420.000,-0.08,,,,,,,,,,,,,210.000,-0.07,,,,,,,,
,,,,,,,,,,,,420.100,-0.08,,,,,,,,,,,,,210.050,-0.06,,,,,,,,
,,,,,,,,,,,,420.200,-0.08,,,,,,,,,,,,,210.100,-0.07,,,,,,,,
,,,,,,,,,,,,420.300,-0.08,,,,,,,,,,,,,210.150,-0.06,,,,,,,,
,,,,,,,,,,,,420.400,-0.08,,,,,,,,,,,,,210.200,-0.07,,,,,,,,
,,,,,,,,,,,,420.500,-0.08,,,,,,,,,,,,,210.250,-0.06,,,,,,,,
,,,,,,,,,,,,420.600,-0.07,,,,,,,,,,,,,210.300,-0.08,,,,,,,,
,,,,,,,,,,,,420.700,-0.08,,,,,,,,,,,,,210.350,-0.08,,,,,,,,
,,,,,,,,,,,,420.800,-0.09,,,,,,,,,,,,,210.400,-0.06,,,,,,,,
,,,,,,,,,,,,420.900,-0.08,,,,,,,,,,,,,210.450,-0.07,,,,,,,,
,,,,,,,,,,,,421.000,-0.08,,,,,,,,,,,,,210.500,-0.08,,,,,,,,
,,,,,,,,,,,,421.100,-0.08,,,,,,,,,,,,,210.550,-0.06,,,,,,,,
,,,,,,,,,,,,421.200,-0.07,,,,,,,,,,,,,210.600,-0.06,,,,,,,,
,,,,,,,,,,,,421.300,-0.08,,,,,,,,,,,,,210.650,-0.06,,,,,,,,
,,,,,,,,,,,,421.400,-0.07,,,,,,,,,,,,,210.700,-0.07,,,,,,,,
,,,,,,,,,,,,421.500,-0.08,,,,,,,,,,,,,210.750,-0.07,,,,,,,,
,,,,,,,,,,,,421.600,-0.09,,,,,,,,,,,,,210.800,-0.06,,,,,,,,
,,,,,,,,,,,,421.700,-0.08,,,,,,,,,,,,,210.850,-0.06,,,,,,,,
,,,,,,,,,,,,421.800,-0.08,,,,,,,,,,,,,210.900,-0.06,,,,,,,,
,,,,,,,,,,,,421.900,-0.08,,,,,,,,,,,,,210.950,-0.07,,,,,,,,
,,,,,,,,,,,,422.000,-0.07,,,,,,,,,,,,,211.000,-0.07,,,,,,,,
,,,,,,,,,,,,422.100,-0.07,,,,,,,,,,,,,211.050,-0.06,,,,,,,,
,,,,,,,,,,,,422.200,-0.07,,,,,,,,,,,,,211.100,-0.06,,,,,,,,
,,,,,,,,,,,,422.300,-0.07,,,,,,,,,,,,,211.150,-0.06,,,,,,,,
,,,,,,,,,,,,422.400,-0.05,,,,,,,,,,,,,211.200,-0.06,,,,,,,,
,,,,,,,,,,,,422.500,-0.06,,,,,,,,,,,,,211.250,-0.07,,,,,,,,
,,,,,,,,,,,,422.600,-0.07,,,,,,,,,,,,,211.300,-0.07,,,,,,,,
,,,,,,,,,,,,422.700,-0.06,,,,,,,,,,,,,211.350,-0.06,,,,,,,,
,,,,,,,,,,,,422.800,-0.06,,,,,,,,,,,,,211.400,-0.07,,,,,,,,
,,,,,,,,,,,,422.900,-0.06,,,,,,,,,,,,,211.450,-0.06,,,,,,,,
,,,,,,,,,,,,423.000,-0.05,,,,,,,,,,,,,211.500,-0.06,,,,,,,,
,,,,,,,,,,,,423.100,-0.04,,,,,,,,,,,,,211.550,-0.06,,,,,,,,
,,,,,,,,,,,,423.200,-0.06,,,,,,,,,,,,,211.600,-0.07,,,,,,,,
,,,,,,,,,,,,423.300,-0.06,,,,,,,,,,,,,211.650,-0.07,,,,,,,,
,,,,,,,,,,,,423.400,-0.06,,,,,,,,,,,,,211.700,-0.07,,,,,,,,
,,,,,,,,,,,,423.500,-0.06,,,,,,,,,,,,,211.750,-0.06,,,,,,,,
,,,,,,,,,,,,423.600,-0.05,,,,,,,,,,,,,211.800,-0.07,,,,,,,,
,,,,,,,,,,,,423.700,-0.06,,,,,,,,,,,,,211.850,-0.07,,,,,,,,
,,,,,,,,,,,,423.800,-0.06,,,,,,,,,,,,,211.900,-0.07,,,,,,,,
,,,,,,,,,,,,423.900,-0.06,,,,,,,,,,,,,211.950,-0.07,,,,,,,,
,,,,,,,,,,,,424.000,-0.06,,,,,,,,,,,,,212.000,-0.07,,,,,,,,
,,,,,,,,,,,,424.100,-0.05,,,,,,,,,,,,,212.050,-0.07,,,,,,,,
,,,,,,,,,,,,424.200,-0.06,,,,,,,,,,,,,212.100,-0.07,,,,,,,,
,,,,,,,,,,,,424.300,-0.06,,,,,,,,,,,,,212.150,-0.08,,,,,,,,
,,,,,,,,,,,,424.400,-0.06,,,,,,,,,,,,,212.200,-0.07,,,,,,,,
,,,,,,,,,,,,424.500,-0.06,,,,,,,,,,,,,212.250,-0.07,,,,,,,,
,,,,,,,,,,,,424.600,-0.07,,,,,,,,,,,,,212.300,-0.07,,,,,,,,
,,,,,,,,,,,,424.700,-0.07,,,,,,,,,,,,,212.350,-0.07,,,,,,,,
,,,,,,,,,,,,424.800,-0.08,,,,,,,,,,,,,212.400,-0.07,,,,,,,,
,,,,,,,,,,,,424.900,-0.08,,,,,,,,,,,,,212.450,-0.07,,,,,,,,
,,,,,,,,,,,,425.000,-0.08,,,,,,,,,,,,,212.500,-0.06,,,,,,,,
,,,,,,,,,,,,425.100,-0.06,,,,,,,,,,,,,212.550,-0.07,,,,,,,,
,,,,,,,,,,,,425.200,-0.08,,,,,,,,,,,,,212.600,-0.07,,,,,,,,
,,,,,,,,,,,,425.300,-0.09,,,,,,,,,,,,,212.650,-0.07,,,,,,,,
,,,,,,,,,,,,425.400,-0.08,,,,,,,,,,,,,212.700,-0.07,,,,,,,,
,,,,,,,,,,,,425.500,-0.08,,,,,,,,,,,,,212.750,-0.07,,,,,,,,
,,,,,,,,,,,,425.600,-0.09,,,,,,,,,,,,,212.800,-0.07,,,,,,,,
,,,,,,,,,,,,425.700,-0.08,,,,,,,,,,,,,212.850,-0.07,,,,,,,,
,,,,,,,,,,,,425.800,-0.07,,,,,,,,,,,,,212.900,-0.07,,,,,,,,
,,,,,,,,,,,,425.900,-0.07,,,,,,,,,,,,,212.950,-0.05,,,,,,,,
,,,,,,,,,,,,426.000,-0.08,,,,,,,,,,,,,213.000,-0.05,,,,,,,,
,,,,,,,,,,,,426.100,-0.07,,,,,,,,,,,,,213.050,-0.07,,,,,,,,
,,,,,,,,,,,,426.200,-0.07,,,,,,,,,,,,,213.100,-0.07,,,,,,,,
,,,,,,,,,,,,426.300,-0.07,,,,,,,,,,,,,213.150,-0.06,,,,,,,,
,,,,,,,,,,,,426.400,-0.08,,,,,,,,,,,,,213.200,-0.06,,,,,,,,
,,,,,,,,,,,,426.500,-0.07,,,,,,,,,,,,,213.250,-0.06,,,,,,,,
,,,,,,,,,,,,426.600,-0.07,,,,,,,,,,,,,213.300,-0.06,,,,,,,,
,,,,,,,,,,,,426.700,-0.06,,,,,,,,,,,,,213.350,-0.05,,,,,,,,
,,,,,,,,,,,,426.800,-0.07,,,,,,,,,,,,,213.400,-0.07,,,,,,,,
,,,,,,,,,,,,426.900,-0.06,,,,,,,,,,,,,213.450,-0.07,,,,,,,,
,,,,,,,,,,,,427.000,-0.07,,,,,,,,,,,,,213.500,-0.07,,,,,,,,
,,,,,,,,,,,,427.100,-0.06,,,,,,,,,,,,,213.550,-0.08,,,,,,,,
,,,,,,,,,,,,427.200,-0.04,,,,,,,,,,,,,213.600,-0.08,,,,,,,,
,,,,,,,,,,,,427.300,-0.09,,,,,,,,,,,,,213.650,-0.08,,,,,,,,
,,,,,,,,,,,,427.400,-0.10,,,,,,,,,,,,,213.700,-0.06,,,,,,,,
,,,,,,,,,,,,427.500,-0.12,,,,,,,,,,,,,213.750,-0.07,,,,,,,,
,,,,,,,,,,,,427.600,-0.17,,,,,,,,,,,,,213.800,-0.07,,,,,,,,
,,,,,,,,,,,,427.700,-0.14,,,,,,,,,,,,,213.850,-0.08,,,,,,,,
,,,,,,,,,,,,427.800,-0.15,,,,,,,,,,,,,213.900,-0.08,,,,,,,,
,,,,,,,,,,,,427.900,-0.14,,,,,,,,,,,,,213.950,-0.07,,,,,,,,
,,,,,,,,,,,,428.000,-0.13,,,,,,,,,,,,,214.000,-0.06,,,,,,,,
,,,,,,,,,,,,428.100,-0.06,,,,,,,,,,,,,214.050,-0.07,,,,,,,,
,,,,,,,,,,,,428.200,0.00,,,,,,,,,,,,,214.100,-0.07,,,,,,,,
,,,,,,,,,,,,428.300,-0.14,,,,,,,,,,,,,214.150,-0.06,,,,,,,,
,,,,,,,,,,,,428.400,-0.18,,,,,,,,,,,,,214.200,-0.06,,,,,,,,
,,,,,,,,,,,,428.500,-0.12,,,,,,,,,,,,,214.250,-0.06,,,,,,,,
,,,,,,,,,,,,428.600,-0.13,,,,,,,,,,,,,214.300,-0.07,,,,,,,,
,,,,,,,,,,,,428.700,-0.12,,,,,,,,,,,,,214.350,-0.07,,,,,,,,
,,,,,,,,,,,,428.800,-0.02,,,,,,,,,,,,,214.400,-0.07,,,,,,,,
,,,,,,,,,,,,428.900,-0.11,,,,,,,,,,,,,214.450,-0.07,,,,,,,,
,,,,,,,,,,,,429.000,-0.06,,,,,,,,,,,,,214.500,-0.07,,,,,,,,
,,,,,,,,,,,,429.100,-0.11,,,,,,,,,,,,,214.550,-0.08,,,,,,,,
,,,,,,,,,,,,429.200,-0.17,,,,,,,,,,,,,214.600,-0.08,,,,,,,,
,,,,,,,,,,,,429.300,-0.22,,,,,,,,,,,,,214.650,-0.08,,,,,,,,
,,,,,,,,,,,,429.400,-0.13,,,,,,,,,,,,,214.700,-0.07,,,,,,,,
,,,,,,,,,,,,429.500,-0.20,,,,,,,,,,,,,214.750,-0.08,,,,,,,,
,,,,,,,,,,,,429.600,-0.13,,,,,,,,,,,,,214.800,-0.08,,,,,,,,
,,,,,,,,,,,,429.700,-0.13,,,,,,,,,,,,,214.850,-0.08,,,,,,,,
,,,,,,,,,,,,429.800,-0.14,,,,,,,,,,,,,214.900,-0.08,,,,,,,,
,,,,,,,,,,,,429.900,-0.14,,,,,,,,,,,,,214.950,-0.09,,,,,,,,
,,,,,,,,,,,,430.000,-0.13,,,,,,,,,,,,,215.000,-0.07,,,,,,,,
,,,,,,,,,,,,430.100,-0.13,,,,,,,,,,,,,215.050,-0.07,,,,,,,,
,,,,,,,,,,,,430.200,-0.12,,,,,,,,,,,,,215.100,-0.08,,,,,,,,
,,,,,,,,,,,,430.300,-0.12,,,,,,,,,,,,,215.150,-0.08,,,,,,,,
,,,,,,,,,,,,430.400,-0.13,,,,,,,,,,,,,215.200,-0.08,,,,,,,,
,,,,,,,,,,,,430.500,-0.14,,,,,,,,,,,,,215.250,-0.08,,,,,,,,
,,,,,,,,,,,,430.600,-0.13,,,,,,,,,,,,,215.300,-0.08,,,,,,,,
,,,,,,,,,,,,430.700,-0.13,,,,,,,,,,,,,215.350,-0.07,,,,,,,,
,,,,,,,,,,,,430.800,-0.14,,,,,,,,,,,,,215.400,-0.07,,,,,,,,
,,,,,,,,,,,,430.900,-0.12,,,,,,,,,,,,,215.450,-0.07,,,,,,,,
,,,,,,,,,,,,431.000,-0.13,,,,,,,,,,,,,215.500,-0.08,,,,,,,,
,,,,,,,,,,,,431.100,-0.14,,,,,,,,,,,,,215.550,-0.06,,,,,,,,
,,,,,,,,,,,,431.200,-0.14,,,,,,,,,,,,,215.600,-0.08,,,,,,,,
,,,,,,,,,,,,431.300,-0.13,,,,,,,,,,,,,215.650,-0.08,,,,,,,,
,,,,,,,,,,,,431.400,-0.13,,,,,,,,,,,,,215.700,-0.07,,,,,,,,
,,,,,,,,,,,,431.500,-0.13,,,,,,,,,,,,,215.750,-0.08,,,,,,,,
,,,,,,,,,,,,431.600,-0.12,,,,,,,,,,,,,215.800,-0.06,,,,,,,,
,,,,,,,,,,,,431.700,-0.14,,,,,,,,,,,,,215.850,-0.06,,,,,,,,
,,,,,,,,,,,,431.800,-0.15,,,,,,,,,,,,,215.900,-0.06,,,,,,,,
,,,,,,,,,,,,431.900,-0.14,,,,,,,,,,,,,215.950,-0.05,,,,,,,,
,,,,,,,,,,,,432.000,-0.15,,,,,,,,,,,,,216.000,-0.07,,,,,,,,
,,,,,,,,,,,,432.100,-0.14,,,,,,,,,,,,,216.050,-0.06,,,,,,,,
,,,,,,,,,,,,432.200,-0.13,,,,,,,,,,,,,216.100,-0.06,,,,,,,,
,,,,,,,,,,,,432.300,-0.13,,,,,,,,,,,,,216.150,-0.06,,,,,,,,
,,,,,,,,,,,,432.400,-0.12,,,,,,,,,,,,,216.200,-0.06,,,,,,,,
,,,,,,,,,,,,432.500,-0.13,,,,,,,,,,,,,216.250,-0.07,,,,,,,,
,,,,,,,,,,,,432.600,-0.11,,,,,,,,,,,,,216.300,-0.07,,,,,,,,
,,,,,,,,,,,,432.700,-0.13,,,,,,,,,,,,,216.350,-0.06,,,,,,,,
,,,,,,,,,,,,432.800,-0.13,,,,,,,,,,,,,216.400,-0.06,,,,,,,,
,,,,,,,,,,,,432.900,-0.13,,,,,,,,,,,,,216.450,-0.07,,,,,,,,
,,,,,,,,,,,,433.000,-0.14,,,,,,,,,,,,,216.500,-0.07,,,,,,,,
,,,,,,,,,,,,433.100,-0.13,,,,,,,,,,,,,216.550,-0.08,,,,,,,,
,,,,,,,,,,,,433.200,-0.14,,,,,,,,,,,,,216.600,-0.07,,,,,,,,
,,,,,,,,,,,,433.300,-0.13,,,,,,,,,,,,,216.650,-0.07,,,,,,,,
,,,,,,,,,,,,,,,,,,,,,,,,,,216.700,-0.08,,,,,,,,
,,,,,,,,,,,,,,,,,,,,,,,,,,216.750,-0.08,,,,,,,,
,,,,,,,,,,,,,,,,,,,,,,,,,,216.800,-0.07,,,,,,,,
,,,,,,,,,,,,,,,,,,,,,,,,,,216.850,-0.08,,,,,,,,
,,,,,,,,,,,,,,,,,,,,,,,,,,216.900,-0.06,,,,,,,,
,,,,,,,,,,,,,,,,,,,,,,,,,,216.950,-0.07,,,,,,,,
,,,,,,,,,,,,,,,,,,,,,,,,,,217.000,-0.07,,,,,,,,
,,,,,,,,,,,,,,,,,,,,,,,,,,217.050,-0.08,,,,,,,,
,,,,,,,,,,,,,,,,,,,,,,,,,,217.100,-0.08,,,,,,,,
,,,,,,,,,,,,,,,,,,,,,,,,,,217.150,-0.07,,,,,,,,
,,,,,,,,,,,,,,,,,,,,,,,,,,217.200,-0.06,,,,,,,,
,,,,,,,,,,,,,,,,,,,,,,,,,,217.250,-0.07,,,,,,,,
,,,,,,,,,,,,,,,,,,,,,,,,,,217.300,-0.08,,,,,,,,
,,,,,,,,,,,,,,,,,,,,,,,,,,217.350,-0.06,,,,,,,,
,,,,,,,,,,,,,,,,,,,,,,,,,,217.400,-0.08,,,,,,,,
,,,,,,,,,,,,,,,,,,,,,,,,,,217.450,-0.08,,,,,,,,
,,,,,,,,,,,,,,,,,,,,,,,,,,217.500,-0.08,,,,,,,,
,,,,,,,,,,,,,,,,,,,,,,,,,,217.550,-0.08,,,,,,,,
,,,,,,,,,,,,,,,,,,,,,,,,,,217.600,-0.07,,,,,,,,
,,,,,,,,,,,,,,,,,,,,,,,,,,217.650,-0.08,,,,,,,,
,,,,,,,,,,,,,,,,,,,,,,,,,,217.700,-0.08,,,,,,,,
,,,,,,,,,,,,,,,,,,,,,,,,,,217.750,-0.09,,,,,,,,
,,,,,,,,,,,,,,,,,,,,,,,,,,217.800,-0.09,,,,,,,,
,,,,,,,,,,,,,,,,,,,,,,,,,,217.850,-0.08,,,,,,,,
,,,,,,,,,,,,,,,,,,,,,,,,,,217.900,-0.08,,,,,,,,
,,,,,,,,,,,,,,,,,,,,,,,,,,217.950,-0.07,,,,,,,,
,,,,,,,,,,,,,,,,,,,,,,,,,,218.000,-0.08,,,,,,,,
,,,,,,,,,,,,,,,,,,,,,,,,,,218.050,-0.07,,,,,,,,
,,,,,,,,,,,,,,,,,,,,,,,,,,218.100,-0.06,,,,,,,,
,,,,,,,,,,,,,,,,,,,,,,,,,,218.150,-0.06,,,,,,,,
,,,,,,,,,,,,,,,,,,,,,,,,,,218.200,-0.06,,,,,,,,
,,,,,,,,,,,,,,,,,,,,,,,,,,218.250,-0.06,,,,,,,,
,,,,,,,,,,,,,,,,,,,,,,,,,,218.300,-0.06,,,,,,,,
,,,,,,,,,,,,,,,,,,,,,,,,,,218.350,-0.06,,,,,,,,
,,,,,,,,,,,,,,,,,,,,,,,,,,218.400,-0.06,,,,,,,,
,,,,,,,,,,,,,,,,,,,,,,,,,,218.450,-0.08,,,,,,,,
,,,,,,,,,,,,,,,,,,,,,,,,,,218.500,-0.07,,,,,,,,
,,,,,,,,,,,,,,,,,,,,,,,,,,218.550,-0.07,,,,,,,,
,,,,,,,,,,,,,,,,,,,,,,,,,,218.600,-0.07,,,,,,,,
,,,,,,,,,,,,,,,,,,,,,,,,,,218.650,-0.07,,,,,,,,
,,,,,,,,,,,,,,,,,,,,,,,,,,218.700,-0.06,,,,,,,,
,,,,,,,,,,,,,,,,,,,,,,,,,,218.750,-0.07,,,,,,,,
,,,,,,,,,,,,,,,,,,,,,,,,,,218.800,-0.06,,,,,,,,
,,,,,,,,,,,,,,,,,,,,,,,,,,218.850,-0.07,,,,,,,,
,,,,,,,,,,,,,,,,,,,,,,,,,,218.900,-0.07,,,,,,,,
,,,,,,,,,,,,,,,,,,,,,,,,,,218.950,-0.06,,,,,,,,
,,,,,,,,,,,,,,,,,,,,,,,,,,219.000,-0.07,,,,,,,,
,,,,,,,,,,,,,,,,,,,,,,,,,,219.050,-0.07,,,,,,,,
,,,,,,,,,,,,,,,,,,,,,,,,,,219.100,-0.07,,,,,,,,
,,,,,,,,,,,,,,,,,,,,,,,,,,219.150,-0.07,,,,,,,,
,,,,,,,,,,,,,,,,,,,,,,,,,,219.200,-0.07,,,,,,,,
,,,,,,,,,,,,,,,,,,,,,,,,,,219.250,-0.08,,,,,,,,
,,,,,,,,,,,,,,,,,,,,,,,,,,219.300,-0.07,,,,,,,,
,,,,,,,,,,,,,,,,,,,,,,,,,,219.350,-0.08,,,,,,,,
,,,,,,,,,,,,,,,,,,,,,,,,,,219.400,-0.08,,,,,,,,
,,,,,,,,,,,,,,,,,,,,,,,,,,219.450,-0.07,,,,,,,,
,,,,,,,,,,,,,,,,,,,,,,,,,,219.500,-0.08,,,,,,,,
,,,,,,,,,,,,,,,,,,,,,,,,,,219.550,-0.08,,,,,,,,
,,,,,,,,,,,,,,,,,,,,,,,,,,219.600,-0.07,,,,,,,,
,,,,,,,,,,,,,,,,,,,,,,,,,,219.650,-0.08,,,,,,,,
,,,,,,,,,,,,,,,,,,,,,,,,,,219.700,-0.07,,,,,,,,
,,,,,,,,,,,,,,,,,,,,,,,,,,219.750,-0.06,,,,,,,,
,,,,,,,,,,,,,,,,,,,,,,,,,,219.800,-0.07,,,,,,,,
,,,,,,,,,,,,,,,,,,,,,,,,,,219.850,-0.06,,,,,,,,
,,,,,,,,,,,,,,,,,,,,,,,,,,219.900,-0.08,,,,,,,,
,,,,,,,,,,,,,,,,,,,,,,,,,,219.950,-0.07,,,,,,,,
,,,,,,,,,,,,,,,,,,,,,,,,,,220.000,-0.07,,,,,,,,
,,,,,,,,,,,,,,,,,,,,,,,,,,220.050,-0.07,,,,,,,,
,,,,,,,,,,,,,,,,,,,,,,,,,,220.100,-0.08,,,,,,,,
,,,,,,,,,,,,,,,,,,,,,,,,,,220.150,-0.09,,,,,,,,
,,,,,,,,,,,,,,,,,,,,,,,,,,220.200,-0.08,,,,,,,,
,,,,,,,,,,,,,,,,,,,,,,,,,,220.250,-0.08,,,,,,,,
,,,,,,,,,,,,,,,,,,,,,,,,,,220.300,-0.08,,,,,,,,
,,,,,,,,,,,,,,,,,,,,,,,,,,220.350,-0.08,,,,,,,,
,,,,,,,,,,,,,,,,,,,,,,,,,,220.400,-0.08,,,,,,,,
,,,,,,,,,,,,,,,,,,,,,,,,,,220.450,-0.09,,,,,,,,
,,,,,,,,,,,,,,,,,,,,,,,,,,220.500,-0.07,,,,,,,,
,,,,,,,,,,,,,,,,,,,,,,,,,,220.550,-0.08,,,,,,,,
,,,,,,,,,,,,,,,,,,,,,,,,,,220.600,-0.09,,,,,,,,
,,,,,,,,,,,,,,,,,,,,,,,,,,220.650,-0.08,,,,,,,,
,,,,,,,,,,,,,,,,,,,,,,,,,,220.700,-0.07,,,,,,,,
,,,,,,,,,,,,,,,,,,,,,,,,,,220.750,-0.07,,,,,,,,
,,,,,,,,,,,,,,,,,,,,,,,,,,220.800,-0.07,,,,,,,,
,,,,,,,,,,,,,,,,,,,,,,,,,,220.850,-0.07,,,,,,,,
,,,,,,,,,,,,,,,,,,,,,,,,,,220.900,-0.08,,,,,,,,
,,,,,,,,,,,,,,,,,,,,,,,,,,220.950,-0.07,,,,,,,,
,,,,,,,,,,,,,,,,,,,,,,,,,,221.000,-0.07,,,,,,,,
,,,,,,,,,,,,,,,,,,,,,,,,,,221.050,-0.08,,,,,,,,
,,,,,,,,,,,,,,,,,,,,,,,,,,221.100,-0.07,,,,,,,,
,,,,,,,,,,,,,,,,,,,,,,,,,,221.150,-0.08,,,,,,,,
,,,,,,,,,,,,,,,,,,,,,,,,,,221.200,-0.07,,,,,,,,
,,,,,,,,,,,,,,,,,,,,,,,,,,221.250,-0.08,,,,,,,,
,,,,,,,,,,,,,,,,,,,,,,,,,,221.300,-0.08,,,,,,,,
,,,,,,,,,,,,,,,,,,,,,,,,,,221.350,-0.08,,,,,,,,
,,,,,,,,,,,,,,,,,,,,,,,,,,221.400,-0.06,,,,,,,,
,,,,,,,,,,,,,,,,,,,,,,,,,,221.450,-0.06,,,,,,,,
,,,,,,,,,,,,,,,,,,,,,,,,,,221.500,-0.06,,,,,,,,
,,,,,,,,,,,,,,,,,,,,,,,,,,221.550,-0.06,,,,,,,,
,,,,,,,,,,,,,,,,,,,,,,,,,,221.600,-0.07,,,,,,,,
,,,,,,,,,,,,,,,,,,,,,,,,,,221.650,-0.07,,,,,,,,
,,,,,,,,,,,,,,,,,,,,,,,,,,221.700,-0.08,,,,,,,,
,,,,,,,,,,,,,,,,,,,,,,,,,,221.750,-0.07,,,,,,,,
,,,,,,,,,,,,,,,,,,,,,,,,,,221.800,-0.08,,,,,,,,
,,,,,,,,,,,,,,,,,,,,,,,,,,221.850,-0.07,,,,,,,,
,,,,,,,,,,,,,,,,,,,,,,,,,,221.900,-0.07,,,,,,,,
,,,,,,,,,,,,,,,,,,,,,,,,,,221.950,-0.07,,,,,,,,
,,,,,,,,,,,,,,,,,,,,,,,,,,222.000,-0.07,,,,,,,,
,,,,,,,,,,,,,,,,,,,,,,,,,,222.050,-0.07,,,,,,,,
,,,,,,,,,,,,,,,,,,,,,,,,,,222.100,-0.07,,,,,,,,
,,,,,,,,,,,,,,,,,,,,,,,,,,222.150,-0.07,,,,,,,,
,,,,,,,,,,,,,,,,,,,,,,,,,,222.200,-0.07,,,,,,,,
,,,,,,,,,,,,,,,,,,,,,,,,,,222.250,-0.06,,,,,,,,
,,,,,,,,,,,,,,,,,,,,,,,,,,222.300,-0.06,,,,,,,,
,,,,,,,,,,,,,,,,,,,,,,,,,,222.350,-0.08,,,,,,,,
,,,,,,,,,,,,,,,,,,,,,,,,,,222.400,-0.08,,,,,,,,
,,,,,,,,,,,,,,,,,,,,,,,,,,222.450,-0.08,,,,,,,,
,,,,,,,,,,,,,,,,,,,,,,,,,,222.500,-0.07,,,,,,,,
,,,,,,,,,,,,,,,,,,,,,,,,,,222.550,-0.08,,,,,,,,
,,,,,,,,,,,,,,,,,,,,,,,,,,222.600,-0.07,,,,,,,,
,,,,,,,,,,,,,,,,,,,,,,,,,,222.650,-0.08,,,,,,,,
,,,,,,,,,,,,,,,,,,,,,,,,,,222.700,-0.08,,,,,,,,
,,,,,,,,,,,,,,,,,,,,,,,,,,222.750,-0.08,,,,,,,,
,,,,,,,,,,,,,,,,,,,,,,,,,,222.800,-0.08,,,,,,,,
,,,,,,,,,,,,,,,,,,,,,,,,,,222.850,-0.07,,,,,,,,
,,,,,,,,,,,,,,,,,,,,,,,,,,222.900,-0.07,,,,,,,,
,,,,,,,,,,,,,,,,,,,,,,,,,,222.950,-0.08,,,,,,,,
,,,,,,,,,,,,,,,,,,,,,,,,,,223.000,-0.07,,,,,,,,
,,,,,,,,,,,,,,,,,,,,,,,,,,223.050,-0.08,,,,,,,,
,,,,,,,,,,,,,,,,,,,,,,,,,,223.100,-0.08,,,,,,,,
,,,,,,,,,,,,,,,,,,,,,,,,,,223.150,-0.08,,,,,,,,
,,,,,,,,,,,,,,,,,,,,,,,,,,223.200,-0.08,,,,,,,,
,,,,,,,,,,,,,,,,,,,,,,,,,,223.250,-0.08,,,,,,,,
,,,,,,,,,,,,,,,,,,,,,,,,,,223.300,-0.08,,,,,,,,
,,,,,,,,,,,,,,,,,,,,,,,,,,223.350,-0.07,,,,,,,,
,,,,,,,,,,,,,,,,,,,,,,,,,,223.400,-0.07,,,,,,,,
,,,,,,,,,,,,,,,,,,,,,,,,,,223.450,-0.08,,,,,,,,
,,,,,,,,,,,,,,,,,,,,,,,,,,223.500,-0.09,,,,,,,,
,,,,,,,,,,,,,,,,,,,,,,,,,,223.550,-0.08,,,,,,,,
,,,,,,,,,,,,,,,,,,,,,,,,,,223.600,-0.09,,,,,,,,
,,,,,,,,,,,,,,,,,,,,,,,,,,223.650,-0.07,,,,,,,,
,,,,,,,,,,,,,,,,,,,,,,,,,,223.700,-0.08,,,,,,,,
,,,,,,,,,,,,,,,,,,,,,,,,,,223.750,-0.08,,,,,,,,
,,,,,,,,,,,,,,,,,,,,,,,,,,223.800,-0.07,,,,,,,,
,,,,,,,,,,,,,,,,,,,,,,,,,,223.850,-0.07,,,,,,,,
,,,,,,,,,,,,,,,,,,,,,,,,,,223.900,-0.08,,,,,,,,
,,,,,,,,,,,,,,,,,,,,,,,,,,223.950,-0.08,,,,,,,,
,,,,,,,,,,,,,,,,,,,,,,,,,,224.000,-0.08,,,,,,,,
,,,,,,,,,,,,,,,,,,,,,,,,,,224.050,-0.07,,,,,,,,
,,,,,,,,,,,,,,,,,,,,,,,,,,224.100,-0.08,,,,,,,,
,,,,,,,,,,,,,,,,,,,,,,,,,,224.150,-0.08,,,,,,,,
,,,,,,,,,,,,,,,,,,,,,,,,,,224.200,-0.07,,,,,,,,
,,,,,,,,,,,,,,,,,,,,,,,,,,224.250,-0.09,,,,,,,,
,,,,,,,,,,,,,,,,,,,,,,,,,,224.300,-0.08,,,,,,,,
,,,,,,,,,,,,,,,,,,,,,,,,,,224.350,-0.08,,,,,,,,
,,,,,,,,,,,,,,,,,,,,,,,,,,224.400,-0.07,,,,,,,,
,,,,,,,,,,,,,,,,,,,,,,,,,,224.450,-0.08,,,,,,,,
,,,,,,,,,,,,,,,,,,,,,,,,,,224.500,-0.08,,,,,,,,
,,,,,,,,,,,,,,,,,,,,,,,,,,224.550,-0.08,,,,,,,,
,,,,,,,,,,,,,,,,,,,,,,,,,,224.600,-0.07,,,,,,,,
,,,,,,,,,,,,,,,,,,,,,,,,,,224.650,-0.08,,,,,,,,
,,,,,,,,,,,,,,,,,,,,,,,,,,224.700,-0.08,,,,,,,,
,,,,,,,,,,,,,,,,,,,,,,,,,,224.750,-0.08,,,,,,,,
,,,,,,,,,,,,,,,,,,,,,,,,,,224.800,-0.07,,,,,,,,
,,,,,,,,,,,,,,,,,,,,,,,,,,224.850,-0.07,,,,,,,,
,,,,,,,,,,,,,,,,,,,,,,,,,,224.900,-0.08,,,,,,,,
,,,,,,,,,,,,,,,,,,,,,,,,,,224.950,-0.08,,,,,,,,
,,,,,,,,,,,,,,,,,,,,,,,,,,225.000,-0.08,,,,,,,,
,,,,,,,,,,,,,,,,,,,,,,,,,,225.050,-0.07,,,,,,,,
,,,,,,,,,,,,,,,,,,,,,,,,,,225.100,-0.08,,,,,,,,
,,,,,,,,,,,,,,,,,,,,,,,,,,225.150,-0.07,,,,,,,,
,,,,,,,,,,,,,,,,,,,,,,,,,,225.200,-0.06,,,,,,,,
,,,,,,,,,,,,,,,,,,,,,,,,,,225.250,-0.08,,,,,,,,
,,,,,,,,,,,,,,,,,,,,,,,,,,225.300,-0.07,,,,,,,,
,,,,,,,,,,,,,,,,,,,,,,,,,,225.350,-0.08,,,,,,,,
,,,,,,,,,,,,,,,,,,,,,,,,,,225.400,-0.07,,,,,,,,
,,,,,,,,,,,,,,,,,,,,,,,,,,225.450,-0.08,,,,,,,,
,,,,,,,,,,,,,,,,,,,,,,,,,,225.500,-0.08,,,,,,,,
,,,,,,,,,,,,,,,,,,,,,,,,,,225.550,-0.07,,,,,,,,
,,,,,,,,,,,,,,,,,,,,,,,,,,225.600,-0.08,,,,,,,,
,,,,,,,,,,,,,,,,,,,,,,,,,,225.650,-0.06,,,,,,,,
,,,,,,,,,,,,,,,,,,,,,,,,,,225.700,-0.07,,,,,,,,
,,,,,,,,,,,,,,,,,,,,,,,,,,225.750,-0.08,,,,,,,,
,,,,,,,,,,,,,,,,,,,,,,,,,,225.800,-0.08,,,,,,,,
,,,,,,,,,,,,,,,,,,,,,,,,,,225.850,-0.07,,,,,,,,
,,,,,,,,,,,,,,,,,,,,,,,,,,225.900,-0.08,,,,,,,,
,,,,,,,,,,,,,,,,,,,,,,,,,,225.950,-0.08,,,,,,,,
,,,,,,,,,,,,,,,,,,,,,,,,,,226.000,-0.08,,,,,,,,
,,,,,,,,,,,,,,,,,,,,,,,,,,226.050,-0.09,,,,,,,,
,,,,,,,,,,,,,,,,,,,,,,,,,,226.100,-0.08,,,,,,,,
,,,,,,,,,,,,,,,,,,,,,,,,,,226.150,-0.08,,,,,,,,
,,,,,,,,,,,,,,,,,,,,,,,,,,226.200,-0.09,,,,,,,,
,,,,,,,,,,,,,,,,,,,,,,,,,,226.250,-0.08,,,,,,,,
,,,,,,,,,,,,,,,,,,,,,,,,,,226.300,-0.09,,,,,,,,
,,,,,,,,,,,,,,,,,,,,,,,,,,226.350,-0.09,,,,,,,,
,,,,,,,,,,,,,,,,,,,,,,,,,,226.400,-0.08,,,,,,,,
,,,,,,,,,,,,,,,,,,,,,,,,,,226.450,-0.08,,,,,,,,
,,,,,,,,,,,,,,,,,,,,,,,,,,226.500,-0.09,,,,,,,,
,,,,,,,,,,,,,,,,,,,,,,,,,,226.550,-0.09,,,,,,,,
,,,,,,,,,,,,,,,,,,,,,,,,,,226.600,-0.09,,,,,,,,
,,,,,,,,,,,,,,,,,,,,,,,,,,226.650,-0.08,,,,,,,,
,,,,,,,,,,,,,,,,,,,,,,,,,,226.700,-0.08,,,,,,,,
,,,,,,,,,,,,,,,,,,,,,,,,,,226.750,-0.08,,,,,,,,
,,,,,,,,,,,,,,,,,,,,,,,,,,226.800,-0.08,,,,,,,,
,,,,,,,,,,,,,,,,,,,,,,,,,,226.850,-0.08,,,,,,,,
,,,,,,,,,,,,,,,,,,,,,,,,,,226.900,-0.09,,,,,,,,
,,,,,,,,,,,,,,,,,,,,,,,,,,226.950,-0.09,,,,,,,,
,,,,,,,,,,,,,,,,,,,,,,,,,,227.000,-0.09,,,,,,,,
,,,,,,,,,,,,,,,,,,,,,,,,,,227.050,-0.09,,,,,,,,
,,,,,,,,,,,,,,,,,,,,,,,,,,227.100,-0.09,,,,,,,,
,,,,,,,,,,,,,,,,,,,,,,,,,,227.150,-0.09,,,,,,,,
,,,,,,,,,,,,,,,,,,,,,,,,,,227.200,-0.09,,,,,,,,
,,,,,,,,,,,,,,,,,,,,,,,,,,227.250,-0.08,,,,,,,,
,,,,,,,,,,,,,,,,,,,,,,,,,,227.300,-0.07,,,,,,,,
,,,,,,,,,,,,,,,,,,,,,,,,,,227.350,-0.07,,,,,,,,
,,,,,,,,,,,,,,,,,,,,,,,,,,227.400,-0.07,,,,,,,,
,,,,,,,,,,,,,,,,,,,,,,,,,,227.450,-0.07,,,,,,,,
,,,,,,,,,,,,,,,,,,,,,,,,,,227.500,-0.08,,,,,,,,
,,,,,,,,,,,,,,,,,,,,,,,,,,227.550,-0.08,,,,,,,,
,,,,,,,,,,,,,,,,,,,,,,,,,,227.600,-0.08,,,,,,,,
,,,,,,,,,,,,,,,,,,,,,,,,,,227.650,-0.08,,,,,,,,
,,,,,,,,,,,,,,,,,,,,,,,,,,227.700,-0.08,,,,,,,,
,,,,,,,,,,,,,,,,,,,,,,,,,,227.750,-0.08,,,,,,,,
,,,,,,,,,,,,,,,,,,,,,,,,,,227.800,-0.08,,,,,,,,
,,,,,,,,,,,,,,,,,,,,,,,,,,227.850,-0.08,,,,,,,,
,,,,,,,,,,,,,,,,,,,,,,,,,,227.900,-0.08,,,,,,,,
,,,,,,,,,,,,,,,,,,,,,,,,,,227.950,-0.08,,,,,,,,
,,,,,,,,,,,,,,,,,,,,,,,,,,228.000,-0.07,,,,,,,,
,,,,,,,,,,,,,,,,,,,,,,,,,,228.050,-0.08,,,,,,,,
,,,,,,,,,,,,,,,,,,,,,,,,,,228.100,-0.09,,,,,,,,
,,,,,,,,,,,,,,,,,,,,,,,,,,228.150,-0.08,,,,,,,,
,,,,,,,,,,,,,,,,,,,,,,,,,,228.200,-0.08,,,,,,,,
,,,,,,,,,,,,,,,,,,,,,,,,,,228.250,-0.09,,,,,,,,
,,,,,,,,,,,,,,,,,,,,,,,,,,228.300,-0.08,,,,,,,,
,,,,,,,,,,,,,,,,,,,,,,,,,,228.350,-0.08,,,,,,,,
,,,,,,,,,,,,,,,,,,,,,,,,,,228.400,-0.07,,,,,,,,
,,,,,,,,,,,,,,,,,,,,,,,,,,228.450,-0.08,,,,,,,,
,,,,,,,,,,,,,,,,,,,,,,,,,,228.500,-0.08,,,,,,,,
,,,,,,,,,,,,,,,,,,,,,,,,,,228.550,-0.08,,,,,,,,
,,,,,,,,,,,,,,,,,,,,,,,,,,228.600,-0.08,,,,,,,,
,,,,,,,,,,,,,,,,,,,,,,,,,,228.650,-0.08,,,,,,,,
,,,,,,,,,,,,,,,,,,,,,,,,,,228.700,-0.07,,,,,,,,
,,,,,,,,,,,,,,,,,,,,,,,,,,228.750,-0.08,,,,,,,,
,,,,,,,,,,,,,,,,,,,,,,,,,,228.800,-0.08,,,,,,,,
,,,,,,,,,,,,,,,,,,,,,,,,,,228.850,-0.08,,,,,,,,
,,,,,,,,,,,,,,,,,,,,,,,,,,228.900,-0.09,,,,,,,,
,,,,,,,,,,,,,,,,,,,,,,,,,,228.950,-0.09,,,,,,,,
,,,,,,,,,,,,,,,,,,,,,,,,,,229.000,-0.09,,,,,,,,
,,,,,,,,,,,,,,,,,,,,,,,,,,229.050,-0.09,,,,,,,,
,,,,,,,,,,,,,,,,,,,,,,,,,,229.100,-0.09,,,,,,,,
,,,,,,,,,,,,,,,,,,,,,,,,,,229.150,-0.08,,,,,,,,
,,,,,,,,,,,,,,,,,,,,,,,,,,229.200,-0.08,,,,,,,,
,,,,,,,,,,,,,,,,,,,,,,,,,,229.250,-0.07,,,,,,,,
,,,,,,,,,,,,,,,,,,,,,,,,,,229.300,-0.08,,,,,,,,
,,,,,,,,,,,,,,,,,,,,,,,,,,229.350,-0.07,,,,,,,,
,,,,,,,,,,,,,,,,,,,,,,,,,,229.400,-0.08,,,,,,,,
,,,,,,,,,,,,,,,,,,,,,,,,,,229.450,-0.08,,,,,,,,
,,,,,,,,,,,,,,,,,,,,,,,,,,229.500,-0.08,,,,,,,,
,,,,,,,,,,,,,,,,,,,,,,,,,,229.550,-0.08,,,,,,,,
,,,,,,,,,,,,,,,,,,,,,,,,,,229.600,-0.08,,,,,,,,
,,,,,,,,,,,,,,,,,,,,,,,,,,229.650,-0.07,,,,,,,,
,,,,,,,,,,,,,,,,,,,,,,,,,,229.700,-0.08,,,,,,,,
,,,,,,,,,,,,,,,,,,,,,,,,,,229.750,-0.07,,,,,,,,
,,,,,,,,,,,,,,,,,,,,,,,,,,229.800,-0.08,,,,,,,,
,,,,,,,,,,,,,,,,,,,,,,,,,,229.850,-0.08,,,,,,,,
,,,,,,,,,,,,,,,,,,,,,,,,,,229.900,-0.07,,,,,,,,
,,,,,,,,,,,,,,,,,,,,,,,,,,229.950,-0.09,,,,,,,,
,,,,,,,,,,,,,,,,,,,,,,,,,,230.000,-0.08,,,,,,,,
,,,,,,,,,,,,,,,,,,,,,,,,,,230.050,-0.08,,,,,,,,
,,,,,,,,,,,,,,,,,,,,,,,,,,230.100,-0.07,,,,,,,,
,,,,,,,,,,,,,,,,,,,,,,,,,,230.150,-0.06,,,,,,,,
,,,,,,,,,,,,,,,,,,,,,,,,,,230.200,-0.08,,,,,,,,
,,,,,,,,,,,,,,,,,,,,,,,,,,230.250,-0.08,,,,,,,,
,,,,,,,,,,,,,,,,,,,,,,,,,,230.300,-0.08,,,,,,,,
,,,,,,,,,,,,,,,,,,,,,,,,,,230.350,-0.08,,,,,,,,
,,,,,,,,,,,,,,,,,,,,,,,,,,230.400,-0.07,,,,,,,,
,,,,,,,,,,,,,,,,,,,,,,,,,,230.450,-0.08,,,,,,,,
,,,,,,,,,,,,,,,,,,,,,,,,,,230.500,-0.07,,,,,,,,
,,,,,,,,,,,,,,,,,,,,,,,,,,230.550,-0.07,,,,,,,,
,,,,,,,,,,,,,,,,,,,,,,,,,,230.600,-0.08,,,,,,,,
,,,,,,,,,,,,,,,,,,,,,,,,,,230.650,-0.08,,,,,,,,
,,,,,,,,,,,,,,,,,,,,,,,,,,230.700,-0.08,,,,,,,,
,,,,,,,,,,,,,,,,,,,,,,,,,,230.750,-0.08,,,,,,,,
,,,,,,,,,,,,,,,,,,,,,,,,,,230.800,-0.08,,,,,,,,
,,,,,,,,,,,,,,,,,,,,,,,,,,230.850,-0.08,,,,,,,,
,,,,,,,,,,,,,,,,,,,,,,,,,,230.900,-0.07,,,,,,,,
,,,,,,,,,,,,,,,,,,,,,,,,,,230.950,-0.07,,,,,,,,
,,,,,,,,,,,,,,,,,,,,,,,,,,231.000,-0.08,,,,,,,,
,,,,,,,,,,,,,,,,,,,,,,,,,,231.050,-0.07,,,,,,,,
,,,,,,,,,,,,,,,,,,,,,,,,,,231.100,-0.08,,,,,,,,
,,,,,,,,,,,,,,,,,,,,,,,,,,231.150,-0.08,,,,,,,,
,,,,,,,,,,,,,,,,,,,,,,,,,,231.200,-0.08,,,,,,,,
,,,,,,,,,,,,,,,,,,,,,,,,,,231.250,-0.08,,,,,,,,
,,,,,,,,,,,,,,,,,,,,,,,,,,231.300,-0.08,,,,,,,,
,,,,,,,,,,,,,,,,,,,,,,,,,,231.350,-0.08,,,,,,,,
,,,,,,,,,,,,,,,,,,,,,,,,,,231.400,-0.08,,,,,,,,
,,,,,,,,,,,,,,,,,,,,,,,,,,231.450,-0.07,,,,,,,,
,,,,,,,,,,,,,,,,,,,,,,,,,,231.500,-0.07,,,,,,,,
,,,,,,,,,,,,,,,,,,,,,,,,,,231.550,-0.07,,,,,,,,
,,,,,,,,,,,,,,,,,,,,,,,,,,231.600,-0.08,,,,,,,,
,,,,,,,,,,,,,,,,,,,,,,,,,,231.650,-0.09,,,,,,,,
,,,,,,,,,,,,,,,,,,,,,,,,,,231.700,-0.08,,,,,,,,
,,,,,,,,,,,,,,,,,,,,,,,,,,231.750,-0.09,,,,,,,,
,,,,,,,,,,,,,,,,,,,,,,,,,,231.800,-0.09,,,,,,,,
,,,,,,,,,,,,,,,,,,,,,,,,,,231.850,-0.07,,,,,,,,
,,,,,,,,,,,,,,,,,,,,,,,,,,231.900,-0.08,,,,,,,,
,,,,,,,,,,,,,,,,,,,,,,,,,,231.950,-0.08,,,,,,,,
,,,,,,,,,,,,,,,,,,,,,,,,,,232.000,-0.07,,,,,,,,
,,,,,,,,,,,,,,,,,,,,,,,,,,232.050,-0.09,,,,,,,,
,,,,,,,,,,,,,,,,,,,,,,,,,,232.100,-0.08,,,,,,,,
,,,,,,,,,,,,,,,,,,,,,,,,,,232.150,-0.08,,,,,,,,
,,,,,,,,,,,,,,,,,,,,,,,,,,232.200,-0.08,,,,,,,,
,,,,,,,,,,,,,,,,,,,,,,,,,,232.250,-0.08,,,,,,,,
,,,,,,,,,,,,,,,,,,,,,,,,,,232.300,-0.09,,,,,,,,
,,,,,,,,,,,,,,,,,,,,,,,,,,232.350,-0.07,,,,,,,,
,,,,,,,,,,,,,,,,,,,,,,,,,,232.400,-0.07,,,,,,,,
,,,,,,,,,,,,,,,,,,,,,,,,,,232.450,-0.08,,,,,,,,
,,,,,,,,,,,,,,,,,,,,,,,,,,232.500,-0.06,,,,,,,,
,,,,,,,,,,,,,,,,,,,,,,,,,,232.550,-0.07,,,,,,,,
,,,,,,,,,,,,,,,,,,,,,,,,,,232.600,-0.08,,,,,,,,
,,,,,,,,,,,,,,,,,,,,,,,,,,232.650,-0.08,,,,,,,,
,,,,,,,,,,,,,,,,,,,,,,,,,,232.700,-0.08,,,,,,,,
,,,,,,,,,,,,,,,,,,,,,,,,,,232.750,-0.07,,,,,,,,
,,,,,,,,,,,,,,,,,,,,,,,,,,232.800,-0.07,,,,,,,,
,,,,,,,,,,,,,,,,,,,,,,,,,,232.850,-0.08,,,,,,,,
,,,,,,,,,,,,,,,,,,,,,,,,,,232.900,-0.08,,,,,,,,
,,,,,,,,,,,,,,,,,,,,,,,,,,232.950,-0.08,,,,,,,,
,,,,,,,,,,,,,,,,,,,,,,,,,,233.000,-0.08,,,,,,,,
,,,,,,,,,,,,,,,,,,,,,,,,,,233.050,-0.07,,,,,,,,
,,,,,,,,,,,,,,,,,,,,,,,,,,233.100,-0.09,,,,,,,,
,,,,,,,,,,,,,,,,,,,,,,,,,,233.150,-0.08,,,,,,,,
,,,,,,,,,,,,,,,,,,,,,,,,,,233.200,-0.08,,,,,,,,
,,,,,,,,,,,,,,,,,,,,,,,,,,233.250,-0.08,,,,,,,,
,,,,,,,,,,,,,,,,,,,,,,,,,,233.300,-0.07,,,,,,,,
,,,,,,,,,,,,,,,,,,,,,,,,,,233.350,-0.08,,,,,,,,
,,,,,,,,,,,,,,,,,,,,,,,,,,233.400,-0.08,,,,,,,,
,,,,,,,,,,,,,,,,,,,,,,,,,,233.450,-0.07,,,,,,,,
,,,,,,,,,,,,,,,,,,,,,,,,,,233.500,-0.07,,,,,,,,
,,,,,,,,,,,,,,,,,,,,,,,,,,233.550,-0.08,,,,,,,,
,,,,,,,,,,,,,,,,,,,,,,,,,,233.600,-0.07,,,,,,,,
,,,,,,,,,,,,,,,,,,,,,,,,,,233.650,-0.08,,,,,,,,
,,,,,,,,,,,,,,,,,,,,,,,,,,233.700,-0.08,,,,,,,,
,,,,,,,,,,,,,,,,,,,,,,,,,,233.750,-0.08,,,,,,,,
,,,,,,,,,,,,,,,,,,,,,,,,,,233.800,-0.09,,,,,,,,
,,,,,,,,,,,,,,,,,,,,,,,,,,233.850,-0.09,,,,,,,,
,,,,,,,,,,,,,,,,,,,,,,,,,,233.900,-0.08,,,,,,,,
,,,,,,,,,,,,,,,,,,,,,,,,,,233.950,-0.09,,,,,,,,
,,,,,,,,,,,,,,,,,,,,,,,,,,234.000,-0.07,,,,,,,,
,,,,,,,,,,,,,,,,,,,,,,,,,,234.050,-0.08,,,,,,,,
,,,,,,,,,,,,,,,,,,,,,,,,,,234.100,-0.08,,,,,,,,
,,,,,,,,,,,,,,,,,,,,,,,,,,234.150,-0.08,,,,,,,,
,,,,,,,,,,,,,,,,,,,,,,,,,,234.200,-0.09,,,,,,,,
,,,,,,,,,,,,,,,,,,,,,,,,,,234.250,-0.08,,,,,,,,
,,,,,,,,,,,,,,,,,,,,,,,,,,234.300,-0.09,,,,,,,,
,,,,,,,,,,,,,,,,,,,,,,,,,,234.350,-0.09,,,,,,,,
,,,,,,,,,,,,,,,,,,,,,,,,,,234.400,-0.09,,,,,,,,
,,,,,,,,,,,,,,,,,,,,,,,,,,234.450,-0.09,,,,,,,,
,,,,,,,,,,,,,,,,,,,,,,,,,,234.500,-0.07,,,,,,,,
,,,,,,,,,,,,,,,,,,,,,,,,,,234.550,-0.08,,,,,,,,
,,,,,,,,,,,,,,,,,,,,,,,,,,234.600,-0.08,,,,,,,,
,,,,,,,,,,,,,,,,,,,,,,,,,,234.650,-0.08,,,,,,,,
,,,,,,,,,,,,,,,,,,,,,,,,,,234.700,-0.07,,,,,,,,
,,,,,,,,,,,,,,,,,,,,,,,,,,234.750,-0.08,,,,,,,,
,,,,,,,,,,,,,,,,,,,,,,,,,,234.800,-0.08,,,,,,,,
,,,,,,,,,,,,,,,,,,,,,,,,,,234.850,-0.08,,,,,,,,
,,,,,,,,,,,,,,,,,,,,,,,,,,234.900,-0.07,,,,,,,,
,,,,,,,,,,,,,,,,,,,,,,,,,,234.950,-0.08,,,,,,,,
,,,,,,,,,,,,,,,,,,,,,,,,,,235.000,-0.08,,,,,,,,
,,,,,,,,,,,,,,,,,,,,,,,,,,235.050,-0.08,,,,,,,,
,,,,,,,,,,,,,,,,,,,,,,,,,,235.100,-0.08,,,,,,,,
,,,,,,,,,,,,,,,,,,,,,,,,,,235.150,-0.07,,,,,,,,
,,,,,,,,,,,,,,,,,,,,,,,,,,235.200,-0.07,,,,,,,,
,,,,,,,,,,,,,,,,,,,,,,,,,,235.250,-0.08,,,,,,,,
,,,,,,,,,,,,,,,,,,,,,,,,,,235.300,-0.08,,,,,,,,
,,,,,,,,,,,,,,,,,,,,,,,,,,235.350,-0.07,,,,,,,,
,,,,,,,,,,,,,,,,,,,,,,,,,,235.400,-0.08,,,,,,,,
,,,,,,,,,,,,,,,,,,,,,,,,,,235.450,-0.06,,,,,,,,
,,,,,,,,,,,,,,,,,,,,,,,,,,235.500,-0.07,,,,,,,,
,,,,,,,,,,,,,,,,,,,,,,,,,,235.550,-0.07,,,,,,,,
,,,,,,,,,,,,,,,,,,,,,,,,,,235.600,-0.07,,,,,,,,
,,,,,,,,,,,,,,,,,,,,,,,,,,235.650,-0.08,,,,,,,,
,,,,,,,,,,,,,,,,,,,,,,,,,,235.700,-0.08,,,,,,,,
,,,,,,,,,,,,,,,,,,,,,,,,,,235.750,-0.08,,,,,,,,
,,,,,,,,,,,,,,,,,,,,,,,,,,235.800,-0.07,,,,,,,,
,,,,,,,,,,,,,,,,,,,,,,,,,,235.850,-0.07,,,,,,,,
,,,,,,,,,,,,,,,,,,,,,,,,,,235.900,-0.07,,,,,,,,
,,,,,,,,,,,,,,,,,,,,,,,,,,235.950,-0.07,,,,,,,,
,,,,,,,,,,,,,,,,,,,,,,,,,,236.000,-0.08,,,,,,,,
,,,,,,,,,,,,,,,,,,,,,,,,,,236.050,-0.08,,,,,,,,
,,,,,,,,,,,,,,,,,,,,,,,,,,236.100,-0.05,,,,,,,,
,,,,,,,,,,,,,,,,,,,,,,,,,,236.150,-0.08,,,,,,,,
,,,,,,,,,,,,,,,,,,,,,,,,,,236.200,-0.07,,,,,,,,
,,,,,,,,,,,,,,,,,,,,,,,,,,236.250,-0.06,,,,,,,,
,,,,,,,,,,,,,,,,,,,,,,,,,,236.300,-0.06,,,,,,,,
,,,,,,,,,,,,,,,,,,,,,,,,,,236.350,-0.06,,,,,,,,
,,,,,,,,,,,,,,,,,,,,,,,,,,236.400,-0.06,,,,,,,,
,,,,,,,,,,,,,,,,,,,,,,,,,,236.450,-0.07,,,,,,,,
,,,,,,,,,,,,,,,,,,,,,,,,,,236.500,-0.06,,,,,,,,
,,,,,,,,,,,,,,,,,,,,,,,,,,236.550,-0.05,,,,,,,,
,,,,,,,,,,,,,,,,,,,,,,,,,,236.600,-0.07,,,,,,,,
,,,,,,,,,,,,,,,,,,,,,,,,,,236.650,-0.06,,,,,,,,
,,,,,,,,,,,,,,,,,,,,,,,,,,236.700,-0.06,,,,,,,,
,,,,,,,,,,,,,,,,,,,,,,,,,,236.750,-0.07,,,,,,,,
,,,,,,,,,,,,,,,,,,,,,,,,,,236.800,-0.06,,,,,,,,
,,,,,,,,,,,,,,,,,,,,,,,,,,236.850,-0.06,,,,,,,,
,,,,,,,,,,,,,,,,,,,,,,,,,,236.900,-0.06,,,,,,,,
,,,,,,,,,,,,,,,,,,,,,,,,,,236.950,-0.05,,,,,,,,
,,,,,,,,,,,,,,,,,,,,,,,,,,237.000,-0.06,,,,,,,,
,,,,,,,,,,,,,,,,,,,,,,,,,,237.050,-0.05,,,,,,,,
,,,,,,,,,,,,,,,,,,,,,,,,,,237.100,-0.05,,,,,,,,
,,,,,,,,,,,,,,,,,,,,,,,,,,237.150,-0.06,,,,,,,,
,,,,,,,,,,,,,,,,,,,,,,,,,,237.200,-0.06,,,,,,,,
,,,,,,,,,,,,,,,,,,,,,,,,,,237.250,-0.05,,,,,,,,
,,,,,,,,,,,,,,,,,,,,,,,,,,237.300,-0.06,,,,,,,,
,,,,,,,,,,,,,,,,,,,,,,,,,,237.350,-0.07,,,,,,,,
,,,,,,,,,,,,,,,,,,,,,,,,,,237.400,-0.06,,,,,,,,
,,,,,,,,,,,,,,,,,,,,,,,,,,237.450,-0.06,,,,,,,,
,,,,,,,,,,,,,,,,,,,,,,,,,,237.500,-0.05,,,,,,,,
,,,,,,,,,,,,,,,,,,,,,,,,,,237.550,-0.06,,,,,,,,
,,,,,,,,,,,,,,,,,,,,,,,,,,237.600,-0.06,,,,,,,,
,,,,,,,,,,,,,,,,,,,,,,,,,,237.650,-0.05,,,,,,,,
,,,,,,,,,,,,,,,,,,,,,,,,,,237.700,-0.06,,,,,,,,
,,,,,,,,,,,,,,,,,,,,,,,,,,237.750,-0.06,,,,,,,,
,,,,,,,,,,,,,,,,,,,,,,,,,,237.800,-0.06,,,,,,,,
,,,,,,,,,,,,,,,,,,,,,,,,,,237.850,-0.07,,,,,,,,
,,,,,,,,,,,,,,,,,,,,,,,,,,237.900,-0.05,,,,,,,,
,,,,,,,,,,,,,,,,,,,,,,,,,,237.950,-0.06,,,,,,,,
,,,,,,,,,,,,,,,,,,,,,,,,,,238.000,-0.06,,,,,,,,
,,,,,,,,,,,,,,,,,,,,,,,,,,238.050,-0.05,,,,,,,,
,,,,,,,,,,,,,,,,,,,,,,,,,,238.100,-0.06,,,,,,,,
,,,,,,,,,,,,,,,,,,,,,,,,,,238.150,-0.05,,,,,,,,
,,,,,,,,,,,,,,,,,,,,,,,,,,238.200,-0.05,,,,,,,,
,,,,,,,,,,,,,,,,,,,,,,,,,,238.250,-0.06,,,,,,,,
,,,,,,,,,,,,,,,,,,,,,,,,,,238.300,-0.06,,,,,,,,
,,,,,,,,,,,,,,,,,,,,,,,,,,238.350,-0.06,,,,,,,,
,,,,,,,,,,,,,,,,,,,,,,,,,,238.400,-0.05,,,,,,,,
,,,,,,,,,,,,,,,,,,,,,,,,,,238.450,-0.05,,,,,,,,
,,,,,,,,,,,,,,,,,,,,,,,,,,238.500,-0.05,,,,,,,,
,,,,,,,,,,,,,,,,,,,,,,,,,,238.550,-0.04,,,,,,,,
,,,,,,,,,,,,,,,,,,,,,,,,,,238.600,-0.04,,,,,,,,
,,,,,,,,,,,,,,,,,,,,,,,,,,238.650,-0.05,,,,,,,,
,,,,,,,,,,,,,,,,,,,,,,,,,,238.700,-0.05,,,,,,,,
,,,,,,,,,,,,,,,,,,,,,,,,,,238.750,-0.04,,,,,,,,
,,,,,,,,,,,,,,,,,,,,,,,,,,238.800,-0.04,,,,,,,,
,,,,,,,,,,,,,,,,,,,,,,,,,,238.850,-0.04,,,,,,,,
,,,,,,,,,,,,,,,,,,,,,,,,,,238.900,-0.04,,,,,,,,
,,,,,,,,,,,,,,,,,,,,,,,,,,238.950,-0.05,,,,,,,,
,,,,,,,,,,,,,,,,,,,,,,,,,,239.000,-0.06,,,,,,,,
,,,,,,,,,,,,,,,,,,,,,,,,,,239.050,-0.06,,,,,,,,
,,,,,,,,,,,,,,,,,,,,,,,,,,239.100,-0.04,,,,,,,,
,,,,,,,,,,,,,,,,,,,,,,,,,,239.150,-0.06,,,,,,,,
,,,,,,,,,,,,,,,,,,,,,,,,,,239.200,-0.05,,,,,,,,
,,,,,,,,,,,,,,,,,,,,,,,,,,239.250,-0.06,,,,,,,,
,,,,,,,,,,,,,,,,,,,,,,,,,,239.300,-0.05,,,,,,,,
,,,,,,,,,,,,,,,,,,,,,,,,,,239.350,-0.05,,,,,,,,
,,,,,,,,,,,,,,,,,,,,,,,,,,239.400,-0.05,,,,,,,,
,,,,,,,,,,,,,,,,,,,,,,,,,,239.450,-0.04,,,,,,,,
,,,,,,,,,,,,,,,,,,,,,,,,,,239.500,-0.05,,,,,,,,
,,,,,,,,,,,,,,,,,,,,,,,,,,239.550,-0.03,,,,,,,,
,,,,,,,,,,,,,,,,,,,,,,,,,,239.600,-0.05,,,,,,,,
,,,,,,,,,,,,,,,,,,,,,,,,,,239.650,-0.04,,,,,,,,
,,,,,,,,,,,,,,,,,,,,,,,,,,239.700,-0.04,,,,,,,,
,,,,,,,,,,,,,,,,,,,,,,,,,,239.750,-0.05,,,,,,,,
,,,,,,,,,,,,,,,,,,,,,,,,,,239.800,-0.05,,,,,,,,
,,,,,,,,,,,,,,,,,,,,,,,,,,239.850,-0.05,,,,,,,,
,,,,,,,,,,,,,,,,,,,,,,,,,,239.900,-0.06,,,,,,,,
,,,,,,,,,,,,,,,,,,,,,,,,,,239.950,-0.05,,,,,,,,
,,,,,,,,,,,,,,,,,,,,,,,,,,240.000,-0.06,,,,,,,,
,,,,,,,,,,,,,,,,,,,,,,,,,,240.050,-0.04,,,,,,,,
,,,,,,,,,,,,,,,,,,,,,,,,,,240.100,-0.04,,,,,,,,
,,,,,,,,,,,,,,,,,,,,,,,,,,240.150,-0.05,,,,,,,,
,,,,,,,,,,,,,,,,,,,,,,,,,,240.200,-0.03,,,,,,,,
,,,,,,,,,,,,,,,,,,,,,,,,,,240.250,-0.03,,,,,,,,
,,,,,,,,,,,,,,,,,,,,,,,,,,240.300,-0.04,,,,,,,,
,,,,,,,,,,,,,,,,,,,,,,,,,,240.350,-0.05,,,,,,,,
,,,,,,,,,,,,,,,,,,,,,,,,,,240.400,-0.05,,,,,,,,
,,,,,,,,,,,,,,,,,,,,,,,,,,240.450,-0.05,,,,,,,,
,,,,,,,,,,,,,,,,,,,,,,,,,,240.500,-0.06,,,,,,,,
,,,,,,,,,,,,,,,,,,,,,,,,,,240.550,-0.04,,,,,,,,
,,,,,,,,,,,,,,,,,,,,,,,,,,240.600,-0.06,,,,,,,,
,,,,,,,,,,,,,,,,,,,,,,,,,,240.650,-0.05,,,,,,,,
,,,,,,,,,,,,,,,,,,,,,,,,,,240.700,-0.06,,,,,,,,
,,,,,,,,,,,,,,,,,,,,,,,,,,240.750,-0.06,,,,,,,,
,,,,,,,,,,,,,,,,,,,,,,,,,,240.800,-0.06,,,,,,,,
,,,,,,,,,,,,,,,,,,,,,,,,,,240.850,-0.06,,,,,,,,
,,,,,,,,,,,,,,,,,,,,,,,,,,240.900,-0.06,,,,,,,,
,,,,,,,,,,,,,,,,,,,,,,,,,,240.950,-0.05,,,,,,,,
,,,,,,,,,,,,,,,,,,,,,,,,,,241.000,-0.06,,,,,,,,
,,,,,,,,,,,,,,,,,,,,,,,,,,241.050,-0.07,,,,,,,,
,,,,,,,,,,,,,,,,,,,,,,,,,,241.100,-0.06,,,,,,,,
,,,,,,,,,,,,,,,,,,,,,,,,,,241.150,-0.06,,,,,,,,
,,,,,,,,,,,,,,,,,,,,,,,,,,241.200,-0.06,,,,,,,,
,,,,,,,,,,,,,,,,,,,,,,,,,,241.250,-0.06,,,,,,,,
,,,,,,,,,,,,,,,,,,,,,,,,,,241.300,-0.05,,,,,,,,
,,,,,,,,,,,,,,,,,,,,,,,,,,241.350,-0.05,,,,,,,,
,,,,,,,,,,,,,,,,,,,,,,,,,,241.400,-0.06,,,,,,,,
,,,,,,,,,,,,,,,,,,,,,,,,,,241.450,-0.06,,,,,,,,
,,,,,,,,,,,,,,,,,,,,,,,,,,241.500,-0.05,,,,,,,,
,,,,,,,,,,,,,,,,,,,,,,,,,,241.550,-0.05,,,,,,,,
,,,,,,,,,,,,,,,,,,,,,,,,,,241.600,-0.05,,,,,,,,
,,,,,,,,,,,,,,,,,,,,,,,,,,241.650,-0.06,,,,,,,,
,,,,,,,,,,,,,,,,,,,,,,,,,,241.700,-0.05,,,,,,,,
,,,,,,,,,,,,,,,,,,,,,,,,,,241.750,-0.06,,,,,,,,
,,,,,,,,,,,,,,,,,,,,,,,,,,241.800,-0.05,,,,,,,,
,,,,,,,,,,,,,,,,,,,,,,,,,,241.850,-0.05,,,,,,,,
,,,,,,,,,,,,,,,,,,,,,,,,,,241.900,-0.05,,,,,,,,
,,,,,,,,,,,,,,,,,,,,,,,,,,241.950,-0.07,,,,,,,,
,,,,,,,,,,,,,,,,,,,,,,,,,,242.000,-0.07,,,,,,,,
,,,,,,,,,,,,,,,,,,,,,,,,,,242.050,-0.07,,,,,,,,
,,,,,,,,,,,,,,,,,,,,,,,,,,242.100,-0.06,,,,,,,,
,,,,,,,,,,,,,,,,,,,,,,,,,,242.150,-0.05,,,,,,,,
,,,,,,,,,,,,,,,,,,,,,,,,,,242.200,-0.06,,,,,,,,
,,,,,,,,,,,,,,,,,,,,,,,,,,242.250,-0.06,,,,,,,,
,,,,,,,,,,,,,,,,,,,,,,,,,,242.300,-0.06,,,,,,,,
,,,,,,,,,,,,,,,,,,,,,,,,,,242.350,-0.06,,,,,,,,
,,,,,,,,,,,,,,,,,,,,,,,,,,242.400,-0.06,,,,,,,,
,,,,,,,,,,,,,,,,,,,,,,,,,,242.450,-0.06,,,,,,,,
,,,,,,,,,,,,,,,,,,,,,,,,,,242.500,-0.06,,,,,,,,
,,,,,,,,,,,,,,,,,,,,,,,,,,242.550,-0.06,,,,,,,,
,,,,,,,,,,,,,,,,,,,,,,,,,,242.600,-0.05,,,,,,,,
,,,,,,,,,,,,,,,,,,,,,,,,,,242.650,-0.06,,,,,,,,
,,,,,,,,,,,,,,,,,,,,,,,,,,242.700,-0.06,,,,,,,,
,,,,,,,,,,,,,,,,,,,,,,,,,,242.750,-0.05,,,,,,,,
,,,,,,,,,,,,,,,,,,,,,,,,,,242.800,-0.07,,,,,,,,
,,,,,,,,,,,,,,,,,,,,,,,,,,242.850,-0.06,,,,,,,,
,,,,,,,,,,,,,,,,,,,,,,,,,,242.900,-0.06,,,,,,,,
,,,,,,,,,,,,,,,,,,,,,,,,,,242.950,-0.06,,,,,,,,
,,,,,,,,,,,,,,,,,,,,,,,,,,243.000,-0.06,,,,,,,,
,,,,,,,,,,,,,,,,,,,,,,,,,,243.050,-0.05,,,,,,,,
,,,,,,,,,,,,,,,,,,,,,,,,,,243.100,-0.05,,,,,,,,
,,,,,,,,,,,,,,,,,,,,,,,,,,243.150,-0.06,,,,,,,,
,,,,,,,,,,,,,,,,,,,,,,,,,,243.200,-0.06,,,,,,,,
,,,,,,,,,,,,,,,,,,,,,,,,,,243.250,-0.04,,,,,,,,
,,,,,,,,,,,,,,,,,,,,,,,,,,243.300,-0.05,,,,,,,,
,,,,,,,,,,,,,,,,,,,,,,,,,,243.350,-0.05,,,,,,,,
,,,,,,,,,,,,,,,,,,,,,,,,,,243.400,-0.04,,,,,,,,
,,,,,,,,,,,,,,,,,,,,,,,,,,243.450,-0.05,,,,,,,,
,,,,,,,,,,,,,,,,,,,,,,,,,,243.500,-0.05,,,,,,,,
,,,,,,,,,,,,,,,,,,,,,,,,,,243.550,-0.06,,,,,,,,
,,,,,,,,,,,,,,,,,,,,,,,,,,243.600,-0.06,,,,,,,,
,,,,,,,,,,,,,,,,,,,,,,,,,,243.650,-0.05,,,,,,,,
,,,,,,,,,,,,,,,,,,,,,,,,,,243.700,-0.06,,,,,,,,
,,,,,,,,,,,,,,,,,,,,,,,,,,243.750,-0.07,,,,,,,,
,,,,,,,,,,,,,,,,,,,,,,,,,,243.800,-0.05,,,,,,,,
,,,,,,,,,,,,,,,,,,,,,,,,,,243.850,-0.06,,,,,,,,
,,,,,,,,,,,,,,,,,,,,,,,,,,243.900,-0.06,,,,,,,,
,,,,,,,,,,,,,,,,,,,,,,,,,,243.950,-0.05,,,,,,,,
,,,,,,,,,,,,,,,,,,,,,,,,,,244.000,-0.06,,,,,,,,
,,,,,,,,,,,,,,,,,,,,,,,,,,244.050,-0.06,,,,,,,,
,,,,,,,,,,,,,,,,,,,,,,,,,,244.100,-0.06,,,,,,,,
,,,,,,,,,,,,,,,,,,,,,,,,,,244.150,-0.05,,,,,,,,
,,,,,,,,,,,,,,,,,,,,,,,,,,244.200,-0.05,,,,,,,,
,,,,,,,,,,,,,,,,,,,,,,,,,,244.250,-0.05,,,,,,,,
,,,,,,,,,,,,,,,,,,,,,,,,,,244.300,-0.05,,,,,,,,
,,,,,,,,,,,,,,,,,,,,,,,,,,244.350,-0.05,,,,,,,,
,,,,,,,,,,,,,,,,,,,,,,,,,,244.400,-0.05,,,,,,,,
,,,,,,,,,,,,,,,,,,,,,,,,,,244.450,-0.06,,,,,,,,
,,,,,,,,,,,,,,,,,,,,,,,,,,244.500,-0.06,,,,,,,,
,,,,,,,,,,,,,,,,,,,,,,,,,,244.550,-0.06,,,,,,,,
,,,,,,,,,,,,,,,,,,,,,,,,,,244.600,-0.06,,,,,,,,
,,,,,,,,,,,,,,,,,,,,,,,,,,244.650,-0.05,,,,,,,,
,,,,,,,,,,,,,,,,,,,,,,,,,,244.700,-0.05,,,,,,,,
,,,,,,,,,,,,,,,,,,,,,,,,,,244.750,-0.05,,,,,,,,
,,,,,,,,,,,,,,,,,,,,,,,,,,244.800,-0.05,,,,,,,,
,,,,,,,,,,,,,,,,,,,,,,,,,,244.850,-0.05,,,,,,,,
,,,,,,,,,,,,,,,,,,,,,,,,,,244.900,-0.05,,,,,,,,
,,,,,,,,,,,,,,,,,,,,,,,,,,244.950,-0.05,,,,,,,,
,,,,,,,,,,,,,,,,,,,,,,,,,,245.000,-0.04,,,,,,,,
,,,,,,,,,,,,,,,,,,,,,,,,,,245.050,-0.04,,,,,,,,
,,,,,,,,,,,,,,,,,,,,,,,,,,245.100,-0.05,,,,,,,,
,,,,,,,,,,,,,,,,,,,,,,,,,,245.150,-0.06,,,,,,,,
,,,,,,,,,,,,,,,,,,,,,,,,,,245.200,-0.05,,,,,,,,
,,,,,,,,,,,,,,,,,,,,,,,,,,245.250,-0.05,,,,,,,,
,,,,,,,,,,,,,,,,,,,,,,,,,,245.300,-0.05,,,,,,,,
,,,,,,,,,,,,,,,,,,,,,,,,,,245.350,-0.03,,,,,,,,
,,,,,,,,,,,,,,,,,,,,,,,,,,245.400,-0.04,,,,,,,,
,,,,,,,,,,,,,,,,,,,,,,,,,,245.450,-0.04,,,,,,,,
,,,,,,,,,,,,,,,,,,,,,,,,,,245.500,-0.05,,,,,,,,
,,,,,,,,,,,,,,,,,,,,,,,,,,245.550,-0.06,,,,,,,,
,,,,,,,,,,,,,,,,,,,,,,,,,,245.600,-0.05,,,,,,,,
,,,,,,,,,,,,,,,,,,,,,,,,,,245.650,-0.06,,,,,,,,
,,,,,,,,,,,,,,,,,,,,,,,,,,245.700,-0.06,,,,,,,,
,,,,,,,,,,,,,,,,,,,,,,,,,,245.750,-0.05,,,,,,,,
,,,,,,,,,,,,,,,,,,,,,,,,,,245.800,-0.05,,,,,,,,
,,,,,,,,,,,,,,,,,,,,,,,,,,245.850,-0.05,,,,,,,,
,,,,,,,,,,,,,,,,,,,,,,,,,,245.900,-0.05,,,,,,,,
,,,,,,,,,,,,,,,,,,,,,,,,,,245.950,-0.05,,,,,,,,
,,,,,,,,,,,,,,,,,,,,,,,,,,246.000,-0.05,,,,,,,,
,,,,,,,,,,,,,,,,,,,,,,,,,,246.050,-0.04,,,,,,,,
,,,,,,,,,,,,,,,,,,,,,,,,,,246.100,-0.05,,,,,,,,
,,,,,,,,,,,,,,,,,,,,,,,,,,246.150,-0.04,,,,,,,,
,,,,,,,,,,,,,,,,,,,,,,,,,,246.200,-0.05,,,,,,,,
,,,,,,,,,,,,,,,,,,,,,,,,,,246.250,-0.05,,,,,,,,
,,,,,,,,,,,,,,,,,,,,,,,,,,246.300,-0.05,,,,,,,,
,,,,,,,,,,,,,,,,,,,,,,,,,,246.350,-0.03,,,,,,,,
,,,,,,,,,,,,,,,,,,,,,,,,,,246.400,-0.04,,,,,,,,
,,,,,,,,,,,,,,,,,,,,,,,,,,246.450,-0.04,,,,,,,,
,,,,,,,,,,,,,,,,,,,,,,,,,,246.500,-0.03,,,,,,,,
,,,,,,,,,,,,,,,,,,,,,,,,,,246.550,-0.05,,,,,,,,
,,,,,,,,,,,,,,,,,,,,,,,,,,246.600,-0.03,,,,,,,,
,,,,,,,,,,,,,,,,,,,,,,,,,,246.650,-0.03,,,,,,,,
,,,,,,,,,,,,,,,,,,,,,,,,,,246.700,-0.05,,,,,,,,
,,,,,,,,,,,,,,,,,,,,,,,,,,246.750,-0.04,,,,,,,,
,,,,,,,,,,,,,,,,,,,,,,,,,,246.800,-0.03,,,,,,,,
,,,,,,,,,,,,,,,,,,,,,,,,,,246.850,-0.04,,,,,,,,
,,,,,,,,,,,,,,,,,,,,,,,,,,246.900,-0.03,,,,,,,,
,,,,,,,,,,,,,,,,,,,,,,,,,,246.950,-0.03,,,,,,,,
,,,,,,,,,,,,,,,,,,,,,,,,,,247.000,-0.04,,,,,,,,
,,,,,,,,,,,,,,,,,,,,,,,,,,247.050,-0.02,,,,,,,,
,,,,,,,,,,,,,,,,,,,,,,,,,,247.100,-0.04,,,,,,,,
,,,,,,,,,,,,,,,,,,,,,,,,,,247.150,-0.04,,,,,,,,
,,,,,,,,,,,,,,,,,,,,,,,,,,247.200,-0.04,,,,,,,,
,,,,,,,,,,,,,,,,,,,,,,,,,,247.250,-0.05,,,,,,,,
,,,,,,,,,,,,,,,,,,,,,,,,,,247.300,-0.05,,,,,,,,
,,,,,,,,,,,,,,,,,,,,,,,,,,247.350,-0.04,,,,,,,,
,,,,,,,,,,,,,,,,,,,,,,,,,,247.400,-0.05,,,,,,,,
,,,,,,,,,,,,,,,,,,,,,,,,,,247.450,-0.05,,,,,,,,
,,,,,,,,,,,,,,,,,,,,,,,,,,247.500,-0.05,,,,,,,,
,,,,,,,,,,,,,,,,,,,,,,,,,,247.550,-0.04,,,,,,,,
,,,,,,,,,,,,,,,,,,,,,,,,,,247.600,-0.05,,,,,,,,
,,,,,,,,,,,,,,,,,,,,,,,,,,247.650,-0.05,,,,,,,,
,,,,,,,,,,,,,,,,,,,,,,,,,,247.700,-0.04,,,,,,,,
,,,,,,,,,,,,,,,,,,,,,,,,,,247.750,-0.06,,,,,,,,
,,,,,,,,,,,,,,,,,,,,,,,,,,247.800,-0.05,,,,,,,,
,,,,,,,,,,,,,,,,,,,,,,,,,,247.850,-0.05,,,,,,,,
,,,,,,,,,,,,,,,,,,,,,,,,,,247.900,-0.05,,,,,,,,
,,,,,,,,,,,,,,,,,,,,,,,,,,247.950,-0.04,,,,,,,,
,,,,,,,,,,,,,,,,,,,,,,,,,,248.000,-0.05,,,,,,,,
,,,,,,,,,,,,,,,,,,,,,,,,,,248.050,-0.05,,,,,,,,
,,,,,,,,,,,,,,,,,,,,,,,,,,248.100,-0.05,,,,,,,,
,,,,,,,,,,,,,,,,,,,,,,,,,,248.150,-0.04,,,,,,,,
,,,,,,,,,,,,,,,,,,,,,,,,,,248.200,-0.06,,,,,,,,
,,,,,,,,,,,,,,,,,,,,,,,,,,248.250,-0.05,,,,,,,,
,,,,,,,,,,,,,,,,,,,,,,,,,,248.300,-0.05,,,,,,,,
,,,,,,,,,,,,,,,,,,,,,,,,,,248.350,-0.05,,,,,,,,
,,,,,,,,,,,,,,,,,,,,,,,,,,248.400,-0.05,,,,,,,,
,,,,,,,,,,,,,,,,,,,,,,,,,,248.450,-0.05,,,,,,,,
,,,,,,,,,,,,,,,,,,,,,,,,,,248.500,-0.06,,,,,,,,
,,,,,,,,,,,,,,,,,,,,,,,,,,248.550,-0.06,,,,,,,,
,,,,,,,,,,,,,,,,,,,,,,,,,,248.600,-0.06,,,,,,,,
,,,,,,,,,,,,,,,,,,,,,,,,,,248.650,-0.06,,,,,,,,
,,,,,,,,,,,,,,,,,,,,,,,,,,248.700,-0.06,,,,,,,,
,,,,,,,,,,,,,,,,,,,,,,,,,,248.750,-0.05,,,,,,,,
,,,,,,,,,,,,,,,,,,,,,,,,,,248.800,-0.05,,,,,,,,
,,,,,,,,,,,,,,,,,,,,,,,,,,248.850,-0.06,,,,,,,,
,,,,,,,,,,,,,,,,,,,,,,,,,,248.900,-0.06,,,,,,,,
,,,,,,,,,,,,,,,,,,,,,,,,,,248.950,-0.07,,,,,,,,
,,,,,,,,,,,,,,,,,,,,,,,,,,249.000,-0.07,,,,,,,,
,,,,,,,,,,,,,,,,,,,,,,,,,,249.050,-0.06,,,,,,,,
,,,,,,,,,,,,,,,,,,,,,,,,,,249.100,-0.06,,,,,,,,
,,,,,,,,,,,,,,,,,,,,,,,,,,249.150,-0.06,,,,,,,,
,,,,,,,,,,,,,,,,,,,,,,,,,,249.200,-0.06,,,,,,,,
,,,,,,,,,,,,,,,,,,,,,,,,,,249.250,-0.06,,,,,,,,
,,,,,,,,,,,,,,,,,,,,,,,,,,249.300,-0.07,,,,,,,,
,,,,,,,,,,,,,,,,,,,,,,,,,,249.350,-0.07,,,,,,,,
,,,,,,,,,,,,,,,,,,,,,,,,,,249.400,-0.07,,,,,,,,
,,,,,,,,,,,,,,,,,,,,,,,,,,249.450,-0.06,,,,,,,,
,,,,,,,,,,,,,,,,,,,,,,,,,,249.500,-0.07,,,,,,,,
,,,,,,,,,,,,,,,,,,,,,,,,,,249.550,-0.07,,,,,,,,
,,,,,,,,,,,,,,,,,,,,,,,,,,249.600,-0.06,,,,,,,,
,,,,,,,,,,,,,,,,,,,,,,,,,,249.650,-0.06,,,,,,,,
,,,,,,,,,,,,,,,,,,,,,,,,,,249.700,-0.06,,,,,,,,
,,,,,,,,,,,,,,,,,,,,,,,,,,249.750,-0.06,,,,,,,,
,,,,,,,,,,,,,,,,,,,,,,,,,,249.800,-0.06,,,,,,,,
,,,,,,,,,,,,,,,,,,,,,,,,,,249.850,-0.06,,,,,,,,
,,,,,,,,,,,,,,,,,,,,,,,,,,249.900,-0.06,,,,,,,,
,,,,,,,,,,,,,,,,,,,,,,,,,,249.950,-0.06,,,,,,,,
,,,,,,,,,,,,,,,,,,,,,,,,,,250.000,-0.05,,,,,,,,
,,,,,,,,,,,,,,,,,,,,,,,,,,250.050,-0.05,,,,,,,,
,,,,,,,,,,,,,,,,,,,,,,,,,,250.100,-0.06,,,,,,,,
,,,,,,,,,,,,,,,,,,,,,,,,,,250.150,-0.06,,,,,,,,
,,,,,,,,,,,,,,,,,,,,,,,,,,250.200,-0.06,,,,,,,,
,,,,,,,,,,,,,,,,,,,,,,,,,,250.250,-0.06,,,,,,,,
,,,,,,,,,,,,,,,,,,,,,,,,,,250.300,-0.07,,,,,,,,
,,,,,,,,,,,,,,,,,,,,,,,,,,250.350,-0.06,,,,,,,,
,,,,,,,,,,,,,,,,,,,,,,,,,,250.400,-0.06,,,,,,,,
,,,,,,,,,,,,,,,,,,,,,,,,,,250.450,-0.06,,,,,,,,
,,,,,,,,,,,,,,,,,,,,,,,,,,250.500,-0.06,,,,,,,,
,,,,,,,,,,,,,,,,,,,,,,,,,,250.550,-0.07,,,,,,,,
,,,,,,,,,,,,,,,,,,,,,,,,,,250.600,-0.07,,,,,,,,
,,,,,,,,,,,,,,,,,,,,,,,,,,250.650,-0.05,,,,,,,,
,,,,,,,,,,,,,,,,,,,,,,,,,,250.700,-0.05,,,,,,,,
,,,,,,,,,,,,,,,,,,,,,,,,,,250.750,-0.05,,,,,,,,
,,,,,,,,,,,,,,,,,,,,,,,,,,250.800,-0.05,,,,,,,,
,,,,,,,,,,,,,,,,,,,,,,,,,,250.850,-0.06,,,,,,,,
,,,,,,,,,,,,,,,,,,,,,,,,,,250.900,-0.06,,,,,,,,
,,,,,,,,,,,,,,,,,,,,,,,,,,250.950,-0.06,,,,,,,,
,,,,,,,,,,,,,,,,,,,,,,,,,,251.000,-0.06,,,,,,,,
,,,,,,,,,,,,,,,,,,,,,,,,,,251.050,-0.05,,,,,,,,
,,,,,,,,,,,,,,,,,,,,,,,,,,251.100,-0.06,,,,,,,,
,,,,,,,,,,,,,,,,,,,,,,,,,,251.150,-0.05,,,,,,,,
,,,,,,,,,,,,,,,,,,,,,,,,,,251.200,-0.05,,,,,,,,
,,,,,,,,,,,,,,,,,,,,,,,,,,251.250,-0.06,,,,,,,,
,,,,,,,,,,,,,,,,,,,,,,,,,,251.300,-0.06,,,,,,,,
,,,,,,,,,,,,,,,,,,,,,,,,,,251.350,-0.07,,,,,,,,
,,,,,,,,,,,,,,,,,,,,,,,,,,251.400,-0.07,,,,,,,,
,,,,,,,,,,,,,,,,,,,,,,,,,,251.450,-0.06,,,,,,,,
,,,,,,,,,,,,,,,,,,,,,,,,,,251.500,-0.06,,,,,,,,
,,,,,,,,,,,,,,,,,,,,,,,,,,251.550,-0.07,,,,,,,,
,,,,,,,,,,,,,,,,,,,,,,,,,,251.600,-0.06,,,,,,,,
,,,,,,,,,,,,,,,,,,,,,,,,,,251.650,-0.07,,,,,,,,
,,,,,,,,,,,,,,,,,,,,,,,,,,251.700,-0.06,,,,,,,,
,,,,,,,,,,,,,,,,,,,,,,,,,,251.750,-0.06,,,,,,,,
,,,,,,,,,,,,,,,,,,,,,,,,,,251.800,-0.06,,,,,,,,
,,,,,,,,,,,,,,,,,,,,,,,,,,251.850,-0.05,,,,,,,,
,,,,,,,,,,,,,,,,,,,,,,,,,,251.900,-0.05,,,,,,,,
,,,,,,,,,,,,,,,,,,,,,,,,,,251.950,-0.06,,,,,,,,
,,,,,,,,,,,,,,,,,,,,,,,,,,252.000,-0.06,,,,,,,,
,,,,,,,,,,,,,,,,,,,,,,,,,,252.050,-0.06,,,,,,,,
,,,,,,,,,,,,,,,,,,,,,,,,,,252.100,-0.06,,,,,,,,
,,,,,,,,,,,,,,,,,,,,,,,,,,252.150,-0.05,,,,,,,,
,,,,,,,,,,,,,,,,,,,,,,,,,,252.200,-0.05,,,,,,,,
,,,,,,,,,,,,,,,,,,,,,,,,,,252.250,-0.06,,,,,,,,
,,,,,,,,,,,,,,,,,,,,,,,,,,252.300,-0.06,,,,,,,,
,,,,,,,,,,,,,,,,,,,,,,,,,,252.350,-0.05,,,,,,,,
,,,,,,,,,,,,,,,,,,,,,,,,,,252.400,-0.05,,,,,,,,
,,,,,,,,,,,,,,,,,,,,,,,,,,252.450,-0.05,,,,,,,,
,,,,,,,,,,,,,,,,,,,,,,,,,,252.500,-0.06,,,,,,,,
,,,,,,,,,,,,,,,,,,,,,,,,,,252.550,-0.06,,,,,,,,
,,,,,,,,,,,,,,,,,,,,,,,,,,252.600,-0.05,,,,,,,,
,,,,,,,,,,,,,,,,,,,,,,,,,,252.650,-0.05,,,,,,,,
,,,,,,,,,,,,,,,,,,,,,,,,,,252.700,-0.05,,,,,,,,
,,,,,,,,,,,,,,,,,,,,,,,,,,252.750,-0.05,,,,,,,,
,,,,,,,,,,,,,,,,,,,,,,,,,,252.800,-0.05,,,,,,,,
,,,,,,,,,,,,,,,,,,,,,,,,,,252.850,-0.06,,,,,,,,
,,,,,,,,,,,,,,,,,,,,,,,,,,252.900,-0.06,,,,,,,,
,,,,,,,,,,,,,,,,,,,,,,,,,,252.950,-0.06,,,,,,,,
,,,,,,,,,,,,,,,,,,,,,,,,,,253.000,-0.06,,,,,,,,
,,,,,,,,,,,,,,,,,,,,,,,,,,253.050,-0.05,,,,,,,,
,,,,,,,,,,,,,,,,,,,,,,,,,,253.100,-0.06,,,,,,,,
,,,,,,,,,,,,,,,,,,,,,,,,,,253.150,-0.05,,,,,,,,
,,,,,,,,,,,,,,,,,,,,,,,,,,253.200,-0.06,,,,,,,,
,,,,,,,,,,,,,,,,,,,,,,,,,,253.250,-0.05,,,,,,,,
,,,,,,,,,,,,,,,,,,,,,,,,,,253.300,-0.05,,,,,,,,
,,,,,,,,,,,,,,,,,,,,,,,,,,253.350,-0.05,,,,,,,,
,,,,,,,,,,,,,,,,,,,,,,,,,,253.400,-0.05,,,,,,,,
,,,,,,,,,,,,,,,,,,,,,,,,,,253.450,-0.06,,,,,,,,
,,,,,,,,,,,,,,,,,,,,,,,,,,253.500,-0.05,,,,,,,,
,,,,,,,,,,,,,,,,,,,,,,,,,,253.550,-0.05,,,,,,,,
,,,,,,,,,,,,,,,,,,,,,,,,,,253.600,-0.06,,,,,,,,
,,,,,,,,,,,,,,,,,,,,,,,,,,253.650,-0.05,,,,,,,,
,,,,,,,,,,,,,,,,,,,,,,,,,,253.700,-0.05,,,,,,,,
,,,,,,,,,,,,,,,,,,,,,,,,,,253.750,-0.05,,,,,,,,
,,,,,,,,,,,,,,,,,,,,,,,,,,253.800,-0.06,,,,,,,,
,,,,,,,,,,,,,,,,,,,,,,,,,,253.850,-0.06,,,,,,,,
,,,,,,,,,,,,,,,,,,,,,,,,,,253.900,-0.06,,,,,,,,
,,,,,,,,,,,,,,,,,,,,,,,,,,253.950,-0.06,,,,,,,,
,,,,,,,,,,,,,,,,,,,,,,,,,,254.000,-0.06,,,,,,,,
,,,,,,,,,,,,,,,,,,,,,,,,,,254.050,-0.06,,,,,,,,
,,,,,,,,,,,,,,,,,,,,,,,,,,254.100,-0.06,,,,,,,,
,,,,,,,,,,,,,,,,,,,,,,,,,,254.150,-0.08,,,,,,,,
,,,,,,,,,,,,,,,,,,,,,,,,,,254.200,-0.07,,,,,,,,
,,,,,,,,,,,,,,,,,,,,,,,,,,254.250,-0.06,,,,,,,,
,,,,,,,,,,,,,,,,,,,,,,,,,,254.300,-0.06,,,,,,,,
,,,,,,,,,,,,,,,,,,,,,,,,,,254.350,-0.06,,,,,,,,
,,,,,,,,,,,,,,,,,,,,,,,,,,254.400,-0.06,,,,,,,,
,,,,,,,,,,,,,,,,,,,,,,,,,,254.450,-0.06,,,,,,,,
,,,,,,,,,,,,,,,,,,,,,,,,,,254.500,-0.06,,,,,,,,
,,,,,,,,,,,,,,,,,,,,,,,,,,254.550,-0.06,,,,,,,,
,,,,,,,,,,,,,,,,,,,,,,,,,,254.600,-0.05,,,,,,,,
,,,,,,,,,,,,,,,,,,,,,,,,,,254.650,-0.05,,,,,,,,
,,,,,,,,,,,,,,,,,,,,,,,,,,254.700,-0.06,,,,,,,,
,,,,,,,,,,,,,,,,,,,,,,,,,,254.750,-0.05,,,,,,,,
,,,,,,,,,,,,,,,,,,,,,,,,,,254.800,-0.06,,,,,,,,
,,,,,,,,,,,,,,,,,,,,,,,,,,254.850,-0.06,,,,,,,,
,,,,,,,,,,,,,,,,,,,,,,,,,,254.900,-0.06,,,,,,,,
,,,,,,,,,,,,,,,,,,,,,,,,,,254.950,-0.06,,,,,,,,
,,,,,,,,,,,,,,,,,,,,,,,,,,255.000,-0.07,,,,,,,,
,,,,,,,,,,,,,,,,,,,,,,,,,,255.050,-0.06,,,,,,,,
,,,,,,,,,,,,,,,,,,,,,,,,,,255.100,-0.05,,,,,,,,
,,,,,,,,,,,,,,,,,,,,,,,,,,255.150,-0.06,,,,,,,,
,,,,,,,,,,,,,,,,,,,,,,,,,,255.200,-0.06,,,,,,,,
,,,,,,,,,,,,,,,,,,,,,,,,,,255.250,-0.07,,,,,,,,
,,,,,,,,,,,,,,,,,,,,,,,,,,255.300,-0.06,,,,,,,,
,,,,,,,,,,,,,,,,,,,,,,,,,,255.350,-0.05,,,,,,,,
,,,,,,,,,,,,,,,,,,,,,,,,,,255.400,-0.06,,,,,,,,
,,,,,,,,,,,,,,,,,,,,,,,,,,255.450,-0.07,,,,,,,,
,,,,,,,,,,,,,,,,,,,,,,,,,,255.500,-0.07,,,,,,,,
,,,,,,,,,,,,,,,,,,,,,,,,,,255.550,-0.08,,,,,,,,
,,,,,,,,,,,,,,,,,,,,,,,,,,255.600,-0.05,,,,,,,,
,,,,,,,,,,,,,,,,,,,,,,,,,,255.650,-0.08,,,,,,,,
,,,,,,,,,,,,,,,,,,,,,,,,,,255.700,-0.08,,,,,,,,
,,,,,,,,,,,,,,,,,,,,,,,,,,255.750,-0.07,,,,,,,,
,,,,,,,,,,,,,,,,,,,,,,,,,,255.800,-0.07,,,,,,,,
,,,,,,,,,,,,,,,,,,,,,,,,,,255.850,-0.07,,,,,,,,
,,,,,,,,,,,,,,,,,,,,,,,,,,255.900,-0.06,,,,,,,,
,,,,,,,,,,,,,,,,,,,,,,,,,,255.950,-0.06,,,,,,,,
,,,,,,,,,,,,,,,,,,,,,,,,,,256.000,-0.07,,,,,,,,
,,,,,,,,,,,,,,,,,,,,,,,,,,256.050,-0.07,,,,,,,,
,,,,,,,,,,,,,,,,,,,,,,,,,,256.100,-0.07,,,,,,,,
,,,,,,,,,,,,,,,,,,,,,,,,,,256.150,-0.07,,,,,,,,
,,,,,,,,,,,,,,,,,,,,,,,,,,256.200,-0.07,,,,,,,,
,,,,,,,,,,,,,,,,,,,,,,,,,,256.250,-0.08,,,,,,,,
,,,,,,,,,,,,,,,,,,,,,,,,,,256.300,-0.07,,,,,,,,
,,,,,,,,,,,,,,,,,,,,,,,,,,256.350,-0.06,,,,,,,,
,,,,,,,,,,,,,,,,,,,,,,,,,,256.400,-0.06,,,,,,,,
,,,,,,,,,,,,,,,,,,,,,,,,,,256.450,-0.07,,,,,,,,
,,,,,,,,,,,,,,,,,,,,,,,,,,256.500,-0.06,,,,,,,,
,,,,,,,,,,,,,,,,,,,,,,,,,,256.550,-0.06,,,,,,,,
,,,,,,,,,,,,,,,,,,,,,,,,,,256.600,-0.06,,,,,,,,
,,,,,,,,,,,,,,,,,,,,,,,,,,256.650,-0.06,,,,,,,,
,,,,,,,,,,,,,,,,,,,,,,,,,,256.700,-0.05,,,,,,,,
,,,,,,,,,,,,,,,,,,,,,,,,,,256.750,-0.06,,,,,,,,
,,,,,,,,,,,,,,,,,,,,,,,,,,256.800,-0.05,,,,,,,,
,,,,,,,,,,,,,,,,,,,,,,,,,,256.850,-0.05,,,,,,,,
,,,,,,,,,,,,,,,,,,,,,,,,,,256.900,-0.06,,,,,,,,
,,,,,,,,,,,,,,,,,,,,,,,,,,256.950,-0.06,,,,,,,,
,,,,,,,,,,,,,,,,,,,,,,,,,,257.000,-0.05,,,,,,,,
,,,,,,,,,,,,,,,,,,,,,,,,,,257.050,-0.05,,,,,,,,
,,,,,,,,,,,,,,,,,,,,,,,,,,257.100,-0.06,,,,,,,,
,,,,,,,,,,,,,,,,,,,,,,,,,,257.150,-0.04,,,,,,,,
,,,,,,,,,,,,,,,,,,,,,,,,,,257.200,-0.05,,,,,,,,
,,,,,,,,,,,,,,,,,,,,,,,,,,257.250,-0.05,,,,,,,,
,,,,,,,,,,,,,,,,,,,,,,,,,,257.300,-0.05,,,,,,,,
,,,,,,,,,,,,,,,,,,,,,,,,,,257.350,-0.05,,,,,,,,
,,,,,,,,,,,,,,,,,,,,,,,,,,257.400,-0.05,,,,,,,,
,,,,,,,,,,,,,,,,,,,,,,,,,,257.450,-0.05,,,,,,,,
,,,,,,,,,,,,,,,,,,,,,,,,,,257.500,-0.05,,,,,,,,
,,,,,,,,,,,,,,,,,,,,,,,,,,257.550,-0.05,,,,,,,,
,,,,,,,,,,,,,,,,,,,,,,,,,,257.600,-0.05,,,,,,,,
,,,,,,,,,,,,,,,,,,,,,,,,,,257.650,-0.05,,,,,,,,
,,,,,,,,,,,,,,,,,,,,,,,,,,257.700,-0.06,,,,,,,,
,,,,,,,,,,,,,,,,,,,,,,,,,,257.750,-0.06,,,,,,,,
,,,,,,,,,,,,,,,,,,,,,,,,,,257.800,-0.05,,,,,,,,
,,,,,,,,,,,,,,,,,,,,,,,,,,257.850,-0.05,,,,,,,,
,,,,,,,,,,,,,,,,,,,,,,,,,,257.900,-0.06,,,,,,,,
,,,,,,,,,,,,,,,,,,,,,,,,,,257.950,-0.06,,,,,,,,
,,,,,,,,,,,,,,,,,,,,,,,,,,258.000,-0.05,,,,,,,,
,,,,,,,,,,,,,,,,,,,,,,,,,,258.050,-0.04,,,,,,,,
,,,,,,,,,,,,,,,,,,,,,,,,,,258.100,-0.04,,,,,,,,
,,,,,,,,,,,,,,,,,,,,,,,,,,258.150,-0.03,,,,,,,,
,,,,,,,,,,,,,,,,,,,,,,,,,,258.200,-0.03,,,,,,,,
,,,,,,,,,,,,,,,,,,,,,,,,,,258.250,-0.04,,,,,,,,
,,,,,,,,,,,,,,,,,,,,,,,,,,258.300,-0.03,,,,,,,,
,,,,,,,,,,,,,,,,,,,,,,,,,,258.350,-0.03,,,,,,,,
,,,,,,,,,,,,,,,,,,,,,,,,,,258.400,-0.03,,,,,,,,
,,,,,,,,,,,,,,,,,,,,,,,,,,258.450,-0.03,,,,,,,,
,,,,,,,,,,,,,,,,,,,,,,,,,,258.500,-0.04,,,,,,,,
,,,,,,,,,,,,,,,,,,,,,,,,,,258.550,-0.04,,,,,,,,
,,,,,,,,,,,,,,,,,,,,,,,,,,258.600,-0.04,,,,,,,,
,,,,,,,,,,,,,,,,,,,,,,,,,,258.650,-0.04,,,,,,,,
,,,,,,,,,,,,,,,,,,,,,,,,,,258.700,-0.02,,,,,,,,
,,,,,,,,,,,,,,,,,,,,,,,,,,258.750,-0.04,,,,,,,,
,,,,,,,,,,,,,,,,,,,,,,,,,,258.800,-0.04,,,,,,,,
,,,,,,,,,,,,,,,,,,,,,,,,,,258.850,-0.04,,,,,,,,
,,,,,,,,,,,,,,,,,,,,,,,,,,258.900,-0.05,,,,,,,,
,,,,,,,,,,,,,,,,,,,,,,,,,,258.950,-0.03,,,,,,,,
,,,,,,,,,,,,,,,,,,,,,,,,,,259.000,-0.05,,,,,,,,
,,,,,,,,,,,,,,,,,,,,,,,,,,259.050,-0.05,,,,,,,,
,,,,,,,,,,,,,,,,,,,,,,,,,,259.100,-0.06,,,,,,,,
,,,,,,,,,,,,,,,,,,,,,,,,,,259.150,-0.06,,,,,,,,
,,,,,,,,,,,,,,,,,,,,,,,,,,259.200,-0.05,,,,,,,,
,,,,,,,,,,,,,,,,,,,,,,,,,,259.250,-0.06,,,,,,,,
,,,,,,,,,,,,,,,,,,,,,,,,,,259.300,-0.05,,,,,,,,
,,,,,,,,,,,,,,,,,,,,,,,,,,259.350,-0.06,,,,,,,,
,,,,,,,,,,,,,,,,,,,,,,,,,,259.400,-0.06,,,,,,,,
,,,,,,,,,,,,,,,,,,,,,,,,,,259.450,-0.05,,,,,,,,
,,,,,,,,,,,,,,,,,,,,,,,,,,259.500,-0.05,,,,,,,,
,,,,,,,,,,,,,,,,,,,,,,,,,,259.550,-0.05,,,,,,,,
,,,,,,,,,,,,,,,,,,,,,,,,,,259.600,-0.05,,,,,,,,
,,,,,,,,,,,,,,,,,,,,,,,,,,259.650,-0.05,,,,,,,,
,,,,,,,,,,,,,,,,,,,,,,,,,,259.700,-0.05,,,,,,,,
,,,,,,,,,,,,,,,,,,,,,,,,,,259.750,-0.05,,,,,,,,
,,,,,,,,,,,,,,,,,,,,,,,,,,259.800,-0.05,,,,,,,,
,,,,,,,,,,,,,,,,,,,,,,,,,,259.850,-0.04,,,,,,,,
,,,,,,,,,,,,,,,,,,,,,,,,,,259.900,-0.03,,,,,,,,
,,,,,,,,,,,,,,,,,,,,,,,,,,259.950,-0.06,,,,,,,,
,,,,,,,,,,,,,,,,,,,,,,,,,,260.000,-0.05,,,,,,,,
,,,,,,,,,,,,,,,,,,,,,,,,,,260.050,-0.05,,,,,,,,
,,,,,,,,,,,,,,,,,,,,,,,,,,260.100,-0.04,,,,,,,,
,,,,,,,,,,,,,,,,,,,,,,,,,,260.150,-0.04,,,,,,,,
,,,,,,,,,,,,,,,,,,,,,,,,,,260.200,-0.04,,,,,,,,
,,,,,,,,,,,,,,,,,,,,,,,,,,260.250,-0.04,,,,,,,,
,,,,,,,,,,,,,,,,,,,,,,,,,,260.300,-0.04,,,,,,,,
,,,,,,,,,,,,,,,,,,,,,,,,,,260.350,-0.05,,,,,,,,
,,,,,,,,,,,,,,,,,,,,,,,,,,260.400,-0.05,,,,,,,,
,,,,,,,,,,,,,,,,,,,,,,,,,,260.450,-0.06,,,,,,,,
,,,,,,,,,,,,,,,,,,,,,,,,,,260.500,-0.05,,,,,,,,
,,,,,,,,,,,,,,,,,,,,,,,,,,260.550,-0.04,,,,,,,,
,,,,,,,,,,,,,,,,,,,,,,,,,,260.600,-0.05,,,,,,,,
,,,,,,,,,,,,,,,,,,,,,,,,,,260.650,-0.04,,,,,,,,
,,,,,,,,,,,,,,,,,,,,,,,,,,260.700,-0.03,,,,,,,,
,,,,,,,,,,,,,,,,,,,,,,,,,,260.750,-0.03,,,,,,,,
,,,,,,,,,,,,,,,,,,,,,,,,,,260.800,-0.03,,,,,,,,
,,,,,,,,,,,,,,,,,,,,,,,,,,260.850,-0.04,,,,,,,,
,,,,,,,,,,,,,,,,,,,,,,,,,,260.900,-0.04,,,,,,,,
,,,,,,,,,,,,,,,,,,,,,,,,,,260.950,-0.03,,,,,,,,
,,,,,,,,,,,,,,,,,,,,,,,,,,261.000,-0.02,,,,,,,,
,,,,,,,,,,,,,,,,,,,,,,,,,,261.050,-0.03,,,,,,,,
,,,,,,,,,,,,,,,,,,,,,,,,,,261.100,-0.04,,,,,,,,
,,,,,,,,,,,,,,,,,,,,,,,,,,261.150,-0.04,,,,,,,,
,,,,,,,,,,,,,,,,,,,,,,,,,,261.200,-0.04,,,,,,,,
,,,,,,,,,,,,,,,,,,,,,,,,,,261.250,-0.01,,,,,,,,
,,,,,,,,,,,,,,,,,,,,,,,,,,261.300,-0.03,,,,,,,,
,,,,,,,,,,,,,,,,,,,,,,,,,,261.350,-0.03,,,,,,,,
,,,,,,,,,,,,,,,,,,,,,,,,,,261.400,-0.03,,,,,,,,
,,,,,,,,,,,,,,,,,,,,,,,,,,261.450,-0.04,,,,,,,,
,,,,,,,,,,,,,,,,,,,,,,,,,,261.500,-0.04,,,,,,,,
,,,,,,,,,,,,,,,,,,,,,,,,,,261.550,-0.03,,,,,,,,
,,,,,,,,,,,,,,,,,,,,,,,,,,261.600,-0.03,,,,,,,,
,,,,,,,,,,,,,,,,,,,,,,,,,,261.650,-0.02,,,,,,,,
,,,,,,,,,,,,,,,,,,,,,,,,,,261.700,-0.03,,,,,,,,
,,,,,,,,,,,,,,,,,,,,,,,,,,261.750,-0.03,,,,,,,,
,,,,,,,,,,,,,,,,,,,,,,,,,,261.800,-0.03,,,,,,,,
,,,,,,,,,,,,,,,,,,,,,,,,,,261.850,-0.03,,,,,,,,
,,,,,,,,,,,,,,,,,,,,,,,,,,261.900,-0.03,,,,,,,,
,,,,,,,,,,,,,,,,,,,,,,,,,,261.950,-0.03,,,,,,,,
,,,,,,,,,,,,,,,,,,,,,,,,,,262.000,-0.02,,,,,,,,
,,,,,,,,,,,,,,,,,,,,,,,,,,262.050,-0.03,,,,,,,,
,,,,,,,,,,,,,,,,,,,,,,,,,,262.100,-0.03,,,,,,,,
,,,,,,,,,,,,,,,,,,,,,,,,,,262.150,-0.03,,,,,,,,
,,,,,,,,,,,,,,,,,,,,,,,,,,262.200,-0.04,,,,,,,,
,,,,,,,,,,,,,,,,,,,,,,,,,,262.250,-0.02,,,,,,,,
,,,,,,,,,,,,,,,,,,,,,,,,,,262.300,-0.02,,,,,,,,
,,,,,,,,,,,,,,,,,,,,,,,,,,262.350,-0.02,,,,,,,,
,,,,,,,,,,,,,,,,,,,,,,,,,,262.400,-0.03,,,,,,,,
,,,,,,,,,,,,,,,,,,,,,,,,,,262.450,-0.02,,,,,,,,
,,,,,,,,,,,,,,,,,,,,,,,,,,262.500,-0.02,,,,,,,,
,,,,,,,,,,,,,,,,,,,,,,,,,,262.550,-0.01,,,,,,,,
,,,,,,,,,,,,,,,,,,,,,,,,,,262.600,-0.02,,,,,,,,
,,,,,,,,,,,,,,,,,,,,,,,,,,262.650,-0.03,,,,,,,,
,,,,,,,,,,,,,,,,,,,,,,,,,,262.700,-0.04,,,,,,,,
,,,,,,,,,,,,,,,,,,,,,,,,,,262.750,-0.04,,,,,,,,
,,,,,,,,,,,,,,,,,,,,,,,,,,262.800,-0.03,,,,,,,,
,,,,,,,,,,,,,,,,,,,,,,,,,,262.850,-0.02,,,,,,,,
,,,,,,,,,,,,,,,,,,,,,,,,,,262.900,-0.01,,,,,,,,
,,,,,,,,,,,,,,,,,,,,,,,,,,262.950,-0.02,,,,,,,,
,,,,,,,,,,,,,,,,,,,,,,,,,,263.000,-0.03,,,,,,,,
,,,,,,,,,,,,,,,,,,,,,,,,,,263.050,-0.03,,,,,,,,
,,,,,,,,,,,,,,,,,,,,,,,,,,263.100,-0.03,,,,,,,,
,,,,,,,,,,,,,,,,,,,,,,,,,,263.150,-0.03,,,,,,,,
,,,,,,,,,,,,,,,,,,,,,,,,,,263.200,-0.03,,,,,,,,
,,,,,,,,,,,,,,,,,,,,,,,,,,263.250,-0.04,,,,,,,,
,,,,,,,,,,,,,,,,,,,,,,,,,,263.300,-0.03,,,,,,,,
,,,,,,,,,,,,,,,,,,,,,,,,,,263.350,-0.04,,,,,,,,
,,,,,,,,,,,,,,,,,,,,,,,,,,263.400,-0.04,,,,,,,,
,,,,,,,,,,,,,,,,,,,,,,,,,,263.450,-0.03,,,,,,,,
,,,,,,,,,,,,,,,,,,,,,,,,,,263.500,-0.04,,,,,,,,
,,,,,,,,,,,,,,,,,,,,,,,,,,263.550,-0.03,,,,,,,,
,,,,,,,,,,,,,,,,,,,,,,,,,,263.600,-0.04,,,,,,,,
,,,,,,,,,,,,,,,,,,,,,,,,,,263.650,-0.05,,,,,,,,
,,,,,,,,,,,,,,,,,,,,,,,,,,263.700,-0.05,,,,,,,,
,,,,,,,,,,,,,,,,,,,,,,,,,,263.750,-0.04,,,,,,,,
,,,,,,,,,,,,,,,,,,,,,,,,,,263.800,-0.04,,,,,,,,
,,,,,,,,,,,,,,,,,,,,,,,,,,263.850,-0.04,,,,,,,,
,,,,,,,,,,,,,,,,,,,,,,,,,,263.900,-0.04,,,,,,,,
,,,,,,,,,,,,,,,,,,,,,,,,,,263.950,-0.04,,,,,,,,
,,,,,,,,,,,,,,,,,,,,,,,,,,264.000,-0.04,,,,,,,,
,,,,,,,,,,,,,,,,,,,,,,,,,,264.050,-0.05,,,,,,,,
,,,,,,,,,,,,,,,,,,,,,,,,,,264.100,-0.04,,,,,,,,
,,,,,,,,,,,,,,,,,,,,,,,,,,264.150,-0.03,,,,,,,,
,,,,,,,,,,,,,,,,,,,,,,,,,,264.200,-0.04,,,,,,,,
,,,,,,,,,,,,,,,,,,,,,,,,,,264.250,-0.03,,,,,,,,
,,,,,,,,,,,,,,,,,,,,,,,,,,264.300,-0.03,,,,,,,,
,,,,,,,,,,,,,,,,,,,,,,,,,,264.350,-0.03,,,,,,,,
,,,,,,,,,,,,,,,,,,,,,,,,,,264.400,-0.04,,,,,,,,
,,,,,,,,,,,,,,,,,,,,,,,,,,264.450,-0.05,,,,,,,,
,,,,,,,,,,,,,,,,,,,,,,,,,,264.500,-0.05,,,,,,,,
,,,,,,,,,,,,,,,,,,,,,,,,,,264.550,-0.04,,,,,,,,
,,,,,,,,,,,,,,,,,,,,,,,,,,264.600,-0.04,,,,,,,,
,,,,,,,,,,,,,,,,,,,,,,,,,,264.650,-0.04,,,,,,,,
,,,,,,,,,,,,,,,,,,,,,,,,,,264.700,-0.04,,,,,,,,
,,,,,,,,,,,,,,,,,,,,,,,,,,264.750,-0.05,,,,,,,,
,,,,,,,,,,,,,,,,,,,,,,,,,,264.800,-0.04,,,,,,,,
,,,,,,,,,,,,,,,,,,,,,,,,,,264.850,-0.04,,,,,,,,
,,,,,,,,,,,,,,,,,,,,,,,,,,264.900,-0.05,,,,,,,,
,,,,,,,,,,,,,,,,,,,,,,,,,,264.950,-0.04,,,,,,,,
,,,,,,,,,,,,,,,,,,,,,,,,,,265.000,-0.04,,,,,,,,
,,,,,,,,,,,,,,,,,,,,,,,,,,265.050,-0.04,,,,,,,,
,,,,,,,,,,,,,,,,,,,,,,,,,,265.100,-0.04,,,,,,,,
,,,,,,,,,,,,,,,,,,,,,,,,,,265.150,-0.04,,,,,,,,
,,,,,,,,,,,,,,,,,,,,,,,,,,265.200,-0.04,,,,,,,,
,,,,,,,,,,,,,,,,,,,,,,,,,,265.250,-0.05,,,,,,,,
,,,,,,,,,,,,,,,,,,,,,,,,,,265.300,-0.05,,,,,,,,
,,,,,,,,,,,,,,,,,,,,,,,,,,265.350,-0.05,,,,,,,,
,,,,,,,,,,,,,,,,,,,,,,,,,,265.400,-0.05,,,,,,,,
,,,,,,,,,,,,,,,,,,,,,,,,,,265.450,-0.05,,,,,,,,
,,,,,,,,,,,,,,,,,,,,,,,,,,265.500,-0.05,,,,,,,,
,,,,,,,,,,,,,,,,,,,,,,,,,,265.550,-0.04,,,,,,,,
,,,,,,,,,,,,,,,,,,,,,,,,,,265.600,-0.04,,,,,,,,
,,,,,,,,,,,,,,,,,,,,,,,,,,265.650,-0.04,,,,,,,,
,,,,,,,,,,,,,,,,,,,,,,,,,,265.700,-0.04,,,,,,,,
,,,,,,,,,,,,,,,,,,,,,,,,,,265.750,-0.04,,,,,,,,
,,,,,,,,,,,,,,,,,,,,,,,,,,265.800,-0.04,,,,,,,,
,,,,,,,,,,,,,,,,,,,,,,,,,,265.850,-0.04,,,,,,,,
,,,,,,,,,,,,,,,,,,,,,,,,,,265.900,-0.04,,,,,,,,
,,,,,,,,,,,,,,,,,,,,,,,,,,265.950,-0.04,,,,,,,,
,,,,,,,,,,,,,,,,,,,,,,,,,,266.000,-0.04,,,,,,,,
,,,,,,,,,,,,,,,,,,,,,,,,,,266.050,-0.04,,,,,,,,
,,,,,,,,,,,,,,,,,,,,,,,,,,266.100,-0.03,,,,,,,,
,,,,,,,,,,,,,,,,,,,,,,,,,,266.150,-0.05,,,,,,,,
,,,,,,,,,,,,,,,,,,,,,,,,,,266.200,-0.04,,,,,,,,
,,,,,,,,,,,,,,,,,,,,,,,,,,266.250,-0.04,,,,,,,,
,,,,,,,,,,,,,,,,,,,,,,,,,,266.300,-0.04,,,,,,,,
,,,,,,,,,,,,,,,,,,,,,,,,,,266.350,-0.04,,,,,,,,
,,,,,,,,,,,,,,,,,,,,,,,,,,266.400,-0.04,,,,,,,,
,,,,,,,,,,,,,,,,,,,,,,,,,,266.450,-0.04,,,,,,,,
,,,,,,,,,,,,,,,,,,,,,,,,,,266.500,-0.04,,,,,,,,
,,,,,,,,,,,,,,,,,,,,,,,,,,266.550,-0.04,,,,,,,,
,,,,,,,,,,,,,,,,,,,,,,,,,,266.600,-0.04,,,,,,,,
,,,,,,,,,,,,,,,,,,,,,,,,,,266.650,-0.04,,,,,,,,
,,,,,,,,,,,,,,,,,,,,,,,,,,266.700,-0.05,,,,,,,,
,,,,,,,,,,,,,,,,,,,,,,,,,,266.750,-0.05,,,,,,,,
,,,,,,,,,,,,,,,,,,,,,,,,,,266.800,-0.04,,,,,,,,
,,,,,,,,,,,,,,,,,,,,,,,,,,266.850,-0.06,,,,,,,,
,,,,,,,,,,,,,,,,,,,,,,,,,,266.900,-0.05,,,,,,,,
,,,,,,,,,,,,,,,,,,,,,,,,,,266.950,-0.06,,,,,,,,
,,,,,,,,,,,,,,,,,,,,,,,,,,267.000,-0.06,,,,,,,,
,,,,,,,,,,,,,,,,,,,,,,,,,,267.050,-0.06,,,,,,,,
,,,,,,,,,,,,,,,,,,,,,,,,,,267.100,-0.06,,,,,,,,
,,,,,,,,,,,,,,,,,,,,,,,,,,267.150,-0.06,,,,,,,,
,,,,,,,,,,,,,,,,,,,,,,,,,,267.200,-0.06,,,,,,,,
,,,,,,,,,,,,,,,,,,,,,,,,,,267.250,-0.04,,,,,,,,
,,,,,,,,,,,,,,,,,,,,,,,,,,267.300,-0.05,,,,,,,,
,,,,,,,,,,,,,,,,,,,,,,,,,,267.350,-0.05,,,,,,,,
,,,,,,,,,,,,,,,,,,,,,,,,,,267.400,-0.05,,,,,,,,
,,,,,,,,,,,,,,,,,,,,,,,,,,267.450,-0.04,,,,,,,,
,,,,,,,,,,,,,,,,,,,,,,,,,,267.500,-0.05,,,,,,,,
,,,,,,,,,,,,,,,,,,,,,,,,,,267.550,-0.03,,,,,,,,
,,,,,,,,,,,,,,,,,,,,,,,,,,267.600,-0.04,,,,,,,,
,,,,,,,,,,,,,,,,,,,,,,,,,,267.650,-0.05,,,,,,,,
,,,,,,,,,,,,,,,,,,,,,,,,,,267.700,-0.05,,,,,,,,
,,,,,,,,,,,,,,,,,,,,,,,,,,267.750,-0.04,,,,,,,,
,,,,,,,,,,,,,,,,,,,,,,,,,,267.800,-0.04,,,,,,,,
,,,,,,,,,,,,,,,,,,,,,,,,,,267.850,-0.03,,,,,,,,
,,,,,,,,,,,,,,,,,,,,,,,,,,267.900,-0.04,,,,,,,,
,,,,,,,,,,,,,,,,,,,,,,,,,,267.950,-0.04,,,,,,,,
,,,,,,,,,,,,,,,,,,,,,,,,,,268.000,-0.03,,,,,,,,
,,,,,,,,,,,,,,,,,,,,,,,,,,268.050,-0.04,,,,,,,,
,,,,,,,,,,,,,,,,,,,,,,,,,,268.100,-0.04,,,,,,,,
,,,,,,,,,,,,,,,,,,,,,,,,,,268.150,-0.03,,,,,,,,
,,,,,,,,,,,,,,,,,,,,,,,,,,268.200,-0.03,,,,,,,,
,,,,,,,,,,,,,,,,,,,,,,,,,,268.250,-0.04,,,,,,,,
,,,,,,,,,,,,,,,,,,,,,,,,,,268.300,-0.04,,,,,,,,
,,,,,,,,,,,,,,,,,,,,,,,,,,268.350,-0.04,,,,,,,,
,,,,,,,,,,,,,,,,,,,,,,,,,,268.400,-0.03,,,,,,,,
,,,,,,,,,,,,,,,,,,,,,,,,,,268.450,-0.04,,,,,,,,
,,,,,,,,,,,,,,,,,,,,,,,,,,268.500,-0.04,,,,,,,,
,,,,,,,,,,,,,,,,,,,,,,,,,,268.550,-0.04,,,,,,,,
,,,,,,,,,,,,,,,,,,,,,,,,,,268.600,-0.04,,,,,,,,
,,,,,,,,,,,,,,,,,,,,,,,,,,268.650,-0.04,,,,,,,,
,,,,,,,,,,,,,,,,,,,,,,,,,,268.700,-0.04,,,,,,,,
,,,,,,,,,,,,,,,,,,,,,,,,,,268.750,-0.05,,,,,,,,
,,,,,,,,,,,,,,,,,,,,,,,,,,268.800,-0.04,,,,,,,,
,,,,,,,,,,,,,,,,,,,,,,,,,,268.850,-0.04,,,,,,,,
,,,,,,,,,,,,,,,,,,,,,,,,,,268.900,-0.04,,,,,,,,
,,,,,,,,,,,,,,,,,,,,,,,,,,268.950,-0.04,,,,,,,,
