"Time (s) Run #12","Force (N) Run #12","Time (s) Run #13","Force (N) Run #13","Time (s) Run #14","Force (N) Run #14","Time (s) Run #15","Force (N) Run #15","Time (s) Run #16","Force (N) Run #16","Time (s) Run #17","Force (N) Run #17","Time (s) Run #18","Force (N) Run #18","Time (s) Run #19","Force (N) Run #19","Time (s) Run #20","Force (N) Run #20","Time (s) Run #21","Force (N) Run #21"
0.000,0.02,0.000,-0.01,0.000,0.01,0.000,-0.01,0.000,0.01,0.000,0.00,0.000,-0.01,0.000,0.00,0.000,0.01,0.000,0.00
0.050,0.03,0.050,-0.02,0.050,0.01,0.050,-0.01,0.050,0.01,0.050,0.01,0.050,-0.01,0.050,-0.01,0.050,0.00,0.050,0.00
0.100,0.03,0.100,-0.01,0.100,0.00,0.100,-0.01,0.100,0.02,0.100,0.02,0.100,-0.01,0.100,0.00,0.100,0.00,0.100,0.00
0.150,0.02,0.150,-0.03,0.150,-0.01,0.150,-0.01,0.150,0.01,0.150,0.00,0.150,0.00,0.150,-0.01,0.150,0.00,0.150,0.01
0.200,0.03,0.200,-0.02,0.200,0.00,0.200,-0.01,0.200,0.00,0.200,0.01,0.200,0.00,0.200,-0.01,0.200,0.00,0.200,0.01
0.250,0.02,0.250,-0.01,0.250,0.01,0.250,-0.01,0.250,0.00,0.250,0.01,0.250,0.01,0.250,-0.01,0.250,0.01,0.250,0.00
0.300,0.01,0.300,-0.01,0.300,0.01,0.300,0.00,0.300,-0.01,0.300,0.01,0.300,-0.01,0.300,-0.01,0.300,0.00,0.300,0.01
0.350,0.02,0.350,-0.01,0.350,0.01,0.350,0.00,0.350,-0.01,0.350,0.00,0.350,-0.01,0.350,-0.01,0.350,0.00,0.350,0.01
0.400,0.02,0.400,-0.01,0.400,0.01,0.400,0.00,0.400,-0.01,0.400,0.00,0.400,0.00,0.400,-0.01,0.400,0.00,0.400,0.01
0.450,0.00,0.450,0.00,0.450,0.00,0.450,-0.01,0.450,0.00,0.450,0.00,0.450,0.00,0.450,-0.01,0.450,0.00,0.450,0.01
0.500,0.00,0.500,0.00,0.500,0.00,0.500,0.00,0.500,0.00,0.500,0.01,0.500,-0.01,0.500,-0.01,0.500,-0.01,0.500,0.00
0.550,-0.01,0.550,-0.01,0.550,-0.01,0.550,0.01,0.550,0.00,0.550,0.01,0.550,0.00,0.550,-0.01,0.550,-0.01,0.550,0.00
0.600,-0.01,0.600,-0.01,0.600,-0.01,0.600,-0.01,0.600,0.01,0.600,0.00,0.600,0.01,0.600,-0.02,0.600,-0.01,0.600,0.00
0.650,-0.01,0.650,-0.01,0.650,0.00,0.650,0.00,0.650,0.01,0.650,0.01,0.650,-0.01,0.650,-0.01,0.650,0.00,0.650,0.01
0.700,-0.02,0.700,-0.02,0.700,-0.01,0.700,-0.01,0.700,0.01,0.700,0.01,0.700,0.00,0.700,-0.02,0.700,0.01,0.700,0.01
0.750,-0.01,0.750,-0.01,0.750,0.01,0.750,-0.01,0.750,0.00,0.750,0.01,0.750,-0.01,0.750,-0.01,0.750,0.00,0.750,0.00
0.800,-0.02,0.800,-0.01,0.800,0.00,0.800,-0.01,0.800,-0.01,0.800,0.02,0.800,0.01,0.800,-0.01,0.800,0.00,0.800,0.00
0.850,-0.02,0.850,-0.01,0.850,0.01,0.850,-0.01,0.850,-0.01,0.850,0.02,0.850,0.00,0.850,-0.01,0.850,0.01,0.850,0.00
0.900,-0.02,0.900,0.00,0.900,0.01,0.900,-0.01,0.900,0.00,0.900,0.02,0.900,-0.01,0.900,-0.02,0.900,0.00,0.900,0.00
0.950,-0.01,0.950,-0.01,0.950,0.00,0.950,-0.01,0.950,-0.02,0.950,0.01,0.950,0.00,0.950,-0.01,0.950,0.00,0.950,0.00
1.000,0.00,1.000,-0.01,1.000,0.01,1.000,-0.01,1.000,-0.02,1.000,0.01,1.000,-0.01,1.000,-0.01,1.000,0.01,1.000,0.00
1.050,-0.01,1.050,0.00,1.050,0.01,1.050,0.00,1.050,-0.01,1.050,0.00,1.050,0.00,1.050,-0.01,1.050,0.00,1.050,0.00
1.100,-0.01,1.100,-0.01,1.100,0.01,1.100,-0.01,1.100,0.00,1.100,0.01,1.100,-0.01,1.100,-0.01,1.100,0.01,1.100,0.01
1.150,-0.02,1.150,-0.01,1.150,0.01,1.150,-0.01,1.150,-0.01,1.150,0.01,1.150,-0.01,1.150,0.00,1.150,0.00,1.150,0.01
1.200,-0.01,1.200,-0.01,1.200,0.01,1.200,-0.02,1.200,-0.01,1.200,0.01,1.200,0.00,1.200,-0.02,1.200,0.01,1.200,0.00
1.250,-0.02,1.250,-0.01,1.250,0.00,1.250,-0.01,1.250,-0.01,1.250,0.01,1.250,0.00,1.250,-0.01,1.250,0.00,1.250,-0.01
1.300,-0.02,1.300,-0.01,1.300,0.00,1.300,-0.02,1.300,-0.01,1.300,0.01,1.300,-0.01,1.300,-0.01,1.300,0.00,1.300,0.00
1.350,-0.02,1.350,0.00,1.350,-0.01,1.350,0.00,1.350,-0.01,1.350,0.00,1.350,0.00,1.350,-0.01,1.350,0.01,1.350,-0.01
1.400,-0.02,1.400,-0.01,1.400,-0.01,1.400,0.00,1.400,-0.01,1.400,0.01,1.400,0.00,1.400,-0.02,1.400,0.00,1.400,0.00
1.450,-0.02,1.450,-0.01,1.450,-0.01,1.450,0.00,1.450,0.00,1.450,0.01,1.450,0.00,1.450,-0.01,1.450,0.00,1.450,0.00
1.500,-0.02,1.500,-0.01,1.500,-0.01,1.500,0.00,1.500,-0.01,1.500,0.02,1.500,0.00,1.500,-0.01,1.500,0.00,1.500,0.00
1.550,-0.03,1.550,-0.01,1.550,-0.01,1.550,-0.01,1.550,-0.02,1.550,0.02,1.550,0.01,1.550,-0.01,1.550,-0.01,1.550,-0.01
1.600,-0.01,1.600,0.00,1.600,0.01,1.600,0.00,1.600,-0.01,1.600,0.01,1.600,0.01,1.600,-0.01,1.600,0.00,1.600,-0.01
1.650,-0.02,1.650,-0.01,1.650,0.01,1.650,-0.01,1.650,0.00,1.650,0.02,1.650,0.01,1.650,-0.02,1.650,0.00,1.650,0.00
1.700,-0.02,1.700,-0.01,1.700,0.00,1.700,-0.01,1.700,-0.01,1.700,0.01,1.700,0.00,1.700,-0.01,1.700,0.00,1.700,0.00
1.750,-0.02,1.750,-0.01,1.750,-0.01,1.750,-0.01,1.750,0.00,1.750,0.01,1.750,0.00,1.750,-0.02,1.750,0.01,1.750,-0.01
1.800,-0.02,1.800,-0.02,1.800,0.00,1.800,-0.01,1.800,-0.01,1.800,0.01,1.800,-0.01,1.800,-0.02,1.800,0.01,1.800,0.01
1.850,-0.02,1.850,-0.01,1.850,-0.01,1.850,-0.02,1.850,0.01,1.850,0.01,1.850,0.01,1.850,-2.78E-17,1.850,0.00,1.850,0.01
1.900,-0.02,1.900,-0.01,1.900,-0.02,1.900,-0.02,1.900,0.00,1.900,0.01,1.900,0.01,1.900,-0.01,1.900,0.00,1.900,0.00
1.950,-0.02,1.950,0.00,1.950,-0.01,1.950,-0.02,1.950,0.00,1.950,0.01,1.950,0.00,1.950,-0.01,1.950,-0.01,1.950,0.00
2.000,-0.02,2.000,-0.01,2.000,-0.01,2.000,-0.01,2.000,0.00,2.000,0.01,2.000,-0.01,2.000,-0.01,2.000,0.00,2.000,0.01
2.050,-0.02,2.050,-0.01,2.050,-0.01,2.050,-0.01,2.050,0.01,2.050,0.01,2.050,0.00,2.050,-0.01,2.050,0.00,2.050,0.00
2.100,-0.02,2.100,-0.01,2.100,-0.01,2.100,-0.01,2.100,0.01,2.100,0.01,2.100,0.00,2.100,-0.02,2.100,0.00,2.100,0.01
2.150,-0.02,2.150,-0.01,2.150,-0.01,2.150,-0.02,2.150,0.00,2.150,0.01,2.150,0.01,2.150,-0.01,2.150,-0.01,2.150,-0.01
2.200,-0.02,2.200,0.00,2.200,0.00,2.200,-0.02,2.200,-0.01,2.200,0.00,2.200,-0.01,2.200,-0.01,2.200,-0.01,2.200,0.00
2.250,-0.02,2.250,-0.02,2.250,0.00,2.250,-0.03,2.250,0.00,2.250,0.01,2.250,0.01,2.250,-0.01,2.250,-0.01,2.250,0.01
2.300,-0.02,2.300,-0.01,2.300,0.00,2.300,-0.02,2.300,0.00,2.300,0.01,2.300,-0.01,2.300,-0.01,2.300,0.00,2.300,0.00
2.350,-0.03,2.350,-0.01,2.350,-0.01,2.350,-0.02,2.350,0.00,2.350,0.02,2.350,-0.01,2.350,-0.01,2.350,0.00,2.350,0.00
2.400,-0.03,2.400,-0.01,2.400,0.00,2.400,-0.02,2.400,0.00,2.400,0.01,2.400,0.00,2.400,0.00,2.400,0.01,2.400,0.01
2.450,-0.02,2.450,-0.01,2.450,0.00,2.450,-0.02,2.450,-0.01,2.450,0.01,2.450,0.01,2.450,-0.01,2.450,0.00,2.450,0.00
2.500,-0.02,2.500,-0.02,2.500,0.01,2.500,-0.02,2.500,0.00,2.500,0.01,2.500,-0.01,2.500,-0.01,2.500,-0.01,2.500,0.01
2.550,-0.02,2.550,-0.02,2.550,0.02,2.550,-0.02,2.550,0.01,2.550,0.02,2.550,0.00,2.550,-0.01,2.550,0.00,2.550,0.02
2.600,-0.02,2.600,-0.02,2.600,0.02,2.600,-0.03,2.600,0.01,2.600,0.02,2.600,0.01,2.600,0.00,2.600,0.01,2.600,0.01
2.650,-0.01,2.650,-0.01,2.650,0.02,2.650,-0.03,2.650,0.00,2.650,0.01,2.650,-0.01,2.650,-0.01,2.650,0.01,2.650,0.00
2.700,-0.01,2.700,-0.02,2.700,0.01,2.700,-0.02,2.700,0.00,2.700,0.01,2.700,0.00,2.700,-0.01,2.700,0.01,2.700,0.01
2.750,-0.01,2.750,-0.01,2.750,0.02,2.750,-0.01,2.750,0.01,2.750,0.02,2.750,0.00,2.750,-0.01,2.750,0.02,2.750,0.01
2.800,-0.03,2.800,-0.02,2.800,0.02,2.800,-0.01,2.800,0.00,2.800,0.01,2.800,0.00,2.800,-0.02,2.800,0.01,2.800,0.02
2.850,-0.02,2.850,-0.02,2.850,0.02,2.850,-0.01,2.850,0.00,2.850,0.01,2.850,0.00,2.850,-0.02,2.850,0.01,2.850,0.01
2.900,-0.01,2.900,-0.02,2.900,0.03,2.900,-0.02,2.900,-0.01,2.900,0.01,2.900,0.00,2.900,-0.02,2.900,0.01,2.900,0.01
2.950,-0.02,2.950,-0.01,2.950,0.02,2.950,-0.01,2.950,0.00,2.950,0.01,2.950,0.01,2.950,-0.01,2.950,0.01,2.950,0.00
3.000,-0.02,3.000,-0.01,3.000,0.03,3.000,-0.02,3.000,0.00,3.000,0.01,3.000,-0.01,3.000,-0.01,3.000,0.00,3.000,0.01
3.050,-0.01,3.050,-0.02,3.050,0.02,3.050,-0.02,3.050,0.00,3.050,0.00,3.050,0.00,3.050,0.00,3.050,0.00,3.050,0.01
3.100,-0.01,3.100,-0.01,3.100,0.02,3.100,-0.03,3.100,0.01,3.100,0.01,3.100,0.00,3.100,-0.01,3.100,-0.01,3.100,0.00
3.150,0.00,3.150,0.00,3.150,0.02,3.150,-0.02,3.150,0.00,3.150,0.01,3.150,0.01,3.150,0.00,3.150,0.00,3.150,0.01
3.200,-0.02,3.200,0.01,3.200,0.02,3.200,-0.02,3.200,0.00,3.200,0.01,3.200,0.01,3.200,-0.01,3.200,0.00,3.200,0.01
3.250,-0.01,3.250,0.00,3.250,0.02,3.250,-0.02,3.250,0.00,3.250,0.00,3.250,0.00,3.250,0.01,3.250,0.00,3.250,0.00
3.300,-0.02,3.300,0.00,3.300,0.02,3.300,-0.01,3.300,-0.01,3.300,0.01,3.300,0.01,3.300,-2.78E-17,3.300,-0.01,3.300,0.00
3.350,-0.02,3.350,0.01,3.350,0.02,3.350,-0.01,3.350,0.00,3.350,0.01,3.350,0.00,3.350,0.00,3.350,-0.02,3.350,0.00
3.400,-0.01,3.400,0.01,3.400,0.02,3.400,0.00,3.400,0.00,3.400,0.01,3.400,0.00,3.400,-0.01,3.400,-0.01,3.400,0.01
3.450,-0.01,3.450,0.00,3.450,0.01,3.450,-0.01,3.450,0.01,3.450,0.01,3.450,0.00,3.450,-0.01,3.450,-0.01,3.450,0.01
3.500,-0.01,3.500,0.01,3.500,0.01,3.500,-0.01,3.500,0.00,3.500,0.02,3.500,0.00,3.500,-0.01,3.500,-0.01,3.500,0.00
3.550,-0.02,3.550,0.01,3.550,0.02,3.550,-0.01,3.550,0.00,3.550,0.00,3.550,0.01,3.550,-0.01,3.550,0.00,3.550,0.00
3.600,-0.02,3.600,0.00,3.600,0.01,3.600,-0.01,3.600,-0.01,3.600,0.01,3.600,0.00,3.600,-0.01,3.600,-0.01,3.600,-0.01
3.650,-0.02,3.650,-0.01,3.650,0.02,3.650,-0.01,3.650,0.01,3.650,0.00,3.650,0.00,3.650,-0.01,3.650,0.00,3.650,0.01
3.700,-0.02,3.700,-0.01,3.700,0.02,3.700,-0.01,3.700,0.01,3.700,0.01,3.700,0.00,3.700,-0.01,3.700,0.00,3.700,0.01
3.750,-0.03,3.750,0.01,3.750,0.01,3.750,-0.01,3.750,0.01,3.750,0.01,3.750,0.00,3.750,-0.01,3.750,0.00,3.750,0.01
3.800,-0.03,3.800,0.01,3.800,0.01,3.800,-0.02,3.800,0.01,3.800,0.01,3.800,0.00,3.800,-0.01,3.800,0.00,3.800,0.00
3.850,-0.03,3.850,0.01,3.850,0.01,3.850,-0.02,3.850,0.02,3.850,0.00,3.850,0.00,3.850,-0.01,3.850,0.00,3.850,0.00
3.900,-0.03,3.900,0.00,3.900,0.02,3.900,-0.02,3.900,0.01,3.900,0.01,3.900,0.00,3.900,0.00,3.900,0.01,3.900,-0.01
3.950,-0.03,3.950,-0.02,3.950,0.02,3.950,-0.01,3.950,0.00,3.950,0.01,3.950,0.00,3.950,-0.02,3.950,0.00,3.950,0.00
4.000,-0.03,4.000,-0.01,4.000,0.02,4.000,-0.02,4.000,0.01,4.000,0.01,4.000,0.00,4.000,-0.01,4.000,-0.01,4.000,0.00
4.050,-0.04,4.050,0.00,4.050,0.02,4.050,-0.01,4.050,0.01,4.050,0.00,4.050,0.00,4.050,-0.02,4.050,0.00,4.050,-0.01
4.100,-0.02,4.100,-0.02,4.100,0.03,4.100,-0.02,4.100,0.02,4.100,0.01,4.100,-0.01,4.100,-0.01,4.100,0.00,4.100,0.00
4.150,-0.01,4.150,-0.01,4.150,0.01,4.150,-0.02,4.150,0.01,4.150,0.01,4.150,0.01,4.150,-0.01,4.150,-0.02,4.150,0.00
4.200,-0.01,4.200,-0.01,4.200,0.02,4.200,-0.01,4.200,0.01,4.200,0.02,4.200,0.00,4.200,-0.01,4.200,-0.01,4.200,0.00
4.250,-0.02,4.250,-0.01,4.250,0.02,4.250,-0.02,4.250,0.00,4.250,0.02,4.250,-0.01,4.250,-0.01,4.250,0.00,4.250,0.00
4.300,-0.02,4.300,-0.01,4.300,0.02,4.300,-0.01,4.300,-0.01,4.300,0.01,4.300,-0.01,4.300,-2.78E-17,4.300,0.00,4.300,-0.01
4.350,-0.03,4.350,-0.01,4.350,0.01,4.350,-0.01,4.350,0.00,4.350,0.02,4.350,-0.01,4.350,-0.01,4.350,-0.01,4.350,0.00
4.400,-0.03,4.400,-0.01,4.400,0.01,4.400,-0.03,4.400,0.00,4.400,0.02,4.400,-0.01,4.400,0.00,4.400,-0.02,4.400,0.01
4.450,-0.02,4.450,0.00,4.450,0.02,4.450,-0.02,4.450,-0.01,4.450,0.01,4.450,-0.01,4.450,-0.01,4.450,-0.02,4.450,0.00
4.500,-0.02,4.500,0.01,4.500,0.02,4.500,-0.01,4.500,-0.01,4.500,0.02,4.500,-0.01,4.500,-0.01,4.500,-0.02,4.500,0.01
4.550,-0.02,4.550,0.00,4.550,0.01,4.550,-0.02,4.550,-0.01,4.550,0.01,4.550,0.01,4.550,-0.01,4.550,-0.02,4.550,0.01
4.600,-0.02,4.600,-0.01,4.600,0.01,4.600,-0.02,4.600,-0.01,4.600,0.01,4.600,-0.01,4.600,-0.01,4.600,-0.01,4.600,-0.01
4.650,-0.02,4.650,-0.01,4.650,0.01,4.650,-0.01,4.650,-0.01,4.650,0.01,4.650,-0.01,4.650,-0.01,4.650,-0.02,4.650,0.00
4.700,-0.03,4.700,0.00,4.700,0.01,4.700,-0.02,4.700,-0.02,4.700,0.01,4.700,-0.01,4.700,0.00,4.700,-0.01,4.700,0.01
4.750,-0.03,4.750,-0.01,4.750,0.01,4.750,-0.01,4.750,-0.02,4.750,0.02,4.750,-0.01,4.750,-0.01,4.750,-0.01,4.750,0.00
4.800,-0.02,4.800,0.01,4.800,0.01,4.800,-0.01,4.800,-0.02,4.800,0.01,4.800,-0.01,4.800,-0.01,4.800,0.00,4.800,-0.02
4.850,-0.02,4.850,0.00,4.850,0.01,4.850,-0.02,4.850,-0.02,4.850,0.01,4.850,0.00,4.850,-0.01,4.850,-0.01,4.850,-0.01
4.900,-0.02,4.900,0.00,4.900,0.01,4.900,-0.01,4.900,-0.02,4.900,0.02,4.900,0.00,4.900,-0.02,4.900,-0.01,4.900,0.00
4.950,-0.02,4.950,0.00,4.950,0.02,4.950,-0.02,4.950,-0.03,4.950,0.01,4.950,-0.01,4.950,-0.01,4.950,0.00,4.950,0.00
5.000,-0.01,5.000,-0.01,5.000,0.02,5.000,-0.01,5.000,-0.02,5.000,0.02,5.000,-0.01,5.000,-0.01,5.000,0.00,5.000,0.00
5.050,-0.03,5.050,-0.02,5.050,0.02,5.050,-0.02,5.050,-0.02,5.050,0.01,5.050,0.00,5.050,-0.01,5.050,-0.01,5.050,-0.01
5.100,-0.03,5.100,-0.02,5.100,0.02,5.100,-0.02,5.100,-0.02,5.100,0.01,5.100,0.01,5.100,-0.01,5.100,-0.01,5.100,0.00
5.150,-0.03,5.150,-0.02,5.150,0.01,5.150,-0.01,5.150,-0.01,5.150,0.01,5.150,0.01,5.150,0.00,5.150,-0.01,5.150,-0.01
5.200,-0.02,5.200,-0.01,5.200,0.02,5.200,-0.01,5.200,-0.02,5.200,0.01,5.200,0.01,5.200,-0.01,5.200,-0.01,5.200,0.00
5.250,-0.02,5.250,0.00,5.250,0.01,5.250,-0.01,5.250,-0.01,5.250,0.01,5.250,0.00,5.250,-0.01,5.250,-0.02,5.250,-0.01
5.300,-0.02,5.300,-0.01,5.300,0.01,5.300,-0.02,5.300,-0.01,5.300,0.01,5.300,0.00,5.300,-0.01,5.300,-0.01,5.300,-0.01
5.350,-0.03,5.350,-0.01,5.350,0.01,5.350,-0.01,5.350,0.00,5.350,0.00,5.350,0.00,5.350,-0.01,5.350,0.00,5.350,-0.01
5.400,-0.02,5.400,-0.01,5.400,0.00,5.400,-0.01,5.400,0.00,5.400,0.00,5.400,0.01,5.400,-0.01,5.400,0.00,5.400,-0.01
5.450,-0.02,5.450,-0.02,5.450,0.01,5.450,-0.01,5.450,0.00,5.450,0.00,5.450,0.00,5.450,-0.02,5.450,-0.01,5.450,-0.01
5.500,-0.02,5.500,-0.02,5.500,0.01,5.500,-0.01,5.500,0.00,5.500,0.00,5.500,-0.01,5.500,-0.01,5.500,-0.01,5.500,-0.01
5.550,-0.03,5.550,0.00,5.550,0.02,5.550,-0.01,5.550,-0.01,5.550,0.01,5.550,-0.01,5.550,-0.02,5.550,0.00,5.550,0.00
5.600,-0.03,5.600,0.00,5.600,0.01,5.600,-0.01,5.600,-0.01,5.600,0.01,5.600,0.00,5.600,-0.02,5.600,-0.01,5.600,0.00
5.650,-0.02,5.650,0.00,5.650,0.01,5.650,-0.01,5.650,-0.02,5.650,0.00,5.650,-0.01,5.650,0.00,5.650,0.00,5.650,-0.01
5.700,-0.02,5.700,0.00,5.700,0.01,5.700,-0.02,5.700,-0.01,5.700,0.01,5.700,0.00,5.700,-0.01,5.700,0.00,5.700,0.00
5.750,-0.02,5.750,-0.01,5.750,0.01,5.750,-0.01,5.750,-0.01,5.750,0.00,5.750,0.01,5.750,-0.01,5.750,-0.01,5.750,0.00
5.800,-0.02,5.800,0.00,5.800,0.02,5.800,-0.01,5.800,-0.01,5.800,0.00,5.800,0.01,5.800,0.00,5.800,0.00,5.800,0.00
5.850,-0.02,5.850,0.00,5.850,0.02,5.850,-0.01,5.850,0.00,5.850,0.01,5.850,0.00,5.850,0.00,5.850,-0.01,5.850,0.00
5.900,-0.01,5.900,0.00,5.900,0.02,5.900,-0.02,5.900,-0.01,5.900,0.01,5.900,0.00,5.900,-0.01,5.900,-0.01,5.900,0.00
5.950,-0.02,5.950,0.01,5.950,0.02,5.950,-0.01,5.950,-0.01,5.950,0.00,5.950,0.00,5.950,-2.78E-17,5.950,-0.01,5.950,0.00
6.000,-0.02,6.000,0.01,6.000,0.04,6.000,-0.01,6.000,-0.02,6.000,0.01,6.000,0.01,6.000,0.00,6.000,-0.01,6.000,0.01
6.050,-0.02,6.050,0.02,6.050,0.04,6.050,-0.02,6.050,-0.01,6.050,0.01,6.050,0.01,6.050,-0.01,6.050,-0.01,6.050,0.01
6.100,-0.01,6.100,0.01,6.100,0.04,6.100,-0.01,6.100,-0.01,6.100,0.00,6.100,0.02,6.100,0.01,6.100,-0.01,6.100,0.02
6.150,-0.02,6.150,0.02,6.150,0.04,6.150,-0.01,6.150,-0.01,6.150,0.00,6.150,0.01,6.150,0.01,6.150,0.00,6.150,0.02
6.200,-0.02,6.200,0.02,6.200,0.05,6.200,-0.02,6.200,-0.01,6.200,0.01,6.200,0.01,6.200,0.00,6.200,0.00,6.200,0.02
6.250,-0.01,6.250,0.02,6.250,0.07,6.250,-0.01,6.250,-0.01,6.250,0.02,6.250,0.01,6.250,0.01,6.250,0.01,6.250,0.03
6.300,0.00,6.300,0.02,6.300,0.10,6.300,0.00,6.300,-0.01,6.300,0.01,6.300,0.02,6.300,0.01,6.300,0.00,6.300,0.03
6.350,-0.01,6.350,0.03,6.350,0.14,6.350,-0.01,6.350,-0.01,6.350,0.00,6.350,0.02,6.350,0.01,6.350,0.00,6.350,0.05
6.400,0.01,6.400,0.03,6.400,0.25,6.400,0.00,6.400,0.00,6.400,0.01,6.400,0.03,6.400,0.01,6.400,0.00,6.400,0.05
6.450,0.01,6.450,0.04,6.450,0.48,6.450,0.00,6.450,-0.01,6.450,0.01,6.450,0.04,6.450,0.01,6.450,0.01,6.450,0.06
6.500,0.02,6.500,0.04,6.500,0.93,6.500,-0.01,6.500,-0.02,6.500,0.01,6.500,0.05,6.500,0.02,6.500,0.01,6.500,0.06
6.550,0.02,6.550,0.05,6.550,0.36,6.550,-0.02,6.550,-0.02,6.550,0.01,6.550,0.06,6.550,0.02,6.550,0.00,6.550,0.07
6.600,0.05,6.600,0.06,6.600,0.05,6.600,-0.01,6.600,0.00,6.600,0.01,6.600,0.09,6.600,0.02,6.600,0.01,6.600,0.06
6.650,0.14,6.650,0.09,6.650,0.01,6.650,0.00,6.650,-0.01,6.650,0.02,6.650,0.13,6.650,0.01,6.650,0.00,6.650,0.08
6.700,0.39,6.700,0.11,6.700,-0.02,6.700,0.00,6.700,-0.02,6.700,0.01,6.700,0.25,6.700,0.03,6.700,0.00,6.700,0.08
6.750,0.80,6.750,0.18,6.750,0.00,6.750,0.00,6.750,-0.02,6.750,0.01,6.750,0.66,6.750,0.01,6.750,0.01,6.750,0.11
6.800,1.21,6.800,0.38,6.800,-0.01,6.800,-0.01,6.800,-0.01,6.800,0.01,6.800,1.38,6.800,0.02,6.800,0.01,6.800,0.15
6.850,1.35,6.850,0.83,6.850,0.00,6.850,-0.01,6.850,-0.02,6.850,0.01,6.850,1.55,6.850,0.01,6.850,0.01,6.850,0.30
6.900,1.37,6.900,1.21,6.900,-0.01,6.900,0.00,6.900,-0.02,6.900,0.00,6.900,0.06,6.900,0.02,6.900,0.02,6.900,0.24
6.950,1.44,6.950,1.62,6.950,-0.01,6.950,-0.01,6.950,-0.01,6.950,0.01,6.950,0.00,6.950,0.02,6.950,0.02,6.950,0.06
7.000,1.50,7.000,1.69,7.000,0.00,7.000,-0.01,7.000,-0.01,7.000,0.03,7.000,-0.04,7.000,0.02,7.000,0.02,7.000,0.02
7.050,1.69,7.050,1.72,7.050,-0.02,7.050,-0.02,7.050,-0.01,7.050,0.02,7.050,-0.03,7.050,0.01,7.050,0.03,7.050,-0.01
7.100,1.73,7.100,1.72,7.100,-0.01,7.100,-0.01,7.100,-0.01,7.100,0.03,7.100,-0.02,7.100,0.02,7.100,0.02,7.100,0.00
7.150,1.92,7.150,1.73,7.150,-0.01,7.150,-0.01,7.150,0.00,7.150,0.03,7.150,-0.02,7.150,0.03,7.150,0.02,7.150,0.00
7.200,1.98,7.200,1.35,7.200,-0.01,7.200,-0.02,7.200,0.00,7.200,0.05,7.200,-0.02,7.200,0.03,7.200,0.02,7.200,-0.01
7.250,2.03,7.250,0.07,7.250,-0.01,7.250,-0.02,7.250,-0.01,7.250,0.05,7.250,-0.01,7.250,0.02,7.250,0.03,7.250,-0.01
7.300,2.03,7.300,0.03,7.300,-0.01,7.300,-0.01,7.300,0.00,7.300,0.06,7.300,-0.02,7.300,0.03,7.300,0.03,7.300,-0.02
7.350,2.05,7.350,-0.02,7.350,-0.01,7.350,-0.01,7.350,-0.01,7.350,0.06,7.350,-0.01,7.350,0.03,7.350,0.02,7.350,-0.02
7.400,2.24,7.400,-0.02,7.400,-0.02,7.400,-0.01,7.400,0.00,7.400,0.08,7.400,-0.02,7.400,0.02,7.400,0.03,7.400,-0.01
7.450,2.21,7.450,-0.02,7.450,0.00,7.450,0.00,7.450,-0.02,7.450,0.11,7.450,-0.01,7.450,0.03,7.450,0.04,7.450,0.00
7.500,2.22,7.500,-0.01,7.500,0.02,7.500,0.02,7.500,-0.01,7.500,0.11,7.500,-0.02,7.500,0.02,7.500,0.04,7.500,-0.01
7.550,2.28,7.550,-0.01,7.550,0.01,7.550,0.04,7.550,-0.02,7.550,0.13,7.550,-0.02,7.550,0.02,7.550,0.04,7.550,0.00
7.600,1.75,7.600,-0.03,7.600,0.03,7.600,0.15,7.600,0.00,7.600,0.25,7.600,0.00,7.600,0.02,7.600,0.05,7.600,0.01
7.650,0.04,7.650,-0.02,7.650,0.03,7.650,0.39,7.650,0.00,7.650,0.47,7.650,-0.01,7.650,0.01,7.650,0.06,7.650,0.00
7.700,0.00,7.700,-0.02,7.700,0.04,7.700,0.01,7.700,-0.01,7.700,0.93,7.700,-0.02,7.700,0.03,7.700,0.06,7.700,0.00
7.750,-0.05,7.750,-0.02,7.750,0.04,7.750,-0.04,7.750,-0.01,7.750,1.30,7.750,-0.01,7.750,0.02,7.750,0.06,7.750,0.00
7.800,-0.04,7.800,-0.02,7.800,0.03,7.800,-0.06,7.800,0.00,7.800,1.50,7.800,-0.01,7.800,0.02,7.800,0.07,7.800,0.01
7.850,-0.04,7.850,-0.02,7.850,0.03,7.850,-0.04,7.850,-0.01,7.850,1.57,7.850,-0.02,7.850,0.02,7.850,0.07,7.850,0.00
7.900,-0.04,7.900,-0.02,7.900,0.03,7.900,-0.05,7.900,-0.01,7.900,1.74,7.900,-0.02,7.900,0.02,7.900,0.08,7.900,0.01
7.950,-0.04,7.950,-0.03,7.950,0.02,7.950,-0.05,7.950,-0.01,7.950,1.88,7.950,-0.02,7.950,0.01,7.950,0.09,7.950,0.00
8.000,-0.03,8.000,-0.03,8.000,0.01,8.000,-0.05,8.000,0.00,8.000,1.95,8.000,0.00,8.000,0.01,8.000,0.07,8.000,0.00
8.050,-0.04,8.050,-0.02,8.050,0.02,8.050,-0.05,8.050,0.00,8.050,2.07,8.050,0.00,8.050,0.02,8.050,0.09,8.050,0.00
8.100,-0.04,8.100,-0.02,8.100,0.02,8.100,-0.04,8.100,0.00,8.100,2.12,8.100,0.00,8.100,0.02,8.100,0.10,8.100,0.00
8.150,-0.04,8.150,-0.02,8.150,0.02,8.150,-0.06,8.150,0.01,8.150,2.18,8.150,0.01,8.150,0.02,8.150,0.11,8.150,-0.01
8.200,-0.04,8.200,-0.02,8.200,0.01,8.200,-0.06,8.200,0.01,8.200,2.32,8.200,0.00,8.200,0.02,8.200,0.15,8.200,-0.01
8.250,-0.05,8.250,-0.02,8.250,0.01,8.250,-0.06,8.250,0.01,8.250,1.95,8.250,0.01,8.250,0.02,8.250,0.19,8.250,0.00
8.300,-0.04,8.300,-0.01,8.300,0.00,8.300,-0.05,8.300,0.02,8.300,0.05,8.300,0.01,8.300,0.02,8.300,0.26,8.300,0.00
8.350,-0.05,8.350,-0.01,8.350,0.00,8.350,-0.05,8.350,0.01,8.350,-0.01,8.350,0.01,8.350,0.01,8.350,0.34,8.350,0.00
8.400,-0.05,8.400,0.00,8.400,0.00,8.400,-0.04,8.400,0.01,8.400,-0.03,8.400,0.00,8.400,0.02,8.400,0.49,8.400,0.01
8.450,-0.04,8.450,-0.01,8.450,0.01,8.450,-0.04,8.450,0.01,8.450,-0.03,8.450,0.00,8.450,0.01,8.450,0.51,8.450,0.01
8.500,-0.05,8.500,0.00,8.500,0.00,8.500,-0.04,8.500,0.02,8.500,0.00,8.500,0.00,8.500,0.01,8.500,0.18,8.500,0.00
8.550,-0.04,8.550,-0.01,8.550,0.00,8.550,-0.05,8.550,0.02,8.550,-0.01,8.550,0.00,8.550,0.01,8.550,0.05,8.550,0.00
8.600,-0.04,8.600,-0.01,8.600,0.00,8.600,-0.04,8.600,0.02,8.600,-0.01,8.600,0.00,8.600,0.00,8.600,-0.01,8.600,-0.01
8.650,-0.05,8.650,0.00,8.650,-0.01,8.650,-0.05,8.650,0.03,8.650,-0.01,8.650,0.01,8.650,0.01,8.650,-0.01,8.650,0.00
8.700,-0.04,8.700,-0.01,8.700,-0.02,8.700,-0.05,8.700,0.05,8.700,-0.01,8.700,0.00,8.700,0.01,8.700,-0.01,8.700,0.00
8.750,-0.05,8.750,0.00,8.750,-0.01,8.750,-0.04,8.750,0.07,8.750,-0.01,8.750,0.00,8.750,0.02,8.750,0.00,8.750,-0.01
8.800,-0.04,8.800,0.00,8.800,-0.01,8.800,-0.04,8.800,0.13,8.800,0.00,8.800,0.00,8.800,0.02,8.800,-0.01,8.800,-0.01
8.850,-0.03,8.850,0.00,8.850,-0.02,8.850,-0.02,8.850,0.29,8.850,-0.01,8.850,-0.01,8.850,0.02,8.850,0.00,8.850,-0.02
8.900,-0.03,8.900,0.00,8.900,-0.01,8.900,-0.03,8.900,0.14,8.900,-0.02,8.900,-0.01,8.900,0.02,8.900,-0.01,8.900,-0.02
8.950,-0.04,8.950,-0.01,8.950,0.00,8.950,-0.03,8.950,0.05,8.950,-0.01,8.950,-0.02,8.950,0.03,8.950,0.00,8.950,-0.01
9.000,-0.04,9.000,0.00,9.000,-0.01,9.000,-0.03,9.000,-0.03,9.000,-0.02,9.000,-0.01,9.000,0.03,9.000,-0.01,9.000,-0.02
9.050,-0.03,9.050,-0.02,9.050,-0.01,9.050,-0.03,9.050,-0.03,9.050,-0.01,9.050,-0.01,9.050,0.03,9.050,-0.01,9.050,-0.01
9.100,-0.03,9.100,-0.01,9.100,0.00,9.100,-0.03,9.100,-0.01,9.100,-0.02,9.100,0.00,9.100,0.04,9.100,-0.01,9.100,-0.02
9.150,-0.03,9.150,-0.01,9.150,0.00,9.150,-0.02,9.150,-0.01,9.150,-0.02,9.150,0.01,9.150,0.04,9.150,-0.02,9.150,-0.01
9.200,-0.04,9.200,-0.01,9.200,0.00,9.200,-0.02,9.200,-0.01,9.200,-0.01,9.200,0.01,9.200,0.05,9.200,-0.01,9.200,0.00
9.250,-0.05,9.250,-0.01,9.250,0.00,9.250,-0.03,9.250,-0.01,9.250,-0.02,9.250,0.00,9.250,0.06,9.250,-0.01,9.250,-0.01
9.300,-0.03,9.300,-0.01,9.300,0.00,9.300,-0.03,9.300,0.00,9.300,-0.02,9.300,0.01,9.300,0.08,9.300,-0.01,9.300,0.00
9.350,-0.04,9.350,-0.02,9.350,0.00,9.350,-0.02,9.350,-0.01,9.350,-0.02,9.350,0.00,9.350,0.15,9.350,-0.01,9.350,0.01
9.400,-0.03,9.400,-0.02,9.400,0.00,9.400,-0.03,9.400,0.00,9.400,-0.02,9.400,0.00,9.400,0.45,9.400,-0.01,9.400,0.00
9.450,-0.05,9.450,-0.03,9.450,-0.01,9.450,-0.02,9.450,-0.01,9.450,-0.02,9.450,0.01,9.450,0.52,9.450,0.00,9.450,0.00
9.500,-0.04,9.500,-0.02,9.500,-0.01,9.500,-0.02,9.500,-0.02,9.500,-0.01,9.500,0.01,9.500,0.06,9.500,0.00,9.500,-0.01
9.550,-0.04,9.550,-0.02,9.550,0.00,9.550,-0.03,9.550,-0.02,9.550,-0.02,9.550,0.01,9.550,0.02,9.550,0.00,9.550,0.00
9.600,-0.05,9.600,-0.02,9.600,-0.01,9.600,-0.02,9.600,-0.02,9.600,-0.02,9.600,0.01,9.600,-0.03,9.600,0.00,9.600,0.00
9.650,-0.05,9.650,-0.02,9.650,-0.01,9.650,-0.02,9.650,-0.01,9.650,-0.02,9.650,0.01,9.650,-0.03,9.650,0.00,9.650,-0.01
9.700,-0.04,9.700,-0.03,9.700,-0.02,9.700,-0.02,9.700,-0.02,9.700,-0.02,9.700,0.02,9.700,-0.01,9.700,0.01,9.700,-0.02
9.750,-0.04,9.750,-0.02,9.750,-0.01,9.750,-0.02,9.750,-0.01,9.750,-0.01,9.750,0.02,9.750,-0.01,9.750,0.00,9.750,-0.01
9.800,-0.04,9.800,-0.01,9.800,-0.01,9.800,-0.01,9.800,-0.01,9.800,0.00,9.800,0.03,9.800,-0.01,9.800,0.00,9.800,-0.01
9.850,-0.04,9.850,-0.01,9.850,-0.01,9.850,-0.02,9.850,-0.01,9.850,-0.01,9.850,0.03,9.850,-0.01,9.850,0.00,9.850,-0.01
9.900,-0.04,9.900,-0.02,9.900,0.00,9.900,-0.01,9.900,-0.01,9.900,-0.01,9.900,0.03,9.900,-0.02,9.900,0.00,9.900,-0.01
9.950,-0.04,9.950,-0.01,9.950,0.00,9.950,-0.01,9.950,0.00,9.950,-0.01,9.950,0.02,9.950,-0.02,9.950,0.01,9.950,-0.01
10.000,-0.04,10.000,-0.01,10.000,0.01,10.000,-0.01,10.000,-0.01,10.000,-0.01,10.000,0.03,10.000,-0.02,10.000,-0.01,10.000,-0.01
10.050,-0.03,10.050,0.00,10.050,0.01,10.050,0.00,10.050,-0.01,10.050,-0.02,10.050,0.02,10.050,-0.02,10.050,0.02,10.050,0.00
10.100,-0.05,10.100,-0.01,10.100,0.01,10.100,0.01,10.100,-0.01,10.100,-0.02,10.100,0.04,10.100,-0.01,10.100,0.02,10.100,-0.01
10.150,-0.04,10.150,-0.01,10.150,0.01,10.150,0.04,10.150,0.00,10.150,-0.02,10.150,0.04,10.150,-0.02,10.150,0.02,10.150,0.00
10.200,-0.04,10.200,0.00,10.200,0.01,10.200,0.08,10.200,0.00,10.200,-0.01,10.200,0.06,10.200,-0.01,10.200,0.01,10.200,-0.01
10.250,-0.04,10.250,0.00,10.250,0.00,10.250,0.29,10.250,0.00,10.250,-0.01,10.250,0.08,10.250,-0.01,10.250,0.02,10.250,-0.01
10.300,-0.04,10.300,0.00,10.300,0.00,10.300,0.13,10.300,0.00,10.300,-0.02,10.300,0.14,10.300,-0.01,10.300,0.02,10.300,-0.01
10.350,-0.04,10.350,0.01,10.350,-0.01,10.350,0.01,10.350,0.01,10.350,-0.01,10.350,0.31,10.350,-0.02,10.350,0.02,10.350,0.00
10.400,-0.04,10.400,0.02,10.400,0.00,10.400,-0.06,10.400,0.01,10.400,-0.02,10.400,0.99,10.400,-0.02,10.400,0.02,10.400,-0.01
10.450,-0.04,10.450,0.01,10.450,-0.01,10.450,-0.05,10.450,0.00,10.450,-0.03,10.450,1.68,10.450,-0.01,10.450,0.02,10.450,-0.02
10.500,-0.04,10.500,0.01,10.500,0.00,10.500,-0.05,10.500,0.01,10.500,-0.02,10.500,0.06,10.500,-0.01,10.500,0.02,10.500,-0.01
10.550,-0.03,10.550,0.02,10.550,0.01,10.550,-0.05,10.550,0.01,10.550,-0.01,10.550,0.02,10.550,-0.01,10.550,0.02,10.550,-0.01
10.600,-0.02,10.600,0.02,10.600,0.00,10.600,-0.05,10.600,0.02,10.600,-0.01,10.600,-0.04,10.600,-0.01,10.600,0.02,10.600,-0.02
10.650,-0.01,10.650,0.02,10.650,0.01,10.650,-0.05,10.650,0.01,10.650,-0.01,10.650,-0.02,10.650,-0.01,10.650,0.04,10.650,-0.01
10.700,-0.04,10.700,0.04,10.700,0.02,10.700,-0.05,10.700,0.01,10.700,-0.01,10.700,0.00,10.700,-0.02,10.700,0.03,10.700,-0.01
10.750,-0.03,10.750,0.03,10.750,0.02,10.750,-0.05,10.750,0.02,10.750,-0.01,10.750,0.00,10.750,-0.02,10.750,0.04,10.750,-0.01
10.800,-0.02,10.800,0.04,10.800,0.03,10.800,-0.04,10.800,0.01,10.800,-0.01,10.800,-0.01,10.800,-0.01,10.800,0.04,10.800,-0.01
10.850,-0.02,10.850,0.06,10.850,0.02,10.850,-0.05,10.850,0.00,10.850,-0.01,10.850,-0.01,10.850,-0.02,10.850,0.02,10.850,-0.01
10.900,-0.02,10.900,0.09,10.900,0.03,10.900,-0.06,10.900,0.01,10.900,-0.02,10.900,0.00,10.900,-0.01,10.900,0.02,10.900,-0.01
10.950,-0.03,10.950,0.21,10.950,0.03,10.950,-0.06,10.950,0.01,10.950,0.00,10.950,0.00,10.950,-0.01,10.950,0.03,10.950,-0.01
11.000,-0.04,11.000,0.56,11.000,0.04,11.000,-0.05,11.000,0.02,11.000,-0.01,11.000,0.00,11.000,0.01,11.000,0.03,11.000,-0.01
11.050,-0.03,11.050,1.26,11.050,0.03,11.050,-0.05,11.050,0.01,11.050,-0.01,11.050,0.00,11.050,-2.78E-17,11.050,0.03,11.050,-0.01
11.100,-0.02,11.100,1.66,11.100,0.05,11.100,-0.04,11.100,0.01,11.100,0.00,11.100,-0.01,11.100,0.01,11.100,0.03,11.100,-0.02
11.150,-0.03,11.150,1.75,11.150,0.05,11.150,-0.03,11.150,0.01,11.150,-0.01,11.150,0.00,11.150,0.03,11.150,0.03,11.150,-0.01
11.200,-0.04,11.200,0.12,11.200,0.05,11.200,-0.05,11.200,0.01,11.200,-0.01,11.200,-0.01,11.200,0.02,11.200,0.04,11.200,-0.01
11.250,-0.04,11.250,0.02,11.250,0.09,11.250,-0.05,11.250,0.02,11.250,0.00,11.250,0.00,11.250,0.01,11.250,0.05,11.250,0.00
11.300,-0.05,11.300,-0.04,11.300,0.13,11.300,-0.04,11.300,0.02,11.300,0.00,11.300,0.01,11.300,0.03,11.300,0.06,11.300,0.00
11.350,-0.04,11.350,-0.02,11.350,0.24,11.350,-0.04,11.350,0.03,11.350,0.00,11.350,0.01,11.350,0.01,11.350,0.07,11.350,-0.01
11.400,-0.03,11.400,-0.02,11.400,0.47,11.400,-0.03,11.400,0.04,11.400,0.01,11.400,0.01,11.400,0.01,11.400,0.07,11.400,0.00
11.450,-0.03,11.450,-0.03,11.450,0.79,11.450,-0.02,11.450,0.04,11.450,0.00,11.450,0.03,11.450,0.02,11.450,0.08,11.450,0.00
11.500,-0.04,11.500,-0.02,11.500,1.01,11.500,-0.02,11.500,0.05,11.500,0.00,11.500,0.04,11.500,0.02,11.500,0.10,11.500,0.00
11.550,-0.04,11.550,-0.02,11.550,0.42,11.550,-0.02,11.550,0.06,11.550,-0.01,11.550,0.03,11.550,0.01,11.550,0.09,11.550,0.00
11.600,-0.02,11.600,-0.03,11.600,0.08,11.600,-0.01,11.600,0.07,11.600,0.00,11.600,0.04,11.600,0.02,11.600,0.11,11.600,-0.01
11.650,-0.03,11.650,-0.02,11.650,-0.01,11.650,-0.01,11.650,0.08,11.650,0.00,11.650,0.03,11.650,0.01,11.650,0.14,11.650,0.00
11.700,-0.03,11.700,-0.02,11.700,0.00,11.700,-0.01,11.700,0.12,11.700,0.00,11.700,0.03,11.700,0.01,11.700,0.16,11.700,-0.01
11.750,-0.04,11.750,-0.03,11.750,0.01,11.750,0.01,11.750,0.24,11.750,0.00,11.750,0.02,11.750,0.03,11.750,0.21,11.750,0.00
11.800,-0.04,11.800,-0.03,11.800,0.01,11.800,0.01,11.800,0.18,11.800,0.00,11.800,0.03,11.800,0.04,11.800,0.26,11.800,0.00
11.850,-0.03,11.850,-0.03,11.850,0.00,11.850,-0.02,11.850,0.04,11.850,0.00,11.850,0.03,11.850,0.05,11.850,0.33,11.850,-0.01
11.900,-0.02,11.900,-0.03,11.900,0.00,11.900,0.00,11.900,-0.02,11.900,0.00,11.900,0.02,11.900,0.06,11.900,0.46,11.900,0.00
11.950,-0.01,11.950,-0.02,11.950,0.00,11.950,0.01,11.950,-0.04,11.950,-0.01,11.950,0.02,11.950,0.09,11.950,0.61,11.950,-0.01
12.000,-0.02,12.000,-0.02,12.000,0.00,12.000,0.01,12.000,-0.03,12.000,-0.01,12.000,0.03,12.000,0.13,12.000,0.29,12.000,-0.01
12.050,-0.03,12.050,-0.03,12.050,0.00,12.050,0.01,12.050,-0.02,12.050,0.00,12.050,0.02,12.050,0.24,12.050,0.07,12.050,-0.01
12.100,-0.02,12.100,-0.02,12.100,0.00,12.100,0.01,12.100,-0.02,12.100,0.01,12.100,0.02,12.100,0.46,12.100,0.04,12.100,0.00
12.150,-0.03,12.150,-0.02,12.150,-0.01,12.150,0.00,12.150,-0.02,12.150,0.01,12.150,0.02,12.150,0.75,12.150,-0.01,12.150,0.00
12.200,-0.04,12.200,-0.02,12.200,-0.01,12.200,0.00,12.200,-0.03,12.200,-0.01,12.200,0.03,12.200,0.99,12.200,-0.01,12.200,0.00
12.250,-0.04,12.250,-0.01,12.250,-0.01,12.250,0.01,12.250,-0.02,12.250,0.00,12.250,0.03,12.250,0.76,12.250,0.00,12.250,-0.01
12.300,-0.04,12.300,-0.02,12.300,-0.01,12.300,0.01,12.300,-0.03,12.300,0.02,12.300,0.02,12.300,0.24,12.300,0.00,12.300,-0.01
12.350,-0.03,12.350,-0.01,12.350,-0.01,12.350,0.00,12.350,-0.03,12.350,0.02,12.350,0.02,12.350,0.04,12.350,0.01,12.350,0.00
12.400,-0.03,12.400,-0.01,12.400,-0.01,12.400,-0.01,12.400,-0.02,12.400,0.02,12.400,0.03,12.400,0.00,12.400,0.01,12.400,0.00
12.450,-0.03,12.450,-0.01,12.450,-0.01,12.450,0.00,12.450,-0.03,12.450,0.03,12.450,0.03,12.450,-0.03,12.450,0.00,12.450,0.00
12.500,-0.04,12.500,-0.01,12.500,0.00,12.500,0.00,12.500,-0.03,12.500,0.05,12.500,0.03,12.500,-0.02,12.500,0.00,12.500,-0.01
12.550,-0.02,12.550,0.00,12.550,-0.01,12.550,0.02,12.550,-0.03,12.550,0.08,12.550,0.03,12.550,-0.02,12.550,0.01,12.550,-0.01
12.600,-0.02,12.600,0.01,12.600,-0.01,12.600,0.01,12.600,-0.03,12.600,0.09,12.600,0.02,12.600,-0.01,12.600,0.02,12.600,0.00
12.650,-0.02,12.650,0.00,12.650,-0.01,12.650,0.01,12.650,-0.02,12.650,0.18,12.650,0.03,12.650,-0.02,12.650,0.02,12.650,-0.01
12.700,-0.01,12.700,0.00,12.700,0.00,12.700,0.02,12.700,-0.04,12.700,0.25,12.700,0.04,12.700,-0.02,12.700,0.01,12.700,-0.01
12.750,0.00,12.750,-0.01,12.750,0.01,12.750,0.05,12.750,-0.02,12.750,0.34,12.750,0.05,12.750,-0.02,12.750,0.00,12.750,-0.01
12.800,-0.01,12.800,-0.01,12.800,0.00,12.800,0.06,12.800,0.00,12.800,0.59,12.800,0.05,12.800,-0.02,12.800,0.01,12.800,-0.01
12.850,-0.02,12.850,-0.02,12.850,0.01,12.850,0.12,12.850,0.00,12.850,0.98,12.850,0.04,12.850,-0.02,12.850,0.00,12.850,-0.01
12.900,-0.01,12.900,-0.03,12.900,0.02,12.900,0.23,12.900,0.01,12.900,1.38,12.900,0.06,12.900,-0.03,12.900,0.02,12.900,-0.01
12.950,0.00,12.950,-0.02,12.950,0.01,12.950,0.53,12.950,0.01,12.950,1.66,12.950,0.06,12.950,-0.03,12.950,0.01,12.950,0.00
13.000,0.00,13.000,-0.03,13.000,0.01,13.000,0.05,13.000,0.00,13.000,1.89,13.000,0.10,13.000,-0.03,13.000,0.01,13.000,0.00
13.050,-0.01,13.050,-0.04,13.050,0.01,13.050,0.02,13.050,0.01,13.050,2.11,13.050,0.11,13.050,-0.02,13.050,0.00,13.050,-0.01
13.100,-0.01,13.100,-0.03,13.100,0.01,13.100,-0.05,13.100,0.01,13.100,2.13,13.100,0.27,13.100,-0.03,13.100,0.00,13.100,0.00
13.150,-0.01,13.150,-0.02,13.150,0.01,13.150,-0.05,13.150,0.01,13.150,2.12,13.150,0.74,13.150,-0.03,13.150,0.01,13.150,0.01
13.200,-0.02,13.200,-0.02,13.200,0.00,13.200,-0.04,13.200,0.02,13.200,2.18,13.200,1.15,13.200,-0.03,13.200,0.01,13.200,0.01
13.250,0.00,13.250,-0.03,13.250,0.01,13.250,-0.04,13.250,0.02,13.250,2.19,13.250,1.56,13.250,-0.03,13.250,0.01,13.250,0.01
13.300,-0.02,13.300,-0.02,13.300,0.00,13.300,-0.04,13.300,0.01,13.300,1.93,13.300,0.07,13.300,-0.02,13.300,0.01,13.300,0.01
13.350,-0.02,13.350,-0.01,13.350,0.02,13.350,-0.04,13.350,0.01,13.350,0.05,13.350,0.05,13.350,-0.03,13.350,0.00,13.350,0.01
13.400,-0.02,13.400,-0.01,13.400,0.02,13.400,-0.05,13.400,0.02,13.400,0.00,13.400,-0.03,13.400,-0.03,13.400,0.02,13.400,0.02
13.450,-0.02,13.450,-0.01,13.450,0.01,13.450,-0.04,13.450,0.02,13.450,-0.04,13.450,-0.04,13.450,-0.02,13.450,0.02,13.450,0.02
13.500,-0.01,13.500,-0.02,13.500,0.01,13.500,-0.04,13.500,0.01,13.500,-0.04,13.500,-0.03,13.500,-0.02,13.500,0.02,13.500,0.01
13.550,-0.01,13.550,-0.03,13.550,0.00,13.550,-0.04,13.550,0.01,13.550,-0.03,13.550,-0.02,13.550,-0.02,13.550,0.02,13.550,0.02
13.600,-0.01,13.600,-0.01,13.600,0.00,13.600,-0.04,13.600,0.01,13.600,-0.02,13.600,-0.02,13.600,-0.02,13.600,0.02,13.600,0.01
13.650,0.00,13.650,-0.01,13.650,0.01,13.650,-0.04,13.650,0.01,13.650,-0.01,13.650,-0.02,13.650,-0.02,13.650,0.02,13.650,0.02
13.700,-0.01,13.700,-0.01,13.700,0.00,13.700,-0.04,13.700,0.00,13.700,-0.01,13.700,-0.02,13.700,-0.02,13.700,0.02,13.700,0.04
13.750,-0.01,13.750,0.01,13.750,0.00,13.750,-0.04,13.750,0.01,13.750,-0.02,13.750,-0.03,13.750,0.00,13.750,0.02,13.750,0.04
13.800,-0.01,13.800,-0.01,13.800,0.01,13.800,-0.04,13.800,0.01,13.800,-0.01,13.800,-0.02,13.800,0.01,13.800,0.02,13.800,0.04
13.850,-0.02,13.850,0.01,13.850,0.01,13.850,-0.04,13.850,0.01,13.850,-0.01,13.850,-0.02,13.850,0.02,13.850,0.01,13.850,0.04
13.900,-0.01,13.900,0.00,13.900,0.02,13.900,-0.05,13.900,0.02,13.900,-0.02,13.900,-0.02,13.900,0.02,13.900,0.02,13.900,0.04
13.950,0.01,13.950,0.02,13.950,0.02,13.950,-0.03,13.950,0.02,13.950,-0.01,13.950,-0.02,13.950,0.01,13.950,0.02,13.950,0.04
14.000,0.01,14.000,0.02,14.000,0.02,14.000,-0.03,14.000,0.02,14.000,-0.02,14.000,-0.02,14.000,0.01,14.000,0.03,14.000,0.04
14.050,0.01,14.050,0.02,14.050,0.02,14.050,-0.01,14.050,0.02,14.050,-0.02,14.050,-0.02,14.050,0.02,14.050,0.03,14.050,0.03
14.100,0.02,14.100,0.02,14.100,0.03,14.100,-0.01,14.100,0.02,14.100,-0.01,14.100,-0.02,14.100,0.02,14.100,0.02,14.100,0.04
14.150,0.04,14.150,0.02,14.150,0.04,14.150,-0.02,14.150,0.01,14.150,-0.01,14.150,-0.01,14.150,0.01,14.150,0.03,14.150,0.04
14.200,0.07,14.200,0.02,14.200,0.05,14.200,-0.02,14.200,0.02,14.200,-0.01,14.200,-0.01,14.200,0.01,14.200,0.03,14.200,0.04
14.250,0.16,14.250,0.03,14.250,0.05,14.250,-0.02,14.250,0.02,14.250,0.00,14.250,0.00,14.250,0.00,14.250,0.04,14.250,0.04
14.300,0.29,14.300,0.04,14.300,0.07,14.300,-0.01,14.300,0.01,14.300,-0.01,14.300,0.01,14.300,0.02,14.300,0.05,14.300,0.04
14.350,0.56,14.350,0.04,14.350,0.10,14.350,-0.01,14.350,0.03,14.350,-0.02,14.350,0.01,14.350,0.01,14.350,0.05,14.350,0.05
14.400,0.96,14.400,0.05,14.400,0.26,14.400,-0.01,14.400,0.02,14.400,-0.02,14.400,0.01,14.400,-2.78E-17,14.400,0.05,14.400,0.05
14.450,1.39,14.450,0.06,14.450,0.53,14.450,-0.02,14.450,0.02,14.450,-0.02,14.450,0.01,14.450,0.00,14.450,0.06,14.450,0.05
14.500,1.56,14.500,0.10,14.500,0.75,14.500,-0.02,14.500,0.02,14.500,-0.02,14.500,0.01,14.500,0.01,14.500,0.07,14.500,0.07
14.550,1.74,14.550,0.25,14.550,0.86,14.550,0.00,14.550,0.01,14.550,-0.01,14.550,0.01,14.550,0.00,14.550,0.07,14.550,0.09
14.600,1.83,14.600,0.58,14.600,0.85,14.600,-0.01,14.600,0.01,14.600,0.00,14.600,0.02,14.600,0.03,14.600,0.08,14.600,0.11
14.650,1.77,14.650,0.96,14.650,0.88,14.650,0.01,14.650,0.02,14.650,0.00,14.650,0.02,14.650,0.03,14.650,0.08,14.650,0.19
14.700,1.76,14.700,1.39,14.700,0.87,14.700,-0.01,14.700,0.02,14.700,-0.01,14.700,0.03,14.700,0.03,14.700,0.09,14.700,0.33
14.750,1.79,14.750,0.84,14.750,0.93,14.750,-0.01,14.750,0.02,14.750,-0.02,14.750,0.02,14.750,0.03,14.750,0.09,14.750,0.19
14.800,1.86,14.800,0.03,14.800,0.85,14.800,-0.01,14.800,0.02,14.800,0.00,14.800,0.02,14.800,0.03,14.800,0.11,14.800,0.05
14.850,1.88,14.850,-0.01,14.850,0.81,14.850,-0.01,14.850,0.02,14.850,0.01,14.850,0.02,14.850,0.03,14.850,0.12,14.850,-0.01
14.900,2.01,14.900,-0.04,14.900,0.83,14.900,-0.01,14.900,0.02,14.900,0.00,14.900,0.03,14.900,0.04,14.900,0.19,14.900,-0.02
14.950,2.23,14.950,-0.04,14.950,0.88,14.950,-0.02,14.950,0.02,14.950,0.01,14.950,0.03,14.950,0.04,14.950,0.25,14.950,-0.02
15.000,2.22,15.000,-0.03,15.000,0.91,15.000,-0.02,15.000,0.02,15.000,0.01,15.000,0.03,15.000,0.04,15.000,0.39,15.000,-0.02
15.050,2.07,15.050,-0.03,15.050,0.93,15.050,-0.01,15.050,0.03,15.050,0.01,15.050,0.02,15.050,0.05,15.050,0.59,15.050,-0.02
15.100,2.20,15.100,-0.03,15.100,0.91,15.100,-0.01,15.100,0.04,15.100,0.01,15.100,0.02,15.100,0.05,15.100,0.24,15.100,-0.01
15.150,2.27,15.150,-0.03,15.150,0.97,15.150,-0.01,15.150,0.04,15.150,0.00,15.150,0.01,15.150,0.07,15.150,0.06,15.150,0.00
15.200,2.26,15.200,-0.04,15.200,0.98,15.200,0.00,15.200,0.04,15.200,0.00,15.200,0.01,15.200,0.08,15.200,-0.01,15.200,-0.01
15.250,2.26,15.250,-0.03,15.250,0.97,15.250,0.00,15.250,0.05,15.250,-0.01,15.250,0.02,15.250,0.10,15.250,-0.02,15.250,-0.01
15.300,0.02,15.300,-0.02,15.300,0.98,15.300,0.00,15.300,0.06,15.300,0.00,15.300,0.02,15.300,0.16,15.300,0.00,15.300,-0.02
15.350,-0.04,15.350,-0.03,15.350,1.01,15.350,0.02,15.350,0.07,15.350,0.01,15.350,0.02,15.350,0.26,15.350,0.00,15.350,-0.02
15.400,-0.05,15.400,-0.03,15.400,1.03,15.400,0.03,15.400,0.09,15.400,0.00,15.400,0.02,15.400,0.81,15.400,0.00,15.400,-0.01
15.450,-0.06,15.450,-0.03,15.450,1.00,15.450,0.06,15.450,0.12,15.450,0.00,15.450,0.03,15.450,0.14,15.450,-0.01,15.450,-0.01
15.500,-0.05,15.500,-0.04,15.500,0.99,15.500,0.13,15.500,0.20,15.500,0.00,15.500,0.02,15.500,0.04,15.500,-0.01,15.500,-0.01
15.550,-0.05,15.550,-0.03,15.550,1.03,15.550,0.28,15.550,0.34,15.550,0.00,15.550,0.03,15.550,-0.03,15.550,-0.01,15.550,0.00
15.600,-0.05,15.600,-0.03,15.600,0.04,15.600,0.44,15.600,0.06,15.600,0.00,15.600,0.03,15.600,-0.03,15.600,-0.01,15.600,-0.01
15.650,-0.04,15.650,-0.03,15.650,-0.01,15.650,0.01,15.650,0.03,15.650,0.00,15.650,0.03,15.650,-0.03,15.650,-0.01,15.650,0.00
15.700,-0.04,15.700,-0.02,15.700,-0.03,15.700,-0.03,15.700,-0.03,15.700,0.02,15.700,0.02,15.700,-0.02,15.700,-0.01,15.700,0.00
15.750,-0.05,15.750,-0.02,15.750,-0.03,15.750,-0.06,15.750,-0.02,15.750,0.02,15.750,0.03,15.750,-0.01,15.750,-0.01,15.750,0.00
15.800,-0.05,15.800,-0.02,15.800,-0.02,15.800,-0.05,15.800,-0.02,15.800,0.01,15.800,0.02,15.800,-0.02,15.800,-0.01,15.800,-0.02
15.850,-0.04,15.850,-0.03,15.850,-0.02,15.850,-0.03,15.850,-0.01,15.850,0.01,15.850,0.03,15.850,-0.01,15.850,-0.01,15.850,-0.02
15.900,-0.05,15.900,-0.02,15.900,-0.01,15.900,-0.04,15.900,-0.01,15.900,0.01,15.900,0.04,15.900,-0.02,15.900,-0.01,15.900,-0.02
15.950,-0.05,15.950,-0.03,15.950,-0.02,15.950,-0.03,15.950,0.00,15.950,0.01,15.950,0.04,15.950,-0.01,15.950,0.00,15.950,-0.01
16.000,-0.05,16.000,-0.02,16.000,-0.01,16.000,-0.04,16.000,0.00,16.000,0.02,16.000,0.04,16.000,0.00,16.000,0.01,16.000,-0.01
16.050,-0.05,16.050,-0.01,16.050,-0.02,16.050,-0.04,16.050,0.00,16.050,0.03,16.050,0.04,16.050,-0.01,16.050,0.00,16.050,-0.01
16.100,-0.05,16.100,-0.02,16.100,-0.02,16.100,-0.03,16.100,-0.02,16.100,0.04,16.100,0.04,16.100,-0.02,16.100,0.00,16.100,-0.02
16.150,-0.04,16.150,-0.01,16.150,-0.01,16.150,-0.04,16.150,0.00,16.150,0.06,16.150,0.05,16.150,-0.01,16.150,0.00,16.150,-0.03
16.200,-0.04,16.200,0.00,16.200,-0.02,16.200,-0.05,16.200,-0.01,16.200,0.06,16.200,0.05,16.200,-0.01,16.200,-0.01,16.200,-0.02
16.250,-0.04,16.250,-0.01,16.250,-0.02,16.250,-0.05,16.250,-0.01,16.250,0.09,16.250,0.05,16.250,-0.02,16.250,0.00,16.250,-0.01
16.300,-0.05,16.300,-0.01,16.300,-0.03,16.300,-0.05,16.300,-0.01,16.300,0.27,16.300,0.04,16.300,-0.02,16.300,0.01,16.300,-0.01
16.350,-0.04,16.350,-0.01,16.350,-0.01,16.350,-0.05,16.350,-0.01,16.350,0.83,16.350,0.05,16.350,-0.01,16.350,0.01,16.350,-0.01
16.400,-0.05,16.400,-0.01,16.400,0.00,16.400,-0.05,16.400,-0.01,16.400,1.64,16.400,0.04,16.400,-0.01,16.400,0.02,16.400,-0.01
16.450,-0.05,16.450,-0.01,16.450,-0.01,16.450,-0.04,16.450,-0.01,16.450,2.26,16.450,0.03,16.450,-0.02,16.450,0.02,16.450,-0.01
16.500,-0.05,16.500,-0.02,16.500,-0.01,16.500,-0.04,16.500,-0.01,16.500,0.02,16.500,0.03,16.500,-0.02,16.500,0.01,16.500,0.00
16.550,-0.04,16.550,-0.01,16.550,0.00,16.550,-0.02,16.550,-0.01,16.550,0.03,16.550,0.04,16.550,-0.02,16.550,0.03,16.550,0.00
16.600,-0.04,16.600,0.00,16.600,0.01,16.600,-0.04,16.600,0.01,16.600,-0.02,16.600,0.04,16.600,-0.03,16.600,0.02,16.600,0.00
16.650,-0.05,16.650,0.01,16.650,0.00,16.650,-0.02,16.650,0.01,16.650,-0.03,16.650,0.04,16.650,-0.03,16.650,0.02,16.650,-0.01
16.700,-0.04,16.700,0.01,16.700,0.01,16.700,-0.01,16.700,0.01,16.700,-0.01,16.700,0.04,16.700,-0.01,16.700,0.02,16.700,0.01
16.750,-0.05,16.750,0.01,16.750,0.01,16.750,-0.02,16.750,0.01,16.750,-0.01,16.750,0.04,16.750,-0.01,16.750,0.01,16.750,0.01
16.800,-0.05,16.800,0.01,16.800,0.02,16.800,-0.01,16.800,0.02,16.800,-0.01,16.800,0.05,16.800,-0.01,16.800,0.02,16.800,0.00
16.850,-0.04,16.850,0.01,16.850,0.02,16.850,-0.01,16.850,0.02,16.850,0.00,16.850,0.04,16.850,0.00,16.850,0.01,16.850,0.00
16.900,-0.04,16.900,0.02,16.900,0.04,16.900,0.00,16.900,0.03,16.900,-0.01,16.900,0.04,16.900,0.01,16.900,0.01,16.900,0.01
16.950,-0.04,16.950,0.02,16.950,0.03,16.950,0.00,16.950,0.01,16.950,-0.01,16.950,0.04,16.950,0.01,16.950,0.01,16.950,0.01
17.000,-0.04,17.000,0.01,17.000,0.05,17.000,0.00,17.000,0.02,17.000,-0.01,17.000,0.05,17.000,0.02,17.000,0.02,17.000,0.02
17.050,-0.03,17.050,0.02,17.050,0.04,17.050,-0.01,17.050,0.03,17.050,-0.01,17.050,0.04,17.050,0.02,17.050,0.03,17.050,0.02
17.100,-0.03,17.100,0.02,17.100,0.04,17.100,0.01,17.100,0.03,17.100,-0.01,17.100,0.05,17.100,0.03,17.100,0.02,17.100,0.02
17.150,-0.03,17.150,0.02,17.150,0.04,17.150,0.00,17.150,0.03,17.150,-0.01,17.150,0.05,17.150,0.03,17.150,0.03,17.150,0.02
17.200,-0.03,17.200,0.03,17.200,0.03,17.200,0.01,17.200,0.02,17.200,-0.02,17.200,0.04,17.200,0.03,17.200,0.03,17.200,0.03
17.250,-0.04,17.250,0.02,17.250,0.04,17.250,0.05,17.250,0.04,17.250,-0.02,17.250,0.03,17.250,0.03,17.250,0.03,17.250,0.03
17.300,-0.04,17.300,0.03,17.300,0.03,17.300,0.05,17.300,0.03,17.300,-0.02,17.300,0.02,17.300,0.03,17.300,0.04,17.300,0.03
17.350,-0.04,17.350,0.02,17.350,0.03,17.350,0.02,17.350,0.02,17.350,-0.02,17.350,0.02,17.350,0.03,17.350,0.05,17.350,0.04
17.400,-0.04,17.400,0.02,17.400,0.03,17.400,0.01,17.400,0.02,17.400,-0.02,17.400,0.02,17.400,0.04,17.400,0.05,17.400,0.05
17.450,-0.04,17.450,0.02,17.450,0.03,17.450,0.02,17.450,0.02,17.450,-0.02,17.450,0.03,17.450,0.02,17.450,0.05,17.450,0.04
17.500,-0.03,17.500,0.03,17.500,0.03,17.500,0.02,17.500,0.02,17.500,-0.03,17.500,0.03,17.500,0.02,17.500,0.05,17.500,0.04
17.550,-0.04,17.550,0.04,17.550,0.03,17.550,0.01,17.550,0.02,17.550,-0.02,17.550,0.03,17.550,0.03,17.550,0.06,17.550,0.06
17.600,-0.05,17.600,0.05,17.600,0.03,17.600,0.01,17.600,0.02,17.600,-0.02,17.600,0.02,17.600,0.02,17.600,0.08,17.600,0.07
17.650,-0.06,17.650,0.06,17.650,0.02,17.650,0.01,17.650,0.02,17.650,-0.02,17.650,0.02,17.650,0.01,17.650,0.09,17.650,0.09
17.700,-0.05,17.700,0.12,17.700,0.02,17.700,0.01,17.700,0.03,17.700,-0.01,17.700,0.02,17.700,0.01,17.700,0.11,17.700,0.10
17.750,-0.04,17.750,0.28,17.750,0.02,17.750,0.02,17.750,0.02,17.750,-0.01,17.750,0.03,17.750,0.01,17.750,0.12,17.750,0.11
17.800,-0.05,17.800,0.68,17.800,0.02,17.800,0.02,17.800,0.02,17.800,0.00,17.800,0.02,17.800,0.00,17.800,0.16,17.800,0.18
17.850,-0.06,17.850,1.25,17.850,0.01,17.850,0.01,17.850,0.01,17.850,0.00,17.850,0.02,17.850,0.00,17.850,0.22,17.850,0.25
17.900,-0.06,17.900,1.59,17.900,0.01,17.900,0.02,17.900,0.02,17.900,0.00,17.900,0.02,17.900,0.01,17.900,0.25,17.900,0.35
17.950,-0.06,17.950,1.67,17.950,0.00,17.950,0.04,17.950,0.03,17.950,-0.01,17.950,0.02,17.950,0.02,17.950,0.35,17.950,0.18
18.000,-0.04,18.000,1.51,18.000,0.01,18.000,0.06,18.000,0.02,18.000,-0.01,18.000,0.02,18.000,0.01,18.000,0.49,18.000,0.04
18.050,-0.03,18.050,1.39,18.050,0.02,18.050,0.10,18.050,0.03,18.050,-0.01,18.050,0.02,18.050,0.01,18.050,0.46,18.050,-0.01
18.100,-0.04,18.100,1.56,18.100,0.02,18.100,0.24,18.100,0.03,18.100,0.00,18.100,0.03,18.100,0.00,18.100,0.07,18.100,-0.03
18.150,-0.05,18.150,0.93,18.150,0.01,18.150,0.53,18.150,0.05,18.150,0.00,18.150,0.04,18.150,0.01,18.150,0.04,18.150,-0.02
18.200,-0.05,18.200,0.05,18.200,0.01,18.200,0.02,18.200,0.08,18.200,0.01,18.200,0.05,18.200,0.02,18.200,-0.01,18.200,-0.02
18.250,-0.03,18.250,-0.01,18.250,0.01,18.250,0.01,18.250,0.09,18.250,0.01,18.250,0.05,18.250,0.02,18.250,0.00,18.250,-0.02
18.300,-0.05,18.300,-0.03,18.300,0.01,18.300,-0.04,18.300,0.15,18.300,0.01,18.300,0.10,18.300,0.02,18.300,-0.01,18.300,-0.02
18.350,-0.05,18.350,-0.01,18.350,0.02,18.350,-0.03,18.350,0.29,18.350,0.02,18.350,0.14,18.350,0.02,18.350,0.00,18.350,-0.01
18.400,-0.04,18.400,-0.01,18.400,0.02,18.400,-0.03,18.400,0.13,18.400,0.03,18.400,0.26,18.400,0.03,18.400,0.00,18.400,-0.02
18.450,-0.03,18.450,-0.01,18.450,0.02,18.450,-0.04,18.450,0.05,18.450,0.03,18.450,0.55,18.450,0.03,18.450,0.00,18.450,-0.02
18.500,-0.04,18.500,-0.02,18.500,0.02,18.500,-0.03,18.500,-0.02,18.500,0.01,18.500,1.08,18.500,0.04,18.500,-0.01,18.500,-0.02
18.550,-0.04,18.550,-0.02,18.550,0.03,18.550,-0.04,18.550,-0.02,18.550,0.02,18.550,1.48,18.550,0.05,18.550,-0.01,18.550,-0.02
18.600,-0.04,18.600,-0.01,18.600,0.03,18.600,-0.03,18.600,-0.02,18.600,0.01,18.600,1.79,18.600,0.05,18.600,0.00,18.600,-0.02
18.650,-0.03,18.650,-0.01,18.650,0.03,18.650,-0.04,18.650,-0.02,18.650,0.01,18.650,0.05,18.650,0.06,18.650,-0.01,18.650,-0.02
18.700,-0.02,18.700,-0.01,18.700,0.04,18.700,-0.04,18.700,-0.02,18.700,0.01,18.700,0.02,18.700,0.08,18.700,-0.01,18.700,-0.02
18.750,-0.02,18.750,-0.01,18.750,0.04,18.750,-0.04,18.750,-0.03,18.750,0.02,18.750,-0.04,18.750,0.11,18.750,-0.02,18.750,-0.01
18.800,-0.02,18.800,-0.01,18.800,0.05,18.800,-0.03,18.800,-0.02,18.800,0.02,18.800,-0.04,18.800,0.23,18.800,-0.01,18.800,-0.01
18.850,-0.02,18.850,-0.01,18.850,0.05,18.850,-0.03,18.850,-0.02,18.850,0.01,18.850,-0.02,18.850,0.75,18.850,-0.01,18.850,-0.02
18.900,-0.01,18.900,-0.02,18.900,0.09,18.900,-0.04,18.900,-0.01,18.900,0.02,18.900,-0.02,18.900,0.22,18.900,-0.01,18.900,-0.02
18.950,-0.01,18.950,-0.02,18.950,0.13,18.950,-0.04,18.950,0.00,18.950,0.02,18.950,-0.02,18.950,0.04,18.950,-0.01,18.950,-0.03
19.000,-0.01,19.000,-0.02,19.000,0.23,19.000,-0.04,19.000,-0.01,19.000,0.01,19.000,-0.01,19.000,-0.01,19.000,-0.01,19.000,-0.02
19.050,0.00,19.050,-0.02,19.050,0.38,19.050,-0.04,19.050,0.00,19.050,0.01,19.050,-0.01,19.050,-0.02,19.050,0.00,19.050,-0.01
19.100,0.00,19.100,-0.02,19.100,0.73,19.100,-0.05,19.100,0.00,19.100,0.01,19.100,-0.02,19.100,-0.02,19.100,-0.01,19.100,-0.02
19.150,0.01,19.150,-0.01,19.150,1.02,19.150,-0.04,19.150,0.00,19.150,0.02,19.150,-0.01,19.150,-0.01,19.150,-0.01,19.150,-0.01
19.200,0.00,19.200,0.00,19.200,0.07,19.200,-0.05,19.200,-0.01,19.200,0.02,19.200,-0.01,19.200,0.00,19.200,0.00,19.200,-0.01
19.250,0.00,19.250,0.00,19.250,0.03,19.250,-0.04,19.250,0.02,19.250,0.02,19.250,-0.01,19.250,-0.01,19.250,0.02,19.250,-0.01
19.300,-0.01,19.300,0.00,19.300,-0.02,19.300,-0.04,19.300,0.02,19.300,0.03,19.300,0.00,19.300,0.00,19.300,-0.01,19.300,-0.01
19.350,0.00,19.350,0.00,19.350,-0.01,19.350,-0.02,19.350,0.02,19.350,0.02,19.350,0.00,19.350,-0.01,19.350,0.01,19.350,-0.01
19.400,0.00,19.400,-0.01,19.400,-0.01,19.400,-0.02,19.400,0.03,19.400,0.02,19.400,-0.01,19.400,-0.03,19.400,0.01,19.400,0.00
19.450,0.00,19.450,-0.02,19.450,-0.01,19.450,-0.01,19.450,0.02,19.450,0.03,19.450,-0.01,19.450,-0.02,19.450,0.00,19.450,-0.01
19.500,-0.01,19.500,-0.01,19.500,0.00,19.500,-0.01,19.500,0.03,19.500,0.02,19.500,-0.01,19.500,-0.02,19.500,-0.01,19.500,0.00
19.550,0.01,19.550,0.01,19.550,-0.01,19.550,-0.01,19.550,0.03,19.550,0.02,19.550,-0.01,19.550,-0.02,19.550,0.00,19.550,0.00
19.600,0.00,19.600,0.00,19.600,-0.01,19.600,0.00,19.600,0.04,19.600,0.01,19.600,-0.01,19.600,-0.02,19.600,0.00,19.600,0.00
19.650,0.01,19.650,-0.01,19.650,-0.01,19.650,0.01,19.650,0.05,19.650,0.02,19.650,0.00,19.650,-0.02,19.650,0.00,19.650,-0.01
19.700,0.02,19.700,-0.02,19.700,-0.01,19.700,0.00,19.700,0.04,19.700,0.03,19.700,-0.01,19.700,-0.02,19.700,0.01,19.700,-0.01
19.750,0.04,19.750,-0.02,19.750,-0.01,19.750,0.01,19.750,0.05,19.750,0.05,19.750,-0.02,19.750,-0.02,19.750,0.02,19.750,-0.01
19.800,0.07,19.800,-0.02,19.800,-0.01,19.800,0.02,19.800,0.05,19.800,0.05,19.800,-0.01,19.800,-0.01,19.800,0.02,19.800,-0.01
19.850,0.20,19.850,-0.01,19.850,-0.01,19.850,0.03,19.850,0.04,19.850,0.07,19.850,0.00,19.850,-0.01,19.850,0.01,19.850,0.01
19.900,0.54,19.900,-0.02,19.900,-0.01,19.900,0.02,19.900,0.03,19.900,0.09,19.900,-0.01,19.900,-0.01,19.900,0.02,19.900,0.01
19.950,1.17,19.950,-0.03,19.950,-0.01,19.950,0.03,19.950,0.02,19.950,0.21,19.950,0.00,19.950,-0.01,19.950,0.03,19.950,0.01
20.000,1.74,20.000,-0.02,20.000,-0.01,20.000,0.02,20.000,0.02,20.000,0.68,20.000,0.02,20.000,-0.01,20.000,0.02,20.000,0.01
20.050,2.33,20.050,-0.01,20.050,-0.02,20.050,0.02,20.050,0.02,20.050,1.28,20.050,0.00,20.050,-0.02,20.050,0.02,20.050,0.02
20.100,0.01,20.100,-0.03,20.100,-0.01,20.100,0.02,20.100,0.02,20.100,1.94,20.100,0.00,20.100,-0.01,20.100,0.03,20.100,0.02
20.150,-0.01,20.150,-0.02,20.150,-0.01,20.150,0.02,20.150,0.01,20.150,2.35,20.150,0.01,20.150,0.00,20.150,0.03,20.150,0.01
20.200,-0.05,20.200,-0.01,20.200,-0.01,20.200,0.01,20.200,0.02,20.200,0.02,20.200,0.02,20.200,0.01,20.200,0.04,20.200,0.02
20.250,-0.04,20.250,-0.01,20.250,0.00,20.250,0.01,20.250,0.02,20.250,-0.01,20.250,0.02,20.250,0.04,20.250,0.04,20.250,0.02
20.300,-0.04,20.300,0.00,20.300,0.01,20.300,0.01,20.300,0.01,20.300,-0.05,20.300,0.02,20.300,0.03,20.300,0.03,20.300,0.03
20.350,-0.03,20.350,0.01,20.350,0.01,20.350,0.02,20.350,0.01,20.350,-0.02,20.350,0.04,20.350,0.01,20.350,0.05,20.350,0.02
20.400,-0.04,20.400,0.02,20.400,0.01,20.400,0.02,20.400,0.01,20.400,-0.02,20.400,0.04,20.400,0.02,20.400,0.06,20.400,0.02
20.450,-0.04,20.450,0.03,20.450,0.00,20.450,0.03,20.450,0.01,20.450,-0.01,20.450,0.04,20.450,0.01,20.450,0.08,20.450,0.02
20.500,-0.04,20.500,0.02,20.500,0.01,20.500,0.04,20.500,0.01,20.500,-0.02,20.500,0.05,20.500,0.02,20.500,0.08,20.500,0.04
20.550,-0.05,20.550,0.01,20.550,0.02,20.550,0.08,20.550,0.01,20.550,-0.02,20.550,0.02,20.550,0.02,20.550,0.10,20.550,0.04
20.600,-0.03,20.600,0.02,20.600,0.01,20.600,0.22,20.600,0.02,20.600,-0.02,20.600,0.02,20.600,0.01,20.600,0.12,20.600,0.06
20.650,-0.04,20.650,0.01,20.650,0.02,20.650,0.53,20.650,0.03,20.650,-0.02,20.650,0.02,20.650,0.01,20.650,0.19,20.650,0.08
20.700,-0.04,20.700,0.02,20.700,0.01,20.700,0.02,20.700,0.03,20.700,-0.02,20.700,0.02,20.700,0.02,20.700,0.29,20.700,0.09
20.750,-0.04,20.750,0.04,20.750,0.01,20.750,0.01,20.750,0.04,20.750,-0.02,20.750,0.02,20.750,0.02,20.750,0.49,20.750,0.12
20.800,-0.04,20.800,0.04,20.800,0.02,20.800,-0.06,20.800,0.04,20.800,-0.01,20.800,0.03,20.800,0.03,20.800,0.42,20.800,0.14
20.850,-0.03,20.850,0.06,20.850,0.03,20.850,-0.04,20.850,0.05,20.850,-0.02,20.850,0.03,20.850,0.02,20.850,0.06,20.850,0.22
20.900,-0.04,20.900,0.12,20.900,0.02,20.900,-0.04,20.900,0.07,20.900,-0.02,20.900,0.03,20.900,0.04,20.900,0.02,20.900,0.33
20.950,-0.04,20.950,0.32,20.950,0.01,20.950,-0.04,20.950,0.08,20.950,-0.02,20.950,0.03,20.950,0.05,20.950,-0.03,20.950,0.07
21.000,-0.04,21.000,1.12,21.000,0.02,21.000,-0.04,21.000,0.11,21.000,-0.03,21.000,0.02,21.000,0.07,21.000,-0.02,21.000,0.04
21.050,-0.03,21.050,1.67,21.050,0.03,21.050,-0.04,21.050,0.16,21.050,-0.02,21.050,0.04,21.050,0.11,21.050,-0.01,21.050,-0.03
21.100,-0.03,21.100,0.05,21.100,0.01,21.100,-0.04,21.100,0.28,21.100,-0.02,21.100,0.04,21.100,0.16,21.100,-0.01,21.100,-0.02
21.150,-0.03,21.150,0.03,21.150,0.00,21.150,-0.05,21.150,0.29,21.150,-0.02,21.150,0.04,21.150,0.24,21.150,-0.02,21.150,-0.01
21.200,-0.03,21.200,-0.04,21.200,0.01,21.200,-0.04,21.200,0.05,21.200,-0.02,21.200,0.04,21.200,0.50,21.200,-0.01,21.200,-0.01
21.250,-0.02,21.250,-0.03,21.250,0.01,21.250,-0.05,21.250,0.01,21.250,-0.02,21.250,0.04,21.250,0.93,21.250,-0.01,21.250,-0.01
21.300,-0.01,21.300,-0.03,21.300,0.00,21.300,-0.06,21.300,-0.03,21.300,-0.02,21.300,0.05,21.300,0.29,21.300,-0.01,21.300,-0.01
21.350,-0.03,21.350,-0.03,21.350,0.00,21.350,-0.05,21.350,-0.02,21.350,-0.02,21.350,0.08,21.350,0.05,21.350,-0.02,21.350,-0.01
21.400,-0.03,21.400,-0.04,21.400,0.00,21.400,-0.05,21.400,-0.02,21.400,-0.02,21.400,0.10,21.400,0.00,21.400,-0.01,21.400,-0.01
21.450,-0.03,21.450,-0.02,21.450,0.00,21.450,-0.05,21.450,-0.02,21.450,-0.01,21.450,0.18,21.450,-0.02,21.450,-0.01,21.450,-0.01
21.500,-0.03,21.500,-0.02,21.500,0.01,21.500,-0.05,21.500,-0.02,21.500,-0.02,21.500,0.41,21.500,-0.01,21.500,-0.01,21.500,-0.01
21.550,-0.04,21.550,-0.04,21.550,0.00,21.550,-0.05,21.550,-0.02,21.550,-0.02,21.550,0.92,21.550,0.00,21.550,-0.01,21.550,-0.01
21.600,-0.04,21.600,-0.04,21.600,0.01,21.600,-0.05,21.600,-0.02,21.600,-0.02,21.600,1.35,21.600,-0.01,21.600,-0.01,21.600,-0.03
21.650,-0.04,21.650,-0.04,21.650,0.00,21.650,-0.04,21.650,-0.01,21.650,-0.01,21.650,1.64,21.650,-0.01,21.650,-0.01,21.650,-0.02
21.700,-0.03,21.700,-0.03,21.700,0.00,21.700,-0.04,21.700,-0.02,21.700,-0.01,21.700,0.37,21.700,0.00,21.700,-0.02,21.700,-0.02
21.750,-0.02,21.750,-0.04,21.750,0.01,21.750,-0.04,21.750,-0.02,21.750,-0.02,21.750,0.05,21.750,0.00,21.750,-0.01,21.750,-0.02
21.800,-0.01,21.800,-0.04,21.800,0.01,21.800,-0.03,21.800,-0.02,21.800,-0.02,21.800,-0.02,21.800,0.00,21.800,0.00,21.800,-0.02
21.850,-0.01,21.850,-0.03,21.850,0.02,21.850,-0.02,21.850,-0.01,21.850,-0.02,21.850,-0.02,21.850,-0.01,21.850,0.00,21.850,-0.01
21.900,-0.01,21.900,-0.03,21.900,0.03,21.900,-0.02,21.900,-0.01,21.900,-0.01,21.900,-0.02,21.900,-0.01,21.900,0.00,21.900,-0.02
21.950,-0.02,21.950,-0.04,21.950,0.02,21.950,0.00,21.950,-0.01,21.950,-0.01,21.950,-0.01,21.950,-0.01,21.950,0.00,21.950,-0.02
22.000,-0.01,22.000,-0.03,22.000,0.03,22.000,-0.02,22.000,-0.02,22.000,0.01,22.000,-0.01,22.000,-0.01,22.000,0.00,22.000,-0.02
22.050,-0.01,22.050,-0.03,22.050,0.03,22.050,0.00,22.050,-0.02,22.050,0.01,22.050,-0.01,22.050,-0.01,22.050,-0.01,22.050,0.00
22.100,-0.01,22.100,-0.04,22.100,0.04,22.100,0.00,22.100,-0.02,22.100,0.02,22.100,-0.02,22.100,-0.02,22.100,0.00,22.100,-0.01
22.150,-0.01,22.150,-0.04,22.150,0.04,22.150,0.00,22.150,-0.01,22.150,0.02,22.150,-0.02,22.150,-0.02,22.150,0.01,22.150,0.00
22.200,-0.01,22.200,-0.04,22.200,0.04,22.200,0.00,22.200,-0.02,22.200,0.02,22.200,-0.02,22.200,-0.02,22.200,0.01,22.200,0.00
22.250,0.00,22.250,-0.02,22.250,0.06,22.250,0.00,22.250,-0.02,22.250,0.01,22.250,-0.02,22.250,-0.02,22.250,0.00,22.250,0.01
22.300,0.00,22.300,-0.04,22.300,0.11,22.300,0.02,22.300,-0.02,22.300,0.01,22.300,-0.03,22.300,-0.01,22.300,-0.01,22.300,-0.01
22.350,0.00,22.350,-0.02,22.350,0.24,22.350,0.01,22.350,-0.02,22.350,0.01,22.350,-0.02,22.350,-0.01,22.350,0.00,22.350,-0.01
22.400,-0.01,22.400,-0.02,22.400,0.73,22.400,-0.01,22.400,-0.02,22.400,0.01,22.400,-0.01,22.400,0.00,22.400,0.00,22.400,-0.01
22.450,-0.01,22.450,-0.02,22.450,1.00,22.450,0.00,22.450,-0.02,22.450,0.01,22.450,-0.01,22.450,0.02,22.450,0.01,22.450,0.00
22.500,-0.01,22.500,-0.02,22.500,0.15,22.500,-0.01,22.500,-0.03,22.500,0.01,22.500,0.00,22.500,0.02,22.500,0.00,22.500,-0.01
22.550,-0.01,22.550,-0.03,22.550,0.06,22.550,-0.01,22.550,-0.01,22.550,0.02,22.550,-0.01,22.550,0.02,22.550,0.00,22.550,0.00
22.600,-0.01,22.600,-0.03,22.600,-0.03,22.600,0.01,22.600,0.00,22.600,0.02,22.600,-0.01,22.600,0.03,22.600,0.01,22.600,0.00
22.650,-0.02,22.650,-0.02,22.650,-0.02,22.650,0.00,22.650,0.00,22.650,0.02,22.650,-0.02,22.650,0.04,22.650,0.01,22.650,-0.01
22.700,-0.01,22.700,-0.02,22.700,0.00,22.700,0.00,22.700,0.01,22.700,0.03,22.700,-0.01,22.700,0.03,22.700,0.01,22.700,0.01
22.750,-0.02,22.750,-0.02,22.750,0.00,22.750,0.00,22.750,0.02,22.750,0.03,22.750,-0.01,22.750,0.00,22.750,0.01,22.750,0.01
22.800,-0.01,22.800,-0.02,22.800,-0.02,22.800,0.00,22.800,0.00,22.800,0.03,22.800,-0.01,22.800,0.03,22.800,0.01,22.800,0.01
22.850,-0.02,22.850,-0.02,22.850,-0.01,22.850,0.01,22.850,0.02,22.850,0.04,22.850,-0.02,22.850,0.02,22.850,0.00,22.850,0.01
22.900,-0.02,22.900,-0.02,22.900,-0.01,22.900,0.02,22.900,0.01,22.900,0.06,22.900,-0.02,22.900,0.02,22.900,0.01,22.900,0.02
22.950,-0.03,22.950,-0.02,22.950,-0.01,22.950,0.06,22.950,0.01,22.950,0.09,22.950,-0.01,22.950,0.02,22.950,0.02,22.950,0.02
23.000,-0.03,23.000,-0.02,23.000,-0.02,23.000,0.18,23.000,0.01,23.000,0.10,23.000,-0.01,23.000,0.02,23.000,0.03,23.000,0.02
23.050,-0.01,23.050,-0.01,23.050,-0.01,23.050,0.38,23.050,0.00,23.050,0.25,23.050,-0.01,23.050,0.02,23.050,0.02,23.050,0.02
23.100,-0.02,23.100,-0.02,23.100,0.00,23.100,0.56,23.100,0.01,23.100,0.65,23.100,0.01,23.100,0.03,23.100,0.01,23.100,0.03
23.150,-0.03,23.150,-0.02,23.150,-0.01,23.150,0.18,23.150,0.02,23.150,1.46,23.150,0.01,23.150,0.03,23.150,0.02,23.150,0.04
23.200,-0.02,23.200,-0.02,23.200,-0.01,23.200,0.01,23.200,0.01,23.200,1.99,23.200,0.01,23.200,0.02,23.200,0.03,23.200,0.05
23.250,-0.01,23.250,-0.03,23.250,-0.01,23.250,-0.05,23.250,0.01,23.250,2.36,23.250,0.00,23.250,0.04,23.250,0.04,23.250,0.06
23.300,-0.01,23.300,-0.03,23.300,-0.01,23.300,-0.06,23.300,0.02,23.300,0.03,23.300,0.01,23.300,0.03,23.300,0.04,23.300,0.08
23.350,0.00,23.350,-0.04,23.350,-0.01,23.350,-0.05,23.350,0.01,23.350,0.01,23.350,0.00,23.350,0.04,23.350,0.04,23.350,0.11
23.400,-0.01,23.400,-0.03,23.400,0.00,23.400,-0.05,23.400,0.01,23.400,-0.04,23.400,0.01,23.400,0.04,23.400,0.04,23.400,0.13
23.450,-0.01,23.450,-0.04,23.450,0.00,23.450,-0.04,23.450,0.02,23.450,-0.02,23.450,0.02,23.450,0.05,23.450,0.05,23.450,0.22
23.500,0.00,23.500,-0.03,23.500,0.00,23.500,-0.04,23.500,0.03,23.500,-0.01,23.500,0.02,23.500,0.06,23.500,0.04,23.500,0.34
23.550,-0.01,23.550,-0.02,23.550,0.01,23.550,-0.05,23.550,0.05,23.550,-0.02,23.550,0.02,23.550,0.09,23.550,0.05,23.550,0.08
23.600,-0.02,23.600,-0.02,23.600,0.00,23.600,-0.05,23.600,0.06,23.600,-0.02,23.600,0.01,23.600,0.11,23.600,0.06,23.600,0.04
23.650,-0.02,23.650,-0.03,23.650,0.00,23.650,-0.05,23.650,0.09,23.650,-0.02,23.650,0.01,23.650,0.16,23.650,0.06,23.650,-0.02
23.700,0.00,23.700,-0.02,23.700,0.00,23.700,-0.04,23.700,0.18,23.700,-0.01,23.700,0.01,23.700,0.55,23.700,0.08,23.700,-0.02
23.750,0.00,23.750,-0.01,23.750,-0.01,23.750,-0.04,23.750,0.34,23.750,-0.01,23.750,0.00,23.750,0.58,23.750,0.09,23.750,-0.02
23.800,0.00,23.800,0.00,23.800,0.00,23.800,-0.04,23.800,0.07,23.800,-0.01,23.800,0.01,23.800,0.05,23.800,0.11,23.800,-0.01
23.850,0.00,23.850,0.01,23.850,0.01,23.850,-0.04,23.850,0.03,23.850,-0.02,23.850,0.01,23.850,0.02,23.850,0.18,23.850,-0.02
23.900,-0.01,23.900,0.00,23.900,0.03,23.900,-0.04,23.900,-0.02,23.900,-0.01,23.900,0.01,23.900,-0.02,23.900,0.30,23.900,-0.01
23.950,0.00,23.950,0.00,23.950,0.02,23.950,-0.05,23.950,-0.02,23.950,-0.02,23.950,0.01,23.950,-0.02,23.950,0.51,23.950,-0.01
24.000,-0.01,24.000,0.01,24.000,0.02,24.000,-0.05,24.000,-0.01,24.000,-0.02,24.000,0.01,24.000,-0.01,24.000,0.54,24.000,-0.01
24.050,0.00,24.050,0.01,24.050,0.01,24.050,-0.06,24.050,-0.01,24.050,-0.02,24.050,0.01,24.050,-0.01,24.050,0.16,24.050,-0.02
24.100,0.00,24.100,0.02,24.100,0.01,24.100,-0.05,24.100,-0.01,24.100,-0.03,24.100,0.01,24.100,0.00,24.100,0.04,24.100,-0.02
24.150,0.00,24.150,0.02,24.150,0.00,24.150,-0.06,24.150,-0.01,24.150,-0.03,24.150,0.00,24.150,0.00,24.150,-0.02,24.150,-0.02
24.200,0.01,24.200,0.02,24.200,0.01,24.200,-0.05,24.200,-0.01,24.200,-0.03,24.200,0.01,24.200,-0.01,24.200,-0.02,24.200,-0.01
24.250,0.01,24.250,0.01,24.250,0.01,24.250,-0.05,24.250,-0.01,24.250,-0.01,24.250,0.02,24.250,-0.01,24.250,-0.01,24.250,-0.01
24.300,0.02,24.300,0.03,24.300,0.01,24.300,-0.05,24.300,-0.02,24.300,-0.01,24.300,0.02,24.300,-0.01,24.300,-0.01,24.300,-0.01
24.350,0.04,24.350,0.03,24.350,0.00,24.350,-0.03,24.350,-0.02,24.350,-0.02,24.350,0.02,24.350,-0.01,24.350,-0.01,24.350,-0.02
24.400,0.03,24.400,0.04,24.400,0.00,24.400,-0.02,24.400,-0.01,24.400,0.00,24.400,0.02,24.400,-0.01,24.400,-0.01,24.400,-0.01
24.450,0.03,24.450,0.04,24.450,0.00,24.450,-0.01,24.450,-0.02,24.450,-0.01,24.450,0.03,24.450,-0.02,24.450,-0.01,24.450,-0.01
24.500,0.04,24.500,0.05,24.500,0.01,24.500,-0.01,24.500,-0.02,24.500,0.00,24.500,0.03,24.500,-0.02,24.500,-0.01,24.500,-0.01
24.550,0.09,24.550,0.07,24.550,0.02,24.550,0.00,24.550,-0.01,24.550,-0.01,24.550,0.02,24.550,-0.02,24.550,-0.01,24.550,-0.02
24.600,0.14,24.600,0.09,24.600,0.00,24.600,0.01,24.600,-0.01,24.600,0.00,24.600,0.02,24.600,-0.02,24.600,-0.02,24.600,-0.02
24.650,0.44,24.650,0.10,24.650,0.02,24.650,0.01,24.650,-0.01,24.650,0.01,24.650,0.03,24.650,-0.02,24.650,-0.02,24.650,-0.01
24.700,1.03,24.700,0.11,24.700,0.01,24.700,0.01,24.700,-0.01,24.700,0.01,24.700,0.03,24.700,-0.01,24.700,0.00,24.700,-0.01
24.750,1.64,24.750,0.17,24.750,0.02,24.750,-0.01,24.750,-0.01,24.750,0.01,24.750,0.05,24.750,-0.01,24.750,-0.01,24.750,-0.01
24.800,2.18,24.800,0.25,24.800,0.02,24.800,0.03,24.800,-0.01,24.800,0.02,24.800,0.04,24.800,-0.01,24.800,-0.02,24.800,0.00
24.850,0.01,24.850,0.49,24.850,0.02,24.850,0.00,24.850,0.00,24.850,0.02,24.850,0.04,24.850,0.00,24.850,-0.01,24.850,0.01
24.900,-0.01,24.900,0.93,24.900,0.02,24.900,-0.02,24.900,0.00,24.900,0.02,24.900,0.05,24.900,0.00,24.900,-0.01,24.900,0.00
24.950,-0.05,24.950,1.21,24.950,0.03,24.950,-0.01,24.950,0.03,24.950,0.02,24.950,0.05,24.950,0.00,24.950,0.00,24.950,0.01
25.000,-0.04,25.000,1.57,25.000,0.03,25.000,-0.01,25.000,0.02,25.000,0.02,25.000,0.05,25.000,-0.01,25.000,0.00,25.000,-0.01
25.050,-0.04,25.050,1.31,25.050,0.03,25.050,-0.01,25.050,0.01,25.050,0.00,25.050,0.05,25.050,0.00,25.050,0.00,25.050,-0.01
25.100,-0.03,25.100,0.10,25.100,0.03,25.100,0.00,25.100,0.03,25.100,0.01,25.100,0.05,25.100,0.01,25.100,0.00,25.100,-0.01
25.150,-0.04,25.150,0.03,25.150,0.04,25.150,-0.01,25.150,0.03,25.150,0.02,25.150,0.05,25.150,0.00,25.150,0.01,25.150,-0.01
25.200,-0.03,25.200,-0.03,25.200,0.05,25.200,-0.01,25.200,0.03,25.200,0.01,25.200,0.04,25.200,-0.01,25.200,0.02,25.200,-0.01
25.250,-0.03,25.250,-0.02,25.250,0.07,25.250,0.00,25.250,0.03,25.250,0.01,25.250,0.04,25.250,0.00,25.250,0.02,25.250,0.00
25.300,-0.03,25.300,-0.01,25.300,0.10,25.300,-0.01,25.300,0.03,25.300,0.01,25.300,0.05,25.300,0.00,25.300,0.02,25.300,0.00
25.350,-0.03,25.350,-0.02,25.350,0.18,25.350,-0.01,25.350,0.02,25.350,0.01,25.350,0.04,25.350,-2.78E-17,25.350,0.01,25.350,0.00
25.400,-0.03,25.400,-0.03,25.400,0.37,25.400,0.01,25.400,0.02,25.400,0.01,25.400,0.05,25.400,-2.78E-17,25.400,0.01,25.400,0.01
25.450,-0.03,25.450,-0.02,25.450,0.79,25.450,0.02,25.450,0.02,25.450,0.02,25.450,0.04,25.450,0.00,25.450,0.02,25.450,0.01
25.500,-0.03,25.500,-0.03,25.500,0.96,25.500,0.05,25.500,0.01,25.500,0.01,25.500,0.04,25.500,0.01,25.500,0.01,25.500,0.01
25.550,-0.02,25.550,-0.02,25.550,0.08,25.550,0.12,25.550,0.03,25.550,0.00,25.550,0.05,25.550,0.01,25.550,0.01,25.550,0.01
25.600,-0.02,25.600,-0.02,25.600,0.03,25.600,0.27,25.600,0.02,25.600,0.00,25.600,0.05,25.600,0.02,25.600,0.02,25.600,0.02
25.650,-0.02,25.650,-0.02,25.650,-0.04,25.650,0.50,25.650,0.03,25.650,0.01,25.650,0.05,25.650,0.01,25.650,0.03,25.650,0.02
25.700,-0.02,25.700,-0.03,25.700,-0.02,25.700,0.26,25.700,0.02,25.700,0.02,25.700,0.05,25.700,-0.01,25.700,0.02,25.700,0.02
25.750,-0.03,25.750,-0.02,25.750,-0.02,25.750,0.00,25.750,0.03,25.750,0.01,25.750,0.06,25.750,0.01,25.750,0.02,25.750,0.02
25.800,-0.02,25.800,-0.01,25.800,-0.01,25.800,-0.03,25.800,0.03,25.800,0.01,25.800,0.04,25.800,0.01,25.800,0.01,25.800,0.03
25.850,-0.03,25.850,-0.02,25.850,-0.01,25.850,-0.06,25.850,0.02,25.850,0.02,25.850,0.05,25.850,0.00,25.850,0.01,25.850,0.04
25.900,-0.01,25.900,-0.02,25.900,-0.02,25.900,-0.05,25.900,0.02,25.900,0.01,25.900,0.05,25.900,0.01,25.900,0.00,25.900,0.05
25.950,-0.02,25.950,-0.02,25.950,-0.02,25.950,-0.05,25.950,0.03,25.950,0.02,25.950,0.05,25.950,0.01,25.950,-0.01,25.950,0.07
26.000,-0.03,26.000,-0.02,26.000,-0.01,26.000,-0.05,26.000,0.04,26.000,0.02,26.000,0.08,26.000,0.01,26.000,-0.01,26.000,0.09
26.050,-0.03,26.050,-0.02,26.050,-0.01,26.050,-0.05,26.050,0.04,26.050,0.03,26.050,0.09,26.050,0.01,26.050,-0.01,26.050,0.15
26.100,-0.04,26.100,-0.01,26.100,-0.01,26.100,-0.05,26.100,0.06,26.100,0.04,26.100,0.12,26.100,0.01,26.100,0.00,26.100,0.31
26.150,-0.04,26.150,-0.01,26.150,-0.01,26.150,-0.05,26.150,0.08,26.150,0.05,26.150,0.22,26.150,0.02,26.150,-0.02,26.150,0.12
26.200,-0.04,26.200,-0.01,26.200,-0.01,26.200,-0.03,26.200,0.11,26.200,0.06,26.200,0.57,26.200,0.01,26.200,-0.01,26.200,0.02
26.250,-0.02,26.250,-0.02,26.250,-0.02,26.250,-0.05,26.250,0.22,26.250,0.08,26.250,1.26,26.250,0.01,26.250,-0.01,26.250,-0.03
26.300,-0.02,26.300,-0.01,26.300,0.00,26.300,-0.05,26.300,0.23,26.300,0.10,26.300,1.22,26.300,0.01,26.300,0.01,26.300,-0.03
26.350,-0.02,26.350,-0.02,26.350,-0.01,26.350,-0.04,26.350,0.05,26.350,0.30,26.350,0.04,26.350,0.02,26.350,0.00,26.350,-0.04
26.400,-0.03,26.400,-0.02,26.400,-0.01,26.400,-0.04,26.400,0.00,26.400,0.99,26.400,-0.01,26.400,0.02,26.400,0.01,26.400,-0.03
26.450,-0.01,26.450,-0.01,26.450,-0.02,26.450,-0.04,26.450,-0.02,26.450,1.52,26.450,-0.05,26.450,0.02,26.450,0.01,26.450,-0.02
26.500,-0.02,26.500,-0.01,26.500,-0.01,26.500,-0.04,26.500,0.00,26.500,1.94,26.500,-0.04,26.500,0.04,26.500,0.02,26.500,-0.02
26.550,-0.01,26.550,-0.01,26.550,-0.01,26.550,-0.05,26.550,-0.01,26.550,2.30,26.550,-0.04,26.550,0.03,26.550,0.02,26.550,-0.01
26.600,-0.01,26.600,-0.01,26.600,0.00,26.600,-0.05,26.600,-0.01,26.600,0.02,26.600,-0.02,26.600,0.03,26.600,0.02,26.600,-0.03
26.650,-0.02,26.650,-0.01,26.650,-0.01,26.650,-0.04,26.650,-0.01,26.650,0.01,26.650,-0.02,26.650,0.03,26.650,0.02,26.650,-0.03
26.700,-0.01,26.700,-0.01,26.700,0.00,26.700,-0.04,26.700,-0.01,26.700,-0.05,26.700,-0.02,26.700,0.05,26.700,0.02,26.700,-0.02
26.750,-0.01,26.750,-0.01,26.750,0.02,26.750,-0.02,26.750,-0.01,26.750,-0.02,26.750,-0.03,26.750,0.05,26.750,0.02,26.750,-0.02
26.800,-0.02,26.800,-0.02,26.800,0.02,26.800,-0.02,26.800,-0.01,26.800,-0.02,26.800,-0.02,26.800,0.07,26.800,0.03,26.800,-0.02
26.850,-0.01,26.850,-0.02,26.850,0.01,26.850,-0.02,26.850,-0.01,26.850,-0.02,26.850,-0.02,26.850,0.09,26.850,0.04,26.850,-0.01
26.900,-0.01,26.900,-0.01,26.900,0.01,26.900,-0.01,26.900,-0.02,26.900,-0.01,26.900,-0.02,26.900,0.18,26.900,0.03,26.900,-0.02
26.950,-0.02,26.950,-0.01,26.950,0.02,26.950,-0.02,26.950,-0.02,26.950,-0.02,26.950,-0.03,26.950,0.85,26.950,0.04,26.950,-0.03
27.000,-0.01,27.000,-0.01,27.000,0.03,27.000,-0.01,27.000,-0.02,27.000,-0.01,27.000,-0.03,27.000,0.08,27.000,0.05,27.000,-0.01
27.050,0.01,27.050,0.00,27.050,0.02,27.050,-0.01,27.050,-0.02,27.050,-0.02,27.050,-0.02,27.050,0.05,27.050,0.06,27.050,-0.02
27.100,0.01,27.100,0.00,27.100,0.02,27.100,0.01,27.100,-0.01,27.100,-0.03,27.100,-0.02,27.100,-0.01,27.100,0.06,27.100,-0.02
27.150,0.01,27.150,-0.01,27.150,0.03,27.150,0.01,27.150,-0.02,27.150,-0.03,27.150,-0.01,27.150,-0.01,27.150,0.07,27.150,-0.02
27.200,0.02,27.200,-0.01,27.200,0.02,27.200,0.01,27.200,-0.01,27.200,-0.02,27.200,-0.01,27.200,-0.01,27.200,0.07,27.200,-0.01
27.250,0.02,27.250,-0.02,27.250,0.01,27.250,0.01,27.250,-0.03,27.250,-0.03,27.250,-0.01,27.250,-0.01,27.250,0.10,27.250,-0.01
27.300,0.01,27.300,-0.01,27.300,0.01,27.300,0.00,27.300,0.00,27.300,-0.03,27.300,-0.01,27.300,-0.01,27.300,0.13,27.300,-0.01
27.350,0.01,27.350,-0.01,27.350,0.01,27.350,0.00,27.350,0.00,27.350,-0.03,27.350,0.01,27.350,-0.01,27.350,0.16,27.350,-0.01
27.400,0.01,27.400,0.00,27.400,0.01,27.400,0.03,27.400,0.01,27.400,-0.02,27.400,0.02,27.400,-0.01,27.400,0.26,27.400,-0.01
27.450,0.02,27.450,-0.01,27.450,0.01,27.450,0.01,27.450,0.01,27.450,-0.02,27.450,0.02,27.450,0.00,27.450,0.32,27.450,-0.01
27.500,0.02,27.500,0.00,27.500,0.01,27.500,-0.01,27.500,0.01,27.500,-0.02,27.500,0.01,27.500,-0.02,27.500,0.43,27.500,0.01
27.550,0.02,27.550,0.00,27.550,0.00,27.550,0.01,27.550,0.02,27.550,-0.01,27.550,0.04,27.550,-0.01,27.550,0.58,27.550,0.00
27.600,0.02,27.600,-0.01,27.600,0.01,27.600,0.00,27.600,0.03,27.600,-0.02,27.600,0.06,27.600,-0.01,27.600,0.09,27.600,0.01
27.650,0.02,27.650,-0.02,27.650,0.00,27.650,0.00,27.650,0.02,27.650,-0.03,27.650,0.06,27.650,-0.01,27.650,0.04,27.650,0.01
27.700,0.02,27.700,-0.01,27.700,0.00,27.700,0.00,27.700,0.01,27.700,-0.02,27.700,0.08,27.700,0.00,27.700,-0.02,27.700,0.01
27.750,0.02,27.750,0.00,27.750,0.00,27.750,-0.01,27.750,0.01,27.750,-0.01,27.750,0.07,27.750,-2.78E-17,27.750,-0.02,27.750,0.00
27.800,0.02,27.800,-0.01,27.800,0.00,27.800,-0.01,27.800,0.00,27.800,-0.01,27.800,0.09,27.800,0.01,27.800,-0.01,27.800,0.00
27.850,0.02,27.850,-0.01,27.850,0.00,27.850,0.00,27.850,-0.01,27.850,-0.02,27.850,0.06,27.850,0.00,27.850,0.01,27.850,0.00
27.900,0.03,27.900,-0.01,27.900,0.00,27.900,-0.01,27.900,0.01,27.900,-0.01,27.900,0.13,27.900,0.01,27.900,-0.01,27.900,0.01
27.950,0.03,27.950,-0.01,27.950,0.01,27.950,-0.01,27.950,-0.01,27.950,-0.02,27.950,0.09,27.950,0.02,27.950,0.00,27.950,0.00
28.000,0.01,28.000,-0.01,28.000,0.00,28.000,0.00,28.000,-0.01,28.000,0.00,28.000,0.06,28.000,0.02,28.000,0.00,28.000,0.01
28.050,0.02,28.050,0.00,28.050,0.01,28.050,0.00,28.050,0.02,28.050,-0.02,28.050,0.05,28.050,0.02,28.050,0.00,28.050,0.01
28.100,0.02,28.100,-0.01,28.100,0.01,28.100,0.00,28.100,0.00,28.100,-0.01,28.100,0.03,28.100,0.03,28.100,0.00,28.100,0.01
28.150,0.03,28.150,0.00,28.150,0.01,28.150,0.02,28.150,0.00,28.150,-0.01,28.150,0.04,28.150,0.02,28.150,0.00,28.150,0.02
28.200,0.02,28.200,-0.01,28.200,0.02,28.200,0.05,28.200,0.00,28.200,0.00,28.200,0.03,28.200,0.02,28.200,0.00,28.200,0.01
28.250,0.02,28.250,-0.01,28.250,0.01,28.250,0.18,28.250,0.01,28.250,0.00,28.250,0.03,28.250,0.03,28.250,0.00,28.250,0.02
28.300,0.02,28.300,0.00,28.300,0.03,28.300,0.51,28.300,0.00,28.300,0.00,28.300,0.05,28.300,0.02,28.300,0.00,28.300,0.03
28.350,0.01,28.350,0.01,28.350,0.02,28.350,0.03,28.350,0.01,28.350,0.00,28.350,0.05,28.350,0.02,28.350,0.00,28.350,0.05
28.400,0.02,28.400,-0.01,28.400,0.03,28.400,0.00,28.400,0.02,28.400,0.01,28.400,0.04,28.400,0.03,28.400,0.00,28.400,0.06
28.450,0.01,28.450,0.00,28.450,0.04,28.450,-0.06,28.450,0.02,28.450,0.00,28.450,0.04,28.450,0.02,28.450,0.01,28.450,0.06
28.500,0.01,28.500,-0.01,28.500,0.05,28.500,-0.04,28.500,0.03,28.500,0.01,28.500,0.04,28.500,0.02,28.500,0.00,28.500,0.10
28.550,0.01,28.550,-0.01,28.550,0.05,28.550,-0.05,28.550,0.03,28.550,0.02,28.550,0.04,28.550,0.02,28.550,0.00,28.550,0.14
28.600,0.01,28.600,0.00,28.600,0.05,28.600,-0.05,28.600,0.04,28.600,0.01,28.600,0.05,28.600,0.01,28.600,-0.01,28.600,0.24
28.650,0.02,28.650,0.00,28.650,0.06,28.650,-0.05,28.650,0.05,28.650,0.02,28.650,0.04,28.650,0.03,28.650,0.00,28.650,0.32
28.700,0.01,28.700,0.01,28.700,0.07,28.700,-0.06,28.700,0.06,28.700,0.01,28.700,0.06,28.700,0.02,28.700,-0.01,28.700,0.09
28.750,0.01,28.750,0.00,28.750,0.11,28.750,-0.05,28.750,0.08,28.750,0.02,28.750,0.06,28.750,0.02,28.750,-0.01,28.750,0.03
28.800,0.01,28.800,0.00,28.800,0.16,28.800,-0.06,28.800,0.14,28.800,0.02,28.800,0.07,28.800,0.03,28.800,-0.01,28.800,-0.02
28.850,0.01,28.850,-0.01,28.850,0.28,28.850,-0.05,28.850,0.33,28.850,0.02,28.850,0.09,28.850,0.03,28.850,-0.01,28.850,-0.02
28.900,0.01,28.900,-0.01,28.900,0.60,28.900,-0.05,28.900,0.05,28.900,0.01,28.900,0.13,28.900,0.03,28.900,-0.01,28.900,-0.01
28.950,0.02,28.950,-0.01,28.950,0.97,28.950,-0.06,28.950,0.03,28.950,0.03,28.950,0.22,28.950,0.05,28.950,-0.01,28.950,-0.01
29.000,0.03,29.000,-0.01,29.000,0.15,29.000,-0.05,29.000,-0.03,29.000,0.02,29.000,0.39,29.000,0.06,29.000,0.00,29.000,-0.01
29.050,0.02,29.050,0.00,29.050,0.06,29.050,-0.05,29.050,-0.02,29.050,0.02,29.050,0.95,29.050,0.07,29.050,-0.01,29.050,-0.01
29.100,0.02,29.100,-0.01,29.100,-0.01,29.100,-0.06,29.100,-0.02,29.100,0.03,29.100,1.53,29.100,0.08,29.100,0.00,29.100,-0.02
29.150,0.01,29.150,-0.01,29.150,-0.01,29.150,-0.05,29.150,-0.02,29.150,0.03,29.150,0.66,29.150,0.12,29.150,0.01,29.150,-0.01
29.200,0.02,29.200,-0.01,29.200,0.00,29.200,-0.05,29.200,-0.02,29.200,0.02,29.200,0.04,29.200,0.24,29.200,0.01,29.200,-0.01
29.250,0.01,29.250,-0.01,29.250,0.01,29.250,-0.05,29.250,-0.01,29.250,0.02,29.250,-0.02,29.250,0.68,29.250,0.01,29.250,-0.02
29.300,0.02,29.300,-0.02,29.300,0.00,29.300,-0.04,29.300,-0.02,29.300,0.02,29.300,-0.03,29.300,0.31,29.300,0.01,29.300,-0.01
29.350,0.02,29.350,0.00,29.350,0.00,29.350,-0.05,29.350,-0.01,29.350,0.02,29.350,-0.02,29.350,0.05,29.350,0.01,29.350,-0.01
29.400,0.02,29.400,0.00,29.400,0.01,29.400,-0.04,29.400,-0.02,29.400,0.01,29.400,-0.01,29.400,-0.01,29.400,0.01,29.400,-0.02
29.450,0.02,29.450,-0.01,29.450,-0.01,29.450,-0.03,29.450,-0.01,29.450,0.02,29.450,-0.02,29.450,-0.03,29.450,0.02,29.450,-0.03
29.500,0.01,29.500,0.00,29.500,-0.01,29.500,-0.02,29.500,-0.01,29.500,0.02,29.500,-0.01,29.500,-0.02,29.500,0.01,29.500,-0.02
29.550,0.01,29.550,-0.01,29.550,-0.01,29.550,-0.03,29.550,-0.01,29.550,0.01,29.550,-0.02,29.550,-0.01,29.550,0.01,29.550,-0.02
29.600,0.02,29.600,0.00,29.600,-0.01,29.600,-0.02,29.600,-0.01,29.600,0.03,29.600,-0.01,29.600,-0.01,29.600,0.01,29.600,-0.03
29.650,0.02,29.650,0.00,29.650,0.00,29.650,-0.02,29.650,-0.02,29.650,0.04,29.650,-0.01,29.650,-0.01,29.650,0.02,29.650,-0.02
29.700,0.02,29.700,-0.01,29.700,0.00,29.700,-0.02,29.700,0.00,29.700,0.02,29.700,0.00,29.700,-0.01,29.700,0.03,29.700,-0.02
29.750,0.02,29.750,0.00,29.750,0.00,29.750,-0.01,29.750,-0.01,29.750,0.02,29.750,-0.01,29.750,-0.02,29.750,0.02,29.750,0.00
29.800,0.02,29.800,0.01,29.800,0.00,29.800,-0.01,29.800,-0.02,29.800,0.02,29.800,-0.01,29.800,-0.01,29.800,0.04,29.800,-0.01
29.850,0.02,29.850,0.00,29.850,0.01,29.850,-0.01,29.850,-0.02,29.850,0.02,29.850,0.00,29.850,-0.02,29.850,0.03,29.850,-0.02
29.900,0.02,29.900,-0.01,29.900,0.01,29.900,-0.01,29.900,-0.02,29.900,0.02,29.900,-0.01,29.900,-0.01,29.900,0.03,29.900,-0.02
29.950,0.02,29.950,0.00,29.950,0.01,29.950,-0.02,29.950,-0.01,29.950,0.02,29.950,-0.01,29.950,-0.01,29.950,0.04,29.950,-0.02
30.000,0.01,30.000,0.00,30.000,0.02,30.000,-0.03,30.000,0.01,30.000,0.02,30.000,-0.02,30.000,-0.01,30.000,0.05,30.000,-0.02
30.050,0.02,30.050,0.00,30.050,0.00,30.050,-0.02,30.050,0.01,30.050,0.03,30.050,-0.01,30.050,-0.01,30.050,0.06,30.050,0.00
30.100,0.03,30.100,0.00,30.100,0.00,30.100,-0.02,30.100,0.01,30.100,0.04,30.100,-0.01,30.100,0.00,30.100,0.07,30.100,0.01
30.150,0.04,30.150,0.00,30.150,0.01,30.150,-0.01,30.150,0.00,30.150,0.04,30.150,0.01,30.150,0.01,30.150,0.09,30.150,-0.01
30.200,0.05,30.200,0.00,30.200,0.01,30.200,-0.02,30.200,0.01,30.200,0.05,30.200,0.02,30.200,0.00,30.200,0.09,30.200,0.00
30.250,0.11,30.250,0.01,30.250,0.00,30.250,-0.01,30.250,0.01,30.250,0.06,30.250,0.00,30.250,0.00,30.250,0.12,30.250,0.00
30.300,0.24,30.300,0.00,30.300,0.01,30.300,-0.01,30.300,0.00,30.300,0.08,30.300,0.01,30.300,0.01,30.300,0.14,30.300,0.00
30.350,0.70,30.350,0.00,30.350,0.01,30.350,0.00,30.350,0.01,30.350,0.14,30.350,0.02,30.350,0.01,30.350,0.16,30.350,0.00
30.400,1.26,30.400,0.00,30.400,0.01,30.400,0.01,30.400,0.01,30.400,0.21,30.400,0.02,30.400,0.01,30.400,0.16,30.400,-0.01
30.450,1.59,30.450,0.00,30.450,0.02,30.450,0.03,30.450,0.01,30.450,0.60,30.450,0.02,30.450,0.02,30.450,0.21,30.450,0.00
30.500,1.75,30.500,0.00,30.500,0.02,30.500,0.03,30.500,0.00,30.500,1.09,30.500,0.03,30.500,0.03,30.500,0.24,30.500,-0.01
30.550,1.81,30.550,0.01,30.550,0.02,30.550,0.11,30.550,0.00,30.550,1.67,30.550,0.04,30.550,0.03,30.550,0.31,30.550,-0.01
30.600,1.94,30.600,0.00,30.600,0.02,30.600,0.24,30.600,0.01,30.600,1.48,30.600,0.06,30.600,0.04,30.600,0.47,30.600,-0.01
30.650,2.17,30.650,0.00,30.650,0.02,30.650,0.54,30.650,0.01,30.650,0.05,30.650,0.05,30.650,0.04,30.650,0.50,30.650,0.00
30.700,2.17,30.700,0.00,30.700,0.01,30.700,0.05,30.700,0.01,30.700,-0.02,30.700,0.06,30.700,0.04,30.700,0.52,30.700,0.02
30.750,2.10,30.750,0.00,30.750,0.02,30.750,0.00,30.750,0.01,30.750,-0.04,30.750,0.05,30.750,0.05,30.750,0.59,30.750,0.02
30.800,2.13,30.800,0.00,30.800,0.01,30.800,-0.07,30.800,0.02,30.800,-0.03,30.800,0.05,30.800,0.04,30.800,0.28,30.800,0.02
30.850,0.22,30.850,0.01,30.850,0.02,30.850,-0.06,30.850,0.02,30.850,-0.02,30.850,0.04,30.850,0.03,30.850,0.03,30.850,0.02
30.900,0.04,30.900,0.02,30.900,0.02,30.900,-0.06,30.900,0.02,30.900,-0.01,30.900,0.04,30.900,0.03,30.900,-0.02,30.900,0.03
30.950,-0.05,30.950,0.01,30.950,0.03,30.950,-0.04,30.950,0.01,30.950,-0.01,30.950,0.04,30.950,0.03,30.950,-0.03,30.950,0.03
31.000,-0.05,31.000,0.01,31.000,0.03,31.000,-0.03,31.000,0.02,31.000,-0.01,31.000,0.05,31.000,0.04,31.000,-0.01,31.000,0.04
31.050,-0.04,31.050,0.00,31.050,0.02,31.050,-0.05,31.050,0.02,31.050,-0.01,31.050,0.08,31.050,0.03,31.050,-0.01,31.050,0.04
31.100,-0.03,31.100,0.01,31.100,0.03,31.100,-0.05,31.100,0.03,31.100,-0.02,31.100,0.04,31.100,0.04,31.100,-0.01,31.100,0.05
31.150,-0.04,31.150,0.00,31.150,0.03,31.150,-0.04,31.150,0.03,31.150,-0.01,31.150,0.04,31.150,0.05,31.150,-0.01,31.150,0.08
31.200,-0.03,31.200,0.00,31.200,0.03,31.200,-0.04,31.200,0.04,31.200,-0.02,31.200,0.03,31.200,0.06,31.200,-0.01,31.200,0.12
31.250,-0.04,31.250,0.00,31.250,0.03,31.250,-0.04,31.250,0.05,31.250,-0.02,31.250,0.02,31.250,0.06,31.250,-0.01,31.250,0.18
31.300,-0.03,31.300,0.00,31.300,0.02,31.300,-0.04,31.300,0.07,31.300,-0.01,31.300,0.02,31.300,0.08,31.300,-0.01,31.300,0.22
31.350,-0.04,31.350,0.01,31.350,0.04,31.350,-0.04,31.350,0.09,31.350,-0.01,31.350,0.02,31.350,0.12,31.350,0.00,31.350,0.28
31.400,-0.04,31.400,0.01,31.400,0.05,31.400,-0.04,31.400,0.20,31.400,-0.01,31.400,0.03,31.400,0.24,31.400,0.00,31.400,0.22
31.450,-0.04,31.450,0.01,31.450,0.04,31.450,-0.04,31.450,0.19,31.450,-0.01,31.450,0.03,31.450,0.51,31.450,-0.01,31.450,0.03
31.500,-0.05,31.500,0.01,31.500,0.06,31.500,-0.04,31.500,0.04,31.500,-0.01,31.500,0.03,31.500,0.85,31.500,-0.01,31.500,-0.02
31.550,-0.04,31.550,0.01,31.550,0.07,31.550,-0.04,31.550,-0.02,31.550,-0.01,31.550,0.02,31.550,0.32,31.550,-0.01,31.550,-0.03
31.600,-0.04,31.600,0.00,31.600,0.10,31.600,-0.04,31.600,-0.02,31.600,-0.01,31.600,0.03,31.600,0.06,31.600,0.00,31.600,-0.01
31.650,-0.03,31.650,0.00,31.650,0.17,31.650,-0.04,31.650,-0.02,31.650,-0.02,31.650,0.02,31.650,-2.78E-17,31.650,-0.02,31.650,-0.02
31.700,-0.04,31.700,-0.01,31.700,0.37,31.700,-0.05,31.700,-0.02,31.700,-0.02,31.700,0.02,31.700,-0.02,31.700,-0.01,31.700,-0.02
31.750,-0.03,31.750,-0.01,31.750,0.84,31.750,-0.04,31.750,-0.02,31.750,-0.02,31.750,0.01,31.750,-2.78E-17,31.750,-0.01,31.750,-0.02
31.800,-0.04,31.800,0.01,31.800,0.95,31.800,-0.04,31.800,-0.01,31.800,-0.02,31.800,0.02,31.800,-0.01,31.800,-0.01,31.800,-0.02
31.850,-0.04,31.850,0.01,31.850,0.06,31.850,-0.04,31.850,-0.02,31.850,-0.02,31.850,0.02,31.850,0.00,31.850,-0.01,31.850,-0.02
31.900,-0.04,31.900,0.01,31.900,0.03,31.900,-0.04,31.900,-0.01,31.900,-0.02,31.900,0.03,31.900,-2.78E-17,31.900,-0.02,31.900,-0.02
31.950,-0.03,31.950,0.01,31.950,-0.02,31.950,-0.04,31.950,-0.01,31.950,-0.01,31.950,0.03,31.950,0.00,31.950,-0.01,31.950,-0.03
32.000,-0.03,32.000,0.01,32.000,-0.01,32.000,-0.04,32.000,-0.01,32.000,-0.02,32.000,0.03,32.000,0.00,32.000,0.00,32.000,-0.02
32.050,-0.02,32.050,0.02,32.050,-0.01,32.050,-0.04,32.050,-0.01,32.050,-0.02,32.050,0.04,32.050,-0.01,32.050,0.01,32.050,-0.02
32.100,-0.02,32.100,0.02,32.100,-0.01,32.100,-0.04,32.100,-0.01,32.100,-0.01,32.100,0.04,32.100,-0.01,32.100,0.00,32.100,-0.02
32.150,-0.02,32.150,0.03,32.150,-0.01,32.150,-0.04,32.150,-0.02,32.150,-0.01,32.150,0.05,32.150,-0.01,32.150,0.00,32.150,-0.02
32.200,-0.03,32.200,0.06,32.200,-0.01,32.200,-0.03,32.200,-0.02,32.200,0.01,32.200,0.05,32.200,0.00,32.200,0.00,32.200,-0.01
32.250,-0.02,32.250,0.06,32.250,-0.01,32.250,-0.04,32.250,-0.02,32.250,0.01,32.250,0.05,32.250,0.00,32.250,0.00,32.250,-0.02
32.300,-0.02,32.300,0.08,32.300,-0.01,32.300,-0.04,32.300,-0.02,32.300,0.00,32.300,0.07,32.300,-2.78E-17,32.300,0.01,32.300,-0.02
32.350,-0.02,32.350,0.10,32.350,-0.01,32.350,-0.04,32.350,-0.03,32.350,0.02,32.350,0.08,32.350,0.01,32.350,0.00,32.350,-0.02
32.400,-0.02,32.400,0.17,32.400,-0.02,32.400,-0.05,32.400,-0.02,32.400,0.02,32.400,0.10,32.400,-0.01,32.400,0.00,32.400,-0.01
32.450,-0.03,32.450,0.28,32.450,-0.01,32.450,-0.05,32.450,-0.01,32.450,0.02,32.450,0.17,32.450,0.00,32.450,-0.01,32.450,-0.01
32.500,-0.01,32.500,0.73,32.500,-0.02,32.500,-0.05,32.500,0.00,32.500,0.04,32.500,0.30,32.500,0.00,32.500,-0.01,32.500,-0.01
32.550,-0.03,32.550,1.25,32.550,-0.01,32.550,-0.04,32.550,0.02,32.550,0.04,32.550,0.73,32.550,0.01,32.550,0.00,32.550,-0.01
32.600,-0.02,32.600,1.61,32.600,-0.01,32.600,-0.05,32.600,0.02,32.600,0.04,32.600,1.24,32.600,0.02,32.600,-0.01,32.600,-0.01
32.650,-0.02,32.650,0.13,32.650,-0.01,32.650,-0.05,32.650,0.02,32.650,0.04,32.650,1.75,32.650,0.02,32.650,-0.02,32.650,-0.01
32.700,-0.02,32.700,0.04,32.700,0.01,32.700,-0.05,32.700,0.01,32.700,0.04,32.700,0.08,32.700,0.02,32.700,-0.02,32.700,-0.01
32.750,-0.02,32.750,-0.02,32.750,0.01,32.750,-0.04,32.750,0.01,32.750,0.04,32.750,0.04,32.750,0.03,32.750,-0.01,32.750,-0.01
32.800,-0.03,32.800,-0.03,32.800,0.00,32.800,-0.05,32.800,0.01,32.800,0.04,32.800,-0.03,32.800,0.04,32.800,-0.01,32.800,-0.01
32.850,-0.03,32.850,-0.02,32.850,0.00,32.850,-0.05,32.850,0.01,32.850,0.05,32.850,-0.02,32.850,0.04,32.850,-0.01,32.850,-0.01
32.900,-0.01,32.900,-0.02,32.900,0.01,32.900,-0.05,32.900,0.01,32.900,0.06,32.900,-0.02,32.900,0.04,32.900,-0.01,32.900,0.00
32.950,-0.02,32.950,-0.02,32.950,0.02,32.950,-0.04,32.950,0.02,32.950,0.06,32.950,-0.01,32.950,0.04,32.950,0.00,32.950,0.00
33.000,-0.02,33.000,-0.03,33.000,0.02,33.000,-0.04,33.000,0.02,33.000,0.07,33.000,0.00,33.000,0.05,33.000,0.00,33.000,-0.01
33.050,-0.02,33.050,-0.02,33.050,0.02,33.050,-0.04,33.050,0.02,33.050,0.11,33.050,-0.01,33.050,0.03,33.050,0.01,33.050,-0.02
33.100,-0.01,33.100,-0.02,33.100,0.02,33.100,-0.05,33.100,0.02,33.100,0.06,33.100,-0.01,33.100,0.04,33.100,0.01,33.100,-0.01
33.150,0.00,33.150,-0.03,33.150,0.02,33.150,-0.05,33.150,0.01,33.150,0.14,33.150,-0.01,33.150,0.04,33.150,0.00,33.150,-0.02
33.200,0.00,33.200,-0.03,33.200,0.02,33.200,-0.05,33.200,-0.01,33.200,0.11,33.200,-0.02,33.200,0.05,33.200,0.00,33.200,-0.02
33.250,0.00,33.250,-0.02,33.250,0.02,33.250,-0.05,33.250,0.00,33.250,0.11,33.250,-0.01,33.250,0.05,33.250,0.01,33.250,-0.01
33.300,0.00,33.300,-0.02,33.300,0.01,33.300,-0.05,33.300,0.00,33.300,0.08,33.300,-0.01,33.300,0.04,33.300,0.01,33.300,-0.01
33.350,0.00,33.350,-0.02,33.350,0.01,33.350,-0.05,33.350,0.00,33.350,0.08,33.350,-0.02,33.350,0.05,33.350,0.03,33.350,-0.01
33.400,0.01,33.400,-0.02,33.400,0.01,33.400,-0.05,33.400,0.00,33.400,0.07,33.400,-0.02,33.400,0.06,33.400,0.02,33.400,-0.01
33.450,0.01,33.450,-0.02,33.450,0.01,33.450,-0.05,33.450,0.00,33.450,0.07,33.450,-0.01,33.450,0.07,33.450,0.02,33.450,0.01
33.500,0.00,33.500,-0.02,33.500,0.02,33.500,-0.04,33.500,-0.01,33.500,0.04,33.500,-0.01,33.500,0.08,33.500,0.03,33.500,0.02
33.550,0.01,33.550,-0.03,33.550,0.01,33.550,-0.05,33.550,-0.01,33.550,0.04,33.550,0.00,33.550,0.15,33.550,0.04,33.550,0.02
33.600,0.01,33.600,-0.03,33.600,0.01,33.600,-0.05,33.600,-0.01,33.600,0.04,33.600,-0.01,33.600,0.38,33.600,0.04,33.600,0.02
33.650,0.00,33.650,-0.02,33.650,0.02,33.650,-0.05,33.650,-0.01,33.650,0.04,33.650,-0.01,33.650,0.82,33.650,0.04,33.650,0.02
33.700,0.00,33.700,-0.03,33.700,0.03,33.700,-0.04,33.700,-0.01,33.700,0.08,33.700,0.01,33.700,0.08,33.700,0.04,33.700,0.03
33.750,0.00,33.750,-0.02,33.750,0.03,33.750,-0.04,33.750,0.01,33.750,0.05,33.750,0.01,33.750,0.04,33.750,0.05,33.750,0.04
33.800,0.00,33.800,-0.01,33.800,0.02,33.800,-0.04,33.800,0.01,33.800,0.07,33.800,0.01,33.800,-0.01,33.800,0.05,33.800,0.05
33.850,0.01,33.850,-0.01,33.850,0.03,33.850,-0.04,33.850,0.00,33.850,0.06,33.850,0.03,33.850,-0.01,33.850,0.05,33.850,0.07
33.900,0.01,33.900,-0.01,33.900,0.05,33.900,-0.05,33.900,0.01,33.900,0.06,33.900,0.03,33.900,-0.01,33.900,0.08,33.900,0.09
33.950,0.01,33.950,0.01,33.950,0.05,33.950,-0.04,33.950,0.01,33.950,0.05,33.950,0.03,33.950,-2.78E-17,33.950,0.08,33.950,0.14
34.000,0.03,34.000,0.00,34.000,0.10,34.000,-0.04,34.000,0.02,34.000,0.06,34.000,0.05,34.000,0.01,34.000,0.09,34.000,0.32
34.050,0.05,34.050,0.00,34.050,0.15,34.050,-0.05,34.050,0.03,34.050,0.06,34.050,0.05,34.050,0.00,34.050,0.09,34.050,0.05
34.100,0.09,34.100,0.00,34.100,0.32,34.100,-0.05,34.100,0.04,34.100,0.06,34.100,0.06,34.100,0.00,34.100,0.12,34.100,0.02
34.150,0.19,34.150,0.00,34.150,0.78,34.150,-0.05,34.150,0.09,34.150,0.07,34.150,0.09,34.150,-0.01,34.150,0.16,34.150,-0.04
34.200,0.40,34.200,0.02,34.200,1.05,34.200,-0.05,34.200,0.07,34.200,0.06,34.200,0.08,34.200,-0.01,34.200,0.22,34.200,-0.02
34.250,0.70,34.250,0.02,34.250,0.10,34.250,-0.05,34.250,0.04,34.250,0.07,34.250,0.07,34.250,-0.01,34.250,0.24,34.250,-0.03
34.300,0.93,34.300,0.00,34.300,0.04,34.300,-0.04,34.300,-0.02,34.300,0.08,34.300,0.06,34.300,-0.01,34.300,0.30,34.300,-0.02
34.350,1.12,34.350,0.00,34.350,-0.02,34.350,-0.04,34.350,-0.03,34.350,0.07,34.350,0.05,34.350,-0.01,34.350,0.34,34.350,-0.02
34.400,1.38,34.400,-0.01,34.400,0.00,34.400,-0.04,34.400,-0.03,34.400,0.09,34.400,0.04,34.400,-0.02,34.400,0.42,34.400,-0.02
34.450,1.60,34.450,-0.02,34.450,-0.01,34.450,-0.04,34.450,-0.02,34.450,0.13,34.450,0.04,34.450,-0.02,34.450,0.45,34.450,-0.02
34.500,1.88,34.500,-0.01,34.500,0.00,34.500,-0.05,34.500,-0.02,34.500,0.19,34.500,0.04,34.500,-0.01,34.500,0.49,34.500,-0.02
34.550,2.03,34.550,-0.02,34.550,0.00,34.550,-0.04,34.550,-0.02,34.550,0.39,34.550,0.04,34.550,-0.02,34.550,0.55,34.550,-0.02
34.600,2.08,34.600,-0.02,34.600,0.00,34.600,-0.03,34.600,-0.02,34.600,0.69,34.600,0.03,34.600,-0.01,34.600,0.60,34.600,-0.02
34.650,2.27,34.650,-0.02,34.650,-0.01,34.650,-0.04,34.650,-0.02,34.650,1.01,34.650,0.03,34.650,-0.01,34.650,0.58,34.650,-0.02
34.700,0.05,34.700,-0.02,34.700,-0.01,34.700,-0.04,34.700,-0.03,34.700,1.33,34.700,0.02,34.700,-0.01,34.700,0.14,34.700,-0.03
34.750,0.01,34.750,-0.02,34.750,-0.01,34.750,-0.04,34.750,-0.03,34.750,1.70,34.750,0.03,34.750,-0.01,34.750,0.05,34.750,-0.02
34.800,-0.05,34.800,-0.02,34.800,-0.01,,,34.800,-0.02,34.800,1.99,34.800,0.02,34.800,-0.01,34.800,-0.02,34.800,-0.02
34.850,-0.03,34.850,-0.02,34.850,-0.01,,,34.850,-0.02,34.850,2.21,34.850,0.02,34.850,-0.01,34.850,-0.02,34.850,-0.02
34.900,-0.03,34.900,-0.02,34.900,-0.01,,,34.900,-0.01,34.900,1.41,34.900,0.01,34.900,-0.01,34.900,-0.01,34.900,-0.02
34.950,-0.04,34.950,-0.02,34.950,0.00,,,34.950,-0.02,34.950,0.06,34.950,0.02,34.950,-0.02,34.950,-0.01,34.950,-0.02
35.000,-0.04,35.000,-0.02,35.000,-0.01,,,35.000,-0.01,35.000,-0.02,35.000,0.02,35.000,-0.01,35.000,-0.01,35.000,-0.02
35.050,-0.04,35.050,-0.02,35.050,-0.02,,,35.050,-0.02,35.050,-0.03,35.050,0.02,35.050,-0.01,35.050,0.00,35.050,-0.02
35.100,-0.03,35.100,-0.01,35.100,0.00,,,35.100,0.00,35.100,-0.03,35.100,0.02,35.100,-0.02,35.100,0.00,35.100,-0.01
35.150,-0.04,35.150,-0.01,35.150,0.00,,,35.150,-0.01,35.150,-0.01,35.150,0.03,35.150,-0.01,35.150,0.01,35.150,-0.02
35.200,-0.04,35.200,-0.01,35.200,0.00,,,35.200,-0.01,35.200,-0.02,35.200,0.03,35.200,-0.01,35.200,0.01,35.200,-0.01
35.250,-0.04,35.250,-0.01,35.250,0.02,,,35.250,-0.01,35.250,-0.01,35.250,0.03,35.250,-0.01,35.250,0.00,35.250,0.01
35.300,-0.04,35.300,-0.01,35.300,0.02,,,35.300,-0.01,35.300,-0.01,35.300,0.03,35.300,0.00,35.300,0.00,35.300,-0.01
35.350,-0.04,35.350,0.00,35.350,0.02,,,35.350,-0.01,35.350,-0.02,35.350,0.04,35.350,-0.01,35.350,-0.01,35.350,-0.01
35.400,-0.04,35.400,0.01,35.400,0.02,,,35.400,0.00,35.400,-0.01,35.400,0.03,35.400,0.00,35.400,0.00,35.400,-0.01
35.450,-0.04,35.450,0.01,35.450,0.02,,,35.450,0.00,35.450,-0.01,35.450,0.03,35.450,-0.01,35.450,0.00,35.450,0.00
35.500,-0.03,35.500,0.01,35.500,0.02,,,35.500,0.01,35.500,-0.01,35.500,0.03,35.500,-0.03,35.500,0.01,35.500,0.00
35.550,-0.03,35.550,0.01,35.550,0.04,,,35.550,0.01,35.550,-0.01,35.550,0.02,35.550,-0.02,35.550,0.00,35.550,0.00
35.600,-0.04,35.600,0.01,35.600,0.03,,,35.600,0.01,35.600,-0.01,35.600,0.02,35.600,-0.02,35.600,0.01,35.600,0.00
35.650,-0.03,35.650,0.01,35.650,0.06,,,35.650,0.00,35.650,-0.01,35.650,0.03,35.650,-0.02,35.650,-0.01,35.650,0.00
35.700,-0.04,35.700,0.01,35.700,0.05,,,35.700,0.01,35.700,-0.01,35.700,0.04,35.700,-0.01,35.700,0.00,35.700,0.00
35.750,-0.03,35.750,0.01,35.750,0.01,,,35.750,0.02,35.750,-0.01,35.750,0.04,35.750,-0.01,35.750,0.01,35.750,-0.01
35.800,-0.03,35.800,0.01,35.800,0.02,,,35.800,0.01,35.800,0.00,35.800,0.05,35.800,-0.01,35.800,-0.01,35.800,0.00
35.850,-0.03,35.850,0.01,35.850,0.01,,,35.850,0.02,35.850,-0.01,35.850,0.08,35.850,-0.02,35.850,0.00,35.850,-0.01
35.900,-0.03,35.900,0.02,35.900,0.03,,,35.900,0.01,35.900,-0.01,35.900,0.10,35.900,-0.01,35.900,0.00,35.900,0.00
35.950,-0.03,35.950,0.02,35.950,0.01,,,35.950,0.03,35.950,-0.02,35.950,0.15,35.950,-0.01,35.950,-0.01,35.950,0.01
36.000,-0.03,36.000,0.02,36.000,0.01,,,36.000,0.02,36.000,-0.02,36.000,0.28,36.000,-2.78E-17,36.000,0.00,36.000,0.01
36.050,-0.02,36.050,0.02,36.050,0.03,,,36.050,0.02,36.050,-0.02,36.050,0.81,36.050,-0.02,36.050,0.00,36.050,0.02
36.100,-0.02,36.100,0.02,36.100,0.02,,,36.100,0.02,36.100,-0.01,36.100,1.62,36.100,-0.01,36.100,-0.02,36.100,0.03
36.150,-0.02,36.150,0.02,36.150,0.01,,,36.150,0.01,36.150,-0.01,36.150,0.09,36.150,-0.01,36.150,-0.01,36.150,0.02
36.200,-0.02,36.200,0.02,36.200,0.01,,,36.200,0.02,36.200,-0.02,36.200,0.05,36.200,-0.02,36.200,0.00,36.200,0.02
36.250,-0.02,36.250,0.03,36.250,0.01,,,36.250,0.01,36.250,-0.01,36.250,-0.03,36.250,-0.02,36.250,0.01,36.250,0.03
36.300,-0.02,36.300,0.03,36.300,0.03,,,36.300,0.00,36.300,0.00,36.300,-0.02,36.300,-0.01,36.300,0.02,36.300,0.03
36.350,-0.01,36.350,0.05,36.350,0.04,,,36.350,-0.01,36.350,0.00,36.350,-0.02,36.350,-0.01,36.350,0.01,36.350,0.03
36.400,-0.02,36.400,0.08,36.400,0.04,,,36.400,-0.01,36.400,0.01,36.400,-0.01,36.400,-0.01,36.400,0.01,36.400,0.05
36.450,-0.01,36.450,0.21,36.450,0.03,,,36.450,-0.02,36.450,0.02,36.450,-0.01,36.450,-0.02,36.450,0.00,36.450,0.07
36.500,-0.01,36.500,0.64,36.500,0.04,,,36.500,-0.03,36.500,0.02,36.500,-0.01,36.500,-0.01,36.500,0.01,36.500,0.08
36.550,-0.01,36.550,1.46,36.550,0.05,,,36.550,-0.01,36.550,0.02,36.550,-0.02,36.550,-0.02,36.550,0.01,36.550,0.09
36.600,0.00,36.600,0.19,36.600,0.06,,,36.600,-0.02,36.600,0.02,36.600,-0.02,36.600,-0.01,36.600,0.01,36.600,0.09
36.650,0.00,36.650,0.04,36.650,0.08,,,36.650,-0.02,36.650,0.02,36.650,-0.02,36.650,-0.03,36.650,0.01,36.650,0.11
36.700,0.00,36.700,-0.04,36.700,0.18,,,36.700,-0.02,36.700,0.02,36.700,-0.02,36.700,-0.02,36.700,0.01,36.700,0.13
36.750,0.01,36.750,-0.04,36.750,0.53,,,36.750,-0.03,36.750,0.06,36.750,-0.01,36.750,-0.02,36.750,0.01,36.750,0.27
36.800,0.01,36.800,-0.02,36.800,0.98,,,36.800,-0.03,36.800,0.05,36.800,-0.01,36.800,-0.02,36.800,0.02,36.800,0.19
36.850,0.00,36.850,-0.01,36.850,0.34,,,36.850,-0.03,36.850,0.04,36.850,-0.01,36.850,-0.03,36.850,0.03,36.850,0.05
36.900,0.01,36.900,-0.01,36.900,0.05,,,36.900,-0.02,36.900,0.03,36.900,-0.02,36.900,-0.02,36.900,0.03,36.900,-0.01
36.950,0.01,36.950,-0.02,36.950,-0.01,,,36.950,-0.02,36.950,0.03,36.950,-0.02,36.950,-0.02,36.950,0.02,36.950,-0.02
37.000,0.02,37.000,-0.02,37.000,-0.02,,,37.000,-0.02,37.000,0.03,37.000,-0.02,37.000,0.00,37.000,0.04,37.000,-0.02
37.050,0.01,37.050,-0.02,37.050,-0.01,,,37.050,-0.01,37.050,0.04,37.050,-0.01,37.050,-0.01,37.050,0.04,37.050,-0.02
37.100,0.02,37.100,-0.02,37.100,-0.01,,,37.100,-0.01,37.100,0.05,37.100,-0.01,37.100,-0.01,37.100,0.03,37.100,-0.01
37.150,0.01,37.150,-0.03,37.150,0.00,,,37.150,0.00,37.150,0.04,37.150,-0.01,37.150,0.00,37.150,0.03,37.150,-0.01
37.200,0.01,37.200,-0.02,37.200,0.00,,,37.200,0.00,37.200,0.03,37.200,0.00,37.200,-2.78E-17,37.200,0.04,37.200,0.00
37.250,0.01,37.250,-0.02,37.250,0.00,,,37.250,0.01,37.250,0.04,37.250,-0.01,37.250,-0.01,37.250,0.04,37.250,-0.01
37.300,0.02,37.300,-0.02,37.300,-0.01,,,37.300,0.01,37.300,0.03,37.300,0.00,37.300,-0.02,37.300,0.05,37.300,-0.03
37.350,0.02,37.350,-0.04,37.350,-0.01,,,37.350,0.01,37.350,0.04,37.350,0.00,37.350,-0.02,37.350,0.06,37.350,-0.02
37.400,0.01,37.400,-0.04,37.400,-0.01,,,37.400,0.01,37.400,0.04,37.400,0.02,37.400,-0.02,37.400,0.07,37.400,-0.02
37.450,0.03,37.450,-0.04,37.450,0.00,,,37.450,0.02,37.450,0.03,37.450,0.02,37.450,-0.02,37.450,0.07,37.450,-0.02
37.500,0.03,37.500,-0.04,37.500,-0.01,,,37.500,0.02,37.500,0.03,37.500,0.03,37.500,-0.01,37.500,0.09,37.500,-0.02
37.550,0.03,37.550,-0.04,37.550,0.01,,,37.550,0.03,37.550,0.03,37.550,0.03,37.550,-0.02,37.550,0.12,37.550,-0.02
37.600,0.03,37.600,-0.03,37.600,0.01,,,37.600,0.04,37.600,0.04,37.600,0.03,37.600,-0.02,37.600,0.13,37.600,-0.01
37.650,0.03,37.650,-0.03,37.650,0.00,,,37.650,0.04,37.650,0.05,37.650,0.03,37.650,-0.02,37.650,0.20,37.650,-0.01
37.700,0.03,37.700,-0.02,37.700,-0.01,,,37.700,0.07,37.700,0.05,37.700,0.04,37.700,-0.02,37.700,0.27,37.700,-0.01
37.750,0.03,37.750,-0.02,37.750,-0.01,,,37.750,0.10,37.750,0.07,37.750,0.04,37.750,-0.01,37.750,0.36,37.750,-0.01
37.800,0.04,37.800,-0.02,37.800,-0.01,,,37.800,0.19,37.800,0.10,37.800,0.04,37.800,-0.02,37.800,0.47,37.800,0.00
37.850,0.04,37.850,-0.03,37.850,0.00,,,37.850,0.04,37.850,0.17,37.850,0.04,37.850,-0.02,37.850,0.57,37.850,-0.01
37.900,0.07,37.900,-0.01,37.900,0.01,,,37.900,0.02,37.900,0.56,37.900,0.04,37.900,-0.02,37.900,0.36,37.900,-0.01
37.950,0.13,37.950,-0.01,37.950,0.00,,,37.950,-0.03,37.950,1.09,37.950,0.04,37.950,-0.02,37.950,0.05,37.950,-0.01
38.000,0.35,38.000,-0.01,38.000,0.00,,,38.000,-0.01,38.000,2.04,38.000,0.04,38.000,-0.01,38.000,0.02,38.000,-0.01
38.050,0.93,38.050,-0.01,38.050,0.00,,,38.050,-0.01,38.050,0.03,38.050,0.04,38.050,-0.01,38.050,-0.01,38.050,-0.01
38.100,1.22,38.100,-0.01,38.100,-0.01,,,38.100,-0.02,38.100,0.04,38.100,0.04,38.100,-2.78E-17,38.100,0.00,38.100,-0.01
38.150,1.45,38.150,-0.01,38.150,-0.01,,,38.150,-0.02,38.150,-0.03,38.150,0.05,38.150,0.01,38.150,0.00,38.150,-0.02
38.200,1.64,38.200,0.00,38.200,-0.01,,,38.200,-0.02,38.200,-0.02,38.200,0.03,38.200,0.01,38.200,-0.01,38.200,0.00
38.250,1.91,38.250,0.00,38.250,0.00,,,38.250,-0.02,38.250,-0.01,38.250,0.04,38.250,-2.78E-17,38.250,0.00,38.250,0.00
38.300,2.22,38.300,0.00,38.300,0.00,,,38.300,-0.02,38.300,-0.01,38.300,0.04,38.300,0.01,38.300,0.00,38.300,-0.01
38.350,0.19,38.350,0.00,38.350,0.00,,,38.350,-0.01,38.350,-0.02,38.350,0.05,38.350,0.02,38.350,-0.01,38.350,-0.01
38.400,0.03,38.400,0.00,38.400,0.01,,,38.400,-0.02,38.400,-0.02,38.400,0.05,38.400,0.04,38.400,0.00,38.400,-0.02
38.450,-0.05,38.450,0.01,38.450,0.00,,,38.450,-0.03,38.450,-0.02,38.450,0.06,38.450,0.05,38.450,-0.01,38.450,-0.02
38.500,-0.03,38.500,0.00,38.500,-0.01,,,38.500,-0.02,38.500,-0.02,38.500,0.06,38.500,0.07,38.500,-0.01,38.500,-0.02
38.550,-0.02,38.550,-0.01,38.550,0.00,,,38.550,-0.03,38.550,-0.01,38.550,0.05,38.550,0.09,38.550,-0.01,38.550,-0.01
38.600,-0.04,38.600,-0.01,38.600,0.01,,,38.600,-0.02,38.600,-0.03,38.600,0.05,38.600,0.07,38.600,-0.01,38.600,-0.02
38.650,-0.03,38.650,-0.01,38.650,0.01,,,38.650,-0.02,38.650,-0.02,38.650,0.05,38.650,0.06,38.650,0.00,38.650,-0.02
38.700,-0.04,38.700,-0.01,38.700,0.00,,,38.700,-0.01,38.700,0.00,38.700,0.06,38.700,0.04,38.700,-0.01,38.700,-0.02
38.750,-0.05,38.750,-0.01,38.750,0.01,,,38.750,-0.02,38.750,-0.02,38.750,0.06,38.750,0.04,38.750,-0.02,38.750,-0.02
38.800,-0.04,38.800,-0.01,38.800,-0.01,,,38.800,-0.03,38.800,-0.02,38.800,0.06,38.800,0.03,38.800,-0.02,38.800,-0.01
38.850,-0.05,38.850,-0.02,38.850,0.00,,,38.850,-0.02,38.850,-0.03,38.850,0.06,38.850,0.03,38.850,0.00,38.850,-0.01
38.900,-0.05,38.900,-0.02,38.900,0.01,,,38.900,-0.03,38.900,-0.02,38.900,0.07,38.900,0.03,38.900,0.00,38.900,-0.01
38.950,-0.04,38.950,-0.01,38.950,0.00,,,38.950,-0.02,38.950,-0.02,38.950,0.08,38.950,0.02,38.950,0.01,38.950,-0.02
39.000,-0.05,39.000,-0.01,,,,,39.000,-0.02,39.000,-0.02,39.000,0.08,39.000,0.03,39.000,0.00,,
39.050,-0.05,39.050,-0.01,,,,,39.050,-0.02,39.050,-0.01,39.050,0.10,39.050,0.03,39.050,0.00,,
39.100,-0.05,39.100,-0.01,,,,,39.100,-0.01,39.100,-0.01,39.100,0.10,39.100,0.04,39.100,0.00,,
39.150,-0.05,39.150,0.00,,,,,39.150,0.00,39.150,0.01,39.150,0.12,39.150,0.02,39.150,0.00,,
39.200,-0.03,39.200,0.00,,,,,39.200,-0.01,39.200,0.01,39.200,0.13,39.200,0.03,39.200,0.01,,
39.250,-0.04,39.250,0.00,,,,,39.250,-0.02,39.250,0.00,39.250,0.13,39.250,0.04,39.250,0.00,,
39.300,-0.03,39.300,0.00,,,,,39.300,0.00,39.300,0.02,39.300,0.12,39.300,0.03,39.300,0.00,,
39.350,-0.04,39.350,0.01,,,,,39.350,-0.02,39.350,0.01,39.350,0.12,39.350,0.03,39.350,0.00,,
39.400,-0.02,39.400,0.01,,,,,39.400,-0.02,39.400,0.02,39.400,0.15,39.400,0.03,39.400,0.01,,
39.450,-0.01,39.450,0.00,,,,,39.450,-0.01,39.450,0.02,39.450,0.11,39.450,0.02,39.450,0.00,,
39.500,-0.03,39.500,0.01,,,,,39.500,-0.02,39.500,0.01,39.500,0.10,39.500,0.03,39.500,0.01,,
39.550,-0.02,39.550,0.02,,,,,39.550,-0.02,39.550,0.02,39.550,0.09,39.550,0.03,39.550,0.01,,
39.600,-0.02,39.600,0.01,,,,,39.600,-0.02,39.600,0.02,39.600,0.08,39.600,0.03,39.600,0.01,,
39.650,-0.03,39.650,0.01,,,,,39.650,-0.02,39.650,0.03,39.650,0.09,39.650,0.03,39.650,0.01,,
39.700,-0.02,39.700,0.01,,,,,39.700,-0.02,39.700,0.03,39.700,0.09,39.700,0.03,39.700,0.01,,
39.750,-0.01,39.750,0.02,,,,,39.750,-0.03,39.750,0.03,39.750,0.11,39.750,0.04,39.750,0.01,,
39.800,0.00,39.800,0.03,,,,,39.800,-0.02,39.800,0.04,39.800,0.12,39.800,0.04,39.800,0.01,,
39.850,-0.01,39.850,0.03,,,,,39.850,-0.01,39.850,0.03,39.850,0.15,39.850,0.04,39.850,-0.01,,
39.900,-0.01,39.900,0.05,,,,,39.900,-0.02,39.900,0.02,39.900,0.13,39.900,0.03,39.900,0.00,,
39.950,-0.01,39.950,0.07,,,,,39.950,-0.03,39.950,0.02,39.950,0.12,39.950,0.04,39.950,0.01,,
40.000,-0.01,40.000,0.11,,,,,40.000,-0.02,40.000,0.02,40.000,0.16,40.000,0.03,40.000,-0.01,,
40.050,-0.01,40.050,0.21,,,,,40.050,-0.02,40.050,0.04,40.050,0.26,40.050,0.04,40.050,0.00,,
40.100,0.01,40.100,0.41,,,,,40.100,-0.03,40.100,0.03,40.100,0.40,40.100,0.03,40.100,0.00,,
40.150,0.01,40.150,0.74,,,,,40.150,-0.02,40.150,0.12,40.150,0.32,40.150,0.03,40.150,0.01,,
40.200,0.00,40.200,1.21,,,,,40.200,-0.02,40.200,0.09,40.200,0.18,40.200,0.03,40.200,0.00,,
40.250,-0.01,40.250,1.57,,,,,40.250,-0.02,40.250,0.07,40.250,0.10,40.250,0.03,40.250,0.00,,
40.300,-0.01,40.300,1.14,,,,,40.300,-0.02,40.300,0.07,40.300,0.10,40.300,0.03,40.300,0.00,,
40.350,0.00,40.350,0.05,,,,,40.350,-0.03,40.350,0.07,40.350,0.08,40.350,0.04,40.350,0.00,,
40.400,0.00,40.400,0.01,,,,,40.400,-0.03,40.400,0.06,40.400,0.07,40.400,0.04,40.400,0.00,,
40.450,0.00,40.450,-0.03,,,,,40.450,-0.02,40.450,0.05,40.450,0.06,40.450,0.04,40.450,-0.01,,
40.500,0.00,40.500,-0.03,,,,,40.500,-0.03,40.500,0.05,40.500,0.06,40.500,0.04,40.500,0.00,,
40.550,0.00,40.550,-0.02,,,,,40.550,-0.03,40.550,0.06,40.550,0.05,40.550,0.06,40.550,0.00,,
40.600,0.00,40.600,-0.03,,,,,40.600,-0.02,40.600,0.06,40.600,0.06,40.600,0.06,40.600,-0.01,,
40.650,0.01,40.650,-0.03,,,,,40.650,-0.02,40.650,0.06,40.650,0.07,40.650,0.08,40.650,0.00,,
40.700,0.00,40.700,-0.03,,,,,40.700,-0.02,40.700,0.07,40.700,0.06,40.700,0.12,40.700,0.00,,
40.750,0.00,40.750,-0.02,,,,,40.750,-0.03,40.750,0.09,40.750,0.06,40.750,0.18,40.750,-0.01,,
40.800,0.01,40.800,-0.03,,,,,40.800,-0.03,40.800,0.10,40.800,0.05,40.800,0.34,40.800,0.00,,
40.850,0.01,40.850,-0.03,,,,,40.850,-0.03,40.850,0.20,40.850,0.06,40.850,0.86,40.850,-0.01,,
40.900,0.01,40.900,-0.03,,,,,40.900,-0.02,40.900,0.55,40.900,0.06,40.900,0.15,40.900,-0.01,,
40.950,0.01,40.950,-0.02,,,,,40.950,-0.03,40.950,0.97,40.950,0.06,40.950,0.05,40.950,-0.01,,
41.000,0.01,41.000,-0.02,,,,,41.000,-0.02,41.000,1.24,41.000,0.06,41.000,-0.03,41.000,-0.01,,
41.050,0.01,41.050,-0.01,,,,,41.050,-0.02,41.050,1.72,41.050,0.06,41.050,-0.02,41.050,0.00,,
41.100,0.01,41.100,-0.02,,,,,41.100,-0.02,41.100,2.22,41.100,0.07,41.100,-0.02,41.100,-0.01,,
41.150,0.02,41.150,-0.02,,,,,41.150,-0.02,41.150,0.03,41.150,0.07,41.150,-0.01,41.150,-0.01,,
41.200,0.02,41.200,-0.01,,,,,41.200,-0.02,41.200,0.04,41.200,0.06,41.200,-0.01,41.200,-0.01,,
41.250,0.03,41.250,-0.01,,,,,41.250,-0.02,41.250,-0.04,41.250,0.06,41.250,-0.01,41.250,0.00,,
41.300,0.04,41.300,-0.01,,,,,41.300,-0.02,41.300,-0.03,41.300,0.06,41.300,-0.01,41.300,-0.01,,
41.350,0.06,41.350,-0.01,,,,,41.350,-0.02,41.350,-0.04,41.350,0.06,41.350,-0.02,41.350,-0.01,,
41.400,0.11,41.400,-0.01,,,,,41.400,-0.03,41.400,-0.03,41.400,0.07,41.400,-0.02,41.400,-0.01,,
41.450,0.18,41.450,-0.01,,,,,41.450,-0.02,41.450,-0.02,41.450,0.06,41.450,-0.03,41.450,-0.01,,
41.500,0.26,41.500,-0.03,,,,,41.500,-0.02,41.500,-0.02,41.500,0.07,41.500,-0.02,41.500,-0.01,,
41.550,0.50,41.550,-0.02,,,,,41.550,-0.02,41.550,-0.03,41.550,0.06,41.550,-0.02,41.550,-0.01,,
41.600,0.88,41.600,-0.02,,,,,41.600,-0.02,41.600,-0.03,41.600,0.07,41.600,-0.01,41.600,-0.01,,
41.650,1.29,41.650,-0.02,,,,,41.650,-0.02,41.650,-0.02,41.650,0.06,41.650,-0.02,41.650,-0.01,,
41.700,1.68,41.700,-0.01,,,,,41.700,-0.02,41.700,-0.02,41.700,0.06,41.700,-0.01,41.700,-0.01,,
41.750,1.80,41.750,-0.01,,,,,41.750,-0.02,41.750,-0.02,41.750,0.06,41.750,-0.02,41.750,-0.01,,
41.800,2.06,41.800,0.00,,,,,41.800,-0.01,41.800,-0.02,41.800,0.07,41.800,-0.03,41.800,-0.02,,
41.850,1.17,41.850,0.00,,,,,41.850,-0.01,41.850,-0.01,41.850,0.07,41.850,-0.02,41.850,-0.01,,
41.900,0.04,41.900,0.01,,,,,41.900,-0.01,41.900,-0.02,41.900,0.08,41.900,-0.02,41.900,-0.01,,
41.950,-0.01,41.950,0.01,,,,,41.950,-0.02,41.950,-0.02,41.950,0.08,41.950,-0.02,41.950,-0.01,,
42.000,-0.04,42.000,0.01,,,,,42.000,-0.02,42.000,-0.02,42.000,0.07,42.000,-0.02,42.000,-0.01,,
42.050,-0.03,42.050,0.01,,,,,42.050,-0.02,42.050,-0.02,42.050,0.07,42.050,-0.02,42.050,-0.01,,
42.100,-0.02,42.100,0.01,,,,,42.100,-0.01,42.100,-0.02,42.100,0.06,42.100,-0.01,42.100,0.00,,
42.150,-0.03,42.150,0.01,,,,,42.150,-0.02,42.150,0.00,42.150,0.05,42.150,-0.01,42.150,-0.01,,
42.200,-0.03,42.200,0.01,,,,,42.200,-0.01,42.200,-0.01,42.200,0.04,42.200,-0.02,42.200,-0.01,,
42.250,-0.03,42.250,0.01,,,,,42.250,-0.01,42.250,-0.02,42.250,0.05,42.250,-0.02,42.250,-0.01,,
42.300,-0.03,42.300,0.00,,,,,42.300,-0.01,42.300,-0.02,42.300,0.05,42.300,-0.02,42.300,-0.01,,
42.350,-0.03,42.350,0.01,,,,,42.350,-0.01,42.350,-0.01,42.350,0.05,42.350,-0.01,42.350,-0.01,,
42.400,-0.03,42.400,0.02,,,,,42.400,-0.01,42.400,0.02,42.400,0.04,42.400,-0.02,42.400,-0.01,,
42.450,-0.03,42.450,0.01,,,,,42.450,-0.01,42.450,0.02,42.450,0.03,42.450,-0.02,42.450,-0.01,,
42.500,-0.02,42.500,0.01,,,,,42.500,-0.01,42.500,0.02,42.500,0.02,42.500,-0.01,42.500,0.01,,
42.550,-0.03,42.550,0.03,,,,,42.550,-0.01,42.550,0.02,42.550,0.02,42.550,-0.01,42.550,-0.01,,
42.600,-0.04,42.600,0.03,,,,,42.600,0.00,42.600,0.02,42.600,0.03,42.600,-0.01,42.600,-0.01,,
42.650,-0.03,42.650,0.03,,,,,42.650,0.00,42.650,0.02,42.650,0.02,42.650,-0.01,42.650,-0.01,,
42.700,-0.02,42.700,0.02,,,,,42.700,-0.01,42.700,0.03,42.700,0.01,42.700,-0.02,,,,
42.750,-0.03,42.750,0.03,,,,,42.750,-0.02,42.750,0.03,42.750,0.01,42.750,-2.78E-17,,,,
42.800,-0.04,42.800,0.03,,,,,42.800,-0.02,42.800,0.04,42.800,0.01,42.800,-0.02,,,,
42.850,-0.03,42.850,0.04,,,,,42.850,-0.01,42.850,0.04,42.850,0.03,42.850,-0.02,,,,
42.900,-0.03,42.900,0.04,,,,,42.900,-0.01,42.900,0.05,42.900,0.03,42.900,-0.02,,,,
42.950,-0.02,42.950,0.05,,,,,42.950,-0.01,42.950,0.06,42.950,0.04,42.950,-0.01,,,,
43.000,-0.02,43.000,0.08,,,,,43.000,0.00,43.000,0.06,43.000,0.04,43.000,-0.01,,,,
43.050,-0.03,43.050,0.11,,,,,43.050,-0.01,43.050,0.06,43.050,0.05,43.050,-0.01,,,,
43.100,-0.02,43.100,0.17,,,,,43.100,0.00,43.100,0.06,43.100,0.05,43.100,-0.01,,,,
43.150,-0.03,43.150,0.25,,,,,43.150,-0.01,43.150,0.05,43.150,0.07,43.150,-0.02,,,,
43.200,-0.04,43.200,0.36,,,,,43.200,-0.01,43.200,0.04,43.200,0.11,43.200,-0.02,,,,
43.250,-0.03,43.250,0.49,,,,,43.250,-0.01,43.250,0.04,43.250,0.36,43.250,-0.02,,,,
43.300,-0.02,43.300,0.64,,,,,43.300,-0.01,43.300,0.04,43.300,1.28,43.300,-0.02,,,,
43.350,-0.02,43.350,0.82,,,,,43.350,-0.01,43.350,0.04,43.350,0.91,43.350,-0.02,,,,
43.400,-0.02,43.400,1.13,,,,,43.400,-0.01,43.400,0.04,43.400,0.05,43.400,-0.02,,,,
43.450,0.00,43.450,1.42,,,,,43.450,-0.01,43.450,0.05,43.450,-0.02,43.450,-0.02,,,,
43.500,0.01,43.500,1.59,,,,,43.500,-0.01,43.500,0.05,43.500,-0.03,43.500,-0.02,,,,
43.550,0.00,43.550,1.37,,,,,43.550,-0.01,43.550,0.06,43.550,-0.03,43.550,-0.02,,,,
43.600,-0.01,43.600,0.05,,,,,43.600,-0.01,43.600,0.22,43.600,-0.01,43.600,-0.02,,,,
43.650,0.00,43.650,-0.01,,,,,43.650,-0.01,43.650,0.00,43.650,-0.01,43.650,-0.01,,,,
43.700,-0.01,43.700,-0.03,,,,,43.700,-0.01,43.700,0.06,43.700,-0.01,43.700,-0.02,,,,
43.750,-0.01,43.750,-0.02,,,,,43.750,0.00,43.750,0.05,43.750,-0.01,43.750,-0.01,,,,
43.800,0.00,43.800,-0.02,,,,,43.800,-0.01,43.800,0.07,43.800,-0.02,43.800,-0.01,,,,
43.850,0.00,43.850,-0.02,,,,,43.850,-0.01,43.850,0.08,43.850,-0.01,43.850,-0.01,,,,
43.900,0.00,43.900,-0.03,,,,,43.900,-0.02,43.900,0.08,43.900,-0.01,43.900,0.00,,,,
43.950,0.00,43.950,-0.03,,,,,43.950,-0.01,43.950,0.07,43.950,0.00,43.950,-0.01,,,,
44.000,0.00,44.000,-0.03,,,,,44.000,-0.02,44.000,0.08,44.000,-0.01,44.000,-0.02,,,,
44.050,0.00,44.050,-0.03,,,,,44.050,-0.01,44.050,0.07,44.050,-0.01,44.050,-0.02,,,,
44.100,0.00,44.100,-0.02,,,,,44.100,-0.02,44.100,0.09,44.100,-0.02,44.100,-0.01,,,,
44.150,0.01,44.150,-0.03,,,,,44.150,-0.02,44.150,0.08,44.150,-0.01,44.150,-0.01,,,,
44.200,0.00,44.200,-0.02,,,,,44.200,-0.01,44.200,0.11,44.200,0.00,44.200,-0.01,,,,
44.250,0.00,44.250,-0.02,,,,,44.250,-0.02,44.250,0.13,44.250,-0.01,44.250,-0.01,,,,
44.300,0.01,44.300,-0.03,,,,,44.300,-0.03,44.300,0.16,44.300,0.00,44.300,-0.01,,,,
44.350,0.02,44.350,-0.02,,,,,44.350,-0.02,44.350,0.26,44.350,-0.01,44.350,-0.02,,,,
44.400,0.01,44.400,-0.03,,,,,44.400,-0.02,44.400,0.61,44.400,0.00,44.400,-0.01,,,,
44.450,0.01,44.450,-0.03,,,,,44.450,-0.03,44.450,1.05,44.450,-0.01,44.450,-0.02,,,,
44.500,0.01,44.500,-0.03,,,,,44.500,-0.03,44.500,1.39,44.500,-0.01,44.500,-0.01,,,,
44.550,0.01,44.550,-0.02,,,,,44.550,-0.02,44.550,1.79,44.550,-0.01,44.550,-0.01,,,,
44.600,0.01,44.600,-0.03,,,,,44.600,-0.03,44.600,2.30,44.600,-0.01,44.600,0.00,,,,
44.650,0.02,44.650,-0.04,,,,,44.650,-0.04,44.650,0.26,44.650,-0.01,44.650,-0.01,,,,
44.700,0.03,44.700,-0.02,,,,,44.700,-0.03,44.700,0.06,44.700,-0.01,44.700,-0.01,,,,
44.750,0.03,44.750,-0.04,,,,,44.750,-0.02,44.750,-0.02,44.750,-0.01,44.750,0.00,,,,
44.800,0.04,44.800,-0.03,,,,,44.800,-0.02,44.800,-0.02,44.800,-0.01,44.800,-0.01,,,,
44.850,0.07,44.850,-0.04,,,,,44.850,-0.03,44.850,-0.03,44.850,-0.01,44.850,-0.01,,,,
44.900,0.13,44.900,-0.04,,,,,44.900,-0.03,44.900,-0.01,44.900,-0.02,,,,,,
44.950,0.24,44.950,-0.02,,,,,44.950,-0.01,44.950,-0.01,44.950,-0.01,,,,,,
45.000,0.60,45.000,-0.02,,,,,45.000,-0.01,45.000,-0.01,45.000,-0.02,,,,,,
45.050,1.10,45.050,-0.02,,,,,45.050,-0.02,45.050,-0.02,45.050,-0.01,,,,,,
45.100,1.43,45.100,-0.02,,,,,45.100,-0.02,45.100,-0.02,45.100,-0.01,,,,,,
45.150,1.68,45.150,-0.03,,,,,45.150,-0.02,45.150,-0.02,45.150,-0.01,,,,,,
45.200,1.77,,,,,,,45.200,-0.01,45.200,-0.03,45.200,-0.02,,,,,,
45.250,1.83,,,,,,,45.250,-0.02,45.250,-0.02,45.250,-0.02,,,,,,
45.300,2.01,,,,,,,45.300,-0.03,45.300,-0.02,45.300,-0.01,,,,,,
45.350,2.09,,,,,,,45.350,-0.02,45.350,-0.01,45.350,0.00,,,,,,
45.400,1.76,,,,,,,45.400,-0.02,45.400,-0.01,45.400,-0.01,,,,,,
45.450,0.03,,,,,,,45.450,-0.02,45.450,-0.01,45.450,-0.02,,,,,,
45.500,0.00,,,,,,,45.500,-0.01,45.500,-0.02,45.500,-0.02,,,,,,
45.550,-0.05,,,,,,,45.550,-0.01,45.550,-0.02,45.550,-0.02,,,,,,
45.600,-0.04,,,,,,,45.600,-0.02,45.600,-0.02,45.600,-0.01,,,,,,
45.650,-0.03,,,,,,,45.650,-0.02,45.650,-0.01,45.650,-0.01,,,,,,
45.700,-0.03,,,,,,,45.700,-0.01,45.700,-0.02,45.700,-0.01,,,,,,
45.750,-0.03,,,,,,,45.750,-0.02,45.750,-0.02,45.750,0.00,,,,,,
45.800,-0.03,,,,,,,45.800,-0.02,45.800,-0.02,45.800,0.00,,,,,,
45.850,-0.03,,,,,,,45.850,-0.02,45.850,-0.02,45.850,-0.01,,,,,,
45.900,-0.02,,,,,,,45.900,-0.02,45.900,-0.02,45.900,-0.01,,,,,,
45.950,-0.03,,,,,,,45.950,-0.01,45.950,-0.02,45.950,-0.01,,,,,,
46.000,-0.03,,,,,,,46.000,-0.02,46.000,-0.02,46.000,-0.02,,,,,,
46.050,-0.04,,,,,,,46.050,-0.02,46.050,-0.02,46.050,-0.01,,,,,,
46.100,-0.04,,,,,,,46.100,-0.01,46.100,-0.01,46.100,0.00,,,,,,
46.150,-0.04,,,,,,,46.150,-0.01,46.150,-0.03,46.150,-0.01,,,,,,
46.200,-0.03,,,,,,,46.200,-0.02,46.200,-0.02,46.200,-0.01,,,,,,
46.250,-0.04,,,,,,,46.250,-0.02,46.250,-0.02,46.250,-0.01,,,,,,
46.300,-0.03,,,,,,,46.300,-0.02,46.300,-0.02,46.300,-0.01,,,,,,
46.350,-0.03,,,,,,,46.350,-0.02,46.350,-0.03,46.350,-0.01,,,,,,
46.400,-0.02,,,,,,,46.400,-0.01,46.400,-0.02,46.400,0.00,,,,,,
46.450,-0.03,,,,,,,46.450,-0.02,46.450,-0.02,46.450,-0.01,,,,,,
46.500,-0.02,,,,,,,46.500,-0.02,46.500,-0.02,46.500,-0.01,,,,,,
46.550,-0.01,,,,,,,46.550,-0.01,46.550,-0.01,46.550,-0.01,,,,,,
46.600,-0.02,,,,,,,46.600,-0.02,46.600,-0.01,46.600,-0.01,,,,,,
46.650,-0.03,,,,,,,46.650,-0.02,46.650,-0.02,46.650,0.00,,,,,,
46.700,-0.03,,,,,,,46.700,-0.02,46.700,-0.02,46.700,-0.01,,,,,,
46.750,-0.03,,,,,,,46.750,-0.02,46.750,-0.02,46.750,0.00,,,,,,
46.800,-0.03,,,,,,,46.800,-0.02,46.800,-0.01,46.800,-0.01,,,,,,
46.850,-0.03,,,,,,,46.850,-0.01,46.850,0.00,46.850,-0.01,,,,,,
46.900,-0.04,,,,,,,46.900,-0.02,46.900,0.01,46.900,0.00,,,,,,
46.950,-0.03,,,,,,,46.950,-0.02,46.950,0.01,46.950,0.00,,,,,,
47.000,-0.02,,,,,,,47.000,-0.02,47.000,0.02,47.000,0.00,,,,,,
47.050,-0.02,,,,,,,47.050,-0.02,47.050,0.02,47.050,0.01,,,,,,
47.100,-0.01,,,,,,,47.100,-0.01,47.100,0.02,47.100,0.01,,,,,,
47.150,-0.01,,,,,,,47.150,-0.03,47.150,0.02,47.150,0.00,,,,,,
47.200,0.01,,,,,,,47.200,-0.02,47.200,0.03,47.200,0.00,,,,,,
47.250,-0.01,,,,,,,47.250,-0.02,47.250,0.08,47.250,0.01,,,,,,
47.300,0.00,,,,,,,47.300,-0.02,47.300,0.01,47.300,-0.01,,,,,,
47.350,0.00,,,,,,,47.350,-0.03,47.350,0.02,47.350,0.00,,,,,,
47.400,0.00,,,,,,,47.400,-0.02,47.400,0.03,47.400,0.00,,,,,,
47.450,-0.01,,,,,,,47.450,-0.02,47.450,0.03,47.450,0.01,,,,,,
47.500,-0.01,,,,,,,47.500,-0.01,47.500,0.02,47.500,0.00,,,,,,
47.550,-0.01,,,,,,,47.550,-0.01,47.550,0.03,47.550,0.00,,,,,,
47.600,0.00,,,,,,,47.600,-0.01,47.600,0.02,47.600,0.02,,,,,,
47.650,-0.01,,,,,,,47.650,-0.01,47.650,0.02,47.650,0.01,,,,,,
47.700,0.00,,,,,,,47.700,0.00,47.700,0.02,47.700,0.01,,,,,,
47.750,0.00,,,,,,,47.750,-0.01,47.750,0.02,47.750,0.01,,,,,,
47.800,0.00,,,,,,,47.800,-0.01,47.800,0.02,47.800,0.01,,,,,,
47.850,0.00,,,,,,,47.850,-0.01,47.850,0.03,47.850,-0.01,,,,,,
47.900,0.01,,,,,,,47.900,-0.01,47.900,0.03,47.900,0.01,,,,,,
47.950,0.02,,,,,,,47.950,-0.01,47.950,0.05,47.950,0.00,,,,,,
48.000,0.02,,,,,,,48.000,-0.02,48.000,0.07,48.000,-0.01,,,,,,
48.050,0.01,,,,,,,48.050,-0.01,48.050,0.10,48.050,0.01,,,,,,
48.100,0.02,,,,,,,48.100,-0.01,48.100,0.11,48.100,0.00,,,,,,
48.150,0.02,,,,,,,48.150,-0.01,48.150,0.15,48.150,0.01,,,,,,
48.200,0.02,,,,,,,48.200,-0.01,48.200,0.19,48.200,0.00,,,,,,
48.250,0.02,,,,,,,48.250,0.00,48.250,0.29,48.250,0.00,,,,,,
48.300,0.03,,,,,,,48.300,0.00,48.300,0.46,48.300,0.00,,,,,,
48.350,0.04,,,,,,,48.350,-0.01,48.350,0.62,48.350,0.00,,,,,,
48.400,0.09,,,,,,,48.400,-0.01,48.400,0.95,48.400,0.00,,,,,,
48.450,0.19,,,,,,,48.450,0.00,48.450,1.23,48.450,-0.01,,,,,,
48.500,0.34,,,,,,,48.500,-0.01,48.500,1.42,48.500,0.00,,,,,,
48.550,0.53,,,,,,,48.550,0.00,48.550,1.68,48.550,0.01,,,,,,
48.600,0.77,,,,,,,48.600,-0.01,48.600,1.89,48.600,0.01,,,,,,
48.650,1.19,,,,,,,48.650,-0.01,48.650,2.04,48.650,-0.01,,,,,,
48.700,1.64,,,,,,,48.700,0.00,48.700,2.10,48.700,0.00,,,,,,
48.750,2.13,,,,,,,48.750,-0.01,48.750,1.73,48.750,-0.01,,,,,,
48.800,0.15,,,,,,,48.800,-0.02,48.800,0.03,48.800,-0.02,,,,,,
48.850,0.03,,,,,,,48.850,-0.02,48.850,-0.02,48.850,-0.01,,,,,,
48.900,-0.05,,,,,,,48.900,-0.01,48.900,-0.05,48.900,0.01,,,,,,
48.950,-0.03,,,,,,,48.950,-0.01,48.950,-0.03,48.950,-0.01,,,,,,
49.000,-0.02,,,,,,,49.000,0.00,49.000,-0.03,49.000,-0.01,,,,,,
49.050,-0.01,,,,,,,49.050,-0.01,49.050,-0.04,49.050,-0.01,,,,,,
49.100,-0.01,,,,,,,49.100,-0.01,49.100,-0.03,49.100,-0.01,,,,,,
49.150,-0.02,,,,,,,49.150,-0.01,49.150,-0.03,49.150,0.00,,,,,,
49.200,-0.03,,,,,,,49.200,-0.02,49.200,-0.02,49.200,-0.01,,,,,,
49.250,-0.02,,,,,,,49.250,-0.01,49.250,-0.03,49.250,-0.01,,,,,,
49.300,-0.02,,,,,,,49.300,-0.01,49.300,-0.01,49.300,0.00,,,,,,
49.350,-0.03,,,,,,,49.350,-0.02,49.350,-0.02,49.350,-0.01,,,,,,
49.400,-0.02,,,,,,,49.400,-0.02,49.400,-0.02,49.400,-0.01,,,,,,
49.450,-0.02,,,,,,,49.450,-0.02,49.450,-0.03,49.450,-0.02,,,,,,
49.500,-0.02,,,,,,,49.500,-0.02,49.500,-0.03,49.500,-0.01,,,,,,
49.550,-0.01,,,,,,,49.550,-0.02,49.550,-0.02,49.550,-0.01,,,,,,
49.600,-0.01,,,,,,,49.600,-0.02,49.600,-0.02,49.600,-0.01,,,,,,
49.650,-0.02,,,,,,,49.650,-0.01,49.650,-0.04,49.650,-0.01,,,,,,
49.700,-0.02,,,,,,,49.700,-0.01,49.700,-0.03,49.700,-0.01,,,,,,
49.750,-0.02,,,,,,,49.750,-0.01,49.750,-0.02,49.750,-0.01,,,,,,
49.800,-0.02,,,,,,,49.800,-0.02,49.800,-0.02,49.800,-0.01,,,,,,
49.850,-0.01,,,,,,,49.850,-0.01,49.850,-0.01,49.850,-0.01,,,,,,
49.900,-0.01,,,,,,,49.900,-0.02,49.900,-0.02,49.900,-0.01,,,,,,
49.950,-0.01,,,,,,,49.950,-0.03,49.950,-0.03,49.950,-0.01,,,,,,
50.000,-0.02,,,,,,,50.000,-0.01,50.000,-0.02,50.000,-0.01,,,,,,
50.050,-0.02,,,,,,,50.050,-0.01,50.050,-0.02,50.050,0.00,,,,,,
50.100,-0.02,,,,,,,50.100,-0.01,50.100,-0.03,50.100,-0.02,,,,,,
50.150,-0.03,,,,,,,50.150,-0.01,50.150,-0.03,50.150,-0.01,,,,,,
50.200,-0.02,,,,,,,50.200,-0.01,50.200,-0.03,50.200,-0.01,,,,,,
50.250,-0.02,,,,,,,50.250,0.00,50.250,-0.03,50.250,-0.02,,,,,,
50.300,-0.02,,,,,,,50.300,-0.01,50.300,-0.03,50.300,-0.01,,,,,,
50.350,-0.03,,,,,,,50.350,-0.02,50.350,-0.03,50.350,-0.01,,,,,,
50.400,-0.03,,,,,,,50.400,-0.01,50.400,-0.02,50.400,0.00,,,,,,
50.450,-0.02,,,,,,,50.450,-0.01,50.450,-0.03,50.450,0.00,,,,,,
50.500,-0.02,,,,,,,50.500,-0.01,50.500,-0.02,50.500,-0.01,,,,,,
50.550,-0.03,,,,,,,50.550,-0.01,50.550,-0.02,50.550,-0.01,,,,,,
50.600,-0.04,,,,,,,50.600,-0.01,50.600,-0.02,50.600,0.00,,,,,,
50.650,-0.04,,,,,,,50.650,-0.01,50.650,-0.02,50.650,0.01,,,,,,
50.700,-0.03,,,,,,,50.700,-0.03,50.700,-0.02,50.700,0.00,,,,,,
50.750,-0.03,,,,,,,50.750,-0.01,50.750,-0.02,50.750,-0.01,,,,,,
50.800,-0.02,,,,,,,50.800,-0.01,50.800,-0.02,50.800,0.00,,,,,,
50.850,-0.03,,,,,,,50.850,-0.02,50.850,-0.02,50.850,0.00,,,,,,
50.900,-0.03,,,,,,,50.900,-0.02,50.900,-0.02,50.900,0.01,,,,,,
50.950,-0.03,,,,,,,50.950,-0.01,50.950,-0.02,50.950,0.00,,,,,,
51.000,-0.03,,,,,,,,,51.000,-0.02,51.000,0.01,,,,,,
51.050,-0.04,,,,,,,,,51.050,-0.02,51.050,0.00,,,,,,
51.100,-0.05,,,,,,,,,51.100,-0.02,51.100,-0.01,,,,,,
51.150,-0.04,,,,,,,,,51.150,-0.02,51.150,0.00,,,,,,
51.200,-0.04,,,,,,,,,,,51.200,-0.01,,,,,,
51.250,-0.04,,,,,,,,,,,51.250,-0.01,,,,,,
51.300,-0.03,,,,,,,,,,,51.300,-0.01,,,,,,
51.350,-0.04,,,,,,,,,,,51.350,-0.01,,,,,,
51.400,-0.04,,,,,,,,,,,51.400,0.00,,,,,,
51.450,-0.04,,,,,,,,,,,51.450,0.00,,,,,,
51.500,-0.03,,,,,,,,,,,51.500,0.00,,,,,,
51.550,-0.03,,,,,,,,,,,51.550,0.01,,,,,,
51.600,-0.02,,,,,,,,,,,51.600,0.01,,,,,,
51.650,-0.02,,,,,,,,,,,51.650,-0.01,,,,,,
51.700,-0.02,,,,,,,,,,,51.700,-0.01,,,,,,
51.750,-0.02,,,,,,,,,,,51.750,0.00,,,,,,
51.800,-0.02,,,,,,,,,,,51.800,0.00,,,,,,
51.850,-0.03,,,,,,,,,,,51.850,-0.01,,,,,,
51.900,-0.02,,,,,,,,,,,51.900,-0.01,,,,,,
51.950,-0.03,,,,,,,,,,,51.950,-0.02,,,,,,
52.000,-0.03,,,,,,,,,,,52.000,-0.01,,,,,,
52.050,-0.02,,,,,,,,,,,52.050,-0.01,,,,,,
52.100,-0.02,,,,,,,,,,,52.100,-0.01,,,,,,
52.150,-0.02,,,,,,,,,,,52.150,-0.02,,,,,,
52.200,-0.02,,,,,,,,,,,52.200,-0.02,,,,,,
52.250,-0.03,,,,,,,,,,,52.250,-0.02,,,,,,
52.300,-0.02,,,,,,,,,,,52.300,-0.02,,,,,,
52.350,-0.03,,,,,,,,,,,52.350,-0.01,,,,,,
52.400,-0.03,,,,,,,,,,,52.400,-0.01,,,,,,
52.450,-0.03,,,,,,,,,,,52.450,-0.01,,,,,,
52.500,-0.03,,,,,,,,,,,52.500,-0.01,,,,,,
52.550,-0.02,,,,,,,,,,,52.550,-0.01,,,,,,
52.600,-0.02,,,,,,,,,,,52.600,-0.02,,,,,,
52.650,-0.03,,,,,,,,,,,52.650,-0.01,,,,,,
52.700,-0.03,,,,,,,,,,,52.700,-0.01,,,,,,
52.750,-0.02,,,,,,,,,,,52.750,-0.01,,,,,,
52.800,-0.03,,,,,,,,,,,52.800,-0.02,,,,,,
52.850,-0.03,,,,,,,,,,,52.850,-0.02,,,,,,
52.900,-0.02,,,,,,,,,,,52.900,-0.02,,,,,,
52.950,-0.01,,,,,,,,,,,52.950,-0.01,,,,,,
53.000,-0.01,,,,,,,,,,,53.000,-0.02,,,,,,
53.050,-0.02,,,,,,,,,,,53.050,-0.02,,,,,,
53.100,-0.03,,,,,,,,,,,53.100,-0.02,,,,,,
53.150,-0.03,,,,,,,,,,,53.150,-0.01,,,,,,
53.200,-0.02,,,,,,,,,,,53.200,-0.01,,,,,,
53.250,-0.02,,,,,,,,,,,53.250,-0.01,,,,,,
53.300,-0.02,,,,,,,,,,,53.300,-0.01,,,,,,
53.350,-0.03,,,,,,,,,,,53.350,-0.02,,,,,,
53.400,-0.03,,,,,,,,,,,53.400,-0.01,,,,,,
53.450,-0.03,,,,,,,,,,,53.450,-0.02,,,,,,
53.500,-0.03,,,,,,,,,,,53.500,-0.01,,,,,,
53.550,-0.03,,,,,,,,,,,53.550,-0.01,,,,,,
53.600,-0.03,,,,,,,,,,,53.600,-0.01,,,,,,
53.650,-0.02,,,,,,,,,,,53.650,-0.01,,,,,,
53.700,-0.03,,,,,,,,,,,53.700,-0.02,,,,,,
53.750,-0.03,,,,,,,,,,,53.750,-0.02,,,,,,
53.800,-0.03,,,,,,,,,,,53.800,-0.02,,,,,,
53.850,-0.02,,,,,,,,,,,53.850,-0.03,,,,,,
53.900,-0.03,,,,,,,,,,,53.900,-0.01,,,,,,
53.950,-0.04,,,,,,,,,,,53.950,-0.01,,,,,,
54.000,-0.02,,,,,,,,,,,54.000,-0.02,,,,,,
54.050,-0.02,,,,,,,,,,,54.050,-0.03,,,,,,
54.100,-0.02,,,,,,,,,,,54.100,-0.01,,,,,,
54.150,-0.01,,,,,,,,,,,54.150,-0.01,,,,,,
54.200,-0.02,,,,,,,,,,,54.200,-0.01,,,,,,
54.250,-0.02,,,,,,,,,,,54.250,-0.01,,,,,,
54.300,-0.03,,,,,,,,,,,54.300,-0.02,,,,,,
54.350,-0.03,,,,,,,,,,,54.350,-0.01,,,,,,
54.400,-0.03,,,,,,,,,,,54.400,-0.02,,,,,,
54.450,-0.04,,,,,,,,,,,54.450,-0.01,,,,,,
54.500,-0.03,,,,,,,,,,,54.500,-0.01,,,,,,
54.550,-0.03,,,,,,,,,,,54.550,-0.01,,,,,,
54.600,-0.02,,,,,,,,,,,54.600,-0.02,,,,,,
54.650,-0.02,,,,,,,,,,,54.650,-0.02,,,,,,
,,,,,,,,,,,,54.700,-0.02,,,,,,
,,,,,,,,,,,,54.750,-0.02,,,,,,
,,,,,,,,,,,,54.800,-0.03,,,,,,
,,,,,,,,,,,,54.850,-0.02,,,,,,
,,,,,,,,,,,,54.900,-0.02,,,,,,
,,,,,,,,,,,,54.950,-0.02,,,,,,
,,,,,,,,,,,,55.000,-0.01,,,,,,
,,,,,,,,,,,,55.050,-0.01,,,,,,
,,,,,,,,,,,,55.100,-0.01,,,,,,
,,,,,,,,,,,,55.150,-0.01,,,,,,
,,,,,,,,,,,,55.200,-0.01,,,,,,
,,,,,,,,,,,,55.250,-0.01,,,,,,
,,,,,,,,,,,,55.300,-0.01,,,,,,
,,,,,,,,,,,,55.350,0.00,,,,,,
,,,,,,,,,,,,55.400,-0.01,,,,,,
,,,,,,,,,,,,55.450,0.00,,,,,,
,,,,,,,,,,,,55.500,-0.01,,,,,,
,,,,,,,,,,,,55.550,0.00,,,,,,
,,,,,,,,,,,,55.600,0.00,,,,,,
,,,,,,,,,,,,55.650,0.00,,,,,,
,,,,,,,,,,,,55.700,0.00,,,,,,
,,,,,,,,,,,,55.750,0.00,,,,,,
,,,,,,,,,,,,55.800,0.01,,,,,,
,,,,,,,,,,,,55.850,0.01,,,,,,
,,,,,,,,,,,,55.900,0.01,,,,,,
,,,,,,,,,,,,55.950,-0.01,,,,,,
,,,,,,,,,,,,56.000,-0.01,,,,,,
,,,,,,,,,,,,56.050,-0.02,,,,,,
,,,,,,,,,,,,56.100,0.00,,,,,,
,,,,,,,,,,,,56.150,0.00,,,,,,
,,,,,,,,,,,,56.200,0.00,,,,,,
,,,,,,,,,,,,56.250,-0.01,,,,,,
,,,,,,,,,,,,56.300,-0.01,,,,,,
,,,,,,,,,,,,56.350,0.00,,,,,,
,,,,,,,,,,,,56.400,0.01,,,,,,
,,,,,,,,,,,,56.450,0.00,,,,,,
,,,,,,,,,,,,56.500,-0.01,,,,,,
,,,,,,,,,,,,56.550,-0.02,,,,,,
,,,,,,,,,,,,56.600,-0.02,,,,,,
,,,,,,,,,,,,56.650,-0.01,,,,,,
,,,,,,,,,,,,56.700,-0.02,,,,,,
,,,,,,,,,,,,56.750,-0.02,,,,,,
,,,,,,,,,,,,56.800,-0.02,,,,,,
,,,,,,,,,,,,56.850,-0.02,,,,,,
,,,,,,,,,,,,56.900,-0.01,,,,,,
,,,,,,,,,,,,56.950,-0.01,,,,,,
,,,,,,,,,,,,57.000,-0.02,,,,,,
,,,,,,,,,,,,57.050,-0.02,,,,,,
,,,,,,,,,,,,57.100,-0.01,,,,,,
,,,,,,,,,,,,57.150,0.00,,,,,,
,,,,,,,,,,,,57.200,-0.01,,,,,,
,,,,,,,,,,,,57.250,-0.01,,,,,,
,,,,,,,,,,,,57.300,-0.01,,,,,,
,,,,,,,,,,,,57.350,-0.02,,,,,,
,,,,,,,,,,,,57.400,-0.01,,,,,,
,,,,,,,,,,,,57.450,-0.01,,,,,,
,,,,,,,,,,,,57.500,0.00,,,,,,
,,,,,,,,,,,,57.550,-0.01,,,,,,
,,,,,,,,,,,,57.600,0.00,,,,,,
,,,,,,,,,,,,57.650,0.00,,,,,,
,,,,,,,,,,,,57.700,-0.01,,,,,,
,,,,,,,,,,,,57.750,0.00,,,,,,
,,,,,,,,,,,,57.800,0.00,,,,,,
,,,,,,,,,,,,57.850,-0.01,,,,,,
,,,,,,,,,,,,57.900,-0.01,,,,,,
,,,,,,,,,,,,57.950,-0.01,,,,,,
,,,,,,,,,,,,58.000,0.00,,,,,,
,,,,,,,,,,,,58.050,0.01,,,,,,
,,,,,,,,,,,,58.100,-0.01,,,,,,
,,,,,,,,,,,,58.150,0.00,,,,,,
,,,,,,,,,,,,58.200,-0.01,,,,,,
,,,,,,,,,,,,58.250,0.01,,,,,,
,,,,,,,,,,,,58.300,0.01,,,,,,
,,,,,,,,,,,,58.350,-0.01,,,,,,
,,,,,,,,,,,,58.400,0.01,,,,,,
,,,,,,,,,,,,58.450,0.01,,,,,,
,,,,,,,,,,,,58.500,0.00,,,,,,
,,,,,,,,,,,,58.550,0.00,,,,,,
,,,,,,,,,,,,58.600,-0.01,,,,,,
,,,,,,,,,,,,58.650,-0.01,,,,,,
,,,,,,,,,,,,58.700,-0.01,,,,,,
,,,,,,,,,,,,58.750,-0.01,,,,,,
,,,,,,,,,,,,58.800,0.00,,,,,,
,,,,,,,,,,,,58.850,-0.01,,,,,,
,,,,,,,,,,,,58.900,-0.01,,,,,,
,,,,,,,,,,,,58.950,0.00,,,,,,
,,,,,,,,,,,,59.000,0.00,,,,,,
,,,,,,,,,,,,59.050,0.00,,,,,,
,,,,,,,,,,,,59.100,0.01,,,,,,
,,,,,,,,,,,,59.150,0.01,,,,,,
,,,,,,,,,,,,59.200,0.00,,,,,,
,,,,,,,,,,,,59.250,0.00,,,,,,
,,,,,,,,,,,,59.300,0.00,,,,,,
,,,,,,,,,,,,59.350,0.00,,,,,,
,,,,,,,,,,,,59.400,0.00,,,,,,
,,,,,,,,,,,,59.450,0.00,,,,,,
,,,,,,,,,,,,59.500,0.00,,,,,,
,,,,,,,,,,,,59.550,0.00,,,,,,
,,,,,,,,,,,,59.600,0.00,,,,,,
,,,,,,,,,,,,59.650,-0.01,,,,,,
,,,,,,,,,,,,59.700,0.00,,,,,,
,,,,,,,,,,,,59.750,0.00,,,,,,
,,,,,,,,,,,,59.800,-0.01,,,,,,
,,,,,,,,,,,,59.850,-0.01,,,,,,
,,,,,,,,,,,,59.900,-0.01,,,,,,
,,,,,,,,,,,,59.950,-0.01,,,,,,
,,,,,,,,,,,,60.000,0.00,,,,,,
,,,,,,,,,,,,60.050,0.01,,,,,,
,,,,,,,,,,,,60.100,0.00,,,,,,
,,,,,,,,,,,,60.150,-0.01,,,,,,
,,,,,,,,,,,,60.200,-0.01,,,,,,
,,,,,,,,,,,,60.250,-0.01,,,,,,
,,,,,,,,,,,,60.300,-0.02,,,,,,
,,,,,,,,,,,,60.350,-0.02,,,,,,
,,,,,,,,,,,,60.400,-0.02,,,,,,
,,,,,,,,,,,,60.450,-0.01,,,,,,
,,,,,,,,,,,,60.500,-0.02,,,,,,
,,,,,,,,,,,,60.550,-0.01,,,,,,
,,,,,,,,,,,,60.600,-0.02,,,,,,
,,,,,,,,,,,,60.650,-0.01,,,,,,
,,,,,,,,,,,,60.700,0.00,,,,,,
,,,,,,,,,,,,60.750,-0.01,,,,,,
,,,,,,,,,,,,60.800,-0.01,,,,,,
,,,,,,,,,,,,60.850,-0.01,,,,,,
,,,,,,,,,,,,60.900,-0.01,,,,,,
,,,,,,,,,,,,60.950,0.00,,,,,,
,,,,,,,,,,,,61.000,-0.01,,,,,,
,,,,,,,,,,,,61.050,0.00,,,,,,
,,,,,,,,,,,,61.100,0.00,,,,,,
,,,,,,,,,,,,61.150,0.00,,,,,,
,,,,,,,,,,,,61.200,0.00,,,,,,
,,,,,,,,,,,,61.250,0.00,,,,,,
,,,,,,,,,,,,61.300,-0.01,,,,,,
,,,,,,,,,,,,61.350,-0.01,,,,,,
,,,,,,,,,,,,61.400,-0.01,,,,,,
,,,,,,,,,,,,61.450,0.00,,,,,,
,,,,,,,,,,,,61.500,-0.01,,,,,,
,,,,,,,,,,,,61.550,-0.01,,,,,,
,,,,,,,,,,,,61.600,0.00,,,,,,
,,,,,,,,,,,,61.650,-0.01,,,,,,
,,,,,,,,,,,,61.700,0.00,,,,,,
,,,,,,,,,,,,61.750,-0.01,,,,,,
,,,,,,,,,,,,61.800,0.00,,,,,,
,,,,,,,,,,,,61.850,0.00,,,,,,
,,,,,,,,,,,,61.900,0.01,,,,,,
,,,,,,,,,,,,61.950,0.00,,,,,,
,,,,,,,,,,,,62.000,-0.01,,,,,,
,,,,,,,,,,,,62.050,-0.01,,,,,,
,,,,,,,,,,,,62.100,-0.01,,,,,,
,,,,,,,,,,,,62.150,0.00,,,,,,
,,,,,,,,,,,,62.200,-0.01,,,,,,
,,,,,,,,,,,,62.250,-0.01,,,,,,
,,,,,,,,,,,,62.300,-0.01,,,,,,
,,,,,,,,,,,,62.350,-0.01,,,,,,
,,,,,,,,,,,,62.400,-0.01,,,,,,
,,,,,,,,,,,,62.450,-0.02,,,,,,
,,,,,,,,,,,,62.500,-0.02,,,,,,
,,,,,,,,,,,,62.550,-0.02,,,,,,
,,,,,,,,,,,,62.600,-0.01,,,,,,
,,,,,,,,,,,,62.650,-0.01,,,,,,
,,,,,,,,,,,,62.700,-0.01,,,,,,
,,,,,,,,,,,,62.750,-0.01,,,,,,
,,,,,,,,,,,,62.800,0.00,,,,,,
,,,,,,,,,,,,62.850,0.00,,,,,,
,,,,,,,,,,,,62.900,0.00,,,,,,
,,,,,,,,,,,,62.950,0.00,,,,,,
,,,,,,,,,,,,63.000,0.00,,,,,,
,,,,,,,,,,,,63.050,0.00,,,,,,
,,,,,,,,,,,,63.100,0.00,,,,,,
,,,,,,,,,,,,63.150,0.00,,,,,,
,,,,,,,,,,,,63.200,0.00,,,,,,
,,,,,,,,,,,,63.250,-0.01,,,,,,
,,,,,,,,,,,,63.300,-0.01,,,,,,
,,,,,,,,,,,,63.350,0.00,,,,,,
,,,,,,,,,,,,63.400,-0.01,,,,,,
,,,,,,,,,,,,63.450,-0.01,,,,,,
,,,,,,,,,,,,63.500,-0.02,,,,,,
,,,,,,,,,,,,63.550,-0.02,,,,,,
,,,,,,,,,,,,63.600,-0.02,,,,,,
,,,,,,,,,,,,63.650,-0.01,,,,,,
,,,,,,,,,,,,63.700,-0.01,,,,,,
,,,,,,,,,,,,63.750,0.00,,,,,,
,,,,,,,,,,,,63.800,-0.01,,,,,,
,,,,,,,,,,,,63.850,-0.01,,,,,,
,,,,,,,,,,,,63.900,0.00,,,,,,
,,,,,,,,,,,,63.950,0.01,,,,,,
,,,,,,,,,,,,64.000,-0.02,,,,,,
,,,,,,,,,,,,64.050,-0.01,,,,,,
,,,,,,,,,,,,64.100,0.00,,,,,,
,,,,,,,,,,,,64.150,-0.01,,,,,,
,,,,,,,,,,,,64.200,-0.01,,,,,,
,,,,,,,,,,,,64.250,-0.01,,,,,,
,,,,,,,,,,,,64.300,0.00,,,,,,
,,,,,,,,,,,,64.350,-0.02,,,,,,
,,,,,,,,,,,,64.400,-0.01,,,,,,
,,,,,,,,,,,,64.450,-0.01,,,,,,
,,,,,,,,,,,,64.500,-0.01,,,,,,
,,,,,,,,,,,,64.550,-0.01,,,,,,
,,,,,,,,,,,,64.600,-0.01,,,,,,
,,,,,,,,,,,,64.650,-0.01,,,,,,
,,,,,,,,,,,,64.700,-0.01,,,,,,
,,,,,,,,,,,,64.750,-0.02,,,,,,
,,,,,,,,,,,,64.800,-0.01,,,,,,
,,,,,,,,,,,,64.850,-0.01,,,,,,
,,,,,,,,,,,,64.900,-0.01,,,,,,
,,,,,,,,,,,,64.950,0.00,,,,,,
,,,,,,,,,,,,65.000,0.00,,,,,,
,,,,,,,,,,,,65.050,0.00,,,,,,
,,,,,,,,,,,,65.100,0.00,,,,,,
,,,,,,,,,,,,65.150,-0.01,,,,,,
,,,,,,,,,,,,65.200,-0.01,,,,,,
,,,,,,,,,,,,65.250,0.00,,,,,,
,,,,,,,,,,,,65.300,0.00,,,,,,
,,,,,,,,,,,,65.350,0.01,,,,,,
,,,,,,,,,,,,65.400,0.01,,,,,,
,,,,,,,,,,,,65.450,0.00,,,,,,
,,,,,,,,,,,,65.500,0.00,,,,,,
,,,,,,,,,,,,65.550,-0.01,,,,,,
,,,,,,,,,,,,65.600,0.00,,,,,,
,,,,,,,,,,,,65.650,0.01,,,,,,
,,,,,,,,,,,,65.700,0.00,,,,,,
,,,,,,,,,,,,65.750,-0.01,,,,,,
,,,,,,,,,,,,65.800,-0.01,,,,,,
,,,,,,,,,,,,65.850,0.00,,,,,,
,,,,,,,,,,,,65.900,-0.02,,,,,,
,,,,,,,,,,,,65.950,0.00,,,,,,
,,,,,,,,,,,,66.000,0.00,,,,,,
,,,,,,,,,,,,66.050,-0.01,,,,,,
,,,,,,,,,,,,66.100,0.00,,,,,,
,,,,,,,,,,,,66.150,-0.01,,,,,,
,,,,,,,,,,,,66.200,-0.01,,,,,,
,,,,,,,,,,,,66.250,0.00,,,,,,
,,,,,,,,,,,,66.300,-0.01,,,,,,
,,,,,,,,,,,,66.350,0.00,,,,,,
,,,,,,,,,,,,66.400,0.00,,,,,,
,,,,,,,,,,,,66.450,0.00,,,,,,
,,,,,,,,,,,,66.500,-0.01,,,,,,
,,,,,,,,,,,,66.550,0.00,,,,,,
,,,,,,,,,,,,66.600,-0.02,,,,,,
,,,,,,,,,,,,66.650,-0.01,,,,,,
,,,,,,,,,,,,66.700,-0.01,,,,,,
,,,,,,,,,,,,66.750,-0.01,,,,,,
,,,,,,,,,,,,66.800,-0.01,,,,,,
,,,,,,,,,,,,66.850,-0.01,,,,,,
,,,,,,,,,,,,66.900,-0.01,,,,,,
,,,,,,,,,,,,66.950,-0.02,,,,,,
,,,,,,,,,,,,67.000,-0.01,,,,,,
,,,,,,,,,,,,67.050,-0.01,,,,,,
,,,,,,,,,,,,67.100,-0.01,,,,,,
,,,,,,,,,,,,67.150,-0.01,,,,,,
,,,,,,,,,,,,67.200,0.00,,,,,,
,,,,,,,,,,,,67.250,-0.02,,,,,,
,,,,,,,,,,,,67.300,-0.02,,,,,,
,,,,,,,,,,,,67.350,-0.01,,,,,,
,,,,,,,,,,,,67.400,-0.02,,,,,,
,,,,,,,,,,,,67.450,-0.01,,,,,,
,,,,,,,,,,,,67.500,0.00,,,,,,
,,,,,,,,,,,,67.550,-0.01,,,,,,
,,,,,,,,,,,,67.600,-0.01,,,,,,
,,,,,,,,,,,,67.650,-0.01,,,,,,
,,,,,,,,,,,,67.700,0.00,,,,,,
,,,,,,,,,,,,67.750,0.00,,,,,,
,,,,,,,,,,,,67.800,-0.01,,,,,,
,,,,,,,,,,,,67.850,0.00,,,,,,
,,,,,,,,,,,,67.900,-0.01,,,,,,
,,,,,,,,,,,,67.950,-0.01,,,,,,
,,,,,,,,,,,,68.000,-0.01,,,,,,
,,,,,,,,,,,,68.050,-0.01,,,,,,
,,,,,,,,,,,,68.100,-0.02,,,,,,
,,,,,,,,,,,,68.150,0.00,,,,,,
,,,,,,,,,,,,68.200,-0.01,,,,,,
,,,,,,,,,,,,68.250,-0.01,,,,,,
,,,,,,,,,,,,68.300,-0.01,,,,,,
,,,,,,,,,,,,68.350,0.00,,,,,,
,,,,,,,,,,,,68.400,0.00,,,,,,
,,,,,,,,,,,,68.450,-0.01,,,,,,
,,,,,,,,,,,,68.500,-0.01,,,,,,
,,,,,,,,,,,,68.550,0.00,,,,,,
,,,,,,,,,,,,68.600,-0.01,,,,,,
,,,,,,,,,,,,68.650,-0.02,,,,,,
,,,,,,,,,,,,68.700,-0.02,,,,,,
,,,,,,,,,,,,68.750,-0.01,,,,,,
,,,,,,,,,,,,68.800,0.00,,,,,,
,,,,,,,,,,,,68.850,0.01,,,,,,
,,,,,,,,,,,,68.900,-0.02,,,,,,
,,,,,,,,,,,,68.950,-0.01,,,,,,
,,,,,,,,,,,,69.000,0.00,,,,,,
,,,,,,,,,,,,69.050,-0.01,,,,,,
,,,,,,,,,,,,69.100,0.01,,,,,,
,,,,,,,,,,,,69.150,0.00,,,,,,
,,,,,,,,,,,,69.200,0.01,,,,,,
,,,,,,,,,,,,69.250,0.00,,,,,,
,,,,,,,,,,,,69.300,0.00,,,,,,
,,,,,,,,,,,,69.350,0.00,,,,,,
,,,,,,,,,,,,69.400,-0.01,,,,,,
,,,,,,,,,,,,69.450,0.00,,,,,,
,,,,,,,,,,,,69.500,0.00,,,,,,
,,,,,,,,,,,,69.550,-0.01,,,,,,
,,,,,,,,,,,,69.600,0.00,,,,,,
,,,,,,,,,,,,69.650,-0.01,,,,,,
,,,,,,,,,,,,69.700,0.00,,,,,,
,,,,,,,,,,,,69.750,-0.01,,,,,,
,,,,,,,,,,,,69.800,0.00,,,,,,
,,,,,,,,,,,,69.850,-0.01,,,,,,
,,,,,,,,,,,,69.900,-0.01,,,,,,
,,,,,,,,,,,,69.950,-0.01,,,,,,
,,,,,,,,,,,,70.000,-0.02,,,,,,
,,,,,,,,,,,,70.050,-0.02,,,,,,
,,,,,,,,,,,,70.100,-0.02,,,,,,
,,,,,,,,,,,,70.150,-0.02,,,,,,
,,,,,,,,,,,,70.200,-0.02,,,,,,
,,,,,,,,,,,,70.250,-0.01,,,,,,
,,,,,,,,,,,,70.300,-0.02,,,,,,
,,,,,,,,,,,,70.350,-0.01,,,,,,
,,,,,,,,,,,,70.400,0.00,,,,,,
,,,,,,,,,,,,70.450,0.00,,,,,,
,,,,,,,,,,,,70.500,0.01,,,,,,
,,,,,,,,,,,,70.550,0.00,,,,,,
,,,,,,,,,,,,70.600,0.00,,,,,,
,,,,,,,,,,,,70.650,0.00,,,,,,
,,,,,,,,,,,,70.700,-0.01,,,,,,
,,,,,,,,,,,,70.750,-0.01,,,,,,
,,,,,,,,,,,,70.800,-0.02,,,,,,
,,,,,,,,,,,,70.850,-0.02,,,,,,
,,,,,,,,,,,,70.900,-0.03,,,,,,
,,,,,,,,,,,,70.950,-0.02,,,,,,
,,,,,,,,,,,,71.000,0.00,,,,,,
,,,,,,,,,,,,71.050,-0.01,,,,,,
,,,,,,,,,,,,71.100,-0.02,,,,,,
,,,,,,,,,,,,71.150,-0.01,,,,,,
,,,,,,,,,,,,71.200,-0.02,,,,,,
,,,,,,,,,,,,71.250,-0.02,,,,,,
,,,,,,,,,,,,71.300,-0.01,,,,,,
,,,,,,,,,,,,71.350,-0.02,,,,,,
