"Time (s) Run #1","Force (N) Run #1","Time (s) Run #2","Force (N) Run #2","Time (s) Run #3","Force (N) Run #3","Time (s) Run #4","Force (N) Run #4","Time (s) Run #5","Force (N) Run #5","Time (s) Run #6","Force (N) Run #6","Time (s) Run #7","Force (N) Run #7","Time (s) Run #8","Force (N) Run #8","Time (s) Run #9","Force (N) Run #9","Time (s) Run #10","Force (N) Run #10","Time (s) Run #11","Force (N) Run #11"
0.000,-0.02,0.000,0.06,0.000,0.00,0.000,-0.03,0.000,0.00,0.000,-0.01,0.000,0.00,0.000,-0.01,0.000,-0.01,0.000,0.01,0.000,0.00
0.050,-0.01,0.050,0.07,0.050,0.01,0.050,-0.02,0.050,0.01,0.050,0.00,0.050,0.00,0.050,-0.02,0.050,-0.01,0.050,0.00,0.050,-0.01
0.100,-0.01,0.100,0.06,0.100,-0.01,0.100,-0.02,0.100,0.00,0.100,-0.01,0.100,-0.01,0.100,-0.01,0.100,0.00,0.100,0.01,0.100,-0.01
0.150,-0.02,0.150,0.06,0.150,-0.01,0.150,-0.02,0.150,0.00,0.150,0.00,0.150,0.01,0.150,-0.01,0.150,-0.01,0.150,0.00,0.150,-0.01
0.200,-0.02,0.200,0.06,0.200,-0.01,0.200,-0.03,0.200,-0.01,0.200,0.00,0.200,0.01,0.200,-0.01,0.200,-0.02,0.200,0.01,0.200,-0.01
0.250,-0.02,0.250,0.06,0.250,0.00,0.250,-0.02,0.250,0.01,0.250,0.00,0.250,0.01,0.250,-0.01,0.250,-0.02,0.250,0.02,0.250,-0.01
0.300,-0.03,0.300,0.05,0.300,0.00,0.300,-0.02,0.300,0.00,0.300,-0.01,0.300,0.01,0.300,-0.02,0.300,-0.01,0.300,0.01,0.300,-0.01
0.350,-0.01,0.350,0.05,0.350,-0.01,0.350,-0.02,0.350,0.00,0.350,0.00,0.350,0.00,0.350,-0.01,0.350,0.00,0.350,0.01,0.350,-0.01
0.400,-0.01,0.400,0.06,0.400,-0.01,0.400,-0.02,0.400,0.00,0.400,0.00,0.400,0.00,0.400,-0.02,0.400,-0.01,0.400,0.01,0.400,-0.01
0.450,-0.01,0.450,0.05,0.450,0.00,0.450,-0.03,0.450,-0.01,0.450,-0.01,0.450,0.00,0.450,-0.01,0.450,-0.01,0.450,0.01,0.450,-0.01
0.500,0.00,0.500,0.05,0.500,-0.02,0.500,-0.03,0.500,-0.01,0.500,0.00,0.500,0.00,0.500,-0.01,0.500,-0.01,0.500,0.01,0.500,-0.01
0.550,0.00,0.550,0.07,0.550,-0.02,0.550,-0.02,0.550,0.00,0.550,0.00,0.550,0.01,0.550,-0.01,0.550,-0.01,0.550,0.01,0.550,-0.01
0.600,-0.01,0.600,0.06,0.600,-0.02,0.600,-0.02,0.600,0.00,0.600,-0.01,0.600,0.00,0.600,0.00,0.600,-0.01,0.600,-0.01,0.600,-0.01
0.650,-0.02,0.650,0.06,0.650,-0.01,0.650,-0.02,0.650,0.00,0.650,0.00,0.650,0.00,0.650,0.00,0.650,0.00,0.650,0.01,0.650,-0.02
0.700,0.00,0.700,0.06,0.700,-0.01,0.700,-0.01,0.700,-0.01,0.700,0.00,0.700,0.00,0.700,0.00,0.700,0.00,0.700,0.01,0.700,-0.01
0.750,-0.01,0.750,0.06,0.750,-0.01,0.750,-0.01,0.750,0.00,0.750,0.00,0.750,-0.01,0.750,0.00,0.750,0.00,0.750,0.00,0.750,-0.02
0.800,-0.01,0.800,0.06,0.800,-0.03,0.800,-0.02,0.800,-0.02,0.800,0.00,0.800,-0.01,0.800,-0.01,0.800,-0.01,0.800,0.00,0.800,-0.01
0.850,-0.01,0.850,0.06,0.850,-0.02,0.850,-0.02,0.850,-0.01,0.850,-0.01,0.850,-0.01,0.850,0.00,0.850,-0.01,0.850,0.01,0.850,0.00
0.900,0.01,0.900,0.06,0.900,-0.01,0.900,-0.01,0.900,-0.01,0.900,-0.02,0.900,-0.01,0.900,-0.01,0.900,-0.03,0.900,0.00,0.900,-0.01
0.950,0.01,0.950,0.07,0.950,-0.01,0.950,-0.01,0.950,-0.01,0.950,-0.01,0.950,-0.01,0.950,0.00,0.950,-0.03,0.950,0.00,0.950,-0.01
1.000,-0.01,1.000,0.07,1.000,-0.01,1.000,-0.01,1.000,-0.01,1.000,0.00,1.000,-0.01,1.000,0.00,1.000,-0.02,1.000,0.01,1.000,-0.01
1.050,-0.01,1.050,0.07,1.050,-0.01,1.050,0.00,1.050,-0.01,1.050,-0.02,1.050,0.00,1.050,-0.01,1.050,-0.01,1.050,0.01,1.050,0.00
1.100,-0.01,1.100,0.08,1.100,-0.01,1.100,-0.01,1.100,0.00,1.100,-0.02,1.100,0.00,1.100,-0.01,1.100,-0.02,1.100,0.01,1.100,0.00
1.150,-0.01,1.150,0.09,1.150,0.00,1.150,-0.01,1.150,0.00,1.150,-0.01,1.150,0.00,1.150,-0.01,1.150,-0.02,1.150,0.01,1.150,0.00
1.200,-0.01,1.200,0.10,1.200,0.00,1.200,-0.03,1.200,0.01,1.200,-0.01,1.200,0.00,1.200,-0.02,1.200,-0.01,1.200,0.00,1.200,0.00
1.250,-0.01,1.250,0.14,1.250,-0.01,1.250,-0.02,1.250,0.00,1.250,-0.01,1.250,0.00,1.250,-0.01,1.250,0.01,1.250,0.01,1.250,0.00
1.300,-0.01,1.300,0.15,1.300,0.00,1.300,-0.02,1.300,0.00,1.300,-0.01,1.300,-0.01,1.300,-0.01,1.300,0.01,1.300,0.01,1.300,-0.01
1.350,-0.01,1.350,0.10,1.350,0.00,1.350,-0.03,1.350,0.00,1.350,-0.01,1.350,0.00,1.350,-0.01,1.350,0.01,1.350,0.01,1.350,-0.01
1.400,-0.01,1.400,0.12,1.400,0.00,1.400,-0.02,1.400,0.00,1.400,-0.01,1.400,0.00,1.400,-0.01,1.400,0.01,1.400,0.01,1.400,-0.01
1.450,-0.02,1.450,0.15,1.450,0.00,1.450,-0.02,1.450,0.00,1.450,-0.01,1.450,0.00,1.450,-0.01,1.450,0.01,1.450,0.01,1.450,-0.02
1.500,-0.01,1.500,0.17,1.500,-0.01,1.500,-0.01,1.500,-0.01,1.500,0.00,1.500,0.00,1.500,-0.01,1.500,0.00,1.500,0.01,1.500,-0.02
1.550,-0.01,1.550,0.16,1.550,-0.02,1.550,-0.02,1.550,0.00,1.550,-0.01,1.550,0.01,1.550,0.00,1.550,-0.01,1.550,0.01,1.550,0.00
1.600,-0.01,1.600,0.13,1.600,-0.01,1.600,-0.02,1.600,-0.01,1.600,-0.01,1.600,0.01,1.600,0.00,1.600,0.00,1.600,0.01,1.600,-0.01
1.650,-0.02,1.650,0.11,1.650,-0.01,1.650,-0.03,1.650,-0.01,1.650,0.00,1.650,0.00,1.650,-0.03,1.650,-0.01,1.650,0.01,1.650,-0.01
1.700,-0.01,1.700,0.09,1.700,0.00,1.700,-0.02,1.700,-0.01,1.700,-0.02,1.700,0.00,1.700,-0.02,1.700,-0.01,1.700,0.01,1.700,-0.01
1.750,-0.01,1.750,0.09,1.750,0.00,1.750,-0.02,1.750,0.00,1.750,-0.01,1.750,0.00,1.750,-0.02,1.750,0.00,1.750,0.00,1.750,-0.01
1.800,0.00,1.800,0.08,1.800,0.00,1.800,-0.02,1.800,0.00,1.800,-0.01,1.800,0.00,1.800,-0.02,1.800,-0.01,1.800,0.01,1.800,0.00
1.850,-0.02,1.850,0.10,1.850,0.00,1.850,-0.01,1.850,-0.01,1.850,-0.01,1.850,-0.01,1.850,-0.01,1.850,-0.01,1.850,0.00,1.850,0.00
1.900,-0.02,1.900,0.08,1.900,0.00,1.900,-0.02,1.900,-0.01,1.900,0.00,1.900,-0.01,1.900,-0.02,1.900,-0.01,1.900,0.01,1.900,0.00
1.950,-0.02,1.950,0.09,1.950,0.00,1.950,-0.03,1.950,-0.01,1.950,-0.01,1.950,-0.01,1.950,-0.02,1.950,-0.02,1.950,0.01,1.950,0.00
2.000,-0.02,2.000,0.09,2.000,0.00,2.000,-0.02,2.000,-0.01,2.000,-0.01,2.000,0.00,2.000,-0.02,2.000,-0.02,2.000,0.01,2.000,0.00
2.050,-0.02,2.050,0.09,2.050,-0.01,2.050,-0.03,2.050,-0.01,2.050,0.00,2.050,0.00,2.050,-0.02,2.050,-0.01,2.050,0.00,2.050,-0.01
2.100,-0.02,2.100,0.09,2.100,-0.01,2.100,-0.02,2.100,-0.01,2.100,-0.01,2.100,0.00,2.100,-0.02,2.100,-0.02,2.100,0.00,2.100,0.00
2.150,-0.02,2.150,0.08,2.150,-0.01,2.150,-0.01,2.150,-0.01,2.150,-0.01,2.150,0.00,2.150,-0.01,2.150,-0.02,2.150,0.00,2.150,0.00
2.200,-0.01,2.200,0.09,2.200,0.00,2.200,-0.02,2.200,0.00,2.200,-0.02,2.200,0.00,2.200,-0.01,2.200,-0.01,2.200,0.00,2.200,-0.01
2.250,-0.01,2.250,0.10,2.250,0.00,2.250,-0.03,2.250,-0.01,2.250,-0.01,2.250,0.00,2.250,-0.02,2.250,-0.01,2.250,0.00,2.250,0.00
2.300,-0.02,2.300,0.10,2.300,-0.01,2.300,-0.01,2.300,0.00,2.300,-0.01,2.300,0.00,2.300,-0.01,2.300,-0.02,2.300,-0.01,2.300,0.00
2.350,-0.02,2.350,0.10,2.350,0.00,2.350,-0.01,2.350,0.00,2.350,-0.01,2.350,0.00,2.350,-0.01,2.350,-0.01,2.350,0.01,2.350,-0.01
2.400,-0.02,2.400,0.10,2.400,0.00,2.400,-0.02,2.400,0.00,2.400,-0.01,2.400,-0.01,2.400,-0.01,2.400,-0.02,2.400,0.01,2.400,-0.02
2.450,-0.01,2.450,0.10,2.450,-0.01,2.450,-0.02,2.450,-0.01,2.450,-0.01,2.450,-0.01,2.450,-0.01,2.450,-0.02,2.450,0.01,2.450,-0.02
2.500,-0.01,2.500,0.10,2.500,0.00,2.500,-0.03,2.500,0.00,2.500,-0.02,2.500,-0.01,2.500,-0.02,2.500,-0.03,2.500,0.00,2.500,-0.01
2.550,-0.01,2.550,0.11,2.550,0.00,2.550,-0.03,2.550,-0.01,2.550,-0.01,2.550,-0.01,2.550,-0.01,2.550,-0.01,2.550,0.01,2.550,-0.01
2.600,-0.01,2.600,0.10,2.600,-0.01,2.600,-0.02,2.600,0.00,2.600,0.00,2.600,0.00,2.600,-0.01,2.600,-0.02,2.600,0.01,2.600,0.00
2.650,-0.03,2.650,0.08,2.650,0.01,2.650,-0.03,2.650,0.00,2.650,-0.02,2.650,-0.01,2.650,-0.01,2.650,-0.02,2.650,0.01,2.650,0.00
2.700,-0.02,2.700,0.07,2.700,0.00,2.700,-0.04,2.700,-0.01,2.700,-0.01,2.700,0.00,2.700,-0.01,2.700,-0.02,2.700,0.01,2.700,0.00
2.750,-0.02,2.750,0.06,2.750,0.01,2.750,-0.03,2.750,-0.01,2.750,-0.01,2.750,0.00,2.750,0.00,2.750,-0.02,2.750,0.01,2.750,0.00
2.800,-0.02,2.800,0.05,2.800,0.00,2.800,-0.02,2.800,0.01,2.800,-0.02,2.800,0.00,2.800,-0.01,2.800,-0.01,2.800,0.00,2.800,-0.01
2.850,-0.01,2.850,0.05,2.850,0.00,2.850,-0.02,2.850,0.00,2.850,-0.02,2.850,0.00,2.850,-0.01,2.850,-0.02,2.850,0.00,2.850,0.00
2.900,-0.01,2.900,0.06,2.900,0.00,2.900,-0.03,2.900,0.01,2.900,-0.01,2.900,-0.01,2.900,-0.01,2.900,-0.02,2.900,0.00,2.900,0.01
2.950,-0.01,2.950,0.06,2.950,0.00,2.950,-0.03,2.950,0.01,2.950,0.00,2.950,0.00,2.950,-0.02,2.950,-0.01,2.950,0.00,2.950,0.02
3.000,-0.01,3.000,0.07,3.000,0.00,3.000,-0.03,3.000,0.00,3.000,-0.01,3.000,0.00,3.000,-0.01,3.000,-0.02,3.000,-0.01,3.000,0.02
3.050,-0.01,3.050,0.08,3.050,0.00,3.050,-0.03,3.050,0.00,3.050,0.00,3.050,0.01,3.050,0.00,3.050,-0.01,3.050,0.00,3.050,0.02
3.100,0.00,3.100,0.07,3.100,0.00,3.100,-0.04,3.100,0.01,3.100,-0.02,3.100,0.00,3.100,0.01,3.100,-0.01,3.100,0.00,3.100,0.03
3.150,-0.01,3.150,0.08,3.150,0.00,3.150,-0.02,3.150,-0.01,3.150,-0.01,3.150,0.01,3.150,-0.01,3.150,-0.02,3.150,0.01,3.150,0.02
3.200,-0.02,3.200,0.07,3.200,0.00,3.200,-0.02,3.200,0.00,3.200,-0.01,3.200,0.01,3.200,0.00,3.200,-0.01,3.200,0.00,3.200,0.03
3.250,-0.01,3.250,0.08,3.250,0.01,3.250,-0.02,3.250,0.00,3.250,-0.01,3.250,0.01,3.250,0.00,3.250,-0.01,3.250,0.00,3.250,0.03
3.300,0.00,3.300,0.07,3.300,-0.01,3.300,-0.02,3.300,0.00,3.300,-0.01,3.300,0.00,3.300,-0.01,3.300,-0.02,3.300,0.00,3.300,0.06
3.350,-0.01,3.350,0.08,3.350,-0.01,3.350,-0.02,3.350,0.00,3.350,-0.01,3.350,0.01,3.350,0.00,3.350,-0.01,3.350,0.01,3.350,0.08
3.400,-0.01,3.400,0.06,3.400,0.01,3.400,-0.02,3.400,0.00,3.400,-0.01,3.400,0.01,3.400,0.00,3.400,-0.01,3.400,0.00,3.400,0.14
3.450,-0.01,3.450,0.07,3.450,0.00,3.450,-0.02,3.450,0.00,3.450,-0.01,3.450,0.00,3.450,-0.01,3.450,-0.02,3.450,-0.01,3.450,0.17
3.500,0.00,3.500,0.06,3.500,-0.01,3.500,-0.03,3.500,-0.01,3.500,-0.01,3.500,0.00,3.500,-0.02,3.500,-0.02,3.500,0.00,3.500,0.03
3.550,0.00,3.550,0.07,3.550,0.00,3.550,-0.04,3.550,-0.01,3.550,0.00,3.550,0.00,3.550,-0.01,3.550,-0.01,3.550,0.00,3.550,0.00
3.600,0.00,3.600,0.06,3.600,0.00,3.600,-0.04,3.600,-0.01,3.600,-0.01,3.600,0.00,3.600,-0.01,3.600,-0.01,3.600,0.00,3.600,-0.04
3.650,-0.01,3.650,0.07,3.650,0.00,3.650,-0.04,3.650,-0.01,3.650,-0.01,3.650,-0.01,3.650,-0.01,3.650,0.00,3.650,0.00,3.650,-0.03
3.700,0.00,3.700,0.05,3.700,0.00,3.700,-0.02,3.700,0.01,3.700,0.00,3.700,-0.01,3.700,-0.01,3.700,-0.01,3.700,0.01,3.700,-0.04
3.750,0.01,3.750,0.05,3.750,0.00,3.750,-0.03,3.750,-0.01,3.750,0.00,3.750,-0.01,3.750,-0.01,3.750,-0.01,3.750,0.00,3.750,-0.03
3.800,0.01,3.800,0.05,3.800,-0.01,3.800,-0.03,3.800,0.00,3.800,-0.02,3.800,-0.01,3.800,-0.01,3.800,-0.01,3.800,0.00,3.800,-0.02
3.850,0.00,3.850,0.06,3.850,-0.01,3.850,-0.04,3.850,0.00,3.850,-0.02,3.850,-0.01,3.850,-0.02,3.850,-0.01,3.850,0.00,3.850,-0.03
3.900,0.00,3.900,0.06,3.900,-0.01,3.900,-0.03,3.900,-0.01,3.900,-0.01,3.900,0.00,3.900,-0.01,3.900,-0.01,3.900,0.00,3.900,-0.02
3.950,-0.01,3.950,0.05,3.950,-0.01,3.950,-0.04,3.950,-0.02,3.950,-0.01,3.950,-0.01,3.950,-0.02,3.950,-0.01,3.950,0.00,3.950,-0.04
4.000,0.00,4.000,0.05,4.000,-0.01,4.000,-0.03,4.000,-0.01,4.000,0.00,4.000,-0.01,4.000,-0.01,4.000,-0.01,4.000,0.01,4.000,-0.03
4.050,-0.01,4.050,0.06,4.050,-0.01,4.050,-0.04,4.050,-0.01,4.050,-0.01,4.050,-0.01,4.050,0.01,4.050,-0.02,4.050,0.00,4.050,-0.02
4.100,-0.01,4.100,0.05,4.100,-0.01,4.100,-0.04,4.100,-0.01,4.100,-0.01,4.100,0.00,4.100,0.00,4.100,-0.01,4.100,0.01,4.100,-0.03
4.150,-0.01,4.150,0.05,4.150,-0.01,4.150,-0.04,4.150,-0.01,4.150,-0.01,4.150,-0.01,4.150,-0.01,4.150,-0.01,4.150,0.01,4.150,-0.04
4.200,0.00,4.200,0.05,4.200,-0.01,4.200,-0.02,4.200,0.00,4.200,-0.01,4.200,-0.01,4.200,0.00,4.200,-0.01,4.200,0.00,4.200,-0.02
4.250,-0.01,4.250,0.05,4.250,-0.01,4.250,-0.02,4.250,-0.02,4.250,0.01,4.250,-0.02,4.250,-0.01,4.250,-0.01,4.250,0.00,4.250,-0.03
4.300,0.00,4.300,0.05,4.300,-0.02,4.300,-0.02,4.300,-0.03,4.300,0.00,4.300,-0.01,4.300,-0.01,4.300,-0.02,4.300,0.01,4.300,-0.03
4.350,0.01,4.350,0.04,4.350,-0.02,4.350,-0.02,4.350,-0.02,4.350,-0.01,4.350,-0.01,4.350,-0.01,4.350,0.00,4.350,0.01,4.350,-0.03
4.400,0.00,4.400,0.04,4.400,-0.02,4.400,-0.03,4.400,-0.01,4.400,0.00,4.400,-0.01,4.400,0.00,4.400,0.00,4.400,0.01,4.400,-0.03
4.450,0.01,4.450,0.05,4.450,-0.01,4.450,-0.03,4.450,0.00,4.450,0.00,4.450,0.00,4.450,-0.01,4.450,-0.02,4.450,0.01,4.450,-0.03
4.500,0.00,4.500,0.05,4.500,-0.01,4.500,-0.04,4.500,0.00,4.500,0.00,4.500,0.00,4.500,0.00,4.500,-0.01,4.500,0.01,4.500,-0.03
4.550,-0.01,4.550,0.03,4.550,-0.02,4.550,-0.04,4.550,-0.01,4.550,0.00,4.550,0.00,4.550,0.00,4.550,-0.02,4.550,0.00,4.550,-0.04
4.600,-0.01,4.600,0.04,4.600,-0.01,4.600,-0.02,4.600,0.00,4.600,-0.01,4.600,0.01,4.600,0.00,4.600,-0.02,4.600,0.00,4.600,-0.03
4.650,0.00,4.650,0.04,4.650,-0.01,4.650,-0.02,4.650,0.00,4.650,-0.01,4.650,0.00,4.650,-0.01,4.650,-0.01,4.650,0.00,4.650,-0.03
4.700,0.00,4.700,0.04,4.700,-0.01,4.700,-0.03,4.700,-0.01,4.700,0.00,4.700,0.00,4.700,0.00,4.700,-0.01,4.700,0.00,4.700,-0.03
4.750,0.01,4.750,0.04,4.750,0.00,4.750,-0.02,4.750,-0.01,4.750,-0.01,4.750,0.00,4.750,-0.01,4.750,-0.01,4.750,0.00,4.750,-0.02
4.800,0.00,4.800,0.04,4.800,-0.01,4.800,-0.02,4.800,-0.01,4.800,-0.01,4.800,0.01,4.800,-0.01,4.800,-0.01,4.800,0.00,4.800,-0.01
4.850,0.00,4.850,0.03,4.850,-0.02,4.850,-0.03,4.850,-0.01,4.850,0.01,4.850,-0.01,4.850,-0.01,4.850,-0.01,4.850,0.01,4.850,0.00
4.900,0.00,4.900,0.03,4.900,-0.01,4.900,-0.03,4.900,-0.02,4.900,0.00,4.900,-0.01,4.900,0.00,4.900,0.01,4.900,0.01,4.900,0.01
4.950,0.00,4.950,0.03,4.950,-0.02,4.950,-0.03,4.950,-0.01,4.950,0.01,4.950,0.00,4.950,-0.01,4.950,-0.01,4.950,0.00,4.950,0.00
5.000,0.00,5.000,0.03,5.000,-0.02,5.000,-0.02,5.000,-0.02,5.000,0.00,5.000,-0.01,5.000,-0.01,5.000,-0.02,5.000,0.00,5.000,0.00
5.050,-0.01,5.050,0.03,5.050,-0.02,5.050,-0.01,5.050,-0.02,5.050,-0.01,5.050,-0.02,5.050,0.00,5.050,-0.02,5.050,0.01,5.050,-0.01
5.100,-0.01,5.100,0.03,5.100,-0.02,5.100,-0.02,5.100,-0.01,5.100,0.00,5.100,-0.01,5.100,0.00,5.100,-0.01,5.100,-0.01,5.100,0.00
5.150,-0.01,5.150,0.02,5.150,-0.01,5.150,-0.03,5.150,-0.01,5.150,0.00,5.150,-0.01,5.150,0.00,5.150,-0.02,5.150,-0.01,5.150,-0.01
5.200,0.00,5.200,0.02,5.200,-0.01,5.200,-0.02,5.200,-0.01,5.200,-0.01,5.200,-0.02,5.200,0.00,5.200,-0.02,5.200,0.00,5.200,0.01
5.250,0.00,5.250,0.02,5.250,-0.01,5.250,-0.02,5.250,-0.01,5.250,-0.01,5.250,-0.01,5.250,-0.01,5.250,-0.01,5.250,0.01,5.250,0.01
5.300,-0.01,5.300,0.02,5.300,-0.01,5.300,-0.02,5.300,-0.01,5.300,-0.01,5.300,-0.01,5.300,-0.01,5.300,-0.02,5.300,0.01,5.300,0.00
5.350,-0.01,5.350,0.02,5.350,-0.01,5.350,-0.02,5.350,-0.01,5.350,0.00,5.350,-0.02,5.350,-0.02,5.350,-0.01,5.350,0.00,5.350,0.00
5.400,0.01,5.400,0.02,5.400,-0.01,5.400,-0.02,5.400,-0.01,5.400,-0.01,5.400,0.00,5.400,0.00,5.400,-0.01,5.400,0.01,5.400,0.00
5.450,0.00,5.450,0.01,5.450,-0.01,5.450,-0.02,5.450,-0.01,5.450,0.00,5.450,-0.01,5.450,0.00,5.450,-0.02,5.450,0.01,5.450,0.00
5.500,-0.01,5.500,0.02,5.500,0.00,5.500,-0.02,5.500,-0.02,5.500,0.00,5.500,-0.02,5.500,-0.01,5.500,-0.01,5.500,0.00,5.500,0.00
5.550,0.01,5.550,0.03,5.550,-0.01,5.550,-0.02,5.550,-0.01,5.550,0.00,5.550,-0.02,5.550,-0.02,5.550,-0.02,5.550,0.01,5.550,-0.01
5.600,0.00,5.600,0.02,5.600,0.00,5.600,-0.03,5.600,-0.01,5.600,0.00,5.600,-0.01,5.600,-0.01,5.600,-0.01,5.600,0.01,5.600,-0.01
5.650,0.00,5.650,0.02,5.650,-0.01,5.650,-0.03,5.650,-0.02,5.650,0.00,5.650,-0.01,5.650,-0.01,5.650,-0.01,5.650,0.01,5.650,0.00
5.700,-0.01,5.700,0.02,5.700,-0.01,5.700,-0.02,5.700,-0.02,5.700,0.00,5.700,-0.02,5.700,-0.01,5.700,0.00,5.700,-0.01,5.700,0.00
5.750,-0.01,5.750,0.02,5.750,-0.01,5.750,-0.02,5.750,-0.02,5.750,0.00,5.750,-0.01,5.750,-0.01,5.750,-0.01,5.750,0.00,5.750,0.00
5.800,-0.02,5.800,0.01,5.800,-0.01,5.800,-0.02,5.800,-0.02,5.800,0.01,5.800,-0.01,5.800,0.00,5.800,-0.02,5.800,-0.01,5.800,0.01
5.850,-0.02,5.850,0.00,5.850,-0.01,5.850,-0.01,5.850,-0.01,5.850,0.00,5.850,-0.02,5.850,0.01,5.850,-0.01,5.850,0.00,5.850,0.01
5.900,-0.01,5.900,0.00,5.900,0.00,5.900,-0.02,5.900,-0.01,5.900,0.00,5.900,-0.01,5.900,-0.01,5.900,-0.01,5.900,0.00,5.900,0.00
5.950,-0.01,5.950,0.00,5.950,-0.01,5.950,-0.01,5.950,-0.01,5.950,0.00,5.950,-0.01,5.950,0.00,5.950,-0.01,5.950,0.00,5.950,0.00
6.000,0.00,6.000,0.01,6.000,-0.01,6.000,-0.01,6.000,-0.01,6.000,0.01,6.000,-0.01,6.000,0.00,6.000,-0.01,6.000,0.00,6.000,-0.01
6.050,0.00,6.050,0.01,6.050,-0.01,6.050,-0.02,6.050,-0.02,6.050,-0.01,6.050,-0.01,6.050,-0.01,6.050,0.00,6.050,0.00,6.050,0.00
6.100,-0.01,6.100,0.00,6.100,0.00,6.100,-0.01,6.100,-0.01,6.100,0.00,6.100,0.00,6.100,0.00,6.100,-0.01,6.100,0.00,6.100,-0.01
6.150,0.00,6.150,0.00,6.150,-0.01,6.150,-0.02,6.150,-0.02,6.150,0.00,6.150,0.00,6.150,0.00,6.150,-0.02,6.150,0.00,6.150,-0.01
6.200,-0.01,6.200,0.01,6.200,0.00,6.200,-0.01,6.200,-0.01,6.200,0.00,6.200,-0.02,6.200,0.00,6.200,-0.02,6.200,0.00,6.200,0.00
6.250,0.00,6.250,0.02,6.250,-0.02,6.250,-0.01,6.250,-0.02,6.250,0.00,6.250,-0.01,6.250,0.00,6.250,-0.01,6.250,0.01,6.250,-0.01
6.300,-0.01,6.300,0.01,6.300,-0.02,6.300,-0.01,6.300,-0.02,6.300,-0.01,6.300,0.00,6.300,-0.01,6.300,-0.01,6.300,0.00,6.300,0.00
6.350,-0.01,6.350,0.00,6.350,-0.01,6.350,-0.02,6.350,0.00,6.350,-0.01,6.350,0.00,6.350,0.00,6.350,-0.02,6.350,-0.01,6.350,-0.01
6.400,0.00,6.400,0.01,6.400,-0.02,6.400,-0.02,6.400,-0.01,6.400,-0.01,6.400,0.00,6.400,0.01,6.400,-0.02,6.400,0.01,6.400,-0.01
6.450,-0.01,6.450,0.00,6.450,-0.01,6.450,-0.02,6.450,-0.01,6.450,-0.01,6.450,-0.01,6.450,0.01,6.450,-0.02,6.450,0.00,6.450,-0.02
6.500,0.00,6.500,0.00,6.500,-0.01,6.500,-0.01,6.500,0.00,6.500,0.01,6.500,0.01,6.500,0.01,6.500,-0.01,6.500,0.00,6.500,-0.01
6.550,-0.01,6.550,0.00,6.550,-0.01,6.550,-0.02,6.550,-0.01,6.550,0.01,6.550,0.00,6.550,0.00,6.550,-0.02,6.550,0.01,6.550,-0.02
6.600,-0.02,6.600,0.00,6.600,-0.01,6.600,-0.02,6.600,-0.01,6.600,-0.01,6.600,0.01,6.600,0.02,6.600,-0.01,6.600,0.01,6.600,-0.01
6.650,-0.01,6.650,0.01,6.650,-0.01,6.650,-0.01,6.650,0.01,6.650,-0.01,6.650,0.00,6.650,0.03,6.650,0.00,6.650,-0.01,6.650,-0.01
6.700,0.01,6.700,0.00,6.700,0.00,6.700,-0.02,6.700,0.00,6.700,-0.01,6.700,0.01,6.700,0.04,6.700,0.00,6.700,-0.01,6.700,0.00
6.750,0.01,6.750,0.01,6.750,-0.01,6.750,-0.03,6.750,0.01,6.750,-0.01,6.750,0.00,6.750,0.07,6.750,0.00,6.750,0.00,6.750,-0.02
6.800,0.00,6.800,0.00,6.800,0.00,6.800,-0.02,6.800,0.01,6.800,0.00,6.800,0.01,6.800,0.18,6.800,0.01,6.800,0.01,6.800,-0.02
6.850,-0.01,6.850,0.00,6.850,0.01,6.850,-0.02,6.850,0.01,6.850,0.01,6.850,0.00,6.850,0.37,6.850,-0.01,6.850,0.00,6.850,-0.01
6.900,0.01,6.900,0.00,6.900,0.02,6.900,-0.01,6.900,0.00,6.900,0.01,6.900,0.01,6.900,0.76,6.900,0.00,6.900,0.00,6.900,-0.01
6.950,0.00,6.950,0.01,6.950,0.01,6.950,-0.01,6.950,0.02,6.950,0.03,6.950,0.00,6.950,1.06,6.950,0.02,6.950,-0.02,6.950,-0.02
7.000,0.00,7.000,0.01,7.000,0.01,7.000,-0.01,7.000,0.03,7.000,0.02,7.000,0.00,7.000,1.29,7.000,0.02,7.000,-0.01,7.000,0.00
7.050,0.00,7.050,0.01,7.050,0.02,7.050,-0.01,7.050,0.02,7.050,0.02,7.050,0.01,7.050,0.15,7.050,0.02,7.050,-0.01,7.050,-0.01
7.100,0.00,7.100,0.01,7.100,0.03,7.100,-0.01,7.100,0.03,7.100,0.04,7.100,0.01,7.100,0.03,7.100,0.02,7.100,0.00,7.100,-0.02
7.150,0.00,7.150,0.01,7.150,0.02,7.150,-0.01,7.150,0.04,7.150,0.04,7.150,0.01,7.150,-0.04,7.150,0.03,7.150,0.00,7.150,0.01
7.200,0.00,7.200,0.00,7.200,0.01,7.200,-0.02,7.200,0.04,7.200,0.03,7.200,0.01,7.200,-0.05,7.200,0.04,7.200,-0.01,7.200,0.02
7.250,-0.01,7.250,0.00,7.250,0.01,7.250,-0.02,7.250,0.04,7.250,0.04,7.250,0.01,7.250,-0.04,7.250,0.04,7.250,0.00,7.250,0.01
7.300,-0.01,7.300,-0.01,7.300,0.01,7.300,-0.01,7.300,0.03,7.300,0.05,7.300,0.00,7.300,-0.04,7.300,0.05,7.300,0.00,7.300,0.02
7.350,-0.01,7.350,0.00,7.350,0.01,7.350,-0.01,7.350,0.03,7.350,0.06,7.350,0.01,7.350,-0.04,7.350,0.07,7.350,0.01,7.350,0.01
7.400,-0.01,7.400,0.00,7.400,0.02,7.400,-0.01,7.400,0.04,7.400,0.06,7.400,0.01,7.400,-0.04,7.400,0.10,7.400,0.00,7.400,0.02
7.450,-0.01,7.450,0.00,7.450,0.02,7.450,-0.01,7.450,0.06,7.450,0.09,7.450,0.01,7.450,-0.04,7.450,0.15,7.450,0.00,7.450,0.01
7.500,0.00,7.500,0.00,7.500,0.02,7.500,0.00,7.500,0.08,7.500,0.20,7.500,0.01,7.500,-0.02,7.500,0.22,7.500,-0.01,7.500,0.01
7.550,0.01,7.550,0.00,7.550,0.03,7.550,0.00,7.550,0.15,7.550,0.11,7.550,0.01,7.550,-0.03,7.550,0.38,7.550,-0.01,7.550,0.02
7.600,0.01,7.600,0.00,7.600,0.03,7.600,0.01,7.600,0.31,7.600,0.06,7.600,0.02,7.600,-0.03,7.600,0.55,7.600,0.00,7.600,0.02
7.650,0.01,7.650,-0.01,7.650,0.03,7.650,-0.01,7.650,0.09,7.650,0.00,7.650,0.02,7.650,-0.03,7.650,0.06,7.650,-0.01,7.650,0.01
7.700,0.01,7.700,0.00,7.700,0.03,7.700,0.00,7.700,0.03,7.700,-0.02,7.700,0.02,7.700,-0.03,7.700,0.03,7.700,0.01,7.700,0.02
7.750,-0.01,7.750,0.01,7.750,0.02,7.750,0.00,7.750,-0.03,7.750,-0.04,7.750,0.02,7.750,-0.03,7.750,-0.04,7.750,0.00,7.750,0.02
7.800,-0.01,7.800,0.00,7.800,0.03,7.800,0.01,7.800,-0.03,7.800,-0.01,7.800,0.02,7.800,-0.03,7.800,-0.04,7.800,0.00,7.800,0.01
7.850,0.00,7.850,-0.01,7.850,0.02,7.850,0.00,7.850,-0.04,7.850,-0.01,7.850,0.02,7.850,-0.03,7.850,-0.03,7.850,0.00,7.850,0.01
7.900,-0.01,7.900,-0.01,7.900,0.02,7.900,0.01,7.900,-0.03,7.900,-0.01,7.900,0.03,7.900,-0.04,7.900,-0.02,7.900,0.00,7.900,0.01
7.950,0.00,7.950,0.00,7.950,0.02,7.950,0.01,7.950,-0.02,7.950,-0.01,7.950,0.04,7.950,-0.04,7.950,-0.02,7.950,-0.01,7.950,0.01
8.000,0.00,8.000,-0.01,8.000,0.03,8.000,0.01,8.000,-0.01,8.000,-0.01,8.000,0.04,8.000,-0.04,8.000,-0.02,8.000,-0.01,8.000,0.01
8.050,-0.02,8.050,0.00,8.050,0.03,8.050,0.02,8.050,-0.01,8.050,-0.01,8.050,0.04,8.050,-0.03,8.050,-0.02,8.050,-0.01,8.050,0.01
8.100,-0.01,8.100,-0.02,8.100,0.03,8.100,0.02,8.100,-0.02,8.100,0.00,8.100,0.04,8.100,-0.02,8.100,-0.02,8.100,0.00,8.100,0.02
8.150,-0.01,8.150,-0.01,8.150,0.03,8.150,0.02,8.150,-0.03,8.150,-0.01,8.150,0.04,8.150,-0.02,8.150,-0.02,8.150,0.00,8.150,0.02
8.200,-0.01,8.200,-0.02,8.200,0.04,8.200,0.03,8.200,-0.02,8.200,-0.01,8.200,0.05,8.200,-0.02,8.200,-0.03,8.200,-0.01,8.200,0.01
8.250,-0.02,8.250,-0.01,8.250,0.03,8.250,0.04,8.250,-0.02,8.250,0.00,8.250,0.06,8.250,-0.01,8.250,-0.03,8.250,-0.01,8.250,0.02
8.300,-0.01,8.300,-0.01,8.300,0.02,8.300,0.03,8.300,-0.02,8.300,0.00,8.300,0.08,8.300,-0.01,8.300,-0.03,8.300,0.00,8.300,0.01
8.350,-0.01,8.350,-0.01,8.350,0.03,8.350,0.05,8.350,-0.02,8.350,-0.01,8.350,0.09,8.350,-0.02,8.350,-0.03,8.350,-0.01,8.350,0.02
8.400,-0.01,8.400,0.01,8.400,0.04,8.400,0.05,8.400,-0.02,8.400,0.01,8.400,0.09,8.400,-0.02,8.400,-0.03,8.400,0.00,8.400,0.02
8.450,-0.01,8.450,0.00,8.450,0.05,8.450,0.05,8.450,-0.02,8.450,-0.01,8.450,0.14,8.450,-0.02,8.450,-0.03,8.450,0.00,8.450,0.02
8.500,-0.01,8.500,-0.01,8.500,0.04,8.500,0.07,8.500,-0.02,8.500,0.01,8.500,0.20,8.500,-0.02,8.500,-0.03,8.500,0.00,8.500,0.03
8.550,-0.01,8.550,0.00,8.550,0.03,8.550,0.08,8.550,-0.02,8.550,0.00,8.550,0.25,8.550,-0.02,8.550,-0.03,8.550,-0.01,8.550,0.02
8.600,-0.01,8.600,-0.01,8.600,0.04,8.600,0.09,8.600,-0.02,8.600,-0.01,8.600,0.33,8.600,-0.01,8.600,-0.03,8.600,0.01,8.600,0.01
8.650,-0.01,8.650,-0.02,8.650,0.04,8.650,0.10,8.650,-0.01,8.650,0.00,8.650,0.39,8.650,-0.01,8.650,-0.02,8.650,0.01,8.650,0.01
8.700,-0.01,8.700,-0.01,8.700,0.04,8.700,0.10,8.700,-0.01,8.700,-0.01,8.700,0.44,8.700,-0.01,8.700,-0.02,8.700,0.00,8.700,0.02
8.750,-0.02,8.750,0.00,8.750,0.03,8.750,0.10,8.750,-0.01,8.750,0.00,8.750,0.46,8.750,-0.02,8.750,-0.03,8.750,0.00,8.750,0.01
8.800,-0.02,8.800,-0.01,8.800,0.02,8.800,0.10,8.800,-0.01,8.800,0.02,8.800,0.48,8.800,-0.03,8.800,-0.04,8.800,0.01,8.800,0.01
8.850,-0.02,8.850,-0.01,8.850,0.03,8.850,0.11,8.850,-0.02,8.850,0.01,8.850,0.52,8.850,-0.01,8.850,-0.01,8.850,0.01,8.850,0.02
8.900,-0.01,8.900,-0.01,8.900,0.03,8.900,0.11,8.900,-0.02,8.900,0.01,8.900,0.54,8.900,-0.02,8.900,-0.01,8.900,0.01,8.900,0.02
8.950,-0.01,8.950,-0.02,8.950,0.04,8.950,0.13,8.950,-0.02,8.950,0.01,8.950,0.60,8.950,-0.01,8.950,-0.02,8.950,0.01,8.950,0.02
9.000,-0.02,9.000,-0.01,9.000,0.03,9.000,0.16,9.000,-0.01,9.000,0.01,9.000,0.69,9.000,-0.02,9.000,-0.02,9.000,0.02,9.000,0.01
9.050,-0.01,9.050,0.01,9.050,0.03,9.050,0.16,9.050,-0.01,9.050,0.01,9.050,0.75,9.050,-0.02,9.050,-0.02,9.050,0.02,9.050,0.02
9.100,-0.01,9.100,0.01,9.100,0.02,9.100,0.16,9.100,-0.02,9.100,0.01,9.100,0.82,9.100,-0.01,9.100,-0.03,9.100,0.01,9.100,0.01
9.150,0.00,9.150,0.00,9.150,0.03,9.150,0.16,9.150,-0.02,9.150,0.01,9.150,0.83,9.150,-0.03,9.150,-0.02,9.150,0.02,9.150,0.02
9.200,-0.01,9.200,-0.02,9.200,0.02,9.200,0.14,9.200,-0.03,9.200,0.01,9.200,0.88,9.200,-0.02,9.200,-0.03,9.200,0.02,9.200,0.03
9.250,-0.01,9.250,-0.02,9.250,0.02,9.250,0.16,9.250,-0.02,9.250,0.01,9.250,0.94,9.250,-0.01,9.250,-0.02,9.250,0.03,9.250,0.03
9.300,0.00,9.300,-0.01,9.300,0.03,9.300,0.15,9.300,-0.02,9.300,0.01,9.300,1.01,9.300,-0.01,9.300,-0.03,9.300,0.03,9.300,0.03
9.350,-0.01,9.350,-0.02,9.350,0.03,9.350,0.16,9.350,-0.01,9.350,0.01,9.350,1.06,9.350,-0.03,9.350,-0.02,9.350,0.03,9.350,0.05
9.400,-0.01,9.400,-0.01,9.400,0.03,9.400,0.14,9.400,0.00,9.400,0.01,9.400,1.08,9.400,-0.02,9.400,-0.02,9.400,0.03,9.400,0.06
9.450,-0.01,9.450,-0.01,9.450,0.04,9.450,0.14,9.450,-0.02,9.450,0.00,9.450,1.20,9.450,-0.01,9.450,-0.02,9.450,0.05,9.450,0.08
9.500,-0.01,9.500,-0.01,9.500,0.03,9.500,0.13,9.500,-0.01,9.500,0.01,9.500,1.21,9.500,-0.01,9.500,-0.02,9.500,0.03,9.500,0.19
9.550,0.00,9.550,-0.01,9.550,0.03,9.550,0.14,9.550,-0.01,9.550,0.00,9.550,1.24,9.550,0.01,9.550,-0.03,9.550,0.05,9.550,0.07
9.600,0.01,9.600,-0.01,9.600,0.03,9.600,0.14,9.600,-0.02,9.600,0.01,9.600,1.29,9.600,0.00,9.600,-0.02,9.600,0.05,9.600,0.01
9.650,-0.01,9.650,-0.01,9.650,0.03,9.650,0.14,9.650,-0.02,9.650,0.00,9.650,1.40,9.650,0.00,9.650,-0.03,9.650,0.05,9.650,-0.04
9.700,-0.01,9.700,-0.01,9.700,0.03,9.700,0.13,9.700,-0.01,9.700,0.01,9.700,1.46,9.700,-0.01,9.700,-0.01,9.700,0.05,9.700,-0.04
9.750,0.00,9.750,-0.01,9.750,0.05,9.750,0.14,9.750,-0.01,9.750,0.01,9.750,1.46,9.750,0.00,9.750,-0.02,9.750,0.07,9.750,-0.04
9.800,0.01,9.800,-0.01,9.800,0.04,9.800,0.15,9.800,-0.01,9.800,0.01,9.800,1.55,9.800,-0.01,9.800,-0.02,9.800,0.08,9.800,-0.03
9.850,0.00,9.850,-0.01,9.850,0.04,9.850,0.17,9.850,-0.01,9.850,0.01,9.850,1.62,9.850,-0.01,9.850,-0.02,9.850,0.07,9.850,-0.04
9.900,0.00,9.900,-0.01,9.900,0.04,9.900,0.18,9.900,-0.01,9.900,0.01,9.900,1.73,9.900,0.00,9.900,-0.02,9.900,0.09,9.900,-0.04
9.950,0.00,9.950,0.00,9.950,0.04,9.950,0.19,9.950,-0.02,9.950,0.01,9.950,1.80,9.950,0.00,9.950,-0.02,9.950,0.10,9.950,-0.03
10.000,0.01,10.000,0.00,10.000,0.04,10.000,0.22,10.000,-0.02,10.000,0.01,10.000,1.77,10.000,-0.01,10.000,-0.02,10.000,0.11,10.000,-0.03
10.050,0.01,10.050,-0.01,10.050,0.03,10.050,0.25,10.050,-0.02,10.050,0.00,10.050,0.08,10.050,-0.02,10.050,-0.01,10.050,0.13,10.050,-0.03
10.100,0.00,10.100,0.00,10.100,0.04,10.100,0.28,10.100,-0.01,10.100,0.01,10.100,0.04,10.100,-0.01,10.100,0.00,10.100,0.20,10.100,-0.03
10.150,0.01,10.150,-0.01,10.150,0.04,10.150,0.34,10.150,0.00,10.150,0.01,10.150,-0.02,10.150,0.00,10.150,0.00,10.150,0.24,10.150,-0.03
10.200,0.00,10.200,-0.01,10.200,0.04,10.200,0.44,10.200,0.00,10.200,0.01,10.200,-0.02,10.200,-0.01,10.200,-0.01,10.200,0.27,10.200,-0.03
10.250,0.01,10.250,0.00,10.250,0.04,10.250,0.56,10.250,0.00,10.250,0.01,10.250,-0.03,10.250,-0.01,10.250,-0.01,10.250,0.29,10.250,-0.03
10.300,0.00,10.300,-0.01,10.300,0.04,10.300,0.67,10.300,0.01,10.300,0.01,10.300,-0.01,10.300,-0.01,10.300,-0.01,10.300,0.38,10.300,-0.03
10.350,-0.01,10.350,0.00,10.350,0.03,10.350,0.43,10.350,0.00,10.350,0.01,10.350,-0.01,10.350,-0.02,10.350,0.01,10.350,0.28,10.350,-0.04
10.400,0.01,10.400,-0.01,10.400,0.03,10.400,0.04,10.400,-0.01,10.400,0.01,10.400,-0.02,10.400,-0.01,10.400,0.02,10.400,0.06,10.400,-0.03
10.450,0.00,10.450,-0.01,10.450,0.04,10.450,0.01,10.450,-0.01,10.450,0.02,10.450,-0.02,10.450,-0.02,10.450,0.02,10.450,0.04,10.450,-0.03
10.500,0.00,10.500,-0.02,10.500,0.04,10.500,-0.03,10.500,-0.01,10.500,0.02,10.500,-0.02,10.500,-0.01,10.500,0.02,10.500,-0.02,10.500,-0.04
10.550,0.00,10.550,0.01,10.550,0.04,10.550,-0.03,10.550,-0.01,10.550,0.02,10.550,-0.03,10.550,0.00,10.550,0.02,10.550,0.00,10.550,-0.04
10.600,0.01,10.600,0.00,10.600,0.04,10.600,-0.03,10.600,-0.01,10.600,0.02,10.600,-0.02,10.600,-0.01,10.600,0.03,10.600,0.00,10.600,-0.04
10.650,0.00,10.650,0.00,10.650,0.04,10.650,-0.02,10.650,-0.01,10.650,0.00,10.650,-0.03,10.650,-0.01,10.650,0.04,10.650,0.00,10.650,-0.03
10.700,0.00,10.700,0.00,10.700,0.04,10.700,-0.02,10.700,0.00,10.700,0.01,10.700,-0.04,10.700,-0.02,10.700,0.03,10.700,0.00,10.700,-0.03
10.750,0.00,10.750,0.00,10.750,0.03,10.750,-0.01,10.750,-0.02,10.750,0.02,10.750,-0.04,10.750,-0.02,10.750,0.04,10.750,0.00,10.750,-0.04
10.800,0.00,10.800,0.01,10.800,0.04,10.800,-0.01,10.800,0.00,10.800,0.02,10.800,-0.02,10.800,-0.01,10.800,0.03,10.800,0.00,10.800,-0.04
10.850,0.01,10.850,0.01,10.850,0.04,10.850,-0.02,10.850,0.01,10.850,0.03,10.850,-0.02,10.850,0.00,10.850,0.02,10.850,0.00,10.850,-0.03
10.900,0.00,10.900,0.02,10.900,0.03,10.900,-0.01,10.900,0.01,10.900,0.03,10.900,-0.01,10.900,-0.01,10.900,0.03,10.900,-0.01,10.900,-0.05
10.950,0.01,10.950,0.02,10.950,0.03,10.950,-0.02,10.950,0.01,10.950,0.03,10.950,-0.03,10.950,-0.02,10.950,0.02,10.950,0.00,10.950,-0.04
11.000,0.01,11.000,0.02,11.000,0.03,11.000,-0.02,11.000,0.01,11.000,0.03,11.000,-0.03,11.000,-0.02,11.000,0.03,11.000,0.01,11.000,-0.04
11.050,0.01,11.050,0.01,11.050,0.04,11.050,-0.02,11.050,0.01,11.050,0.04,11.050,-0.03,11.050,-0.01,11.050,0.02,11.050,0.00,11.050,-0.04
11.100,0.02,11.100,0.01,11.100,0.04,11.100,-0.02,11.100,0.01,11.100,0.03,11.100,-0.03,11.100,-0.01,11.100,0.03,11.100,0.01,11.100,-0.02
11.150,0.02,11.150,0.01,11.150,0.04,11.150,-0.02,11.150,0.02,11.150,0.03,11.150,-0.03,11.150,-0.01,11.150,0.03,11.150,0.00,11.150,-0.02
11.200,0.01,11.200,0.00,11.200,0.04,11.200,-0.02,11.200,0.01,11.200,0.04,11.200,-0.02,11.200,-0.01,11.200,0.02,11.200,0.00,11.200,-0.02
11.250,0.00,11.250,0.01,11.250,0.05,11.250,-0.01,11.250,0.01,11.250,0.04,11.250,-0.02,11.250,-0.01,11.250,0.03,11.250,-0.01,11.250,-0.01
11.300,0.00,11.300,0.01,11.300,0.05,11.300,-0.02,11.300,0.00,11.300,0.05,11.300,-0.04,11.300,-0.01,11.300,0.03,11.300,0.00,11.300,-0.03
11.350,0.00,11.350,0.02,11.350,0.05,11.350,-0.03,11.350,0.01,11.350,0.05,11.350,-0.03,11.350,0.00,11.350,0.04,11.350,-0.01,11.350,-0.03
11.400,0.01,11.400,0.03,11.400,0.06,11.400,-0.02,11.400,0.02,11.400,0.05,11.400,-0.03,11.400,-0.01,11.400,0.03,11.400,0.00,11.400,-0.03
11.450,0.00,11.450,0.03,11.450,0.05,11.450,-0.02,11.450,0.00,11.450,0.05,11.450,-0.03,11.450,-0.02,11.450,0.04,11.450,-0.02,11.450,-0.03
11.500,0.00,11.500,0.03,11.500,0.04,11.500,-0.01,11.500,0.01,11.500,0.05,11.500,-0.04,11.500,-0.01,11.500,0.04,11.500,0.00,11.500,-0.03
11.550,0.01,11.550,0.03,11.550,0.05,11.550,-0.02,11.550,0.02,11.550,0.05,11.550,-0.04,11.550,-0.01,11.550,0.03,11.550,0.01,11.550,-0.02
11.600,0.00,11.600,0.03,11.600,0.05,11.600,-0.02,11.600,0.01,11.600,0.07,11.600,-0.04,11.600,-0.02,11.600,0.02,11.600,0.00,11.600,-0.03
11.650,-0.01,11.650,0.04,11.650,0.04,11.650,-0.03,11.650,0.02,11.650,0.06,11.650,-0.04,11.650,-0.02,11.650,0.02,11.650,-0.01,11.650,-0.03
11.700,0.00,11.700,0.03,11.700,0.05,11.700,-0.02,11.700,0.02,11.700,0.07,11.700,-0.03,11.700,-0.01,11.700,0.03,11.700,0.00,11.700,-0.03
11.750,0.01,11.750,0.02,11.750,0.04,11.750,-0.02,11.750,0.02,11.750,0.10,11.750,-0.02,11.750,0.00,11.750,0.02,11.750,-0.01,11.750,-0.04
11.800,0.00,11.800,0.02,11.800,0.04,11.800,-0.04,11.800,0.02,11.800,0.12,11.800,-0.03,11.800,-0.01,11.800,0.03,11.800,0.00,11.800,-0.04
11.850,-0.02,11.850,0.03,11.850,0.05,11.850,-0.02,11.850,0.01,11.850,0.22,11.850,-0.02,11.850,0.00,11.850,0.03,11.850,0.00,11.850,-0.04
11.900,-0.01,11.900,0.02,11.900,0.04,11.900,-0.01,11.900,0.02,11.900,0.06,11.900,-0.02,11.900,0.00,11.900,0.03,11.900,-0.01,11.900,-0.04
11.950,-0.01,11.950,0.03,11.950,0.05,11.950,-0.01,11.950,0.02,11.950,0.05,11.950,-0.02,11.950,-0.01,11.950,0.04,11.950,-0.01,11.950,-0.03
12.000,0.01,12.000,0.05,12.000,0.04,12.000,-0.01,12.000,0.02,12.000,-0.01,12.000,-0.02,12.000,-0.02,12.000,0.03,12.000,0.00,12.000,-0.02
12.050,0.02,12.050,0.06,12.050,0.04,12.050,-0.01,12.050,0.02,12.050,-0.01,12.050,-0.03,12.050,-0.02,12.050,0.03,12.050,0.01,12.050,-0.02
12.100,0.01,12.100,0.08,12.100,0.04,12.100,-0.01,12.100,0.02,12.100,-0.01,12.100,-0.03,12.100,-0.02,12.100,0.04,12.100,0.01,12.100,-0.03
12.150,0.02,12.150,0.12,12.150,0.04,12.150,-0.02,12.150,0.02,12.150,-0.01,12.150,-0.03,12.150,-0.02,12.150,0.04,12.150,0.01,12.150,-0.02
12.200,0.02,12.200,0.25,12.200,0.05,12.200,-0.01,12.200,0.02,12.200,0.00,12.200,-0.03,12.200,-0.02,12.200,0.04,12.200,-0.01,12.200,-0.02
12.250,0.03,12.250,0.83,12.250,0.04,12.250,-0.02,12.250,0.02,12.250,0.00,12.250,-0.04,12.250,-0.02,12.250,0.04,12.250,0.00,12.250,-0.03
12.300,0.04,12.300,1.22,12.300,0.03,12.300,-0.02,12.300,0.02,12.300,0.01,12.300,-0.04,12.300,-0.02,12.300,0.05,12.300,-0.01,12.300,-0.04
12.350,0.02,12.350,1.41,12.350,0.03,12.350,-0.02,12.350,0.02,12.350,0.00,12.350,-0.04,12.350,-0.01,12.350,0.05,12.350,0.00,12.350,-0.04
12.400,0.04,12.400,0.11,12.400,0.03,12.400,0.00,12.400,0.03,12.400,0.00,12.400,-0.03,12.400,-0.01,12.400,0.05,12.400,-0.01,12.400,-0.03
12.450,0.04,12.450,0.04,12.450,0.02,12.450,-0.02,12.450,0.03,12.450,0.00,12.450,-0.03,12.450,-0.01,12.450,0.05,12.450,-0.01,12.450,-0.03
12.500,0.05,12.500,-0.03,12.500,0.04,12.500,-0.01,12.500,0.02,12.500,0.00,12.500,-0.03,12.500,-0.01,12.500,0.06,12.500,0.00,12.500,-0.04
12.550,0.05,12.550,-0.04,12.550,0.03,12.550,-0.02,12.550,0.03,12.550,0.00,12.550,-0.03,12.550,-0.01,12.550,0.07,12.550,0.00,12.550,-0.03
12.600,0.08,12.600,-0.04,12.600,0.03,12.600,-0.02,12.600,0.03,12.600,0.00,12.600,-0.04,12.600,-0.02,12.600,0.08,12.600,0.00,12.600,-0.03
12.650,0.13,12.650,-0.02,12.650,0.02,12.650,0.00,12.650,0.04,12.650,0.01,12.650,-0.03,12.650,-0.02,12.650,0.10,12.650,0.00,12.650,-0.04
12.700,0.31,12.700,-0.03,12.700,0.04,12.700,0.00,12.700,0.05,12.700,0.00,12.700,-0.02,12.700,-0.01,12.700,0.15,12.700,-0.01,12.700,-0.04
12.750,0.68,12.750,-0.02,12.750,0.03,12.750,-0.01,12.750,0.06,12.750,0.01,12.750,-0.02,12.750,-0.01,12.750,0.22,12.750,-0.01,12.750,-0.03
12.800,0.73,12.800,-0.03,12.800,0.03,12.800,0.01,12.800,0.10,12.800,0.01,12.800,-0.01,12.800,-0.01,12.800,0.31,12.800,-0.01,12.800,-0.02
12.850,0.70,12.850,-0.02,12.850,0.04,12.850,0.00,12.850,0.17,12.850,0.01,12.850,0.01,12.850,-0.01,12.850,0.52,12.850,-0.01,12.850,-0.03
12.900,0.66,12.900,-0.02,12.900,0.05,12.900,0.00,12.900,0.25,12.900,0.00,12.900,0.00,12.900,-0.02,12.900,0.39,12.900,0.01,12.900,-0.03
12.950,0.75,12.950,-0.02,12.950,0.05,12.950,0.01,12.950,0.37,12.950,0.01,12.950,0.00,12.950,0.00,12.950,0.05,12.950,0.00,12.950,-0.03
13.000,0.86,13.000,-0.03,13.000,0.05,13.000,0.02,13.000,0.15,13.000,0.01,13.000,0.00,13.000,-0.01,13.000,0.02,13.000,0.01,13.000,-0.03
13.050,0.93,13.050,-0.02,13.050,0.05,13.050,0.02,13.050,0.04,13.050,0.02,13.050,0.01,13.050,0.00,13.050,-0.02,13.050,0.01,13.050,-0.03
13.100,1.14,13.100,-0.03,13.100,0.05,13.100,0.03,13.100,-0.02,13.100,0.01,13.100,0.00,13.100,0.00,13.100,-0.02,13.100,0.02,13.100,-0.04
13.150,1.30,13.150,-0.03,13.150,0.05,13.150,0.01,13.150,-0.04,13.150,0.02,13.150,0.00,13.150,-0.01,13.150,-0.01,13.150,0.00,13.150,-0.04
13.200,1.45,13.200,-0.02,13.200,0.06,13.200,0.02,13.200,-0.04,13.200,0.00,13.200,0.00,13.200,0.00,13.200,-0.01,13.200,0.00,13.200,-0.04
13.250,1.50,13.250,-0.02,13.250,0.07,13.250,0.01,13.250,-0.02,13.250,0.02,13.250,0.01,13.250,0.00,13.250,-0.01,13.250,0.01,13.250,-0.04
13.300,1.50,13.300,-0.02,13.300,0.08,13.300,0.02,13.300,-0.01,13.300,0.01,13.300,0.01,13.300,0.01,13.300,-0.02,13.300,0.01,13.300,-0.04
13.350,1.33,13.350,-0.03,13.350,0.09,13.350,0.02,13.350,-0.02,13.350,0.01,13.350,0.00,13.350,0.01,13.350,-0.02,13.350,0.02,13.350,-0.04
13.400,1.37,13.400,-0.03,13.400,0.10,13.400,0.02,13.400,-0.02,13.400,0.01,13.400,0.00,13.400,0.01,13.400,-0.01,13.400,0.00,13.400,-0.04
13.450,1.53,13.450,-0.03,13.450,0.09,13.450,0.01,13.450,-0.03,13.450,0.03,13.450,0.00,13.450,0.02,13.450,-0.01,13.450,-0.01,13.450,-0.04
13.500,1.54,13.500,-0.02,13.500,0.11,13.500,0.02,13.500,-0.02,13.500,0.02,13.500,0.00,13.500,0.01,13.500,-0.01,13.500,-0.01,13.500,-0.04
13.550,1.54,13.550,-0.02,13.550,0.18,13.550,0.02,13.550,-0.02,13.550,0.03,13.550,0.00,13.550,0.02,13.550,-0.01,13.550,-0.01,13.550,-0.03
13.600,1.48,13.600,-0.02,13.600,0.28,13.600,0.03,13.600,-0.03,13.600,0.01,13.600,0.00,13.600,0.01,13.600,-0.02,13.600,-0.01,13.600,-0.03
13.650,1.46,13.650,-0.03,13.650,0.44,13.650,0.02,13.650,-0.02,13.650,0.01,13.650,-0.01,13.650,0.01,13.650,-0.02,13.650,-0.01,13.650,-0.03
13.700,1.51,13.700,-0.03,13.700,0.68,13.700,0.02,13.700,-0.02,13.700,0.00,13.700,0.00,13.700,0.02,13.700,-0.02,13.700,-0.01,13.700,-0.04
13.750,1.57,13.750,-0.02,13.750,1.02,13.750,0.01,13.750,-0.02,13.750,0.01,13.750,-0.01,13.750,0.03,13.750,-0.02,13.750,0.01,13.750,-0.05
13.800,1.54,13.800,-0.04,13.800,1.22,13.800,0.01,13.800,-0.03,13.800,0.01,13.800,-0.01,13.800,0.04,13.800,-0.03,13.800,0.02,13.800,-0.04
13.850,1.61,13.850,-0.03,13.850,0.83,13.850,0.02,13.850,-0.03,13.850,0.01,13.850,-0.01,13.850,0.06,13.850,-0.03,13.850,-0.01,13.850,-0.04
13.900,1.72,13.900,-0.03,13.900,0.22,13.900,0.01,13.900,-0.02,13.900,0.00,13.900,0.00,13.900,0.07,13.900,-0.02,13.900,0.00,13.900,-0.04
13.950,0.26,13.950,-0.03,13.950,0.05,13.950,0.02,13.950,-0.02,13.950,0.02,13.950,0.00,13.950,0.08,13.950,-0.02,13.950,-0.01,13.950,-0.06
14.000,0.05,14.000,-0.03,14.000,-0.01,14.000,0.00,14.000,-0.02,14.000,0.00,14.000,0.00,14.000,0.11,14.000,-0.01,14.000,-0.02,14.000,-0.04
14.050,-0.03,14.050,-0.03,14.050,-0.01,14.050,0.02,14.050,-0.03,14.050,0.02,14.050,-0.01,14.050,0.21,14.050,0.00,14.050,-0.01,14.050,-0.04
14.100,-0.03,14.100,-0.03,14.100,-0.01,14.100,0.02,14.100,-0.03,14.100,0.00,14.100,0.00,14.100,0.35,14.100,-0.01,14.100,-0.01,14.100,-0.05
14.150,-0.03,14.150,-0.04,14.150,-0.01,14.150,0.01,14.150,-0.03,14.150,0.01,14.150,-0.01,14.150,0.55,14.150,0.00,14.150,-0.02,14.150,-0.05
14.200,-0.01,14.200,-0.03,14.200,-0.02,14.200,0.01,14.200,-0.02,14.200,0.01,14.200,-0.01,14.200,0.83,14.200,-0.01,14.200,-0.01,14.200,-0.05
14.250,-0.01,14.250,-0.03,14.250,-0.02,14.250,0.01,14.250,-0.03,14.250,0.01,14.250,-0.01,14.250,1.15,14.250,-0.01,14.250,-0.01,14.250,-0.04
14.300,-0.01,14.300,-0.04,14.300,-0.02,14.300,0.01,14.300,-0.03,14.300,0.01,14.300,-0.02,14.300,0.57,14.300,-0.01,14.300,-0.01,14.300,-0.04
14.350,-0.02,14.350,-0.04,14.350,-0.02,14.350,0.01,14.350,-0.03,14.350,0.01,14.350,-0.02,14.350,0.11,14.350,-0.01,14.350,0.00,14.350,-0.04
14.400,-0.02,14.400,-0.03,14.400,-0.01,14.400,0.03,14.400,-0.03,14.400,0.01,14.400,0.00,14.400,0.02,14.400,-0.01,14.400,0.00,14.400,-0.04
14.450,-0.02,14.450,-0.02,14.450,-0.02,14.450,0.02,14.450,-0.03,14.450,0.01,14.450,0.00,14.450,-0.05,14.450,0.00,14.450,0.00,14.450,-0.04
14.500,-0.02,14.500,-0.02,14.500,-0.03,14.500,0.02,14.500,-0.04,14.500,0.00,14.500,0.00,14.500,-0.03,14.500,-0.01,14.500,0.00,14.500,-0.03
14.550,-0.02,14.550,-0.01,14.550,-0.02,14.550,0.02,14.550,-0.03,14.550,0.00,14.550,0.00,14.550,-0.04,14.550,0.00,14.550,0.00,14.550,-0.03
14.600,-0.03,14.600,-0.02,14.600,-0.01,14.600,0.02,14.600,-0.03,14.600,0.01,14.600,0.00,14.600,-0.05,14.600,0.01,14.600,-0.02,14.600,-0.04
14.650,-0.02,14.650,-0.02,14.650,-0.01,14.650,0.02,14.650,-0.03,14.650,0.01,14.650,-0.01,14.650,-0.04,14.650,0.00,14.650,0.00,14.650,-0.03
14.700,-0.02,14.700,-0.02,14.700,-0.01,14.700,0.03,14.700,-0.02,14.700,0.00,14.700,0.00,14.700,-0.05,14.700,0.00,14.700,0.00,14.700,-0.04
14.750,-0.02,14.750,-0.03,14.750,-0.01,14.750,0.04,14.750,-0.02,14.750,0.00,14.750,-0.01,14.750,-0.05,14.750,-0.01,14.750,0.01,14.750,-0.04
14.800,-0.01,14.800,-0.04,14.800,-0.02,14.800,0.04,14.800,-0.02,14.800,-0.01,14.800,0.00,14.800,-0.05,14.800,0.00,14.800,0.01,14.800,-0.03
14.850,-0.01,14.850,-0.03,14.850,-0.01,14.850,0.04,14.850,-0.02,14.850,0.01,14.850,-0.01,14.850,-0.04,14.850,0.00,14.850,0.00,14.850,-0.03
14.900,-0.02,14.900,-0.03,14.900,-0.01,14.900,0.04,14.900,-0.02,14.900,0.00,14.900,-0.01,14.900,-0.05,14.900,0.00,14.900,0.00,14.900,-0.02
14.950,-0.01,14.950,-0.02,14.950,-0.02,14.950,0.05,14.950,-0.01,14.950,0.00,14.950,-0.01,14.950,-0.05,14.950,-0.01,14.950,0.00,14.950,-0.04
15.000,-0.02,15.000,-0.03,15.000,-0.02,15.000,0.05,15.000,-0.01,15.000,0.02,15.000,0.00,15.000,-0.05,15.000,-0.01,15.000,-0.01,15.000,-0.02
15.050,-0.01,15.050,-0.03,15.050,-0.02,15.050,0.07,15.050,-0.01,15.050,0.01,15.050,0.00,15.050,-0.04,15.050,0.00,15.050,0.00,15.050,-0.02
15.100,-0.01,15.100,-0.04,15.100,-0.01,15.100,0.08,15.100,0.00,15.100,0.02,15.100,-0.01,15.100,-0.04,15.100,0.00,15.100,-0.01,15.100,-0.03
15.150,0.00,15.150,-0.04,15.150,-0.03,15.150,0.12,15.150,-0.01,15.150,0.02,15.150,-0.01,15.150,-0.04,15.150,-0.01,15.150,-0.01,15.150,-0.03
15.200,-0.02,15.200,-0.02,15.200,-0.02,15.200,0.14,15.200,0.00,15.200,0.01,15.200,0.00,15.200,-0.03,15.200,0.00,15.200,0.00,15.200,-0.03
15.250,-0.02,15.250,-0.03,15.250,-0.03,15.250,0.21,15.250,0.00,15.250,0.03,15.250,0.00,15.250,-0.03,15.250,-0.01,15.250,0.00,15.250,-0.03
15.300,-0.02,15.300,-0.02,15.300,-0.02,15.300,0.26,15.300,0.00,15.300,0.03,15.300,0.00,15.300,-0.03,15.300,0.00,15.300,0.00,15.300,-0.04
15.350,-0.01,15.350,-0.02,15.350,-0.03,15.350,0.35,15.350,0.00,15.350,0.03,15.350,0.01,15.350,-0.04,15.350,0.01,15.350,0.00,15.350,-0.03
15.400,-0.01,15.400,-0.02,15.400,-0.04,15.400,0.48,15.400,0.00,15.400,0.05,15.400,-0.01,15.400,-0.05,15.400,0.00,15.400,0.00,15.400,-0.03
15.450,-0.01,15.450,-0.02,15.450,-0.03,15.450,0.58,15.450,0.01,15.450,0.04,15.450,0.00,15.450,-0.03,15.450,0.01,15.450,-0.01,15.450,-0.03
15.500,0.00,15.500,-0.02,15.500,-0.03,15.500,0.69,15.500,0.00,15.500,0.06,15.500,0.00,15.500,-0.03,15.500,0.01,15.500,0.00,15.500,-0.03
15.550,0.00,15.550,-0.01,15.550,-0.03,15.550,0.40,15.550,0.01,15.550,0.10,15.550,0.00,15.550,-0.03,15.550,0.00,15.550,0.00,15.550,-0.03
15.600,-0.01,15.600,-0.01,15.600,-0.01,15.600,0.06,15.600,0.02,15.600,0.21,15.600,0.00,15.600,-0.03,15.600,-0.01,15.600,-0.01,15.600,-0.04
15.650,-0.01,15.650,-0.01,15.650,-0.01,15.650,0.03,15.650,0.02,15.650,0.04,15.650,0.01,15.650,-0.03,15.650,0.00,15.650,0.00,15.650,-0.04
15.700,-0.01,15.700,-0.02,15.700,-0.02,15.700,-0.03,15.700,0.01,15.700,0.04,15.700,0.00,15.700,-0.03,15.700,-0.01,15.700,0.00,15.700,-0.03
15.750,-0.01,15.750,-0.02,15.750,-0.02,15.750,-0.02,15.750,0.02,15.750,-0.01,15.750,0.01,15.750,-0.03,15.750,0.01,15.750,0.00,15.750,-0.03
15.800,-0.01,15.800,-0.01,15.800,-0.01,15.800,-0.03,15.800,0.04,15.800,-0.01,15.800,0.00,15.800,-0.03,15.800,0.01,15.800,0.00,15.800,-0.03
15.850,-0.01,15.850,-0.02,15.850,0.00,15.850,-0.01,15.850,0.00,15.850,0.00,15.850,0.00,15.850,-0.03,15.850,0.00,15.850,-0.01,15.850,-0.03
15.900,0.00,15.900,-0.02,15.900,0.00,15.900,-0.01,15.900,0.04,15.900,-0.01,15.900,0.00,15.900,-0.04,15.900,0.00,15.900,0.00,15.900,-0.03
15.950,-0.01,15.950,-0.01,15.950,0.00,15.950,-0.01,15.950,0.03,15.950,-0.01,15.950,0.00,15.950,-0.03,15.950,-0.01,15.950,0.00,15.950,-0.04
16.000,-0.02,16.000,-0.01,16.000,0.01,16.000,-0.01,16.000,0.05,16.000,-0.01,16.000,0.00,16.000,-0.02,16.000,-0.01,16.000,0.00,16.000,-0.04
16.050,-0.02,16.050,-0.02,16.050,0.01,16.050,-0.02,16.050,0.05,16.050,-0.01,16.050,0.00,16.050,-0.03,16.050,0.00,16.050,0.01,16.050,-0.05
16.100,-0.02,16.100,-0.02,16.100,0.03,16.100,-0.02,16.100,0.05,16.100,-0.01,16.100,0.00,16.100,-0.03,16.100,0.01,16.100,0.00,16.100,-0.04
16.150,-0.01,16.150,-0.02,16.150,0.04,16.150,-0.02,16.150,0.04,16.150,-0.01,16.150,0.00,16.150,-0.01,16.150,0.01,16.150,0.01,16.150,-0.04
16.200,-0.01,16.200,-0.02,16.200,0.03,16.200,-0.02,16.200,0.04,16.200,-0.01,16.200,0.00,16.200,-0.02,16.200,0.02,16.200,0.00,16.200,-0.02
16.250,-0.01,16.250,-0.02,16.250,0.03,16.250,-0.02,16.250,0.04,16.250,-0.01,16.250,0.02,16.250,-0.02,16.250,0.01,16.250,0.00,16.250,-0.02
16.300,-0.01,16.300,0.00,16.300,0.03,16.300,-0.02,16.300,0.04,16.300,-0.01,16.300,0.02,16.300,-0.02,16.300,0.02,16.300,0.00,16.300,-0.01
16.350,-0.01,16.350,0.00,16.350,0.03,16.350,-0.03,16.350,0.04,16.350,0.00,16.350,0.02,16.350,-0.02,16.350,0.02,16.350,0.00,16.350,-0.01
16.400,-0.01,16.400,0.01,16.400,0.02,16.400,-0.03,16.400,0.04,16.400,0.00,16.400,0.02,16.400,-0.03,16.400,0.02,16.400,0.00,16.400,0.00
16.450,-0.01,16.450,0.01,16.450,0.03,16.450,-0.02,16.450,0.03,16.450,-0.01,16.450,0.01,16.450,-0.02,16.450,0.03,16.450,0.01,16.450,0.00
16.500,-0.01,16.500,0.02,16.500,0.03,16.500,-0.03,16.500,0.03,16.500,-0.01,16.500,0.01,16.500,-0.03,16.500,0.04,16.500,0.00,16.500,0.00
16.550,0.00,16.550,0.02,16.550,0.02,16.550,-0.03,16.550,0.03,16.550,0.00,16.550,0.01,16.550,-0.03,16.550,0.03,16.550,-0.01,16.550,0.00
16.600,0.00,16.600,0.04,16.600,0.01,16.600,-0.02,16.600,0.02,16.600,-0.01,16.600,0.01,16.600,-0.03,16.600,0.05,16.600,-0.01,16.600,0.01
16.650,0.01,16.650,0.03,16.650,0.01,16.650,-0.02,16.650,0.02,16.650,0.00,16.650,0.02,16.650,-0.03,16.650,0.05,16.650,-0.01,16.650,0.01
16.700,0.00,16.700,0.04,16.700,0.01,16.700,-0.02,16.700,0.02,16.700,0.01,16.700,0.02,16.700,-0.04,16.700,0.06,16.700,0.00,16.700,0.01
16.750,0.01,16.750,0.04,16.750,0.00,16.750,-0.02,16.750,0.01,16.750,0.00,16.750,0.03,16.750,-0.03,16.750,0.06,16.750,-0.01,16.750,0.01
16.800,0.01,16.800,0.04,16.800,0.02,16.800,-0.01,16.800,0.02,16.800,0.01,16.800,0.03,16.800,-0.03,16.800,0.08,16.800,0.00,16.800,0.02
16.850,0.02,16.850,0.04,16.850,0.01,16.850,-0.02,16.850,0.02,16.850,0.01,16.850,0.03,16.850,-0.03,16.850,0.13,16.850,-0.01,16.850,0.02
16.900,0.01,16.900,0.04,16.900,0.02,16.900,-0.01,16.900,0.02,16.900,0.01,16.900,0.04,16.900,-0.03,16.900,0.28,16.900,-0.01,16.900,0.03
16.950,0.01,16.950,0.04,16.950,0.02,16.950,-0.01,16.950,0.01,16.950,0.01,16.950,0.05,16.950,-0.03,16.950,0.67,16.950,-0.01,16.950,0.05
17.000,0.01,17.000,0.02,17.000,0.02,17.000,-0.01,17.000,0.00,17.000,0.00,17.000,0.03,17.000,-0.03,17.000,0.07,17.000,0.01,17.000,0.05
17.050,0.02,17.050,0.03,17.050,0.02,17.050,-0.02,17.050,0.02,17.050,0.00,17.050,0.04,17.050,-0.02,17.050,0.04,17.050,-0.01,17.050,0.07
17.100,0.02,17.100,0.03,17.100,0.03,17.100,0.00,17.100,0.02,17.100,0.00,17.100,0.04,17.100,-0.02,17.100,-0.02,17.100,0.00,17.100,0.09
17.150,0.03,17.150,0.03,17.150,0.04,17.150,-0.02,17.150,0.01,17.150,0.00,17.150,0.03,17.150,-0.02,17.150,-0.02,17.150,0.01,17.150,0.09
17.200,0.04,17.200,0.04,17.200,0.04,17.200,-0.01,17.200,0.01,17.200,0.00,17.200,0.04,17.200,-0.02,17.200,-0.02,17.200,0.00,17.200,0.02
17.250,0.05,17.250,0.03,17.250,0.06,17.250,-0.01,17.250,0.02,17.250,0.00,17.250,0.02,17.250,-0.02,17.250,-0.01,17.250,-0.01,17.250,-0.01
17.300,0.06,17.300,0.04,17.300,0.11,17.300,-0.01,17.300,0.02,17.300,0.00,17.300,0.03,17.300,-0.02,17.300,-0.01,17.300,-0.01,17.300,-0.05
17.350,0.05,17.350,0.04,17.350,0.21,17.350,-0.02,17.350,0.02,17.350,-0.01,17.350,0.04,17.350,-0.04,17.350,-0.01,17.350,-0.01,17.350,-0.05
17.400,0.04,17.400,0.03,17.400,0.39,17.400,-0.02,17.400,0.02,17.400,0.00,17.400,0.03,17.400,-0.04,17.400,-0.01,17.400,0.00,17.400,-0.04
17.450,0.03,17.450,0.03,17.450,0.99,17.450,-0.02,17.450,0.02,17.450,0.00,17.450,0.04,17.450,-0.03,17.450,-0.02,17.450,0.02,17.450,-0.04
17.500,0.01,17.500,0.03,17.500,0.05,17.500,-0.01,17.500,0.03,17.500,-0.01,17.500,0.04,17.500,-0.04,17.500,-0.01,17.500,0.01,17.500,-0.03
17.550,0.01,17.550,0.04,17.550,0.04,17.550,-0.02,17.550,0.02,17.550,-0.01,17.550,0.04,17.550,-0.05,17.550,-0.01,17.550,-0.01,17.550,-0.04
17.600,-0.02,17.600,0.03,17.600,-0.02,17.600,-0.01,17.600,0.02,17.600,-0.01,17.600,0.05,17.600,-0.04,17.600,-0.01,17.600,0.01,17.600,-0.04
17.650,-0.02,17.650,0.03,17.650,-0.02,17.650,0.00,17.650,0.01,17.650,-0.02,17.650,0.06,17.650,-0.04,17.650,-0.02,17.650,0.01,17.650,-0.04
17.700,0.00,17.700,0.04,17.700,-0.02,17.700,0.01,17.700,0.02,17.700,-0.01,17.700,0.06,17.700,-0.04,17.700,-0.02,17.700,0.01,17.700,-0.04
17.750,-0.01,17.750,0.03,17.750,-0.01,17.750,0.01,17.750,0.01,17.750,-0.01,17.750,0.08,17.750,-0.04,17.750,-0.02,17.750,0.01,17.750,-0.04
17.800,-0.01,17.800,0.03,17.800,-0.01,17.800,0.01,17.800,0.02,17.800,-0.01,17.800,0.08,17.800,-0.04,17.800,-0.02,17.800,0.01,17.800,-0.03
17.850,-0.01,17.850,0.02,17.850,-0.02,17.850,-0.01,17.850,0.02,17.850,-0.01,17.850,0.09,17.850,-0.04,17.850,-0.02,17.850,0.02,17.850,-0.03
17.900,-0.02,17.900,0.02,17.900,-0.01,17.900,0.00,17.900,0.01,17.900,-0.01,17.900,0.11,17.900,-0.03,17.900,-0.01,17.900,0.03,17.900,-0.03
17.950,-0.02,17.950,0.02,17.950,-0.02,17.950,0.01,17.950,0.01,17.950,0.00,17.950,0.11,17.950,-0.04,17.950,-0.01,17.950,0.02,17.950,-0.03
18.000,0.00,18.000,0.02,18.000,-0.01,18.000,0.00,18.000,0.01,18.000,-0.01,18.000,0.18,18.000,-0.04,18.000,-0.01,18.000,0.02,18.000,-0.03
18.050,0.00,18.050,0.03,18.050,-0.02,18.050,-0.01,18.050,0.01,18.050,-0.01,18.050,0.21,18.050,-0.04,18.050,-0.01,18.050,0.02,18.050,-0.03
18.100,0.01,18.100,0.03,18.100,-0.02,18.100,-0.01,18.100,0.02,18.100,-0.02,18.100,0.26,18.100,-0.04,18.100,0.00,18.100,0.02,18.100,-0.04
18.150,0.00,18.150,0.03,18.150,-0.02,18.150,-0.01,18.150,0.02,18.150,0.00,18.150,0.28,18.150,-0.04,18.150,-0.01,18.150,0.02,18.150,-0.03
18.200,0.00,18.200,0.05,18.200,-0.02,18.200,0.00,18.200,0.02,18.200,-0.01,18.200,0.32,18.200,-0.04,18.200,0.00,18.200,0.02,18.200,-0.03
18.250,0.00,18.250,0.05,18.250,-0.01,18.250,-0.01,18.250,0.02,18.250,-0.01,18.250,0.33,18.250,-0.04,18.250,0.00,18.250,0.01,18.250,-0.02
18.300,0.00,18.300,0.04,18.300,-0.02,18.300,0.00,18.300,0.03,18.300,-0.01,18.300,0.36,18.300,-0.03,18.300,-0.01,18.300,0.00,18.300,-0.04
18.350,0.00,18.350,0.04,18.350,-0.02,18.350,0.00,18.350,0.03,18.350,0.00,18.350,0.36,18.350,-0.04,18.350,-0.01,18.350,0.00,18.350,-0.03
18.400,0.00,18.400,0.03,18.400,-0.02,18.400,0.00,18.400,0.04,18.400,-0.01,18.400,0.37,18.400,-0.03,18.400,0.00,18.400,0.00,18.400,-0.03
18.450,0.00,18.450,0.03,18.450,-0.01,18.450,0.00,18.450,0.05,18.450,-0.01,18.450,0.36,18.450,-0.01,18.450,-0.01,18.450,0.01,18.450,-0.03
18.500,0.02,18.500,0.04,18.500,0.00,18.500,0.01,18.500,0.05,18.500,0.00,18.500,0.36,18.500,-0.03,18.500,-0.01,18.500,0.00,18.500,-0.02
18.550,0.00,18.550,0.04,18.550,0.00,18.550,0.00,18.550,0.08,18.550,0.00,18.550,0.36,18.550,-0.02,18.550,-0.01,18.550,0.01,18.550,-0.03
18.600,0.01,18.600,0.04,18.600,-0.01,18.600,0.01,18.600,0.11,18.600,-0.01,18.600,0.36,18.600,-0.02,18.600,0.00,18.600,0.01,18.600,-0.03
18.650,0.00,18.650,0.04,18.650,0.00,18.650,0.02,18.650,0.20,18.650,0.00,18.650,0.36,18.650,-0.03,18.650,-0.01,18.650,0.02,18.650,-0.03
18.700,0.01,18.700,0.04,18.700,-0.01,18.700,0.03,18.700,0.33,18.700,-0.01,18.700,0.34,18.700,-0.02,18.700,-0.01,18.700,0.02,18.700,-0.03
18.750,0.01,18.750,0.04,18.750,-0.01,18.750,0.02,18.750,0.17,18.750,-0.01,18.750,0.36,18.750,-0.02,18.750,-0.02,18.750,0.02,18.750,-0.04
18.800,0.01,18.800,0.05,18.800,-0.01,18.800,0.04,18.800,0.04,18.800,-0.01,18.800,0.36,18.800,-0.02,18.800,-0.01,18.800,0.02,18.800,-0.03
18.850,0.01,18.850,0.06,18.850,-0.01,18.850,0.04,18.850,-0.02,18.850,-0.01,18.850,0.36,18.850,-0.01,18.850,0.00,18.850,0.03,18.850,-0.01
18.900,0.02,18.900,0.06,18.900,0.00,18.900,0.03,18.900,-0.04,18.900,-0.01,18.900,0.35,18.900,-0.01,18.900,0.00,18.900,0.01,18.900,-0.01
18.950,0.01,18.950,0.06,18.950,0.00,18.950,0.03,18.950,-0.03,18.950,-0.01,18.950,0.35,18.950,-0.02,18.950,0.00,18.950,0.01,18.950,-0.02
19.000,0.01,19.000,0.06,19.000,0.00,19.000,0.04,19.000,-0.02,19.000,0.00,19.000,0.34,19.000,-0.02,19.000,-0.01,19.000,0.02,19.000,-0.01
19.050,0.02,19.050,0.05,19.050,0.00,19.050,0.05,19.050,-0.02,19.050,0.01,19.050,0.32,19.050,-0.02,19.050,0.00,19.050,0.02,19.050,-0.01
19.100,0.00,19.100,0.04,19.100,0.00,19.100,0.05,19.100,-0.02,19.100,0.01,19.100,0.32,19.100,-0.02,19.100,0.01,19.100,0.01,19.100,-0.01
19.150,0.01,19.150,0.04,19.150,-0.01,19.150,0.07,19.150,-0.03,19.150,0.02,19.150,0.32,19.150,-0.02,19.150,0.01,19.150,0.01,19.150,-0.01
19.200,0.01,19.200,0.03,19.200,0.00,19.200,0.08,19.200,-0.03,19.200,0.03,19.200,0.30,19.200,-0.02,19.200,0.00,19.200,0.03,19.200,-0.02
19.250,0.01,19.250,0.03,19.250,0.02,19.250,0.09,19.250,-0.02,19.250,0.04,19.250,0.31,19.250,-0.01,19.250,0.00,19.250,0.03,19.250,-0.02
19.300,0.02,19.300,0.03,19.300,0.00,19.300,0.09,19.300,-0.02,19.300,0.06,19.300,0.30,19.300,-0.02,19.300,0.01,19.300,0.03,19.300,-0.03
19.350,0.01,19.350,0.03,19.350,0.01,19.350,0.12,19.350,-0.02,19.350,0.09,19.350,0.34,19.350,0.00,19.350,0.00,19.350,0.02,19.350,-0.02
19.400,0.00,19.400,0.01,19.400,0.02,19.400,0.16,19.400,-0.01,19.400,0.21,19.400,0.35,19.400,-0.01,19.400,0.01,19.400,0.02,19.400,-0.03
19.450,0.00,19.450,0.00,19.450,0.01,19.450,0.24,19.450,-0.02,19.450,0.05,19.450,0.35,19.450,-0.02,19.450,0.00,19.450,0.02,19.450,-0.02
19.500,-0.02,19.500,0.01,19.500,0.02,19.500,0.38,19.500,-0.03,19.500,0.04,19.500,0.40,19.500,-0.01,19.500,0.00,19.500,0.02,19.500,-0.02
19.550,-0.02,19.550,-0.01,19.550,0.02,19.550,0.54,19.550,-0.02,19.550,-0.03,19.550,0.47,19.550,-0.01,19.550,-0.01,19.550,0.02,19.550,-0.02
19.600,-0.02,19.600,-0.02,19.600,0.02,19.600,0.70,19.600,-0.02,19.600,-0.03,19.600,0.57,19.600,-0.01,19.600,-0.01,19.600,0.02,19.600,-0.01
19.650,-0.02,19.650,-0.03,19.650,0.03,19.650,0.18,19.650,-0.02,19.650,-0.04,19.650,0.60,19.650,-0.01,19.650,-0.01,19.650,0.03,19.650,-0.03
19.700,-0.01,19.700,-0.03,19.700,0.02,19.700,0.03,19.700,-0.03,19.700,-0.01,19.700,0.66,19.700,-0.02,19.700,0.00,19.700,0.04,19.700,-0.02
19.750,0.00,19.750,-0.02,19.750,0.02,19.750,-0.04,19.750,-0.02,19.750,-0.03,19.750,0.75,19.750,-0.02,19.750,0.00,19.750,0.05,19.750,-0.02
19.800,-0.01,19.800,-0.01,19.800,0.02,19.800,-0.04,19.800,-0.03,19.800,-0.02,19.800,0.83,19.800,-0.01,19.800,0.01,19.800,0.04,19.800,-0.02
19.850,-0.01,19.850,-0.01,19.850,0.02,19.850,-0.05,19.850,-0.02,19.850,-0.02,19.850,0.91,19.850,-0.02,19.850,0.00,19.850,0.05,19.850,-0.03
19.900,-0.01,19.900,-0.01,19.900,0.02,19.900,-0.04,19.900,-0.03,19.900,-0.02,19.900,0.99,19.900,-0.01,19.900,0.00,19.900,0.05,19.900,-0.03
19.950,-0.02,19.950,-0.01,19.950,0.05,19.950,-0.03,19.950,-0.01,19.950,-0.02,19.950,1.06,19.950,-0.01,19.950,0.01,19.950,0.07,19.950,-0.03
20.000,-0.02,20.000,-0.02,20.000,0.02,20.000,-0.04,20.000,-0.02,20.000,-0.02,20.000,1.09,20.000,-0.01,20.000,0.01,20.000,0.11,20.000,-0.02
20.050,-0.01,20.050,-0.03,20.050,0.03,20.050,-0.04,20.050,-0.02,20.050,-0.02,20.050,1.11,20.050,-0.01,20.050,0.02,20.050,0.14,20.050,-0.04
20.100,-0.01,20.100,-0.03,20.100,0.03,20.100,-0.03,20.100,-0.02,20.100,-0.02,20.100,1.14,20.100,-0.01,20.100,0.03,20.100,0.23,20.100,-0.03
20.150,-0.02,20.150,-0.04,20.150,0.03,20.150,-0.03,20.150,-0.03,20.150,-0.02,20.150,1.17,20.150,0.01,20.150,0.03,20.150,0.32,20.150,-0.03
20.200,-0.02,20.200,-0.02,20.200,0.03,20.200,-0.02,20.200,-0.02,20.200,-0.03,20.200,1.19,20.200,0.01,20.200,0.03,20.200,0.37,20.200,-0.03
20.250,-0.02,20.250,-0.02,20.250,0.02,20.250,-0.03,20.250,-0.02,20.250,-0.01,20.250,1.22,20.250,0.02,20.250,0.02,20.250,0.22,20.250,-0.03
20.300,-0.02,20.300,-0.03,20.300,0.03,20.300,-0.03,20.300,-0.02,20.300,-0.01,20.300,1.27,20.300,0.03,20.300,0.04,20.300,0.05,20.300,-0.03
20.350,-0.02,20.350,-0.02,20.350,0.03,20.350,-0.03,20.350,-0.02,20.350,0.00,20.350,1.29,20.350,0.02,20.350,0.04,20.350,0.00,20.350,-0.03
20.400,-0.02,20.400,-0.01,20.400,0.02,20.400,-0.03,20.400,-0.01,20.400,-0.01,20.400,1.33,20.400,0.03,20.400,0.04,20.400,-0.02,20.400,-0.02
20.450,-0.01,20.450,-0.02,20.450,0.03,20.450,-0.03,20.450,-0.01,20.450,-0.01,20.450,1.37,20.450,0.05,20.450,0.06,20.450,-0.01,20.450,-0.03
20.500,-0.01,20.500,-0.02,20.500,0.04,20.500,-0.01,20.500,-0.02,20.500,0.01,20.500,1.39,20.500,0.06,20.500,0.06,20.500,-0.02,20.500,-0.03
20.550,-0.01,20.550,-0.02,20.550,0.02,20.550,-0.03,20.550,-0.01,20.550,-0.01,20.550,1.43,20.550,0.11,20.550,0.10,20.550,-0.01,20.550,-0.04
20.600,0.00,20.600,-0.02,20.600,0.03,20.600,-0.02,20.600,-0.02,20.600,0.00,20.600,1.43,20.600,0.14,20.600,0.23,20.600,-0.01,20.600,-0.02
20.650,0.00,20.650,-0.01,20.650,0.04,20.650,-0.02,20.650,-0.03,20.650,0.00,20.650,1.47,20.650,0.22,20.650,0.37,20.650,-0.01,20.650,-0.03
20.700,-0.01,20.700,-0.01,20.700,0.03,20.700,-0.02,20.700,-0.02,20.700,0.00,20.700,1.48,20.700,0.26,20.700,0.67,20.700,-0.01,20.700,-0.04
20.750,0.00,20.750,-0.01,20.750,0.04,20.750,-0.03,20.750,-0.01,20.750,0.00,20.750,1.52,20.750,0.31,20.750,0.06,20.750,-0.01,20.750,-0.04
20.800,-0.01,20.800,-0.01,20.800,0.04,20.800,-0.02,20.800,0.01,20.800,0.00,20.800,1.55,20.800,0.33,20.800,0.02,20.800,-0.01,20.800,-0.03
20.850,-0.01,20.850,-0.02,20.850,0.04,20.850,-0.02,20.850,0.01,20.850,-0.01,20.850,1.57,20.850,0.38,20.850,-0.04,20.850,-0.02,20.850,-0.03
20.900,-0.01,20.900,-0.02,20.900,0.03,20.900,-0.02,20.900,0.01,20.900,-0.01,20.900,1.59,20.900,0.44,20.900,-0.04,20.900,-0.03,20.900,-0.03
20.950,-0.01,20.950,-0.02,20.950,0.03,20.950,-0.02,20.950,0.01,20.950,0.01,20.950,1.62,20.950,0.59,20.950,-0.03,20.950,-0.02,20.950,-0.03
21.000,-0.01,21.000,-0.02,21.000,0.03,21.000,-0.03,21.000,0.01,21.000,0.00,21.000,1.64,21.000,0.72,21.000,-0.03,21.000,-0.02,21.000,-0.03
21.050,-0.01,21.050,-0.02,21.050,0.03,21.050,-0.02,21.050,0.00,21.050,-0.01,21.050,1.70,21.050,0.78,21.050,-0.02,21.050,-0.03,21.050,-0.02
21.100,-0.01,21.100,-0.03,21.100,0.03,21.100,-0.01,21.100,0.00,21.100,-0.02,21.100,1.70,21.100,0.98,21.100,-0.03,21.100,-0.02,21.100,-0.02
21.150,-0.01,21.150,-0.02,21.150,0.04,21.150,-0.02,21.150,-0.01,21.150,-0.02,21.150,1.75,21.150,1.09,21.150,-0.04,21.150,-0.02,21.150,-0.04
21.200,0.00,21.200,-0.01,21.200,0.04,21.200,-0.02,21.200,0.00,21.200,-0.01,21.200,0.75,21.200,1.25,21.200,-0.04,21.200,-0.01,21.200,-0.04
21.250,-0.02,21.250,-0.02,21.250,0.04,21.250,-0.03,21.250,0.00,21.250,-0.01,21.250,0.06,21.250,0.24,21.250,-0.04,21.250,0.00,21.250,-0.03
21.300,-0.02,21.300,-0.02,21.300,0.04,21.300,-0.02,21.300,-0.01,21.300,-0.01,21.300,-0.02,21.300,0.04,21.300,-0.04,21.300,-0.01,21.300,-0.04
21.350,0.00,21.350,-0.02,21.350,0.04,21.350,-0.02,21.350,-0.01,21.350,0.00,21.350,-0.04,21.350,-0.04,21.350,-0.04,21.350,0.01,21.350,-0.04
21.400,-0.01,21.400,-0.02,21.400,0.05,21.400,-0.03,21.400,-0.01,21.400,-0.01,21.400,-0.04,21.400,-0.05,21.400,-0.03,21.400,0.00,21.400,-0.03
21.450,-0.01,21.450,-0.02,21.450,0.05,21.450,-0.01,21.450,-0.01,21.450,0.00,21.450,-0.04,21.450,-0.05,21.450,-0.03,21.450,-0.01,21.450,-0.03
21.500,-0.01,21.500,-0.01,21.500,0.06,21.500,-0.01,21.500,-0.01,21.500,0.00,21.500,-0.04,21.500,-0.05,21.500,-0.03,21.500,-0.01,21.500,-0.03
21.550,-0.01,21.550,-0.01,21.550,0.06,21.550,0.00,21.550,0.00,21.550,-0.01,21.550,-0.03,21.550,-0.04,21.550,-0.02,21.550,-0.01,21.550,-0.03
21.600,0.00,21.600,-0.01,21.600,0.05,21.600,-0.01,21.600,0.00,21.600,-0.01,21.600,-0.03,21.600,-0.04,21.600,-0.02,21.600,-0.01,21.600,-0.03
21.650,0.01,21.650,-0.02,21.650,0.06,21.650,-0.01,21.650,0.00,21.650,-0.01,21.650,-0.04,21.650,-0.03,21.650,-0.02,21.650,-0.01,21.650,-0.03
21.700,0.01,21.700,-0.02,21.700,0.06,21.700,0.00,21.700,-0.01,21.700,-0.01,21.700,-0.04,21.700,-0.03,21.700,-0.02,21.700,-0.01,21.700,-0.02
21.750,0.00,21.750,-0.02,21.750,0.06,21.750,0.00,21.750,0.00,21.750,-0.01,21.750,-0.04,21.750,-0.04,21.750,-0.02,21.750,-0.01,21.750,-0.03
21.800,0.00,21.800,-0.02,21.800,0.08,21.800,-0.01,21.800,0.01,21.800,-0.01,21.800,-0.05,21.800,-0.03,21.800,-0.01,21.800,-0.01,21.800,-0.03
21.850,0.00,21.850,-0.01,21.850,0.10,21.850,-0.01,21.850,0.01,21.850,-0.01,21.850,-0.03,21.850,-0.03,21.850,-0.02,21.850,-0.01,21.850,-0.03
21.900,0.00,21.900,-0.02,21.900,0.12,21.900,0.00,21.900,0.01,21.900,0.00,21.900,-0.04,21.900,-0.03,21.900,-0.01,21.900,-0.02,21.900,-0.02
21.950,0.00,21.950,-0.01,21.950,0.15,21.950,-0.01,21.950,0.01,21.950,0.00,21.950,-0.03,21.950,-0.02,21.950,-0.02,21.950,-0.01,21.950,-0.02
22.000,0.00,22.000,-0.02,22.000,0.22,22.000,0.00,22.000,0.00,22.000,-0.01,22.000,-0.02,22.000,-0.02,22.000,-0.01,22.000,-0.01,22.000,-0.03
22.050,-0.01,22.050,-0.01,22.050,0.29,22.050,0.00,22.050,0.00,22.050,0.00,22.050,-0.03,22.050,-0.03,22.050,-0.01,22.050,-0.02,22.050,-0.02
22.100,0.00,22.100,-0.01,22.100,0.41,22.100,-0.01,22.100,-0.01,22.100,0.00,22.100,-0.03,22.100,-0.03,22.100,-0.01,22.100,0.00,22.100,-0.02
22.150,0.01,22.150,-0.02,22.150,0.61,22.150,0.00,22.150,-0.01,22.150,0.00,22.150,-0.02,22.150,-0.02,22.150,-0.02,22.150,-0.01,22.150,-0.02
22.200,0.01,22.200,-0.02,22.200,0.88,22.200,0.00,22.200,-0.01,22.200,0.01,22.200,-0.02,22.200,-0.03,22.200,-0.01,22.200,-0.01,22.200,-0.03
22.250,0.00,22.250,-0.01,22.250,1.15,22.250,0.00,22.250,-0.01,22.250,0.01,22.250,-0.02,22.250,-0.03,22.250,-0.02,22.250,-0.01,22.250,-0.02
22.300,-0.01,22.300,-0.02,22.300,1.28,22.300,0.00,22.300,-0.01,22.300,0.00,22.300,-0.03,22.300,-0.03,22.300,-0.01,22.300,-0.01,22.300,-0.03
22.350,0.00,22.350,-0.02,22.350,0.06,22.350,0.00,22.350,0.00,22.350,0.00,22.350,-0.03,22.350,-0.02,22.350,-0.02,22.350,-0.01,22.350,-0.02
22.400,0.01,22.400,-0.02,22.400,0.03,22.400,0.00,22.400,-0.01,22.400,-0.01,22.400,-0.02,22.400,-0.02,22.400,-0.01,22.400,-0.02,22.400,-0.03
22.450,0.01,22.450,-0.02,22.450,-0.03,22.450,0.01,22.450,-0.01,22.450,-0.01,22.450,-0.02,22.450,-0.02,22.450,-0.02,22.450,0.00,22.450,-0.03
22.500,0.01,22.500,-0.03,22.500,-0.02,22.500,0.01,22.500,0.00,22.500,0.00,22.500,-0.02,22.500,-0.01,22.500,-0.01,22.500,0.00,22.500,-0.03
22.550,0.01,22.550,-0.04,22.550,-0.02,22.550,0.01,22.550,0.00,22.550,-0.01,22.550,-0.02,22.550,-0.02,22.550,0.00,22.550,-0.01,22.550,-0.03
22.600,0.01,22.600,-0.02,22.600,-0.02,22.600,0.01,22.600,0.01,22.600,-0.01,22.600,-0.01,22.600,-0.03,22.600,-0.01,22.600,-0.01,22.600,-0.03
22.650,0.00,22.650,-0.02,22.650,-0.02,22.650,0.01,22.650,0.01,22.650,-0.01,22.650,-0.02,22.650,-0.02,22.650,-0.01,22.650,0.00,22.650,-0.02
22.700,0.00,22.700,-0.03,22.700,-0.02,22.700,0.00,22.700,0.01,22.700,-0.01,22.700,-0.02,22.700,-0.02,22.700,-0.01,22.700,0.00,22.700,-0.01
22.750,0.00,22.750,-0.02,22.750,-0.02,22.750,0.01,22.750,0.01,22.750,-0.01,22.750,-0.01,22.750,-0.03,22.750,-0.01,22.750,-0.01,22.750,-0.02
22.800,0.00,22.800,-0.02,22.800,-0.02,22.800,0.00,22.800,0.00,22.800,-0.01,22.800,-0.01,22.800,-0.03,22.800,-0.01,22.800,-0.01,22.800,-0.02
22.850,0.01,22.850,-0.01,22.850,-0.02,22.850,0.02,22.850,0.00,22.850,0.00,22.850,-0.02,22.850,-0.01,22.850,-0.01,22.850,-0.01,22.850,-0.01
22.900,0.01,22.900,-0.02,22.900,-0.03,22.900,0.01,22.900,0.00,22.900,0.00,22.900,-0.02,22.900,-0.02,22.900,0.00,22.900,-0.01,22.900,-0.02
22.950,0.00,22.950,-0.03,22.950,-0.03,22.950,0.02,22.950,0.00,22.950,0.00,22.950,-0.03,22.950,-0.02,22.950,0.00,22.950,-0.01,22.950,-0.01
23.000,0.01,23.000,-0.03,23.000,-0.02,23.000,0.03,23.000,0.01,23.000,0.01,23.000,-0.03,23.000,-0.03,23.000,-0.01,23.000,-0.01,23.000,-0.01
23.050,0.00,23.050,-0.02,23.050,-0.02,23.050,0.03,23.050,0.01,23.050,0.01,23.050,-0.03,23.050,-0.02,23.050,0.01,23.050,-0.01,23.050,-0.02
23.100,0.01,23.100,-0.02,23.100,-0.02,23.100,0.06,23.100,0.01,23.100,0.01,23.100,-0.03,23.100,-0.02,23.100,0.00,23.100,-0.01,23.100,-0.02
23.150,-0.01,23.150,-0.01,23.150,-0.01,23.150,0.09,23.150,0.00,23.150,0.00,23.150,-0.03,23.150,-0.02,23.150,-0.01,23.150,-0.01,23.150,-0.01
23.200,0.01,23.200,-0.01,23.200,-0.02,23.200,0.22,23.200,0.00,23.200,0.01,23.200,-0.02,23.200,-0.02,23.200,-0.01,23.200,-0.01,23.200,-0.02
23.250,0.00,23.250,-0.01,23.250,-0.01,23.250,0.42,23.250,0.01,23.250,0.01,23.250,-0.03,23.250,-0.02,23.250,-0.01,23.250,-0.01,23.250,-0.02
23.300,-0.01,23.300,-0.01,23.300,-0.01,23.300,0.71,23.300,0.01,23.300,0.01,23.300,-0.04,23.300,-0.02,23.300,-0.01,23.300,-0.03,23.300,-0.02
23.350,0.00,23.350,-0.01,23.350,-0.02,23.350,0.12,23.350,0.01,23.350,0.01,23.350,-0.03,23.350,-0.02,23.350,0.01,23.350,-0.02,23.350,-0.02
23.400,-0.01,23.400,-0.02,23.400,-0.02,23.400,0.03,23.400,0.02,23.400,0.01,23.400,-0.03,23.400,-0.02,23.400,0.00,23.400,-0.02,23.400,-0.01
23.450,-0.01,23.450,-0.02,23.450,-0.01,23.450,-0.03,23.450,0.03,23.450,0.02,23.450,-0.03,23.450,-0.03,23.450,0.00,23.450,-0.01,23.450,-0.01
23.500,-0.01,23.500,-0.02,23.500,-0.02,23.500,-0.06,23.500,0.03,23.500,0.01,23.500,-0.02,23.500,-0.01,23.500,0.01,23.500,0.00,23.500,-0.02
23.550,-0.01,23.550,-0.03,23.550,-0.02,23.550,-0.05,23.550,0.05,23.550,0.02,23.550,-0.01,23.550,-0.03,23.550,0.01,23.550,0.00,23.550,-0.02
23.600,0.00,23.600,-0.03,23.600,-0.01,23.600,-0.04,23.600,0.05,23.600,0.01,23.600,0.00,23.600,-0.02,23.600,0.01,23.600,-0.01,23.600,-0.03
23.650,-0.01,23.650,-0.02,23.650,-0.01,23.650,-0.03,23.650,0.07,23.650,0.01,23.650,0.01,23.650,-0.03,23.650,-0.01,23.650,0.00,23.650,-0.04
23.700,0.00,23.700,-0.02,23.700,0.00,23.700,-0.02,23.700,0.09,23.700,0.02,23.700,-0.02,23.700,-0.02,23.700,0.01,23.700,0.02,23.700,-0.03
23.750,-0.01,23.750,-0.02,23.750,-0.01,23.750,-0.01,23.750,0.21,23.750,0.02,23.750,-0.01,23.750,-0.02,23.750,0.01,23.750,0.02,23.750,-0.02
23.800,-0.01,23.800,-0.03,23.800,0.00,23.800,-0.01,23.800,0.34,23.800,0.02,23.800,-0.01,23.800,-0.02,23.800,0.00,23.800,0.02,23.800,-0.02
23.850,0.00,23.850,-0.02,23.850,0.00,23.850,-0.01,23.850,0.04,23.850,0.02,23.850,0.00,23.850,-0.02,23.850,0.00,23.850,0.04,23.850,-0.02
23.900,0.00,23.900,-0.04,23.900,-0.01,23.900,-0.01,23.900,0.01,23.900,0.02,23.900,-0.01,23.900,-0.02,23.900,0.00,23.900,0.03,23.900,-0.03
23.950,0.00,23.950,-0.02,23.950,0.00,23.950,-0.02,23.950,-0.04,23.950,0.03,23.950,-0.01,23.950,-0.01,23.950,-0.01,23.950,0.04,23.950,-0.02
24.000,-0.01,24.000,-0.02,24.000,0.01,24.000,-0.03,24.000,-0.04,24.000,0.03,24.000,-0.01,24.000,-0.01,24.000,0.00,24.000,0.03,24.000,-0.02
24.050,0.00,24.050,-0.02,24.050,0.01,24.050,-0.04,24.050,-0.03,24.050,0.03,24.050,-0.01,24.050,-0.01,24.050,0.01,24.050,0.05,24.050,-0.03
24.100,0.00,24.100,-0.01,24.100,0.01,24.100,-0.04,24.100,-0.03,24.100,0.04,24.100,0.00,24.100,-0.02,24.100,0.03,24.100,0.05,24.100,-0.02
24.150,0.01,24.150,-0.02,24.150,0.01,24.150,-0.04,24.150,-0.02,24.150,0.03,24.150,-0.01,24.150,-0.01,24.150,0.04,24.150,0.06,24.150,-0.01
24.200,-0.01,24.200,-0.01,24.200,0.00,24.200,-0.03,24.200,-0.02,24.200,0.03,24.200,-0.01,24.200,-0.01,24.200,0.08,24.200,0.06,24.200,-0.01
24.250,-0.01,24.250,-0.02,24.250,0.00,24.250,-0.04,24.250,-0.02,24.250,0.04,24.250,-0.01,24.250,-0.01,24.250,0.18,24.250,0.08,24.250,-0.02
24.300,0.00,24.300,-0.02,24.300,0.01,24.300,-0.03,24.300,-0.02,24.300,0.05,24.300,-0.01,24.300,-0.02,24.300,0.30,24.300,0.09,24.300,-0.02
24.350,0.00,24.350,-0.02,24.350,0.02,24.350,-0.04,24.350,-0.02,24.350,0.06,24.350,0.01,24.350,-0.02,24.350,0.51,24.350,0.09,24.350,-0.01
24.400,0.00,24.400,-0.01,24.400,0.03,24.400,-0.02,24.400,-0.02,24.400,0.08,24.400,0.00,24.400,-0.02,24.400,0.66,24.400,0.11,24.400,-0.02
24.450,0.01,24.450,-0.02,24.450,0.03,24.450,-0.02,24.450,-0.03,24.450,0.09,24.450,0.00,24.450,-0.02,24.450,0.03,24.450,0.14,24.450,-0.01
24.500,0.01,24.500,-0.01,24.500,0.04,24.500,-0.03,24.500,-0.03,24.500,0.22,24.500,0.00,24.500,-0.01,24.500,0.03,24.500,0.17,24.500,-0.02
24.550,0.03,24.550,-0.02,24.550,0.03,24.550,-0.02,24.550,-0.02,24.550,0.06,24.550,0.00,24.550,-0.01,24.550,-0.04,24.550,0.22,24.550,-0.02
24.600,0.03,24.600,-0.02,24.600,0.04,24.600,-0.03,24.600,-0.03,24.600,0.05,24.600,0.01,24.600,-0.02,24.600,-0.04,24.600,0.29,24.600,-0.04
24.650,0.04,24.650,-0.02,24.650,0.04,24.650,-0.02,24.650,-0.03,24.650,-0.02,24.650,0.00,24.650,-0.01,24.650,-0.04,24.650,0.32,24.650,-0.02
24.700,0.05,24.700,-0.02,24.700,0.06,24.700,-0.02,24.700,-0.02,24.700,-0.01,24.700,0.01,24.700,-0.01,24.700,-0.05,24.700,0.35,24.700,-0.02
24.750,0.08,24.750,-0.02,24.750,0.06,24.750,-0.02,24.750,-0.02,24.750,-0.04,24.750,0.00,24.750,-0.01,24.750,-0.03,24.750,0.38,24.750,-0.02
24.800,0.11,24.800,-0.01,24.800,0.04,24.800,-0.01,24.800,-0.02,24.800,-0.01,24.800,0.00,24.800,-0.01,24.800,-0.03,24.800,0.33,24.800,-0.02
24.850,0.22,24.850,-0.02,24.850,0.05,24.850,-0.02,24.850,-0.03,24.850,-0.01,24.850,-0.01,24.850,-0.01,24.850,-0.02,24.850,0.13,24.850,-0.03
24.900,0.62,24.900,-0.02,24.900,0.04,24.900,-0.01,24.900,-0.02,24.900,-0.01,24.900,-0.01,24.900,0.00,24.900,-0.02,24.900,0.04,24.900,-0.03
24.950,1.00,24.950,-0.02,24.950,0.05,24.950,-0.01,24.950,-0.02,24.950,0.00,24.950,-0.01,24.950,-0.02,24.950,-0.03,24.950,0.00,24.950,-0.02
25.000,1.04,25.000,-0.01,25.000,0.05,25.000,-0.02,25.000,-0.01,25.000,-0.01,25.000,-0.01,25.000,-0.01,25.000,-0.02,25.000,-0.02,25.000,-0.03
25.050,1.09,25.050,-0.01,25.050,0.05,25.050,-0.03,25.050,-0.01,25.050,-0.01,25.050,0.00,25.050,-0.02,25.050,-0.02,25.050,-0.01,25.050,-0.02
25.100,1.03,25.100,-0.02,25.100,0.04,25.100,-0.02,25.100,0.00,25.100,0.00,25.100,-0.01,25.100,-0.01,25.100,-0.02,25.100,0.00,25.100,-0.03
25.150,1.17,25.150,-0.02,25.150,0.04,25.150,-0.03,25.150,-0.01,25.150,0.00,25.150,-0.01,25.150,0.00,25.150,-0.03,25.150,0.00,25.150,-0.03
25.200,1.47,25.200,-0.01,25.200,0.03,25.200,-0.02,25.200,-0.02,25.200,-0.01,25.200,-0.01,25.200,-0.01,25.200,-0.02,25.200,-0.01,25.200,-0.04
25.250,1.70,25.250,-0.02,25.250,0.04,25.250,-0.02,25.250,-0.01,25.250,0.00,25.250,0.00,25.250,-0.01,25.250,-0.03,25.250,0.00,25.250,-0.03
25.300,0.13,25.300,-0.01,25.300,0.04,25.300,-0.03,25.300,-0.01,25.300,0.01,25.300,0.00,25.300,0.00,25.300,-0.04,25.300,0.00,25.300,-0.02
25.350,0.06,25.350,-0.01,25.350,0.04,25.350,-0.02,25.350,-0.01,25.350,0.02,25.350,0.00,25.350,0.00,25.350,-0.03,25.350,0.00,25.350,-0.02
25.400,-0.02,25.400,-0.02,25.400,0.04,25.400,-0.02,25.400,0.00,25.400,0.02,25.400,0.00,25.400,0.00,25.400,-0.02,25.400,0.00,25.400,-0.02
25.450,-0.01,25.450,-0.01,25.450,0.05,25.450,-0.02,25.450,0.00,25.450,0.01,25.450,0.00,25.450,0.00,25.450,-0.01,25.450,0.00,25.450,-0.03
25.500,-0.02,25.500,-0.02,25.500,0.05,25.500,-0.02,25.500,0.01,25.500,-0.01,25.500,0.00,25.500,0.00,25.500,-0.02,25.500,0.00,25.500,-0.02
25.550,-0.01,25.550,-0.02,25.550,0.05,25.550,-0.02,25.550,0.01,25.550,0.01,25.550,-0.01,25.550,0.00,25.550,-0.03,25.550,0.00,25.550,-0.02
25.600,-0.01,25.600,-0.02,25.600,0.06,25.600,-0.03,25.600,0.01,25.600,0.00,25.600,0.00,25.600,0.01,25.600,-0.02,25.600,-0.01,25.600,-0.03
25.650,-0.01,25.650,-0.02,25.650,0.04,25.650,-0.02,25.650,0.01,25.650,0.01,25.650,-0.01,25.650,0.01,25.650,-0.02,25.650,0.00,25.650,-0.03
25.700,-0.02,25.700,-0.02,25.700,0.04,25.700,-0.02,25.700,0.02,25.700,0.01,25.700,-0.02,25.700,0.02,25.700,-0.02,25.700,0.01,25.700,-0.02
25.750,-0.01,25.750,-0.02,25.750,0.03,25.750,-0.02,25.750,0.02,25.750,0.01,25.750,-0.02,25.750,0.02,25.750,-0.02,25.750,0.00,25.750,-0.03
25.800,-0.01,25.800,-0.01,25.800,0.04,25.800,-0.02,25.800,0.01,25.800,0.01,25.800,-0.02,25.800,0.02,25.800,-0.02,25.800,0.00,25.800,-0.02
25.850,-0.02,25.850,-0.01,25.850,0.03,25.850,-0.02,25.850,0.02,25.850,0.01,25.850,-0.02,25.850,0.03,25.850,-0.01,25.850,0.00,25.850,-0.02
25.900,-0.03,25.900,-0.01,25.900,0.03,25.900,-0.01,25.900,0.01,25.900,0.01,25.900,-0.02,25.900,0.02,25.900,-0.03,25.900,-0.01,25.900,-0.03
25.950,-0.01,25.950,-0.02,25.950,0.04,25.950,-0.02,25.950,0.01,25.950,0.02,25.950,-0.02,25.950,0.03,25.950,-0.02,25.950,-0.01,25.950,-0.01
26.000,-0.02,26.000,-0.02,26.000,0.04,26.000,-0.01,26.000,0.01,26.000,0.01,26.000,-0.03,26.000,0.04,26.000,-0.02,26.000,0.00,26.000,-0.02
26.050,-0.01,26.050,-0.02,26.050,0.04,26.050,-0.01,26.050,0.02,26.050,0.02,26.050,-0.03,26.050,0.02,26.050,-0.01,26.050,0.01,26.050,-0.03
26.100,-0.02,26.100,-0.01,26.100,0.04,26.100,-0.01,26.100,0.02,26.100,0.00,26.100,-0.02,26.100,0.03,26.100,-0.01,26.100,0.01,26.100,-0.04
26.150,-0.01,26.150,-0.02,26.150,0.03,26.150,0.01,26.150,0.01,26.150,0.02,26.150,-0.02,26.150,0.03,26.150,-0.02,26.150,-0.01,26.150,-0.02
26.200,-0.01,26.200,-0.02,26.200,0.03,26.200,0.00,26.200,0.01,26.200,0.02,26.200,-0.02,26.200,0.03,26.200,-0.02,26.200,0.00,26.200,-0.01
26.250,-0.02,26.250,-0.02,26.250,0.03,26.250,-0.01,26.250,0.01,26.250,0.02,26.250,-0.02,26.250,0.04,26.250,-0.02,26.250,0.01,26.250,-0.01
26.300,-0.02,26.300,-0.02,26.300,0.04,26.300,-0.01,26.300,0.01,26.300,0.00,26.300,-0.02,26.300,0.07,26.300,-0.02,26.300,0.00,26.300,-0.01
26.350,-0.01,26.350,-0.02,26.350,0.03,26.350,0.00,26.350,0.01,26.350,0.00,26.350,-0.02,26.350,0.08,26.350,-0.02,26.350,0.00,26.350,-0.02
26.400,-0.02,26.400,-0.01,26.400,0.04,26.400,-0.01,26.400,0.02,26.400,0.01,26.400,-0.02,26.400,0.09,26.400,-0.02,26.400,0.00,26.400,-0.02
26.450,-0.01,26.450,-0.01,26.450,0.04,26.450,0.00,26.450,0.02,26.450,0.01,26.450,-0.02,26.450,0.11,26.450,-0.02,26.450,0.00,26.450,-0.02
26.500,-0.02,26.500,-0.01,26.500,0.04,26.500,0.01,26.500,0.02,26.500,0.01,26.500,-0.02,26.500,0.17,26.500,-0.02,26.500,0.00,26.500,-0.01
26.550,-0.02,26.550,-0.01,26.550,0.05,26.550,0.00,26.550,0.01,26.550,0.01,26.550,-0.01,26.550,0.31,26.550,-0.02,26.550,0.00,26.550,-0.02
26.600,-0.02,26.600,-0.02,26.600,0.05,26.600,-0.02,26.600,0.02,26.600,0.02,26.600,-0.02,26.600,0.56,26.600,-0.01,26.600,-0.01,26.600,-0.01
26.650,-0.01,26.650,-0.02,26.650,0.03,26.650,-0.01,26.650,0.01,26.650,0.01,26.650,-0.03,26.650,0.75,26.650,-0.02,26.650,0.00,26.650,0.00
26.700,-0.02,26.700,-0.01,26.700,0.04,26.700,0.00,26.700,0.01,26.700,0.01,26.700,-0.02,26.700,0.86,26.700,-0.01,26.700,-0.01,26.700,0.01
26.750,-0.03,26.750,-0.02,26.750,0.04,26.750,0.01,26.750,0.02,26.750,0.02,26.750,-0.04,26.750,1.07,26.750,-0.02,26.750,0.00,26.750,0.02
26.800,-0.01,26.800,0.00,26.800,0.05,26.800,0.01,26.800,0.02,26.800,0.02,26.800,-0.03,26.800,1.24,26.800,-0.02,26.800,-0.01,26.800,0.05
26.850,-0.01,26.850,0.00,26.850,0.04,26.850,0.00,26.850,0.01,26.850,0.01,26.850,-0.03,26.850,0.57,26.850,-0.02,26.850,0.00,26.850,0.06
26.900,-0.01,26.900,0.01,26.900,0.04,26.900,0.01,26.900,0.01,26.900,0.01,26.900,-0.03,26.900,0.10,26.900,-0.02,26.900,-0.01,26.900,0.09
26.950,-0.02,26.950,0.01,26.950,0.03,26.950,0.01,26.950,0.02,26.950,0.01,26.950,-0.03,26.950,0.02,26.950,-0.01,26.950,-0.01,26.950,0.15
27.000,-0.01,27.000,0.01,27.000,0.04,27.000,0.01,27.000,0.03,27.000,0.01,27.000,-0.04,27.000,-0.05,27.000,-0.02,27.000,-0.01,27.000,0.11
27.050,-0.01,27.050,0.02,27.050,0.04,27.050,0.01,27.050,0.02,27.050,0.01,27.050,-0.03,27.050,-0.04,27.050,-0.02,27.050,0.00,27.050,0.02
27.100,-0.01,27.100,0.02,27.100,0.04,27.100,0.01,27.100,0.03,27.100,0.00,27.100,-0.03,27.100,-0.04,27.100,-0.02,27.100,0.00,27.100,-0.04
27.150,0.00,27.150,0.02,27.150,0.03,27.150,0.00,27.150,0.04,27.150,0.01,27.150,-0.04,27.150,-0.04,27.150,-0.02,27.150,0.01,27.150,-0.05
27.200,-0.01,27.200,0.02,27.200,0.03,27.200,0.02,27.200,0.03,27.200,0.00,27.200,-0.03,27.200,-0.03,27.200,-0.02,27.200,0.01,27.200,-0.03
27.250,0.00,27.250,0.02,27.250,0.04,27.250,0.02,27.250,0.04,27.250,0.02,27.250,-0.04,27.250,-0.04,27.250,-0.01,27.250,0.00,27.250,-0.03
27.300,-0.01,27.300,0.03,27.300,0.04,27.300,0.04,27.300,0.06,27.300,0.01,27.300,-0.04,27.300,-0.04,27.300,0.00,27.300,0.00,27.300,-0.04
27.350,-0.01,27.350,0.02,27.350,0.04,27.350,0.06,27.350,0.10,27.350,0.01,27.350,-0.03,27.350,-0.03,27.350,0.00,27.350,-0.01,27.350,-0.04
27.400,-0.01,27.400,0.02,27.400,0.04,27.400,0.11,27.400,0.18,27.400,0.01,27.400,-0.03,27.400,-0.04,27.400,0.00,27.400,0.00,27.400,-0.04
27.450,-0.01,27.450,0.02,27.450,0.05,27.450,0.28,27.450,0.38,27.450,0.01,27.450,-0.02,27.450,-0.03,27.450,0.00,27.450,-0.01,27.450,-0.03
27.500,0.01,27.500,0.02,27.500,0.07,27.500,0.67,27.500,0.08,27.500,0.02,27.500,-0.02,27.500,-0.02,27.500,0.01,27.500,-0.01,27.500,-0.04
27.550,0.00,27.550,0.02,27.550,0.09,27.550,0.06,27.550,0.04,27.550,0.02,27.550,-0.02,27.550,-0.02,27.550,0.01,27.550,0.00,27.550,-0.05
27.600,0.01,27.600,0.02,27.600,0.18,27.600,0.02,27.600,-0.04,27.600,0.02,27.600,-0.04,27.600,-0.02,27.600,0.02,27.600,-0.01,27.600,-0.05
27.650,0.01,27.650,0.03,27.650,0.35,27.650,-0.03,27.650,-0.03,27.650,0.04,27.650,-0.04,27.650,-0.02,27.650,0.02,27.650,-0.01,27.650,-0.04
27.700,0.03,27.700,0.02,27.700,0.80,27.700,-0.04,27.700,-0.05,27.700,0.04,27.700,-0.02,27.700,-0.02,27.700,0.02,27.700,-0.01,27.700,-0.04
27.750,0.01,27.750,0.02,27.750,0.86,27.750,-0.05,27.750,-0.04,27.750,0.05,27.750,-0.01,27.750,-0.03,27.750,0.03,27.750,0.00,27.750,-0.04
27.800,0.02,27.800,0.01,27.800,0.04,27.800,-0.04,27.800,-0.04,27.800,0.06,27.800,-0.02,27.800,-0.03,27.800,0.03,27.800,-0.01,27.800,-0.04
27.850,0.03,27.850,0.01,27.850,-0.02,27.850,-0.03,27.850,-0.03,27.850,0.06,27.850,-0.03,27.850,-0.03,27.850,0.04,27.850,-0.01,27.850,-0.03
27.900,0.04,27.900,0.02,27.900,-0.04,27.900,-0.03,27.900,-0.03,27.900,0.08,27.900,-0.03,27.900,-0.01,27.900,0.07,27.900,0.00,27.900,-0.03
27.950,0.04,27.950,0.02,27.950,-0.03,27.950,-0.03,27.950,-0.03,27.950,0.13,27.950,-0.01,27.950,-0.02,27.950,0.09,27.950,-0.01,27.950,-0.04
28.000,0.05,28.000,0.01,28.000,-0.01,28.000,-0.03,28.000,-0.03,28.000,0.15,28.000,-0.02,28.000,-0.01,28.000,0.16,28.000,-0.02,28.000,-0.04
28.050,0.05,28.050,0.01,28.050,0.01,28.050,-0.03,28.050,-0.02,28.050,0.06,28.050,-0.02,28.050,-0.01,28.050,0.25,28.050,-0.02,28.050,-0.04
28.100,0.05,28.100,0.01,28.100,0.00,28.100,-0.02,28.100,-0.03,28.100,0.00,28.100,-0.01,28.100,-0.02,28.100,0.35,28.100,-0.02,28.100,-0.05
28.150,0.05,28.150,0.01,28.150,-0.01,28.150,-0.03,28.150,-0.02,28.150,-0.01,28.150,-0.01,28.150,-0.02,28.150,0.51,28.150,0.00,28.150,-0.05
28.200,0.06,28.200,0.01,28.200,-0.02,28.200,-0.03,28.200,-0.02,28.200,-0.01,28.200,-0.01,28.200,-0.02,28.200,0.70,28.200,-0.01,28.200,-0.04
28.250,0.05,28.250,0.01,28.250,-0.01,28.250,-0.04,28.250,-0.02,28.250,0.00,28.250,-0.02,28.250,-0.02,28.250,0.16,28.250,-0.01,28.250,-0.04
28.300,0.06,28.300,0.01,28.300,-0.01,28.300,-0.03,28.300,-0.02,28.300,0.00,28.300,-0.02,28.300,-0.02,28.300,0.04,28.300,-0.01,28.300,-0.04
28.350,0.06,28.350,0.02,28.350,0.00,28.350,-0.03,28.350,-0.03,28.350,0.01,28.350,-0.02,28.350,-0.02,28.350,-0.03,28.350,-0.01,28.350,-0.04
28.400,0.05,28.400,0.01,28.400,-0.01,28.400,-0.04,28.400,-0.01,28.400,0.00,28.400,-0.01,28.400,-0.02,28.400,-0.04,28.400,0.00,28.400,-0.04
28.450,0.05,28.450,0.02,28.450,0.00,28.450,-0.03,28.450,-0.02,28.450,0.01,28.450,-0.01,28.450,-0.02,28.450,-0.05,28.450,0.00,28.450,-0.03
28.500,0.05,28.500,0.03,28.500,0.00,28.500,-0.03,28.500,-0.02,28.500,0.00,28.500,-0.02,28.500,-0.01,28.500,-0.04,28.500,0.00,28.500,-0.03
28.550,0.06,28.550,0.03,28.550,-0.01,28.550,-0.03,28.550,-0.03,28.550,0.00,28.550,-0.02,28.550,-0.02,28.550,-0.04,28.550,0.01,28.550,-0.03
28.600,0.06,28.600,0.01,28.600,0.00,28.600,-0.03,28.600,-0.03,28.600,0.00,28.600,-0.01,28.600,-0.01,28.600,-0.04,28.600,0.00,28.600,-0.03
28.650,0.06,28.650,0.02,28.650,0.00,28.650,-0.02,28.650,-0.03,28.650,0.00,28.650,-0.02,28.650,-0.03,28.650,-0.03,28.650,0.00,28.650,-0.03
28.700,0.06,28.700,0.00,28.700,-0.01,28.700,-0.02,28.700,-0.03,28.700,-0.01,28.700,0.00,28.700,-0.03,28.700,-0.03,28.700,0.01,28.700,-0.03
28.750,0.06,28.750,-0.01,28.750,0.00,28.750,-0.01,28.750,-0.03,28.750,-0.01,28.750,-0.01,28.750,-0.01,28.750,-0.03,28.750,0.00,28.750,-0.04
28.800,0.07,28.800,-0.02,28.800,-0.01,28.800,-0.01,28.800,-0.03,28.800,-0.01,28.800,-0.01,28.800,-0.01,28.800,-0.03,28.800,0.01,28.800,-0.03
28.850,0.07,28.850,-0.02,28.850,-0.01,28.850,-0.02,28.850,-0.03,28.850,0.00,28.850,-0.01,28.850,-0.01,28.850,-0.02,28.850,0.00,28.850,-0.04
28.900,0.07,28.900,-0.03,28.900,-0.01,28.900,-0.02,28.900,-0.02,28.900,-0.01,28.900,-0.01,28.900,-0.02,28.900,-0.02,28.900,0.00,28.900,-0.03
28.950,0.05,28.950,-0.02,28.950,-0.01,28.950,-0.01,28.950,-0.01,28.950,0.01,28.950,-0.01,28.950,-0.02,28.950,-0.04,28.950,0.00,28.950,-0.03
29.000,0.05,29.000,-0.02,29.000,-0.01,29.000,-0.01,29.000,-0.01,29.000,-0.01,29.000,-0.01,29.000,-0.01,29.000,-0.03,29.000,0.00,29.000,-0.03
29.050,0.04,29.050,-0.02,29.050,0.00,29.050,-0.02,29.050,0.00,29.050,0.00,29.050,-0.01,29.050,-0.01,29.050,-0.03,29.050,0.01,29.050,-0.03
29.100,0.03,29.100,-0.01,29.100,0.00,29.100,-0.02,29.100,0.00,29.100,0.01,29.100,-0.02,29.100,0.00,29.100,-0.03,29.100,0.01,29.100,-0.04
29.150,0.02,29.150,-0.02,29.150,0.00,29.150,-0.02,29.150,-0.01,29.150,0.01,29.150,0.00,29.150,-0.02,29.150,-0.03,29.150,0.01,29.150,-0.03
29.200,0.01,29.200,-0.01,29.200,-0.01,29.200,-0.02,29.200,0.00,29.200,0.00,29.200,0.00,29.200,-0.01,29.200,-0.03,29.200,0.01,29.200,-0.03
29.250,0.02,29.250,-0.01,29.250,-0.01,29.250,-0.01,29.250,-0.01,29.250,0.01,29.250,0.00,29.250,-0.01,29.250,-0.02,29.250,0.02,29.250,-0.03
29.300,0.01,29.300,-0.01,29.300,-0.01,29.300,0.00,29.300,0.00,29.300,0.00,29.300,-0.01,29.300,-0.01,29.300,-0.02,29.300,0.01,29.300,-0.03
29.350,0.01,29.350,-0.01,29.350,-0.01,29.350,0.00,29.350,-0.01,29.350,0.01,29.350,0.00,29.350,-0.02,29.350,-0.02,29.350,0.00,29.350,-0.02
29.400,0.01,29.400,0.00,29.400,-0.01,29.400,0.00,29.400,0.00,29.400,0.00,29.400,0.00,29.400,-0.01,29.400,-0.02,29.400,0.01,29.400,-0.03
29.450,0.01,29.450,-0.01,29.450,0.00,29.450,-0.01,29.450,-0.01,29.450,0.01,29.450,-0.01,29.450,-0.01,29.450,-0.01,29.450,0.00,29.450,-0.02
29.500,0.01,29.500,-0.01,29.500,-0.01,29.500,-0.01,29.500,-0.01,29.500,0.02,29.500,0.00,29.500,-0.01,29.500,-0.02,29.500,0.01,29.500,-0.03
29.550,0.02,29.550,-0.02,29.550,0.00,29.550,0.00,29.550,0.01,29.550,0.00,29.550,-0.01,29.550,0.00,29.550,-0.02,29.550,-0.01,29.550,-0.03
29.600,0.02,29.600,-0.01,29.600,0.00,29.600,0.01,29.600,-0.01,29.600,0.00,29.600,-0.01,29.600,0.00,29.600,-0.03,29.600,0.00,29.600,-0.03
29.650,0.02,29.650,-0.02,29.650,0.00,29.650,-0.01,29.650,-0.01,29.650,0.01,29.650,-0.01,29.650,0.01,29.650,-0.01,29.650,0.00,29.650,-0.03
29.700,0.02,29.700,-0.02,29.700,0.01,29.700,-0.01,29.700,-0.01,29.700,0.01,29.700,-0.01,29.700,0.01,29.700,-0.02,29.700,0.00,29.700,-0.02
29.750,0.02,29.750,-0.02,29.750,0.01,29.750,-0.01,29.750,0.00,29.750,0.00,29.750,0.00,29.750,0.01,29.750,-0.02,29.750,-0.01,29.750,-0.03
29.800,0.02,29.800,-0.02,29.800,0.00,29.800,-0.02,29.800,0.00,29.800,0.00,29.800,-0.01,29.800,0.00,29.800,-0.02,29.800,-0.01,29.800,-0.03
29.850,0.02,29.850,-0.01,29.850,0.01,29.850,-0.02,29.850,0.01,29.850,0.00,29.850,-0.01,29.850,0.01,29.850,-0.01,29.850,-0.01,29.850,-0.03
29.900,0.01,29.900,-0.03,29.900,0.01,29.900,0.00,29.900,0.01,29.900,0.00,29.900,0.00,29.900,0.01,29.900,-0.01,29.900,0.00,29.900,-0.03
29.950,0.01,29.950,-0.02,29.950,0.01,29.950,-0.01,29.950,0.01,29.950,0.01,29.950,0.00,29.950,0.01,29.950,-0.03,29.950,0.00,29.950,-0.03
30.000,0.02,30.000,-0.01,30.000,0.01,30.000,-0.01,30.000,0.00,30.000,0.01,30.000,0.00,30.000,0.00,30.000,-0.02,30.000,-0.01,30.000,-0.04
30.050,0.01,30.050,-0.03,30.050,0.02,30.050,-0.02,30.050,0.00,30.050,0.01,30.050,0.00,30.050,0.01,30.050,-0.02,30.050,-0.01,30.050,-0.03
30.100,0.02,30.100,-0.03,30.100,0.02,30.100,-0.01,30.100,0.00,30.100,0.00,30.100,-0.01,30.100,0.01,30.100,-0.02,30.100,-0.01,30.100,-0.04
30.150,0.02,30.150,-0.03,30.150,0.01,30.150,-0.01,30.150,0.02,30.150,0.01,30.150,0.00,30.150,0.00,30.150,-0.02,30.150,-0.01,30.150,-0.04
30.200,0.03,30.200,-0.03,30.200,0.03,30.200,0.01,30.200,0.00,30.200,0.00,30.200,-0.01,30.200,0.01,30.200,-0.02,30.200,-0.01,30.200,-0.03
30.250,0.01,30.250,-0.02,30.250,0.02,30.250,0.01,30.250,0.00,30.250,0.00,30.250,-0.01,30.250,0.01,30.250,-0.02,30.250,-0.01,30.250,-0.03
30.300,0.01,30.300,-0.01,30.300,0.02,30.300,0.01,30.300,0.00,30.300,0.01,30.300,-0.01,30.300,0.01,30.300,-0.01,30.300,-0.01,30.300,-0.04
30.350,0.03,30.350,0.00,30.350,0.03,30.350,0.01,30.350,-0.01,30.350,0.02,30.350,-0.02,30.350,0.00,30.350,-0.01,30.350,0.00,30.350,-0.05
30.400,0.03,30.400,-0.01,30.400,0.02,30.400,0.01,30.400,-0.01,30.400,0.00,30.400,-0.03,30.400,0.01,30.400,-0.02,30.400,0.00,30.400,-0.04
30.450,0.01,30.450,-0.01,30.450,0.02,30.450,-0.01,30.450,-0.01,30.450,0.00,30.450,-0.02,30.450,0.00,30.450,-0.02,30.450,0.00,30.450,-0.04
30.500,0.01,30.500,-0.01,30.500,0.03,30.500,0.00,30.500,0.00,30.500,0.00,30.500,-0.02,30.500,0.01,30.500,-0.02,30.500,-0.01,30.500,-0.04
30.550,0.02,30.550,-0.01,30.550,0.02,30.550,0.01,30.550,0.00,30.550,0.01,30.550,-0.01,30.550,0.02,30.550,-0.02,30.550,-0.01,30.550,-0.04
30.600,0.01,30.600,-0.01,30.600,0.02,30.600,0.01,30.600,0.00,30.600,0.00,30.600,-0.01,30.600,0.01,30.600,-0.02,30.600,-0.01,30.600,-0.04
30.650,0.01,30.650,-0.01,30.650,0.02,30.650,0.02,30.650,0.00,30.650,0.00,30.650,0.00,30.650,0.01,30.650,-0.02,30.650,-0.01,30.650,-0.04
30.700,0.02,30.700,0.00,30.700,0.03,30.700,0.02,30.700,0.00,30.700,0.00,30.700,0.00,30.700,0.01,30.700,-0.01,30.700,-0.01,30.700,-0.03
30.750,0.02,30.750,-0.01,30.750,0.02,30.750,0.02,30.750,0.00,30.750,0.00,30.750,0.00,30.750,0.02,30.750,-0.02,30.750,0.00,30.750,-0.04
30.800,0.01,30.800,0.00,30.800,0.02,30.800,0.04,30.800,0.00,30.800,0.00,30.800,0.00,30.800,0.01,30.800,-0.01,30.800,-0.01,30.800,-0.04
30.850,0.00,30.850,-0.02,30.850,0.02,30.850,0.06,30.850,0.00,30.850,0.01,30.850,-0.01,30.850,0.01,30.850,-0.01,30.850,-0.01,30.850,-0.03
30.900,-0.02,30.900,-0.01,30.900,0.02,30.900,0.09,30.900,0.00,30.900,0.00,30.900,-0.01,30.900,0.01,30.900,-0.01,30.900,0.00,30.900,-0.03
30.950,-0.02,30.950,0.01,30.950,0.02,30.950,0.20,30.950,0.01,30.950,0.01,30.950,-0.01,30.950,0.00,30.950,0.00,30.950,0.00,30.950,-0.03
31.000,-0.02,31.000,0.00,31.000,0.01,31.000,0.30,31.000,0.01,31.000,0.02,31.000,0.01,31.000,0.01,31.000,0.01,31.000,0.00,31.000,-0.04
31.050,-0.01,31.050,-0.01,31.050,0.02,31.050,0.43,31.050,0.00,31.050,0.01,31.050,0.01,31.050,0.01,31.050,0.01,31.050,0.00,31.050,-0.03
31.100,-0.01,31.100,0.00,31.100,0.02,31.100,0.49,31.100,0.01,31.100,0.01,31.100,0.01,31.100,0.01,31.100,0.02,31.100,0.00,31.100,-0.03
31.150,-0.02,31.150,-0.01,31.150,0.02,31.150,0.46,31.150,0.01,31.150,0.01,31.150,0.01,31.150,0.01,31.150,0.03,31.150,-0.01,31.150,-0.03
31.200,-0.02,31.200,-0.01,31.200,0.02,31.200,0.48,31.200,-0.01,31.200,0.01,31.200,0.02,31.200,0.01,31.200,0.05,31.200,-0.01,31.200,-0.03
31.250,-0.01,31.250,-0.02,31.250,0.03,31.250,0.60,31.250,0.00,31.250,0.00,31.250,0.01,31.250,0.02,31.250,0.08,31.250,-0.01,31.250,-0.01
31.300,-0.01,31.300,-0.02,31.300,0.02,31.300,0.72,31.300,0.01,31.300,0.01,31.300,0.02,31.300,0.02,31.300,0.21,31.300,-0.01,31.300,-0.02
31.350,-0.02,31.350,-0.01,31.350,0.02,31.350,0.08,31.350,-0.01,31.350,0.00,31.350,0.02,31.350,0.02,31.350,0.56,31.350,-0.01,31.350,-0.01
31.400,0.00,31.400,-0.01,31.400,0.02,31.400,0.04,31.400,0.00,31.400,0.00,31.400,0.02,31.400,0.02,31.400,0.05,31.400,-0.01,31.400,-0.02
31.450,-0.01,31.450,-0.01,31.450,0.03,31.450,-0.03,31.450,0.01,31.450,0.02,31.450,0.02,31.450,0.02,31.450,0.03,31.450,-0.01,31.450,-0.02
31.500,0.00,31.500,-0.01,31.500,0.03,31.500,-0.03,31.500,0.02,31.500,0.01,31.500,0.04,31.500,0.03,31.500,-0.05,31.500,0.01,31.500,-0.01
31.550,-0.02,31.550,-0.02,31.550,0.02,31.550,-0.03,31.550,0.02,31.550,0.01,31.550,0.03,31.550,0.03,31.550,-0.04,31.550,-0.01,31.550,0.00
31.600,-0.01,31.600,-0.02,31.600,0.02,31.600,-0.02,31.600,0.03,31.600,0.00,31.600,0.03,31.600,0.02,31.600,-0.03,31.600,0.00,31.600,0.01
31.650,-0.01,31.650,0.00,31.650,0.02,31.650,-0.03,31.650,0.05,31.650,0.00,31.650,0.03,31.650,0.02,31.650,-0.03,31.650,0.00,31.650,0.02
31.700,-0.01,31.700,-0.02,31.700,0.02,31.700,-0.02,31.700,0.07,31.700,0.00,31.700,0.03,31.700,0.02,31.700,-0.02,31.700,-0.01,31.700,0.03
31.750,-0.01,31.750,-0.01,31.750,0.02,31.750,-0.02,31.750,0.11,31.750,0.00,31.750,0.03,31.750,0.02,31.750,-0.02,31.750,-0.02,31.750,0.03
31.800,-0.01,31.800,-0.02,31.800,0.03,31.800,-0.03,31.800,0.26,31.800,0.01,31.800,0.03,31.800,0.02,31.800,-0.03,31.800,-0.01,31.800,0.04
31.850,0.00,31.850,-0.02,31.850,0.02,31.850,-0.02,31.850,0.22,31.850,0.01,31.850,0.03,31.850,0.02,31.850,-0.02,31.850,-0.01,31.850,0.06
31.900,0.00,31.900,-0.02,31.900,0.02,31.900,-0.02,31.900,0.05,31.900,0.00,31.900,0.03,31.900,0.02,31.900,-0.03,31.900,-0.01,31.900,0.06
31.950,-0.01,31.950,-0.02,31.950,0.02,31.950,-0.03,31.950,-0.01,31.950,0.01,31.950,0.03,31.950,0.02,31.950,-0.03,31.950,-0.01,31.950,0.10
32.000,0.00,32.000,-0.02,32.000,0.01,32.000,-0.02,32.000,-0.03,32.000,0.00,32.000,0.03,32.000,0.02,32.000,-0.04,32.000,0.00,32.000,0.16
32.050,-0.01,32.050,-0.02,32.050,0.02,32.050,-0.03,32.050,-0.05,32.050,0.00,32.050,0.03,32.050,0.03,32.050,-0.03,32.050,-0.01,32.050,0.20
32.100,0.00,32.100,-0.02,32.100,0.02,32.100,-0.02,32.100,-0.02,32.100,-0.01,32.100,0.02,32.100,0.03,32.100,-0.03,32.100,0.00,32.100,0.04
32.150,0.01,32.150,-0.02,32.150,0.02,32.150,-0.03,32.150,0.00,32.150,0.00,32.150,0.03,32.150,0.03,32.150,-0.03,32.150,-0.01,32.150,0.01
32.200,0.01,32.200,-0.02,32.200,0.02,32.200,-0.02,32.200,-0.01,32.200,0.01,32.200,0.03,32.200,0.02,32.200,-0.03,32.200,-0.01,32.200,-0.04
32.250,0.01,32.250,-0.02,32.250,0.02,32.250,-0.02,32.250,-0.01,32.250,0.02,32.250,0.03,32.250,0.04,32.250,-0.02,32.250,0.00,32.250,-0.04
32.300,0.01,32.300,-0.02,32.300,0.02,32.300,-0.02,32.300,-0.01,32.300,0.03,32.300,0.03,32.300,0.03,32.300,-0.02,32.300,0.00,32.300,-0.03
32.350,0.02,32.350,-0.02,32.350,0.02,32.350,-0.01,32.350,-0.02,32.350,0.02,32.350,0.04,32.350,0.04,32.350,-0.02,32.350,0.00,32.350,-0.03
32.400,0.01,32.400,-0.02,32.400,0.02,32.400,-0.02,32.400,-0.02,32.400,0.04,32.400,0.05,32.400,0.04,32.400,-0.02,32.400,0.00,32.400,-0.03
32.450,0.01,32.450,-0.02,32.450,0.03,32.450,-0.02,32.450,-0.02,32.450,0.04,32.450,0.04,32.450,0.05,32.450,-0.02,32.450,0.01,32.450,-0.04
32.500,0.01,32.500,-0.03,32.500,0.03,32.500,-0.02,32.500,-0.02,32.500,0.07,32.500,0.03,32.500,0.06,32.500,-0.01,32.500,0.00,32.500,-0.04
32.550,0.01,32.550,-0.03,32.550,0.02,32.550,-0.01,32.550,-0.02,32.550,0.13,32.550,0.05,32.550,0.07,32.550,0.00,32.550,0.01,32.550,-0.05
32.600,0.01,32.600,-0.03,32.600,0.02,32.600,-0.02,32.600,-0.02,32.600,0.04,32.600,0.05,32.600,0.06,32.600,-0.01,32.600,0.01,32.600,-0.04
32.650,0.01,32.650,-0.02,32.650,0.03,32.650,-0.01,32.650,-0.02,32.650,0.04,32.650,0.06,32.650,0.08,32.650,-0.01,32.650,0.00,32.650,-0.04
32.700,0.01,32.700,-0.02,32.700,0.03,32.700,-0.02,32.700,-0.02,32.700,-0.03,32.700,0.07,32.700,0.12,32.700,0.00,32.700,-0.01,32.700,-0.04
32.750,0.01,32.750,-0.02,32.750,0.02,32.750,-0.02,32.750,-0.02,32.750,-0.02,32.750,0.08,32.750,0.19,32.750,0.01,32.750,0.00,32.750,-0.04
32.800,0.02,32.800,-0.01,32.800,0.02,32.800,-0.02,32.800,-0.01,32.800,-0.02,32.800,0.09,32.800,0.28,32.800,0.00,32.800,0.00,32.800,-0.04
32.850,0.03,32.850,-0.03,32.850,0.02,32.850,-0.03,32.850,-0.01,32.850,0.00,32.850,0.13,32.850,0.45,32.850,-0.01,32.850,0.00,32.850,-0.05
32.900,0.03,32.900,-0.02,32.900,0.02,32.900,-0.02,32.900,-0.02,32.900,-0.01,32.900,0.13,32.900,0.75,32.900,0.00,32.900,0.00,32.900,-0.04
32.950,0.02,32.950,-0.02,32.950,0.02,32.950,-0.02,32.950,-0.03,32.950,0.00,32.950,0.20,32.950,1.07,32.950,-0.01,32.950,-0.01,32.950,-0.05
33.000,0.04,33.000,-0.02,33.000,0.02,33.000,-0.02,33.000,-0.03,33.000,0.00,33.000,0.25,33.000,0.27,33.000,-0.01,33.000,0.00,33.000,-0.04
33.050,0.05,33.050,-0.02,33.050,0.02,33.050,-0.01,33.050,-0.02,33.050,0.00,33.050,0.31,33.050,0.02,33.050,0.00,33.050,0.00,33.050,-0.04
33.100,0.07,33.100,-0.02,33.100,0.03,33.100,-0.02,33.100,-0.02,33.100,0.00,33.100,0.42,33.100,-0.04,33.100,0.00,33.100,0.01,33.100,-0.04
33.150,0.08,33.150,-0.01,33.150,0.04,33.150,0.00,33.150,-0.01,33.150,0.01,33.150,0.51,33.150,-0.05,33.150,-0.01,33.150,0.00,33.150,-0.05
33.200,0.16,33.200,-0.03,33.200,0.03,33.200,-0.01,33.200,0.00,33.200,0.00,33.200,0.56,33.200,-0.06,33.200,-0.01,33.200,0.01,33.200,-0.05
33.250,0.35,33.250,-0.02,33.250,0.02,33.250,-0.02,33.250,0.00,33.250,0.01,33.250,0.59,33.250,-0.04,33.250,-0.02,33.250,0.01,33.250,-0.05
33.300,0.72,33.300,-0.02,33.300,0.02,33.300,0.00,33.300,0.00,33.300,0.00,33.300,0.57,33.300,-0.04,33.300,-0.03,33.300,0.00,33.300,-0.04
33.350,0.91,33.350,-0.03,33.350,0.03,33.350,-0.01,33.350,0.01,33.350,0.00,33.350,0.48,33.350,-0.05,33.350,-0.02,33.350,0.01,33.350,-0.04
33.400,0.92,33.400,-0.02,33.400,0.02,33.400,-0.01,33.400,0.00,33.400,0.00,33.400,0.35,33.400,-0.04,33.400,-0.02,33.400,-0.01,33.400,-0.05
33.450,1.03,33.450,-0.03,33.450,0.02,33.450,-0.01,33.450,0.00,33.450,0.01,33.450,0.34,33.450,-0.02,33.450,-0.02,33.450,-0.02,33.450,-0.05
33.500,1.23,33.500,-0.03,33.500,0.02,33.500,0.00,33.500,-0.01,33.500,0.01,33.500,0.35,33.500,-0.03,33.500,-0.02,33.500,-0.01,33.500,-0.03
33.550,1.39,33.550,-0.02,33.550,0.03,33.550,-0.01,33.550,-0.01,33.550,0.01,33.550,0.31,33.550,-0.02,33.550,-0.02,33.550,-0.01,33.550,-0.04
33.600,1.59,33.600,-0.02,33.600,0.02,33.600,-0.01,33.600,-0.01,33.600,0.01,33.600,0.32,33.600,-0.04,33.600,-0.02,33.600,-0.01,33.600,-0.04
33.650,1.66,33.650,-0.03,33.650,0.03,33.650,-0.01,33.650,-0.02,33.650,0.01,33.650,0.28,33.650,-0.04,33.650,-0.01,33.650,-0.01,33.650,-0.03
33.700,0.18,33.700,-0.03,33.700,0.03,33.700,0.00,33.700,-0.01,33.700,0.01,33.700,0.29,33.700,-0.04,33.700,-0.01,33.700,-0.01,33.700,-0.04
33.750,0.06,33.750,-0.03,33.750,0.03,33.750,-0.01,33.750,0.00,33.750,0.01,33.750,0.27,33.750,-0.04,33.750,-0.02,33.750,0.00,33.750,-0.03
33.800,-0.02,33.800,-0.03,33.800,0.03,33.800,-0.01,33.800,0.00,33.800,0.00,33.800,0.29,33.800,-0.03,33.800,-0.02,33.800,-0.01,33.800,-0.02
33.850,-0.03,33.850,-0.02,33.850,0.04,33.850,0.01,33.850,-0.01,33.850,0.01,33.850,0.28,33.850,-0.03,33.850,-0.02,33.850,0.00,33.850,-0.02
33.900,-0.03,33.900,-0.03,33.900,0.03,33.900,0.02,33.900,0.00,33.900,0.01,33.900,0.31,33.900,-0.03,33.900,-0.02,33.900,-0.01,33.900,-0.03
33.950,-0.01,33.950,-0.04,33.950,0.03,33.950,0.02,33.950,0.01,33.950,0.01,33.950,0.34,33.950,-0.02,33.950,-0.03,33.950,0.00,33.950,-0.02
34.000,-0.01,34.000,-0.02,34.000,0.04,34.000,0.02,34.000,0.01,34.000,0.00,34.000,0.36,34.000,-0.02,34.000,-0.01,34.000,0.00,34.000,-0.03
34.050,-0.01,34.050,-0.02,34.050,0.03,34.050,0.01,34.050,0.02,34.050,0.00,34.050,0.42,34.050,-0.03,34.050,-0.03,34.050,0.00,34.050,-0.03
34.100,-0.01,34.100,-0.03,34.100,0.02,34.100,0.02,34.100,0.02,34.100,0.01,34.100,0.56,34.100,-0.03,34.100,-0.02,34.100,-0.01,34.100,-0.03
34.150,-0.01,34.150,-0.03,34.150,0.03,34.150,0.01,34.150,0.00,34.150,0.00,34.150,0.77,34.150,-0.03,34.150,-0.03,34.150,0.00,34.150,-0.03
34.200,-0.01,34.200,-0.03,34.200,0.03,34.200,0.01,34.200,0.01,34.200,0.00,34.200,0.90,34.200,-0.03,34.200,-0.03,34.200,0.01,34.200,-0.03
34.250,0.00,34.250,-0.03,34.250,0.03,34.250,0.02,34.250,0.02,34.250,0.01,34.250,1.01,34.250,-0.03,34.250,-0.02,34.250,0.00,34.250,-0.03
34.300,-0.01,34.300,-0.03,34.300,0.03,34.300,0.01,34.300,0.01,34.300,0.01,34.300,1.15,34.300,-0.04,34.300,-0.02,34.300,-0.01,34.300,-0.03
34.350,0.00,34.350,-0.02,34.350,0.03,34.350,0.01,34.350,0.01,34.350,0.01,34.350,1.27,34.350,-0.04,34.350,-0.02,34.350,0.01,34.350,-0.03
34.400,0.00,34.400,-0.03,34.400,0.04,34.400,0.01,34.400,0.00,34.400,0.01,34.400,1.31,34.400,-0.03,34.400,-0.02,34.400,-0.01,34.400,-0.03
34.450,0.00,34.450,-0.02,34.450,0.05,34.450,0.02,34.450,0.00,34.450,0.02,34.450,1.37,34.450,-0.03,34.450,-0.02,34.450,0.00,34.450,-0.02
34.500,0.00,34.500,-0.03,34.500,0.08,34.500,0.01,34.500,0.00,34.500,0.01,34.500,1.46,34.500,-0.02,34.500,-0.02,34.500,0.01,34.500,-0.02
34.550,-0.01,34.550,-0.03,34.550,0.09,34.550,0.00,34.550,0.01,34.550,0.02,34.550,1.45,34.550,-0.02,34.550,-0.01,34.550,-0.01,34.550,-0.01
34.600,-0.01,34.600,-0.03,34.600,0.20,34.600,0.01,34.600,0.00,34.600,0.02,34.600,1.54,34.600,-0.01,34.600,-0.01,34.600,-0.01,34.600,-0.02
34.650,-0.01,34.650,-0.02,34.650,0.43,34.650,0.02,34.650,0.00,34.650,0.01,34.650,1.67,34.650,-0.02,34.650,0.00,34.650,-0.01,34.650,-0.02
34.700,-0.01,34.700,-0.03,34.700,0.87,34.700,0.02,34.700,0.00,34.700,0.01,34.700,1.70,34.700,-0.02,34.700,0.02,34.700,0.00,34.700,-0.02
34.750,-0.01,34.750,-0.02,34.750,1.08,34.750,0.02,34.750,0.00,34.750,0.01,34.750,1.27,34.750,-0.01,34.750,0.00,34.750,-0.01,34.750,-0.02
34.800,0.00,34.800,-0.02,34.800,0.05,34.800,0.02,34.800,0.00,34.800,0.00,34.800,0.11,34.800,-0.02,34.800,0.01,34.800,-0.01,34.800,-0.03
34.850,0.01,34.850,-0.02,34.850,-0.01,34.850,0.03,34.850,0.01,34.850,0.01,34.850,0.05,34.850,-0.02,34.850,0.02,34.850,-0.02,34.850,-0.02
34.900,-0.01,34.900,-0.03,34.900,-0.04,34.900,0.03,34.900,0.00,34.900,0.02,34.900,-0.02,34.900,-0.01,34.900,0.02,34.900,-0.01,34.900,-0.03
34.950,-0.02,34.950,-0.01,34.950,-0.04,34.950,0.05,34.950,0.00,34.950,0.01,34.950,-0.02,34.950,-0.01,34.950,0.02,34.950,0.00,34.950,-0.03
35.000,-0.02,35.000,-0.02,35.000,-0.02,35.000,0.05,35.000,0.01,35.000,0.01,35.000,-0.03,35.000,-0.02,35.000,0.05,35.000,-0.01,35.000,-0.02
35.050,-0.01,35.050,-0.01,35.050,-0.02,35.050,0.04,35.050,0.01,35.050,0.01,35.050,-0.02,35.050,-0.02,35.050,0.06,35.050,0.00,35.050,-0.03
35.100,-0.01,35.100,-0.02,35.100,-0.01,35.100,0.05,35.100,0.01,35.100,0.01,35.100,-0.02,35.100,-0.01,35.100,0.11,35.100,0.00,35.100,-0.03
35.150,0.00,35.150,-0.02,35.150,-0.01,35.150,0.08,35.150,0.02,35.150,0.01,35.150,-0.01,35.150,-0.01,35.150,0.21,35.150,-0.01,35.150,-0.02
35.200,-0.01,35.200,-0.02,35.200,0.00,35.200,0.09,35.200,0.02,35.200,0.02,35.200,-0.02,35.200,-0.02,35.200,0.37,35.200,-0.01,35.200,-0.03
35.250,-0.01,35.250,-0.02,35.250,0.00,35.250,0.10,35.250,0.01,35.250,0.01,35.250,-0.03,35.250,-0.02,35.250,0.51,35.250,-0.01,35.250,-0.04
35.300,0.00,35.300,-0.02,35.300,-0.01,35.300,0.11,35.300,0.01,35.300,0.02,35.300,-0.02,35.300,-0.02,35.300,0.58,35.300,-0.01,35.300,-0.03
35.350,-0.01,35.350,-0.02,35.350,-0.01,35.350,0.14,35.350,0.01,35.350,0.02,35.350,-0.03,35.350,-0.02,35.350,0.58,35.350,-0.01,35.350,-0.03
35.400,-0.01,35.400,-0.02,35.400,-0.02,35.400,0.21,35.400,0.01,35.400,0.01,35.400,-0.03,35.400,-0.02,35.400,0.62,35.400,-0.01,35.400,-0.03
35.450,0.00,35.450,-0.02,35.450,-0.02,35.450,0.35,35.450,0.00,35.450,0.03,35.450,-0.03,35.450,-0.01,35.450,0.63,35.450,-0.01,35.450,-0.03
35.500,-0.01,35.500,-0.02,35.500,-0.02,35.500,0.67,35.500,0.00,35.500,0.01,35.500,-0.03,35.500,-0.01,35.500,0.05,35.500,-0.01,35.500,-0.04
35.550,-0.01,35.550,-0.03,35.550,-0.01,35.550,0.03,35.550,0.00,35.550,0.02,35.550,-0.03,35.550,-0.02,35.550,0.03,35.550,0.00,35.550,-0.03
35.600,-0.01,35.600,-0.02,35.600,0.00,35.600,0.02,35.600,0.01,35.600,0.02,35.600,-0.02,35.600,-0.03,35.600,-0.04,35.600,0.00,35.600,-0.03
35.650,-0.01,35.650,-0.03,35.650,-0.01,35.650,-0.04,35.650,0.00,35.650,0.02,35.650,-0.02,35.650,-0.02,35.650,-0.03,35.650,0.00,35.650,-0.04
35.700,-0.01,35.700,-0.02,35.700,-0.01,35.700,-0.04,35.700,0.01,35.700,0.01,35.700,-0.02,35.700,-0.01,35.700,-0.02,35.700,0.00,35.700,-0.04
35.750,-0.01,35.750,-0.02,35.750,-0.01,35.750,-0.04,35.750,0.01,35.750,0.02,35.750,-0.03,35.750,-0.02,35.750,-0.02,35.750,0.00,35.750,-0.03
35.800,-0.02,35.800,-0.02,35.800,-0.02,35.800,-0.03,35.800,0.01,35.800,0.02,35.800,-0.03,35.800,-0.02,35.800,-0.02,35.800,-0.01,35.800,-0.04
35.850,-0.01,35.850,-0.02,35.850,-0.01,35.850,-0.02,35.850,0.01,35.850,0.03,35.850,-0.04,35.850,-0.02,35.850,-0.01,35.850,-0.01,35.850,-0.04
35.900,-0.01,35.900,-0.02,35.900,-0.02,35.900,-0.02,35.900,0.02,35.900,0.02,35.900,-0.02,35.900,-0.02,35.900,-0.02,35.900,-0.01,35.900,-0.06
35.950,-0.01,35.950,-0.02,35.950,-0.01,35.950,-0.02,35.950,0.02,35.950,0.03,35.950,-0.03,35.950,-0.02,35.950,-0.01,35.950,-0.01,35.950,-0.05
36.000,-0.01,36.000,-0.02,36.000,0.00,36.000,-0.02,36.000,0.01,36.000,0.03,36.000,-0.02,36.000,-0.02,36.000,-0.02,36.000,-0.01,36.000,-0.05
36.050,-0.01,36.050,-0.02,36.050,-0.01,36.050,-0.02,36.050,0.01,36.050,0.03,36.050,-0.02,36.050,-0.01,36.050,-0.03,36.050,-0.01,36.050,-0.05
36.100,-0.01,36.100,-0.01,36.100,0.00,36.100,-0.01,36.100,0.01,36.100,0.04,36.100,-0.02,36.100,0.01,36.100,-0.03,36.100,-0.01,36.100,-0.04
36.150,0.00,36.150,-0.01,36.150,-0.01,36.150,-0.02,36.150,0.01,36.150,0.04,36.150,-0.02,36.150,0.00,36.150,-0.03,36.150,-0.02,36.150,-0.05
36.200,0.00,36.200,-0.01,36.200,0.00,36.200,-0.01,36.200,0.01,36.200,0.06,36.200,-0.01,36.200,0.00,36.200,-0.03,36.200,-0.01,36.200,-0.04
36.250,0.00,36.250,-0.01,36.250,0.01,36.250,-0.01,36.250,0.02,36.250,0.06,36.250,-0.02,36.250,0.00,36.250,-0.02,36.250,-0.01,36.250,-0.04
36.300,-0.01,36.300,-0.01,36.300,0.01,36.300,-0.02,36.300,0.02,36.300,0.09,36.300,-0.02,36.300,0.00,36.300,-0.01,36.300,-0.01,36.300,-0.04
36.350,0.00,36.350,-0.02,36.350,0.01,36.350,-0.02,36.350,0.01,36.350,0.24,36.350,-0.02,36.350,0.01,36.350,-0.03,36.350,-0.01,36.350,-0.04
36.400,-0.01,36.400,-0.02,36.400,0.02,36.400,-0.03,36.400,0.02,36.400,0.06,36.400,-0.03,36.400,0.01,36.400,-0.03,36.400,-0.01,36.400,-0.05
36.450,-0.01,36.450,-0.02,36.450,0.02,36.450,-0.02,36.450,0.03,36.450,0.04,36.450,-0.03,36.450,0.00,36.450,-0.02,36.450,0.00,36.450,-0.05
36.500,-0.01,36.500,-0.02,36.500,0.02,36.500,-0.02,36.500,0.01,36.500,-0.01,36.500,-0.03,36.500,0.01,36.500,-0.01,36.500,0.00,36.500,-0.05
36.550,-0.01,36.550,-0.02,36.550,0.02,36.550,-0.01,36.550,0.02,36.550,0.00,36.550,-0.03,36.550,0.01,36.550,-0.01,36.550,0.00,36.550,-0.05
36.600,0.00,36.600,-0.01,36.600,0.02,36.600,-0.02,36.600,0.01,36.600,-0.01,36.600,-0.03,36.600,0.01,36.600,-0.01,36.600,-0.01,36.600,-0.04
36.650,0.00,36.650,-0.01,36.650,0.02,36.650,-0.02,36.650,0.01,36.650,0.01,36.650,-0.04,36.650,0.01,36.650,0.00,36.650,0.00,36.650,-0.04
36.700,0.01,36.700,-0.01,36.700,0.02,36.700,-0.02,36.700,0.02,36.700,0.01,36.700,-0.03,36.700,0.01,36.700,-0.02,36.700,0.00,36.700,-0.05
36.750,0.00,36.750,-0.01,36.750,0.01,36.750,-0.02,36.750,0.02,36.750,-0.01,36.750,-0.02,36.750,0.02,36.750,-0.02,36.750,0.00,36.750,-0.04
36.800,0.01,36.800,-0.02,36.800,0.01,36.800,-0.02,36.800,0.02,36.800,-0.01,36.800,-0.04,36.800,0.03,36.800,-0.02,36.800,-0.01,36.800,-0.04
36.850,0.01,36.850,-0.02,36.850,0.01,36.850,-0.02,36.850,0.01,36.850,-0.02,36.850,-0.04,36.850,0.02,36.850,-0.01,36.850,0.00,36.850,-0.04
36.900,0.01,36.900,-0.01,36.900,0.01,36.900,-0.02,36.900,0.00,36.900,-0.01,36.900,-0.03,36.900,0.02,36.900,-0.01,36.900,-0.01,36.900,-0.03
36.950,-0.01,36.950,-0.02,36.950,0.02,36.950,-0.02,36.950,0.00,36.950,0.00,36.950,-0.03,36.950,0.02,36.950,-0.02,36.950,0.00,36.950,-0.03
37.000,0.01,37.000,-0.03,37.000,0.01,37.000,-0.02,37.000,0.02,37.000,-0.01,37.000,-0.04,37.000,0.03,37.000,-0.01,37.000,0.01,37.000,-0.03
37.050,0.02,37.050,-0.02,37.050,0.01,37.050,-0.02,37.050,0.01,37.050,-0.01,37.050,-0.03,37.050,0.02,37.050,-0.01,37.050,0.01,37.050,-0.04
37.100,0.01,37.100,-0.03,37.100,0.01,37.100,-0.02,37.100,0.00,37.100,-0.01,37.100,-0.03,37.100,0.01,37.100,-0.02,37.100,0.00,37.100,-0.04
37.150,0.02,37.150,-0.03,37.150,0.01,37.150,-0.02,37.150,0.01,37.150,-0.01,37.150,-0.03,37.150,0.01,37.150,-0.02,37.150,0.00,37.150,-0.04
37.200,0.02,37.200,-0.02,37.200,0.02,37.200,-0.02,37.200,0.02,37.200,0.00,37.200,-0.03,37.200,0.03,37.200,-0.03,37.200,0.01,37.200,-0.04
37.250,0.02,37.250,-0.01,37.250,0.01,37.250,-0.02,37.250,0.01,37.250,-0.01,37.250,-0.03,37.250,0.02,37.250,-0.03,37.250,0.01,37.250,-0.05
37.300,0.03,37.300,-0.02,37.300,0.01,37.300,-0.01,37.300,0.01,37.300,0.01,37.300,-0.03,37.300,0.01,37.300,-0.02,37.300,0.01,37.300,-0.04
37.350,0.03,37.350,-0.01,37.350,0.02,37.350,-0.01,37.350,0.01,37.350,0.01,37.350,-0.03,37.350,0.04,37.350,-0.03,37.350,0.01,37.350,-0.04
37.400,0.02,37.400,-0.02,37.400,0.02,37.400,-0.01,37.400,0.03,37.400,0.01,37.400,-0.03,37.400,0.03,37.400,-0.03,37.400,0.01,37.400,-0.04
37.450,0.03,37.450,-0.02,37.450,0.02,37.450,-0.01,37.450,0.02,37.450,0.02,37.450,-0.03,37.450,0.03,37.450,-0.02,37.450,0.00,37.450,-0.04
37.500,0.03,37.500,-0.02,37.500,0.01,37.500,-0.01,37.500,0.03,37.500,0.01,37.500,-0.02,37.500,0.04,37.500,-0.01,37.500,0.01,37.500,-0.04
37.550,0.02,37.550,-0.02,37.550,0.01,37.550,-0.02,37.550,0.04,37.550,0.01,37.550,-0.02,37.550,0.06,37.550,-0.01,37.550,0.01,37.550,-0.04
37.600,0.02,37.600,-0.02,37.600,0.01,37.600,-0.01,37.600,0.06,37.600,0.02,37.600,-0.02,37.600,0.06,37.600,-0.01,37.600,0.00,37.600,-0.05
37.650,0.02,37.650,-0.02,37.650,0.00,37.650,-0.01,37.650,0.06,37.650,0.02,37.650,-0.02,37.650,0.06,37.650,-0.01,37.650,-0.01,37.650,-0.04
37.700,0.01,37.700,-0.02,37.700,0.01,37.700,-0.01,37.700,0.08,37.700,0.02,37.700,-0.02,37.700,0.06,37.700,-0.01,37.700,0.01,37.700,-0.03
37.750,0.01,37.750,-0.02,37.750,0.01,37.750,0.01,37.750,0.14,37.750,0.02,37.750,-0.03,37.750,0.06,37.750,-0.01,37.750,0.01,37.750,-0.03
37.800,0.02,37.800,-0.01,37.800,0.02,37.800,-0.01,37.800,0.36,37.800,0.02,37.800,-0.02,37.800,0.06,37.800,0.00,37.800,0.01,37.800,-0.03
37.850,0.01,37.850,-0.02,37.850,0.01,37.850,0.00,37.850,0.05,37.850,0.01,37.850,-0.02,37.850,0.07,37.850,-0.01,37.850,0.00,37.850,-0.04
37.900,0.02,37.900,-0.02,37.900,0.02,37.900,0.00,37.900,0.03,37.900,0.01,37.900,-0.02,37.900,0.07,37.900,-0.02,37.900,0.01,37.900,-0.04
37.950,0.01,37.950,-0.01,37.950,0.01,37.950,-0.01,37.950,-0.03,37.950,0.01,37.950,-0.03,37.950,0.06,37.950,-0.01,37.950,0.01,37.950,-0.03
38.000,0.01,38.000,-0.02,38.000,0.02,38.000,0.01,38.000,-0.02,38.000,0.01,38.000,-0.01,38.000,0.08,38.000,-0.02,38.000,0.00,38.000,-0.04
38.050,0.00,38.050,-0.03,38.050,0.01,38.050,0.00,38.050,-0.03,38.050,0.00,38.050,-0.02,38.050,0.07,38.050,-0.02,38.050,0.01,38.050,-0.04
38.100,0.01,38.100,-0.03,38.100,0.01,38.100,0.01,38.100,-0.01,38.100,0.01,38.100,-0.02,38.100,0.08,38.100,-0.02,38.100,0.00,38.100,-0.03
38.150,0.02,38.150,-0.03,38.150,0.01,38.150,0.01,38.150,0.00,38.150,0.01,38.150,-0.02,38.150,0.10,38.150,-0.01,38.150,0.00,38.150,-0.04
38.200,0.02,38.200,-0.02,38.200,0.00,38.200,0.02,38.200,0.00,38.200,0.00,38.200,-0.03,38.200,0.13,38.200,-0.02,38.200,0.01,38.200,-0.04
38.250,0.02,38.250,-0.03,38.250,0.00,38.250,0.02,38.250,0.01,38.250,0.01,38.250,-0.03,38.250,0.16,38.250,-0.01,38.250,0.01,38.250,-0.03
38.300,0.02,38.300,-0.02,38.300,-0.01,38.300,0.02,38.300,0.00,38.300,0.00,38.300,-0.03,38.300,0.13,38.300,-0.01,38.300,0.01,38.300,-0.03
38.350,0.02,38.350,-0.03,38.350,-0.01,38.350,0.04,38.350,0.00,38.350,0.01,38.350,-0.04,38.350,0.11,38.350,-0.01,38.350,0.00,38.350,-0.03
38.400,0.02,38.400,-0.03,38.400,-0.01,38.400,0.04,38.400,-0.01,38.400,0.01,38.400,-0.03,38.400,0.16,38.400,-0.01,38.400,0.00,38.400,-0.03
38.450,0.02,38.450,-0.02,38.450,0.00,38.450,0.06,38.450,-0.01,38.450,0.00,38.450,-0.03,38.450,0.18,38.450,-0.01,38.450,-0.01,38.450,-0.03
38.500,0.03,38.500,-0.02,38.500,0.00,38.500,0.11,38.500,-0.01,38.500,0.00,38.500,-0.04,38.500,0.17,38.500,-0.01,38.500,0.00,38.500,-0.04
38.550,0.03,38.550,-0.03,38.550,0.01,38.550,0.32,38.550,-0.01,38.550,0.01,38.550,-0.03,38.550,0.16,38.550,-0.01,38.550,0.01,38.550,-0.02
38.600,0.03,38.600,-0.02,38.600,0.01,38.600,0.59,38.600,-0.02,38.600,-0.01,38.600,-0.03,38.600,0.15,38.600,-0.01,38.600,0.01,38.600,-0.02
38.650,0.03,38.650,-0.03,38.650,0.02,38.650,0.03,38.650,-0.02,38.650,-0.01,38.650,-0.03,38.650,0.18,38.650,-0.01,38.650,0.00,38.650,-0.03
38.700,0.02,38.700,-0.03,38.700,0.02,38.700,-0.02,38.700,-0.01,38.700,0.01,38.700,-0.04,38.700,0.16,38.700,0.00,38.700,0.00,38.700,-0.03
38.750,0.03,38.750,-0.02,38.750,0.01,38.750,-0.04,38.750,-0.02,38.750,0.00,38.750,-0.04,38.750,0.10,38.750,-0.01,38.750,0.00,38.750,-0.02
38.800,0.02,38.800,-0.03,38.800,0.02,38.800,-0.04,38.800,0.00,38.800,-0.01,38.800,-0.04,38.800,0.12,38.800,0.01,38.800,-0.01,38.800,-0.03
38.850,0.02,38.850,-0.02,38.850,0.02,38.850,-0.03,38.850,-0.02,38.850,0.00,38.850,-0.03,38.850,0.11,38.850,0.01,38.850,-0.01,38.850,-0.03
38.900,0.02,38.900,-0.03,38.900,0.03,38.900,-0.01,38.900,-0.01,38.900,0.00,38.900,-0.04,38.900,0.11,38.900,0.00,38.900,-0.02,38.900,-0.02
38.950,0.03,38.950,-0.03,38.950,0.04,38.950,-0.01,38.950,-0.01,38.950,-0.01,38.950,-0.02,38.950,0.12,38.950,-0.01,38.950,-0.01,38.950,-0.02
39.000,0.02,39.000,-0.03,39.000,0.04,39.000,-0.03,39.000,-0.01,39.000,0.00,39.000,-0.03,39.000,0.11,39.000,0.00,39.000,-0.01,39.000,-0.02
39.050,0.01,39.050,-0.02,39.050,0.04,39.050,-0.02,39.050,0.00,39.050,0.00,39.050,-0.02,39.050,0.11,39.050,0.00,39.050,-0.01,39.050,-0.02
39.100,0.02,39.100,-0.02,39.100,0.05,39.100,-0.01,39.100,0.00,39.100,0.00,39.100,-0.02,39.100,0.12,39.100,0.01,39.100,-0.01,39.100,-0.03
39.150,0.03,39.150,-0.03,39.150,0.06,39.150,-0.01,39.150,0.00,39.150,0.01,39.150,-0.02,39.150,0.11,39.150,0.00,39.150,-0.01,39.150,-0.03
39.200,0.02,39.200,-0.02,39.200,0.08,39.200,-0.02,39.200,-0.01,39.200,0.00,39.200,-0.03,39.200,0.12,39.200,0.00,39.200,0.00,39.200,-0.02
39.250,0.01,39.250,-0.02,39.250,0.11,39.250,-0.01,39.250,-0.01,39.250,0.00,39.250,-0.02,39.250,0.12,39.250,0.00,39.250,-0.01,39.250,-0.02
39.300,0.01,39.300,-0.02,39.300,0.16,39.300,-0.02,39.300,-0.01,39.300,-0.01,39.300,-0.03,39.300,0.14,39.300,0.00,39.300,0.00,39.300,-0.03
39.350,0.02,39.350,-0.02,39.350,0.23,39.350,-0.02,39.350,-0.01,39.350,0.00,39.350,-0.03,39.350,0.16,39.350,0.00,39.350,0.01,39.350,-0.02
39.400,0.01,39.400,-0.02,39.400,0.34,39.400,0.00,39.400,-0.01,39.400,0.00,39.400,-0.02,39.400,0.13,39.400,0.00,39.400,0.00,39.400,-0.03
39.450,0.01,39.450,-0.02,39.450,0.54,39.450,-0.01,39.450,0.00,39.450,-0.01,39.450,-0.03,39.450,0.19,39.450,0.00,39.450,-0.01,39.450,-0.02
39.500,0.02,39.500,-0.02,39.500,0.70,39.500,0.00,39.500,0.00,39.500,-0.01,39.500,-0.02,39.500,0.23,39.500,0.00,39.500,0.00,39.500,-0.02
39.550,0.01,39.550,-0.02,39.550,0.92,39.550,-0.01,39.550,0.00,39.550,0.00,39.550,-0.03,39.550,0.27,39.550,0.00,39.550,0.01,39.550,-0.02
39.600,0.00,39.600,-0.02,39.600,1.17,39.600,-0.01,39.600,0.01,39.600,0.00,39.600,-0.03,39.600,0.29,39.600,0.01,39.600,0.01,39.600,-0.02
39.650,0.00,39.650,-0.02,39.650,0.99,39.650,0.00,39.650,0.01,39.650,-0.01,39.650,-0.03,39.650,0.29,39.650,0.01,39.650,0.00,39.650,-0.02
39.700,-0.01,39.700,-0.01,39.700,0.05,39.700,0.00,39.700,0.00,39.700,0.00,39.700,-0.03,39.700,0.35,39.700,0.01,39.700,0.00,39.700,-0.02
39.750,0.01,39.750,-0.03,39.750,0.02,39.750,0.00,39.750,0.01,39.750,0.01,39.750,-0.02,39.750,0.43,39.750,0.02,39.750,0.01,39.750,-0.02
39.800,0.00,39.800,-0.04,39.800,-0.03,39.800,-0.01,39.800,0.00,39.800,0.00,39.800,-0.02,39.800,0.61,39.800,0.02,39.800,0.01,39.800,-0.02
39.850,-0.01,39.850,-0.03,39.850,-0.03,39.850,-0.01,39.850,0.01,39.850,0.00,39.850,-0.01,39.850,0.98,39.850,0.02,39.850,0.01,39.850,-0.02
39.900,0.00,39.900,-0.03,39.900,-0.02,39.900,-0.01,39.900,0.01,39.900,0.01,39.900,-0.01,39.900,1.24,39.900,0.03,39.900,0.00,39.900,-0.04
39.950,0.00,39.950,-0.02,39.950,-0.01,39.950,-0.01,39.950,0.01,39.950,0.01,39.950,-0.01,39.950,0.06,39.950,0.06,39.950,0.01,39.950,-0.03
40.000,0.01,40.000,-0.02,40.000,-0.02,40.000,-0.01,40.000,0.01,40.000,0.00,40.000,0.00,40.000,0.02,40.000,0.07,40.000,0.00,40.000,-0.03
40.050,0.02,40.050,-0.03,40.050,-0.02,40.050,-0.01,40.050,0.02,40.050,0.01,40.050,0.01,40.050,-0.04,40.050,0.12,40.050,0.00,40.050,-0.03
40.100,0.02,40.100,-0.03,40.100,-0.02,40.100,-0.02,40.100,0.01,40.100,0.00,40.100,0.01,40.100,-0.05,40.100,0.20,40.100,0.00,40.100,-0.02
40.150,0.02,40.150,-0.03,40.150,-0.03,40.150,-0.01,40.150,0.02,40.150,0.01,40.150,0.01,40.150,-0.05,40.150,0.29,40.150,0.00,40.150,-0.02
40.200,0.04,40.200,-0.03,40.200,-0.02,40.200,0.01,40.200,0.03,40.200,0.01,40.200,-0.01,40.200,-0.04,40.200,0.43,40.200,0.00,40.200,-0.02
40.250,0.02,40.250,-0.03,40.250,-0.03,40.250,0.01,40.250,0.02,40.250,0.00,40.250,0.00,40.250,-0.04,40.250,0.55,40.250,0.00,40.250,-0.03
40.300,0.02,40.300,-0.02,40.300,-0.02,40.300,0.01,40.300,0.02,40.300,0.00,40.300,-0.01,40.300,-0.04,40.300,0.67,40.300,0.01,40.300,-0.03
40.350,0.02,40.350,-0.02,40.350,-0.03,40.350,0.00,40.350,0.02,40.350,-0.01,40.350,-0.01,40.350,-0.03,40.350,0.17,40.350,0.01,40.350,-0.02
40.400,0.00,40.400,-0.03,40.400,-0.02,40.400,0.00,40.400,0.01,40.400,-0.01,40.400,-0.01,40.400,-0.04,40.400,0.03,40.400,0.01,40.400,-0.04
40.450,0.02,40.450,-0.03,40.450,-0.02,40.450,0.00,40.450,0.01,40.450,0.00,40.450,-0.01,40.450,-0.03,40.450,-0.03,40.450,0.02,40.450,-0.03
40.500,0.01,40.500,-0.02,40.500,-0.03,40.500,0.00,40.500,0.01,40.500,-0.01,40.500,-0.01,40.500,-0.03,40.500,-0.02,40.500,0.02,40.500,-0.03
40.550,0.02,40.550,-0.02,40.550,-0.02,40.550,-0.01,40.550,0.01,40.550,0.00,40.550,-0.01,40.550,-0.04,40.550,-0.04,40.550,0.00,40.550,-0.04
40.600,0.02,40.600,-0.02,40.600,-0.02,40.600,0.01,40.600,0.01,40.600,-0.01,40.600,0.00,40.600,-0.04,40.600,-0.03,40.600,0.01,40.600,-0.04
40.650,0.02,40.650,-0.02,40.650,-0.03,40.650,0.00,40.650,0.01,40.650,-0.01,40.650,0.00,40.650,-0.04,40.650,-0.03,40.650,0.01,40.650,-0.02
40.700,0.00,40.700,-0.03,40.700,-0.01,40.700,-0.01,40.700,0.01,40.700,-0.01,40.700,0.01,40.700,-0.03,40.700,-0.02,40.700,0.02,40.700,-0.02
40.750,0.00,40.750,-0.03,40.750,-0.02,40.750,-0.02,40.750,0.01,40.750,-0.01,40.750,0.00,40.750,-0.03,40.750,-0.02,40.750,0.02,40.750,-0.03
40.800,0.00,40.800,-0.03,40.800,-0.02,40.800,-0.01,40.800,0.01,40.800,0.00,40.800,0.00,40.800,-0.03,40.800,-0.03,40.800,0.01,40.800,-0.03
40.850,0.00,40.850,-0.02,40.850,-0.02,40.850,0.00,40.850,0.01,40.850,0.00,40.850,0.00,40.850,-0.03,40.850,-0.02,40.850,0.02,40.850,-0.04
40.900,0.00,40.900,-0.02,40.900,-0.01,40.900,-0.01,40.900,0.02,40.900,0.00,40.900,-0.01,40.900,-0.04,40.900,-0.02,40.900,0.00,40.900,-0.03
40.950,0.00,40.950,-0.02,40.950,-0.02,40.950,0.00,40.950,0.01,40.950,0.01,40.950,0.00,40.950,-0.04,40.950,-0.03,40.950,0.00,40.950,-0.03
41.000,0.00,41.000,-0.02,41.000,-0.02,41.000,-0.01,41.000,0.02,41.000,0.01,41.000,-0.01,41.000,-0.04,41.000,-0.03,41.000,-0.01,41.000,-0.03
41.050,-0.01,41.050,-0.02,41.050,-0.03,41.050,-0.01,41.050,0.02,41.050,0.01,41.050,-0.01,41.050,-0.04,41.050,-0.04,41.050,0.00,41.050,-0.03
41.100,-0.01,41.100,-0.03,41.100,-0.03,41.100,-0.01,41.100,0.02,41.100,0.01,41.100,0.00,41.100,-0.04,41.100,-0.03,41.100,0.00,41.100,-0.02
41.150,-0.02,41.150,-0.03,41.150,-0.02,41.150,-0.01,41.150,0.04,41.150,0.00,41.150,-0.01,41.150,-0.04,41.150,-0.02,41.150,0.00,41.150,-0.03
41.200,-0.02,41.200,-0.03,41.200,-0.01,41.200,-0.01,41.200,0.04,41.200,0.00,41.200,0.00,41.200,-0.03,41.200,-0.01,41.200,0.00,41.200,-0.02
41.250,-0.01,41.250,-0.02,41.250,-0.02,41.250,-0.01,41.250,0.05,41.250,0.01,41.250,0.01,41.250,-0.04,41.250,-0.01,41.250,-0.02,41.250,-0.01
41.300,-0.01,41.300,-0.02,41.300,-0.01,41.300,-0.01,41.300,0.09,41.300,0.01,41.300,0.00,41.300,-0.03,41.300,0.00,41.300,-0.01,41.300,-0.01
41.350,-0.01,41.350,-0.03,41.350,-0.02,41.350,0.00,41.350,0.20,41.350,0.01,41.350,-0.01,41.350,-0.04,41.350,0.00,41.350,-0.01,41.350,0.00
41.400,-0.02,41.400,-0.03,41.400,-0.01,41.400,-0.01,41.400,0.26,41.400,0.02,41.400,0.01,41.400,-0.03,41.400,-0.01,41.400,-0.02,41.400,-0.01
41.450,-0.02,41.450,-0.03,41.450,-0.01,41.450,0.00,41.450,0.06,41.450,0.02,41.450,0.00,41.450,-0.03,41.450,-0.01,41.450,-0.01,41.450,0.00
41.500,-0.02,41.500,-0.02,41.500,-0.01,41.500,-0.01,41.500,-0.01,41.500,0.03,41.500,-0.01,41.500,-0.03,41.500,-0.01,41.500,0.00,41.500,0.00
41.550,-0.02,41.550,-0.03,41.550,0.00,41.550,-0.01,41.550,-0.03,41.550,0.04,41.550,0.00,41.550,-0.03,41.550,-0.01,41.550,-0.01,41.550,-0.01
41.600,-0.02,41.600,-0.02,41.600,0.01,41.600,0.00,41.600,-0.03,41.600,0.04,41.600,0.00,41.600,-0.02,41.600,0.00,41.600,0.00,41.600,-0.01
41.650,-0.01,41.650,-0.02,41.650,0.00,41.650,-0.01,41.650,-0.02,41.650,0.04,41.650,0.01,41.650,-0.03,41.650,-0.02,41.650,0.00,41.650,0.00
41.700,-0.01,41.700,-0.01,41.700,0.01,41.700,0.00,41.700,-0.02,41.700,0.06,41.700,0.00,41.700,-0.02,41.700,-0.01,41.700,-0.01,41.700,0.00
41.750,-0.02,41.750,-0.02,41.750,0.02,41.750,0.00,41.750,-0.02,41.750,0.08,41.750,0.02,41.750,-0.02,41.750,-0.02,41.750,-0.01,41.750,0.00
41.800,-0.01,41.800,-0.02,41.800,0.02,41.800,0.00,41.800,-0.02,41.800,0.13,41.800,0.01,41.800,-0.02,41.800,-0.01,41.800,-0.02,41.800,0.00
41.850,-0.02,41.850,-0.02,41.850,0.02,41.850,0.01,41.850,-0.01,41.850,0.13,41.850,0.01,41.850,-0.02,41.850,-0.01,41.850,-0.01,41.850,-0.01
41.900,-0.01,41.900,-0.02,41.900,0.01,41.900,0.00,41.900,-0.02,41.900,0.05,41.900,0.01,41.900,-0.03,41.900,-0.01,41.900,-0.01,41.900,-0.01
41.950,-0.02,41.950,-0.02,41.950,0.02,41.950,0.01,41.950,-0.01,41.950,0.00,41.950,0.01,41.950,-0.02,41.950,-0.01,41.950,-0.02,41.950,0.00
42.000,-0.02,42.000,-0.02,42.000,0.04,42.000,0.00,42.000,-0.02,42.000,-0.02,42.000,0.00,42.000,-0.02,42.000,-0.02,42.000,-0.01,42.000,0.00
42.050,-0.02,42.050,-0.02,42.050,0.02,42.050,0.01,42.050,-0.02,42.050,-0.02,42.050,0.01,42.050,-0.01,42.050,-0.02,42.050,-0.01,42.050,0.00
42.100,-0.02,42.100,-0.02,42.100,0.02,42.100,0.01,42.100,-0.03,42.100,-0.01,42.100,0.01,42.100,0.00,42.100,-0.01,42.100,-0.01,42.100,0.01
42.150,-0.02,42.150,-0.03,42.150,0.02,42.150,0.00,42.150,-0.02,42.150,0.00,42.150,0.01,42.150,-0.01,42.150,-0.02,42.150,0.00,42.150,0.01
42.200,-0.01,42.200,0.00,42.200,0.03,42.200,0.00,42.200,-0.01,42.200,-0.01,42.200,0.02,42.200,0.00,42.200,-0.01,42.200,0.01,42.200,0.00
42.250,-0.02,42.250,-0.01,42.250,0.03,42.250,-0.01,42.250,-0.02,42.250,-0.01,42.250,0.00,42.250,-0.01,42.250,-0.01,42.250,0.00,42.250,0.01
42.300,-0.02,42.300,-0.01,42.300,0.03,42.300,-0.01,42.300,-0.01,42.300,-0.02,42.300,0.01,42.300,-0.01,42.300,-0.02,42.300,-0.01,42.300,0.01
42.350,-0.02,42.350,0.00,42.350,0.02,42.350,0.00,42.350,-0.01,42.350,-0.01,42.350,0.00,42.350,-0.01,42.350,-0.01,42.350,0.00,42.350,0.00
42.400,-0.02,42.400,-0.01,42.400,0.02,42.400,0.00,42.400,-0.02,42.400,-0.01,42.400,0.00,42.400,-0.01,42.400,-0.01,42.400,0.00,42.400,0.01
42.450,-0.02,42.450,-0.01,42.450,0.02,42.450,0.00,42.450,-0.02,42.450,-0.02,42.450,0.00,42.450,-0.02,42.450,0.00,42.450,0.00,42.450,0.01
42.500,-0.01,42.500,0.00,42.500,0.02,42.500,0.00,42.500,-0.02,42.500,-0.02,42.500,0.00,42.500,-0.01,42.500,-0.01,42.500,-0.01,42.500,0.01
42.550,-0.02,42.550,0.00,42.550,0.03,42.550,0.00,42.550,-0.02,42.550,-0.02,42.550,0.00,42.550,-0.02,42.550,-0.01,42.550,0.01,42.550,0.00
42.600,-0.01,42.600,0.00,42.600,0.02,42.600,0.00,42.600,-0.03,42.600,-0.02,42.600,0.00,42.600,-0.01,42.600,-0.01,42.600,0.02,42.600,0.00
42.650,0.00,42.650,0.00,42.650,0.02,42.650,0.00,42.650,-0.02,42.650,-0.02,42.650,0.01,42.650,-0.01,42.650,-0.01,42.650,0.01,42.650,0.01
42.700,-0.01,42.700,0.01,42.700,0.04,42.700,0.00,42.700,-0.02,42.700,-0.02,42.700,0.00,42.700,-0.01,42.700,-0.01,42.700,0.01,42.700,0.01
42.750,-0.01,42.750,0.00,42.750,0.04,42.750,0.01,42.750,-0.02,42.750,-0.02,42.750,0.00,42.750,-0.01,42.750,-0.01,42.750,0.01,42.750,0.01
42.800,-0.01,42.800,0.01,42.800,0.03,42.800,0.00,42.800,-0.01,42.800,-0.02,42.800,0.00,42.800,0.00,42.800,0.00,42.800,-0.01,42.800,0.01
42.850,-0.01,42.850,-0.01,42.850,0.03,42.850,0.00,42.850,-0.01,42.850,-0.01,42.850,0.01,42.850,-0.01,42.850,0.00,42.850,-0.01,42.850,0.03
42.900,-0.01,42.900,0.00,42.900,0.03,42.900,0.00,42.900,-0.01,42.900,-0.01,42.900,0.01,42.900,0.00,42.900,0.00,42.900,-0.01,42.900,0.02
42.950,-0.01,42.950,-0.01,42.950,0.04,42.950,0.01,42.950,-0.01,42.950,-0.01,42.950,0.02,42.950,0.00,42.950,0.00,42.950,-0.01,42.950,0.03
43.000,0.00,43.000,-0.01,43.000,0.03,43.000,-0.01,43.000,0.01,43.000,-0.01,43.000,0.02,43.000,0.00,43.000,0.00,43.000,-0.01,43.000,0.03
43.050,0.00,43.050,-0.01,43.050,0.02,43.050,0.01,43.050,0.01,43.050,-0.01,43.050,0.02,43.050,0.00,43.050,0.00,43.050,-0.01,43.050,0.05
43.100,0.00,43.100,0.00,43.100,0.02,43.100,0.01,43.100,0.00,43.100,0.01,43.100,0.01,43.100,0.00,43.100,0.00,43.100,0.00,43.100,0.06
43.150,0.00,43.150,0.01,43.150,0.04,43.150,0.00,43.150,0.00,43.150,0.00,43.150,0.02,43.150,-0.01,43.150,-0.01,43.150,-0.01,43.150,0.08
43.200,-0.01,43.200,0.02,43.200,0.07,43.200,0.00,43.200,0.00,43.200,0.00,43.200,0.02,43.200,-0.01,43.200,0.00,43.200,0.00,43.200,0.10
43.250,0.00,43.250,0.01,43.250,0.11,43.250,0.00,43.250,0.00,43.250,0.00,43.250,0.02,43.250,0.00,43.250,0.00,43.250,0.00,43.250,0.15
43.300,0.01,43.300,0.02,43.300,0.19,43.300,-0.01,43.300,0.00,43.300,0.00,43.300,0.02,43.300,-0.01,43.300,0.00,43.300,0.00,43.300,0.15
43.350,0.00,43.350,0.01,43.350,0.41,43.350,0.01,43.350,0.00,43.350,0.00,43.350,0.01,43.350,-0.02,43.350,0.00,43.350,-0.01,43.350,0.15
43.400,0.00,43.400,0.02,43.400,0.96,43.400,0.02,43.400,0.00,43.400,0.00,43.400,0.02,43.400,-0.01,43.400,-0.01,43.400,0.00,43.400,0.04
43.450,0.02,43.450,0.02,43.450,0.23,43.450,0.01,43.450,0.00,43.450,0.01,43.450,0.02,43.450,0.00,43.450,-0.01,43.450,0.01,43.450,0.00
43.500,0.02,43.500,0.01,43.500,0.04,43.500,0.03,43.500,-0.01,43.500,0.01,43.500,0.03,43.500,0.00,43.500,-0.01,43.500,0.00,43.500,-0.04
43.550,0.02,43.550,0.02,43.550,-0.04,43.550,0.02,43.550,-0.01,43.550,0.00,43.550,0.03,43.550,-0.01,43.550,-0.03,43.550,0.00,43.550,-0.04
43.600,0.02,43.600,0.02,43.600,-0.03,43.600,0.03,43.600,-0.01,43.600,0.00,43.600,0.03,43.600,-0.01,43.600,-0.02,43.600,0.00,43.600,-0.03
43.650,0.02,43.650,0.01,43.650,-0.03,43.650,0.03,43.650,0.00,43.650,-0.01,43.650,0.04,43.650,0.00,43.650,-0.01,43.650,0.00,43.650,-0.03
43.700,0.01,43.700,0.01,43.700,-0.02,43.700,0.04,43.700,-0.01,43.700,-0.01,43.700,0.04,43.700,0.01,43.700,-0.01,43.700,0.00,43.700,-0.03
43.750,0.02,43.750,0.01,43.750,-0.02,43.750,0.03,43.750,-0.01,43.750,0.00,43.750,0.05,43.750,0.01,43.750,-0.01,43.750,0.00,43.750,-0.03
43.800,0.02,43.800,0.01,43.800,-0.01,43.800,0.04,43.800,0.00,43.800,-0.01,43.800,0.03,43.800,0.02,43.800,0.00,43.800,0.00,43.800,-0.02
43.850,0.04,43.850,0.01,43.850,-0.02,43.850,0.03,43.850,0.00,43.850,-0.01,43.850,0.03,43.850,0.02,43.850,-0.01,43.850,0.01,43.850,-0.02
43.900,0.04,43.900,0.00,43.900,-0.01,43.900,0.05,43.900,-0.01,43.900,-0.01,43.900,0.04,43.900,0.03,43.900,-0.02,43.900,0.00,43.900,-0.01
43.950,0.05,43.950,0.01,43.950,-0.01,43.950,0.09,43.950,0.00,43.950,0.00,43.950,0.04,43.950,0.03,43.950,-0.02,43.950,-0.01,43.950,-0.02
44.000,0.04,44.000,0.01,44.000,-0.01,44.000,0.24,44.000,-0.01,44.000,0.00,44.000,0.04,44.000,0.03,44.000,-0.01,44.000,-0.01,44.000,-0.03
44.050,0.08,44.050,0.02,44.050,-0.02,44.050,0.52,44.050,0.01,44.050,-0.01,44.050,0.04,44.050,0.03,44.050,0.00,44.050,0.01,44.050,-0.02
44.100,0.11,44.100,0.01,44.100,-0.01,44.100,0.03,44.100,-0.01,44.100,-0.01,44.100,0.04,44.100,0.05,44.100,0.00,44.100,0.00,44.100,-0.02
44.150,0.30,44.150,0.01,44.150,-0.02,44.150,0.02,44.150,-0.01,44.150,0.00,44.150,0.03,44.150,0.06,44.150,0.00,44.150,0.00,44.150,-0.02
44.200,1.33,44.200,0.01,44.200,-0.02,44.200,-0.05,44.200,0.00,44.200,-0.01,44.200,0.04,44.200,0.09,44.200,0.00,44.200,0.00,44.200,-0.02
44.250,1.47,44.250,0.01,44.250,-0.02,44.250,-0.04,44.250,-0.01,44.250,-0.01,44.250,0.03,44.250,0.18,44.250,0.01,44.250,0.01,44.250,-0.02
44.300,1.74,44.300,0.01,44.300,-0.02,44.300,-0.05,44.300,-0.02,44.300,0.00,44.300,0.03,44.300,0.26,44.300,0.00,44.300,0.00,44.300,-0.02
44.350,0.72,44.350,0.01,44.350,-0.03,44.350,-0.02,44.350,-0.01,44.350,0.00,44.350,0.05,44.350,0.44,44.350,-0.01,44.350,0.00,44.350,-0.02
44.400,0.05,44.400,0.01,44.400,-0.02,44.400,-0.02,44.400,-0.02,44.400,0.00,44.400,0.02,44.400,0.77,44.400,-0.01,44.400,0.00,44.400,-0.02
44.450,-0.01,44.450,0.01,44.450,-0.01,44.450,-0.02,44.450,-0.01,44.450,0.00,44.450,0.03,44.450,0.99,44.450,-0.01,44.450,0.00,44.450,-0.01
44.500,-0.04,44.500,0.01,44.500,-0.02,44.500,-0.01,44.500,-0.02,44.500,0.00,44.500,0.03,44.500,1.26,44.500,0.00,44.500,0.01,44.500,-0.02
44.550,-0.03,44.550,0.01,44.550,-0.02,44.550,-0.02,44.550,-0.02,44.550,-0.01,44.550,0.03,44.550,0.09,44.550,-0.01,44.550,-0.01,44.550,-0.01
44.600,-0.01,44.600,0.00,44.600,-0.02,44.600,-0.03,44.600,0.00,44.600,0.01,44.600,0.03,44.600,0.02,44.600,-0.01,44.600,-0.01,44.600,-0.02
44.650,-0.01,44.650,0.01,44.650,-0.01,44.650,-0.03,44.650,0.00,44.650,0.01,44.650,0.03,44.650,-0.05,44.650,-0.01,44.650,0.01,44.650,-0.01
44.700,0.00,44.700,0.01,44.700,-0.01,44.700,-0.03,44.700,-0.01,44.700,0.00,44.700,0.03,44.700,-0.07,44.700,-0.02,44.700,0.02,44.700,-0.01
44.750,-0.01,44.750,0.01,44.750,-0.01,44.750,-0.04,44.750,-0.02,44.750,0.01,44.750,0.03,44.750,-0.06,44.750,-0.01,44.750,0.01,44.750,-0.01
44.800,-0.01,44.800,0.01,44.800,-0.02,44.800,-0.04,44.800,0.00,44.800,-0.01,44.800,0.03,44.800,-0.05,44.800,-0.01,44.800,0.00,44.800,-0.02
44.850,-0.01,44.850,0.01,44.850,-0.02,44.850,-0.03,44.850,-0.01,44.850,0.00,44.850,0.04,44.850,-0.04,44.850,-0.01,44.850,0.01,44.850,-0.02
44.900,0.00,44.900,0.02,44.900,-0.02,44.900,-0.03,44.900,0.00,44.900,0.00,44.900,0.03,44.900,-0.05,44.900,-0.01,44.900,-0.01,44.900,-0.01
44.950,0.00,44.950,0.02,44.950,-0.02,44.950,-0.03,44.950,-0.01,44.950,0.02,44.950,0.02,44.950,-0.05,44.950,-0.01,44.950,0.00,44.950,-0.01
45.000,0.00,45.000,0.02,45.000,-0.03,45.000,-0.02,45.000,0.01,45.000,0.03,45.000,0.02,45.000,-0.04,45.000,-0.02,45.000,0.00,45.000,-0.01
45.050,0.00,45.050,0.03,45.050,-0.03,45.050,-0.02,45.050,0.00,45.050,0.03,45.050,0.03,45.050,-0.05,45.050,-0.01,45.050,0.00,45.050,-0.01
45.100,-0.01,45.100,0.03,45.100,-0.02,45.100,-0.01,45.100,0.01,45.100,0.04,45.100,0.04,45.100,-0.05,45.100,-0.01,45.100,-0.01,45.100,-0.02
45.150,0.00,45.150,0.04,45.150,-0.01,45.150,-0.02,45.150,0.02,45.150,0.04,45.150,0.04,45.150,-0.04,45.150,-0.01,45.150,0.00,45.150,-0.02
45.200,0.01,45.200,0.04,45.200,-0.02,45.200,-0.02,45.200,0.00,45.200,0.06,45.200,0.04,45.200,-0.03,45.200,-0.02,45.200,-0.01,45.200,-0.02
45.250,-0.01,45.250,0.05,45.250,0.00,45.250,-0.02,45.250,0.01,45.250,0.11,45.250,0.03,45.250,-0.04,45.250,0.00,45.250,0.00,45.250,-0.02
45.300,-0.01,45.300,0.08,45.300,0.00,45.300,-0.01,45.300,0.01,45.300,0.13,45.300,0.04,45.300,-0.04,45.300,0.00,45.300,0.00,45.300,-0.01
45.350,0.00,45.350,0.10,45.350,0.00,45.350,-0.02,45.350,0.00,45.350,0.05,45.350,0.05,45.350,-0.04,45.350,-0.01,45.350,-0.01,45.350,-0.02
45.400,0.00,45.400,0.16,45.400,0.00,45.400,-0.02,45.400,0.02,45.400,-0.01,45.400,0.05,45.400,-0.03,45.400,-0.01,45.400,0.00,45.400,-0.02
45.450,-0.01,45.450,0.31,45.450,-0.01,45.450,-0.02,45.450,0.03,45.450,-0.02,45.450,0.06,45.450,-0.02,45.450,-0.01,45.450,0.00,45.450,-0.01
45.500,-0.01,45.500,0.55,45.500,-0.02,45.500,-0.02,45.500,0.06,45.500,-0.02,45.500,0.05,45.500,-0.04,45.500,0.00,45.500,0.00,45.500,-0.01
45.550,-0.01,45.550,0.79,45.550,-0.02,45.550,-0.02,45.550,0.09,45.550,-0.02,45.550,0.05,45.550,-0.04,45.550,-0.01,45.550,0.00,45.550,-0.01
45.600,-0.01,45.600,1.32,45.600,-0.02,45.600,-0.01,45.600,0.35,45.600,-0.02,45.600,0.06,45.600,-0.04,45.600,-0.01,45.600,0.00,45.600,-0.02
45.650,-0.01,45.650,1.52,45.650,0.00,45.650,-0.01,45.650,0.03,45.650,-0.01,45.650,0.06,45.650,-0.02,45.650,-0.02,45.650,0.00,45.650,-0.01
45.700,-0.01,45.700,1.58,45.700,-0.01,45.700,-0.01,45.700,0.02,45.700,-0.02,45.700,0.07,45.700,-0.02,45.700,-0.02,45.700,0.00,45.700,-0.01
45.750,-0.01,45.750,1.60,45.750,0.01,45.750,-0.01,45.750,-0.03,45.750,-0.01,45.750,0.07,45.750,-0.02,45.750,-0.01,45.750,0.00,45.750,-0.02
45.800,-0.01,45.800,1.58,45.800,0.01,45.800,-0.01,45.800,-0.03,45.800,-0.02,45.800,0.09,45.800,-0.02,45.800,-0.01,45.800,0.00,45.800,-0.02
45.850,-0.01,45.850,1.62,45.850,0.00,45.850,0.00,45.850,-0.03,45.850,-0.01,45.850,0.09,45.850,-0.03,45.850,-0.01,45.850,0.01,45.850,-0.02
45.900,0.00,45.900,1.66,45.900,0.01,45.900,0.00,45.900,-0.03,45.900,-0.01,45.900,0.09,45.900,-0.02,45.900,-0.01,45.900,0.00,45.900,-0.01
45.950,0.00,45.950,1.66,45.950,0.02,45.950,0.00,45.950,-0.03,45.950,-0.01,45.950,0.09,45.950,-0.01,45.950,-0.01,45.950,-0.01,45.950,-0.02
46.000,-0.01,46.000,0.04,46.000,0.02,46.000,-0.01,46.000,-0.02,46.000,-0.02,46.000,0.11,46.000,-0.02,46.000,-0.01,46.000,0.00,46.000,-0.03
46.050,0.00,46.050,0.01,46.050,0.02,46.050,-0.01,46.050,-0.03,46.050,-0.01,46.050,0.11,46.050,-0.02,46.050,-0.01,46.050,0.00,46.050,-0.02
46.100,-0.02,46.100,-0.03,46.100,0.03,46.100,-0.01,46.100,-0.02,46.100,-0.01,46.100,0.12,46.100,-0.01,46.100,0.00,46.100,0.01,46.100,-0.02
46.150,-0.01,46.150,-0.04,46.150,0.02,46.150,0.00,46.150,-0.01,46.150,-0.01,46.150,0.13,46.150,-0.01,46.150,-0.01,46.150,0.01,46.150,-0.01
46.200,-0.02,46.200,-0.02,46.200,0.02,46.200,-0.01,46.200,-0.01,46.200,-0.02,46.200,0.14,46.200,-0.01,46.200,-0.01,46.200,0.01,46.200,-0.02
46.250,-0.02,46.250,-0.02,46.250,0.03,46.250,-0.01,46.250,-0.02,46.250,-0.01,46.250,0.14,46.250,0.00,46.250,-0.02,46.250,-0.01,46.250,-0.02
46.300,-0.01,46.300,-0.02,46.300,0.03,46.300,-0.01,46.300,-0.02,46.300,-0.01,46.300,0.14,46.300,-0.01,46.300,-0.01,46.300,0.01,46.300,-0.02
46.350,-0.02,46.350,-0.02,46.350,0.03,46.350,-0.01,46.350,-0.02,46.350,0.00,46.350,0.15,46.350,0.00,46.350,-0.02,46.350,0.00,46.350,-0.02
46.400,-0.01,46.400,-0.02,46.400,0.03,46.400,0.00,46.400,-0.02,46.400,-0.01,46.400,0.16,46.400,-0.01,46.400,-0.02,46.400,0.02,46.400,-0.03
46.450,-0.01,46.450,-0.02,46.450,0.03,46.450,-0.01,46.450,-0.02,46.450,-0.01,46.450,0.18,46.450,-0.01,46.450,-0.02,46.450,0.01,46.450,-0.02
46.500,0.00,46.500,-0.02,46.500,0.04,46.500,0.00,46.500,-0.02,46.500,-0.01,46.500,0.19,46.500,0.00,46.500,-0.02,46.500,0.01,46.500,-0.02
46.550,-0.01,46.550,-0.02,46.550,0.04,46.550,-0.01,46.550,-0.01,46.550,0.00,46.550,0.19,46.550,-0.01,46.550,-0.02,46.550,0.00,46.550,-0.03
46.600,0.00,46.600,-0.02,46.600,0.02,46.600,0.00,46.600,-0.02,46.600,-0.01,46.600,0.20,46.600,-0.02,46.600,-0.02,46.600,0.00,46.600,-0.02
46.650,-0.01,46.650,-0.02,46.650,0.03,46.650,0.00,46.650,-0.02,46.650,-0.01,46.650,0.21,46.650,-0.02,46.650,-0.01,46.650,0.01,46.650,-0.03
46.700,-0.01,46.700,-0.02,46.700,0.03,46.700,0.00,46.700,-0.02,46.700,0.00,46.700,0.21,46.700,-0.01,46.700,-0.01,46.700,0.01,46.700,-0.03
46.750,-0.01,46.750,-0.02,46.750,0.03,46.750,0.00,46.750,-0.02,46.750,-0.01,46.750,0.22,46.750,-0.02,46.750,-0.02,46.750,0.00,46.750,-0.02
46.800,-0.01,46.800,-0.03,46.800,0.04,46.800,0.02,46.800,-0.02,46.800,-0.02,46.800,0.21,46.800,-0.01,46.800,-0.03,46.800,0.01,46.800,-0.01
46.850,-0.01,46.850,-0.02,46.850,0.03,46.850,0.04,46.850,-0.03,46.850,-0.01,46.850,0.22,46.850,-0.01,46.850,-0.01,46.850,0.01,46.850,-0.02
46.900,0.01,46.900,-0.02,46.900,0.03,46.900,0.09,46.900,-0.02,46.900,-0.01,46.900,0.23,46.900,-0.01,46.900,-0.01,46.900,0.01,46.900,-0.03
46.950,0.00,46.950,-0.02,46.950,0.03,46.950,0.40,46.950,-0.02,46.950,0.00,46.950,0.26,46.950,-0.01,46.950,-0.01,46.950,0.00,46.950,-0.02
47.000,0.01,47.000,-0.02,47.000,0.04,47.000,0.05,47.000,-0.01,47.000,-0.01,47.000,0.31,47.000,-0.01,47.000,0.01,47.000,0.01,47.000,-0.02
47.050,-0.01,47.050,-0.03,47.050,0.03,47.050,0.03,47.050,0.00,47.050,-0.01,47.050,0.34,47.050,-0.01,47.050,-0.01,47.050,0.01,47.050,-0.02
47.100,0.00,47.100,-0.02,47.100,0.04,47.100,-0.03,47.100,-0.01,47.100,-0.01,47.100,0.41,47.100,-0.01,47.100,0.01,47.100,0.01,47.100,-0.02
47.150,-0.01,47.150,-0.02,47.150,0.03,47.150,-0.03,47.150,0.00,47.150,-0.01,47.150,0.52,47.150,-0.01,47.150,0.02,47.150,0.01,47.150,-0.02
47.200,-0.01,47.200,-0.02,47.200,0.04,47.200,-0.04,47.200,0.00,47.200,-0.01,47.200,0.59,47.200,0.00,47.200,0.00,47.200,0.00,47.200,-0.02
47.250,0.00,47.250,-0.03,47.250,0.04,47.250,-0.01,47.250,0.00,47.250,0.00,47.250,0.68,47.250,-0.01,47.250,0.01,47.250,0.00,47.250,-0.02
47.300,-0.01,47.300,-0.02,47.300,0.04,47.300,-0.01,47.300,-0.01,47.300,-0.01,47.300,0.83,47.300,-0.01,47.300,0.00,47.300,0.00,47.300,-0.02
47.350,0.00,47.350,-0.03,47.350,0.04,47.350,-0.02,47.350,-0.01,47.350,-0.01,47.350,0.94,47.350,-0.01,47.350,0.01,47.350,0.00,47.350,-0.03
47.400,0.00,47.400,-0.03,47.400,0.04,47.400,-0.02,47.400,-0.01,47.400,-0.01,47.400,1.10,47.400,-0.01,47.400,0.01,47.400,0.00,47.400,-0.02
47.450,0.00,47.450,-0.02,47.450,0.04,47.450,-0.02,47.450,-0.01,47.450,-0.01,47.450,1.22,47.450,-0.01,47.450,0.01,47.450,-0.01,47.450,-0.02
47.500,-0.01,47.500,-0.03,47.500,0.05,47.500,-0.03,47.500,0.01,47.500,-0.01,47.500,1.31,47.500,-0.02,47.500,0.01,47.500,0.00,47.500,-0.02
47.550,0.00,47.550,-0.02,47.550,0.07,47.550,-0.02,47.550,-0.01,47.550,-0.01,47.550,1.40,47.550,-0.02,47.550,0.01,47.550,0.00,47.550,-0.01
47.600,0.01,47.600,-0.02,47.600,0.07,47.600,-0.02,47.600,0.00,47.600,-0.03,47.600,1.44,47.600,-0.01,47.600,0.02,47.600,0.01,47.600,-0.01
47.650,0.01,47.650,-0.02,47.650,0.11,47.650,-0.02,47.650,0.01,47.650,-0.02,47.650,1.51,47.650,-0.01,47.650,0.02,47.650,0.00,47.650,0.00
47.700,0.01,47.700,-0.03,47.700,0.15,47.700,-0.02,47.700,0.00,47.700,-0.01,47.700,1.56,47.700,-0.01,47.700,0.04,47.700,0.00,47.700,0.00
47.750,0.00,47.750,-0.03,47.750,0.25,47.750,-0.04,47.750,0.00,47.750,-0.02,47.750,1.55,47.750,0.00,47.750,0.04,47.750,0.01,47.750,0.00
47.800,-0.01,47.800,-0.03,47.800,0.42,47.800,-0.03,47.800,0.00,47.800,-0.03,47.800,1.57,47.800,0.00,47.800,0.06,47.800,0.01,47.800,-0.01
47.850,-0.01,47.850,-0.04,47.850,0.80,47.850,-0.02,47.850,0.02,47.850,-0.02,47.850,1.59,47.850,0.00,47.850,0.07,47.850,0.01,47.850,0.00
47.900,-0.01,47.900,-0.04,47.900,1.14,47.900,-0.02,47.900,0.01,47.900,-0.02,47.900,1.68,47.900,0.01,47.900,0.11,47.900,0.01,47.900,0.01
47.950,0.00,47.950,-0.04,47.950,0.39,47.950,-0.01,47.950,0.01,47.950,-0.02,47.950,1.70,47.950,0.01,47.950,0.16,47.950,0.02,47.950,0.01
48.000,0.00,48.000,-0.04,48.000,0.02,48.000,-0.02,48.000,0.02,48.000,-0.02,48.000,1.69,48.000,0.01,48.000,0.26,48.000,0.01,48.000,0.01
48.050,0.01,48.050,-0.04,48.050,-0.03,48.050,-0.03,48.050,0.02,48.050,-0.03,48.050,1.68,48.050,0.02,48.050,0.41,48.050,0.00,48.050,0.02
48.100,-0.01,48.100,-0.02,48.100,-0.04,48.100,-0.02,48.100,0.02,48.100,-0.02,48.100,1.59,48.100,0.04,48.100,0.55,48.100,0.01,48.100,0.03
48.150,-0.01,48.150,-0.03,48.150,-0.04,48.150,-0.02,48.150,0.01,48.150,-0.01,48.150,1.30,48.150,0.05,48.150,0.63,48.150,0.00,48.150,0.04
48.200,0.00,48.200,-0.02,48.200,-0.02,48.200,-0.02,48.200,0.01,48.200,-0.01,48.200,0.82,48.200,0.05,48.200,0.67,48.200,0.00,48.200,0.05
48.250,-0.01,48.250,-0.04,48.250,-0.02,48.250,-0.02,48.250,0.02,48.250,-0.02,48.250,0.58,48.250,0.08,48.250,0.65,48.250,0.01,48.250,0.07
48.300,-0.01,48.300,-0.03,48.300,-0.03,48.300,-0.02,48.300,0.01,48.300,-0.02,48.300,0.47,48.300,0.08,48.300,0.64,48.300,0.00,48.300,0.17
48.350,0.00,48.350,-0.03,48.350,-0.03,48.350,-0.02,48.350,0.01,48.350,-0.01,48.350,0.34,48.350,0.11,48.350,0.64,48.350,0.00,48.350,0.16
48.400,0.00,48.400,-0.02,48.400,-0.03,48.400,-0.02,48.400,0.02,48.400,-0.01,48.400,0.20,48.400,0.15,48.400,0.65,48.400,0.01,48.400,0.03
48.450,0.00,48.450,-0.03,48.450,-0.02,48.450,-0.01,48.450,0.02,48.450,-0.01,48.450,0.13,48.450,0.23,48.450,0.07,48.450,0.01,48.450,-0.02
48.500,-0.01,48.500,-0.03,48.500,-0.03,48.500,-0.02,48.500,0.02,48.500,-0.01,48.500,0.10,48.500,0.38,48.500,0.03,48.500,0.00,48.500,-0.04
48.550,-0.01,48.550,-0.01,48.550,-0.03,48.550,-0.02,48.550,0.01,48.550,-0.01,48.550,0.08,48.550,0.74,48.550,-0.03,48.550,0.00,48.550,-0.03
48.600,0.01,48.600,-0.03,48.600,-0.03,48.600,-0.02,48.600,0.01,48.600,-0.01,48.600,0.08,48.600,1.19,48.600,-0.03,48.600,0.00,48.600,-0.02
48.650,0.01,48.650,-0.02,48.650,-0.01,48.650,-0.02,48.650,0.01,48.650,-0.01,48.650,0.07,48.650,0.48,48.650,-0.02,48.650,0.00,48.650,-0.03
48.700,0.01,48.700,-0.03,48.700,-0.01,48.700,-0.02,48.700,0.01,48.700,-0.01,48.700,0.07,48.700,0.05,48.700,-0.02,48.700,0.00,48.700,-0.02
48.750,0.00,48.750,-0.03,48.750,-0.01,48.750,-0.02,48.750,0.01,48.750,-0.02,48.750,0.07,48.750,-0.01,48.750,-0.02,48.750,0.00,48.750,-0.02
48.800,0.01,48.800,-0.03,48.800,0.00,48.800,-0.03,48.800,0.01,48.800,-0.02,48.800,0.06,48.800,-0.02,48.800,-0.03,48.800,0.01,48.800,-0.04
48.850,0.01,48.850,-0.01,48.850,-0.02,48.850,-0.03,48.850,0.01,48.850,-0.02,48.850,0.07,48.850,-0.05,48.850,-0.02,48.850,0.00,48.850,-0.02
48.900,0.00,48.900,-0.01,48.900,-0.02,48.900,-0.02,48.900,0.00,48.900,-0.01,48.900,0.07,48.900,-0.04,48.900,-0.02,48.900,0.00,48.900,-0.02
48.950,0.00,48.950,-0.02,48.950,-0.01,48.950,-0.02,48.950,0.01,48.950,-0.01,48.950,0.06,48.950,-0.02,48.950,-0.02,48.950,0.00,48.950,-0.03
49.000,0.00,49.000,-0.01,49.000,-0.02,49.000,-0.01,49.000,0.01,49.000,-0.02,49.000,0.06,49.000,-0.03,49.000,-0.02,49.000,0.00,49.000,-0.02
49.050,0.01,49.050,-0.01,49.050,-0.02,49.050,-0.03,49.050,0.01,49.050,0.00,49.050,0.06,49.050,-0.02,49.050,-0.02,49.050,-0.01,49.050,-0.02
49.100,0.01,49.100,-0.01,49.100,-0.02,49.100,-0.02,49.100,0.01,49.100,-0.01,49.100,0.06,49.100,-0.02,49.100,-0.02,49.100,0.00,49.100,-0.02
49.150,0.00,49.150,-0.02,49.150,-0.01,49.150,-0.03,49.150,0.00,49.150,-0.02,49.150,0.07,49.150,-0.02,49.150,-0.02,49.150,-0.01,49.150,-0.03
49.200,0.00,49.200,-0.02,49.200,-0.02,49.200,-0.02,49.200,0.01,49.200,-0.02,49.200,0.07,49.200,-0.02,49.200,-0.02,49.200,0.00,49.200,-0.04
49.250,0.02,49.250,-0.02,49.250,-0.02,49.250,-0.02,49.250,0.01,49.250,-0.01,49.250,0.06,49.250,-0.02,49.250,-0.01,49.250,-0.01,49.250,-0.02
49.300,0.03,49.300,-0.01,49.300,-0.01,49.300,-0.02,49.300,0.01,49.300,-0.02,49.300,0.07,49.300,-0.02,49.300,-0.02,49.300,0.00,49.300,-0.03
49.350,0.04,49.350,-0.02,49.350,0.00,49.350,-0.02,49.350,0.01,49.350,-0.02,49.350,0.07,49.350,-0.03,49.350,-0.02,49.350,0.01,49.350,-0.03
49.400,0.02,49.400,-0.02,49.400,-0.01,49.400,-0.03,49.400,0.01,49.400,-0.01,49.400,0.06,49.400,-0.02,49.400,-0.02,49.400,0.01,49.400,-0.02
49.450,0.04,49.450,-0.03,49.450,0.00,49.450,-0.03,49.450,0.02,49.450,-0.01,49.450,0.06,49.450,-0.02,49.450,-0.02,49.450,0.01,49.450,-0.02
49.500,0.03,49.500,-0.02,49.500,0.00,49.500,-0.02,49.500,0.02,49.500,-0.01,49.500,0.07,49.500,-0.02,49.500,-0.02,49.500,0.01,49.500,-0.02
49.550,0.04,49.550,-0.03,49.550,-0.01,49.550,-0.01,49.550,0.02,49.550,-0.02,49.550,0.08,49.550,-0.02,49.550,-0.01,49.550,0.01,49.550,-0.02
49.600,0.04,49.600,-0.02,49.600,-0.01,49.600,-0.02,49.600,0.05,49.600,-0.02,49.600,0.08,49.600,-0.02,49.600,-0.01,49.600,0.01,49.600,-0.03
49.650,0.03,49.650,-0.02,49.650,0.00,49.650,-0.02,49.650,0.09,49.650,-0.02,49.650,0.08,49.650,-0.02,49.650,-0.02,49.650,0.02,49.650,-0.02
49.700,0.01,49.700,-0.01,49.700,0.00,49.700,-0.03,49.700,0.36,49.700,-0.01,49.700,0.09,49.700,-0.02,49.700,-0.02,49.700,0.00,49.700,-0.01
49.750,0.01,49.750,0.00,49.750,0.00,49.750,-0.03,49.750,0.03,49.750,-0.01,49.750,0.08,49.750,-0.01,49.750,-0.03,49.750,0.01,49.750,-0.02
49.800,0.01,49.800,0.00,49.800,-0.01,49.800,-0.03,49.800,0.02,49.800,-0.02,49.800,0.08,49.800,-0.01,49.800,-0.02,49.800,0.02,49.800,-0.01
49.850,0.00,49.850,0.01,49.850,0.00,49.850,-0.02,49.850,-0.04,49.850,-0.02,49.850,0.09,49.850,-0.01,49.850,-0.02,49.850,0.01,49.850,-0.01
49.900,0.00,49.900,0.00,49.900,0.00,49.900,-0.02,49.900,-0.04,49.900,-0.01,49.900,0.08,49.900,-0.01,49.900,-0.02,49.900,0.02,49.900,-0.01
49.950,0.00,49.950,0.00,49.950,0.01,49.950,-0.02,49.950,-0.04,49.950,-0.01,49.950,0.07,49.950,-0.01,49.950,-0.03,49.950,0.01,49.950,-0.01
50.000,0.00,50.000,0.00,50.000,0.02,50.000,-0.02,50.000,-0.03,50.000,-0.01,50.000,0.08,50.000,-0.01,50.000,-0.02,50.000,0.01,50.000,-0.03
50.050,0.01,50.050,0.01,50.050,0.02,50.050,-0.02,50.050,-0.03,50.050,-0.01,50.050,0.07,50.050,0.00,50.050,-0.02,50.050,0.01,50.050,-0.03
50.100,0.00,50.100,0.01,50.100,0.02,50.100,-0.02,50.100,-0.03,50.100,-0.02,50.100,0.06,50.100,-0.01,50.100,-0.03,50.100,0.01,50.100,-0.01
50.150,-0.01,50.150,0.02,50.150,0.02,50.150,-0.03,50.150,-0.02,50.150,-0.02,50.150,0.07,50.150,-0.02,50.150,-0.02,50.150,0.00,50.150,-0.03
50.200,0.00,50.200,0.01,50.200,0.04,50.200,-0.02,50.200,-0.03,50.200,-0.02,50.200,0.07,50.200,-0.01,50.200,-0.04,50.200,0.00,50.200,-0.02
50.250,-0.01,50.250,0.01,50.250,0.02,50.250,-0.04,50.250,-0.04,50.250,-0.02,50.250,0.08,50.250,-0.01,50.250,-0.05,50.250,0.01,50.250,-0.03
50.300,-0.02,50.300,0.00,50.300,0.04,50.300,-0.02,50.300,-0.03,50.300,-0.01,50.300,0.08,50.300,-0.02,50.300,-0.03,50.300,0.01,50.300,-0.03
50.350,-0.01,50.350,0.01,50.350,0.04,50.350,-0.02,50.350,-0.04,50.350,0.00,50.350,0.07,50.350,-0.01,50.350,-0.02,50.350,0.02,50.350,-0.03
50.400,0.00,50.400,0.01,50.400,0.05,50.400,-0.03,50.400,-0.04,50.400,-0.02,50.400,0.06,50.400,-0.02,50.400,-0.03,50.400,0.01,50.400,-0.03
50.450,-0.01,50.450,0.02,50.450,0.01,50.450,-0.02,50.450,-0.04,50.450,-0.02,50.450,0.06,50.450,-0.01,50.450,-0.02,50.450,0.01,50.450,-0.03
50.500,-0.01,50.500,0.01,50.500,0.12,50.500,-0.02,50.500,-0.03,50.500,-0.02,50.500,0.07,50.500,-0.02,50.500,-0.03,50.500,0.01,50.500,-0.04
50.550,0.00,50.550,0.01,50.550,0.08,50.550,-0.03,50.550,-0.03,50.550,-0.01,50.550,0.06,50.550,-0.03,50.550,-0.03,50.550,0.01,50.550,-0.03
50.600,-0.01,50.600,0.01,50.600,0.06,50.600,-0.03,50.600,-0.03,50.600,-0.01,50.600,0.07,50.600,-0.02,50.600,-0.02,50.600,0.00,50.600,-0.04
50.650,0.01,50.650,0.02,50.650,0.07,50.650,-0.03,50.650,-0.02,50.650,-0.01,50.650,0.07,50.650,-0.02,50.650,-0.03,50.650,0.01,50.650,-0.03
50.700,0.01,50.700,0.02,50.700,0.06,50.700,-0.03,50.700,-0.02,50.700,-0.01,50.700,0.07,50.700,-0.02,50.700,-0.03,50.700,-0.01,50.700,-0.03
50.750,0.02,50.750,0.03,50.750,0.07,50.750,-0.04,50.750,-0.03,50.750,-0.01,50.750,0.07,50.750,-0.02,50.750,-0.02,50.750,0.02,50.750,-0.02
50.800,0.02,50.800,0.03,50.800,0.05,50.800,-0.04,50.800,-0.03,50.800,-0.01,50.800,0.06,50.800,-0.02,50.800,-0.03,50.800,0.01,50.800,-0.02
50.850,0.02,50.850,0.03,50.850,0.06,50.850,-0.03,50.850,-0.03,50.850,0.00,50.850,0.07,50.850,-0.03,50.850,-0.02,50.850,0.01,50.850,-0.02
50.900,0.03,50.900,0.04,50.900,0.06,50.900,-0.02,50.900,-0.03,50.900,0.00,50.900,0.07,50.900,-0.02,50.900,-0.04,50.900,0.00,50.900,-0.03
50.950,0.03,50.950,0.04,50.950,0.05,50.950,-0.02,50.950,-0.03,50.950,-0.01,50.950,0.08,50.950,-0.02,50.950,-0.03,50.950,0.02,50.950,-0.02
51.000,0.03,51.000,0.03,51.000,0.05,51.000,-0.03,51.000,-0.04,51.000,0.00,51.000,0.06,51.000,-0.02,51.000,-0.02,51.000,0.01,51.000,-0.01
51.050,0.04,51.050,0.04,51.050,0.06,51.050,-0.02,51.050,-0.03,51.050,-0.01,51.050,0.06,51.050,-0.03,51.050,-0.03,51.050,0.01,51.050,-0.03
51.100,0.04,51.100,0.04,51.100,0.06,51.100,-0.02,51.100,-0.02,51.100,-0.02,51.100,0.06,51.100,-0.01,51.100,-0.03,51.100,0.01,51.100,-0.02
51.150,0.05,51.150,0.05,51.150,0.06,51.150,-0.03,51.150,-0.03,51.150,-0.01,51.150,0.06,51.150,-0.02,51.150,-0.02,51.150,0.00,51.150,-0.03
51.200,0.06,51.200,0.06,51.200,0.06,51.200,-0.04,51.200,-0.03,51.200,-0.01,51.200,0.06,51.200,-0.02,51.200,-0.03,51.200,0.00,51.200,-0.02
51.250,0.06,51.250,0.07,51.250,0.06,51.250,-0.03,51.250,-0.04,51.250,-0.01,51.250,0.06,51.250,-0.02,51.250,-0.02,51.250,0.01,51.250,-0.02
51.300,0.08,51.300,0.09,51.300,0.07,51.300,-0.02,51.300,-0.03,51.300,-0.01,51.300,0.07,51.300,-0.02,51.300,-0.02,51.300,0.01,51.300,-0.02
51.350,0.09,51.350,0.11,51.350,0.06,51.350,-0.03,51.350,-0.03,51.350,-0.01,51.350,0.08,51.350,-0.02,51.350,-0.03,51.350,0.01,51.350,-0.03
51.400,0.11,51.400,0.21,51.400,0.05,51.400,-0.02,51.400,-0.03,51.400,-0.01,51.400,0.07,51.400,-0.02,51.400,-0.03,51.400,0.01,51.400,-0.03
51.450,0.17,51.450,0.38,51.450,0.06,51.450,-0.02,51.450,-0.02,51.450,-0.01,51.450,0.07,51.450,-0.03,51.450,-0.02,51.450,0.02,51.450,-0.02
51.500,0.28,51.500,0.68,51.500,0.05,51.500,-0.02,51.500,-0.03,51.500,-0.01,51.500,0.07,51.500,-0.02,51.500,-0.02,51.500,0.01,51.500,-0.02
51.550,0.36,51.550,1.05,51.550,0.04,51.550,-0.02,51.550,-0.05,51.550,-0.01,51.550,0.08,51.550,-0.02,51.550,-0.02,51.550,0.02,51.550,-0.02
51.600,0.32,51.600,1.47,51.600,0.06,51.600,-0.02,51.600,-0.03,51.600,0.00,51.600,0.08,51.600,-0.01,51.600,-0.02,51.600,0.01,51.600,-0.02
51.650,0.37,51.650,0.62,51.650,0.05,51.650,-0.02,51.650,-0.03,51.650,0.00,51.650,0.08,51.650,-0.03,51.650,-0.01,51.650,0.01,51.650,-0.02
51.700,0.42,51.700,0.06,51.700,0.04,51.700,-0.03,51.700,-0.03,51.700,-0.01,51.700,0.07,51.700,-0.03,51.700,-0.02,51.700,0.01,51.700,-0.02
51.750,0.45,51.750,-0.01,51.750,0.04,51.750,-0.02,51.750,-0.04,51.750,-0.01,51.750,0.08,51.750,-0.03,51.750,-0.02,51.750,0.01,51.750,-0.03
51.800,0.54,51.800,-0.03,51.800,0.06,51.800,-0.02,51.800,-0.04,51.800,-0.01,51.800,0.07,51.800,-0.02,51.800,-0.01,51.800,0.01,51.800,-0.02
51.850,0.61,51.850,-0.02,51.850,0.06,51.850,-0.03,51.850,-0.04,51.850,0.00,51.850,0.07,51.850,-0.02,51.850,-0.01,51.850,0.02,51.850,-0.02
51.900,0.53,51.900,0.00,51.900,0.05,51.900,-0.04,51.900,-0.04,51.900,-0.01,51.900,0.07,51.900,-0.01,51.900,-0.01,51.900,0.01,51.900,-0.02
51.950,0.40,51.950,-0.01,51.950,0.06,51.950,-0.03,51.950,-0.03,51.950,-0.01,51.950,0.07,51.950,-0.01,51.950,-0.02,51.950,0.01,51.950,-0.01
52.000,0.59,52.000,-0.01,52.000,0.06,52.000,-0.03,52.000,-0.03,52.000,-0.01,52.000,0.07,52.000,-0.02,52.000,-0.02,52.000,0.02,52.000,-0.02
52.050,0.66,52.050,-0.01,52.050,0.06,52.050,-0.03,52.050,-0.04,52.050,-0.01,52.050,0.07,52.050,-0.02,52.050,-0.01,52.050,0.02,52.050,-0.02
52.100,0.56,52.100,-0.02,52.100,0.06,52.100,-0.03,52.100,-0.04,52.100,-0.01,52.100,0.07,52.100,-0.01,52.100,-0.02,52.100,0.01,52.100,-0.03
52.150,0.46,52.150,-0.02,52.150,0.06,52.150,-0.04,52.150,-0.04,52.150,-0.01,52.150,0.08,52.150,-0.02,52.150,-0.03,52.150,0.00,52.150,-0.03
52.200,0.45,52.200,-0.01,52.200,0.05,52.200,-0.04,,,,,52.200,0.08,52.200,-0.02,52.200,-0.03,52.200,0.01,52.200,-0.03
52.250,0.48,52.250,-0.01,52.250,0.06,52.250,-0.03,,,,,52.250,0.07,52.250,-0.03,52.250,-0.02,52.250,0.00,52.250,-0.03
52.300,0.55,52.300,-0.01,52.300,0.05,52.300,-0.03,,,,,52.300,0.07,52.300,-0.04,52.300,-0.02,52.300,0.02,52.300,-0.02
52.350,0.61,52.350,-0.02,52.350,0.05,52.350,-0.04,,,,,52.350,0.07,52.350,-0.03,52.350,-0.02,52.350,0.02,52.350,-0.02
52.400,0.53,52.400,-0.02,52.400,0.05,52.400,-0.03,,,,,52.400,0.07,52.400,-0.02,52.400,-0.02,52.400,0.02,52.400,-0.02
52.450,0.46,52.450,-0.01,52.450,0.04,52.450,-0.03,,,,,52.450,0.08,52.450,-0.02,52.450,-0.02,52.450,0.01,52.450,-0.02
52.500,0.31,52.500,-0.01,52.500,0.04,52.500,-0.03,,,,,52.500,0.08,52.500,-0.03,52.500,-0.03,52.500,0.01,52.500,-0.01
52.550,0.23,52.550,-0.03,52.550,0.04,52.550,-0.04,,,,,52.550,0.07,52.550,-0.03,52.550,-0.02,52.550,0.02,52.550,-0.02
52.600,0.19,52.600,-0.01,52.600,0.05,52.600,-0.03,,,,,52.600,0.08,52.600,-0.03,52.600,-0.02,52.600,0.02,52.600,-0.02
52.650,0.25,52.650,-0.01,52.650,0.06,52.650,-0.03,,,,,52.650,0.07,52.650,-0.02,52.650,-0.02,52.650,0.01,52.650,-0.02
52.700,0.07,52.700,-0.01,52.700,0.05,52.700,-0.03,,,,,52.700,0.07,52.700,-0.02,52.700,-0.02,52.700,0.02,52.700,-0.02
52.750,0.11,52.750,-0.02,52.750,0.05,52.750,-0.03,,,,,52.750,0.08,52.750,-0.03,52.750,-0.02,52.750,0.01,52.750,0.00
52.800,0.03,52.800,-0.02,52.800,0.05,52.800,-0.03,,,,,52.800,0.07,52.800,-0.03,52.800,-0.02,52.800,0.01,52.800,0.00
52.850,0.04,52.850,-0.01,52.850,0.05,52.850,-0.03,,,,,52.850,0.08,52.850,-0.02,52.850,-0.02,52.850,0.01,52.850,-0.01
52.900,0.03,52.900,-0.01,52.900,0.06,52.900,-0.03,,,,,52.900,0.06,52.900,-0.03,52.900,-0.02,52.900,0.02,52.900,-0.01
52.950,0.03,52.950,0.00,52.950,0.06,52.950,-0.04,,,,,52.950,0.07,52.950,-0.02,52.950,-0.02,52.950,0.01,52.950,-0.01
53.000,0.03,53.000,-0.01,53.000,0.06,53.000,-0.04,,,,,53.000,0.07,53.000,-0.01,53.000,-0.02,53.000,0.01,53.000,-0.01
53.050,0.03,53.050,-0.02,53.050,0.07,53.050,-0.04,,,,,53.050,0.07,53.050,-0.02,53.050,-0.01,53.050,0.01,53.050,-0.01
53.100,0.03,53.100,-0.01,53.100,0.07,53.100,-0.04,,,,,53.100,0.07,53.100,-0.02,53.100,-0.02,53.100,0.01,53.100,-0.02
53.150,0.02,53.150,-0.02,53.150,0.09,53.150,-0.04,,,,,53.150,0.07,53.150,-0.02,53.150,-0.02,53.150,0.01,53.150,-0.02
53.200,0.02,53.200,-0.02,53.200,0.10,53.200,-0.04,,,,,53.200,0.07,53.200,-0.02,53.200,-0.02,53.200,0.02,53.200,-0.02
53.250,0.02,53.250,-0.02,53.250,0.15,53.250,-0.04,,,,,53.250,0.07,53.250,-0.02,53.250,-0.03,53.250,0.01,53.250,-0.02
53.300,0.02,53.300,-0.02,53.300,0.20,53.300,-0.03,,,,,53.300,0.07,53.300,0.00,53.300,-0.03,53.300,0.02,53.300,-0.02
53.350,0.02,53.350,-0.01,53.350,0.24,53.350,-0.03,,,,,53.350,0.07,53.350,-0.01,53.350,-0.02,53.350,0.01,53.350,-0.03
53.400,0.02,53.400,-0.01,53.400,0.24,53.400,-0.03,,,,,53.400,0.08,53.400,-0.02,53.400,-0.02,53.400,0.01,53.400,-0.03
53.450,0.03,53.450,-0.02,53.450,0.25,53.450,-0.04,,,,,53.450,0.06,53.450,-0.01,53.450,-0.02,53.450,0.01,53.450,-0.02
53.500,0.02,53.500,-0.02,53.500,0.26,53.500,-0.02,,,,,53.500,0.05,53.500,-0.01,53.500,-0.02,53.500,0.01,53.500,-0.01
53.550,0.02,53.550,-0.02,53.550,0.26,53.550,-0.03,,,,,53.550,0.06,53.550,0.00,53.550,-0.01,53.550,0.01,53.550,-0.01
53.600,0.02,53.600,-0.02,53.600,0.27,53.600,-0.02,,,,,53.600,0.08,53.600,0.00,53.600,-0.01,53.600,0.01,53.600,-0.02
53.650,0.03,53.650,-0.02,53.650,0.26,53.650,-0.02,,,,,53.650,0.06,53.650,0.00,53.650,-0.01,53.650,0.01,53.650,-0.01
53.700,0.03,53.700,-0.02,53.700,0.25,53.700,-0.03,,,,,53.700,0.07,53.700,0.01,53.700,-0.01,53.700,0.00,53.700,-0.01
53.750,0.03,53.750,-0.02,53.750,0.25,53.750,-0.03,,,,,53.750,0.07,53.750,0.01,53.750,-0.02,53.750,0.01,53.750,-0.02
53.800,0.02,53.800,-0.02,53.800,0.26,53.800,-0.03,,,,,53.800,0.07,53.800,0.02,53.800,-0.02,53.800,0.02,53.800,-0.02
53.850,0.02,53.850,-0.03,53.850,0.27,53.850,-0.02,,,,,53.850,0.07,53.850,0.03,53.850,-0.03,53.850,0.01,53.850,-0.02
53.900,0.03,53.900,-0.01,53.900,0.25,53.900,-0.02,,,,,53.900,0.07,53.900,0.04,53.900,-0.02,53.900,0.02,53.900,-0.02
53.950,0.04,53.950,-0.02,53.950,0.25,53.950,-0.02,,,,,53.950,0.08,53.950,0.07,53.950,-0.02,53.950,0.02,53.950,-0.01
54.000,0.04,54.000,-0.01,54.000,0.25,54.000,-0.02,,,,,54.000,0.07,54.000,0.11,54.000,-0.02,54.000,0.03,54.000,-0.01
54.050,0.08,54.050,-0.02,54.050,0.27,54.050,-0.02,,,,,54.050,0.07,54.050,0.29,54.050,-0.02,54.050,0.02,54.050,-0.02
54.100,0.34,54.100,-0.01,54.100,0.35,54.100,-0.02,,,,,54.100,0.07,54.100,0.65,54.100,-0.03,54.100,0.02,54.100,-0.01
54.150,1.42,54.150,-0.02,54.150,0.59,54.150,-0.03,,,,,54.150,0.07,54.150,1.10,54.150,-0.02,54.150,0.02,54.150,-0.01
54.200,1.60,54.200,-0.01,54.200,0.87,54.200,-0.02,,,,,54.200,0.08,54.200,0.33,54.200,-0.02,54.200,0.01,54.200,0.00
54.250,1.02,54.250,0.00,54.250,1.10,54.250,-0.02,,,,,54.250,0.08,54.250,0.04,54.250,-0.02,54.250,0.02,54.250,-0.01
54.300,0.04,54.300,0.00,54.300,1.21,54.300,-0.03,,,,,54.300,0.06,54.300,-0.01,54.300,-0.02,54.300,0.02,54.300,-0.01
54.350,0.01,54.350,-0.01,54.350,0.19,54.350,-0.02,,,,,54.350,0.06,54.350,-0.05,54.350,-0.02,54.350,0.01,54.350,-0.01
54.400,-0.02,54.400,-0.02,54.400,0.03,54.400,-0.03,,,,,54.400,0.06,54.400,-0.05,54.400,-0.02,54.400,0.01,54.400,-0.01
54.450,-0.03,54.450,-0.02,54.450,-0.05,54.450,-0.03,,,,,54.450,0.08,54.450,-0.05,54.450,-0.02,54.450,0.02,54.450,-0.02
54.500,-0.01,54.500,-0.02,54.500,-0.06,54.500,-0.04,,,,,54.500,0.08,54.500,-0.03,54.500,-0.02,54.500,0.02,54.500,-0.02
54.550,0.00,54.550,-0.02,54.550,-0.06,54.550,-0.03,,,,,54.550,0.06,54.550,-0.02,54.550,-0.02,54.550,0.03,54.550,-0.02
54.600,0.01,54.600,-0.02,54.600,-0.04,54.600,-0.04,,,,,54.600,0.06,54.600,-0.02,54.600,-0.02,54.600,0.02,54.600,-0.02
54.650,0.01,54.650,-0.02,54.650,-0.04,54.650,-0.03,,,,,54.650,0.07,54.650,-0.03,54.650,-0.02,54.650,0.03,54.650,-0.03
54.700,-0.01,54.700,-0.01,54.700,-0.04,54.700,-0.02,,,,,54.700,0.07,54.700,-0.04,54.700,-0.01,54.700,0.02,54.700,-0.04
54.750,-0.01,54.750,-0.02,54.750,-0.03,54.750,-0.02,,,,,54.750,0.07,54.750,-0.03,54.750,-0.03,54.750,0.02,54.750,-0.04
54.800,-0.01,54.800,-0.03,54.800,-0.02,54.800,-0.03,,,,,54.800,0.06,54.800,-0.03,54.800,-0.02,54.800,0.01,54.800,-0.02
54.850,0.00,54.850,-0.02,54.850,-0.03,54.850,-0.02,,,,,54.850,0.07,54.850,-0.03,54.850,-0.02,54.850,0.02,54.850,-0.03
54.900,-0.01,54.900,-0.02,54.900,-0.02,54.900,-0.02,,,,,54.900,0.07,54.900,-0.04,54.900,0.00,54.900,0.01,54.900,-0.04
54.950,-0.01,54.950,-0.02,54.950,-0.03,54.950,-0.02,,,,,54.950,0.07,54.950,-0.04,54.950,-0.01,54.950,0.01,54.950,-0.04
55.000,-0.02,55.000,-0.01,55.000,-0.04,55.000,-0.02,,,,,55.000,0.06,55.000,-0.04,55.000,-0.01,55.000,0.01,55.000,-0.04
55.050,-0.02,55.050,-0.01,55.050,-0.03,55.050,-0.03,,,,,55.050,0.06,55.050,-0.03,55.050,-0.01,55.050,0.01,55.050,-0.03
55.100,-0.01,55.100,-0.02,55.100,-0.02,55.100,-0.03,,,,,55.100,0.06,55.100,-0.03,55.100,-0.01,55.100,0.02,55.100,-0.03
55.150,-0.01,55.150,-0.01,55.150,-0.02,55.150,-0.02,,,,,55.150,0.06,55.150,-0.03,55.150,-0.01,55.150,0.02,55.150,-0.02
55.200,-0.02,55.200,-0.02,55.200,-0.03,55.200,-0.04,,,,,55.200,0.06,55.200,-0.03,55.200,-0.02,55.200,0.00,55.200,-0.03
55.250,0.01,55.250,-0.02,55.250,-0.04,55.250,-0.03,,,,,55.250,0.07,55.250,-0.02,55.250,-0.01,55.250,0.01,55.250,-0.02
55.300,-0.01,55.300,-0.01,55.300,-0.03,55.300,-0.03,,,,,55.300,0.06,55.300,-0.02,55.300,-0.01,55.300,0.00,55.300,-0.03
55.350,0.00,55.350,-0.01,55.350,-0.03,55.350,-0.03,,,,,55.350,0.07,55.350,-0.02,55.350,-0.01,55.350,0.00,55.350,-0.03
55.400,-0.01,55.400,-0.01,55.400,-0.02,55.400,-0.03,,,,,55.400,0.06,55.400,-0.02,55.400,-0.02,55.400,0.01,55.400,-0.03
55.450,-0.01,55.450,0.00,55.450,-0.02,55.450,-0.02,,,,,55.450,0.06,55.450,-0.02,55.450,-0.02,55.450,0.00,55.450,-0.04
55.500,-0.01,55.500,-0.01,55.500,-0.03,55.500,-0.03,,,,,55.500,0.06,55.500,-0.02,55.500,-0.01,55.500,0.00,55.500,-0.03
55.550,-0.02,55.550,0.00,55.550,-0.03,55.550,-0.02,,,,,55.550,0.07,55.550,-0.01,55.550,-0.02,55.550,0.00,55.550,-0.03
55.600,-0.02,55.600,0.00,55.600,-0.02,55.600,-0.03,,,,,55.600,0.07,55.600,-0.01,55.600,-0.02,55.600,-0.01,55.600,-0.03
55.650,-0.01,55.650,-0.01,55.650,-0.01,55.650,-0.03,,,,,55.650,0.08,55.650,-0.01,55.650,-0.02,55.650,-0.01,55.650,-0.03
55.700,-0.01,55.700,-0.02,55.700,-0.01,55.700,-0.03,,,,,55.700,0.09,55.700,-0.01,55.700,-0.02,55.700,-0.01,55.700,-0.03
55.750,0.00,55.750,-0.01,55.750,0.01,55.750,-0.02,,,,,55.750,0.09,55.750,-0.01,55.750,-0.01,55.750,-0.01,55.750,-0.03
55.800,0.00,55.800,-0.01,55.800,0.01,55.800,-0.02,,,,,55.800,0.12,55.800,-0.02,55.800,-0.01,55.800,-0.02,55.800,-0.04
55.850,0.00,55.850,-0.01,55.850,0.01,55.850,-0.03,,,,,55.850,0.14,55.850,-0.01,55.850,-0.01,55.850,-0.01,55.850,-0.02
55.900,0.02,55.900,0.00,55.900,0.03,55.900,-0.03,,,,,55.900,0.15,55.900,-0.02,55.900,-0.01,55.900,-0.01,55.900,-0.01
55.950,0.03,55.950,-0.01,55.950,0.04,55.950,-0.03,,,,,55.950,0.21,55.950,-0.01,55.950,-0.01,55.950,0.00,55.950,-0.03
56.000,0.04,56.000,-0.01,56.000,0.02,56.000,-0.03,,,,,56.000,0.27,56.000,-0.01,56.000,-0.01,56.000,0.00,56.000,-0.02
56.050,0.03,56.050,0.00,56.050,0.04,56.050,-0.04,,,,,56.050,0.33,56.050,-0.02,56.050,-0.02,56.050,0.01,56.050,-0.02
56.100,0.04,56.100,0.00,56.100,0.05,56.100,-0.03,,,,,56.100,0.41,56.100,-0.03,56.100,-0.03,56.100,0.00,56.100,-0.01
56.150,0.04,56.150,0.00,56.150,0.05,56.150,-0.02,,,,,56.150,0.51,56.150,-0.02,56.150,-0.02,56.150,0.00,56.150,0.01
56.200,0.03,56.200,0.01,56.200,0.05,56.200,-0.02,,,,,56.200,0.74,56.200,-0.02,56.200,-0.01,56.200,0.00,56.200,0.00
56.250,0.02,56.250,0.02,56.250,0.05,56.250,-0.03,,,,,56.250,1.19,56.250,-0.04,56.250,-0.01,56.250,0.00,56.250,0.01
56.300,0.04,56.300,0.02,56.300,0.04,56.300,-0.02,,,,,56.300,1.65,56.300,-0.03,56.300,-0.01,56.300,0.00,56.300,0.01
56.350,0.05,56.350,0.01,56.350,0.04,56.350,-0.03,,,,,56.350,0.11,56.350,-0.03,56.350,-0.01,56.350,-0.01,56.350,0.01
56.400,0.06,56.400,0.02,56.400,0.03,56.400,-0.03,,,,,56.400,0.05,56.400,-0.02,56.400,-0.01,56.400,-0.01,56.400,0.03
56.450,0.05,56.450,0.02,56.450,0.03,56.450,-0.03,,,,,56.450,-0.02,56.450,-0.03,56.450,-0.01,56.450,-0.01,56.450,0.04
56.500,0.05,56.500,0.02,56.500,0.03,56.500,-0.03,,,,,56.500,-0.02,56.500,-0.02,56.500,-0.01,56.500,-0.01,56.500,0.05
56.550,0.05,56.550,0.02,56.550,0.04,56.550,-0.03,,,,,56.550,-0.02,56.550,-0.03,56.550,0.00,56.550,-0.01,56.550,0.06
56.600,0.06,56.600,0.01,56.600,0.04,56.600,-0.02,,,,,56.600,-0.02,56.600,-0.04,56.600,-0.01,56.600,0.00,56.600,0.06
56.650,0.05,56.650,0.02,56.650,0.04,56.650,-0.01,,,,,56.650,-0.04,56.650,-0.04,56.650,-0.01,56.650,-0.01,56.650,0.05
56.700,0.06,56.700,0.03,56.700,0.04,56.700,-0.02,,,,,56.700,-0.03,56.700,-0.03,56.700,0.00,56.700,-0.01,56.700,0.05
56.750,0.06,56.750,0.05,56.750,0.04,56.750,-0.02,,,,,56.750,-0.03,56.750,-0.03,56.750,0.00,56.750,0.00,56.750,0.05
56.800,0.07,56.800,0.07,56.800,0.05,56.800,-0.02,,,,,56.800,-0.02,56.800,-0.02,56.800,-0.01,56.800,0.00,56.800,0.07
56.850,0.06,56.850,0.10,56.850,0.04,56.850,-0.03,,,,,56.850,-0.02,56.850,-0.03,56.850,-0.01,56.850,0.00,56.850,0.05
56.900,0.06,56.900,0.19,56.900,0.04,56.900,-0.03,,,,,56.900,-0.03,56.900,-0.02,56.900,-0.01,56.900,0.00,56.900,0.06
56.950,0.06,56.950,0.40,56.950,0.04,56.950,-0.03,,,,,56.950,-0.02,56.950,-0.03,56.950,-0.01,56.950,-0.01,56.950,0.08
57.000,0.06,57.000,0.84,57.000,0.04,57.000,-0.02,,,,,57.000,-0.02,57.000,-0.03,57.000,-0.02,57.000,-0.01,57.000,0.07
57.050,0.06,57.050,1.23,57.050,0.05,57.050,-0.03,,,,,57.050,-0.02,57.050,-0.03,57.050,-0.01,57.050,-0.01,57.050,0.07
57.100,0.05,57.100,1.42,57.100,0.05,57.100,-0.02,,,,,57.100,-0.03,57.100,-0.03,57.100,-0.01,57.100,-0.01,57.100,0.14
57.150,0.05,57.150,1.48,57.150,0.05,57.150,-0.03,,,,,57.150,-0.03,57.150,-0.03,57.150,-0.02,57.150,-0.01,57.150,0.19
57.200,0.05,57.200,1.62,57.200,0.05,57.200,-0.03,,,,,57.200,-0.02,57.200,-0.04,57.200,-0.02,57.200,-0.01,57.200,0.06
57.250,0.05,57.250,1.69,57.250,0.06,57.250,-0.03,,,,,57.250,-0.02,57.250,-0.04,57.250,0.00,57.250,0.00,57.250,0.03
57.300,0.04,57.300,0.07,57.300,0.05,57.300,-0.04,,,,,57.300,-0.03,57.300,-0.03,57.300,-0.02,57.300,0.00,57.300,-0.03
57.350,0.06,57.350,0.04,57.350,0.05,57.350,-0.03,,,,,57.350,-0.01,57.350,-0.03,57.350,-0.01,57.350,0.00,57.350,-0.03
57.400,0.05,57.400,-0.03,57.400,0.06,57.400,-0.04,,,,,57.400,-0.01,57.400,-0.03,57.400,0.00,57.400,-0.01,57.400,-0.01
57.450,0.05,57.450,-0.03,57.450,0.06,57.450,-0.03,,,,,57.450,-0.02,57.450,-0.04,57.450,-0.01,57.450,-0.01,57.450,-0.03
57.500,0.06,57.500,-0.02,57.500,0.08,57.500,-0.03,,,,,57.500,-0.01,57.500,-0.04,57.500,-0.02,57.500,0.00,57.500,-0.03
57.550,0.06,57.550,-0.01,57.550,0.07,57.550,-0.04,,,,,57.550,-0.02,57.550,-0.03,57.550,-0.02,57.550,0.00,57.550,-0.03
57.600,0.07,57.600,-0.01,57.600,0.09,57.600,-0.04,,,,,57.600,-0.02,57.600,-0.02,57.600,-0.01,57.600,0.00,57.600,-0.03
57.650,0.07,57.650,-0.02,57.650,0.11,57.650,-0.04,,,,,57.650,-0.02,57.650,-0.04,57.650,-0.02,57.650,-0.01,57.650,-0.03
57.700,0.12,57.700,-0.01,57.700,0.17,57.700,-0.05,,,,,57.700,-0.02,57.700,-0.03,57.700,-0.01,57.700,0.00,57.700,-0.02
57.750,0.29,57.750,-0.01,57.750,0.23,57.750,-0.04,,,,,57.750,-0.03,57.750,-0.03,57.750,-0.02,57.750,0.00,57.750,-0.02
57.800,0.38,57.800,-0.01,57.800,0.45,57.800,-0.04,,,,,57.800,-0.03,57.800,-0.04,57.800,-0.01,57.800,0.00,57.800,-0.02
57.850,0.42,57.850,-0.01,57.850,0.84,57.850,-0.05,,,,,57.850,-0.02,57.850,-0.04,57.850,-0.02,57.850,0.01,57.850,-0.03
57.900,0.51,57.900,-0.01,57.900,0.85,57.900,-0.04,,,,,57.900,-0.02,57.900,-0.03,57.900,-0.02,57.900,0.01,57.900,-0.03
57.950,0.56,57.950,-0.02,57.950,0.02,57.950,-0.03,,,,,57.950,-0.02,57.950,-0.03,57.950,-0.02,57.950,0.01,57.950,-0.04
58.000,0.57,58.000,-0.02,58.000,-0.03,58.000,-0.03,,,,,58.000,-0.02,58.000,-0.03,58.000,-0.02,58.000,0.00,58.000,-0.03
58.050,0.60,58.050,-0.02,58.050,-0.06,58.050,-0.03,,,,,58.050,-0.02,58.050,-0.02,58.050,-0.02,58.050,0.00,58.050,-0.03
58.100,0.59,58.100,-0.02,58.100,-0.06,58.100,-0.04,,,,,58.100,-0.02,58.100,-0.03,58.100,-0.01,58.100,-0.01,58.100,-0.02
58.150,0.71,58.150,-0.02,58.150,-0.04,58.150,-0.03,,,,,58.150,-0.02,58.150,-0.02,58.150,-0.02,58.150,0.01,58.150,-0.02
58.200,0.76,58.200,-0.02,58.200,-0.04,58.200,-0.04,,,,,58.200,-0.01,58.200,-0.04,58.200,-0.02,58.200,0.01,58.200,-0.02
58.250,0.69,58.250,-0.02,58.250,-0.04,58.250,-0.04,,,,,58.250,-0.02,58.250,-0.02,58.250,-0.01,58.250,0.00,58.250,-0.02
58.300,0.59,58.300,-0.02,58.300,-0.03,58.300,-0.03,,,,,58.300,-0.03,58.300,-0.03,58.300,-0.01,58.300,0.01,58.300,-0.02
58.350,0.50,58.350,-0.01,58.350,-0.03,58.350,-0.04,,,,,58.350,-0.04,58.350,-0.02,58.350,-0.02,58.350,0.00,58.350,-0.03
58.400,0.55,58.400,-0.02,58.400,-0.03,58.400,-0.04,,,,,58.400,-0.03,58.400,-0.02,58.400,-0.02,58.400,0.00,58.400,-0.03
58.450,0.50,58.450,-0.02,58.450,-0.03,58.450,-0.03,,,,,58.450,-0.03,58.450,-0.03,58.450,-0.02,58.450,0.01,58.450,-0.03
58.500,0.56,58.500,-0.01,58.500,-0.02,58.500,-0.03,,,,,58.500,-0.03,58.500,-0.03,58.500,-0.03,58.500,0.00,58.500,-0.03
58.550,0.60,58.550,-0.01,58.550,-0.02,58.550,-0.03,,,,,58.550,-0.03,58.550,-0.02,58.550,-0.02,58.550,0.00,58.550,-0.03
58.600,0.60,58.600,-0.01,58.600,-0.02,58.600,-0.04,,,,,58.600,-0.04,58.600,-0.02,58.600,-0.02,58.600,0.00,58.600,-0.03
58.650,0.55,58.650,-0.01,58.650,-0.02,58.650,-0.04,,,,,58.650,-0.03,58.650,-0.03,58.650,-0.02,58.650,0.00,58.650,-0.03
58.700,0.46,58.700,-0.02,58.700,-0.02,58.700,-0.03,,,,,58.700,-0.02,58.700,-0.03,58.700,-0.04,58.700,0.02,58.700,-0.02
58.750,0.41,58.750,-0.02,58.750,-0.02,58.750,-0.03,,,,,58.750,-0.02,58.750,-0.02,58.750,-0.01,58.750,0.01,58.750,-0.02
58.800,0.45,58.800,-0.02,58.800,-0.03,58.800,-0.04,,,,,58.800,-0.02,58.800,-0.02,58.800,-0.01,58.800,0.01,58.800,-0.02
58.850,0.41,58.850,-0.02,58.850,-0.02,58.850,-0.03,,,,,58.850,-0.03,58.850,-0.02,58.850,-0.02,58.850,0.03,58.850,-0.02
58.900,0.46,58.900,-0.01,58.900,-0.02,58.900,-0.04,,,,,58.900,-0.02,58.900,-0.01,58.900,-0.02,58.900,0.02,58.900,-0.03
58.950,0.48,58.950,-0.03,58.950,-0.03,58.950,-0.04,,,,,58.950,-0.02,58.950,-0.02,58.950,0.00,58.950,0.01,58.950,-0.03
59.000,0.46,59.000,-0.03,59.000,-0.02,59.000,-0.04,,,,,59.000,-0.02,59.000,-0.02,59.000,-0.01,59.000,0.00,59.000,-0.03
59.050,0.39,59.050,-0.02,59.050,-0.02,59.050,-0.04,,,,,59.050,-0.02,59.050,-0.02,59.050,-0.01,59.050,0.01,59.050,-0.02
59.100,0.35,59.100,-0.02,59.100,-0.03,59.100,-0.04,,,,,59.100,-0.03,59.100,-0.01,59.100,-0.01,59.100,0.01,59.100,-0.02
59.150,0.31,59.150,-0.03,59.150,-0.02,59.150,-0.04,,,,,59.150,-0.02,59.150,-0.02,59.150,-0.02,59.150,0.00,59.150,-0.02
59.200,0.28,59.200,-0.02,59.200,-0.03,59.200,-0.04,,,,,59.200,-0.04,59.200,-0.02,59.200,-0.02,59.200,-0.01,59.200,-0.03
59.250,0.29,59.250,-0.02,59.250,-0.02,59.250,-0.04,,,,,59.250,-0.02,59.250,-0.02,59.250,-0.01,59.250,-0.01,59.250,-0.03
59.300,0.27,59.300,-0.02,59.300,-0.02,59.300,-0.03,,,,,59.300,-0.03,59.300,-0.01,59.300,-0.01,59.300,-0.01,59.300,-0.02
59.350,0.26,59.350,-0.02,59.350,-0.02,59.350,-0.03,,,,,59.350,-0.03,59.350,-0.01,59.350,-0.01,59.350,0.00,59.350,-0.02
59.400,0.25,59.400,-0.02,59.400,-0.02,59.400,-0.04,,,,,59.400,-0.03,59.400,-0.02,59.400,-0.01,59.400,0.00,59.400,-0.02
59.450,0.21,59.450,-0.01,59.450,-0.03,59.450,-0.03,,,,,59.450,-0.03,59.450,-0.03,59.450,-0.01,59.450,0.01,59.450,-0.02
59.500,0.24,59.500,-0.01,59.500,-0.02,59.500,-0.02,,,,,59.500,-0.02,59.500,-0.03,59.500,-0.02,59.500,0.00,59.500,-0.02
59.550,0.22,59.550,0.00,59.550,-0.01,59.550,-0.02,,,,,59.550,-0.03,59.550,-0.02,59.550,-0.02,59.550,0.00,59.550,-0.02
59.600,0.21,59.600,-0.01,59.600,-0.01,59.600,-0.03,,,,,59.600,-0.03,59.600,-0.01,59.600,-0.02,59.600,0.01,59.600,-0.02
59.650,0.19,59.650,0.00,59.650,-0.02,59.650,-0.02,,,,,59.650,-0.02,59.650,-0.01,59.650,-0.02,59.650,0.00,59.650,-0.02
59.700,0.19,59.700,-0.01,59.700,-0.02,59.700,-0.02,,,,,59.700,0.00,59.700,-0.02,59.700,-0.03,59.700,0.00,59.700,-0.02
59.750,0.20,59.750,0.00,59.750,-0.01,59.750,-0.02,,,,,59.750,0.00,59.750,-0.03,59.750,-0.02,59.750,0.01,59.750,-0.02
59.800,0.18,59.800,0.00,59.800,-0.01,59.800,0.00,,,,,59.800,0.01,59.800,-0.01,59.800,-0.02,59.800,0.00,59.800,-0.02
59.850,0.15,59.850,0.00,59.850,-0.02,59.850,-0.02,,,,,59.850,-0.01,59.850,-0.02,59.850,-0.02,59.850,0.01,59.850,-0.02
59.900,0.10,59.900,-0.02,59.900,-0.02,59.900,-0.02,,,,,59.900,0.00,59.900,-0.01,59.900,-0.03,59.900,0.01,59.900,-0.03
59.950,0.09,59.950,-0.02,59.950,-0.01,59.950,-0.02,,,,,59.950,-0.01,59.950,-0.02,59.950,-0.01,59.950,0.01,59.950,-0.03
60.000,0.07,60.000,-0.01,60.000,-0.01,60.000,-0.02,,,,,60.000,0.00,60.000,-0.02,60.000,-0.02,60.000,0.01,60.000,-0.03
60.050,0.05,60.050,-0.01,60.050,-0.01,60.050,-0.01,,,,,60.050,0.00,60.050,-0.02,60.050,-0.02,60.050,0.00,60.050,-0.04
60.100,0.05,60.100,-0.01,60.100,-0.02,60.100,-0.02,,,,,60.100,0.01,60.100,-0.01,60.100,-0.02,60.100,0.01,60.100,-0.02
60.150,0.05,60.150,-0.01,60.150,-0.02,60.150,-0.02,,,,,60.150,0.01,60.150,-0.01,60.150,-0.01,60.150,0.00,60.150,-0.03
60.200,0.04,60.200,-0.01,60.200,-0.02,60.200,-0.02,,,,,60.200,0.01,60.200,-0.02,60.200,-0.02,60.200,0.00,60.200,-0.03
60.250,0.04,60.250,0.00,60.250,-0.01,60.250,-0.03,,,,,60.250,0.01,60.250,-0.01,60.250,-0.03,60.250,0.01,60.250,-0.02
60.300,0.03,60.300,0.00,60.300,-0.02,60.300,-0.03,,,,,60.300,0.00,60.300,-0.02,,,60.300,0.01,60.300,-0.03
60.350,0.04,60.350,0.01,60.350,-0.01,60.350,-0.02,,,,,60.350,0.00,60.350,-0.02,,,60.350,0.00,60.350,-0.03
60.400,0.05,60.400,0.00,60.400,-0.01,60.400,-0.02,,,,,60.400,0.00,60.400,-0.01,,,60.400,0.01,60.400,-0.04
60.450,0.04,60.450,0.00,60.450,-0.02,60.450,-0.02,,,,,60.450,0.00,60.450,0.00,,,60.450,0.00,60.450,-0.03
60.500,0.03,60.500,0.00,60.500,-0.02,60.500,-0.02,,,,,60.500,0.01,60.500,0.00,,,60.500,0.01,60.500,-0.02
60.550,0.04,60.550,0.00,60.550,-0.02,60.550,-0.02,,,,,60.550,0.01,60.550,0.00,,,60.550,0.00,60.550,-0.02
60.600,0.04,60.600,0.01,60.600,-0.02,60.600,-0.03,,,,,60.600,0.01,60.600,0.00,,,60.600,0.00,60.600,-0.02
60.650,0.04,60.650,0.00,60.650,-0.02,60.650,-0.03,,,,,60.650,0.00,60.650,0.01,,,60.650,0.00,60.650,-0.02
60.700,0.04,60.700,0.00,60.700,-0.03,60.700,-0.04,,,,,60.700,0.00,60.700,0.00,,,60.700,0.00,60.700,-0.01
60.750,0.04,60.750,-0.01,60.750,-0.03,60.750,-0.04,,,,,60.750,0.00,60.750,0.00,,,60.750,0.00,60.750,-0.02
60.800,0.04,60.800,-0.01,60.800,-0.03,60.800,-0.03,,,,,60.800,0.01,60.800,0.01,,,60.800,0.00,60.800,-0.03
60.850,0.03,60.850,0.00,60.850,-0.02,60.850,-0.04,,,,,60.850,0.00,60.850,0.00,,,60.850,0.00,60.850,-0.03
60.900,0.04,60.900,0.00,60.900,-0.01,60.900,-0.04,,,,,60.900,0.00,60.900,0.01,,,60.900,-0.01,60.900,-0.04
60.950,0.05,60.950,-0.01,60.950,-0.01,60.950,-0.04,,,,,60.950,0.01,60.950,0.01,,,60.950,-0.01,60.950,-0.04
61.000,0.05,61.000,0.00,61.000,-0.01,61.000,-0.03,,,,,61.000,0.01,61.000,-0.01,,,61.000,-0.01,61.000,-0.04
61.050,0.04,61.050,0.00,61.050,-0.02,61.050,-0.05,,,,,61.050,0.01,61.050,0.00,,,61.050,0.00,61.050,-0.03
61.100,0.05,61.100,0.01,61.100,-0.01,61.100,-0.05,,,,,61.100,0.01,61.100,0.00,,,61.100,0.00,61.100,-0.03
61.150,0.04,61.150,0.00,61.150,-0.01,61.150,-0.04,,,,,61.150,0.00,61.150,0.00,,,61.150,-0.01,61.150,-0.03
61.200,0.05,61.200,0.01,61.200,-0.02,61.200,-0.03,,,,,61.200,0.01,61.200,0.00,,,61.200,0.00,61.200,-0.03
61.250,0.05,61.250,-0.01,61.250,-0.01,61.250,-0.03,,,,,61.250,0.00,61.250,0.00,,,61.250,-0.01,61.250,-0.01
61.300,0.06,61.300,0.01,61.300,-0.02,61.300,-0.04,,,,,61.300,0.01,61.300,0.00,,,61.300,-0.01,61.300,-0.01
61.350,0.06,61.350,0.02,61.350,-0.02,61.350,-0.03,,,,,61.350,0.01,61.350,0.00,,,61.350,-0.01,61.350,0.00
61.400,0.06,61.400,0.03,61.400,-0.01,61.400,-0.03,,,,,61.400,0.00,61.400,-0.01,,,61.400,0.00,61.400,0.00
61.450,0.06,61.450,0.03,61.450,-0.01,61.450,-0.03,,,,,61.450,0.00,61.450,-0.01,,,61.450,0.00,61.450,0.01
61.500,0.07,61.500,0.04,61.500,-0.02,61.500,-0.03,,,,,61.500,0.00,61.500,0.00,,,61.500,0.00,61.500,0.02
61.550,0.08,61.550,0.05,61.550,-0.02,61.550,-0.02,,,,,61.550,0.00,61.550,0.00,,,61.550,-0.01,61.550,0.02
61.600,0.11,61.600,0.05,61.600,-0.02,61.600,-0.02,,,,,61.600,0.01,61.600,0.01,,,61.600,-0.01,61.600,0.04
61.650,0.14,61.650,0.06,61.650,-0.02,61.650,-0.03,,,,,61.650,0.00,61.650,0.00,,,61.650,0.00,61.650,0.05
61.700,0.11,61.700,0.08,61.700,-0.01,61.700,-0.03,,,,,61.700,0.00,61.700,0.01,,,61.700,0.00,61.700,0.07
61.750,0.09,61.750,0.12,61.750,-0.02,61.750,-0.03,,,,,61.750,0.00,61.750,0.00,,,61.750,-0.01,61.750,0.10
61.800,0.09,61.800,0.17,61.800,-0.02,61.800,-0.02,,,,,61.800,0.00,61.800,0.00,,,61.800,0.00,61.800,0.11
61.850,0.10,61.850,0.27,61.850,-0.02,61.850,-0.03,,,,,61.850,0.00,61.850,0.00,,,61.850,0.01,61.850,0.14
61.900,0.09,61.900,0.56,61.900,-0.01,61.900,-0.03,,,,,61.900,0.00,61.900,0.00,,,61.900,0.00,61.900,0.16
61.950,0.07,61.950,1.03,61.950,-0.01,61.950,-0.03,,,,,61.950,0.00,61.950,0.00,,,61.950,0.00,61.950,0.15
62.000,0.07,62.000,1.59,62.000,-0.03,62.000,-0.03,,,,,62.000,0.01,62.000,0.00,,,62.000,0.01,62.000,0.14
62.050,0.04,62.050,0.19,62.050,-0.02,62.050,-0.03,,,,,62.050,0.00,62.050,0.00,,,62.050,0.02,62.050,0.15
62.100,0.04,62.100,0.04,62.100,-0.01,62.100,-0.04,,,,,62.100,0.01,62.100,0.01,,,62.100,0.01,62.100,0.16
62.150,0.04,62.150,-0.04,62.150,-0.02,62.150,-0.04,,,,,62.150,0.00,62.150,0.01,,,62.150,-0.01,62.150,0.16
62.200,0.03,62.200,-0.04,62.200,-0.01,62.200,-0.02,,,,,62.200,0.00,62.200,0.01,,,62.200,0.01,62.200,0.15
62.250,0.04,62.250,-0.02,62.250,-0.02,62.250,-0.04,,,,,62.250,0.00,62.250,0.01,,,62.250,0.00,62.250,0.13
62.300,0.06,62.300,-0.02,62.300,-0.02,62.300,-0.02,,,,,62.300,0.01,62.300,0.01,,,62.300,0.00,62.300,0.13
62.350,0.06,62.350,-0.01,62.350,-0.02,62.350,-0.03,,,,,62.350,0.00,62.350,0.01,,,62.350,-0.01,62.350,0.12
62.400,0.07,62.400,-0.01,62.400,-0.01,62.400,-0.02,,,,,62.400,0.00,62.400,0.02,,,62.400,0.00,62.400,0.12
62.450,0.09,62.450,-0.01,62.450,-0.02,62.450,-0.03,,,,,62.450,0.00,62.450,0.02,,,62.450,-0.01,62.450,0.13
62.500,0.10,62.500,-0.01,62.500,-0.02,62.500,-0.03,,,,,62.500,0.00,62.500,0.02,,,62.500,0.01,62.500,0.11
62.550,0.10,62.550,-0.01,62.550,-0.02,62.550,-0.03,,,,,62.550,0.00,62.550,0.02,,,62.550,-0.01,62.550,0.11
62.600,0.11,62.600,-0.02,62.600,-0.02,62.600,-0.03,,,,,62.600,0.00,62.600,0.02,,,62.600,0.00,62.600,0.12
62.650,0.16,62.650,-0.02,62.650,-0.02,62.650,-0.04,,,,,62.650,0.00,62.650,0.01,,,62.650,0.00,62.650,0.12
62.700,0.05,62.700,-0.01,62.700,-0.01,62.700,-0.03,,,,,62.700,0.00,62.700,0.01,,,62.700,0.00,62.700,0.11
62.750,0.22,62.750,-0.01,62.750,-0.02,62.750,-0.02,,,,,62.750,-0.01,62.750,0.01,,,62.750,0.01,62.750,0.12
62.800,0.14,62.800,-0.02,62.800,-0.02,62.800,-0.02,,,,,62.800,0.01,62.800,0.02,,,62.800,0.00,62.800,0.13
62.850,0.11,62.850,-0.01,62.850,-0.03,62.850,-0.01,,,,,62.850,0.01,62.850,0.02,,,62.850,0.00,62.850,0.13
62.900,0.11,62.900,-0.02,62.900,-0.02,62.900,-0.02,,,,,62.900,0.00,62.900,0.03,,,62.900,-0.01,62.900,0.12
62.950,0.10,62.950,-0.02,62.950,-0.03,62.950,-0.02,,,,,62.950,0.00,62.950,0.03,,,62.950,0.00,62.950,0.11
63.000,0.10,63.000,-0.01,63.000,-0.02,63.000,-0.03,,,,,63.000,0.00,63.000,0.03,,,63.000,0.00,63.000,0.12
63.050,0.12,63.050,-0.02,63.050,-0.02,63.050,-0.03,,,,,63.050,0.00,63.050,0.03,,,63.050,0.00,63.050,0.11
63.100,0.16,63.100,-0.02,63.100,-0.02,63.100,-0.03,,,,,63.100,-0.01,63.100,0.04,,,63.100,0.01,63.100,0.12
63.150,0.18,63.150,-0.02,63.150,-0.02,63.150,-0.02,,,,,63.150,0.00,63.150,0.02,,,63.150,0.00,63.150,0.13
63.200,0.11,63.200,-0.01,63.200,-0.03,63.200,-0.03,,,,,63.200,-0.01,63.200,0.04,,,63.200,0.02,63.200,0.14
63.250,0.09,63.250,-0.01,63.250,-0.04,63.250,-0.02,,,,,63.250,-0.01,63.250,0.03,,,63.250,0.02,63.250,0.15
63.300,0.14,63.300,0.00,63.300,-0.03,63.300,-0.02,,,,,63.300,0.00,63.300,0.04,,,63.300,0.01,63.300,0.15
63.350,0.13,63.350,-0.02,63.350,-0.03,63.350,-0.03,,,,,63.350,-0.02,63.350,0.04,,,63.350,0.01,63.350,0.14
63.400,0.12,63.400,-0.02,63.400,-0.03,63.400,-0.02,,,,,63.400,-0.01,63.400,0.05,,,63.400,0.01,63.400,0.16
63.450,0.11,63.450,-0.01,63.450,-0.03,63.450,-0.02,,,,,63.450,-0.01,63.450,0.06,,,63.450,0.01,63.450,0.19
63.500,0.16,63.500,-0.03,63.500,-0.04,63.500,-0.03,,,,,63.500,-0.01,63.500,0.08,,,63.500,0.01,63.500,0.13
63.550,0.16,63.550,-0.02,63.550,-0.03,63.550,-0.03,,,,,63.550,-0.01,63.550,0.13,,,63.550,0.01,63.550,0.03
63.600,0.25,63.600,-0.02,63.600,-0.02,63.600,-0.02,,,,,63.600,-0.01,63.600,0.22,,,63.600,0.01,63.600,-0.02
63.650,0.21,63.650,-0.03,63.650,-0.03,63.650,-0.02,,,,,63.650,-0.01,63.650,0.32,,,63.650,-0.01,63.650,-0.04
63.700,0.20,63.700,-0.02,63.700,-0.04,63.700,-0.02,,,,,63.700,0.00,63.700,0.58,,,63.700,0.00,63.700,-0.02
63.750,0.15,63.750,-0.02,63.750,-0.03,63.750,-0.02,,,,,63.750,-0.01,63.750,0.96,,,63.750,0.00,63.750,-0.02
63.800,0.15,63.800,-0.03,63.800,-0.03,63.800,-0.02,,,,,63.800,0.00,63.800,0.87,,,63.800,0.00,63.800,-0.02
63.850,0.24,63.850,-0.03,63.850,-0.04,63.850,-0.03,,,,,63.850,0.01,63.850,0.07,,,63.850,0.01,63.850,-0.02
63.900,0.29,63.900,-0.01,63.900,-0.03,63.900,-0.02,,,,,63.900,0.00,63.900,0.02,,,63.900,0.00,63.900,-0.02
63.950,0.37,63.950,-0.02,63.950,-0.03,63.950,-0.01,,,,,63.950,0.00,63.950,-0.04,,,63.950,0.00,63.950,-0.02
64.000,0.43,64.000,-0.02,,,64.000,-0.02,,,,,64.000,0.00,64.000,-0.04,,,64.000,0.00,64.000,-0.03
64.050,0.63,64.050,-0.03,,,64.050,-0.02,,,,,64.050,0.01,64.050,-0.05,,,64.050,0.01,64.050,-0.02
64.100,0.57,64.100,-0.03,,,64.100,-0.02,,,,,64.100,0.01,64.100,-0.03,,,64.100,0.00,64.100,-0.03
64.150,0.36,64.150,-0.03,,,64.150,-0.02,,,,,64.150,0.00,64.150,-0.04,,,64.150,-0.01,64.150,-0.03
64.200,0.34,64.200,-0.03,,,64.200,-0.01,,,,,64.200,0.01,64.200,-0.03,,,64.200,-0.01,64.200,-0.03
64.250,0.29,64.250,-0.03,,,64.250,-0.02,,,,,64.250,0.00,64.250,-0.03,,,64.250,-0.01,64.250,-0.02
64.300,0.25,64.300,-0.02,,,64.300,-0.02,,,,,64.300,0.00,64.300,-0.03,,,64.300,-0.01,64.300,-0.03
64.350,0.21,64.350,-0.01,,,64.350,-0.01,,,,,64.350,0.00,64.350,-0.03,,,64.350,-0.01,64.350,-0.03
64.400,0.24,64.400,-0.01,,,64.400,-0.02,,,,,64.400,0.00,64.400,-0.02,,,64.400,-0.01,64.400,-0.03
64.450,0.27,64.450,-0.02,,,64.450,-0.02,,,,,64.450,-0.01,64.450,-0.03,,,64.450,-0.01,64.450,-0.02
64.500,0.31,64.500,-0.02,,,64.500,-0.02,,,,,64.500,0.00,64.500,-0.02,,,64.500,0.00,64.500,-0.03
64.550,0.37,64.550,-0.01,,,64.550,-0.03,,,,,64.550,0.01,64.550,-0.01,,,64.550,-0.01,64.550,-0.02
64.600,0.30,64.600,-0.02,,,64.600,-0.02,,,,,64.600,0.00,64.600,-0.02,,,64.600,0.00,64.600,-0.03
64.650,0.28,64.650,-0.01,,,64.650,-0.02,,,,,64.650,0.00,64.650,-0.02,,,64.650,0.00,64.650,-0.02
64.700,0.27,64.700,-0.01,,,64.700,-0.03,,,,,64.700,0.01,64.700,-0.03,,,64.700,0.01,64.700,-0.03
64.750,0.21,64.750,-0.01,,,64.750,-0.03,,,,,64.750,0.01,64.750,-0.03,,,64.750,-0.01,64.750,-0.03
64.800,0.17,64.800,-0.03,,,64.800,-0.03,,,,,64.800,0.02,64.800,-0.02,,,64.800,0.01,64.800,-0.02
64.850,0.20,64.850,-0.01,,,64.850,-0.02,,,,,64.850,0.02,64.850,-0.03,,,64.850,0.00,64.850,-0.02
64.900,0.16,64.900,-0.02,,,64.900,-0.02,,,,,64.900,0.02,64.900,-0.03,,,64.900,0.00,64.900,-0.02
64.950,0.12,64.950,-0.02,,,64.950,-0.01,,,,,64.950,0.03,64.950,-0.02,,,64.950,0.00,64.950,-0.01
65.000,0.11,65.000,-0.01,,,65.000,-0.02,,,,,65.000,0.03,65.000,-0.02,,,65.000,0.00,65.000,-0.01
65.050,0.14,65.050,-0.01,,,65.050,-0.03,,,,,65.050,0.02,65.050,-0.03,,,65.050,-0.01,65.050,-0.01
65.100,0.14,65.100,-0.01,,,65.100,-0.02,,,,,65.100,0.02,65.100,-0.03,,,65.100,0.00,65.100,-0.01
65.150,0.16,65.150,0.00,,,65.150,-0.03,,,,,65.150,0.02,65.150,-0.03,,,65.150,-0.02,65.150,-0.02
65.200,0.16,65.200,-0.02,,,65.200,-0.03,,,,,65.200,0.02,65.200,-0.03,,,65.200,-0.01,65.200,-0.01
65.250,0.16,65.250,0.00,,,65.250,-0.02,,,,,65.250,0.03,65.250,-0.03,,,65.250,-0.01,65.250,-0.02
65.300,0.14,65.300,-0.01,,,65.300,-0.02,,,,,65.300,0.03,65.300,-0.04,,,65.300,-0.01,65.300,-0.01
65.350,0.13,65.350,-0.01,,,65.350,-0.02,,,,,65.350,0.02,65.350,-0.03,,,65.350,-0.01,65.350,-0.01
65.400,0.10,65.400,-0.01,,,65.400,-0.02,,,,,65.400,0.03,65.400,-0.04,,,65.400,-0.01,65.400,-0.02
65.450,0.10,65.450,-0.01,,,65.450,-0.03,,,,,65.450,0.04,65.450,-0.03,,,65.450,-0.01,65.450,-0.01
65.500,0.12,65.500,0.00,,,65.500,-0.02,,,,,65.500,0.04,65.500,-0.03,,,65.500,-0.01,65.500,-0.02
65.550,0.10,65.550,-0.01,,,65.550,-0.03,,,,,65.550,0.05,65.550,-0.03,,,65.550,-0.01,65.550,-0.02
65.600,0.09,65.600,-0.01,,,65.600,-0.03,,,,,65.600,0.05,65.600,-0.03,,,65.600,0.00,65.600,-0.02
65.650,0.09,65.650,0.00,,,65.650,-0.02,,,,,65.650,0.06,65.650,-0.03,,,65.650,-0.01,65.650,-0.03
65.700,0.09,65.700,-0.02,,,65.700,-0.03,,,,,65.700,0.06,65.700,-0.03,,,65.700,-0.01,65.700,-0.03
65.750,0.09,65.750,-0.02,,,65.750,-0.03,,,,,65.750,0.08,65.750,-0.03,,,65.750,-0.02,65.750,-0.02
65.800,0.08,65.800,-0.01,,,65.800,-0.03,,,,,65.800,0.09,65.800,-0.04,,,65.800,-0.01,65.800,-0.03
65.850,0.07,65.850,-0.02,,,65.850,-0.04,,,,,65.850,0.12,65.850,-0.04,,,65.850,0.00,65.850,-0.02
65.900,0.07,65.900,-0.02,,,65.900,-0.03,,,,,65.900,0.13,65.900,-0.03,,,65.900,-0.01,65.900,-0.02
65.950,0.07,65.950,-0.02,,,65.950,-0.02,,,,,65.950,0.17,65.950,-0.03,,,65.950,0.00,65.950,-0.02
66.000,0.07,66.000,-0.01,,,66.000,-0.02,,,,,66.000,0.23,66.000,-0.03,,,66.000,0.01,66.000,-0.03
66.050,0.07,66.050,-0.02,,,66.050,-0.03,,,,,66.050,0.29,66.050,-0.03,,,66.050,0.00,66.050,-0.02
66.100,0.06,66.100,-0.02,,,66.100,-0.03,,,,,66.100,0.42,66.100,-0.03,,,66.100,0.01,66.100,-0.02
66.150,0.06,66.150,-0.02,,,66.150,-0.02,,,,,66.150,0.63,66.150,-0.04,,,66.150,0.00,66.150,-0.01
66.200,0.07,66.200,-0.01,,,66.200,-0.02,,,,,66.200,0.83,66.200,-0.03,,,66.200,0.01,66.200,-0.03
66.250,0.06,66.250,-0.01,,,66.250,-0.03,,,,,66.250,1.02,66.250,-0.02,,,66.250,0.01,66.250,-0.03
66.300,0.05,66.300,-0.01,,,66.300,-0.02,,,,,66.300,1.23,66.300,-0.04,,,66.300,0.01,66.300,-0.03
66.350,0.04,66.350,0.00,,,66.350,-0.02,,,,,66.350,1.31,66.350,-0.03,,,66.350,0.00,66.350,-0.04
66.400,0.04,66.400,-0.01,,,66.400,-0.03,,,,,66.400,1.31,66.400,-0.04,,,66.400,0.01,66.400,-0.03
66.450,0.04,66.450,-0.01,,,66.450,-0.02,,,,,66.450,1.41,66.450,-0.04,,,66.450,0.00,66.450,-0.03
66.500,0.05,66.500,0.00,,,66.500,-0.01,,,,,66.500,1.50,66.500,-0.04,,,66.500,0.00,66.500,-0.02
66.550,0.07,66.550,0.00,,,66.550,-0.03,,,,,66.550,1.63,66.550,-0.04,,,66.550,0.01,66.550,-0.02
66.600,0.09,66.600,0.00,,,66.600,-0.02,,,,,66.600,1.74,,,,,66.600,0.01,66.600,-0.03
66.650,0.11,66.650,0.00,,,66.650,-0.01,,,,,66.650,0.09,,,,,66.650,0.01,66.650,-0.02
66.700,0.15,66.700,-0.01,,,66.700,-0.03,,,,,66.700,0.04,,,,,66.700,0.01,66.700,-0.03
66.750,0.22,66.750,0.00,,,66.750,-0.03,,,,,66.750,-0.03,,,,,66.750,0.01,66.750,-0.02
66.800,0.31,66.800,0.01,,,66.800,-0.03,,,,,66.800,-0.03,,,,,66.800,0.00,66.800,-0.03
66.850,0.37,66.850,0.00,,,66.850,-0.03,,,,,66.850,-0.02,,,,,66.850,0.00,66.850,-0.02
66.900,0.32,66.900,0.00,,,66.900,-0.02,,,,,66.900,-0.02,,,,,66.900,0.00,66.900,-0.02
66.950,0.26,66.950,0.00,,,66.950,-0.02,,,,,66.950,-0.02,,,,,66.950,0.00,66.950,-0.02
67.000,0.22,67.000,0.01,,,67.000,-0.03,,,,,67.000,-0.03,,,,,67.000,-0.01,67.000,-0.03
67.050,0.19,67.050,0.00,,,67.050,-0.03,,,,,67.050,-0.03,,,,,67.050,-0.01,67.050,-0.02
67.100,0.14,67.100,0.02,,,67.100,-0.03,,,,,67.100,-0.02,,,,,67.100,-0.01,67.100,-0.02
67.150,0.15,67.150,0.02,,,67.150,-0.02,,,,,67.150,-0.03,,,,,67.150,-0.01,67.150,-0.02
67.200,0.16,67.200,0.01,,,67.200,-0.01,,,,,67.200,-0.03,,,,,67.200,-0.01,67.200,-0.02
67.250,0.17,67.250,0.00,,,67.250,-0.02,,,,,67.250,-0.04,,,,,67.250,-0.01,67.250,-0.02
67.300,0.26,67.300,0.01,,,67.300,-0.02,,,,,67.300,-0.03,,,,,67.300,-0.01,67.300,-0.01
67.350,0.42,67.350,0.01,,,67.350,-0.02,,,,,67.350,-0.03,,,,,67.350,0.00,67.350,-0.01
67.400,0.33,67.400,0.01,,,67.400,-0.03,,,,,67.400,-0.04,,,,,67.400,0.00,67.400,-0.02
67.450,0.56,67.450,0.01,,,67.450,-0.03,,,,,67.450,-0.04,,,,,67.450,-0.01,67.450,0.00
67.500,0.65,67.500,0.02,,,67.500,-0.02,,,,,67.500,-0.02,,,,,67.500,0.00,67.500,-0.01
67.550,0.56,67.550,0.01,,,67.550,-0.01,,,,,67.550,-0.03,,,,,67.550,0.00,67.550,0.00
67.600,0.53,67.600,0.01,,,67.600,-0.02,,,,,67.600,-0.03,,,,,67.600,0.00,67.600,0.01
67.650,0.24,67.650,0.01,,,67.650,-0.01,,,,,67.650,-0.03,,,,,67.650,0.01,67.650,0.01
67.700,0.06,67.700,-0.01,,,67.700,-0.01,,,,,67.700,-0.04,,,,,67.700,0.01,67.700,0.02
67.750,-0.01,67.750,0.00,,,67.750,-0.01,,,,,67.750,-0.04,,,,,67.750,0.00,67.750,0.01
67.800,-0.02,67.800,0.01,,,67.800,-0.01,,,,,67.800,-0.03,,,,,67.800,0.01,67.800,0.02
67.850,-0.01,67.850,0.00,,,67.850,-0.02,,,,,67.850,-0.03,,,,,67.850,0.00,67.850,0.02
67.900,-0.01,67.900,0.01,,,67.900,-0.02,,,,,67.900,-0.03,,,,,67.900,0.00,67.900,0.04
67.950,-0.01,67.950,0.01,,,67.950,-0.01,,,,,67.950,-0.02,,,,,67.950,-0.01,67.950,0.05
68.000,-0.01,68.000,0.01,,,68.000,-0.01,,,,,68.000,-0.03,,,,,68.000,0.00,68.000,0.08
68.050,0.00,68.050,0.01,,,68.050,-0.01,,,,,68.050,-0.03,,,,,68.050,-0.01,68.050,0.15
68.100,0.00,68.100,-0.01,,,68.100,-0.02,,,,,68.100,-0.02,,,,,68.100,-0.01,68.100,0.08
68.150,0.00,68.150,-0.01,,,68.150,-0.02,,,,,68.150,-0.02,,,,,68.150,0.00,68.150,0.03
68.200,-0.01,68.200,0.01,,,68.200,-0.02,,,,,68.200,-0.02,,,,,68.200,0.00,68.200,-0.03
68.250,-0.01,68.250,0.01,,,68.250,-0.03,,,,,68.250,-0.02,,,,,68.250,0.00,68.250,-0.04
68.300,-0.01,68.300,0.02,,,68.300,-0.03,,,,,68.300,-0.03,,,,,68.300,-0.01,68.300,-0.04
68.350,-0.02,68.350,0.02,,,68.350,-0.04,,,,,68.350,-0.02,,,,,68.350,0.00,68.350,-0.03
68.400,-0.01,68.400,0.02,,,68.400,-0.03,,,,,68.400,-0.03,,,,,68.400,0.00,68.400,-0.04
68.450,0.00,68.450,0.02,,,68.450,-0.03,,,,,68.450,-0.03,,,,,68.450,-0.01,68.450,-0.02
68.500,0.00,68.500,0.02,,,68.500,-0.02,,,,,68.500,-0.03,,,,,68.500,-0.01,68.500,-0.03
68.550,0.00,68.550,0.01,,,68.550,-0.02,,,,,68.550,-0.03,,,,,68.550,-0.01,68.550,-0.03
68.600,-0.01,68.600,0.01,,,68.600,-0.02,,,,,68.600,-0.03,,,,,68.600,-0.01,68.600,-0.04
68.650,-0.01,68.650,0.00,,,68.650,-0.02,,,,,68.650,-0.03,,,,,68.650,0.00,68.650,-0.03
68.700,0.00,68.700,0.01,,,68.700,-0.02,,,,,68.700,-0.03,,,,,68.700,0.00,68.700,-0.04
68.750,0.01,68.750,0.01,,,68.750,-0.02,,,,,68.750,-0.04,,,,,68.750,-0.01,68.750,-0.04
68.800,-0.01,68.800,0.03,,,68.800,-0.02,,,,,68.800,-0.03,,,,,68.800,-0.01,68.800,-0.05
68.850,0.00,68.850,0.03,,,68.850,-0.02,,,,,68.850,-0.03,,,,,68.850,0.00,68.850,-0.04
68.900,-0.01,68.900,0.03,,,68.900,-0.02,,,,,68.900,-0.02,,,,,68.900,-0.01,68.900,-0.04
68.950,-0.02,68.950,0.04,,,68.950,-0.03,,,,,68.950,-0.02,,,,,68.950,-0.01,68.950,-0.05
69.000,-0.01,69.000,0.05,,,69.000,-0.02,,,,,69.000,0.00,,,,,69.000,-0.02,69.000,-0.04
69.050,-0.01,69.050,0.04,,,69.050,-0.02,,,,,69.050,0.01,,,,,69.050,-0.01,69.050,-0.03
69.100,0.00,69.100,0.05,,,69.100,-0.02,,,,,69.100,0.00,,,,,69.100,-0.02,69.100,-0.04
69.150,0.00,69.150,0.06,,,69.150,-0.02,,,,,69.150,0.00,,,,,69.150,-0.01,69.150,-0.03
69.200,0.00,69.200,0.07,,,69.200,-0.02,,,,,69.200,-0.01,,,,,69.200,-0.01,69.200,-0.03
69.250,-0.01,69.250,0.07,,,69.250,-0.02,,,,,69.250,0.00,,,,,69.250,0.00,69.250,-0.02
69.300,0.00,69.300,0.09,,,69.300,-0.02,,,,,69.300,0.00,,,,,69.300,0.00,69.300,-0.02
69.350,0.00,69.350,0.11,,,69.350,-0.02,,,,,69.350,0.01,,,,,69.350,-0.01,69.350,-0.02
69.400,0.01,69.400,0.20,,,69.400,-0.02,,,,,69.400,0.01,,,,,69.400,-0.01,69.400,-0.03
69.450,0.00,69.450,0.31,,,69.450,-0.03,,,,,69.450,0.00,,,,,69.450,-0.01,69.450,-0.04
69.500,0.00,69.500,0.53,,,69.500,-0.03,,,,,69.500,0.00,,,,,69.500,-0.01,69.500,-0.04
69.550,0.00,69.550,0.92,,,69.550,-0.02,,,,,69.550,0.01,,,,,69.550,-0.01,69.550,-0.03
69.600,-0.01,69.600,1.20,,,69.600,-0.02,,,,,69.600,0.00,,,,,69.600,-0.01,69.600,-0.05
69.650,-0.02,69.650,1.51,,,69.650,-0.03,,,,,69.650,0.02,,,,,69.650,0.00,69.650,-0.03
69.700,-0.01,69.700,1.67,,,69.700,-0.02,,,,,69.700,0.01,,,,,69.700,0.00,69.700,-0.03
69.750,0.00,69.750,1.72,,,69.750,-0.03,,,,,69.750,0.01,,,,,69.750,0.00,69.750,-0.03
69.800,-0.01,69.800,1.70,,,69.800,-0.02,,,,,69.800,0.01,,,,,69.800,0.02,69.800,-0.02
69.850,-0.01,69.850,0.56,,,69.850,-0.03,,,,,69.850,-0.01,,,,,69.850,0.01,69.850,-0.02
69.900,-0.01,69.900,0.07,,,69.900,-0.02,,,,,69.900,0.00,,,,,69.900,0.00,69.900,-0.04
69.950,-0.02,69.950,0.02,,,69.950,-0.02,,,,,69.950,-0.02,,,,,69.950,0.00,69.950,-0.04
70.000,-0.01,70.000,-0.02,,,70.000,-0.03,,,,,70.000,-0.01,,,,,70.000,0.01,70.000,-0.03
70.050,-0.01,70.050,-0.02,,,70.050,-0.03,,,,,70.050,0.00,,,,,70.050,0.01,70.050,-0.02
70.100,-0.01,70.100,-0.02,,,70.100,-0.03,,,,,70.100,-0.01,,,,,70.100,0.00,70.100,-0.01
70.150,0.00,70.150,-0.02,,,70.150,-0.04,,,,,70.150,0.00,,,,,70.150,0.00,70.150,-0.02
70.200,-0.01,70.200,-0.02,,,70.200,-0.02,,,,,70.200,0.00,,,,,70.200,0.00,70.200,-0.02
70.250,0.00,70.250,-0.02,,,70.250,-0.03,,,,,70.250,-0.01,,,,,70.250,0.00,70.250,-0.02
70.300,-0.01,70.300,-0.02,,,70.300,-0.03,,,,,70.300,-0.01,,,,,70.300,-0.01,70.300,-0.02
70.350,-0.01,70.350,-0.03,,,70.350,-0.03,,,,,70.350,-0.01,,,,,70.350,-0.01,70.350,-0.02
70.400,-0.01,70.400,-0.02,,,70.400,-0.03,,,,,70.400,-0.01,,,,,70.400,-0.01,70.400,-0.02
70.450,-0.01,70.450,-0.03,,,70.450,-0.04,,,,,70.450,0.00,,,,,70.450,-0.01,70.450,-0.02
70.500,-0.01,70.500,-0.01,,,70.500,-0.02,,,,,70.500,-0.02,,,,,70.500,-0.01,70.500,-0.03
70.550,-0.01,70.550,-0.01,,,70.550,-0.03,,,,,70.550,-0.01,,,,,70.550,-0.01,70.550,-0.01
70.600,-0.01,70.600,-0.02,,,70.600,-0.03,,,,,70.600,0.00,,,,,70.600,-0.01,70.600,-0.02
70.650,-0.01,70.650,-0.02,,,70.650,-0.03,,,,,70.650,-0.01,,,,,70.650,0.00,70.650,-0.02
70.700,0.00,70.700,-0.01,,,70.700,-0.03,,,,,70.700,-0.01,,,,,70.700,-0.01,70.700,-0.03
70.750,-0.01,70.750,-0.02,,,70.750,-0.03,,,,,70.750,-0.01,,,,,70.750,-0.01,70.750,-0.03
70.800,0.01,70.800,-0.02,,,70.800,-0.02,,,,,70.800,-0.01,,,,,70.800,-0.01,70.800,-0.04
70.850,-0.01,70.850,-0.02,,,70.850,-0.02,,,,,70.850,-0.01,,,,,70.850,-0.01,70.850,-0.03
70.900,-0.01,70.900,-0.02,,,70.900,-0.03,,,,,70.900,-0.01,,,,,70.900,-0.01,70.900,-0.03
70.950,0.00,70.950,-0.01,,,70.950,-0.03,,,,,70.950,-0.02,,,,,70.950,-0.02,70.950,-0.03
71.000,-0.01,71.000,-0.02,,,71.000,-0.03,,,,,71.000,-0.01,,,,,71.000,-0.02,71.000,-0.02
71.050,-0.01,71.050,-0.01,,,71.050,-0.03,,,,,71.050,-0.01,,,,,71.050,-0.02,71.050,-0.03
71.100,-0.01,71.100,-0.01,,,71.100,-0.02,,,,,71.100,-0.01,,,,,71.100,-0.01,71.100,-0.02
71.150,-0.01,71.150,-0.03,,,71.150,-0.02,,,,,71.150,-0.01,,,,,71.150,0.00,71.150,-0.03
71.200,-0.01,71.200,-0.03,,,71.200,-0.02,,,,,71.200,0.00,,,,,71.200,0.00,71.200,-0.04
71.250,-0.01,71.250,-0.02,,,71.250,-0.03,,,,,71.250,0.00,,,,,71.250,-0.01,71.250,-0.03
71.300,-0.01,71.300,-0.01,,,71.300,-0.02,,,,,71.300,-0.01,,,,,71.300,-0.01,71.300,-0.03
71.350,0.00,71.350,-0.01,,,71.350,-0.02,,,,,71.350,-0.02,,,,,71.350,0.00,71.350,-0.03
71.400,0.00,71.400,-0.03,,,71.400,-0.03,,,,,71.400,-0.02,,,,,71.400,0.00,71.400,-0.04
71.450,0.01,71.450,-0.02,,,71.450,-0.03,,,,,71.450,-0.02,,,,,71.450,0.00,71.450,-0.04
71.500,0.00,71.500,-0.02,,,71.500,-0.02,,,,,71.500,-0.01,,,,,71.500,0.00,71.500,-0.04
71.550,0.01,71.550,-0.02,,,71.550,-0.03,,,,,71.550,-0.01,,,,,71.550,0.00,71.550,-0.03
71.600,0.00,71.600,0.00,,,71.600,-0.02,,,,,71.600,-0.01,,,,,71.600,0.00,71.600,-0.05
71.650,-0.01,71.650,-0.01,,,71.650,-0.02,,,,,71.650,-0.01,,,,,71.650,0.00,71.650,-0.03
71.700,0.00,71.700,-0.01,,,71.700,-0.02,,,,,71.700,-0.01,,,,,71.700,-0.01,,
71.750,0.00,71.750,-0.01,,,71.750,-0.02,,,,,71.750,-0.01,,,,,71.750,-0.01,,
71.800,-0.01,71.800,-0.01,,,71.800,-0.02,,,,,71.800,0.00,,,,,71.800,-0.01,,
71.850,-0.01,71.850,-0.02,,,71.850,-0.03,,,,,71.850,-0.01,,,,,71.850,-0.01,,
71.900,-0.01,71.900,-0.01,,,71.900,-0.02,,,,,71.900,-0.01,,,,,71.900,-0.01,,
71.950,0.01,71.950,-0.02,,,71.950,-0.02,,,,,71.950,0.00,,,,,71.950,-0.01,,
72.000,0.01,72.000,-0.01,,,72.000,-0.02,,,,,72.000,0.00,,,,,72.000,-0.01,,
72.050,0.01,72.050,-0.02,,,72.050,-0.03,,,,,72.050,-0.02,,,,,72.050,-0.01,,
72.100,0.01,72.100,-0.01,,,72.100,-0.02,,,,,72.100,-0.01,,,,,72.100,-0.01,,
72.150,-0.01,72.150,-0.01,,,72.150,-0.03,,,,,72.150,-0.02,,,,,72.150,-0.01,,
72.200,0.00,72.200,-0.01,,,72.200,-0.04,,,,,72.200,-0.01,,,,,72.200,-0.02,,
72.250,-0.01,72.250,-0.01,,,72.250,-0.03,,,,,72.250,-0.01,,,,,72.250,-0.02,,
72.300,-0.01,72.300,0.00,,,72.300,-0.02,,,,,72.300,0.00,,,,,72.300,-0.01,,
72.350,-0.01,72.350,0.00,,,72.350,-0.02,,,,,72.350,-0.02,,,,,72.350,-0.01,,
72.400,-0.01,72.400,0.00,,,72.400,-0.02,,,,,72.400,-0.02,,,,,72.400,-0.01,,
72.450,-0.01,72.450,0.00,,,72.450,-0.03,,,,,72.450,-0.01,,,,,72.450,-0.01,,
72.500,-0.01,72.500,0.01,,,72.500,-0.03,,,,,72.500,0.00,,,,,72.500,-0.01,,
72.550,0.00,72.550,-0.01,,,72.550,-0.02,,,,,72.550,-0.01,,,,,72.550,-0.01,,
72.600,-0.01,72.600,0.00,,,72.600,-0.02,,,,,72.600,0.00,,,,,72.600,-0.01,,
72.650,0.00,72.650,-0.01,,,72.650,-0.02,,,,,72.650,0.00,,,,,72.650,-0.01,,
72.700,-0.01,72.700,-0.02,,,72.700,-0.02,,,,,72.700,0.00,,,,,72.700,-0.01,,
72.750,0.00,72.750,-0.02,,,72.750,-0.01,,,,,72.750,0.00,,,,,72.750,-0.02,,
72.800,0.00,72.800,-0.02,,,72.800,-0.02,,,,,72.800,-0.01,,,,,72.800,-0.01,,
72.850,-0.01,72.850,-0.02,,,72.850,-0.01,,,,,72.850,-0.01,,,,,72.850,-0.02,,
72.900,0.00,72.900,-0.02,,,72.900,-0.01,,,,,72.900,-0.02,,,,,72.900,-0.01,,
72.950,0.00,72.950,-0.02,,,72.950,-0.01,,,,,72.950,0.00,,,,,72.950,0.01,,
73.000,0.00,73.000,-0.01,,,73.000,-0.01,,,,,73.000,0.00,,,,,73.000,0.00,,
73.050,0.01,73.050,-0.01,,,73.050,-0.03,,,,,73.050,0.00,,,,,73.050,-0.01,,
73.100,-0.01,73.100,-0.01,,,73.100,-0.02,,,,,73.100,0.00,,,,,73.100,-0.01,,
73.150,0.00,73.150,-0.01,,,73.150,-0.01,,,,,73.150,-0.01,,,,,73.150,-0.01,,
73.200,0.00,73.200,-0.01,,,73.200,-0.02,,,,,73.200,-0.01,,,,,73.200,-0.01,,
73.250,0.01,73.250,-0.02,,,73.250,-0.01,,,,,73.250,0.00,,,,,73.250,-0.01,,
73.300,-0.01,73.300,-0.01,,,73.300,-0.02,,,,,73.300,0.00,,,,,73.300,-0.01,,
73.350,-0.01,73.350,-0.02,,,73.350,-0.02,,,,,73.350,0.01,,,,,73.350,-0.01,,
73.400,-0.01,73.400,-0.01,,,73.400,-0.02,,,,,73.400,0.00,,,,,73.400,-0.01,,
73.450,-0.02,73.450,0.00,,,73.450,-0.03,,,,,73.450,0.00,,,,,73.450,-0.01,,
73.500,-0.01,73.500,-0.01,,,73.500,-0.02,,,,,73.500,0.01,,,,,73.500,0.00,,
73.550,-0.01,73.550,0.00,,,73.550,-0.03,,,,,73.550,0.02,,,,,73.550,-0.01,,
73.600,0.00,73.600,-0.01,,,73.600,-0.03,,,,,73.600,0.01,,,,,73.600,-0.01,,
73.650,-0.01,73.650,0.00,,,73.650,-0.02,,,,,73.650,0.01,,,,,73.650,-0.01,,
73.700,-0.01,73.700,-0.01,,,73.700,-0.02,,,,,73.700,0.01,,,,,73.700,-0.01,,
73.750,-0.01,73.750,0.01,,,73.750,-0.02,,,,,73.750,0.01,,,,,73.750,-0.02,,
73.800,0.00,73.800,0.01,,,73.800,-0.02,,,,,73.800,0.02,,,,,73.800,-0.02,,
73.850,-0.01,73.850,0.00,,,73.850,-0.02,,,,,73.850,0.00,,,,,73.850,-0.02,,
73.900,0.00,73.900,0.00,,,73.900,-0.02,,,,,73.900,0.02,,,,,73.900,-0.01,,
73.950,0.00,73.950,0.00,,,73.950,-0.01,,,,,73.950,0.02,,,,,73.950,-0.01,,
74.000,0.01,74.000,-0.02,,,74.000,-0.02,,,,,74.000,0.02,,,,,74.000,-0.01,,
74.050,-0.01,74.050,-0.01,,,74.050,-0.02,,,,,74.050,0.02,,,,,74.050,-0.01,,
74.100,0.00,74.100,-0.01,,,74.100,-0.01,,,,,74.100,0.01,,,,,74.100,-0.02,,
74.150,0.00,74.150,-0.01,,,74.150,-0.03,,,,,74.150,0.01,,,,,74.150,-0.01,,
74.200,0.01,74.200,-0.02,,,74.200,-0.02,,,,,74.200,0.01,,,,,74.200,-0.01,,
74.250,0.01,74.250,-0.01,,,74.250,-0.01,,,,,74.250,0.02,,,,,74.250,-0.01,,
74.300,0.01,74.300,-0.01,,,74.300,-0.01,,,,,74.300,0.02,,,,,74.300,-0.01,,
74.350,0.00,74.350,-0.01,,,74.350,-0.02,,,,,74.350,0.02,,,,,74.350,-0.01,,
74.400,0.00,74.400,-0.01,,,74.400,-0.01,,,,,74.400,0.03,,,,,74.400,0.00,,
74.450,0.00,74.450,-0.01,,,74.450,-0.02,,,,,74.450,0.03,,,,,74.450,0.00,,
74.500,0.00,74.500,-0.01,,,74.500,-0.03,,,,,74.500,0.03,,,,,74.500,0.00,,
74.550,0.00,74.550,-0.01,,,74.550,-0.04,,,,,74.550,0.04,,,,,74.550,-0.01,,
74.600,0.00,74.600,-0.01,,,74.600,-0.04,,,,,74.600,0.05,,,,,74.600,-0.01,,
74.650,-0.01,74.650,-0.01,,,74.650,-0.04,,,,,74.650,0.05,,,,,74.650,-0.01,,
74.700,0.01,74.700,0.00,,,74.700,-0.03,,,,,74.700,0.06,,,,,74.700,0.00,,
74.750,0.01,74.750,0.01,,,74.750,-0.03,,,,,74.750,0.07,,,,,74.750,-0.01,,
74.800,0.00,74.800,0.01,,,74.800,-0.04,,,,,74.800,0.06,,,,,74.800,-0.01,,
74.850,0.00,74.850,0.00,,,74.850,-0.05,,,,,74.850,0.06,,,,,74.850,-0.01,,
74.900,0.00,74.900,0.01,,,74.900,-0.05,,,,,74.900,0.06,,,,,74.900,-0.02,,
74.950,-0.01,74.950,0.01,,,74.950,-0.04,,,,,74.950,0.06,,,,,74.950,-0.02,,
75.000,0.00,75.000,0.02,,,75.000,-0.04,,,,,75.000,0.08,,,,,75.000,-0.03,,
75.050,0.00,75.050,0.03,,,75.050,-0.04,,,,,75.050,0.08,,,,,75.050,-0.01,,
75.100,0.01,75.100,0.03,,,75.100,-0.04,,,,,75.100,0.08,,,,,75.100,-0.01,,
75.150,0.01,75.150,0.03,,,75.150,-0.05,,,,,75.150,0.08,,,,,75.150,-0.01,,
75.200,0.01,75.200,0.05,,,75.200,-0.04,,,,,75.200,0.08,,,,,75.200,-0.01,,
75.250,0.01,75.250,0.04,,,75.250,-0.04,,,,,75.250,0.08,,,,,75.250,0.00,,
75.300,0.01,75.300,0.05,,,75.300,-0.04,,,,,75.300,0.07,,,,,75.300,-0.01,,
75.350,0.02,75.350,0.06,,,75.350,-0.04,,,,,75.350,0.08,,,,,75.350,-0.01,,
75.400,0.03,75.400,0.10,,,75.400,-0.05,,,,,75.400,0.07,,,,,75.400,-0.01,,
75.450,0.02,75.450,0.19,,,75.450,-0.03,,,,,75.450,0.09,,,,,75.450,-0.01,,
75.500,0.02,75.500,0.38,,,75.500,-0.04,,,,,75.500,0.08,,,,,75.500,0.00,,
75.550,0.02,75.550,0.92,,,75.550,-0.04,,,,,75.550,0.10,,,,,75.550,-0.01,,
75.600,0.02,75.600,1.39,,,75.600,-0.04,,,,,75.600,0.11,,,,,75.600,-0.01,,
75.650,0.02,75.650,1.62,,,75.650,-0.04,,,,,75.650,0.15,,,,,75.650,-0.01,,
75.700,0.02,75.700,0.06,,,75.700,-0.04,,,,,75.700,0.20,,,,,75.700,-0.01,,
75.750,0.04,75.750,0.04,,,75.750,-0.03,,,,,75.750,0.26,,,,,75.750,-0.02,,
75.800,0.01,75.800,-0.03,,,75.800,-0.05,,,,,75.800,0.35,,,,,75.800,-0.01,,
75.850,0.02,75.850,-0.03,,,75.850,-0.05,,,,,75.850,0.55,,,,,75.850,-0.01,,
75.900,0.03,75.900,-0.03,,,75.900,-0.05,,,,,75.900,0.73,,,,,75.900,-0.01,,
75.950,0.02,75.950,-0.01,,,75.950,-0.04,,,,,75.950,0.87,,,,,75.950,-0.01,,
76.000,0.01,76.000,-0.02,,,76.000,-0.04,,,,,76.000,0.98,,,,,76.000,0.00,,
76.050,0.02,76.050,-0.01,,,76.050,-0.04,,,,,76.050,1.04,,,,,76.050,-0.01,,
76.100,0.03,76.100,-0.01,,,76.100,-0.04,,,,,76.100,1.14,,,,,76.100,0.00,,
76.150,0.03,76.150,-0.01,,,76.150,-0.04,,,,,76.150,1.25,,,,,76.150,0.00,,
76.200,0.02,76.200,-0.02,,,76.200,-0.04,,,,,76.200,1.36,,,,,76.200,-0.01,,
76.250,0.02,76.250,-0.02,,,76.250,-0.04,,,,,76.250,1.28,,,,,76.250,-0.01,,
76.300,0.03,76.300,-0.02,,,76.300,-0.04,,,,,76.300,1.03,,,,,76.300,0.00,,
76.350,0.02,76.350,-0.03,,,76.350,-0.04,,,,,76.350,0.87,,,,,76.350,0.00,,
76.400,0.02,76.400,-0.02,,,76.400,-0.05,,,,,76.400,0.79,,,,,76.400,0.00,,
76.450,0.02,76.450,-0.03,,,76.450,-0.05,,,,,76.450,0.81,,,,,76.450,0.00,,
76.500,0.01,76.500,-0.02,,,76.500,-0.04,,,,,76.500,0.79,,,,,76.500,0.01,,
76.550,0.02,76.550,-0.02,,,76.550,-0.04,,,,,76.550,0.81,,,,,76.550,-0.01,,
76.600,0.02,76.600,-0.02,,,76.600,-0.04,,,,,76.600,0.82,,,,,76.600,0.00,,
76.650,0.02,76.650,-0.01,,,76.650,-0.03,,,,,76.650,0.81,,,,,76.650,0.01,,
76.700,0.02,76.700,-0.01,,,76.700,-0.04,,,,,76.700,0.81,,,,,76.700,0.00,,
76.750,0.02,76.750,-0.02,,,76.750,-0.05,,,,,76.750,0.79,,,,,76.750,0.01,,
76.800,0.01,76.800,-0.01,,,76.800,-0.05,,,,,76.800,0.78,,,,,76.800,0.00,,
76.850,0.01,76.850,-0.02,,,76.850,-0.05,,,,,76.850,0.75,,,,,76.850,0.00,,
76.900,0.02,76.900,-0.03,,,76.900,-0.04,,,,,76.900,0.71,,,,,76.900,0.00,,
76.950,0.01,76.950,-0.03,,,76.950,-0.04,,,,,76.950,0.72,,,,,76.950,0.00,,
77.000,0.02,77.000,-0.02,,,77.000,-0.04,,,,,77.000,0.73,,,,,77.000,0.00,,
77.050,0.02,77.050,-0.02,,,77.050,-0.02,,,,,77.050,0.71,,,,,77.050,-0.01,,
77.100,0.01,77.100,-0.01,,,77.100,-0.03,,,,,77.100,0.71,,,,,77.100,-0.01,,
77.150,0.01,77.150,0.00,,,77.150,-0.04,,,,,77.150,0.69,,,,,77.150,0.00,,
77.200,0.01,77.200,-0.02,,,77.200,-0.03,,,,,77.200,0.68,,,,,77.200,0.01,,
77.250,0.01,77.250,-0.02,,,77.250,-0.04,,,,,77.250,0.67,,,,,77.250,0.00,,
77.300,0.01,77.300,-0.02,,,77.300,-0.03,,,,,77.300,0.66,,,,,77.300,0.00,,
77.350,0.01,77.350,0.00,,,77.350,-0.03,,,,,77.350,0.65,,,,,77.350,0.00,,
77.400,0.01,77.400,-0.01,,,77.400,-0.04,,,,,77.400,0.61,,,,,77.400,0.00,,
77.450,0.02,77.450,-0.01,,,77.450,-0.02,,,,,77.450,0.59,,,,,77.450,-0.01,,
77.500,0.01,77.500,-0.01,,,77.500,-0.03,,,,,77.500,0.58,,,,,77.500,0.01,,
77.550,0.01,77.550,0.00,,,77.550,-0.04,,,,,77.550,0.53,,,,,77.550,-0.01,,
77.600,0.00,77.600,0.00,,,77.600,-0.03,,,,,77.600,0.48,,,,,77.600,0.00,,
77.650,0.00,77.650,-0.01,,,77.650,-0.03,,,,,77.650,0.48,,,,,77.650,0.00,,
77.700,0.00,77.700,0.00,,,77.700,-0.02,,,,,77.700,0.46,,,,,77.700,0.00,,
77.750,0.00,77.750,-0.01,,,77.750,-0.02,,,,,77.750,0.44,,,,,77.750,0.00,,
77.800,0.00,77.800,-0.02,,,77.800,-0.02,,,,,77.800,0.45,,,,,77.800,-0.02,,
77.850,-0.01,77.850,-0.02,,,77.850,-0.04,,,,,77.850,0.44,,,,,77.850,-0.02,,
77.900,-0.01,77.900,-0.01,,,77.900,-0.03,,,,,77.900,0.44,,,,,77.900,-0.01,,
77.950,-0.01,77.950,-0.02,,,77.950,-0.04,,,,,77.950,0.44,,,,,77.950,-0.01,,
78.000,0.00,78.000,-0.02,,,78.000,-0.04,,,,,78.000,0.45,,,,,78.000,-0.01,,
78.050,0.00,78.050,-0.01,,,78.050,-0.03,,,,,78.050,0.48,,,,,78.050,0.00,,
78.100,0.00,78.100,-0.01,,,78.100,-0.02,,,,,78.100,0.49,,,,,78.100,-0.01,,
78.150,-0.01,78.150,0.00,,,78.150,-0.02,,,,,78.150,0.47,,,,,78.150,-0.01,,
78.200,0.01,78.200,-0.01,,,78.200,-0.03,,,,,78.200,0.51,,,,,78.200,0.00,,
78.250,0.00,78.250,0.00,,,78.250,-0.03,,,,,78.250,0.50,,,,,78.250,-0.01,,
78.300,0.01,78.300,0.00,,,78.300,-0.03,,,,,78.300,0.52,,,,,78.300,-0.01,,
78.350,0.00,78.350,-0.01,,,78.350,-0.03,,,,,78.350,0.52,,,,,78.350,-0.01,,
78.400,0.01,78.400,-0.01,,,78.400,-0.02,,,,,78.400,0.53,,,,,78.400,-0.01,,
78.450,0.00,78.450,-0.02,,,78.450,-0.03,,,,,78.450,0.52,,,,,78.450,0.00,,
78.500,0.00,78.500,0.00,,,78.500,-0.03,,,,,78.500,0.53,,,,,78.500,0.00,,
78.550,-0.01,78.550,0.00,,,78.550,-0.03,,,,,78.550,0.53,,,,,78.550,-0.01,,
78.600,0.00,78.600,0.00,,,78.600,-0.02,,,,,78.600,0.51,,,,,78.600,-0.01,,
78.650,0.00,78.650,0.01,,,78.650,-0.02,,,,,78.650,0.52,,,,,78.650,-0.01,,
78.700,0.01,78.700,0.02,,,78.700,-0.01,,,,,78.700,0.51,,,,,78.700,-0.01,,
78.750,0.01,78.750,0.01,,,78.750,-0.02,,,,,78.750,0.52,,,,,78.750,0.00,,
78.800,0.00,78.800,0.02,,,78.800,-0.02,,,,,78.800,0.53,,,,,78.800,-0.02,,
78.850,-0.01,78.850,0.02,,,78.850,-0.02,,,,,78.850,0.54,,,,,78.850,-0.01,,
78.900,0.00,78.900,0.01,,,78.900,-0.01,,,,,78.900,0.53,,,,,78.900,-0.02,,
78.950,-0.01,78.950,0.02,,,78.950,0.00,,,,,78.950,0.58,,,,,78.950,-0.02,,
79.000,0.00,79.000,0.02,,,79.000,-0.01,,,,,79.000,0.61,,,,,79.000,-0.02,,
79.050,0.00,79.050,0.01,,,79.050,-0.01,,,,,79.050,0.68,,,,,79.050,-0.02,,
79.100,0.01,79.100,0.02,,,79.100,-0.01,,,,,79.100,0.76,,,,,79.100,-0.02,,
79.150,0.00,79.150,0.01,,,79.150,0.00,,,,,79.150,0.78,,,,,79.150,-0.01,,
79.200,0.00,79.200,0.02,,,79.200,0.00,,,,,79.200,0.77,,,,,79.200,-0.02,,
79.250,0.00,79.250,0.02,,,79.250,-0.02,,,,,79.250,0.89,,,,,79.250,-0.02,,
79.300,0.00,79.300,0.02,,,79.300,-0.01,,,,,79.300,1.09,,,,,79.300,-0.01,,
79.350,0.00,79.350,0.03,,,79.350,-0.01,,,,,79.350,1.36,,,,,79.350,-0.01,,
79.400,0.00,79.400,0.03,,,79.400,-0.01,,,,,79.400,1.58,,,,,79.400,-0.02,,
79.450,0.00,79.450,0.03,,,79.450,0.00,,,,,79.450,1.71,,,,,79.450,-0.01,,
79.500,-0.01,79.500,0.04,,,79.500,-0.01,,,,,79.500,0.09,,,,,79.500,-0.02,,
79.550,-0.01,79.550,0.04,,,79.550,-0.01,,,,,79.550,0.05,,,,,79.550,-0.02,,
79.600,0.00,79.600,0.06,,,79.600,-0.01,,,,,79.600,-0.04,,,,,79.600,-0.01,,
79.650,-0.01,79.650,0.09,,,79.650,-0.01,,,,,79.650,-0.04,,,,,79.650,-0.01,,
79.700,-0.01,79.700,0.13,,,79.700,-0.02,,,,,79.700,-0.04,,,,,79.700,-0.02,,
79.750,-0.01,79.750,0.30,,,79.750,-0.02,,,,,79.750,-0.03,,,,,79.750,-0.01,,
79.800,-0.01,79.800,0.85,,,79.800,-0.02,,,,,79.800,-0.03,,,,,79.800,-0.02,,
79.850,-0.01,79.850,1.61,,,79.850,-0.02,,,,,79.850,-0.03,,,,,79.850,-0.01,,
79.900,-0.01,79.900,0.04,,,79.900,-0.01,,,,,79.900,-0.04,,,,,79.900,-0.01,,
79.950,0.01,79.950,0.01,,,79.950,-0.01,,,,,79.950,-0.04,,,,,79.950,0.00,,
80.000,-0.01,80.000,-0.03,,,80.000,-0.01,,,,,80.000,-0.04,,,,,80.000,-0.01,,
80.050,0.00,80.050,-0.02,,,80.050,-0.01,,,,,80.050,-0.03,,,,,80.050,-0.01,,
80.100,-0.01,80.100,-0.02,,,80.100,0.00,,,,,80.100,-0.03,,,,,80.100,-0.01,,
80.150,-0.02,80.150,-0.01,,,80.150,-0.01,,,,,80.150,-0.04,,,,,80.150,-0.02,,
80.200,-0.02,80.200,0.00,,,80.200,-0.01,,,,,80.200,-0.03,,,,,80.200,-0.02,,
80.250,-0.01,80.250,-0.01,,,80.250,-0.01,,,,,80.250,-0.03,,,,,80.250,-0.01,,
80.300,-0.01,80.300,-0.01,,,80.300,-0.01,,,,,80.300,-0.04,,,,,80.300,-0.03,,
80.350,-0.02,80.350,-0.01,,,80.350,-0.02,,,,,80.350,-0.03,,,,,80.350,-0.02,,
80.400,-0.02,80.400,-0.03,,,80.400,-0.01,,,,,80.400,-0.04,,,,,80.400,-0.02,,
80.450,-0.01,80.450,-0.02,,,80.450,-0.01,,,,,80.450,-0.04,,,,,80.450,-0.02,,
80.500,-0.01,80.500,-0.01,,,80.500,-0.01,,,,,80.500,-0.04,,,,,80.500,-0.01,,
80.550,-0.01,80.550,-0.01,,,80.550,-0.01,,,,,80.550,-0.03,,,,,80.550,-0.01,,
80.600,-0.01,80.600,-0.02,,,80.600,-0.02,,,,,80.600,-0.04,,,,,80.600,-0.02,,
80.650,-0.01,80.650,-0.02,,,80.650,-0.01,,,,,80.650,-0.04,,,,,80.650,-0.02,,
80.700,-0.02,80.700,-0.02,,,80.700,-0.01,,,,,80.700,-0.03,,,,,80.700,-0.02,,
80.750,0.00,80.750,-0.02,,,80.750,-0.01,,,,,80.750,-0.03,,,,,80.750,-0.01,,
80.800,-0.01,80.800,-0.01,,,80.800,-0.02,,,,,80.800,-0.02,,,,,80.800,-0.02,,
80.850,0.00,80.850,-0.01,,,80.850,-0.01,,,,,80.850,-0.03,,,,,80.850,-0.02,,
80.900,-0.01,80.900,-0.01,,,80.900,-0.02,,,,,80.900,-0.04,,,,,80.900,-0.01,,
80.950,-0.01,80.950,-0.02,,,80.950,-0.02,,,,,80.950,-0.04,,,,,80.950,-0.02,,
81.000,-0.01,81.000,-0.01,,,81.000,-0.02,,,,,81.000,-0.03,,,,,81.000,-0.01,,
81.050,-0.01,81.050,-0.02,,,81.050,-0.02,,,,,81.050,-0.03,,,,,81.050,-0.02,,
81.100,-0.01,81.100,-0.01,,,81.100,-0.01,,,,,81.100,-0.03,,,,,81.100,0.00,,
81.150,0.00,81.150,-0.02,,,81.150,-0.01,,,,,81.150,-0.03,,,,,81.150,-0.01,,
81.200,-0.01,81.200,-0.02,,,81.200,-0.02,,,,,81.200,-0.04,,,,,81.200,-0.01,,
81.250,0.00,81.250,-0.03,,,81.250,-0.01,,,,,81.250,-0.03,,,,,81.250,0.00,,
81.300,-0.01,81.300,-0.02,,,81.300,-0.03,,,,,81.300,-0.04,,,,,81.300,0.00,,
81.350,0.01,81.350,-0.01,,,81.350,-0.02,,,,,81.350,-0.02,,,,,81.350,0.00,,
81.400,0.02,81.400,-0.01,,,81.400,-0.01,,,,,81.400,-0.01,,,,,81.400,0.01,,
81.450,0.02,81.450,-0.02,,,81.450,-0.02,,,,,81.450,-0.01,,,,,81.450,0.00,,
81.500,0.01,81.500,0.00,,,81.500,-0.01,,,,,81.500,-0.01,,,,,81.500,0.00,,
81.550,0.02,81.550,0.00,,,81.550,-0.01,,,,,81.550,-0.01,,,,,81.550,-0.01,,
81.600,0.04,81.600,0.00,,,81.600,-0.01,,,,,81.600,-0.01,,,,,81.600,0.01,,
81.650,0.03,81.650,-0.01,,,81.650,-0.01,,,,,81.650,-0.02,,,,,81.650,0.01,,
81.700,0.02,81.700,-0.01,,,81.700,0.00,,,,,81.700,-0.01,,,,,81.700,0.01,,
81.750,0.02,81.750,-0.01,,,81.750,-0.01,,,,,81.750,-0.01,,,,,81.750,0.02,,
81.800,0.02,81.800,-0.01,,,81.800,-0.01,,,,,81.800,-0.01,,,,,81.800,0.01,,
81.850,0.03,81.850,0.00,,,81.850,-0.01,,,,,81.850,-0.01,,,,,81.850,0.01,,
81.900,0.03,81.900,0.00,,,81.900,-0.01,,,,,81.900,-0.02,,,,,81.900,0.00,,
81.950,0.02,81.950,-0.01,,,81.950,-0.02,,,,,81.950,-0.02,,,,,81.950,0.01,,
82.000,0.02,82.000,-0.01,,,82.000,-0.02,,,,,82.000,-0.02,,,,,82.000,0.02,,
82.050,0.03,82.050,-0.01,,,82.050,-0.02,,,,,82.050,-0.01,,,,,82.050,0.02,,
82.100,0.04,82.100,-0.02,,,82.100,-0.01,,,,,82.100,-0.02,,,,,82.100,0.02,,
82.150,0.04,82.150,-0.03,,,82.150,-0.01,,,,,82.150,-0.01,,,,,82.150,0.01,,
82.200,0.04,82.200,-0.02,,,82.200,-0.01,,,,,82.200,-0.01,,,,,82.200,0.01,,
82.250,0.05,82.250,-0.02,,,82.250,0.00,,,,,82.250,-0.01,,,,,82.250,0.01,,
82.300,0.03,82.300,-0.02,,,82.300,0.00,,,,,82.300,-0.02,,,,,82.300,0.01,,
82.350,0.03,82.350,-0.02,,,82.350,-0.01,,,,,82.350,0.00,,,,,82.350,0.00,,
82.400,0.04,82.400,-0.02,,,82.400,-0.01,,,,,82.400,-0.02,,,,,82.400,0.00,,
82.450,0.04,82.450,-0.01,,,82.450,0.00,,,,,82.450,-0.01,,,,,82.450,0.00,,
82.500,0.04,82.500,-0.01,,,82.500,-0.01,,,,,82.500,-0.01,,,,,82.500,0.00,,
82.550,0.03,82.550,0.00,,,82.550,0.00,,,,,82.550,-0.01,,,,,82.550,0.01,,
82.600,0.04,82.600,0.00,,,82.600,-0.01,,,,,82.600,-0.01,,,,,82.600,0.01,,
82.650,0.03,82.650,0.00,,,82.650,-0.01,,,,,82.650,-0.01,,,,,82.650,0.00,,
82.700,0.04,82.700,0.00,,,82.700,0.00,,,,,82.700,-0.02,,,,,82.700,0.01,,
82.750,0.05,82.750,-0.01,,,82.750,0.00,,,,,82.750,-0.01,,,,,82.750,0.00,,
82.800,0.05,82.800,0.00,,,82.800,0.00,,,,,82.800,-0.02,,,,,82.800,-0.01,,
82.850,0.04,82.850,0.00,,,82.850,-0.02,,,,,82.850,-0.02,,,,,82.850,-0.01,,
82.900,0.04,82.900,0.01,,,82.900,-0.01,,,,,82.900,-0.02,,,,,82.900,0.01,,
82.950,0.02,82.950,0.03,,,82.950,-0.01,,,,,82.950,-0.01,,,,,82.950,0.00,,
83.000,0.04,83.000,0.03,,,83.000,-0.02,,,,,83.000,-0.02,,,,,83.000,0.00,,
83.050,0.04,83.050,0.04,,,83.050,-0.01,,,,,83.050,-0.02,,,,,83.050,0.00,,
83.100,0.03,83.100,0.04,,,83.100,-0.01,,,,,83.100,-0.01,,,,,83.100,0.01,,
83.150,0.02,83.150,0.04,,,83.150,-0.02,,,,,83.150,-0.02,,,,,83.150,0.00,,
83.200,0.03,83.200,0.03,,,83.200,-0.02,,,,,83.200,-0.02,,,,,83.200,0.01,,
83.250,0.03,83.250,0.04,,,83.250,-0.01,,,,,83.250,-0.02,,,,,83.250,0.00,,
83.300,0.03,83.300,0.04,,,83.300,-0.02,,,,,83.300,-0.01,,,,,83.300,0.00,,
83.350,0.03,83.350,0.05,,,83.350,-0.01,,,,,83.350,-0.01,,,,,83.350,0.00,,
83.400,0.02,83.400,0.06,,,83.400,-0.03,,,,,83.400,-0.02,,,,,83.400,0.00,,
83.450,0.02,83.450,0.05,,,83.450,-0.03,,,,,83.450,-0.02,,,,,83.450,0.00,,
83.500,0.02,83.500,0.04,,,83.500,-0.02,,,,,83.500,-0.02,,,,,83.500,0.01,,
83.550,0.03,83.550,0.05,,,83.550,-0.02,,,,,83.550,-0.02,,,,,83.550,0.01,,
83.600,0.03,83.600,0.06,,,83.600,-0.02,,,,,83.600,-0.01,,,,,83.600,0.01,,
83.650,0.03,83.650,0.08,,,83.650,-0.03,,,,,83.650,-0.02,,,,,83.650,0.02,,
83.700,0.02,83.700,0.13,,,83.700,-0.02,,,,,83.700,-0.02,,,,,83.700,0.00,,
83.750,0.02,83.750,0.28,,,83.750,-0.01,,,,,83.750,-0.02,,,,,83.750,0.00,,
83.800,0.03,83.800,0.59,,,83.800,-0.02,,,,,83.800,-0.01,,,,,83.800,0.01,,
83.850,0.03,83.850,1.26,,,83.850,-0.01,,,,,83.850,-0.01,,,,,83.850,0.01,,
83.900,0.03,83.900,0.30,,,83.900,-0.01,,,,,83.900,-0.01,,,,,83.900,0.01,,
83.950,0.02,83.950,0.04,,,83.950,-0.01,,,,,83.950,-0.01,,,,,83.950,0.00,,
84.000,0.02,84.000,-0.05,,,84.000,-0.02,,,,,84.000,-0.01,,,,,84.000,0.00,,
84.050,0.02,84.050,-0.04,,,84.050,-0.02,,,,,84.050,-0.02,,,,,84.050,-0.01,,
84.100,0.03,84.100,-0.05,,,84.100,-0.03,,,,,84.100,-0.02,,,,,84.100,0.00,,
84.150,0.03,84.150,-0.02,,,84.150,-0.01,,,,,84.150,-0.01,,,,,84.150,-0.01,,
84.200,0.03,84.200,-0.04,,,84.200,-0.01,,,,,84.200,-0.01,,,,,84.200,-0.01,,
84.250,0.03,84.250,-0.03,,,84.250,-0.01,,,,,84.250,0.00,,,,,84.250,0.00,,
84.300,0.02,84.300,-0.03,,,84.300,-0.03,,,,,84.300,-0.01,,,,,84.300,0.01,,
84.350,0.02,84.350,-0.03,,,84.350,-0.02,,,,,84.350,-0.01,,,,,84.350,0.00,,
84.400,0.02,84.400,-0.03,,,84.400,-0.03,,,,,84.400,-0.02,,,,,84.400,0.00,,
84.450,0.03,84.450,-0.03,,,84.450,-0.03,,,,,84.450,-0.01,,,,,84.450,0.00,,
84.500,0.02,84.500,-0.03,,,84.500,-0.02,,,,,84.500,-0.01,,,,,84.500,0.01,,
84.550,0.03,84.550,-0.03,,,84.550,-0.02,,,,,84.550,0.00,,,,,84.550,0.01,,
84.600,0.04,84.600,-0.02,,,84.600,-0.02,,,,,84.600,-0.01,,,,,84.600,0.02,,
84.650,0.03,84.650,-0.02,,,84.650,-0.02,,,,,84.650,-0.02,,,,,84.650,0.02,,
84.700,0.03,84.700,-0.02,,,84.700,-0.02,,,,,84.700,-0.02,,,,,84.700,-0.01,,
84.750,0.04,84.750,-0.02,,,84.750,-0.03,,,,,84.750,-0.02,,,,,84.750,0.01,,
84.800,0.03,84.800,-0.03,,,84.800,-0.03,,,,,84.800,-0.02,,,,,84.800,0.01,,
84.850,0.04,84.850,-0.02,,,84.850,-0.03,,,,,84.850,-0.01,,,,,84.850,0.01,,
84.900,0.03,84.900,-0.03,,,84.900,-0.04,,,,,84.900,-0.01,,,,,84.900,0.02,,
84.950,0.05,84.950,-0.02,,,84.950,-0.02,,,,,84.950,-0.01,,,,,84.950,0.01,,
85.000,0.05,85.000,-0.02,,,85.000,-0.02,,,,,85.000,-0.01,,,,,85.000,0.01,,
85.050,0.05,85.050,-0.03,,,85.050,-0.02,,,,,85.050,-0.02,,,,,85.050,0.00,,
85.100,0.04,85.100,-0.02,,,85.100,-0.02,,,,,85.100,-0.02,,,,,85.100,0.01,,
85.150,0.04,85.150,-0.03,,,85.150,-0.02,,,,,85.150,-0.02,,,,,85.150,0.01,,
85.200,0.05,85.200,-0.02,,,85.200,-0.02,,,,,85.200,-0.01,,,,,85.200,0.01,,
85.250,0.04,85.250,-0.03,,,85.250,-0.02,,,,,85.250,-0.02,,,,,85.250,0.01,,
85.300,0.04,85.300,-0.02,,,85.300,-0.03,,,,,85.300,-0.01,,,,,85.300,0.01,,
85.350,0.05,85.350,-0.02,,,85.350,-0.02,,,,,85.350,-0.02,,,,,85.350,0.02,,
85.400,0.05,85.400,-0.03,,,85.400,-0.02,,,,,85.400,-0.01,,,,,85.400,0.02,,
85.450,0.05,85.450,-0.02,,,85.450,-0.02,,,,,85.450,-0.02,,,,,85.450,0.02,,
85.500,0.05,85.500,-0.02,,,85.500,-0.03,,,,,85.500,-0.03,,,,,85.500,0.01,,
85.550,0.05,85.550,0.00,,,85.550,-0.02,,,,,85.550,-0.02,,,,,85.550,0.02,,
85.600,0.04,85.600,-0.01,,,85.600,-0.03,,,,,85.600,-0.02,,,,,85.600,0.02,,
85.650,0.05,85.650,0.00,,,85.650,-0.03,,,,,85.650,-0.02,,,,,85.650,0.03,,
85.700,0.04,85.700,-0.01,,,85.700,-0.02,,,,,85.700,-0.01,,,,,85.700,0.03,,
85.750,0.05,85.750,0.01,,,85.750,-0.02,,,,,85.750,-0.02,,,,,85.750,0.02,,
85.800,0.05,85.800,0.01,,,85.800,-0.02,,,,,85.800,-0.03,,,,,85.800,0.02,,
85.850,0.06,85.850,0.00,,,85.850,-0.02,,,,,85.850,-0.02,,,,,85.850,0.04,,
85.900,0.06,85.900,0.01,,,85.900,-0.03,,,,,85.900,-0.02,,,,,85.900,0.04,,
85.950,0.07,85.950,0.01,,,85.950,-0.03,,,,,85.950,-0.02,,,,,85.950,0.04,,
86.000,0.11,86.000,0.02,,,86.000,-0.02,,,,,86.000,-0.02,,,,,86.000,0.06,,
86.050,0.74,86.050,0.01,,,86.050,-0.02,,,,,86.050,-0.02,,,,,86.050,0.07,,
86.100,1.25,86.100,0.01,,,86.100,-0.02,,,,,86.100,-0.02,,,,,86.100,0.08,,
86.150,0.04,86.150,0.01,,,86.150,-0.02,,,,,86.150,-0.02,,,,,86.150,0.10,,
86.200,-0.02,86.200,0.01,,,86.200,-0.01,,,,,86.200,-0.02,,,,,86.200,0.09,,
86.250,-0.04,86.250,0.01,,,86.250,-0.02,,,,,86.250,-0.01,,,,,86.250,0.10,,
86.300,-0.04,86.300,0.01,,,86.300,-0.01,,,,,86.300,-0.02,,,,,86.300,0.13,,
86.350,-0.02,86.350,0.00,,,86.350,-0.02,,,,,86.350,-0.02,,,,,86.350,0.19,,
86.400,-0.02,86.400,0.00,,,86.400,-0.03,,,,,86.400,-0.02,,,,,86.400,0.27,,
86.450,-0.02,86.450,0.00,,,86.450,-0.02,,,,,86.450,-0.02,,,,,86.450,0.32,,
86.500,-0.02,86.500,0.01,,,86.500,-0.02,,,,,86.500,-0.02,,,,,86.500,0.06,,
86.550,-0.01,86.550,0.00,,,86.550,-0.02,,,,,86.550,-0.02,,,,,86.550,0.04,,
86.600,-0.02,86.600,0.00,,,86.600,-0.02,,,,,86.600,-0.02,,,,,86.600,-0.03,,
86.650,-0.02,86.650,0.00,,,86.650,-0.02,,,,,86.650,-0.02,,,,,86.650,-0.02,,
86.700,-0.01,86.700,0.00,,,86.700,-0.03,,,,,86.700,-0.02,,,,,86.700,-0.01,,
86.750,-0.02,86.750,0.01,,,86.750,-0.02,,,,,86.750,-0.02,,,,,86.750,0.00,,
86.800,-0.01,86.800,0.02,,,86.800,-0.02,,,,,86.800,-0.02,,,,,86.800,0.00,,
86.850,-0.02,86.850,0.01,,,86.850,-0.01,,,,,86.850,-0.03,,,,,86.850,0.01,,
86.900,-0.01,86.900,0.01,,,86.900,-0.02,,,,,86.900,-0.02,,,,,86.900,-0.01,,
86.950,-0.01,86.950,0.01,,,86.950,-0.02,,,,,86.950,-0.02,,,,,86.950,0.00,,
87.000,-0.02,87.000,0.01,,,87.000,-0.02,,,,,87.000,-0.02,,,,,87.000,0.00,,
87.050,-0.01,87.050,0.02,,,87.050,-0.02,,,,,87.050,-0.02,,,,,87.050,-0.01,,
87.100,-0.01,87.100,0.01,,,87.100,-0.02,,,,,87.100,-0.02,,,,,87.100,-0.01,,
87.150,-0.01,87.150,0.01,,,87.150,-0.02,,,,,87.150,-0.02,,,,,87.150,-0.01,,
87.200,-0.01,87.200,0.00,,,87.200,-0.02,,,,,87.200,-0.03,,,,,87.200,0.00,,
87.250,0.00,87.250,0.01,,,87.250,-0.02,,,,,87.250,-0.02,,,,,87.250,0.00,,
87.300,-0.01,87.300,0.00,,,87.300,-0.03,,,,,87.300,-0.02,,,,,87.300,-0.01,,
87.350,-0.01,87.350,0.00,,,87.350,-0.03,,,,,87.350,-0.02,,,,,87.350,-0.01,,
87.400,-0.01,87.400,0.00,,,87.400,-0.02,,,,,87.400,-0.02,,,,,87.400,-0.01,,
87.450,-0.01,87.450,-0.01,,,87.450,-0.02,,,,,87.450,-0.02,,,,,87.450,0.00,,
87.500,-0.01,87.500,0.01,,,87.500,-0.02,,,,,87.500,-0.02,,,,,87.500,0.00,,
87.550,-0.01,87.550,0.01,,,87.550,-0.02,,,,,87.550,-0.02,,,,,87.550,-0.01,,
87.600,0.00,87.600,0.00,,,87.600,-0.02,,,,,87.600,-0.02,,,,,87.600,-0.02,,
87.650,0.00,87.650,0.01,,,87.650,-0.02,,,,,87.650,-0.01,,,,,87.650,-0.02,,
87.700,-0.01,87.700,0.01,,,87.700,-0.02,,,,,87.700,-0.02,,,,,87.700,-0.02,,
87.750,0.00,87.750,0.02,,,87.750,-0.02,,,,,87.750,-0.01,,,,,87.750,-0.01,,
87.800,-0.01,87.800,0.02,,,87.800,-0.02,,,,,87.800,0.00,,,,,87.800,0.00,,
87.850,-0.01,87.850,0.03,,,87.850,-0.02,,,,,87.850,-0.02,,,,,87.850,0.00,,
87.900,-0.01,87.900,0.03,,,87.900,-0.02,,,,,87.900,-0.02,,,,,87.900,-0.01,,
87.950,-0.01,87.950,0.02,,,87.950,-0.01,,,,,87.950,-0.02,,,,,87.950,-0.01,,
88.000,0.00,88.000,0.02,,,88.000,-0.02,,,,,88.000,-0.02,,,,,88.000,0.00,,
88.050,0.00,88.050,0.02,,,88.050,-0.02,,,,,88.050,-0.02,,,,,88.050,-0.01,,
88.100,0.00,88.100,0.04,,,88.100,-0.02,,,,,88.100,-0.02,,,,,88.100,0.00,,
88.150,-0.01,88.150,0.02,,,88.150,-0.02,,,,,88.150,-0.02,,,,,88.150,0.00,,
88.200,-0.01,88.200,0.02,,,88.200,-0.02,,,,,88.200,-0.01,,,,,88.200,-0.01,,
88.250,-0.01,88.250,0.03,,,88.250,-0.01,,,,,88.250,-0.01,,,,,88.250,0.00,,
88.300,-0.01,88.300,0.03,,,88.300,-0.01,,,,,88.300,0.00,,,,,88.300,-0.01,,
88.350,-0.01,88.350,0.04,,,88.350,-0.01,,,,,88.350,-0.01,,,,,88.350,-0.01,,
88.400,-0.01,88.400,0.04,,,88.400,-0.01,,,,,88.400,0.01,,,,,88.400,-0.02,,
88.450,-0.01,88.450,0.07,,,88.450,-0.02,,,,,88.450,0.01,,,,,88.450,0.00,,
88.500,-0.01,88.500,0.07,,,88.500,-0.02,,,,,88.500,0.01,,,,,88.500,0.01,,
88.550,0.00,88.550,0.08,,,88.550,-0.01,,,,,88.550,0.02,,,,,88.550,0.00,,
88.600,0.00,88.600,0.10,,,88.600,-0.01,,,,,88.600,0.02,,,,,88.600,0.01,,
88.650,-0.01,88.650,0.17,,,88.650,-0.02,,,,,88.650,0.02,,,,,88.650,0.01,,
88.700,-0.01,88.700,0.27,,,88.700,-0.02,,,,,88.700,0.02,,,,,88.700,0.00,,
88.750,-0.01,88.750,0.37,,,88.750,-0.01,,,,,88.750,0.03,,,,,88.750,0.01,,
88.800,-0.01,88.800,0.57,,,88.800,-0.02,,,,,88.800,0.02,,,,,88.800,0.01,,
88.850,-0.01,88.850,0.92,,,88.850,-0.02,,,,,88.850,0.03,,,,,88.850,0.01,,
88.900,-0.02,88.900,1.30,,,88.900,-0.01,,,,,88.900,0.03,,,,,88.900,0.01,,
88.950,-0.01,88.950,1.61,,,88.950,-0.01,,,,,88.950,0.03,,,,,88.950,0.01,,
89.000,-0.01,89.000,0.05,,,89.000,-0.02,,,,,89.000,0.03,,,,,89.000,0.00,,
89.050,-0.01,89.050,0.02,,,89.050,-0.01,,,,,89.050,0.04,,,,,89.050,0.00,,
89.100,-0.01,89.100,-0.03,,,89.100,-0.01,,,,,89.100,0.04,,,,,89.100,0.01,,
89.150,0.00,89.150,-0.01,,,89.150,-0.01,,,,,89.150,0.05,,,,,89.150,0.00,,
89.200,0.00,89.200,-0.02,,,89.200,0.00,,,,,89.200,0.07,,,,,89.200,0.00,,
89.250,-0.01,89.250,0.01,,,89.250,-0.02,,,,,89.250,0.09,,,,,89.250,-0.01,,
89.300,-0.02,89.300,-0.01,,,89.300,-0.01,,,,,89.300,0.15,,,,,89.300,-0.01,,
89.350,-0.02,89.350,-0.02,,,89.350,-0.02,,,,,89.350,0.32,,,,,89.350,-0.01,,
89.400,-0.01,89.400,-0.01,,,89.400,-0.02,,,,,89.400,0.75,,,,,89.400,0.00,,
89.450,-0.01,89.450,-0.01,,,89.450,-0.03,,,,,89.450,1.34,,,,,89.450,0.00,,
89.500,-0.01,89.500,-0.01,,,89.500,-0.03,,,,,89.500,0.11,,,,,89.500,0.00,,
89.550,-0.02,89.550,-0.01,,,89.550,-0.02,,,,,89.550,0.04,,,,,89.550,0.00,,
89.600,-0.01,89.600,-0.01,,,89.600,-0.02,,,,,89.600,-0.03,,,,,89.600,0.00,,
89.650,0.00,89.650,-0.01,,,89.650,-0.03,,,,,89.650,-0.03,,,,,89.650,0.00,,
89.700,0.00,89.700,-0.01,,,89.700,-0.02,,,,,89.700,-0.04,,,,,89.700,0.01,,
89.750,0.00,89.750,-0.02,,,89.750,-0.01,,,,,89.750,-0.03,,,,,89.750,0.01,,
89.800,0.00,89.800,-0.02,,,89.800,-0.01,,,,,89.800,-0.03,,,,,89.800,0.00,,
89.850,-0.01,89.850,-0.01,,,89.850,-0.01,,,,,89.850,-0.03,,,,,89.850,0.00,,
89.900,-0.01,89.900,-0.01,,,89.900,-0.01,,,,,89.900,-0.04,,,,,89.900,0.01,,
89.950,0.00,89.950,-0.01,,,89.950,-0.03,,,,,89.950,-0.03,,,,,89.950,0.02,,
90.000,-0.01,90.000,-0.01,,,90.000,-0.02,,,,,90.000,-0.04,,,,,90.000,0.00,,
90.050,-0.01,90.050,-0.01,,,90.050,-0.02,,,,,90.050,-0.04,,,,,90.050,0.01,,
90.100,-0.01,90.100,-0.01,,,90.100,-0.03,,,,,90.100,-0.04,,,,,90.100,0.00,,
90.150,-0.01,90.150,-0.02,,,90.150,-0.02,,,,,90.150,-0.03,,,,,90.150,0.00,,
90.200,-0.02,90.200,-0.01,,,90.200,-0.02,,,,,90.200,-0.03,,,,,90.200,0.03,,
90.250,-0.01,90.250,-0.01,,,90.250,-0.02,,,,,90.250,-0.04,,,,,90.250,0.02,,
90.300,-0.01,90.300,-0.02,,,90.300,-0.02,,,,,90.300,-0.04,,,,,90.300,0.02,,
90.350,-0.01,90.350,-0.01,,,90.350,-0.01,,,,,90.350,-0.04,,,,,90.350,0.02,,
90.400,-0.02,90.400,0.00,,,90.400,-0.02,,,,,90.400,-0.05,,,,,90.400,0.02,,
90.450,-0.01,90.450,-0.01,,,90.450,-0.02,,,,,90.450,-0.04,,,,,90.450,0.01,,
90.500,-0.01,90.500,-0.02,,,90.500,-0.02,,,,,90.500,-0.04,,,,,90.500,0.01,,
90.550,0.00,90.550,-0.01,,,90.550,-0.02,,,,,90.550,-0.05,,,,,90.550,0.02,,
90.600,-0.01,90.600,-0.01,,,90.600,-0.02,,,,,90.600,-0.04,,,,,90.600,0.02,,
90.650,-0.01,90.650,-0.01,,,90.650,-0.03,,,,,90.650,-0.04,,,,,90.650,0.01,,
90.700,-0.01,90.700,0.00,,,90.700,-0.02,,,,,90.700,-0.04,,,,,90.700,0.02,,
90.750,-0.01,90.750,-0.01,,,90.750,-0.01,,,,,90.750,-0.03,,,,,90.750,0.03,,
90.800,-0.01,90.800,-0.01,,,90.800,-0.02,,,,,90.800,-0.04,,,,,90.800,0.04,,
90.850,0.00,90.850,-0.02,,,90.850,-0.02,,,,,90.850,-0.03,,,,,90.850,0.04,,
90.900,-0.01,90.900,-0.01,,,90.900,-0.02,,,,,90.900,-0.02,,,,,90.900,0.04,,
90.950,-0.01,90.950,-0.02,,,90.950,-0.02,,,,,90.950,-0.03,,,,,90.950,0.05,,
91.000,0.00,91.000,-0.01,,,91.000,-0.02,,,,,91.000,-0.02,,,,,91.000,0.07,,
91.050,-0.01,91.050,-0.01,,,91.050,-0.02,,,,,91.050,-0.02,,,,,91.050,0.08,,
91.100,0.00,91.100,0.00,,,91.100,-0.02,,,,,91.100,-0.03,,,,,91.100,0.10,,
91.150,0.00,91.150,0.00,,,91.150,-0.03,,,,,91.150,-0.03,,,,,91.150,0.16,,
91.200,0.01,91.200,-0.01,,,91.200,-0.02,,,,,91.200,-0.02,,,,,91.200,0.29,,
91.250,0.00,91.250,-0.02,,,91.250,-0.02,,,,,91.250,-0.02,,,,,91.250,0.18,,
91.300,0.00,91.300,-0.01,,,91.300,-0.02,,,,,91.300,-0.02,,,,,91.300,0.05,,
91.350,0.01,91.350,0.00,,,91.350,-0.02,,,,,91.350,-0.02,,,,,91.350,-0.01,,
91.400,0.00,91.400,-0.01,,,91.400,-0.02,,,,,91.400,-0.02,,,,,91.400,-0.02,,
91.450,0.00,91.450,-0.01,,,91.450,-0.02,,,,,91.450,-0.02,,,,,91.450,-0.03,,
91.500,0.00,91.500,-0.02,,,91.500,-0.01,,,,,91.500,-0.01,,,,,91.500,-0.02,,
91.550,-0.01,91.550,-0.02,,,91.550,-0.02,,,,,91.550,0.00,,,,,91.550,-0.02,,
91.600,-0.01,91.600,-0.02,,,91.600,-0.02,,,,,91.600,0.00,,,,,91.600,-0.02,,
91.650,-0.01,91.650,-0.02,,,91.650,-0.02,,,,,91.650,-0.01,,,,,91.650,-0.02,,
91.700,-0.02,91.700,-0.01,,,,,,,,,91.700,-0.01,,,,,91.700,-0.02,,
91.750,-0.01,91.750,0.00,,,,,,,,,91.750,0.01,,,,,91.750,-0.01,,
91.800,0.00,91.800,0.00,,,,,,,,,91.800,-0.02,,,,,91.800,-0.01,,
91.850,-0.01,91.850,0.00,,,,,,,,,91.850,-0.02,,,,,91.850,-0.01,,
91.900,-0.01,91.900,-0.01,,,,,,,,,91.900,-0.01,,,,,91.900,-0.01,,
91.950,-0.02,91.950,0.00,,,,,,,,,91.950,-0.01,,,,,91.950,-0.02,,
92.000,-0.02,92.000,-0.02,,,,,,,,,92.000,-0.02,,,,,92.000,-0.02,,
92.050,-0.01,92.050,-0.02,,,,,,,,,92.050,-0.02,,,,,92.050,-0.01,,
92.100,-0.01,92.100,-0.01,,,,,,,,,92.100,0.01,,,,,92.100,-0.03,,
92.150,-0.01,92.150,0.00,,,,,,,,,92.150,0.00,,,,,92.150,-0.01,,
92.200,-0.01,92.200,-0.01,,,,,,,,,92.200,0.01,,,,,92.200,-0.02,,
92.250,0.00,92.250,0.00,,,,,,,,,92.250,-0.01,,,,,92.250,-0.01,,
92.300,0.00,92.300,0.00,,,,,,,,,92.300,0.00,,,,,92.300,-0.02,,
92.350,0.00,92.350,-0.01,,,,,,,,,92.350,-0.01,,,,,92.350,-0.02,,
92.400,-0.01,92.400,0.01,,,,,,,,,92.400,-0.01,,,,,92.400,-0.02,,
92.450,-0.01,92.450,0.01,,,,,,,,,92.450,-0.02,,,,,92.450,-0.01,,
92.500,0.01,92.500,0.01,,,,,,,,,92.500,-0.01,,,,,92.500,-0.02,,
92.550,0.01,92.550,0.01,,,,,,,,,92.550,-0.02,,,,,92.550,-0.01,,
92.600,0.01,92.600,0.02,,,,,,,,,92.600,-0.02,,,,,92.600,-0.01,,
92.650,0.01,92.650,0.01,,,,,,,,,92.650,0.00,,,,,92.650,-0.02,,
92.700,0.00,92.700,0.01,,,,,,,,,92.700,0.00,,,,,92.700,-0.01,,
92.750,0.02,92.750,0.03,,,,,,,,,92.750,0.00,,,,,92.750,-0.01,,
92.800,0.02,92.800,0.01,,,,,,,,,92.800,0.00,,,,,92.800,-0.01,,
92.850,0.01,92.850,0.02,,,,,,,,,92.850,0.01,,,,,92.850,0.00,,
92.900,0.02,92.900,0.02,,,,,,,,,92.900,0.00,,,,,92.900,0.01,,
92.950,0.02,92.950,0.02,,,,,,,,,92.950,0.00,,,,,92.950,0.01,,
93.000,0.02,93.000,0.02,,,,,,,,,93.000,-0.01,,,,,93.000,0.01,,
93.050,0.01,93.050,0.02,,,,,,,,,93.050,-0.01,,,,,93.050,0.00,,
93.100,0.02,93.100,0.02,,,,,,,,,93.100,0.00,,,,,93.100,0.00,,
93.150,0.02,93.150,0.03,,,,,,,,,93.150,-0.01,,,,,93.150,0.00,,
93.200,0.01,93.200,0.04,,,,,,,,,93.200,-0.01,,,,,93.200,0.00,,
93.250,0.01,93.250,0.04,,,,,,,,,93.250,-0.01,,,,,93.250,0.00,,
93.300,0.01,93.300,0.03,,,,,,,,,93.300,-0.01,,,,,93.300,-0.01,,
93.350,0.02,93.350,0.04,,,,,,,,,93.350,-0.01,,,,,93.350,0.00,,
93.400,0.02,93.400,0.04,,,,,,,,,93.400,-0.01,,,,,93.400,-0.01,,
93.450,0.02,93.450,0.04,,,,,,,,,93.450,-0.01,,,,,93.450,0.00,,
93.500,0.03,93.500,0.04,,,,,,,,,93.500,0.00,,,,,93.500,-0.01,,
93.550,0.02,93.550,0.03,,,,,,,,,93.550,0.00,,,,,93.550,0.00,,
93.600,0.02,93.600,0.03,,,,,,,,,93.600,-0.01,,,,,93.600,-0.01,,
93.650,0.03,93.650,0.03,,,,,,,,,93.650,0.00,,,,,93.650,-0.01,,
93.700,0.03,93.700,0.02,,,,,,,,,93.700,0.01,,,,,93.700,-0.01,,
93.750,0.02,93.750,0.03,,,,,,,,,93.750,0.00,,,,,93.750,-0.01,,
93.800,0.01,93.800,0.03,,,,,,,,,93.800,0.00,,,,,93.800,-0.01,,
93.850,0.02,93.850,0.03,,,,,,,,,93.850,0.00,,,,,93.850,-0.01,,
93.900,0.04,93.900,0.03,,,,,,,,,93.900,0.01,,,,,93.900,-0.01,,
93.950,0.04,93.950,0.03,,,,,,,,,93.950,0.01,,,,,93.950,-0.02,,
94.000,0.05,94.000,0.04,,,,,,,,,94.000,0.00,,,,,94.000,-0.01,,
94.050,0.06,94.050,0.04,,,,,,,,,94.050,0.00,,,,,94.050,-0.01,,
94.100,0.06,94.100,0.03,,,,,,,,,94.100,0.00,,,,,94.100,-0.01,,
94.150,0.05,94.150,0.05,,,,,,,,,94.150,0.01,,,,,94.150,-0.01,,
94.200,0.04,94.200,0.05,,,,,,,,,94.200,0.02,,,,,94.200,-0.02,,
94.250,0.02,94.250,0.05,,,,,,,,,94.250,0.01,,,,,94.250,-0.02,,
94.300,0.02,94.300,0.06,,,,,,,,,94.300,0.01,,,,,94.300,-0.02,,
94.350,0.01,94.350,0.06,,,,,,,,,94.350,0.02,,,,,94.350,-0.01,,
94.400,0.01,94.400,0.05,,,,,,,,,94.400,0.02,,,,,94.400,-0.01,,
94.450,0.01,94.450,0.04,,,,,,,,,94.450,0.03,,,,,94.450,-0.02,,
94.500,0.01,94.500,0.04,,,,,,,,,94.500,0.02,,,,,94.500,-0.01,,
94.550,0.01,94.550,0.06,,,,,,,,,94.550,0.04,,,,,94.550,-0.01,,
94.600,0.00,94.600,0.05,,,,,,,,,94.600,0.04,,,,,94.600,-0.01,,
94.650,0.01,94.650,0.06,,,,,,,,,94.650,0.04,,,,,94.650,-0.02,,
94.700,0.01,94.700,0.06,,,,,,,,,94.700,0.06,,,,,94.700,-0.01,,
94.750,0.02,94.750,0.07,,,,,,,,,94.750,0.08,,,,,94.750,-0.01,,
94.800,0.02,94.800,0.07,,,,,,,,,94.800,0.09,,,,,94.800,-0.01,,
94.850,0.01,94.850,0.09,,,,,,,,,94.850,0.10,,,,,94.850,-0.02,,
94.900,0.00,94.900,0.09,,,,,,,,,94.900,0.16,,,,,94.900,-0.02,,
94.950,0.00,94.950,0.12,,,,,,,,,94.950,0.24,,,,,94.950,-0.01,,
95.000,-0.01,95.000,0.17,,,,,,,,,95.000,0.35,,,,,95.000,-0.01,,
95.050,-0.01,95.050,0.24,,,,,,,,,95.050,0.53,,,,,95.050,-0.01,,
95.100,0.00,95.100,0.33,,,,,,,,,95.100,0.62,,,,,95.100,-0.01,,
95.150,0.00,95.150,0.46,,,,,,,,,95.150,0.58,,,,,95.150,-0.01,,
95.200,0.01,95.200,0.57,,,,,,,,,95.200,0.49,,,,,95.200,0.00,,
95.250,0.00,95.250,0.64,,,,,,,,,95.250,0.49,,,,,95.250,0.01,,
95.300,-0.01,95.300,0.72,,,,,,,,,95.300,0.46,,,,,95.300,0.01,,
95.350,0.00,95.350,0.83,,,,,,,,,95.350,0.41,,,,,95.350,0.02,,
95.400,0.00,95.400,1.03,,,,,,,,,95.400,0.41,,,,,95.400,0.01,,
95.450,0.00,95.450,1.29,,,,,,,,,95.450,0.41,,,,,95.450,0.01,,
95.500,-0.01,95.500,1.67,,,,,,,,,95.500,0.30,,,,,95.500,0.02,,
95.550,0.00,95.550,0.06,,,,,,,,,95.550,0.29,,,,,95.550,0.02,,
95.600,-0.01,95.600,0.02,,,,,,,,,95.600,0.28,,,,,95.600,0.02,,
95.650,0.00,95.650,-0.03,,,,,,,,,95.650,0.26,,,,,95.650,0.03,,
95.700,0.01,95.700,-0.04,,,,,,,,,95.700,0.30,,,,,95.700,0.04,,
95.750,0.00,95.750,-0.02,,,,,,,,,95.750,0.32,,,,,95.750,0.06,,
95.800,0.00,95.800,-0.01,,,,,,,,,95.800,0.33,,,,,95.800,0.08,,
95.850,-0.01,95.850,-0.02,,,,,,,,,95.850,0.33,,,,,95.850,0.09,,
95.900,0.00,95.900,-0.03,,,,,,,,,95.900,0.34,,,,,95.900,0.10,,
95.950,0.00,95.950,-0.02,,,,,,,,,95.950,0.33,,,,,95.950,0.13,,
96.000,0.00,96.000,-0.02,,,,,,,,,96.000,0.32,,,,,96.000,0.14,,
96.050,0.00,96.050,-0.02,,,,,,,,,96.050,0.31,,,,,96.050,0.19,,
96.100,0.01,96.100,-0.01,,,,,,,,,96.100,0.30,,,,,96.100,0.32,,
96.150,-0.01,96.150,-0.02,,,,,,,,,96.150,0.30,,,,,96.150,0.18,,
96.200,0.00,96.200,-0.02,,,,,,,,,96.200,0.30,,,,,96.200,0.03,,
96.250,0.01,96.250,-0.01,,,,,,,,,96.250,0.31,,,,,96.250,-0.02,,
96.300,0.00,96.300,-0.02,,,,,,,,,96.300,0.30,,,,,96.300,-0.02,,
96.350,0.00,96.350,-0.01,,,,,,,,,96.350,0.25,,,,,96.350,-0.01,,
96.400,0.01,96.400,-0.01,,,,,,,,,96.400,0.23,,,,,96.400,-0.01,,
96.450,0.00,96.450,-0.01,,,,,,,,,96.450,0.21,,,,,96.450,-0.01,,
96.500,0.02,96.500,-0.01,,,,,,,,,96.500,0.21,,,,,96.500,-0.01,,
96.550,0.01,96.550,-0.01,,,,,,,,,96.550,0.19,,,,,96.550,-0.01,,
96.600,0.01,96.600,-0.01,,,,,,,,,96.600,0.16,,,,,96.600,-0.01,,
96.650,0.01,96.650,-0.02,,,,,,,,,96.650,0.16,,,,,96.650,-0.02,,
96.700,0.01,96.700,-0.02,,,,,,,,,96.700,0.19,,,,,96.700,-0.01,,
96.750,0.00,96.750,-0.01,,,,,,,,,96.750,0.19,,,,,96.750,-0.02,,
96.800,0.00,96.800,-0.01,,,,,,,,,96.800,0.18,,,,,96.800,-0.01,,
96.850,0.00,96.850,-0.02,,,,,,,,,96.850,0.19,,,,,96.850,-0.02,,
96.900,-0.01,96.900,-0.02,,,,,,,,,96.900,0.18,,,,,96.900,0.00,,
96.950,-0.01,96.950,-0.02,,,,,,,,,96.950,0.16,,,,,96.950,-0.01,,
97.000,0.00,97.000,-0.01,,,,,,,,,97.000,0.17,,,,,97.000,-0.02,,
97.050,-0.01,97.050,-0.01,,,,,,,,,97.050,0.17,,,,,97.050,-0.01,,
97.100,-0.01,97.100,-0.01,,,,,,,,,97.100,0.18,,,,,97.100,-0.01,,
97.150,-0.01,97.150,-0.02,,,,,,,,,97.150,0.18,,,,,97.150,0.00,,
97.200,0.00,97.200,-0.02,,,,,,,,,97.200,0.17,,,,,97.200,0.00,,
97.250,-0.01,97.250,-0.02,,,,,,,,,97.250,0.17,,,,,97.250,0.00,,
97.300,-0.01,97.300,-0.02,,,,,,,,,97.300,0.15,,,,,97.300,0.00,,
97.350,-0.01,97.350,-0.02,,,,,,,,,97.350,0.15,,,,,97.350,-0.01,,
97.400,-0.01,97.400,-0.02,,,,,,,,,97.400,0.16,,,,,97.400,0.01,,
97.450,-0.01,97.450,-0.02,,,,,,,,,97.450,0.14,,,,,97.450,0.01,,
97.500,-0.01,97.500,-0.02,,,,,,,,,97.500,0.14,,,,,97.500,0.00,,
97.550,-0.02,97.550,-0.02,,,,,,,,,97.550,0.16,,,,,97.550,0.00,,
97.600,0.01,97.600,-0.02,,,,,,,,,97.600,0.15,,,,,97.600,0.01,,
97.650,-0.02,97.650,-0.03,,,,,,,,,97.650,0.14,,,,,97.650,0.00,,
97.700,-0.01,97.700,-0.02,,,,,,,,,97.700,0.14,,,,,97.700,0.00,,
97.750,-0.01,97.750,-0.02,,,,,,,,,97.750,0.13,,,,,97.750,0.00,,
97.800,-0.02,97.800,-0.01,,,,,,,,,97.800,0.13,,,,,97.800,-0.01,,
97.850,-0.02,97.850,-0.02,,,,,,,,,97.850,0.14,,,,,97.850,0.00,,
97.900,-0.01,97.900,-0.01,,,,,,,,,97.900,0.12,,,,,97.900,0.00,,
97.950,-0.02,97.950,-0.02,,,,,,,,,97.950,0.12,,,,,97.950,0.00,,
98.000,-0.01,98.000,-0.02,,,,,,,,,98.000,0.14,,,,,98.000,0.00,,
98.050,-0.01,98.050,-0.02,,,,,,,,,98.050,0.12,,,,,98.050,0.00,,
98.100,-0.01,98.100,-0.03,,,,,,,,,98.100,0.12,,,,,98.100,0.01,,
98.150,-0.02,98.150,-0.01,,,,,,,,,98.150,0.13,,,,,98.150,0.00,,
98.200,0.00,98.200,-0.01,,,,,,,,,98.200,0.12,,,,,98.200,0.00,,
98.250,0.00,98.250,-0.02,,,,,,,,,98.250,0.11,,,,,98.250,0.00,,
98.300,0.00,98.300,-0.03,,,,,,,,,98.300,0.12,,,,,98.300,-0.01,,
98.350,0.00,98.350,-0.02,,,,,,,,,98.350,0.11,,,,,98.350,-0.02,,
98.400,0.01,98.400,-0.01,,,,,,,,,98.400,0.12,,,,,98.400,-0.01,,
98.450,0.00,98.450,-0.02,,,,,,,,,98.450,0.13,,,,,98.450,-0.01,,
98.500,0.01,98.500,-0.02,,,,,,,,,98.500,0.12,,,,,98.500,-0.01,,
98.550,0.00,98.550,-0.02,,,,,,,,,98.550,0.12,,,,,98.550,-0.01,,
98.600,0.00,98.600,-0.02,,,,,,,,,98.600,0.13,,,,,98.600,-0.01,,
98.650,-0.01,98.650,-0.02,,,,,,,,,98.650,0.13,,,,,98.650,-0.01,,
98.700,-0.01,98.700,-0.02,,,,,,,,,98.700,0.14,,,,,98.700,-0.02,,
98.750,0.00,98.750,-0.01,,,,,,,,,98.750,0.15,,,,,98.750,-0.01,,
98.800,-0.01,98.800,-0.01,,,,,,,,,98.800,0.15,,,,,98.800,-0.01,,
98.850,0.00,98.850,-0.02,,,,,,,,,98.850,0.16,,,,,98.850,-0.02,,
98.900,0.00,98.900,-0.02,,,,,,,,,98.900,0.16,,,,,98.900,-0.02,,
98.950,0.00,98.950,-0.02,,,,,,,,,98.950,0.19,,,,,98.950,-0.01,,
99.000,0.00,99.000,-0.02,,,,,,,,,99.000,0.22,,,,,99.000,-0.01,,
99.050,0.01,99.050,-0.03,,,,,,,,,99.050,0.25,,,,,99.050,-0.01,,
99.100,0.00,99.100,-0.02,,,,,,,,,99.100,0.34,,,,,99.100,-0.01,,
99.150,0.00,99.150,-0.01,,,,,,,,,99.150,0.49,,,,,99.150,0.00,,
99.200,-0.01,99.200,-0.01,,,,,,,,,99.200,0.59,,,,,99.200,-0.01,,
99.250,0.01,99.250,-0.01,,,,,,,,,99.250,0.74,,,,,99.250,-0.01,,
99.300,0.00,99.300,-0.01,,,,,,,,,99.300,0.96,,,,,99.300,0.01,,
99.350,0.00,99.350,-0.01,,,,,,,,,99.350,1.10,,,,,99.350,0.01,,
99.400,0.01,99.400,-0.01,,,,,,,,,99.400,1.12,,,,,99.400,0.02,,
99.450,0.00,99.450,-0.02,,,,,,,,,99.450,1.13,,,,,99.450,0.02,,
99.500,-0.01,99.500,-0.01,,,,,,,,,99.500,1.16,,,,,99.500,0.02,,
99.550,0.00,99.550,-0.01,,,,,,,,,99.550,1.22,,,,,99.550,0.03,,
99.600,-0.01,99.600,-0.02,,,,,,,,,99.600,1.30,,,,,99.600,0.03,,
99.650,0.00,99.650,-0.02,,,,,,,,,99.650,1.41,,,,,99.650,0.05,,
99.700,-0.01,99.700,-0.02,,,,,,,,,99.700,1.52,,,,,99.700,0.06,,
99.750,0.00,99.750,-0.03,,,,,,,,,99.750,1.62,,,,,99.750,0.07,,
99.800,0.00,99.800,-0.02,,,,,,,,,99.800,1.67,,,,,99.800,0.09,,
99.850,0.01,99.850,-0.01,,,,,,,,,99.850,1.01,,,,,99.850,0.12,,
99.900,0.01,99.900,-0.01,,,,,,,,,99.900,0.06,,,,,99.900,0.20,,
99.950,0.01,99.950,-0.02,,,,,,,,,99.950,0.02,,,,,99.950,0.32,,
100.000,0.01,100.000,-0.02,,,,,,,,,100.000,-0.02,,,,,100.000,0.24,,
100.050,0.01,100.050,0.00,,,,,,,,,100.050,-0.02,,,,,100.050,0.04,,
100.100,0.01,100.100,-0.01,,,,,,,,,100.100,-0.03,,,,,100.100,-0.01,,
100.150,0.02,100.150,-0.02,,,,,,,,,100.150,-0.02,,,,,100.150,-0.03,,
100.200,0.01,100.200,-0.01,,,,,,,,,100.200,-0.03,,,,,100.200,-0.02,,
100.250,0.01,100.250,-0.01,,,,,,,,,100.250,-0.03,,,,,100.250,-0.02,,
100.300,0.00,100.300,0.00,,,,,,,,,100.300,-0.03,,,,,100.300,-0.02,,
100.350,0.01,100.350,0.00,,,,,,,,,100.350,-0.02,,,,,100.350,-0.02,,
100.400,0.00,100.400,-0.01,,,,,,,,,100.400,-0.02,,,,,100.400,-0.02,,
100.450,0.00,100.450,-0.01,,,,,,,,,100.450,-0.02,,,,,100.450,-0.02,,
100.500,0.01,100.500,-0.02,,,,,,,,,100.500,-0.01,,,,,100.500,-0.02,,
100.550,0.01,100.550,-0.02,,,,,,,,,100.550,-0.02,,,,,100.550,-0.02,,
100.600,0.01,100.600,-0.02,,,,,,,,,100.600,-0.02,,,,,100.600,-0.02,,
100.650,0.00,100.650,-0.03,,,,,,,,,100.650,-0.02,,,,,100.650,-0.02,,
100.700,0.00,100.700,-0.01,,,,,,,,,100.700,-0.02,,,,,100.700,-0.03,,
100.750,0.00,100.750,-0.02,,,,,,,,,100.750,-0.03,,,,,100.750,-0.03,,
100.800,-0.01,100.800,-0.02,,,,,,,,,100.800,-0.01,,,,,100.800,-0.03,,
100.850,0.00,100.850,-0.02,,,,,,,,,100.850,-0.01,,,,,100.850,-0.03,,
100.900,-0.01,100.900,-0.02,,,,,,,,,100.900,-0.01,,,,,100.900,-0.01,,
100.950,0.00,100.950,-0.01,,,,,,,,,100.950,-0.02,,,,,100.950,-0.01,,
101.000,0.00,101.000,-0.01,,,,,,,,,101.000,-0.02,,,,,101.000,-0.01,,
101.050,-0.01,101.050,-0.01,,,,,,,,,101.050,-0.02,,,,,101.050,-0.02,,
101.100,0.00,101.100,-0.02,,,,,,,,,101.100,-0.01,,,,,101.100,-0.01,,
101.150,0.00,101.150,-0.01,,,,,,,,,101.150,-0.01,,,,,101.150,-0.01,,
101.200,-0.01,101.200,-0.01,,,,,,,,,101.200,-0.01,,,,,101.200,-0.01,,
101.250,0.00,101.250,-0.02,,,,,,,,,101.250,-0.02,,,,,101.250,-0.01,,
101.300,0.00,101.300,-0.02,,,,,,,,,101.300,-0.01,,,,,101.300,-0.01,,
101.350,-0.01,101.350,-0.02,,,,,,,,,101.350,0.00,,,,,101.350,0.00,,
101.400,0.00,101.400,-0.02,,,,,,,,,101.400,-0.02,,,,,101.400,0.00,,
101.450,-0.01,101.450,-0.02,,,,,,,,,101.450,-0.02,,,,,101.450,-0.01,,
101.500,0.00,101.500,-0.01,,,,,,,,,101.500,-0.02,,,,,101.500,-0.01,,
101.550,0.00,101.550,-0.02,,,,,,,,,101.550,-0.02,,,,,101.550,-0.01,,
101.600,0.00,101.600,-0.02,,,,,,,,,101.600,-0.02,,,,,101.600,0.00,,
101.650,0.00,101.650,-0.02,,,,,,,,,101.650,-0.02,,,,,101.650,-0.01,,
101.700,0.00,101.700,-0.02,,,,,,,,,101.700,-0.02,,,,,101.700,-0.01,,
101.750,0.00,101.750,-0.01,,,,,,,,,101.750,-0.02,,,,,101.750,0.00,,
101.800,-0.01,101.800,-0.01,,,,,,,,,101.800,0.00,,,,,101.800,-0.01,,
101.850,0.02,101.850,0.00,,,,,,,,,101.850,-0.01,,,,,101.850,0.00,,
101.900,0.01,101.900,-0.01,,,,,,,,,101.900,0.00,,,,,101.900,-0.01,,
101.950,0.01,101.950,-0.02,,,,,,,,,101.950,0.00,,,,,101.950,0.00,,
102.000,0.01,102.000,-0.02,,,,,,,,,102.000,-0.01,,,,,102.000,0.00,,
102.050,0.00,102.050,-0.01,,,,,,,,,102.050,0.00,,,,,102.050,-0.01,,
102.100,0.01,102.100,-0.01,,,,,,,,,102.100,0.00,,,,,102.100,-0.01,,
102.150,0.01,102.150,-0.02,,,,,,,,,102.150,0.00,,,,,102.150,-0.01,,
102.200,0.02,102.200,-0.02,,,,,,,,,102.200,0.01,,,,,102.200,0.00,,
102.250,0.02,102.250,-0.02,,,,,,,,,102.250,0.01,,,,,102.250,0.00,,
102.300,0.01,102.300,-0.02,,,,,,,,,102.300,0.00,,,,,102.300,0.00,,
102.350,0.02,102.350,-0.01,,,,,,,,,102.350,0.00,,,,,102.350,0.00,,
102.400,0.01,102.400,-0.01,,,,,,,,,102.400,-0.01,,,,,102.400,-0.01,,
102.450,0.01,102.450,0.00,,,,,,,,,102.450,-0.01,,,,,102.450,-0.01,,
102.500,0.01,102.500,-0.01,,,,,,,,,102.500,0.00,,,,,102.500,-0.01,,
102.550,0.00,102.550,0.00,,,,,,,,,102.550,-0.01,,,,,102.550,-0.02,,
102.600,0.00,102.600,0.00,,,,,,,,,102.600,0.00,,,,,102.600,-0.01,,
102.650,0.00,102.650,0.01,,,,,,,,,102.650,0.00,,,,,102.650,0.01,,
102.700,0.00,102.700,-0.01,,,,,,,,,102.700,-0.01,,,,,102.700,-0.01,,
102.750,0.02,102.750,-0.01,,,,,,,,,102.750,-0.01,,,,,102.750,-0.01,,
102.800,0.01,102.800,0.00,,,,,,,,,102.800,-0.01,,,,,102.800,-0.02,,
102.850,0.01,102.850,-0.01,,,,,,,,,102.850,-0.01,,,,,102.850,-0.02,,
102.900,0.01,102.900,0.00,,,,,,,,,102.900,-0.01,,,,,102.900,-0.01,,
102.950,0.00,102.950,-0.01,,,,,,,,,102.950,-0.01,,,,,102.950,-0.01,,
103.000,0.00,103.000,-0.02,,,,,,,,,103.000,-0.01,,,,,103.000,-0.01,,
103.050,0.01,103.050,-0.01,,,,,,,,,103.050,-0.01,,,,,103.050,0.00,,
103.100,0.00,103.100,-0.02,,,,,,,,,103.100,-0.01,,,,,103.100,0.01,,
103.150,0.00,103.150,-0.02,,,,,,,,,103.150,-0.01,,,,,103.150,0.02,,
103.200,0.00,103.200,-0.03,,,,,,,,,103.200,-0.01,,,,,103.200,0.00,,
103.250,0.01,103.250,-0.02,,,,,,,,,103.250,0.00,,,,,103.250,0.02,,
103.300,0.01,103.300,-0.02,,,,,,,,,103.300,-0.01,,,,,103.300,0.04,,
103.350,0.02,103.350,-0.01,,,,,,,,,103.350,0.00,,,,,103.350,0.04,,
103.400,0.03,103.400,-0.01,,,,,,,,,103.400,-0.01,,,,,103.400,0.02,,
103.450,0.03,103.450,-0.02,,,,,,,,,103.450,0.00,,,,,103.450,0.03,,
103.500,0.04,103.500,-0.02,,,,,,,,,103.500,0.00,,,,,103.500,0.02,,
103.550,0.07,103.550,-0.01,,,,,,,,,103.550,0.00,,,,,103.550,0.03,,
103.600,0.16,103.600,-0.04,,,,,,,,,103.600,0.00,,,,,103.600,0.02,,
103.650,0.77,103.650,-0.03,,,,,,,,,103.650,-0.01,,,,,103.650,0.02,,
103.700,1.47,103.700,-0.02,,,,,,,,,103.700,0.00,,,,,103.700,0.02,,
103.750,0.03,103.750,-0.03,,,,,,,,,103.750,-0.01,,,,,103.750,0.02,,
103.800,0.03,103.800,-0.01,,,,,,,,,103.800,-0.01,,,,,103.800,0.02,,
103.850,-0.03,103.850,-0.02,,,,,,,,,103.850,-0.01,,,,,103.850,0.02,,
103.900,-0.03,103.900,-0.01,,,,,,,,,103.900,-0.01,,,,,103.900,0.03,,
103.950,0.00,103.950,-0.02,,,,,,,,,103.950,-0.02,,,,,103.950,0.03,,
104.000,-0.01,104.000,-0.01,,,,,,,,,104.000,-0.02,,,,,104.000,0.03,,
104.050,0.00,104.050,-0.02,,,,,,,,,104.050,-0.02,,,,,104.050,0.04,,
104.100,0.00,104.100,-0.01,,,,,,,,,104.100,-0.01,,,,,104.100,0.05,,
104.150,-0.01,104.150,0.00,,,,,,,,,104.150,-0.02,,,,,104.150,0.04,,
104.200,0.01,104.200,-0.02,,,,,,,,,104.200,-0.02,,,,,104.200,0.05,,
104.250,0.01,104.250,-0.02,,,,,,,,,104.250,-0.02,,,,,104.250,0.07,,
104.300,0.02,104.300,-0.02,,,,,,,,,104.300,-0.02,,,,,104.300,0.11,,
104.350,0.01,104.350,-0.02,,,,,,,,,104.350,-0.02,,,,,104.350,0.23,,
104.400,0.01,104.400,-0.02,,,,,,,,,104.400,-0.02,,,,,104.400,0.29,,
104.450,0.00,104.450,-0.01,,,,,,,,,104.450,-0.03,,,,,104.450,0.06,,
104.500,0.00,104.500,-0.01,,,,,,,,,104.500,-0.02,,,,,104.500,0.00,,
104.550,-0.01,104.550,-0.01,,,,,,,,,104.550,-0.02,,,,,104.550,-0.03,,
104.600,0.01,104.600,-0.01,,,,,,,,,104.600,-0.02,,,,,104.600,-0.02,,
104.650,0.00,104.650,0.00,,,,,,,,,104.650,-0.01,,,,,104.650,-0.01,,
104.700,-0.01,104.700,0.00,,,,,,,,,104.700,-0.01,,,,,104.700,-0.01,,
104.750,0.00,104.750,-0.01,,,,,,,,,104.750,-0.02,,,,,104.750,0.00,,
104.800,0.00,104.800,-0.01,,,,,,,,,104.800,-0.01,,,,,104.800,-0.01,,
104.850,0.00,104.850,-0.01,,,,,,,,,104.850,-0.02,,,,,104.850,-0.01,,
104.900,0.01,104.900,-0.01,,,,,,,,,104.900,-0.02,,,,,104.900,-0.01,,
104.950,0.01,104.950,-0.01,,,,,,,,,104.950,-0.01,,,,,104.950,-0.01,,
105.000,0.00,105.000,-0.01,,,,,,,,,105.000,-0.01,,,,,105.000,-0.01,,
105.050,0.00,105.050,-0.02,,,,,,,,,105.050,-0.01,,,,,105.050,-0.01,,
105.100,0.00,105.100,-0.02,,,,,,,,,105.100,0.00,,,,,105.100,-0.01,,
105.150,0.00,105.150,-0.02,,,,,,,,,105.150,0.00,,,,,105.150,-0.01,,
105.200,0.00,105.200,0.00,,,,,,,,,105.200,0.00,,,,,105.200,0.00,,
105.250,-0.01,105.250,-0.01,,,,,,,,,105.250,0.00,,,,,105.250,-0.01,,
105.300,-0.02,105.300,-0.01,,,,,,,,,105.300,0.00,,,,,105.300,-0.02,,
105.350,-0.01,105.350,-0.01,,,,,,,,,105.350,0.02,,,,,105.350,-0.01,,
105.400,-0.01,105.400,-0.02,,,,,,,,,105.400,0.01,,,,,105.400,-0.01,,
105.450,0.00,105.450,-0.01,,,,,,,,,105.450,0.01,,,,,105.450,-0.01,,
105.500,-0.01,105.500,-0.02,,,,,,,,,105.500,0.01,,,,,105.500,0.00,,
105.550,-0.01,105.550,-0.02,,,,,,,,,105.550,0.01,,,,,105.550,-0.01,,
105.600,-0.01,105.600,-0.02,,,,,,,,,105.600,0.01,,,,,105.600,-0.01,,
105.650,0.00,105.650,-0.02,,,,,,,,,105.650,0.03,,,,,105.650,-0.02,,
105.700,-0.01,105.700,-0.01,,,,,,,,,105.700,0.02,,,,,105.700,-0.01,,
105.750,0.00,105.750,-0.02,,,,,,,,,105.750,0.03,,,,,105.750,0.00,,
105.800,-0.01,105.800,-0.02,,,,,,,,,105.800,0.03,,,,,105.800,0.00,,
105.850,0.01,105.850,-0.02,,,,,,,,,105.850,0.04,,,,,105.850,0.00,,
105.900,0.00,105.900,-0.01,,,,,,,,,105.900,0.03,,,,,105.900,0.00,,
105.950,0.00,105.950,-0.02,,,,,,,,,105.950,0.04,,,,,105.950,0.01,,
106.000,-0.01,106.000,-0.02,,,,,,,,,106.000,0.03,,,,,106.000,0.00,,
106.050,-0.01,106.050,-0.02,,,,,,,,,106.050,0.03,,,,,106.050,-0.01,,
106.100,0.00,106.100,-0.02,,,,,,,,,106.100,0.04,,,,,106.100,0.00,,
106.150,0.00,106.150,-0.02,,,,,,,,,106.150,0.04,,,,,106.150,0.00,,
106.200,0.00,106.200,-0.02,,,,,,,,,106.200,0.02,,,,,106.200,0.00,,
106.250,0.00,106.250,-0.02,,,,,,,,,106.250,0.03,,,,,106.250,0.00,,
106.300,-0.01,106.300,-0.03,,,,,,,,,106.300,0.03,,,,,106.300,0.00,,
106.350,0.01,106.350,-0.03,,,,,,,,,106.350,0.03,,,,,106.350,0.00,,
106.400,0.00,106.400,-0.02,,,,,,,,,106.400,0.03,,,,,106.400,0.01,,
106.450,0.00,106.450,-0.02,,,,,,,,,106.450,0.04,,,,,106.450,0.01,,
106.500,-0.01,106.500,-0.02,,,,,,,,,106.500,0.04,,,,,106.500,0.01,,
106.550,0.01,106.550,-0.01,,,,,,,,,106.550,0.04,,,,,106.550,0.00,,
106.600,0.01,106.600,-0.02,,,,,,,,,106.600,0.04,,,,,106.600,0.01,,
106.650,0.00,106.650,-0.02,,,,,,,,,106.650,0.05,,,,,106.650,0.01,,
106.700,0.00,106.700,-0.02,,,,,,,,,106.700,0.04,,,,,106.700,0.00,,
106.750,0.00,106.750,-0.01,,,,,,,,,106.750,0.04,,,,,106.750,0.01,,
106.800,0.00,106.800,-0.02,,,,,,,,,106.800,0.04,,,,,106.800,0.00,,
106.850,0.00,106.850,-0.01,,,,,,,,,106.850,0.05,,,,,106.850,0.00,,
106.900,0.00,106.900,-0.02,,,,,,,,,106.900,0.04,,,,,106.900,0.01,,
106.950,-0.01,106.950,-0.02,,,,,,,,,106.950,0.04,,,,,106.950,0.00,,
107.000,0.00,107.000,-0.02,,,,,,,,,107.000,0.03,,,,,107.000,0.00,,
107.050,-0.01,107.050,-0.03,,,,,,,,,107.050,0.04,,,,,107.050,0.00,,
107.100,0.00,107.100,-0.02,,,,,,,,,107.100,0.04,,,,,107.100,0.00,,
107.150,0.00,107.150,-0.02,,,,,,,,,107.150,0.05,,,,,107.150,0.01,,
107.200,-0.01,107.200,-0.02,,,,,,,,,107.200,0.04,,,,,107.200,0.00,,
107.250,0.00,107.250,-0.01,,,,,,,,,107.250,0.04,,,,,107.250,0.00,,
107.300,0.00,107.300,-0.01,,,,,,,,,107.300,0.05,,,,,107.300,0.00,,
107.350,0.01,107.350,-0.01,,,,,,,,,107.350,0.04,,,,,107.350,0.00,,
107.400,0.01,107.400,-0.03,,,,,,,,,107.400,0.04,,,,,107.400,0.01,,
107.450,0.00,107.450,-0.02,,,,,,,,,107.450,0.04,,,,,107.450,0.00,,
107.500,-0.01,107.500,-0.02,,,,,,,,,107.500,0.04,,,,,107.500,-0.01,,
107.550,-0.01,107.550,-0.01,,,,,,,,,107.550,0.04,,,,,107.550,0.00,,
107.600,-0.01,107.600,-0.03,,,,,,,,,107.600,0.03,,,,,107.600,0.01,,
107.650,-0.01,107.650,-0.02,,,,,,,,,107.650,0.05,,,,,107.650,-0.01,,
107.700,-0.01,107.700,-0.02,,,,,,,,,107.700,0.05,,,,,107.700,0.01,,
107.750,-0.02,107.750,-0.02,,,,,,,,,107.750,0.04,,,,,107.750,0.02,,
107.800,0.00,107.800,-0.02,,,,,,,,,107.800,0.04,,,,,107.800,0.02,,
107.850,0.00,107.850,-0.02,,,,,,,,,107.850,0.05,,,,,107.850,0.01,,
107.900,0.00,107.900,-0.03,,,,,,,,,107.900,0.05,,,,,107.900,0.01,,
107.950,-0.01,107.950,-0.01,,,,,,,,,107.950,0.04,,,,,107.950,0.03,,
108.000,0.00,108.000,-0.01,,,,,,,,,108.000,0.05,,,,,108.000,0.04,,
108.050,0.00,108.050,-0.03,,,,,,,,,108.050,0.04,,,,,108.050,0.04,,
108.100,0.00,108.100,-0.02,,,,,,,,,108.100,0.05,,,,,108.100,0.05,,
108.150,0.00,108.150,-0.02,,,,,,,,,108.150,0.04,,,,,108.150,0.06,,
108.200,0.00,108.200,-0.02,,,,,,,,,108.200,0.04,,,,,108.200,0.09,,
108.250,-0.02,108.250,-0.02,,,,,,,,,108.250,0.04,,,,,108.250,0.12,,
108.300,-0.01,108.300,-0.02,,,,,,,,,108.300,0.06,,,,,108.300,0.25,,
108.350,0.00,108.350,-0.03,,,,,,,,,108.350,0.05,,,,,108.350,0.36,,
108.400,0.00,108.400,-0.03,,,,,,,,,108.400,0.06,,,,,108.400,0.08,,
108.450,0.00,108.450,-0.02,,,,,,,,,108.450,0.06,,,,,108.450,0.05,,
108.500,0.00,108.500,-0.03,,,,,,,,,108.500,0.10,,,,,108.500,-0.02,,
108.550,-0.01,108.550,-0.01,,,,,,,,,108.550,0.15,,,,,108.550,-0.01,,
108.600,-0.02,108.600,-0.01,,,,,,,,,108.600,0.21,,,,,108.600,0.00,,
108.650,-0.01,108.650,-0.01,,,,,,,,,108.650,0.28,,,,,108.650,0.00,,
108.700,-0.01,108.700,-0.01,,,,,,,,,108.700,0.33,,,,,108.700,0.00,,
108.750,0.00,108.750,-0.01,,,,,,,,,108.750,0.33,,,,,108.750,0.00,,
108.800,-0.01,108.800,-0.01,,,,,,,,,108.800,0.32,,,,,108.800,-0.01,,
108.850,-0.02,108.850,0.00,,,,,,,,,108.850,0.30,,,,,108.850,0.00,,
108.900,-0.01,108.900,0.00,,,,,,,,,108.900,0.27,,,,,108.900,0.00,,
108.950,-0.01,108.950,-0.01,,,,,,,,,108.950,0.19,,,,,108.950,0.00,,
109.000,-0.01,109.000,0.00,,,,,,,,,109.000,0.17,,,,,109.000,-0.01,,
109.050,-0.01,109.050,-0.01,,,,,,,,,109.050,0.15,,,,,109.050,0.00,,
109.100,-0.01,109.100,-0.02,,,,,,,,,109.100,0.18,,,,,109.100,0.01,,
109.150,-0.01,109.150,-0.02,,,,,,,,,109.150,0.21,,,,,109.150,-0.01,,
109.200,-0.01,109.200,-0.02,,,,,,,,,109.200,0.17,,,,,109.200,0.00,,
109.250,0.00,109.250,-0.02,,,,,,,,,109.250,0.14,,,,,109.250,0.00,,
109.300,0.00,109.300,-0.02,,,,,,,,,109.300,0.15,,,,,109.300,0.00,,
109.350,0.00,109.350,-0.02,,,,,,,,,109.350,0.15,,,,,109.350,0.00,,
109.400,-0.01,109.400,-0.02,,,,,,,,,109.400,0.17,,,,,109.400,0.00,,
109.450,-0.01,109.450,-0.01,,,,,,,,,109.450,0.18,,,,,109.450,0.00,,
109.500,0.00,109.500,-0.02,,,,,,,,,109.500,0.17,,,,,109.500,0.01,,
109.550,0.00,109.550,-0.02,,,,,,,,,109.550,0.16,,,,,109.550,0.01,,
109.600,0.00,109.600,-0.01,,,,,,,,,109.600,0.16,,,,,109.600,0.00,,
109.650,-0.01,109.650,-0.02,,,,,,,,,109.650,0.15,,,,,109.650,0.01,,
109.700,0.01,109.700,-0.02,,,,,,,,,109.700,0.15,,,,,109.700,0.01,,
109.750,0.00,109.750,-0.02,,,,,,,,,109.750,0.13,,,,,109.750,0.00,,
109.800,0.01,,,,,,,,,,,109.800,0.15,,,,,109.800,0.02,,
109.850,0.01,,,,,,,,,,,109.850,0.15,,,,,109.850,0.02,,
109.900,0.03,,,,,,,,,,,109.900,0.14,,,,,109.900,0.01,,
109.950,0.02,,,,,,,,,,,109.950,0.14,,,,,109.950,0.01,,
110.000,0.02,,,,,,,,,,,110.000,0.16,,,,,110.000,0.00,,
110.050,0.02,,,,,,,,,,,110.050,0.17,,,,,110.050,0.00,,
110.100,0.03,,,,,,,,,,,110.100,0.19,,,,,110.100,0.02,,
110.150,0.02,,,,,,,,,,,110.150,0.21,,,,,110.150,0.00,,
110.200,0.03,,,,,,,,,,,110.200,0.23,,,,,110.200,0.01,,
110.250,0.03,,,,,,,,,,,110.250,0.26,,,,,110.250,0.00,,
110.300,0.02,,,,,,,,,,,110.300,0.32,,,,,110.300,0.01,,
110.350,0.02,,,,,,,,,,,110.350,0.41,,,,,110.350,0.00,,
110.400,0.01,,,,,,,,,,,110.400,0.48,,,,,110.400,0.01,,
110.450,0.01,,,,,,,,,,,110.450,0.52,,,,,110.450,0.01,,
110.500,0.01,,,,,,,,,,,110.500,0.63,,,,,110.500,0.01,,
110.550,0.01,,,,,,,,,,,110.550,0.73,,,,,110.550,0.00,,
110.600,0.00,,,,,,,,,,,110.600,0.81,,,,,110.600,0.00,,
110.650,0.00,,,,,,,,,,,110.650,0.90,,,,,110.650,0.00,,
110.700,0.00,,,,,,,,,,,110.700,0.98,,,,,110.700,0.00,,
110.750,0.01,,,,,,,,,,,110.750,1.08,,,,,110.750,0.01,,
110.800,-0.01,,,,,,,,,,,110.800,1.16,,,,,110.800,0.00,,
110.850,-0.01,,,,,,,,,,,110.850,1.28,,,,,110.850,0.01,,
110.900,-0.02,,,,,,,,,,,110.900,1.33,,,,,110.900,0.02,,
110.950,-0.02,,,,,,,,,,,110.950,1.43,,,,,110.950,0.01,,
111.000,-0.02,,,,,,,,,,,111.000,1.56,,,,,111.000,0.01,,
111.050,-0.02,,,,,,,,,,,111.050,1.67,,,,,111.050,0.01,,
111.100,-0.02,,,,,,,,,,,111.100,0.03,,,,,111.100,0.00,,
111.150,-0.02,,,,,,,,,,,111.150,0.03,,,,,111.150,0.00,,
111.200,-0.02,,,,,,,,,,,111.200,-0.03,,,,,111.200,0.00,,
111.250,-0.03,,,,,,,,,,,111.250,-0.02,,,,,111.250,0.01,,
111.300,-0.02,,,,,,,,,,,111.300,-0.03,,,,,111.300,0.01,,
111.350,-0.01,,,,,,,,,,,111.350,-0.03,,,,,111.350,0.00,,
111.400,-0.02,,,,,,,,,,,111.400,-0.03,,,,,111.400,0.01,,
111.450,-0.01,,,,,,,,,,,111.450,-0.03,,,,,111.450,0.00,,
111.500,-0.01,,,,,,,,,,,111.500,-0.02,,,,,111.500,0.00,,
111.550,-0.02,,,,,,,,,,,111.550,-0.02,,,,,111.550,0.00,,
111.600,-0.02,,,,,,,,,,,111.600,-0.01,,,,,111.600,0.00,,
111.650,-0.01,,,,,,,,,,,111.650,-0.01,,,,,111.650,0.00,,
111.700,-0.02,,,,,,,,,,,111.700,-0.02,,,,,111.700,0.01,,
111.750,-0.02,,,,,,,,,,,111.750,-0.03,,,,,111.750,0.01,,
111.800,-0.02,,,,,,,,,,,111.800,-0.03,,,,,111.800,0.02,,
111.850,-0.02,,,,,,,,,,,111.850,-0.02,,,,,111.850,0.00,,
111.900,-0.02,,,,,,,,,,,111.900,-0.03,,,,,111.900,0.00,,
111.950,-0.01,,,,,,,,,,,111.950,-0.02,,,,,111.950,0.01,,
112.000,-0.01,,,,,,,,,,,112.000,-0.02,,,,,112.000,0.01,,
112.050,-0.02,,,,,,,,,,,112.050,-0.03,,,,,112.050,0.00,,
112.100,-0.01,,,,,,,,,,,112.100,-0.03,,,,,112.100,0.02,,
112.150,-0.01,,,,,,,,,,,112.150,-0.02,,,,,112.150,0.00,,
112.200,-0.01,,,,,,,,,,,112.200,-0.03,,,,,112.200,0.00,,
112.250,-0.01,,,,,,,,,,,112.250,-0.02,,,,,112.250,0.00,,
112.300,-0.02,,,,,,,,,,,112.300,-0.01,,,,,112.300,0.00,,
112.350,-0.02,,,,,,,,,,,112.350,-0.01,,,,,112.350,0.01,,
112.400,-0.02,,,,,,,,,,,112.400,0.00,,,,,112.400,-0.01,,
112.450,-0.02,,,,,,,,,,,112.450,0.00,,,,,112.450,-0.01,,
112.500,-0.01,,,,,,,,,,,112.500,0.00,,,,,112.500,0.00,,
112.550,0.00,,,,,,,,,,,112.550,0.01,,,,,112.550,0.01,,
112.600,-0.01,,,,,,,,,,,112.600,0.00,,,,,112.600,0.01,,
112.650,-0.01,,,,,,,,,,,112.650,0.01,,,,,112.650,0.01,,
112.700,-0.01,,,,,,,,,,,112.700,0.01,,,,,112.700,0.02,,
112.750,-0.01,,,,,,,,,,,112.750,0.00,,,,,112.750,0.03,,
112.800,-0.01,,,,,,,,,,,112.800,0.00,,,,,112.800,0.02,,
112.850,-0.01,,,,,,,,,,,112.850,-0.02,,,,,112.850,0.03,,
112.900,-0.01,,,,,,,,,,,112.900,0.00,,,,,112.900,0.03,,
112.950,-0.01,,,,,,,,,,,112.950,-0.01,,,,,112.950,0.04,,
113.000,-0.01,,,,,,,,,,,113.000,0.01,,,,,113.000,0.05,,
113.050,0.00,,,,,,,,,,,113.050,0.00,,,,,113.050,0.05,,
113.100,0.00,,,,,,,,,,,113.100,-0.01,,,,,113.100,0.06,,
113.150,0.01,,,,,,,,,,,113.150,0.01,,,,,113.150,0.07,,
113.200,0.00,,,,,,,,,,,113.200,0.01,,,,,113.200,0.07,,
113.250,0.00,,,,,,,,,,,113.250,0.02,,,,,113.250,0.09,,
113.300,0.01,,,,,,,,,,,113.300,0.01,,,,,113.300,0.14,,
113.350,-0.01,,,,,,,,,,,113.350,0.01,,,,,113.350,0.25,,
113.400,0.00,,,,,,,,,,,113.400,0.01,,,,,113.400,0.33,,
113.450,0.00,,,,,,,,,,,113.450,0.00,,,,,113.450,0.07,,
113.500,-0.01,,,,,,,,,,,113.500,0.02,,,,,113.500,0.04,,
113.550,0.00,,,,,,,,,,,113.550,0.02,,,,,113.550,-0.01,,
113.600,-0.01,,,,,,,,,,,113.600,0.01,,,,,113.600,-0.01,,
113.650,0.01,,,,,,,,,,,113.650,0.01,,,,,113.650,-0.01,,
113.700,0.00,,,,,,,,,,,113.700,0.00,,,,,113.700,-0.02,,
113.750,0.00,,,,,,,,,,,113.750,0.01,,,,,113.750,-0.01,,
113.800,0.00,,,,,,,,,,,113.800,0.01,,,,,113.800,-0.01,,
113.850,0.00,,,,,,,,,,,113.850,0.00,,,,,113.850,-0.01,,
113.900,0.00,,,,,,,,,,,113.900,0.00,,,,,113.900,-0.01,,
113.950,0.01,,,,,,,,,,,113.950,0.01,,,,,113.950,0.00,,
114.000,0.00,,,,,,,,,,,114.000,0.01,,,,,114.000,0.00,,
114.050,0.00,,,,,,,,,,,114.050,0.01,,,,,114.050,-0.01,,
114.100,0.01,,,,,,,,,,,114.100,0.01,,,,,114.100,0.00,,
114.150,0.00,,,,,,,,,,,114.150,0.01,,,,,114.150,0.00,,
114.200,0.01,,,,,,,,,,,114.200,-0.01,,,,,114.200,-0.01,,
114.250,0.00,,,,,,,,,,,114.250,0.00,,,,,114.250,-0.01,,
114.300,-0.01,,,,,,,,,,,114.300,0.00,,,,,114.300,0.00,,
114.350,-0.01,,,,,,,,,,,114.350,0.00,,,,,114.350,-0.01,,
114.400,-0.01,,,,,,,,,,,114.400,0.01,,,,,114.400,-0.01,,
114.450,-0.01,,,,,,,,,,,114.450,0.01,,,,,114.450,0.00,,
114.500,-0.02,,,,,,,,,,,114.500,0.00,,,,,114.500,0.00,,
114.550,-0.01,,,,,,,,,,,114.550,0.00,,,,,114.550,0.01,,
114.600,-0.02,,,,,,,,,,,114.600,0.00,,,,,114.600,0.01,,
114.650,-0.01,,,,,,,,,,,114.650,0.01,,,,,114.650,0.00,,
114.700,-0.02,,,,,,,,,,,114.700,0.01,,,,,114.700,-0.01,,
114.750,-0.02,,,,,,,,,,,114.750,0.01,,,,,114.750,0.00,,
114.800,-0.01,,,,,,,,,,,114.800,0.01,,,,,114.800,0.00,,
114.850,-0.02,,,,,,,,,,,114.850,0.01,,,,,114.850,-0.01,,
114.900,-0.01,,,,,,,,,,,114.900,0.01,,,,,114.900,-0.01,,
114.950,-0.02,,,,,,,,,,,114.950,0.02,,,,,114.950,-0.01,,
115.000,-0.02,,,,,,,,,,,115.000,0.02,,,,,115.000,0.00,,
115.050,-0.02,,,,,,,,,,,115.050,0.02,,,,,115.050,0.00,,
115.100,-0.01,,,,,,,,,,,115.100,0.01,,,,,115.100,0.00,,
115.150,-0.01,,,,,,,,,,,115.150,0.01,,,,,115.150,0.00,,
115.200,-0.02,,,,,,,,,,,115.200,0.02,,,,,115.200,0.00,,
115.250,-0.01,,,,,,,,,,,115.250,0.03,,,,,115.250,0.00,,
115.300,-0.02,,,,,,,,,,,115.300,0.03,,,,,115.300,0.00,,
115.350,-0.01,,,,,,,,,,,115.350,0.03,,,,,115.350,0.00,,
115.400,-0.02,,,,,,,,,,,115.400,0.03,,,,,115.400,-0.01,,
115.450,-0.01,,,,,,,,,,,115.450,0.02,,,,,115.450,0.00,,
115.500,-0.01,,,,,,,,,,,115.500,0.03,,,,,115.500,-0.01,,
115.550,-0.01,,,,,,,,,,,115.550,0.03,,,,,115.550,-0.01,,
115.600,-0.02,,,,,,,,,,,115.600,0.03,,,,,115.600,-0.01,,
115.650,-0.01,,,,,,,,,,,115.650,0.03,,,,,115.650,-0.01,,
115.700,-0.01,,,,,,,,,,,115.700,0.03,,,,,115.700,0.00,,
115.750,-0.02,,,,,,,,,,,115.750,0.04,,,,,115.750,0.00,,
115.800,0.00,,,,,,,,,,,115.800,0.03,,,,,115.800,0.00,,
115.850,0.01,,,,,,,,,,,115.850,0.03,,,,,115.850,0.01,,
115.900,0.00,,,,,,,,,,,115.900,0.04,,,,,115.900,-0.01,,
115.950,0.00,,,,,,,,,,,115.950,0.04,,,,,115.950,0.00,,
116.000,-0.01,,,,,,,,,,,116.000,0.04,,,,,116.000,0.00,,
116.050,-0.01,,,,,,,,,,,116.050,0.05,,,,,116.050,0.01,,
116.100,-0.01,,,,,,,,,,,116.100,0.05,,,,,116.100,0.01,,
116.150,-0.01,,,,,,,,,,,116.150,0.04,,,,,116.150,0.01,,
116.200,-0.01,,,,,,,,,,,116.200,0.06,,,,,116.200,0.00,,
116.250,0.00,,,,,,,,,,,116.250,0.06,,,,,116.250,-0.01,,
116.300,-0.01,,,,,,,,,,,116.300,0.07,,,,,116.300,-0.01,,
116.350,-0.01,,,,,,,,,,,116.350,0.07,,,,,116.350,-0.02,,
116.400,0.00,,,,,,,,,,,116.400,0.07,,,,,116.400,-0.01,,
116.450,0.00,,,,,,,,,,,116.450,0.08,,,,,116.450,-0.02,,
116.500,0.01,,,,,,,,,,,116.500,0.08,,,,,116.500,0.00,,
116.550,0.00,,,,,,,,,,,116.550,0.08,,,,,116.550,-0.01,,
116.600,-0.01,,,,,,,,,,,116.600,0.08,,,,,116.600,0.00,,
116.650,-0.01,,,,,,,,,,,116.650,0.07,,,,,116.650,0.00,,
116.700,0.00,,,,,,,,,,,116.700,0.08,,,,,116.700,-0.01,,
116.750,-0.01,,,,,,,,,,,116.750,0.08,,,,,116.750,-0.01,,
116.800,-0.01,,,,,,,,,,,116.800,0.08,,,,,116.800,-0.02,,
116.850,0.00,,,,,,,,,,,116.850,0.09,,,,,116.850,-0.02,,
116.900,0.00,,,,,,,,,,,116.900,0.08,,,,,116.900,-0.01,,
116.950,0.00,,,,,,,,,,,116.950,0.08,,,,,116.950,-0.01,,
117.000,-0.01,,,,,,,,,,,117.000,0.09,,,,,117.000,-0.01,,
117.050,-0.01,,,,,,,,,,,117.050,0.08,,,,,117.050,0.00,,
117.100,-0.01,,,,,,,,,,,117.100,0.10,,,,,117.100,0.00,,
117.150,-0.01,,,,,,,,,,,117.150,0.11,,,,,117.150,0.01,,
117.200,0.01,,,,,,,,,,,117.200,0.13,,,,,117.200,0.00,,
117.250,-0.01,,,,,,,,,,,117.250,0.15,,,,,117.250,0.01,,
117.300,-0.01,,,,,,,,,,,117.300,0.19,,,,,117.300,0.01,,
117.350,0.00,,,,,,,,,,,117.350,0.23,,,,,117.350,0.01,,
117.400,0.00,,,,,,,,,,,117.400,0.27,,,,,117.400,0.01,,
117.450,0.01,,,,,,,,,,,117.450,0.32,,,,,117.450,0.01,,
117.500,0.02,,,,,,,,,,,117.500,0.35,,,,,117.500,-0.01,,
117.550,0.00,,,,,,,,,,,117.550,0.41,,,,,117.550,0.00,,
117.600,0.00,,,,,,,,,,,117.600,0.52,,,,,117.600,0.00,,
117.650,-0.01,,,,,,,,,,,117.650,0.65,,,,,117.650,0.00,,
117.700,0.00,,,,,,,,,,,117.700,0.73,,,,,117.700,0.01,,
117.750,0.00,,,,,,,,,,,117.750,0.85,,,,,117.750,0.01,,
117.800,0.00,,,,,,,,,,,117.800,0.88,,,,,117.800,0.01,,
117.850,-0.01,,,,,,,,,,,117.850,0.99,,,,,117.850,0.00,,
117.900,0.00,,,,,,,,,,,117.900,0.98,,,,,117.900,0.01,,
117.950,0.00,,,,,,,,,,,117.950,1.08,,,,,117.950,0.01,,
118.000,0.00,,,,,,,,,,,118.000,1.14,,,,,118.000,0.00,,
118.050,0.00,,,,,,,,,,,118.050,1.19,,,,,118.050,0.00,,
118.100,-0.01,,,,,,,,,,,118.100,1.24,,,,,118.100,0.00,,
118.150,-0.01,,,,,,,,,,,118.150,1.27,,,,,118.150,0.00,,
118.200,0.00,,,,,,,,,,,118.200,1.33,,,,,118.200,0.00,,
118.250,0.01,,,,,,,,,,,118.250,1.49,,,,,118.250,-0.01,,
118.300,-0.01,,,,,,,,,,,118.300,1.48,,,,,118.300,0.01,,
118.350,-0.01,,,,,,,,,,,118.350,1.53,,,,,118.350,0.00,,
118.400,-0.01,,,,,,,,,,,118.400,1.50,,,,,118.400,-0.01,,
118.450,-0.02,,,,,,,,,,,118.450,1.57,,,,,118.450,0.00,,
118.500,-0.02,,,,,,,,,,,118.500,1.61,,,,,118.500,0.00,,
118.550,-0.01,,,,,,,,,,,118.550,1.66,,,,,118.550,0.00,,
118.600,0.00,,,,,,,,,,,118.600,1.66,,,,,118.600,0.00,,
118.650,0.00,,,,,,,,,,,118.650,1.64,,,,,118.650,-0.02,,
118.700,-0.01,,,,,,,,,,,118.700,1.63,,,,,118.700,-0.02,,
118.750,0.00,,,,,,,,,,,118.750,1.58,,,,,118.750,-0.01,,
118.800,-0.01,,,,,,,,,,,118.800,1.51,,,,,118.800,-0.01,,
118.850,-0.01,,,,,,,,,,,118.850,1.54,,,,,118.850,0.00,,
118.900,-0.01,,,,,,,,,,,118.900,1.48,,,,,118.900,0.00,,
118.950,-0.01,,,,,,,,,,,118.950,1.46,,,,,118.950,-0.01,,
119.000,-0.01,,,,,,,,,,,119.000,1.44,,,,,119.000,-0.01,,
119.050,0.00,,,,,,,,,,,119.050,1.56,,,,,119.050,-0.02,,
119.100,0.01,,,,,,,,,,,119.100,1.69,,,,,119.100,-0.01,,
119.150,0.01,,,,,,,,,,,119.150,0.41,,,,,119.150,-0.01,,
119.200,0.02,,,,,,,,,,,119.200,0.05,,,,,119.200,0.00,,
119.250,0.06,,,,,,,,,,,119.250,-0.02,,,,,119.250,-0.01,,
119.300,0.04,,,,,,,,,,,119.300,-0.04,,,,,119.300,-0.01,,
119.350,0.16,,,,,,,,,,,119.350,-0.04,,,,,119.350,0.00,,
119.400,0.07,,,,,,,,,,,119.400,-0.04,,,,,119.400,0.00,,
119.450,0.08,,,,,,,,,,,119.450,-0.04,,,,,119.450,0.00,,
119.500,0.11,,,,,,,,,,,119.500,-0.04,,,,,119.500,0.00,,
119.550,0.06,,,,,,,,,,,119.550,-0.04,,,,,119.550,-0.01,,
119.600,0.09,,,,,,,,,,,119.600,-0.04,,,,,119.600,-0.01,,
119.650,0.08,,,,,,,,,,,119.650,-0.05,,,,,119.650,-0.01,,
119.700,0.07,,,,,,,,,,,119.700,-0.05,,,,,119.700,-0.01,,
119.750,0.10,,,,,,,,,,,119.750,-0.04,,,,,119.750,-0.01,,
119.800,0.11,,,,,,,,,,,119.800,-0.03,,,,,119.800,-0.01,,
119.850,0.10,,,,,,,,,,,119.850,-0.02,,,,,119.850,0.00,,
119.900,0.10,,,,,,,,,,,119.900,-0.03,,,,,119.900,-0.01,,
119.950,0.11,,,,,,,,,,,119.950,-0.04,,,,,119.950,0.00,,
120.000,0.09,,,,,,,,,,,120.000,-0.03,,,,,120.000,0.00,,
120.050,0.08,,,,,,,,,,,120.050,-0.03,,,,,120.050,0.00,,
120.100,0.08,,,,,,,,,,,120.100,-0.02,,,,,120.100,0.01,,
120.150,0.08,,,,,,,,,,,120.150,-0.03,,,,,120.150,0.00,,
120.200,0.09,,,,,,,,,,,120.200,-0.02,,,,,120.200,0.00,,
120.250,0.09,,,,,,,,,,,120.250,-0.03,,,,,120.250,0.00,,
120.300,0.10,,,,,,,,,,,120.300,-0.03,,,,,120.300,0.00,,
120.350,0.14,,,,,,,,,,,120.350,-0.03,,,,,120.350,0.00,,
120.400,0.13,,,,,,,,,,,120.400,-0.04,,,,,120.400,0.01,,
120.450,0.15,,,,,,,,,,,120.450,-0.05,,,,,120.450,0.00,,
120.500,0.18,,,,,,,,,,,120.500,-0.04,,,,,,,,
120.550,0.15,,,,,,,,,,,120.550,-0.03,,,,,,,,
120.600,0.09,,,,,,,,,,,120.600,-0.04,,,,,,,,
120.650,0.08,,,,,,,,,,,120.650,-0.03,,,,,,,,
120.700,0.09,,,,,,,,,,,120.700,-0.03,,,,,,,,
120.750,0.09,,,,,,,,,,,120.750,-0.03,,,,,,,,
120.800,0.10,,,,,,,,,,,120.800,-0.03,,,,,,,,
120.850,0.16,,,,,,,,,,,120.850,-0.04,,,,,,,,
120.900,0.21,,,,,,,,,,,120.900,-0.04,,,,,,,,
120.950,0.24,,,,,,,,,,,120.950,-0.04,,,,,,,,
121.000,0.27,,,,,,,,,,,121.000,-0.04,,,,,,,,
121.050,0.26,,,,,,,,,,,121.050,-0.04,,,,,,,,
121.100,0.49,,,,,,,,,,,121.100,-0.03,,,,,,,,
121.150,0.69,,,,,,,,,,,121.150,-0.04,,,,,,,,
121.200,0.45,,,,,,,,,,,121.200,-0.04,,,,,,,,
121.250,0.30,,,,,,,,,,,121.250,-0.03,,,,,,,,
121.300,0.30,,,,,,,,,,,121.300,-0.04,,,,,,,,
121.350,0.36,,,,,,,,,,,121.350,-0.04,,,,,,,,
121.400,0.29,,,,,,,,,,,121.400,-0.04,,,,,,,,
121.450,0.24,,,,,,,,,,,121.450,-0.04,,,,,,,,
121.500,0.21,,,,,,,,,,,121.500,-0.04,,,,,,,,
121.550,0.18,,,,,,,,,,,121.550,-0.03,,,,,,,,
121.600,0.15,,,,,,,,,,,121.600,-0.03,,,,,,,,
121.650,0.09,,,,,,,,,,,121.650,-0.03,,,,,,,,
121.700,0.06,,,,,,,,,,,121.700,-0.04,,,,,,,,
121.750,0.07,,,,,,,,,,,121.750,-0.03,,,,,,,,
121.800,0.08,,,,,,,,,,,121.800,-0.04,,,,,,,,
121.850,0.10,,,,,,,,,,,121.850,-0.03,,,,,,,,
121.900,0.14,,,,,,,,,,,121.900,-0.04,,,,,,,,
121.950,0.31,,,,,,,,,,,121.950,-0.04,,,,,,,,
122.000,0.55,,,,,,,,,,,122.000,-0.04,,,,,,,,
122.050,0.50,,,,,,,,,,,122.050,-0.04,,,,,,,,
122.100,0.38,,,,,,,,,,,122.100,-0.04,,,,,,,,
122.150,0.30,,,,,,,,,,,122.150,-0.03,,,,,,,,
122.200,0.28,,,,,,,,,,,122.200,-0.03,,,,,,,,
122.250,0.26,,,,,,,,,,,122.250,-0.05,,,,,,,,
122.300,0.27,,,,,,,,,,,122.300,-0.05,,,,,,,,
122.350,0.25,,,,,,,,,,,122.350,-0.04,,,,,,,,
122.400,0.21,,,,,,,,,,,122.400,-0.04,,,,,,,,
122.450,0.23,,,,,,,,,,,122.450,-0.04,,,,,,,,
122.500,0.24,,,,,,,,,,,122.500,-0.05,,,,,,,,
122.550,0.22,,,,,,,,,,,122.550,-0.05,,,,,,,,
122.600,0.20,,,,,,,,,,,122.600,-0.04,,,,,,,,
122.650,0.19,,,,,,,,,,,122.650,-0.05,,,,,,,,
122.700,0.18,,,,,,,,,,,122.700,-0.05,,,,,,,,
122.750,0.17,,,,,,,,,,,122.750,-0.04,,,,,,,,
122.800,0.13,,,,,,,,,,,122.800,-0.03,,,,,,,,
122.850,0.12,,,,,,,,,,,122.850,-0.03,,,,,,,,
122.900,0.13,,,,,,,,,,,122.900,-0.04,,,,,,,,
122.950,0.11,,,,,,,,,,,122.950,-0.04,,,,,,,,
123.000,0.13,,,,,,,,,,,123.000,-0.04,,,,,,,,
123.050,0.13,,,,,,,,,,,123.050,-0.04,,,,,,,,
123.100,0.16,,,,,,,,,,,123.100,-0.05,,,,,,,,
123.150,0.13,,,,,,,,,,,123.150,-0.04,,,,,,,,
123.200,0.12,,,,,,,,,,,123.200,-0.03,,,,,,,,
123.250,0.09,,,,,,,,,,,123.250,-0.04,,,,,,,,
123.300,0.07,,,,,,,,,,,123.300,-0.03,,,,,,,,
123.350,0.06,,,,,,,,,,,123.350,-0.04,,,,,,,,
123.400,0.06,,,,,,,,,,,123.400,-0.04,,,,,,,,
123.450,0.06,,,,,,,,,,,123.450,-0.04,,,,,,,,
123.500,0.07,,,,,,,,,,,123.500,-0.04,,,,,,,,
123.550,0.06,,,,,,,,,,,123.550,-0.04,,,,,,,,
123.600,0.07,,,,,,,,,,,123.600,-0.04,,,,,,,,
123.650,0.06,,,,,,,,,,,123.650,-0.04,,,,,,,,
123.700,0.05,,,,,,,,,,,123.700,-0.04,,,,,,,,
123.750,0.06,,,,,,,,,,,123.750,-0.04,,,,,,,,
123.800,0.07,,,,,,,,,,,123.800,-0.03,,,,,,,,
123.850,0.06,,,,,,,,,,,123.850,-0.03,,,,,,,,
123.900,0.05,,,,,,,,,,,123.900,-0.02,,,,,,,,
123.950,0.06,,,,,,,,,,,123.950,-0.03,,,,,,,,
124.000,0.06,,,,,,,,,,,124.000,-0.02,,,,,,,,
124.050,0.06,,,,,,,,,,,124.050,-0.03,,,,,,,,
124.100,0.06,,,,,,,,,,,124.100,-0.02,,,,,,,,
124.150,0.07,,,,,,,,,,,124.150,-0.03,,,,,,,,
124.200,0.06,,,,,,,,,,,124.200,-0.03,,,,,,,,
124.250,0.06,,,,,,,,,,,124.250,-0.02,,,,,,,,
124.300,0.06,,,,,,,,,,,124.300,-0.03,,,,,,,,
124.350,0.07,,,,,,,,,,,124.350,-0.03,,,,,,,,
124.400,0.07,,,,,,,,,,,124.400,-0.04,,,,,,,,
124.450,0.06,,,,,,,,,,,124.450,-0.04,,,,,,,,
124.500,0.05,,,,,,,,,,,124.500,-0.03,,,,,,,,
124.550,0.04,,,,,,,,,,,124.550,-0.03,,,,,,,,
124.600,0.04,,,,,,,,,,,124.600,-0.03,,,,,,,,
124.650,0.04,,,,,,,,,,,124.650,-0.02,,,,,,,,
124.700,0.04,,,,,,,,,,,124.700,-0.03,,,,,,,,
124.750,0.04,,,,,,,,,,,124.750,-0.03,,,,,,,,
124.800,0.04,,,,,,,,,,,124.800,-0.03,,,,,,,,
124.850,0.04,,,,,,,,,,,124.850,-0.04,,,,,,,,
124.900,0.04,,,,,,,,,,,124.900,-0.03,,,,,,,,
124.950,0.05,,,,,,,,,,,124.950,-0.03,,,,,,,,
125.000,0.04,,,,,,,,,,,125.000,-0.04,,,,,,,,
125.050,0.04,,,,,,,,,,,125.050,-0.04,,,,,,,,
125.100,0.05,,,,,,,,,,,125.100,-0.04,,,,,,,,
125.150,0.04,,,,,,,,,,,125.150,-0.04,,,,,,,,
125.200,0.05,,,,,,,,,,,125.200,-0.04,,,,,,,,
125.250,0.04,,,,,,,,,,,125.250,-0.02,,,,,,,,
125.300,0.05,,,,,,,,,,,125.300,-0.04,,,,,,,,
125.350,0.05,,,,,,,,,,,125.350,-0.04,,,,,,,,
125.400,0.04,,,,,,,,,,,125.400,-0.04,,,,,,,,
125.450,0.04,,,,,,,,,,,125.450,-0.04,,,,,,,,
125.500,0.05,,,,,,,,,,,125.500,-0.04,,,,,,,,
125.550,0.04,,,,,,,,,,,125.550,-0.04,,,,,,,,
125.600,0.04,,,,,,,,,,,125.600,-0.05,,,,,,,,
125.650,0.04,,,,,,,,,,,125.650,-0.04,,,,,,,,
125.700,0.04,,,,,,,,,,,125.700,-0.04,,,,,,,,
125.750,0.05,,,,,,,,,,,125.750,-0.04,,,,,,,,
125.800,0.05,,,,,,,,,,,125.800,-0.04,,,,,,,,
125.850,0.06,,,,,,,,,,,125.850,-0.04,,,,,,,,
125.900,0.07,,,,,,,,,,,125.900,-0.04,,,,,,,,
125.950,0.06,,,,,,,,,,,125.950,-0.04,,,,,,,,
126.000,0.06,,,,,,,,,,,126.000,-0.04,,,,,,,,
126.050,0.08,,,,,,,,,,,126.050,-0.04,,,,,,,,
126.100,0.09,,,,,,,,,,,126.100,-0.05,,,,,,,,
126.150,0.11,,,,,,,,,,,126.150,-0.04,,,,,,,,
126.200,0.10,,,,,,,,,,,126.200,-0.04,,,,,,,,
126.250,0.07,,,,,,,,,,,126.250,-0.04,,,,,,,,
126.300,0.08,,,,,,,,,,,126.300,-0.04,,,,,,,,
126.350,0.09,,,,,,,,,,,126.350,-0.04,,,,,,,,
126.400,0.10,,,,,,,,,,,126.400,-0.04,,,,,,,,
126.450,0.08,,,,,,,,,,,126.450,-0.04,,,,,,,,
126.500,0.09,,,,,,,,,,,126.500,-0.04,,,,,,,,
126.550,0.09,,,,,,,,,,,126.550,-0.03,,,,,,,,
126.600,0.08,,,,,,,,,,,126.600,-0.04,,,,,,,,
126.650,0.08,,,,,,,,,,,126.650,-0.04,,,,,,,,
126.700,0.11,,,,,,,,,,,126.700,-0.04,,,,,,,,
126.750,0.12,,,,,,,,,,,126.750,-0.05,,,,,,,,
126.800,0.12,,,,,,,,,,,126.800,-0.04,,,,,,,,
126.850,0.10,,,,,,,,,,,126.850,-0.04,,,,,,,,
126.900,0.08,,,,,,,,,,,126.900,-0.04,,,,,,,,
126.950,0.08,,,,,,,,,,,126.950,-0.05,,,,,,,,
127.000,0.09,,,,,,,,,,,127.000,-0.04,,,,,,,,
127.050,0.08,,,,,,,,,,,127.050,-0.05,,,,,,,,
127.100,0.08,,,,,,,,,,,127.100,-0.04,,,,,,,,
127.150,0.08,,,,,,,,,,,127.150,-0.04,,,,,,,,
127.200,0.08,,,,,,,,,,,127.200,-0.04,,,,,,,,
127.250,0.09,,,,,,,,,,,127.250,-0.04,,,,,,,,
127.300,0.08,,,,,,,,,,,127.300,-0.05,,,,,,,,
127.350,0.08,,,,,,,,,,,127.350,-0.04,,,,,,,,
127.400,0.08,,,,,,,,,,,127.400,-0.03,,,,,,,,
127.450,0.08,,,,,,,,,,,127.450,-0.04,,,,,,,,
127.500,0.08,,,,,,,,,,,127.500,-0.04,,,,,,,,
127.550,0.08,,,,,,,,,,,127.550,-0.04,,,,,,,,
127.600,0.08,,,,,,,,,,,127.600,-0.05,,,,,,,,
127.650,0.09,,,,,,,,,,,127.650,-0.04,,,,,,,,
127.700,0.08,,,,,,,,,,,127.700,-0.04,,,,,,,,
127.750,0.09,,,,,,,,,,,127.750,-0.05,,,,,,,,
127.800,0.08,,,,,,,,,,,127.800,-0.04,,,,,,,,
127.850,0.08,,,,,,,,,,,127.850,-0.04,,,,,,,,
127.900,0.08,,,,,,,,,,,127.900,-0.04,,,,,,,,
127.950,0.15,,,,,,,,,,,127.950,-0.04,,,,,,,,
128.000,0.18,,,,,,,,,,,,,,,,,,,,
128.050,0.19,,,,,,,,,,,,,,,,,,,,
128.100,0.18,,,,,,,,,,,,,,,,,,,,
128.150,0.18,,,,,,,,,,,,,,,,,,,,
128.200,0.18,,,,,,,,,,,,,,,,,,,,
128.250,0.19,,,,,,,,,,,,,,,,,,,,
128.300,0.19,,,,,,,,,,,,,,,,,,,,
128.350,0.20,,,,,,,,,,,,,,,,,,,,
128.400,0.22,,,,,,,,,,,,,,,,,,,,
128.450,0.22,,,,,,,,,,,,,,,,,,,,
128.500,0.21,,,,,,,,,,,,,,,,,,,,
128.550,0.28,,,,,,,,,,,,,,,,,,,,
128.600,0.93,,,,,,,,,,,,,,,,,,,,
128.650,1.63,,,,,,,,,,,,,,,,,,,,
128.700,0.08,,,,,,,,,,,,,,,,,,,,
128.750,0.05,,,,,,,,,,,,,,,,,,,,
128.800,-0.01,,,,,,,,,,,,,,,,,,,,
128.850,-0.01,,,,,,,,,,,,,,,,,,,,
128.900,0.00,,,,,,,,,,,,,,,,,,,,
128.950,0.01,,,,,,,,,,,,,,,,,,,,
129.000,-0.01,,,,,,,,,,,,,,,,,,,,
129.050,0.00,,,,,,,,,,,,,,,,,,,,
129.100,-0.01,,,,,,,,,,,,,,,,,,,,
129.150,-0.01,,,,,,,,,,,,,,,,,,,,
129.200,-0.01,,,,,,,,,,,,,,,,,,,,
129.250,-0.01,,,,,,,,,,,,,,,,,,,,
129.300,-0.01,,,,,,,,,,,,,,,,,,,,
129.350,0.00,,,,,,,,,,,,,,,,,,,,
129.400,-0.01,,,,,,,,,,,,,,,,,,,,
129.450,-0.01,,,,,,,,,,,,,,,,,,,,
129.500,-0.02,,,,,,,,,,,,,,,,,,,,
129.550,-0.02,,,,,,,,,,,,,,,,,,,,
129.600,-0.01,,,,,,,,,,,,,,,,,,,,
129.650,-0.01,,,,,,,,,,,,,,,,,,,,
129.700,-0.01,,,,,,,,,,,,,,,,,,,,
129.750,-0.01,,,,,,,,,,,,,,,,,,,,
129.800,-0.02,,,,,,,,,,,,,,,,,,,,
129.850,-0.02,,,,,,,,,,,,,,,,,,,,
129.900,-0.02,,,,,,,,,,,,,,,,,,,,
129.950,-0.02,,,,,,,,,,,,,,,,,,,,
130.000,-0.01,,,,,,,,,,,,,,,,,,,,
130.050,0.00,,,,,,,,,,,,,,,,,,,,
130.100,0.00,,,,,,,,,,,,,,,,,,,,
130.150,-0.01,,,,,,,,,,,,,,,,,,,,
130.200,-0.01,,,,,,,,,,,,,,,,,,,,
130.250,-0.01,,,,,,,,,,,,,,,,,,,,
130.300,-0.01,,,,,,,,,,,,,,,,,,,,
130.350,-0.01,,,,,,,,,,,,,,,,,,,,
130.400,-0.01,,,,,,,,,,,,,,,,,,,,
130.450,-0.01,,,,,,,,,,,,,,,,,,,,
130.500,-0.01,,,,,,,,,,,,,,,,,,,,
130.550,-0.01,,,,,,,,,,,,,,,,,,,,
130.600,-0.01,,,,,,,,,,,,,,,,,,,,
130.650,0.00,,,,,,,,,,,,,,,,,,,,
130.700,-0.01,,,,,,,,,,,,,,,,,,,,
130.750,-0.01,,,,,,,,,,,,,,,,,,,,
130.800,-0.02,,,,,,,,,,,,,,,,,,,,
130.850,-0.01,,,,,,,,,,,,,,,,,,,,
130.900,-0.02,,,,,,,,,,,,,,,,,,,,
130.950,-0.01,,,,,,,,,,,,,,,,,,,,
131.000,-0.02,,,,,,,,,,,,,,,,,,,,
131.050,-0.01,,,,,,,,,,,,,,,,,,,,
131.100,-0.02,,,,,,,,,,,,,,,,,,,,
131.150,-0.02,,,,,,,,,,,,,,,,,,,,
131.200,-0.02,,,,,,,,,,,,,,,,,,,,
131.250,-0.02,,,,,,,,,,,,,,,,,,,,
131.300,-0.02,,,,,,,,,,,,,,,,,,,,
131.350,-0.01,,,,,,,,,,,,,,,,,,,,
131.400,-0.02,,,,,,,,,,,,,,,,,,,,
131.450,-0.03,,,,,,,,,,,,,,,,,,,,
131.500,-0.02,,,,,,,,,,,,,,,,,,,,
131.550,-0.01,,,,,,,,,,,,,,,,,,,,
131.600,-0.03,,,,,,,,,,,,,,,,,,,,
131.650,-0.01,,,,,,,,,,,,,,,,,,,,
131.700,-0.02,,,,,,,,,,,,,,,,,,,,
131.750,-0.03,,,,,,,,,,,,,,,,,,,,
131.800,-0.02,,,,,,,,,,,,,,,,,,,,
131.850,-0.01,,,,,,,,,,,,,,,,,,,,
131.900,-0.01,,,,,,,,,,,,,,,,,,,,
131.950,-0.01,,,,,,,,,,,,,,,,,,,,
132.000,-0.01,,,,,,,,,,,,,,,,,,,,
132.050,-0.01,,,,,,,,,,,,,,,,,,,,
132.100,-0.01,,,,,,,,,,,,,,,,,,,,
132.150,-0.02,,,,,,,,,,,,,,,,,,,,
132.200,-0.02,,,,,,,,,,,,,,,,,,,,
132.250,-0.01,,,,,,,,,,,,,,,,,,,,
132.300,-0.01,,,,,,,,,,,,,,,,,,,,
132.350,0.00,,,,,,,,,,,,,,,,,,,,
132.400,-0.01,,,,,,,,,,,,,,,,,,,,
132.450,-0.01,,,,,,,,,,,,,,,,,,,,
132.500,-0.01,,,,,,,,,,,,,,,,,,,,
132.550,0.00,,,,,,,,,,,,,,,,,,,,
132.600,-0.01,,,,,,,,,,,,,,,,,,,,
132.650,-0.01,,,,,,,,,,,,,,,,,,,,
132.700,-0.01,,,,,,,,,,,,,,,,,,,,
132.750,0.00,,,,,,,,,,,,,,,,,,,,
132.800,0.00,,,,,,,,,,,,,,,,,,,,
132.850,0.00,,,,,,,,,,,,,,,,,,,,
132.900,0.01,,,,,,,,,,,,,,,,,,,,
132.950,0.01,,,,,,,,,,,,,,,,,,,,
133.000,0.01,,,,,,,,,,,,,,,,,,,,
133.050,0.01,,,,,,,,,,,,,,,,,,,,
133.100,0.01,,,,,,,,,,,,,,,,,,,,
133.150,0.01,,,,,,,,,,,,,,,,,,,,
133.200,0.01,,,,,,,,,,,,,,,,,,,,
133.250,0.01,,,,,,,,,,,,,,,,,,,,
133.300,0.00,,,,,,,,,,,,,,,,,,,,
133.350,0.01,,,,,,,,,,,,,,,,,,,,
133.400,0.01,,,,,,,,,,,,,,,,,,,,
133.450,0.01,,,,,,,,,,,,,,,,,,,,
133.500,0.02,,,,,,,,,,,,,,,,,,,,
133.550,0.01,,,,,,,,,,,,,,,,,,,,
133.600,0.02,,,,,,,,,,,,,,,,,,,,
133.650,0.00,,,,,,,,,,,,,,,,,,,,
133.700,-0.01,,,,,,,,,,,,,,,,,,,,
133.750,0.00,,,,,,,,,,,,,,,,,,,,
133.800,-0.01,,,,,,,,,,,,,,,,,,,,
133.850,0.00,,,,,,,,,,,,,,,,,,,,
133.900,0.00,,,,,,,,,,,,,,,,,,,,
133.950,-0.01,,,,,,,,,,,,,,,,,,,,
134.000,-0.01,,,,,,,,,,,,,,,,,,,,
134.050,-0.01,,,,,,,,,,,,,,,,,,,,
134.100,-0.01,,,,,,,,,,,,,,,,,,,,
134.150,-0.01,,,,,,,,,,,,,,,,,,,,
134.200,-0.01,,,,,,,,,,,,,,,,,,,,
134.250,0.00,,,,,,,,,,,,,,,,,,,,
134.300,0.00,,,,,,,,,,,,,,,,,,,,
134.350,0.01,,,,,,,,,,,,,,,,,,,,
134.400,0.00,,,,,,,,,,,,,,,,,,,,
134.450,-0.01,,,,,,,,,,,,,,,,,,,,
134.500,0.01,,,,,,,,,,,,,,,,,,,,
134.550,0.00,,,,,,,,,,,,,,,,,,,,
134.600,-0.01,,,,,,,,,,,,,,,,,,,,
134.650,0.00,,,,,,,,,,,,,,,,,,,,
134.700,0.01,,,,,,,,,,,,,,,,,,,,
134.750,-0.02,,,,,,,,,,,,,,,,,,,,
134.800,-0.01,,,,,,,,,,,,,,,,,,,,
134.850,0.00,,,,,,,,,,,,,,,,,,,,
134.900,0.00,,,,,,,,,,,,,,,,,,,,
134.950,0.01,,,,,,,,,,,,,,,,,,,,
135.000,0.01,,,,,,,,,,,,,,,,,,,,
135.050,0.01,,,,,,,,,,,,,,,,,,,,
135.100,0.01,,,,,,,,,,,,,,,,,,,,
135.150,0.00,,,,,,,,,,,,,,,,,,,,
135.200,0.00,,,,,,,,,,,,,,,,,,,,
135.250,-0.01,,,,,,,,,,,,,,,,,,,,
135.300,-0.01,,,,,,,,,,,,,,,,,,,,
135.350,0.00,,,,,,,,,,,,,,,,,,,,
135.400,0.01,,,,,,,,,,,,,,,,,,,,
135.450,0.00,,,,,,,,,,,,,,,,,,,,
135.500,0.02,,,,,,,,,,,,,,,,,,,,
135.550,0.01,,,,,,,,,,,,,,,,,,,,
135.600,-0.01,,,,,,,,,,,,,,,,,,,,
135.650,0.00,,,,,,,,,,,,,,,,,,,,
135.700,0.00,,,,,,,,,,,,,,,,,,,,
135.750,-0.01,,,,,,,,,,,,,,,,,,,,
135.800,-0.01,,,,,,,,,,,,,,,,,,,,
135.850,-0.01,,,,,,,,,,,,,,,,,,,,
135.900,0.00,,,,,,,,,,,,,,,,,,,,
135.950,-0.01,,,,,,,,,,,,,,,,,,,,
136.000,-0.01,,,,,,,,,,,,,,,,,,,,
136.050,0.01,,,,,,,,,,,,,,,,,,,,
136.100,0.02,,,,,,,,,,,,,,,,,,,,
136.150,0.03,,,,,,,,,,,,,,,,,,,,
136.200,0.04,,,,,,,,,,,,,,,,,,,,
136.250,0.05,,,,,,,,,,,,,,,,,,,,
136.300,0.21,,,,,,,,,,,,,,,,,,,,
136.350,0.38,,,,,,,,,,,,,,,,,,,,
136.400,0.03,,,,,,,,,,,,,,,,,,,,
136.450,-0.04,,,,,,,,,,,,,,,,,,,,
136.500,-0.03,,,,,,,,,,,,,,,,,,,,
136.550,-0.01,,,,,,,,,,,,,,,,,,,,
136.600,-0.01,,,,,,,,,,,,,,,,,,,,
136.650,-0.01,,,,,,,,,,,,,,,,,,,,
136.700,0.01,,,,,,,,,,,,,,,,,,,,
136.750,0.00,,,,,,,,,,,,,,,,,,,,
136.800,-0.01,,,,,,,,,,,,,,,,,,,,
136.850,0.00,,,,,,,,,,,,,,,,,,,,
136.900,0.00,,,,,,,,,,,,,,,,,,,,
136.950,0.00,,,,,,,,,,,,,,,,,,,,
137.000,0.00,,,,,,,,,,,,,,,,,,,,
137.050,0.02,,,,,,,,,,,,,,,,,,,,
137.100,0.01,,,,,,,,,,,,,,,,,,,,
137.150,0.01,,,,,,,,,,,,,,,,,,,,
137.200,0.01,,,,,,,,,,,,,,,,,,,,
137.250,0.00,,,,,,,,,,,,,,,,,,,,
137.300,0.01,,,,,,,,,,,,,,,,,,,,
137.350,0.01,,,,,,,,,,,,,,,,,,,,
137.400,0.00,,,,,,,,,,,,,,,,,,,,
137.450,0.00,,,,,,,,,,,,,,,,,,,,
137.500,0.00,,,,,,,,,,,,,,,,,,,,
137.550,0.01,,,,,,,,,,,,,,,,,,,,
137.600,0.00,,,,,,,,,,,,,,,,,,,,
137.650,0.00,,,,,,,,,,,,,,,,,,,,
137.700,-0.01,,,,,,,,,,,,,,,,,,,,
137.750,0.00,,,,,,,,,,,,,,,,,,,,
137.800,0.00,,,,,,,,,,,,,,,,,,,,
137.850,-0.01,,,,,,,,,,,,,,,,,,,,
137.900,-0.01,,,,,,,,,,,,,,,,,,,,
137.950,-0.01,,,,,,,,,,,,,,,,,,,,
138.000,0.00,,,,,,,,,,,,,,,,,,,,
138.050,-0.01,,,,,,,,,,,,,,,,,,,,
138.100,0.00,,,,,,,,,,,,,,,,,,,,
138.150,-0.01,,,,,,,,,,,,,,,,,,,,
138.200,0.00,,,,,,,,,,,,,,,,,,,,
138.250,0.00,,,,,,,,,,,,,,,,,,,,
138.300,0.00,,,,,,,,,,,,,,,,,,,,
138.350,-0.01,,,,,,,,,,,,,,,,,,,,
138.400,-0.01,,,,,,,,,,,,,,,,,,,,
138.450,-0.02,,,,,,,,,,,,,,,,,,,,
138.500,-0.02,,,,,,,,,,,,,,,,,,,,
138.550,-0.02,,,,,,,,,,,,,,,,,,,,
138.600,-0.01,,,,,,,,,,,,,,,,,,,,
138.650,-0.02,,,,,,,,,,,,,,,,,,,,
138.700,-0.02,,,,,,,,,,,,,,,,,,,,
138.750,-0.02,,,,,,,,,,,,,,,,,,,,
138.800,-0.01,,,,,,,,,,,,,,,,,,,,
138.850,-0.01,,,,,,,,,,,,,,,,,,,,
138.900,-0.01,,,,,,,,,,,,,,,,,,,,
138.950,-0.02,,,,,,,,,,,,,,,,,,,,
139.000,-0.01,,,,,,,,,,,,,,,,,,,,
139.050,0.00,,,,,,,,,,,,,,,,,,,,
139.100,0.00,,,,,,,,,,,,,,,,,,,,
139.150,-0.01,,,,,,,,,,,,,,,,,,,,
139.200,-0.01,,,,,,,,,,,,,,,,,,,,
139.250,-0.01,,,,,,,,,,,,,,,,,,,,
139.300,-0.01,,,,,,,,,,,,,,,,,,,,
139.350,-0.01,,,,,,,,,,,,,,,,,,,,
139.400,-0.02,,,,,,,,,,,,,,,,,,,,
139.450,-0.01,,,,,,,,,,,,,,,,,,,,
139.500,-0.01,,,,,,,,,,,,,,,,,,,,
139.550,0.00,,,,,,,,,,,,,,,,,,,,
139.600,-0.01,,,,,,,,,,,,,,,,,,,,
139.650,0.00,,,,,,,,,,,,,,,,,,,,
139.700,0.00,,,,,,,,,,,,,,,,,,,,
139.750,-0.02,,,,,,,,,,,,,,,,,,,,
139.800,-0.01,,,,,,,,,,,,,,,,,,,,
139.850,0.00,,,,,,,,,,,,,,,,,,,,
139.900,0.00,,,,,,,,,,,,,,,,,,,,
139.950,0.00,,,,,,,,,,,,,,,,,,,,
140.000,0.01,,,,,,,,,,,,,,,,,,,,
140.050,0.00,,,,,,,,,,,,,,,,,,,,
140.100,0.00,,,,,,,,,,,,,,,,,,,,
140.150,0.00,,,,,,,,,,,,,,,,,,,,
140.200,0.00,,,,,,,,,,,,,,,,,,,,
140.250,0.00,,,,,,,,,,,,,,,,,,,,
140.300,-0.01,,,,,,,,,,,,,,,,,,,,
140.350,0.00,,,,,,,,,,,,,,,,,,,,
140.400,0.00,,,,,,,,,,,,,,,,,,,,
140.450,-0.01,,,,,,,,,,,,,,,,,,,,
140.500,-0.02,,,,,,,,,,,,,,,,,,,,
140.550,-0.01,,,,,,,,,,,,,,,,,,,,
140.600,0.00,,,,,,,,,,,,,,,,,,,,
140.650,0.00,,,,,,,,,,,,,,,,,,,,
140.700,0.00,,,,,,,,,,,,,,,,,,,,
140.750,-0.01,,,,,,,,,,,,,,,,,,,,
140.800,-0.01,,,,,,,,,,,,,,,,,,,,
140.850,-0.02,,,,,,,,,,,,,,,,,,,,
140.900,-0.01,,,,,,,,,,,,,,,,,,,,
140.950,-0.01,,,,,,,,,,,,,,,,,,,,
141.000,-0.02,,,,,,,,,,,,,,,,,,,,
141.050,-0.02,,,,,,,,,,,,,,,,,,,,
141.100,-0.01,,,,,,,,,,,,,,,,,,,,
141.150,-0.01,,,,,,,,,,,,,,,,,,,,
141.200,-0.01,,,,,,,,,,,,,,,,,,,,
141.250,-0.01,,,,,,,,,,,,,,,,,,,,
141.300,-0.01,,,,,,,,,,,,,,,,,,,,
141.350,-0.01,,,,,,,,,,,,,,,,,,,,
141.400,-0.01,,,,,,,,,,,,,,,,,,,,
141.450,-0.01,,,,,,,,,,,,,,,,,,,,
141.500,-0.02,,,,,,,,,,,,,,,,,,,,
141.550,-0.01,,,,,,,,,,,,,,,,,,,,
141.600,0.00,,,,,,,,,,,,,,,,,,,,
141.650,-0.01,,,,,,,,,,,,,,,,,,,,
141.700,0.01,,,,,,,,,,,,,,,,,,,,
141.750,-0.01,,,,,,,,,,,,,,,,,,,,
141.800,-0.01,,,,,,,,,,,,,,,,,,,,
141.850,-0.01,,,,,,,,,,,,,,,,,,,,
141.900,-0.01,,,,,,,,,,,,,,,,,,,,
141.950,0.00,,,,,,,,,,,,,,,,,,,,
142.000,0.00,,,,,,,,,,,,,,,,,,,,
142.050,0.00,,,,,,,,,,,,,,,,,,,,
142.100,-0.01,,,,,,,,,,,,,,,,,,,,
142.150,-0.01,,,,,,,,,,,,,,,,,,,,
142.200,-0.02,,,,,,,,,,,,,,,,,,,,
142.250,-0.01,,,,,,,,,,,,,,,,,,,,
142.300,-0.01,,,,,,,,,,,,,,,,,,,,
142.350,-0.01,,,,,,,,,,,,,,,,,,,,
142.400,-0.01,,,,,,,,,,,,,,,,,,,,
142.450,0.00,,,,,,,,,,,,,,,,,,,,
142.500,-0.01,,,,,,,,,,,,,,,,,,,,
142.550,-0.01,,,,,,,,,,,,,,,,,,,,
142.600,0.00,,,,,,,,,,,,,,,,,,,,
142.650,-0.01,,,,,,,,,,,,,,,,,,,,
142.700,0.01,,,,,,,,,,,,,,,,,,,,
142.750,-0.01,,,,,,,,,,,,,,,,,,,,
142.800,-0.01,,,,,,,,,,,,,,,,,,,,
142.850,-0.01,,,,,,,,,,,,,,,,,,,,
142.900,-0.01,,,,,,,,,,,,,,,,,,,,
142.950,-0.01,,,,,,,,,,,,,,,,,,,,
143.000,-0.01,,,,,,,,,,,,,,,,,,,,
143.050,0.00,,,,,,,,,,,,,,,,,,,,
143.100,0.00,,,,,,,,,,,,,,,,,,,,
143.150,-0.01,,,,,,,,,,,,,,,,,,,,
143.200,0.00,,,,,,,,,,,,,,,,,,,,
143.250,-0.01,,,,,,,,,,,,,,,,,,,,
143.300,0.00,,,,,,,,,,,,,,,,,,,,
143.350,-0.01,,,,,,,,,,,,,,,,,,,,
143.400,-0.01,,,,,,,,,,,,,,,,,,,,
143.450,-0.01,,,,,,,,,,,,,,,,,,,,
143.500,-0.01,,,,,,,,,,,,,,,,,,,,
143.550,-0.01,,,,,,,,,,,,,,,,,,,,
143.600,-0.01,,,,,,,,,,,,,,,,,,,,
143.650,-0.01,,,,,,,,,,,,,,,,,,,,
143.700,0.00,,,,,,,,,,,,,,,,,,,,
143.750,-0.01,,,,,,,,,,,,,,,,,,,,
143.800,-0.01,,,,,,,,,,,,,,,,,,,,
143.850,-0.01,,,,,,,,,,,,,,,,,,,,
143.900,-0.01,,,,,,,,,,,,,,,,,,,,
143.950,-0.02,,,,,,,,,,,,,,,,,,,,
144.000,-0.02,,,,,,,,,,,,,,,,,,,,
144.050,-0.01,,,,,,,,,,,,,,,,,,,,
144.100,-0.01,,,,,,,,,,,,,,,,,,,,
144.150,-0.01,,,,,,,,,,,,,,,,,,,,
144.200,-0.01,,,,,,,,,,,,,,,,,,,,
144.250,-0.02,,,,,,,,,,,,,,,,,,,,
144.300,-0.01,,,,,,,,,,,,,,,,,,,,
144.350,-0.01,,,,,,,,,,,,,,,,,,,,
144.400,-0.01,,,,,,,,,,,,,,,,,,,,
144.450,-0.02,,,,,,,,,,,,,,,,,,,,
144.500,-0.01,,,,,,,,,,,,,,,,,,,,
144.550,0.00,,,,,,,,,,,,,,,,,,,,
144.600,0.00,,,,,,,,,,,,,,,,,,,,
144.650,-0.01,,,,,,,,,,,,,,,,,,,,
144.700,-0.01,,,,,,,,,,,,,,,,,,,,
144.750,-0.01,,,,,,,,,,,,,,,,,,,,
144.800,-0.01,,,,,,,,,,,,,,,,,,,,
144.850,-0.01,,,,,,,,,,,,,,,,,,,,
144.900,0.00,,,,,,,,,,,,,,,,,,,,
144.950,-0.01,,,,,,,,,,,,,,,,,,,,
145.000,-0.01,,,,,,,,,,,,,,,,,,,,
145.050,-0.01,,,,,,,,,,,,,,,,,,,,
145.100,-0.01,,,,,,,,,,,,,,,,,,,,
145.150,-0.01,,,,,,,,,,,,,,,,,,,,
145.200,-0.01,,,,,,,,,,,,,,,,,,,,
145.250,-0.01,,,,,,,,,,,,,,,,,,,,
145.300,0.00,,,,,,,,,,,,,,,,,,,,
145.350,-0.01,,,,,,,,,,,,,,,,,,,,
145.400,-0.01,,,,,,,,,,,,,,,,,,,,
145.450,-0.02,,,,,,,,,,,,,,,,,,,,
145.500,-0.01,,,,,,,,,,,,,,,,,,,,
145.550,-0.01,,,,,,,,,,,,,,,,,,,,
145.600,-0.01,,,,,,,,,,,,,,,,,,,,
145.650,-0.01,,,,,,,,,,,,,,,,,,,,
145.700,0.00,,,,,,,,,,,,,,,,,,,,
145.750,-0.01,,,,,,,,,,,,,,,,,,,,
145.800,-0.01,,,,,,,,,,,,,,,,,,,,
145.850,-0.01,,,,,,,,,,,,,,,,,,,,
145.900,-0.02,,,,,,,,,,,,,,,,,,,,
145.950,-0.01,,,,,,,,,,,,,,,,,,,,
146.000,0.00,,,,,,,,,,,,,,,,,,,,
146.050,0.00,,,,,,,,,,,,,,,,,,,,
146.100,-0.01,,,,,,,,,,,,,,,,,,,,
146.150,-0.01,,,,,,,,,,,,,,,,,,,,
146.200,0.00,,,,,,,,,,,,,,,,,,,,
146.250,-0.01,,,,,,,,,,,,,,,,,,,,
146.300,-0.01,,,,,,,,,,,,,,,,,,,,
146.350,-0.02,,,,,,,,,,,,,,,,,,,,
146.400,-0.02,,,,,,,,,,,,,,,,,,,,
146.450,-0.01,,,,,,,,,,,,,,,,,,,,
146.500,-0.02,,,,,,,,,,,,,,,,,,,,
146.550,-0.02,,,,,,,,,,,,,,,,,,,,
146.600,-0.02,,,,,,,,,,,,,,,,,,,,
146.650,-0.02,,,,,,,,,,,,,,,,,,,,
146.700,-0.01,,,,,,,,,,,,,,,,,,,,
146.750,-0.02,,,,,,,,,,,,,,,,,,,,
146.800,-0.03,,,,,,,,,,,,,,,,,,,,
146.850,-0.04,,,,,,,,,,,,,,,,,,,,
146.900,-0.03,,,,,,,,,,,,,,,,,,,,
146.950,-0.02,,,,,,,,,,,,,,,,,,,,
147.000,-0.01,,,,,,,,,,,,,,,,,,,,
147.050,-0.02,,,,,,,,,,,,,,,,,,,,
147.100,-0.02,,,,,,,,,,,,,,,,,,,,
147.150,-0.01,,,,,,,,,,,,,,,,,,,,
147.200,-0.01,,,,,,,,,,,,,,,,,,,,
147.250,-0.02,,,,,,,,,,,,,,,,,,,,
147.300,-0.01,,,,,,,,,,,,,,,,,,,,
147.350,-0.01,,,,,,,,,,,,,,,,,,,,
147.400,-0.02,,,,,,,,,,,,,,,,,,,,
147.450,-0.02,,,,,,,,,,,,,,,,,,,,
147.500,-0.03,,,,,,,,,,,,,,,,,,,,
147.550,-0.01,,,,,,,,,,,,,,,,,,,,
147.600,-0.02,,,,,,,,,,,,,,,,,,,,
147.650,-0.03,,,,,,,,,,,,,,,,,,,,
147.700,-0.03,,,,,,,,,,,,,,,,,,,,
147.750,-0.02,,,,,,,,,,,,,,,,,,,,
147.800,-0.01,,,,,,,,,,,,,,,,,,,,
147.850,-0.02,,,,,,,,,,,,,,,,,,,,
147.900,-0.02,,,,,,,,,,,,,,,,,,,,
147.950,-0.02,,,,,,,,,,,,,,,,,,,,
148.000,-0.01,,,,,,,,,,,,,,,,,,,,
148.050,-0.02,,,,,,,,,,,,,,,,,,,,
148.100,-0.03,,,,,,,,,,,,,,,,,,,,
148.150,-0.02,,,,,,,,,,,,,,,,,,,,
148.200,-0.01,,,,,,,,,,,,,,,,,,,,
148.250,0.02,,,,,,,,,,,,,,,,,,,,
148.300,0.01,,,,,,,,,,,,,,,,,,,,
148.350,0.01,,,,,,,,,,,,,,,,,,,,
148.400,-0.01,,,,,,,,,,,,,,,,,,,,
148.450,0.00,,,,,,,,,,,,,,,,,,,,
148.500,0.00,,,,,,,,,,,,,,,,,,,,
148.550,0.00,,,,,,,,,,,,,,,,,,,,
148.600,-0.01,,,,,,,,,,,,,,,,,,,,
148.650,-0.01,,,,,,,,,,,,,,,,,,,,
148.700,0.00,,,,,,,,,,,,,,,,,,,,
148.750,-0.01,,,,,,,,,,,,,,,,,,,,
148.800,0.00,,,,,,,,,,,,,,,,,,,,
148.850,0.00,,,,,,,,,,,,,,,,,,,,
148.900,0.00,,,,,,,,,,,,,,,,,,,,
148.950,-0.01,,,,,,,,,,,,,,,,,,,,
149.000,-0.01,,,,,,,,,,,,,,,,,,,,
149.050,0.00,,,,,,,,,,,,,,,,,,,,
149.100,0.00,,,,,,,,,,,,,,,,,,,,
149.150,0.00,,,,,,,,,,,,,,,,,,,,
149.200,-0.01,,,,,,,,,,,,,,,,,,,,
149.250,-0.01,,,,,,,,,,,,,,,,,,,,
149.300,0.00,,,,,,,,,,,,,,,,,,,,
149.350,0.00,,,,,,,,,,,,,,,,,,,,
149.400,-0.01,,,,,,,,,,,,,,,,,,,,
149.450,-0.01,,,,,,,,,,,,,,,,,,,,
149.500,0.00,,,,,,,,,,,,,,,,,,,,
149.550,-0.01,,,,,,,,,,,,,,,,,,,,
149.600,-0.01,,,,,,,,,,,,,,,,,,,,
149.650,0.00,,,,,,,,,,,,,,,,,,,,
149.700,-0.01,,,,,,,,,,,,,,,,,,,,
149.750,-0.01,,,,,,,,,,,,,,,,,,,,
149.800,-0.01,,,,,,,,,,,,,,,,,,,,
149.850,-0.01,,,,,,,,,,,,,,,,,,,,
149.900,0.00,,,,,,,,,,,,,,,,,,,,
149.950,0.01,,,,,,,,,,,,,,,,,,,,
150.000,-0.01,,,,,,,,,,,,,,,,,,,,
150.050,0.00,,,,,,,,,,,,,,,,,,,,
150.100,-0.02,,,,,,,,,,,,,,,,,,,,
150.150,-0.01,,,,,,,,,,,,,,,,,,,,
150.200,-0.01,,,,,,,,,,,,,,,,,,,,
150.250,-0.01,,,,,,,,,,,,,,,,,,,,
150.300,0.00,,,,,,,,,,,,,,,,,,,,
150.350,-0.01,,,,,,,,,,,,,,,,,,,,
150.400,0.00,,,,,,,,,,,,,,,,,,,,
150.450,0.00,,,,,,,,,,,,,,,,,,,,
150.500,0.00,,,,,,,,,,,,,,,,,,,,
150.550,-0.01,,,,,,,,,,,,,,,,,,,,
150.600,-0.02,,,,,,,,,,,,,,,,,,,,
150.650,-0.01,,,,,,,,,,,,,,,,,,,,
150.700,-0.01,,,,,,,,,,,,,,,,,,,,
150.750,-0.01,,,,,,,,,,,,,,,,,,,,
150.800,0.00,,,,,,,,,,,,,,,,,,,,
150.850,-0.01,,,,,,,,,,,,,,,,,,,,
150.900,-0.01,,,,,,,,,,,,,,,,,,,,
150.950,-0.01,,,,,,,,,,,,,,,,,,,,
151.000,-0.01,,,,,,,,,,,,,,,,,,,,
151.050,0.00,,,,,,,,,,,,,,,,,,,,
151.100,0.00,,,,,,,,,,,,,,,,,,,,
151.150,-0.01,,,,,,,,,,,,,,,,,,,,
151.200,-0.01,,,,,,,,,,,,,,,,,,,,
151.250,0.00,,,,,,,,,,,,,,,,,,,,
151.300,-0.01,,,,,,,,,,,,,,,,,,,,
151.350,-0.01,,,,,,,,,,,,,,,,,,,,
151.400,0.00,,,,,,,,,,,,,,,,,,,,
151.450,-0.01,,,,,,,,,,,,,,,,,,,,
151.500,-0.01,,,,,,,,,,,,,,,,,,,,
151.550,-0.01,,,,,,,,,,,,,,,,,,,,
151.600,-0.01,,,,,,,,,,,,,,,,,,,,
151.650,-0.01,,,,,,,,,,,,,,,,,,,,
151.700,-0.01,,,,,,,,,,,,,,,,,,,,
151.750,-0.02,,,,,,,,,,,,,,,,,,,,
151.800,-0.01,,,,,,,,,,,,,,,,,,,,
151.850,-0.01,,,,,,,,,,,,,,,,,,,,
151.900,0.00,,,,,,,,,,,,,,,,,,,,
151.950,0.00,,,,,,,,,,,,,,,,,,,,
152.000,-0.01,,,,,,,,,,,,,,,,,,,,
152.050,0.00,,,,,,,,,,,,,,,,,,,,
152.100,0.00,,,,,,,,,,,,,,,,,,,,
152.150,-0.01,,,,,,,,,,,,,,,,,,,,
152.200,0.00,,,,,,,,,,,,,,,,,,,,
152.250,-0.01,,,,,,,,,,,,,,,,,,,,
152.300,0.00,,,,,,,,,,,,,,,,,,,,
152.350,0.00,,,,,,,,,,,,,,,,,,,,
152.400,0.01,,,,,,,,,,,,,,,,,,,,
152.450,0.02,,,,,,,,,,,,,,,,,,,,
152.500,0.02,,,,,,,,,,,,,,,,,,,,
152.550,0.03,,,,,,,,,,,,,,,,,,,,
152.600,0.05,,,,,,,,,,,,,,,,,,,,
152.650,0.11,,,,,,,,,,,,,,,,,,,,
152.700,0.32,,,,,,,,,,,,,,,,,,,,
152.750,1.09,,,,,,,,,,,,,,,,,,,,
152.800,1.55,,,,,,,,,,,,,,,,,,,,
152.850,1.65,,,,,,,,,,,,,,,,,,,,
152.900,1.66,,,,,,,,,,,,,,,,,,,,
152.950,1.67,,,,,,,,,,,,,,,,,,,,
153.000,1.67,,,,,,,,,,,,,,,,,,,,
153.050,1.62,,,,,,,,,,,,,,,,,,,,
153.100,0.47,,,,,,,,,,,,,,,,,,,,
153.150,0.05,,,,,,,,,,,,,,,,,,,,
153.200,0.00,,,,,,,,,,,,,,,,,,,,
153.250,-0.02,,,,,,,,,,,,,,,,,,,,
153.300,-0.02,,,,,,,,,,,,,,,,,,,,
153.350,-0.01,,,,,,,,,,,,,,,,,,,,
153.400,-0.02,,,,,,,,,,,,,,,,,,,,
153.450,0.00,,,,,,,,,,,,,,,,,,,,
153.500,-0.01,,,,,,,,,,,,,,,,,,,,
153.550,-0.01,,,,,,,,,,,,,,,,,,,,
153.600,-0.01,,,,,,,,,,,,,,,,,,,,
153.650,-0.02,,,,,,,,,,,,,,,,,,,,
153.700,-0.01,,,,,,,,,,,,,,,,,,,,
153.750,-0.02,,,,,,,,,,,,,,,,,,,,
153.800,-0.01,,,,,,,,,,,,,,,,,,,,
153.850,0.00,,,,,,,,,,,,,,,,,,,,
153.900,-0.01,,,,,,,,,,,,,,,,,,,,
153.950,0.00,,,,,,,,,,,,,,,,,,,,
154.000,0.00,,,,,,,,,,,,,,,,,,,,
154.050,0.00,,,,,,,,,,,,,,,,,,,,
154.100,-0.01,,,,,,,,,,,,,,,,,,,,
154.150,-0.01,,,,,,,,,,,,,,,,,,,,
154.200,0.00,,,,,,,,,,,,,,,,,,,,
154.250,-0.01,,,,,,,,,,,,,,,,,,,,
154.300,0.00,,,,,,,,,,,,,,,,,,,,
154.350,0.00,,,,,,,,,,,,,,,,,,,,
154.400,-0.01,,,,,,,,,,,,,,,,,,,,
154.450,-0.01,,,,,,,,,,,,,,,,,,,,
154.500,-0.01,,,,,,,,,,,,,,,,,,,,
154.550,0.00,,,,,,,,,,,,,,,,,,,,
154.600,0.00,,,,,,,,,,,,,,,,,,,,
154.650,-0.01,,,,,,,,,,,,,,,,,,,,
154.700,-0.01,,,,,,,,,,,,,,,,,,,,
154.750,-0.01,,,,,,,,,,,,,,,,,,,,
154.800,-0.01,,,,,,,,,,,,,,,,,,,,
154.850,0.00,,,,,,,,,,,,,,,,,,,,
154.900,0.00,,,,,,,,,,,,,,,,,,,,
154.950,-0.01,,,,,,,,,,,,,,,,,,,,
155.000,-0.01,,,,,,,,,,,,,,,,,,,,
155.050,-0.01,,,,,,,,,,,,,,,,,,,,
155.100,-0.01,,,,,,,,,,,,,,,,,,,,
155.150,-0.01,,,,,,,,,,,,,,,,,,,,
155.200,-0.01,,,,,,,,,,,,,,,,,,,,
155.250,-0.01,,,,,,,,,,,,,,,,,,,,
155.300,-0.02,,,,,,,,,,,,,,,,,,,,
155.350,-0.01,,,,,,,,,,,,,,,,,,,,
155.400,-0.01,,,,,,,,,,,,,,,,,,,,
155.450,-0.01,,,,,,,,,,,,,,,,,,,,
155.500,-0.01,,,,,,,,,,,,,,,,,,,,
155.550,-0.03,,,,,,,,,,,,,,,,,,,,
155.600,-0.02,,,,,,,,,,,,,,,,,,,,
155.650,-0.01,,,,,,,,,,,,,,,,,,,,
155.700,-0.02,,,,,,,,,,,,,,,,,,,,
155.750,-0.01,,,,,,,,,,,,,,,,,,,,
155.800,-0.01,,,,,,,,,,,,,,,,,,,,
155.850,-0.02,,,,,,,,,,,,,,,,,,,,
155.900,-0.01,,,,,,,,,,,,,,,,,,,,
155.950,-0.01,,,,,,,,,,,,,,,,,,,,
156.000,0.00,,,,,,,,,,,,,,,,,,,,
156.050,-0.01,,,,,,,,,,,,,,,,,,,,
156.100,-0.01,,,,,,,,,,,,,,,,,,,,
156.150,-0.01,,,,,,,,,,,,,,,,,,,,
156.200,-0.02,,,,,,,,,,,,,,,,,,,,
156.250,-0.02,,,,,,,,,,,,,,,,,,,,
156.300,-0.02,,,,,,,,,,,,,,,,,,,,
156.350,-0.01,,,,,,,,,,,,,,,,,,,,
156.400,-0.02,,,,,,,,,,,,,,,,,,,,
156.450,-0.01,,,,,,,,,,,,,,,,,,,,
156.500,0.00,,,,,,,,,,,,,,,,,,,,
156.550,-0.01,,,,,,,,,,,,,,,,,,,,
156.600,0.01,,,,,,,,,,,,,,,,,,,,
156.650,0.01,,,,,,,,,,,,,,,,,,,,
156.700,0.00,,,,,,,,,,,,,,,,,,,,
156.750,0.01,,,,,,,,,,,,,,,,,,,,
156.800,0.01,,,,,,,,,,,,,,,,,,,,
156.850,0.01,,,,,,,,,,,,,,,,,,,,
156.900,0.01,,,,,,,,,,,,,,,,,,,,
156.950,0.01,,,,,,,,,,,,,,,,,,,,
157.000,0.01,,,,,,,,,,,,,,,,,,,,
157.050,0.00,,,,,,,,,,,,,,,,,,,,
157.100,0.00,,,,,,,,,,,,,,,,,,,,
157.150,0.01,,,,,,,,,,,,,,,,,,,,
157.200,0.00,,,,,,,,,,,,,,,,,,,,
157.250,0.00,,,,,,,,,,,,,,,,,,,,
157.300,0.00,,,,,,,,,,,,,,,,,,,,
157.350,0.00,,,,,,,,,,,,,,,,,,,,
157.400,0.00,,,,,,,,,,,,,,,,,,,,
157.450,0.01,,,,,,,,,,,,,,,,,,,,
157.500,-0.01,,,,,,,,,,,,,,,,,,,,
157.550,-0.01,,,,,,,,,,,,,,,,,,,,
157.600,0.01,,,,,,,,,,,,,,,,,,,,
157.650,0.00,,,,,,,,,,,,,,,,,,,,
157.700,-0.01,,,,,,,,,,,,,,,,,,,,
157.750,0.00,,,,,,,,,,,,,,,,,,,,
157.800,0.01,,,,,,,,,,,,,,,,,,,,
157.850,0.01,,,,,,,,,,,,,,,,,,,,
157.900,0.00,,,,,,,,,,,,,,,,,,,,
157.950,0.00,,,,,,,,,,,,,,,,,,,,
158.000,0.00,,,,,,,,,,,,,,,,,,,,
158.050,0.01,,,,,,,,,,,,,,,,,,,,
158.100,0.01,,,,,,,,,,,,,,,,,,,,
158.150,0.00,,,,,,,,,,,,,,,,,,,,
158.200,0.00,,,,,,,,,,,,,,,,,,,,
158.250,-0.01,,,,,,,,,,,,,,,,,,,,
158.300,-0.01,,,,,,,,,,,,,,,,,,,,
158.350,-0.01,,,,,,,,,,,,,,,,,,,,
158.400,0.00,,,,,,,,,,,,,,,,,,,,
158.450,0.00,,,,,,,,,,,,,,,,,,,,
158.500,0.01,,,,,,,,,,,,,,,,,,,,
158.550,0.00,,,,,,,,,,,,,,,,,,,,
158.600,0.00,,,,,,,,,,,,,,,,,,,,
158.650,-0.01,,,,,,,,,,,,,,,,,,,,
158.700,-0.01,,,,,,,,,,,,,,,,,,,,
158.750,0.01,,,,,,,,,,,,,,,,,,,,
158.800,0.01,,,,,,,,,,,,,,,,,,,,
158.850,0.01,,,,,,,,,,,,,,,,,,,,
158.900,0.01,,,,,,,,,,,,,,,,,,,,
158.950,0.02,,,,,,,,,,,,,,,,,,,,
159.000,0.01,,,,,,,,,,,,,,,,,,,,
159.050,0.00,,,,,,,,,,,,,,,,,,,,
159.100,0.01,,,,,,,,,,,,,,,,,,,,
159.150,0.00,,,,,,,,,,,,,,,,,,,,
159.200,0.00,,,,,,,,,,,,,,,,,,,,
159.250,-0.01,,,,,,,,,,,,,,,,,,,,
159.300,0.00,,,,,,,,,,,,,,,,,,,,
159.350,0.00,,,,,,,,,,,,,,,,,,,,
159.400,0.01,,,,,,,,,,,,,,,,,,,,
159.450,-0.01,,,,,,,,,,,,,,,,,,,,
159.500,0.00,,,,,,,,,,,,,,,,,,,,
159.550,0.01,,,,,,,,,,,,,,,,,,,,
159.600,-0.01,,,,,,,,,,,,,,,,,,,,
159.650,-0.01,,,,,,,,,,,,,,,,,,,,
159.700,0.00,,,,,,,,,,,,,,,,,,,,
159.750,-0.01,,,,,,,,,,,,,,,,,,,,
159.800,0.00,,,,,,,,,,,,,,,,,,,,
159.850,-0.01,,,,,,,,,,,,,,,,,,,,
159.900,-0.01,,,,,,,,,,,,,,,,,,,,
159.950,0.00,,,,,,,,,,,,,,,,,,,,
160.000,-0.01,,,,,,,,,,,,,,,,,,,,
160.050,-0.01,,,,,,,,,,,,,,,,,,,,
160.100,-0.01,,,,,,,,,,,,,,,,,,,,
160.150,-0.01,,,,,,,,,,,,,,,,,,,,
160.200,-0.01,,,,,,,,,,,,,,,,,,,,
160.250,-0.01,,,,,,,,,,,,,,,,,,,,
160.300,-0.01,,,,,,,,,,,,,,,,,,,,
160.350,0.00,,,,,,,,,,,,,,,,,,,,
160.400,0.00,,,,,,,,,,,,,,,,,,,,
160.450,0.00,,,,,,,,,,,,,,,,,,,,
160.500,-0.01,,,,,,,,,,,,,,,,,,,,
160.550,-0.02,,,,,,,,,,,,,,,,,,,,
160.600,-0.02,,,,,,,,,,,,,,,,,,,,
160.650,-0.02,,,,,,,,,,,,,,,,,,,,
160.700,-0.01,,,,,,,,,,,,,,,,,,,,
160.750,0.00,,,,,,,,,,,,,,,,,,,,
160.800,-0.01,,,,,,,,,,,,,,,,,,,,
160.850,-0.01,,,,,,,,,,,,,,,,,,,,
160.900,-0.01,,,,,,,,,,,,,,,,,,,,
160.950,-0.01,,,,,,,,,,,,,,,,,,,,
161.000,-0.01,,,,,,,,,,,,,,,,,,,,
161.050,-0.01,,,,,,,,,,,,,,,,,,,,
161.100,-0.01,,,,,,,,,,,,,,,,,,,,
161.150,-0.01,,,,,,,,,,,,,,,,,,,,
161.200,-0.01,,,,,,,,,,,,,,,,,,,,
161.250,-0.01,,,,,,,,,,,,,,,,,,,,
161.300,0.00,,,,,,,,,,,,,,,,,,,,
161.350,0.00,,,,,,,,,,,,,,,,,,,,
161.400,0.00,,,,,,,,,,,,,,,,,,,,
161.450,0.01,,,,,,,,,,,,,,,,,,,,
161.500,0.00,,,,,,,,,,,,,,,,,,,,
161.550,0.00,,,,,,,,,,,,,,,,,,,,
161.600,0.00,,,,,,,,,,,,,,,,,,,,
161.650,-0.01,,,,,,,,,,,,,,,,,,,,
161.700,0.00,,,,,,,,,,,,,,,,,,,,
161.750,-0.01,,,,,,,,,,,,,,,,,,,,
161.800,0.01,,,,,,,,,,,,,,,,,,,,
161.850,0.00,,,,,,,,,,,,,,,,,,,,
161.900,0.00,,,,,,,,,,,,,,,,,,,,
161.950,0.00,,,,,,,,,,,,,,,,,,,,
162.000,0.00,,,,,,,,,,,,,,,,,,,,
162.050,0.01,,,,,,,,,,,,,,,,,,,,
162.100,0.01,,,,,,,,,,,,,,,,,,,,
162.150,0.00,,,,,,,,,,,,,,,,,,,,
162.200,0.01,,,,,,,,,,,,,,,,,,,,
162.250,0.01,,,,,,,,,,,,,,,,,,,,
162.300,0.02,,,,,,,,,,,,,,,,,,,,
162.350,0.01,,,,,,,,,,,,,,,,,,,,
162.400,0.00,,,,,,,,,,,,,,,,,,,,
162.450,0.00,,,,,,,,,,,,,,,,,,,,
162.500,0.00,,,,,,,,,,,,,,,,,,,,
162.550,0.01,,,,,,,,,,,,,,,,,,,,
162.600,0.01,,,,,,,,,,,,,,,,,,,,
162.650,0.00,,,,,,,,,,,,,,,,,,,,
162.700,0.00,,,,,,,,,,,,,,,,,,,,
162.750,-0.01,,,,,,,,,,,,,,,,,,,,
162.800,0.00,,,,,,,,,,,,,,,,,,,,
162.850,0.01,,,,,,,,,,,,,,,,,,,,
162.900,0.00,,,,,,,,,,,,,,,,,,,,
162.950,0.01,,,,,,,,,,,,,,,,,,,,
163.000,0.01,,,,,,,,,,,,,,,,,,,,
163.050,0.00,,,,,,,,,,,,,,,,,,,,
163.100,0.00,,,,,,,,,,,,,,,,,,,,
163.150,0.00,,,,,,,,,,,,,,,,,,,,
163.200,0.01,,,,,,,,,,,,,,,,,,,,
163.250,-0.01,,,,,,,,,,,,,,,,,,,,
163.300,-0.01,,,,,,,,,,,,,,,,,,,,
163.350,0.00,,,,,,,,,,,,,,,,,,,,
163.400,-0.01,,,,,,,,,,,,,,,,,,,,
163.450,-0.01,,,,,,,,,,,,,,,,,,,,
163.500,0.00,,,,,,,,,,,,,,,,,,,,
163.550,-0.01,,,,,,,,,,,,,,,,,,,,
163.600,-0.01,,,,,,,,,,,,,,,,,,,,
163.650,-0.01,,,,,,,,,,,,,,,,,,,,
163.700,0.00,,,,,,,,,,,,,,,,,,,,
163.750,-0.01,,,,,,,,,,,,,,,,,,,,
163.800,0.00,,,,,,,,,,,,,,,,,,,,
163.850,-0.01,,,,,,,,,,,,,,,,,,,,
163.900,-0.01,,,,,,,,,,,,,,,,,,,,
163.950,-0.02,,,,,,,,,,,,,,,,,,,,
164.000,-0.02,,,,,,,,,,,,,,,,,,,,
164.050,-0.02,,,,,,,,,,,,,,,,,,,,
164.100,-0.02,,,,,,,,,,,,,,,,,,,,
164.150,-0.01,,,,,,,,,,,,,,,,,,,,
164.200,-0.01,,,,,,,,,,,,,,,,,,,,
164.250,0.00,,,,,,,,,,,,,,,,,,,,
164.300,0.00,,,,,,,,,,,,,,,,,,,,
164.350,0.00,,,,,,,,,,,,,,,,,,,,
164.400,-0.01,,,,,,,,,,,,,,,,,,,,
164.450,-0.01,,,,,,,,,,,,,,,,,,,,
164.500,-0.01,,,,,,,,,,,,,,,,,,,,
164.550,-0.02,,,,,,,,,,,,,,,,,,,,
164.600,-0.01,,,,,,,,,,,,,,,,,,,,
164.650,-0.02,,,,,,,,,,,,,,,,,,,,
164.700,-0.01,,,,,,,,,,,,,,,,,,,,
164.750,-0.01,,,,,,,,,,,,,,,,,,,,
164.800,-0.01,,,,,,,,,,,,,,,,,,,,
164.850,-0.01,,,,,,,,,,,,,,,,,,,,
164.900,-0.01,,,,,,,,,,,,,,,,,,,,
164.950,-0.01,,,,,,,,,,,,,,,,,,,,
165.000,-0.01,,,,,,,,,,,,,,,,,,,,
165.050,-0.01,,,,,,,,,,,,,,,,,,,,
165.100,-0.01,,,,,,,,,,,,,,,,,,,,
165.150,-0.01,,,,,,,,,,,,,,,,,,,,
165.200,-0.01,,,,,,,,,,,,,,,,,,,,
165.250,-0.01,,,,,,,,,,,,,,,,,,,,
165.300,-0.01,,,,,,,,,,,,,,,,,,,,
165.350,-0.01,,,,,,,,,,,,,,,,,,,,
165.400,-0.01,,,,,,,,,,,,,,,,,,,,
165.450,-0.01,,,,,,,,,,,,,,,,,,,,
165.500,-0.01,,,,,,,,,,,,,,,,,,,,
165.550,-0.01,,,,,,,,,,,,,,,,,,,,
165.600,-0.01,,,,,,,,,,,,,,,,,,,,
165.650,-0.01,,,,,,,,,,,,,,,,,,,,
165.700,-0.01,,,,,,,,,,,,,,,,,,,,
165.750,-0.02,,,,,,,,,,,,,,,,,,,,
165.800,0.00,,,,,,,,,,,,,,,,,,,,
165.850,-0.01,,,,,,,,,,,,,,,,,,,,
165.900,-0.01,,,,,,,,,,,,,,,,,,,,
165.950,-0.02,,,,,,,,,,,,,,,,,,,,
166.000,-0.02,,,,,,,,,,,,,,,,,,,,
166.050,-0.02,,,,,,,,,,,,,,,,,,,,
166.100,-0.02,,,,,,,,,,,,,,,,,,,,
166.150,-0.01,,,,,,,,,,,,,,,,,,,,
166.200,-0.01,,,,,,,,,,,,,,,,,,,,
166.250,-0.02,,,,,,,,,,,,,,,,,,,,
166.300,-0.01,,,,,,,,,,,,,,,,,,,,
166.350,-0.02,,,,,,,,,,,,,,,,,,,,
166.400,-0.03,,,,,,,,,,,,,,,,,,,,
166.450,-0.02,,,,,,,,,,,,,,,,,,,,
166.500,-0.02,,,,,,,,,,,,,,,,,,,,
166.550,-0.01,,,,,,,,,,,,,,,,,,,,
166.600,-0.01,,,,,,,,,,,,,,,,,,,,
166.650,-0.01,,,,,,,,,,,,,,,,,,,,
166.700,-0.01,,,,,,,,,,,,,,,,,,,,
166.750,-0.01,,,,,,,,,,,,,,,,,,,,
166.800,-0.02,,,,,,,,,,,,,,,,,,,,
166.850,-0.01,,,,,,,,,,,,,,,,,,,,
166.900,-0.01,,,,,,,,,,,,,,,,,,,,
166.950,-0.01,,,,,,,,,,,,,,,,,,,,
167.000,-0.01,,,,,,,,,,,,,,,,,,,,
167.050,-0.01,,,,,,,,,,,,,,,,,,,,
167.100,-0.01,,,,,,,,,,,,,,,,,,,,
167.150,-0.02,,,,,,,,,,,,,,,,,,,,
167.200,-0.01,,,,,,,,,,,,,,,,,,,,
167.250,-0.01,,,,,,,,,,,,,,,,,,,,
167.300,-0.01,,,,,,,,,,,,,,,,,,,,
167.350,-0.02,,,,,,,,,,,,,,,,,,,,
167.400,-0.01,,,,,,,,,,,,,,,,,,,,
167.450,-0.01,,,,,,,,,,,,,,,,,,,,
167.500,0.00,,,,,,,,,,,,,,,,,,,,
167.550,0.01,,,,,,,,,,,,,,,,,,,,
167.600,0.02,,,,,,,,,,,,,,,,,,,,
167.650,0.02,,,,,,,,,,,,,,,,,,,,
167.700,0.04,,,,,,,,,,,,,,,,,,,,
167.750,0.06,,,,,,,,,,,,,,,,,,,,
167.800,0.13,,,,,,,,,,,,,,,,,,,,
167.850,0.67,,,,,,,,,,,,,,,,,,,,
167.900,1.38,,,,,,,,,,,,,,,,,,,,
167.950,0.06,,,,,,,,,,,,,,,,,,,,
168.000,0.01,,,,,,,,,,,,,,,,,,,,
168.050,-0.03,,,,,,,,,,,,,,,,,,,,
168.100,-0.02,,,,,,,,,,,,,,,,,,,,
168.150,-0.04,,,,,,,,,,,,,,,,,,,,
168.200,-0.03,,,,,,,,,,,,,,,,,,,,
168.250,-0.02,,,,,,,,,,,,,,,,,,,,
168.300,-0.02,,,,,,,,,,,,,,,,,,,,
168.350,-0.01,,,,,,,,,,,,,,,,,,,,
168.400,-0.03,,,,,,,,,,,,,,,,,,,,
168.450,-0.02,,,,,,,,,,,,,,,,,,,,
168.500,-0.02,,,,,,,,,,,,,,,,,,,,
168.550,-0.02,,,,,,,,,,,,,,,,,,,,
168.600,-0.02,,,,,,,,,,,,,,,,,,,,
168.650,-0.02,,,,,,,,,,,,,,,,,,,,
168.700,-0.01,,,,,,,,,,,,,,,,,,,,
168.750,-0.01,,,,,,,,,,,,,,,,,,,,
168.800,-0.01,,,,,,,,,,,,,,,,,,,,
168.850,-0.01,,,,,,,,,,,,,,,,,,,,
168.900,-0.02,,,,,,,,,,,,,,,,,,,,
168.950,-0.01,,,,,,,,,,,,,,,,,,,,
169.000,-0.01,,,,,,,,,,,,,,,,,,,,
169.050,-0.01,,,,,,,,,,,,,,,,,,,,
169.100,-0.01,,,,,,,,,,,,,,,,,,,,
169.150,0.00,,,,,,,,,,,,,,,,,,,,
169.200,-0.01,,,,,,,,,,,,,,,,,,,,
169.250,-0.01,,,,,,,,,,,,,,,,,,,,
169.300,-0.02,,,,,,,,,,,,,,,,,,,,
169.350,-0.01,,,,,,,,,,,,,,,,,,,,
169.400,-0.01,,,,,,,,,,,,,,,,,,,,
169.450,-0.01,,,,,,,,,,,,,,,,,,,,
169.500,-0.01,,,,,,,,,,,,,,,,,,,,
169.550,-0.01,,,,,,,,,,,,,,,,,,,,
169.600,-0.02,,,,,,,,,,,,,,,,,,,,
169.650,-0.02,,,,,,,,,,,,,,,,,,,,
169.700,-0.01,,,,,,,,,,,,,,,,,,,,
169.750,-0.01,,,,,,,,,,,,,,,,,,,,
169.800,0.00,,,,,,,,,,,,,,,,,,,,
169.850,0.00,,,,,,,,,,,,,,,,,,,,
169.900,0.00,,,,,,,,,,,,,,,,,,,,
169.950,0.01,,,,,,,,,,,,,,,,,,,,
170.000,0.01,,,,,,,,,,,,,,,,,,,,
170.050,0.00,,,,,,,,,,,,,,,,,,,,
170.100,-0.01,,,,,,,,,,,,,,,,,,,,
170.150,0.00,,,,,,,,,,,,,,,,,,,,
170.200,-0.01,,,,,,,,,,,,,,,,,,,,
170.250,0.00,,,,,,,,,,,,,,,,,,,,
170.300,0.00,,,,,,,,,,,,,,,,,,,,
170.350,-0.01,,,,,,,,,,,,,,,,,,,,
170.400,-0.01,,,,,,,,,,,,,,,,,,,,
170.450,-0.01,,,,,,,,,,,,,,,,,,,,
170.500,0.00,,,,,,,,,,,,,,,,,,,,
170.550,0.00,,,,,,,,,,,,,,,,,,,,
170.600,-0.01,,,,,,,,,,,,,,,,,,,,
170.650,0.00,,,,,,,,,,,,,,,,,,,,
170.700,0.01,,,,,,,,,,,,,,,,,,,,
170.750,0.00,,,,,,,,,,,,,,,,,,,,
170.800,0.00,,,,,,,,,,,,,,,,,,,,
170.850,-0.01,,,,,,,,,,,,,,,,,,,,
170.900,0.00,,,,,,,,,,,,,,,,,,,,
170.950,0.00,,,,,,,,,,,,,,,,,,,,
171.000,-0.02,,,,,,,,,,,,,,,,,,,,
171.050,-0.02,,,,,,,,,,,,,,,,,,,,
171.100,-0.02,,,,,,,,,,,,,,,,,,,,
171.150,-0.01,,,,,,,,,,,,,,,,,,,,
171.200,-0.02,,,,,,,,,,,,,,,,,,,,
171.250,-0.02,,,,,,,,,,,,,,,,,,,,
171.300,-0.02,,,,,,,,,,,,,,,,,,,,
171.350,-0.02,,,,,,,,,,,,,,,,,,,,
171.400,-0.02,,,,,,,,,,,,,,,,,,,,
171.450,-0.02,,,,,,,,,,,,,,,,,,,,
171.500,-0.02,,,,,,,,,,,,,,,,,,,,
171.550,-0.01,,,,,,,,,,,,,,,,,,,,
171.600,-0.01,,,,,,,,,,,,,,,,,,,,
171.650,-0.01,,,,,,,,,,,,,,,,,,,,
171.700,-0.01,,,,,,,,,,,,,,,,,,,,
171.750,-0.01,,,,,,,,,,,,,,,,,,,,
171.800,-0.01,,,,,,,,,,,,,,,,,,,,
171.850,-0.01,,,,,,,,,,,,,,,,,,,,
171.900,-0.01,,,,,,,,,,,,,,,,,,,,
171.950,0.00,,,,,,,,,,,,,,,,,,,,
