"Time (s) Run #1","Force (N) Run #1","Acceleration - x (m/s²) Run #1","Acceleration - y (m/s²) Run #1","Acceleration - z (m/s²) Run #1","Acceleration - resultant (m/s²) Run #1","Angular Velocity - x (rad/s) Run #1","Angular Velocity - y (rad/s) Run #1","Angular Velocity - z (rad/s) Run #1","Time (s) Run #2","Force (N) Run #2","Acceleration - x (m/s²) Run #2","Acceleration - y (m/s²) Run #2","Acceleration - z (m/s²) Run #2","Acceleration - resultant (m/s²) Run #2","Angular Velocity - x (rad/s) Run #2","Angular Velocity - y (rad/s) Run #2","Angular Velocity - z (rad/s) Run #2","Time (s) Run #3","Force (N) Run #3","Acceleration - x (m/s²) Run #3","Acceleration - y (m/s²) Run #3","Acceleration - z (m/s²) Run #3","Acceleration - resultant (m/s²) Run #3","Angular Velocity - x (rad/s) Run #3","Angular Velocity - y (rad/s) Run #3","Angular Velocity - z (rad/s) Run #3","Time (s) Run #4","Force (N) Run #4","Acceleration - x (m/s²) Run #4","Acceleration - y (m/s²) Run #4","Acceleration - z (m/s²) Run #4","Acceleration - resultant (m/s²) Run #4","Angular Velocity - x (rad/s) Run #4","Angular Velocity - y (rad/s) Run #4","Angular Velocity - z (rad/s) Run #4","Time (s) Run #5","Force (N) Run #5","Acceleration - x (m/s²) Run #5","Acceleration - y (m/s²) Run #5","Acceleration - z (m/s²) Run #5","Acceleration - resultant (m/s²) Run #5","Angular Velocity - x (rad/s) Run #5","Angular Velocity - y (rad/s) Run #5","Angular Velocity - z (rad/s) Run #5","Time (s) Run #6","Force (N) Run #6","Acceleration - x (m/s²) Run #6","Acceleration - y (m/s²) Run #6","Acceleration - z (m/s²) Run #6","Acceleration - resultant (m/s²) Run #6","Angular Velocity - x (rad/s) Run #6","Angular Velocity - y (rad/s) Run #6","Angular Velocity - z (rad/s) Run #6"
0.000,0.00,9.8,-0.3,-0.1,9.8,0.0,0.0,0.0,0.000,-0.06,9.8,0.1,0.1,9.8,0.0,0.0,0.0,0.000,-0.04,9.8,0.6,0.1,9.9,0.0,0.0,0.0,0.000,-0.05,9.8,0.0,0.0,9.8,0.0,0.0,-6.1E-4,0.000,-0.02,9.8,0.2,0.0,9.8,0.0,-1.2E-4,0.0,0.000,-0.04,9.8,-0.1,0.0,9.8,0.0,0.0,0.0
0.050,-0.01,9.8,-0.4,0.0,9.8,0.0,0.0,0.0,0.050,-0.07,9.8,0.2,0.0,9.8,0.0,0.0,0.0,0.050,-0.02,9.8,-0.3,0.0,9.8,0.0,0.0,0.0,0.050,-0.06,9.8,-0.1,0.0,9.8,0.0,0.0,6.1E-4,0.050,-0.04,9.8,-0.6,-0.1,9.9,0.0,0.0,0.0,0.050,-0.05,9.8,-0.1,0.0,9.8,0.0,0.0,0.0
0.100,-0.01,9.9,-0.3,0.0,9.9,0.0,0.0,0.0,0.100,-0.07,9.9,0.2,0.1,9.9,0.0,0.0,0.0,0.100,-0.02,9.8,0.1,0.0,9.8,0.0,0.0,0.0,0.100,-0.06,9.9,0.0,0.0,9.9,0.0,0.0,0.0,0.100,-0.03,9.9,1.9E-4,0.2,9.9,0.0,0.0,0.0,0.100,-0.04,9.8,-0.1,0.0,9.8,0.0,0.0,6.1E-4
0.150,-0.01,9.8,-0.3,0.0,9.8,0.0,0.0,0.0,0.150,-0.08,9.8,0.2,0.1,9.8,0.0,0.0,-6.1E-4,0.150,-0.02,9.9,-0.1,0.0,9.9,-0.1,0.0,-6.1E-4,0.150,-0.06,9.9,0.0,0.0,9.9,0.0,0.0,-6.1E-4,0.150,-0.04,9.7,0.1,-0.1,9.7,-0.1,0.0,0.0,0.150,-0.04,9.9,-0.1,0.1,9.9,0.0,0.0,0.0
0.200,-0.02,9.8,-0.4,-0.1,9.8,0.0,0.0,0.0,0.200,-0.07,9.8,0.2,0.0,9.8,0.0,0.0,6.1E-4,0.200,-0.02,9.7,0.1,-0.1,9.7,-0.1,0.0,0.0,0.200,-0.06,9.8,0.0,0.0,9.8,0.0,0.0,-6.1E-4,0.200,-0.02,9.8,0.2,0.0,9.8,0.1,0.0,0.0,0.200,-0.04,9.8,-0.1,0.0,9.8,0.0,0.0,6.1E-4
0.250,-0.01,9.8,-0.3,-0.1,9.8,0.0,0.0,0.0,0.250,-0.07,9.9,0.2,0.0,9.9,0.0,0.0,6.1E-4,0.250,-0.02,9.9,0.4,0.0,9.9,0.0,0.0,0.0,0.250,-0.06,9.9,1.9E-4,0.0,9.9,0.0,0.0,0.0,0.250,-0.03,9.9,-0.3,-0.1,9.9,0.1,0.0,0.0,0.250,-0.04,9.8,-0.1,0.1,9.8,0.0,0.0,0.0
0.300,-0.01,9.8,-0.3,0.0,9.8,0.0,0.0,0.0,0.300,-0.07,9.8,0.2,0.0,9.8,0.0,0.0,6.1E-4,0.300,0.00,9.8,0.0,0.0,9.8,0.0,0.0,0.0,0.300,-0.06,9.8,-0.1,0.0,9.8,0.0,0.0,6.1E-4,0.300,-0.03,9.8,-0.4,0.0,9.8,0.0,0.0,0.0,0.300,-0.05,9.8,-0.1,0.0,9.8,0.0,0.0,0.0
0.350,-0.02,9.8,-0.3,0.0,9.8,0.0,0.0,-6.1E-4,0.350,-0.08,9.8,0.2,0.1,9.8,0.0,0.0,0.0,0.350,-0.02,9.8,0.0,0.0,9.8,0.0,0.0,0.0,0.350,-0.06,9.9,0.0,0.1,9.9,0.0,0.0,0.0,0.350,-0.02,9.9,0.2,0.1,9.9,0.0,0.0,0.0,0.350,-0.04,9.9,0.0,0.1,9.9,0.0,0.0,6.1E-4
0.400,-0.01,9.9,-0.3,0.1,9.9,0.0,0.0,0.0,0.400,-0.07,9.8,0.2,0.0,9.8,0.0,0.0,0.0,0.400,-0.01,9.9,0.2,0.1,9.9,0.0,0.0,0.0,0.400,-0.06,9.8,0.0,0.0,9.8,-1.2E-4,0.0,0.0,0.400,-0.02,9.8,-0.2,0.0,9.8,0.0,0.0,0.0,0.400,-0.04,9.8,-0.1,0.0,9.8,0.0,0.0,0.0
0.450,0.00,9.8,-0.4,-0.1,9.8,0.0,0.0,0.0,0.450,-0.07,9.8,0.1,0.1,9.8,0.0,0.0,-6.1E-4,0.450,-0.02,9.7,0.0,-0.1,9.7,-1.2E-4,0.0,0.0,0.450,-0.06,9.9,0.0,0.1,9.9,0.0,0.0,6.1E-4,0.450,-0.01,9.9,-0.1,0.0,9.9,0.0,0.0,0.0,0.450,-0.04,9.8,-0.1,0.0,9.8,0.0,0.0,6.1E-4
0.500,-0.01,9.9,-0.3,0.0,9.9,0.0,0.0,0.0,0.500,-0.06,9.8,0.2,0.0,9.8,0.0,0.0,6.1E-4,0.500,-0.01,9.9,0.2,0.0,9.9,0.0,0.0,0.0,0.500,-0.06,9.8,-0.1,0.0,9.8,0.0,0.0,0.0,0.500,-0.02,9.7,-0.1,-0.1,9.7,0.0,0.0,0.0,0.500,-0.05,9.8,-0.1,0.0,9.8,0.0,0.0,-6.1E-4
0.550,-0.02,9.8,-0.3,-0.1,9.8,0.0,0.0,0.0,0.550,-0.07,9.8,0.3,0.1,9.8,0.0,0.0,6.1E-4,0.550,-0.02,9.8,0.4,0.0,9.8,0.1,0.0,0.0,0.550,-0.05,9.8,0.1,0.0,9.8,0.0,0.0,-6.1E-4,0.550,-0.03,9.8,-0.1,0.0,9.8,-0.1,0.0,0.0,0.550,-0.04,9.8,0.0,0.0,9.8,0.0,0.0,6.1E-4
0.600,-0.01,9.9,-0.3,0.1,9.9,0.0,0.0,0.0,0.600,-0.07,9.8,0.1,0.0,9.8,0.0,0.0,6.1E-4,0.600,0.00,9.8,-0.4,0.0,9.8,0.0,0.0,0.0,0.600,-0.06,9.9,0.0,0.0,9.9,0.0,0.0,6.1E-4,0.600,-0.02,9.9,0.2,0.1,9.9,0.0,0.0,0.0,0.600,-0.05,9.8,-0.1,0.0,9.8,0.0,0.0,0.0
0.650,-0.01,9.8,-0.4,0.0,9.8,0.0,0.0,0.0,0.650,-0.07,9.8,0.2,0.0,9.8,0.0,0.0,0.0,0.650,0.00,9.8,-0.1,0.1,9.8,0.0,0.0,0.0,0.650,-0.07,9.8,-0.1,0.0,9.8,0.0,0.0,-6.1E-4,0.650,-0.01,9.8,-0.1,-0.1,9.8,0.0,0.0,6.1E-4,0.650,-0.05,9.8,-0.1,0.0,9.8,0.0,0.0,-6.1E-4
0.700,0.00,9.9,-0.3,0.1,9.9,0.0,0.0,0.0,0.700,-0.06,9.8,0.1,0.0,9.8,0.0,0.0,6.1E-4,0.700,0.00,9.8,0.4,-0.2,9.9,0.0,0.0,0.0,0.700,-0.06,9.8,0.0,0.0,9.8,0.0,0.0,0.0,0.700,-0.02,9.8,-0.3,0.0,9.8,0.0,0.0,0.0,0.700,-0.05,9.8,-0.1,0.0,9.8,0.0,0.0,0.0
0.750,0.00,9.8,-0.3,-0.1,9.8,0.0,0.0,0.0,0.750,-0.06,9.8,0.3,0.1,9.8,0.0,0.0,-6.1E-4,0.750,0.00,9.8,-0.1,0.0,9.8,0.1,0.0,0.0,0.750,-0.06,9.8,0.0,0.0,9.8,0.0,0.0,6.1E-4,0.750,-0.02,9.9,0.1,0.1,9.9,0.0,0.0,0.0,0.750,-0.05,9.8,-0.1,0.0,9.8,0.0,0.0,-6.1E-4
0.800,0.02,9.9,-0.3,0.1,9.9,0.0,0.0,-6.1E-4,0.800,-0.06,9.8,0.1,0.0,9.8,0.0,0.0,6.1E-4,0.800,-0.02,9.8,0.1,0.0,9.8,0.0,0.0,0.0,0.800,-0.06,9.8,0.0,0.0,9.8,-1.2E-4,0.0,0.0,0.800,-0.01,9.7,-0.2,-0.1,9.7,0.0,0.0,-6.1E-4,0.800,-0.05,9.8,-0.1,0.0,9.8,0.0,0.0,0.0
0.850,0.01,9.8,-0.3,-0.1,9.8,0.0,0.0,0.0,0.850,-0.05,9.8,0.2,0.0,9.8,0.0,0.0,6.1E-4,0.850,-0.01,9.9,-0.1,0.0,9.9,0.0,0.0,0.0,0.850,-0.06,9.8,0.0,0.0,9.8,0.0,0.0,0.0,0.850,-0.01,9.9,-0.1,0.1,9.9,0.0,-1.2E-4,0.0,0.850,-0.05,9.8,-0.1,0.0,9.8,0.0,0.0,-6.1E-4
0.900,0.01,9.9,-0.3,0.1,9.9,0.0,0.0,0.0,0.900,-0.06,9.8,0.0,0.1,9.8,0.0,0.0,0.0,0.900,-0.01,9.8,0.2,0.0,9.8,0.0,0.0,0.0,0.900,-0.06,9.8,-0.1,0.0,9.8,0.0,0.0,0.0,0.900,-0.01,9.7,-0.2,-0.1,9.7,0.0,0.0,0.0,0.900,-0.05,9.8,-0.1,0.0,9.8,0.0,0.0,0.0
0.950,0.00,9.9,-0.3,0.0,9.9,0.0,0.0,0.0,0.950,-0.06,9.8,0.3,0.0,9.8,0.0,0.0,0.0,0.950,-0.01,9.8,0.0,0.0,9.8,0.0,0.0,-6.1E-4,0.950,-0.06,9.8,0.1,-0.1,9.8,0.0,0.0,0.0,0.950,-0.01,9.9,0.0,0.2,9.9,0.0,0.0,0.0,0.950,-0.05,9.8,-0.1,0.0,9.8,0.0,0.0,-6.1E-4
1.000,0.00,9.8,-0.3,0.0,9.8,0.0,0.0,0.0,1.000,-0.06,9.8,0.2,0.1,9.8,0.0,0.0,0.0,1.000,-0.01,9.8,0.1,0.0,9.8,0.0,0.0,0.0,1.000,-0.06,9.8,0.0,0.0,9.8,0.0,0.0,-6.1E-4,1.000,-0.03,9.6,-0.1,-0.3,9.6,0.0,0.0,0.0,1.000,-0.05,9.8,-0.1,0.0,9.8,0.0,0.0,-6.1E-4
1.050,0.00,9.8,-0.4,0.0,9.8,0.0,0.0,0.0,1.050,-0.06,9.9,-0.3,0.0,9.9,0.0,0.0,0.0,1.050,-0.02,9.8,0.0,-0.1,9.8,0.0,0.0,-6.1E-4,1.050,-0.05,9.8,-0.1,0.0,9.8,0.0,0.0,0.0,1.050,-0.03,10.0,0.0,0.4,10.0,0.0,0.0,0.0,1.050,-0.05,9.8,-0.1,0.0,9.8,0.0,0.0,-6.1E-4
1.100,-7.51E-10,9.9,-0.3,0.0,9.9,0.0,0.0,0.0,1.100,-0.06,9.8,0.5,0.0,9.9,0.0,0.0,0.0,1.100,-0.01,9.8,0.0,0.0,9.8,0.0,0.0,6.1E-4,1.100,-0.06,9.8,0.0,0.0,9.8,0.0,0.0,-6.1E-4,1.100,-0.03,9.6,-0.2,-0.3,9.6,0.0,0.0,0.0,1.100,-0.05,9.8,0.0,0.0,9.8,0.0,0.0,-6.1E-4
1.150,-0.01,9.9,-0.3,0.0,9.9,0.0,0.0,0.0,1.150,-0.06,9.8,0.0,0.0,9.8,0.0,0.0,0.0,1.150,-0.02,9.9,0.2,0.1,9.9,0.0,0.0,6.1E-4,1.150,-0.06,9.9,0.0,0.0,9.9,0.0,0.0,-6.1E-4,1.150,-0.03,9.9,0.1,0.4,10.0,0.0,0.0,0.0,1.150,-0.05,9.8,-0.1,0.0,9.8,0.0,0.0,6.1E-4
1.200,0.00,9.8,-0.4,0.0,9.8,0.0,0.0,-6.1E-4,1.200,-0.07,9.8,0.4,0.0,9.8,0.0,0.0,6.1E-4,1.200,-0.01,9.9,0.0,0.0,9.9,0.0,0.0,0.0,1.200,-0.06,9.8,0.0,0.0,9.8,0.0,0.0,-6.1E-4,1.200,-0.04,9.7,-0.2,-0.3,9.7,0.0,0.0,0.0,1.200,-0.06,9.8,-0.1,0.0,9.8,0.0,0.0,-6.1E-4
1.250,-7.51E-10,9.8,-0.3,0.0,9.8,0.0,0.0,0.0,1.250,-0.07,9.9,0.0,0.1,9.9,0.0,0.0,0.0,1.250,-0.02,9.8,0.1,-0.1,9.8,0.0,0.0,0.0,1.250,-0.06,9.8,0.0,0.0,9.8,0.0,0.0,6.1E-4,1.250,-0.02,10.0,-0.1,0.4,10.0,0.0,0.0,0.0,1.250,-0.05,9.8,-0.1,0.0,9.8,0.0,0.0,-6.1E-4
1.300,0.00,9.9,-0.3,0.0,9.9,0.0,0.0,-6.1E-4,1.300,-0.06,9.8,0.0,0.0,9.8,0.0,0.0,0.0,1.300,-0.02,9.8,0.0,0.0,9.8,0.0,0.0,0.0,1.300,-0.05,9.8,-0.1,0.0,9.8,0.0,0.0,0.0,1.300,-0.03,9.6,0.0,-0.2,9.6,0.0,0.0,0.0,1.300,-0.05,9.8,0.0,0.0,9.8,0.0,0.0,-6.1E-4
1.350,-0.01,9.9,-0.3,0.1,9.9,-1.2E-4,0.0,0.0,1.350,-0.07,9.9,0.5,0.0,9.9,0.0,0.0,0.0,1.350,-0.01,9.7,0.0,0.0,9.7,0.0,0.0,0.0,1.350,-0.05,9.8,0.1,0.0,9.8,0.0,0.0,6.1E-4,1.350,-0.02,9.9,-0.1,0.2,9.9,0.0,0.0,0.0,1.350,-0.05,9.8,-0.1,0.0,9.8,0.0,0.0,-6.1E-4
1.400,-0.01,9.8,-0.4,-0.1,9.8,0.0,0.0,0.0,1.400,-0.06,9.8,0.0,0.2,9.8,0.0,0.0,0.0,1.400,0.02,10.0,0.3,0.0,10.0,0.0,0.0,-6.1E-4,1.400,-0.06,9.8,0.0,0.0,9.8,0.0,0.0,6.1E-4,1.400,-0.03,9.7,0.0,-0.1,9.7,0.0,0.0,0.0,1.400,-0.05,9.8,-0.1,0.0,9.8,0.0,0.0,-6.1E-4
1.450,-0.01,9.9,-0.3,0.1,9.9,0.0,0.0,0.0,1.450,-0.06,9.8,0.1,-0.1,9.8,-0.1,0.0,0.0,1.450,0.03,10.0,0.0,-0.1,10.0,-1.2E-4,0.0,0.0,1.450,-0.05,9.9,-0.2,0.2,9.9,-1.2E-4,0.0,0.0,1.450,-0.03,9.9,-0.1,0.0,9.9,0.0,0.0,0.0,1.450,-0.05,9.8,-0.1,0.0,9.8,0.0,0.0,6.1E-4
1.500,-0.01,9.8,-0.3,-0.1,9.8,0.0,0.0,0.0,1.500,-0.06,9.9,0.5,0.1,9.9,0.0,0.0,0.0,1.500,0.04,9.8,0.1,0.0,9.8,0.0,0.0,0.0,1.500,-0.05,9.8,0.1,0.0,9.8,0.0,0.0,0.0,1.500,-0.02,9.8,0.0,0.1,9.8,0.0,0.0,0.0,1.500,-0.05,9.8,-0.1,0.0,9.8,0.0,0.0,6.1E-4
1.550,-7.51E-10,9.9,-0.3,0.1,9.9,0.0,0.0,0.0,1.550,-0.07,9.8,-0.1,0.0,9.8,0.0,0.0,0.0,1.550,0.04,9.9,0.2,0.0,9.9,0.0,0.0,0.0,1.550,-0.05,9.8,0.0,0.0,9.8,0.0,0.0,-6.1E-4,1.550,-0.03,9.8,-0.1,-0.1,9.8,0.0,0.0,0.0,1.550,-0.05,9.8,0.0,0.0,9.8,0.0,0.0,-6.1E-4
1.600,0.01,9.8,-0.3,-0.1,9.8,0.0,0.0,0.0,1.600,-0.08,9.8,0.2,-0.1,9.8,0.0,0.0,0.0,1.600,0.04,9.8,-0.1,0.0,9.8,-1.2E-4,0.0,0.0,1.600,-0.05,9.9,0.0,0.1,9.9,0.0,0.0,6.1E-4,1.600,-0.03,9.9,-0.1,0.2,9.9,0.0,0.0,0.0,1.600,-0.05,9.8,-0.1,0.0,9.8,0.0,0.0,-6.1E-4
1.650,-0.02,9.9,-0.3,0.1,9.9,0.0,0.0,0.0,1.650,-0.08,9.9,0.1,0.0,9.9,0.0,0.0,0.0,1.650,0.04,9.8,0.2,-0.1,9.8,0.0,0.0,6.1E-4,1.650,-0.05,9.9,0.0,0.1,9.9,0.0,0.0,0.0,1.650,-0.04,9.7,0.0,-0.2,9.7,0.0,0.0,0.0,1.650,-0.05,9.8,-0.1,0.0,9.8,0.0,0.0,-6.1E-4
1.700,-0.02,9.8,-0.3,-0.1,9.8,0.0,0.0,0.0,1.700,-0.07,9.8,0.2,0.1,9.8,0.0,0.0,0.0,1.700,0.04,9.8,0.1,0.0,9.8,0.0,0.0,0.0,1.700,-0.04,9.8,0.0,0.0,9.8,0.0,0.0,-6.1E-4,1.700,-0.03,9.9,-0.2,0.3,9.9,0.0,0.0,0.0,1.700,-0.05,9.8,-0.1,0.0,9.8,0.0,0.0,-6.1E-4
1.750,-0.01,9.9,-0.3,0.1,9.9,0.0,0.0,0.0,1.750,-0.06,9.9,0.3,0.2,9.9,0.0,0.0,0.0,1.750,0.04,9.8,0.1,-0.1,9.8,0.0,0.0,0.0,1.750,-0.05,9.8,0.0,0.0,9.8,0.0,0.0,0.0,1.750,-0.03,9.7,0.0,-0.2,9.7,0.0,0.0,0.0,1.750,-0.05,9.8,-0.1,0.0,9.8,0.0,0.0,-6.1E-4
1.800,0.01,9.8,-0.4,0.0,9.8,0.0,0.0,0.0,1.800,-0.08,9.9,0.3,-0.1,9.9,0.0,0.0,0.0,1.800,0.05,9.8,-0.1,0.0,9.8,0.0,0.0,0.0,1.800,-0.05,9.8,0.1,-0.2,9.8,0.0,0.0,0.0,1.800,-0.01,10.0,-0.1,0.3,10.0,0.0,0.0,0.0,1.800,-0.04,9.8,-0.1,0.0,9.8,0.0,0.0,6.1E-4
1.850,-0.02,9.9,-0.3,0.0,9.9,0.0,0.0,0.0,1.850,-0.06,9.9,-0.2,0.0,9.9,0.0,0.0,6.1E-4,1.850,0.04,9.8,0.2,0.0,9.8,0.0,0.0,6.1E-4,1.850,-0.04,9.9,-0.1,0.1,9.9,0.0,0.0,-6.1E-4,1.850,-0.03,9.7,-0.1,-0.2,9.7,0.0,0.0,0.0,1.850,-0.03,9.8,-0.1,0.0,9.8,0.0,0.0,-6.1E-4
1.900,0.00,9.8,-0.3,-0.1,9.8,0.0,0.0,0.0,1.900,-0.07,9.8,-0.1,0.3,9.8,0.0,0.0,0.0,1.900,0.05,9.8,0.0,0.0,9.8,0.0,0.0,-6.1E-4,1.900,-0.04,9.8,0.0,0.0,9.8,0.0,0.0,0.0,1.900,-0.04,9.9,-0.1,0.2,9.9,0.0,0.0,0.0,1.900,-0.04,9.8,0.0,0.0,9.8,0.0,0.0,-6.1E-4
1.950,0.00,9.8,-0.3,0.0,9.8,0.0,0.0,0.0,1.950,-0.07,9.8,0.8,-0.2,9.8,0.0,0.0,0.0,1.950,0.05,9.8,0.0,0.0,9.8,0.0,0.0,0.0,1.950,-0.04,9.8,0.0,0.0,9.8,0.0,0.0,6.1E-4,1.950,-0.03,9.7,-0.2,-0.3,9.7,0.0,0.0,6.1E-4,1.950,-0.04,9.8,-0.1,0.0,9.8,0.0,0.0,-6.1E-4
2.000,-0.02,9.8,-0.3,0.0,9.8,0.0,0.0,0.0,2.000,-0.07,9.9,-0.4,0.4,10.0,0.1,0.0,0.0,2.000,0.06,9.8,0.1,0.0,9.8,0.0,0.0,0.0,2.000,-0.05,9.8,-0.1,0.0,9.8,0.0,0.0,-6.1E-4,2.000,-0.02,10.0,0.0,0.3,10.0,0.0,0.0,-6.1E-4,2.000,-0.04,9.8,-0.1,0.0,9.8,0.0,0.0,-6.1E-4
2.050,-0.02,9.8,-0.3,0.0,9.9,0.0,0.0,0.0,2.050,-0.06,9.7,0.4,-0.2,9.7,-0.1,0.0,0.0,2.050,0.06,9.8,0.0,0.0,9.8,-1.2E-4,0.0,0.0,2.050,-0.05,9.8,0.0,0.0,9.8,0.0,0.0,6.1E-4,2.050,-0.02,9.7,-0.2,-0.2,9.7,0.0,0.0,-6.1E-4,2.050,-0.06,9.8,-0.1,0.0,9.8,0.0,0.0,6.1E-4
2.100,-0.02,9.8,-0.4,0.0,9.8,0.0,0.0,0.0,2.100,-0.06,9.8,0.3,0.0,9.8,0.0,0.0,6.1E-4,2.100,0.08,9.6,0.0,0.0,9.6,0.0,0.0,0.0,2.100,-0.05,9.8,0.0,0.0,9.8,0.0,0.0,0.0,2.100,0.00,9.9,0.0,0.2,10.0,0.0,0.0,-6.1E-4,2.100,-0.05,9.8,-0.1,0.0,9.8,0.0,0.0,0.0
2.150,-0.01,9.8,-0.3,0.0,9.8,0.0,0.0,0.0,2.150,-0.06,9.9,-0.1,0.1,9.9,0.0,0.0,0.0,2.150,0.19,9.9,0.2,0.1,9.9,0.0,0.0,0.0,2.150,-0.05,9.8,0.0,0.0,9.8,0.0,0.0,-6.1E-4,2.150,-0.04,9.7,0.0,-0.1,9.7,0.0,0.0,0.0,2.150,-0.04,9.8,-0.1,0.0,9.8,0.0,0.0,-6.1E-4
2.200,-0.01,9.9,-0.3,0.0,9.9,0.0,0.0,0.0,2.200,-0.06,9.8,0.5,0.0,9.8,0.1,0.0,0.0,2.200,0.86,9.6,0.2,0.0,9.6,0.0,0.0,0.0,2.200,-0.06,9.9,0.0,0.0,9.9,0.0,0.0,-6.1E-4,2.200,-0.02,9.9,-0.1,0.1,9.9,0.0,0.0,0.0,2.200,-0.05,9.8,-0.1,0.0,9.8,0.0,0.0,-6.1E-4
2.250,-0.01,9.8,-0.3,0.0,9.8,0.0,0.0,0.0,2.250,-0.07,9.8,-0.1,0.0,9.8,0.0,0.0,0.0,2.250,0.69,9.9,-0.1,0.1,9.9,0.0,0.0,0.0,2.250,-0.05,9.8,0.0,0.0,9.8,0.0,0.0,0.0,2.250,-0.04,9.8,-0.1,0.0,9.8,0.0,0.0,0.0,2.250,-0.05,9.8,-0.1,0.0,9.8,0.0,0.0,-6.1E-4
2.300,-0.01,9.8,-0.4,0.0,9.8,0.0,0.0,0.0,2.300,-0.07,9.8,0.2,0.1,9.9,0.1,0.0,0.0,2.300,0.69,9.8,0.1,-0.1,9.8,0.0,0.0,0.0,2.300,-0.06,9.9,0.0,0.0,9.9,0.0,0.0,6.1E-4,2.300,-0.03,9.9,0.0,0.0,9.9,0.0,0.0,0.0,2.300,-0.04,9.8,-0.1,0.0,9.8,0.0,0.0,0.0
2.350,-0.02,9.8,-0.3,0.0,9.8,0.0,0.0,-6.1E-4,2.350,-0.06,9.9,0.2,0.0,9.9,0.0,0.0,0.0,2.350,0.69,9.8,0.1,0.0,9.8,0.0,0.0,0.0,2.350,-0.04,9.9,0.0,0.0,9.9,0.0,0.0,6.1E-4,2.350,-0.02,9.8,-0.2,0.1,9.8,0.0,0.0,0.0,2.350,-0.04,9.8,-0.1,0.0,9.8,0.0,0.0,0.0
2.400,-0.01,9.9,-0.3,0.0,9.9,0.0,0.0,0.0,2.400,-0.07,9.8,0.1,0.1,9.8,0.0,0.0,0.0,2.400,0.67,9.9,0.2,0.1,9.9,0.0,0.0,-6.1E-4,2.400,-0.04,9.8,-0.1,-0.1,9.8,0.0,0.0,6.1E-4,2.400,-0.02,9.8,0.0,-0.1,9.8,0.0,0.0,0.0,2.400,-0.04,9.8,-0.1,0.0,9.8,0.0,0.0,-6.1E-4
2.450,-0.01,9.8,-0.4,0.0,9.8,0.0,0.0,0.0,2.450,-0.07,9.8,0.3,0.0,9.8,0.0,0.0,0.0,2.450,0.67,9.8,0.1,0.0,9.8,0.0,0.0,6.1E-4,2.450,-0.05,9.9,0.0,0.0,9.9,0.0,0.0,0.0,2.450,-0.02,9.8,-0.1,0.1,9.8,0.0,0.0,0.0,2.450,-0.04,9.8,-0.1,0.0,9.8,0.0,0.0,0.0
2.500,0.00,9.8,-0.4,0.0,9.8,0.0,0.0,0.0,2.500,-0.06,9.9,-0.2,0.1,9.9,0.0,0.0,0.0,2.500,0.67,9.8,0.0,0.0,9.8,0.0,0.0,0.0,2.500,-0.05,9.9,0.0,0.0,9.9,0.0,0.0,6.1E-4,2.500,-0.03,9.8,-0.1,-0.1,9.8,0.0,0.0,0.0,2.500,-0.04,9.8,-0.1,0.0,9.8,0.0,0.0,-6.1E-4
2.550,-0.02,9.8,-0.3,0.0,9.8,0.0,0.0,0.0,2.550,-0.06,9.7,0.7,0.0,9.8,0.0,0.0,0.0,2.550,0.66,9.8,0.1,0.0,9.8,0.0,0.0,0.0,2.550,-0.04,9.8,0.0,0.0,9.8,0.0,0.0,-6.1E-4,2.550,-0.03,9.9,-0.1,0.1,9.9,0.0,0.0,0.0,2.550,-0.04,9.8,-0.1,0.0,9.8,0.0,0.0,-6.1E-4
2.600,-0.01,9.9,-0.3,0.0,9.9,0.0,0.0,0.0,2.600,-0.06,9.9,-0.3,0.0,9.9,0.1,0.0,0.0,2.600,0.67,9.9,0.1,0.1,9.9,0.0,0.0,6.1E-4,2.600,-0.06,9.8,0.0,0.0,9.8,0.0,0.0,-6.1E-4,2.600,-0.03,9.8,0.0,-0.1,9.8,0.0,0.0,6.1E-4,2.600,-0.04,9.8,-0.1,0.0,9.8,0.0,0.0,0.0
2.650,-0.02,9.8,-0.4,0.0,9.8,0.0,0.0,0.0,2.650,-0.05,9.8,0.4,0.0,9.9,0.0,0.0,0.0,2.650,0.71,9.8,0.0,-0.1,9.8,0.0,0.0,0.0,2.650,-0.05,9.8,0.0,-0.1,9.8,0.0,0.0,0.0,2.650,-0.02,9.9,-0.1,0.1,9.9,0.0,0.0,0.0,2.650,-0.05,9.8,-0.1,0.0,9.8,0.0,0.0,-6.1E-4
2.700,-0.01,9.9,-0.3,0.0,9.9,0.0,0.0,0.0,2.700,-0.06,9.9,0.0,0.2,9.9,0.0,0.0,0.0,2.700,0.69,9.9,0.1,0.1,9.9,0.0,0.0,-6.1E-4,2.700,-0.05,9.8,0.0,0.0,9.8,0.0,0.0,-6.1E-4,2.700,-0.02,9.8,-0.1,-0.1,9.8,0.0,0.0,0.0,2.700,-0.05,9.8,-0.1,0.0,9.8,0.0,0.0,0.0
2.750,-0.02,9.8,-0.3,0.0,9.8,0.0,0.0,0.0,2.750,-0.06,9.7,0.1,-0.2,9.7,0.0,0.0,0.0,2.750,0.69,9.8,0.1,-0.1,9.8,0.0,0.0,-6.1E-4,2.750,-0.05,9.8,-0.1,0.0,9.8,0.0,0.0,6.1E-4,2.750,-0.02,9.9,0.0,0.1,9.9,0.0,0.0,0.0,2.750,-0.02,9.8,-0.1,0.0,9.8,0.0,0.0,-6.1E-4
2.800,-0.03,9.8,-0.3,0.0,9.8,0.0,0.0,0.0,2.800,-0.07,9.9,0.1,0.2,9.9,0.0,0.0,6.1E-4,2.800,0.71,9.8,0.0,0.1,9.8,0.0,0.0,0.0,2.800,-0.05,9.8,-0.1,0.0,9.8,0.0,0.0,0.0,2.800,-0.01,9.8,-0.2,-0.1,9.8,0.0,0.0,0.0,2.800,-0.04,9.8,-0.1,0.0,9.8,0.0,0.0,-6.1E-4
2.850,-0.03,9.8,-0.3,0.0,9.8,0.0,0.0,0.0,2.850,-0.06,9.6,0.6,-0.3,9.6,0.1,0.0,0.0,2.850,0.72,9.8,0.1,0.0,9.8,0.0,0.0,0.0,2.850,-0.05,9.8,0.0,0.0,9.8,0.0,0.0,0.0,2.850,-0.01,9.9,0.0,0.1,9.9,0.0,0.0,0.0,2.850,-0.04,9.8,-0.1,0.0,9.8,0.0,0.0,-6.1E-4
2.900,-0.03,9.9,-0.3,0.0,9.9,0.0,0.0,0.0,2.900,-0.06,10.0,0.4,0.2,10.0,-0.1,0.0,0.0,2.900,0.72,9.8,-0.1,0.0,9.8,0.0,0.0,0.0,2.900,-0.05,9.8,-0.1,0.0,9.8,0.0,0.0,6.1E-4,2.900,-0.02,9.7,-0.1,-0.1,9.7,0.0,0.0,0.0,2.900,-0.04,9.8,-0.1,0.0,9.8,0.0,0.0,-6.1E-4
2.950,-0.03,9.8,-0.4,0.0,9.8,0.0,0.0,-6.1E-4,2.950,-0.06,9.9,-0.4,0.1,9.9,0.0,0.0,0.0,2.950,0.76,9.8,0.1,0.0,9.8,0.0,0.0,0.0,2.950,-0.05,9.8,-0.1,0.0,9.8,0.0,0.0,-6.1E-4,2.950,0.00,9.9,0.0,0.2,9.9,0.0,0.0,0.0,2.950,-0.04,9.8,-0.1,0.0,9.8,0.0,0.0,-6.1E-4
3.000,-0.02,9.8,-0.4,0.0,9.8,0.0,0.0,0.0,3.000,-0.06,9.9,0.2,0.1,9.9,0.0,0.0,0.0,3.000,0.70,9.8,0.1,-0.1,9.8,0.0,0.0,0.0,3.000,-0.05,9.8,0.1,0.0,9.8,0.0,0.0,0.0,3.000,-0.02,9.7,-0.1,-0.2,9.7,0.0,0.0,0.0,3.000,-0.03,9.8,-0.1,0.0,9.8,0.0,0.0,-6.1E-4
3.050,-0.04,9.9,-0.3,0.0,9.9,0.0,0.0,0.0,3.050,-0.06,9.8,0.1,-0.1,9.8,0.1,0.0,0.0,3.050,0.73,9.9,0.1,0.1,9.9,0.0,0.0,0.0,3.050,-0.07,9.8,1.9E-4,-0.1,9.8,-1.2E-4,0.0,0.0,3.050,-0.01,9.9,0.0,0.2,9.9,0.0,0.0,-6.1E-4,3.050,-0.04,9.8,-0.1,0.0,9.8,0.0,0.0,-6.1E-4
3.100,-0.02,9.8,-0.3,0.0,9.8,0.0,0.0,0.0,3.100,-0.06,9.6,0.6,-0.2,9.7,0.0,0.0,0.0,3.100,0.88,9.7,0.1,0.1,9.7,0.0,0.0,0.0,3.100,-0.06,9.9,0.0,0.0,9.9,0.0,0.0,6.1E-4,3.100,-0.01,9.7,-0.1,-0.1,9.7,0.0,0.0,-6.1E-4,3.100,-0.03,9.8,-0.1,0.0,9.8,0.0,0.0,-6.1E-4
3.150,0.00,9.8,-0.3,0.0,9.8,0.0,0.0,0.0,3.150,-0.06,9.9,-0.2,0.0,9.9,0.0,0.0,0.0,3.150,0.89,9.9,0.0,0.2,9.9,0.0,0.0,6.1E-4,3.150,-0.05,9.8,-0.1,-0.1,9.8,0.0,0.0,0.0,3.150,-0.02,9.9,-0.1,0.2,9.9,0.0,0.0,0.0,3.150,-0.03,9.8,-0.1,0.0,9.8,0.0,0.0,-6.1E-4
3.200,-0.01,9.8,-0.3,0.0,9.9,0.0,0.0,0.0,3.200,-0.06,9.8,0.5,-0.2,9.8,-0.1,0.0,0.0,3.200,0.99,9.8,0.1,0.0,9.8,0.1,-0.1,0.0,3.200,-0.04,9.8,0.1,0.0,9.8,0.0,0.0,6.1E-4,3.200,-0.02,9.8,0.0,-0.1,9.8,0.0,0.0,0.0,3.200,-0.03,9.8,-0.1,0.0,9.8,0.0,0.0,-6.1E-4
3.250,0.01,9.9,-0.3,0.0,9.9,0.0,0.0,0.0,3.250,-0.06,9.8,-0.2,0.1,9.8,0.0,0.0,0.0,3.250,0.87,9.9,0.3,-0.3,9.9,0.0,0.0,0.0,3.250,-0.05,9.8,-0.1,0.0,9.8,0.0,0.0,6.1E-4,3.250,-0.02,9.9,-0.1,0.1,9.9,0.0,0.0,-6.1E-4,3.250,-0.04,9.8,-0.1,0.0,9.8,0.0,0.0,0.0
3.300,-0.01,9.8,-0.3,-0.1,9.9,0.0,0.0,-6.1E-4,3.300,-0.07,9.9,0.6,0.2,9.9,0.0,0.0,0.0,3.300,0.90,9.8,-0.2,0.0,9.8,0.0,0.0,0.0,3.300,-0.06,9.9,0.0,0.0,9.9,0.0,0.0,-6.1E-4,3.300,-0.02,9.8,-0.1,0.0,9.8,0.0,0.0,0.0,3.300,-0.05,9.8,-0.1,0.0,9.8,0.0,0.0,-6.1E-4
3.350,-0.01,9.9,-0.3,0.0,9.9,0.0,0.0,0.0,3.350,-0.06,9.9,0.0,0.0,9.9,-0.1,0.0,0.0,3.350,0.85,9.9,0.0,0.0,9.9,0.0,0.0,0.0,3.350,-0.06,9.8,0.0,0.0,9.8,0.0,0.0,6.1E-4,3.350,-0.02,9.9,-0.2,0.0,9.9,0.0,0.0,-6.1E-4,3.350,-0.05,9.8,-0.1,0.0,9.8,0.0,0.0,6.1E-4
3.400,-0.02,9.8,-0.4,0.0,9.8,0.0,0.0,0.0,3.400,-0.06,9.8,0.0,-0.1,9.8,0.0,0.0,0.0,3.400,0.89,9.8,0.4,0.1,9.8,0.0,0.0,0.0,3.400,-0.06,9.8,-0.1,0.0,9.8,0.0,0.0,0.0,3.400,-0.02,9.8,0.1,0.0,9.8,-0.1,0.0,0.0,3.400,-0.05,9.8,-0.1,0.0,9.8,0.0,0.0,-6.1E-4
3.450,-0.01,9.8,-0.3,0.0,9.9,0.0,0.0,0.0,3.450,-0.06,9.8,0.1,0.2,9.8,0.0,0.0,0.0,3.450,0.82,9.9,-0.2,-0.1,9.9,0.0,0.0,0.0,3.450,-0.06,9.8,0.1,0.0,9.8,0.0,0.0,6.1E-4,3.450,-0.03,9.9,0.1,0.1,9.9,0.0,0.0,0.0,3.450,-0.05,9.8,-0.1,0.0,9.8,0.0,0.0,-6.1E-4
3.500,-0.02,9.8,-0.3,0.0,9.8,0.0,0.0,0.0,3.500,-0.06,9.8,0.4,-0.1,9.8,0.0,0.0,6.1E-4,3.500,0.84,9.8,0.2,0.0,9.8,0.0,0.0,0.0,3.500,-0.05,9.8,0.0,0.0,9.8,0.0,0.0,6.1E-4,3.500,-0.02,9.8,-0.4,0.0,9.8,0.0,0.0,0.0,3.500,-0.04,9.8,-0.1,0.0,9.8,0.0,0.0,6.1E-4
3.550,-0.04,9.8,-0.4,0.0,9.8,0.0,0.0,0.0,3.550,-0.06,9.9,0.1,0.2,9.9,0.0,0.0,0.0,3.550,0.81,9.8,0.0,0.0,9.8,0.0,0.0,0.0,3.550,-0.07,9.8,-0.1,0.0,9.8,0.0,0.0,0.0,3.550,-0.01,9.6,0.2,-0.1,9.6,0.0,0.0,0.0,3.550,-0.04,9.8,-0.1,0.0,9.8,0.0,0.0,0.0
3.600,-0.02,9.8,-0.3,0.0,9.8,0.0,0.0,0.0,3.600,-0.06,9.8,0.0,0.0,9.8,0.0,0.0,0.0,3.600,0.79,9.8,0.3,-0.1,9.8,0.0,0.0,6.1E-4,3.600,-0.05,9.8,0.1,0.0,9.8,0.0,0.0,6.1E-4,3.600,-0.02,10.0,-0.2,0.1,10.0,0.0,0.0,-6.1E-4,3.600,-0.04,9.8,-0.1,0.0,9.8,0.0,0.0,0.0
3.650,-0.02,9.9,-0.3,0.0,9.9,0.0,0.0,0.0,3.650,-0.06,9.8,0.3,0.0,9.8,-0.1,0.0,0.0,3.650,0.74,9.8,-0.2,0.0,9.8,0.0,0.0,0.0,3.650,-0.06,9.8,0.0,0.0,9.8,0.0,0.0,6.1E-4,3.650,-0.02,9.8,-0.1,-0.1,9.8,0.0,0.0,0.0,3.650,-0.04,9.8,-0.1,0.0,9.8,0.0,0.0,-6.1E-4
3.700,-0.01,9.8,-0.4,0.0,9.8,0.0,0.0,0.0,3.700,-0.05,9.8,-0.3,-0.1,9.8,0.0,0.0,0.0,3.700,0.70,9.8,0.2,-0.1,9.8,-0.1,0.0,0.0,3.700,-0.05,9.8,0.0,0.0,9.8,0.0,0.0,0.0,3.700,-0.01,9.9,0.0,0.0,9.9,0.0,0.0,0.0,3.700,-0.04,9.8,-0.1,0.0,9.8,0.0,0.0,-6.1E-4
3.750,-0.02,9.8,-0.3,0.0,9.8,0.0,0.0,0.0,3.750,-0.06,9.9,0.8,0.4,9.9,0.0,0.0,0.0,3.750,0.62,9.8,0.2,0.0,9.8,0.0,0.0,0.0,3.750,-0.04,9.8,0.0,0.0,9.8,0.0,0.0,6.1E-4,3.750,-0.04,9.8,-0.1,0.1,9.8,0.0,0.0,0.0,3.750,-0.06,9.8,-0.1,0.0,9.8,0.0,0.0,6.1E-4
3.800,-0.02,9.9,-0.3,0.0,9.9,0.0,0.0,0.0,3.800,-0.07,9.7,0.0,-0.2,9.7,-0.1,0.0,0.0,3.800,0.53,9.9,-0.2,0.3,9.9,0.0,0.0,-6.1E-4,3.800,-0.05,9.9,0.0,0.1,9.9,0.0,0.0,0.0,3.800,-0.04,9.8,0.0,-0.1,9.8,0.0,0.0,0.0,3.800,-0.04,9.8,-0.1,0.0,9.8,0.0,0.0,0.0
3.850,-0.02,9.9,-0.3,0.0,9.9,0.0,0.0,0.0,3.850,-0.06,9.9,-0.2,0.1,9.9,0.0,0.0,0.0,3.850,0.58,9.9,0.1,0.1,9.9,0.0,0.0,0.0,3.850,-0.05,9.8,0.0,-0.1,9.8,0.0,0.0,6.1E-4,3.850,-0.03,9.9,-0.1,0.1,9.9,0.0,0.0,0.0,3.850,-0.03,9.8,-0.1,0.0,9.8,0.0,0.0,-6.1E-4
3.900,-0.03,9.8,-0.4,0.0,9.8,0.0,0.0,0.0,3.900,-0.07,9.8,0.5,0.1,9.8,0.0,0.0,0.0,3.900,0.69,9.8,0.2,-0.1,9.8,-1.2E-4,0.0,0.0,3.900,-0.05,9.8,-0.1,0.0,9.8,0.0,0.0,0.0,3.900,-0.03,9.8,0.0,-0.1,9.8,0.0,0.0,0.0,3.900,-0.04,9.8,-0.1,0.0,9.8,0.0,0.0,-6.1E-4
3.950,-0.01,9.9,-0.3,0.0,9.9,0.0,0.0,0.0,3.950,-0.06,9.8,0.1,0.0,9.8,0.0,0.0,0.0,3.950,0.70,9.8,1.9E-4,-0.1,9.8,0.0,0.0,-6.1E-4,3.950,-0.06,9.8,0.0,0.0,9.8,0.0,0.0,-6.1E-4,3.950,-0.02,9.9,-0.1,0.2,9.9,0.0,0.0,0.0,3.950,-0.03,9.8,-0.1,0.0,9.8,0.0,0.0,0.0
4.000,0.01,9.9,-0.3,0.0,9.9,0.0,0.0,0.0,4.000,-0.07,9.9,-0.2,0.2,9.9,0.0,0.0,-6.1E-4,4.000,0.62,9.9,0.1,0.1,9.9,0.0,0.0,0.0,4.000,-0.06,9.8,0.0,0.0,9.8,0.0,0.0,0.0,4.000,-0.04,9.7,-0.1,-0.2,9.7,0.0,0.0,6.1E-4,4.000,-0.04,9.8,0.0,0.0,9.8,0.0,0.0,6.1E-4
4.050,0.01,9.8,-0.4,0.0,9.8,0.0,0.0,0.0,4.050,-0.06,9.8,0.2,0.0,9.8,0.0,0.0,0.0,4.050,0.62,9.8,0.1,0.0,9.8,0.0,0.0,0.0,4.050,-0.05,9.9,0.0,0.0,9.9,0.0,0.0,6.1E-4,4.050,-0.03,9.9,0.0,0.2,9.9,0.0,0.0,0.0,4.050,-0.04,9.8,-0.1,0.0,9.8,0.0,0.0,-6.1E-4
4.100,-0.01,9.9,-0.3,0.0,9.9,0.0,0.0,0.0,4.100,-0.06,9.8,0.1,0.1,9.8,0.0,0.0,0.0,4.100,0.65,9.8,0.0,0.1,9.8,0.0,0.0,0.0,4.100,-0.06,9.9,0.0,0.1,9.9,0.0,0.0,0.0,4.100,-0.04,9.7,-0.1,-0.1,9.7,-1.2E-4,0.0,-6.1E-4,4.100,-0.04,9.8,0.0,0.0,9.8,0.0,0.0,-6.1E-4
4.150,-0.01,9.9,-0.3,0.0,9.9,0.0,0.0,0.0,4.150,-0.05,9.8,0.2,0.0,9.8,0.0,0.0,6.1E-4,4.150,0.69,9.8,0.1,0.0,9.8,0.0,0.0,0.0,4.150,-0.05,9.8,0.0,-0.1,9.8,0.0,0.0,0.0,4.150,-0.02,9.9,0.0,0.2,9.9,0.0,0.0,6.1E-4,4.150,-0.05,9.8,-0.1,0.0,9.8,0.0,0.0,6.1E-4
4.200,-0.02,9.9,-0.3,0.0,9.9,0.0,0.0,0.0,4.200,-0.05,9.8,0.0,0.2,9.8,0.0,0.0,0.0,4.200,0.65,9.8,0.2,-0.1,9.8,0.0,0.0,-6.1E-4,4.200,-0.06,9.9,1.9E-4,0.1,9.9,0.0,0.0,0.0,4.200,-0.03,9.8,-0.1,-0.1,9.8,0.0,0.0,-6.1E-4,4.200,-0.05,9.8,-0.1,0.0,9.8,0.0,0.0,-6.1E-4
4.250,-0.01,9.8,-0.3,-0.1,9.8,0.0,0.0,-6.1E-4,4.250,-0.06,9.9,0.3,0.0,9.9,-0.1,0.0,0.0,4.250,0.63,9.8,-0.1,0.1,9.8,0.0,0.0,6.1E-4,4.250,-0.06,9.8,0.0,-0.1,9.8,0.0,0.0,6.1E-4,4.250,-0.03,9.9,-0.1,0.2,9.9,0.0,0.0,0.0,4.250,-0.05,9.8,-0.1,0.0,9.8,0.0,0.0,0.0
4.300,-0.02,9.8,-0.3,0.0,9.8,0.0,0.0,0.0,4.300,-0.06,9.8,0.3,0.0,9.8,0.0,0.0,6.1E-4,4.300,0.66,9.8,0.1,-0.2,9.8,0.0,0.0,0.0,4.300,-0.05,9.8,0.1,0.0,9.8,0.0,0.0,-6.1E-4,4.300,-0.03,9.8,-0.1,-0.1,9.8,0.0,0.0,-6.1E-4,4.300,-0.05,9.8,-0.1,0.0,9.8,0.0,0.0,-6.1E-4
4.350,-0.02,9.8,-0.3,0.0,9.8,0.0,0.0,0.0,4.350,-0.06,9.8,0.1,0.1,9.8,0.0,0.0,0.0,4.350,0.63,9.9,0.2,0.1,9.9,0.0,0.0,6.1E-4,4.350,-0.05,9.8,-0.1,0.0,9.8,0.0,0.0,6.1E-4,4.350,-0.02,9.9,0.0,0.1,9.9,0.0,0.0,-6.1E-4,4.350,-0.04,9.8,-0.1,0.0,9.8,0.0,0.0,-6.1E-4
4.400,-0.02,9.8,-0.3,0.0,9.9,0.0,0.0,0.0,4.400,-0.06,9.8,0.2,0.0,9.8,0.0,0.0,0.0,4.400,0.62,9.8,-0.1,0.0,9.8,0.0,0.0,-6.1E-4,4.400,-0.04,9.9,0.1,0.0,9.9,0.0,0.0,-6.1E-4,4.400,-0.02,9.8,-0.2,0.0,9.8,0.0,0.0,0.0,4.400,-0.05,9.8,-0.1,0.0,9.8,0.0,0.0,-6.1E-4
4.450,-0.04,9.8,-0.4,0.0,9.8,0.0,0.0,0.0,4.450,-0.05,9.8,0.3,0.0,9.8,0.0,0.0,0.0,4.450,0.57,9.8,0.2,0.0,9.8,0.0,0.0,0.0,4.450,-0.05,9.8,0.0,0.0,9.8,0.0,0.0,0.0,4.450,-0.02,9.9,-0.1,0.0,9.9,0.0,0.0,0.0,4.450,-0.04,9.8,-0.1,0.0,9.8,0.0,0.0,6.1E-4
4.500,-0.02,9.8,-0.3,0.0,9.8,0.0,0.0,0.0,4.500,-0.07,9.8,0.0,0.1,9.8,0.0,0.0,0.0,4.500,0.58,9.8,0.0,0.0,9.8,0.0,0.0,0.0,4.500,-0.05,9.8,-0.1,0.0,9.8,0.0,0.0,-6.1E-4,4.500,-0.03,9.9,1.9E-4,0.0,9.9,0.0,0.0,0.0,4.500,-0.05,9.8,-0.1,0.0,9.8,0.0,0.0,-6.1E-4
4.550,-0.04,9.8,-0.3,0.0,9.8,0.0,0.0,0.0,4.550,-0.05,9.8,0.1,0.0,9.8,0.0,0.0,6.1E-4,4.550,0.57,9.9,1.9E-4,0.0,9.9,0.0,0.0,0.0,4.550,-0.04,9.9,0.1,0.1,9.9,0.0,0.0,-6.1E-4,4.550,-0.03,9.8,-0.1,0.0,9.8,0.0,0.0,6.1E-4,4.550,-0.04,9.8,-0.1,0.0,9.8,0.0,0.0,-6.1E-4
4.600,-0.03,9.9,-0.3,0.0,9.9,0.0,0.0,0.0,4.600,-0.06,9.8,0.2,0.0,9.8,0.0,0.0,0.0,4.600,0.59,9.8,0.1,0.0,9.8,0.0,0.0,6.1E-4,4.600,-0.05,9.8,-0.2,-0.1,9.8,0.0,0.0,6.1E-4,4.600,-0.02,9.8,-0.1,0.0,9.8,0.0,0.0,-6.1E-4,4.600,-0.04,9.8,-0.1,0.0,9.8,0.0,0.0,-6.1E-4
4.650,-0.03,9.8,-0.3,0.0,9.8,0.0,0.0,0.0,4.650,-0.06,9.8,0.1,0.1,9.8,0.0,0.0,0.0,4.650,0.59,9.8,0.0,0.0,9.8,0.0,0.0,-6.1E-4,4.650,-0.05,9.8,0.1,-0.1,9.8,0.0,0.0,6.1E-4,4.650,-0.02,9.8,0.0,-0.1,9.8,0.0,0.0,6.1E-4,4.650,-0.04,9.8,-0.1,0.0,9.8,0.0,0.0,0.0
4.700,-0.04,9.8,-0.3,0.0,9.8,0.0,0.0,0.0,4.700,-0.06,9.8,0.3,0.0,9.8,0.0,0.0,0.0,4.700,0.58,9.8,0.2,0.0,9.8,0.0,0.0,0.0,4.700,-0.05,9.8,0.0,0.0,9.8,0.0,0.0,0.0,4.700,-0.02,9.9,-0.1,0.2,9.9,0.0,0.0,0.0,4.700,-0.04,9.8,-0.1,0.0,9.8,0.0,0.0,-6.1E-4
4.750,-0.04,9.8,-0.4,0.0,9.8,-1.2E-4,0.0,0.0,4.750,-0.06,9.8,0.0,0.1,9.8,0.0,0.0,0.0,4.750,0.56,9.8,0.0,0.0,9.8,-1.2E-4,0.0,0.0,4.750,-0.04,9.8,0.0,0.1,9.8,0.0,0.0,0.0,4.750,-0.02,9.8,-0.1,-0.1,9.8,0.0,0.0,0.0,4.750,-0.04,9.8,-0.1,0.0,9.8,0.0,0.0,-6.1E-4
4.800,-0.04,9.8,-0.3,0.0,9.8,0.0,0.0,-6.1E-4,4.800,-0.06,9.9,0.3,0.1,9.9,0.0,0.0,6.1E-4,4.800,0.56,9.8,0.0,0.0,9.8,0.0,0.0,0.0,4.800,-0.03,9.9,-0.1,0.1,9.9,0.0,0.0,0.0,4.800,-0.01,9.9,-0.1,0.1,9.9,0.0,0.0,0.0,4.800,-0.05,9.8,-0.1,0.0,9.8,0.0,0.0,-6.1E-4
4.850,-0.01,9.8,-0.3,0.0,9.8,0.0,0.0,0.0,4.850,-0.05,9.8,0.1,0.0,9.8,0.0,0.0,0.0,4.850,0.55,9.8,0.1,0.0,9.8,0.0,0.0,0.0,4.850,-0.05,9.9,0.0,0.1,9.9,0.0,0.0,-6.1E-4,4.850,-0.02,9.8,-0.1,-0.1,9.8,0.0,0.0,0.0,4.850,-0.05,9.8,-0.1,0.0,9.8,0.0,0.0,-6.1E-4
4.900,-0.02,9.9,-0.3,0.0,9.9,0.0,0.0,-6.1E-4,4.900,-0.06,9.9,0.2,0.1,9.9,0.0,0.0,0.0,4.900,0.54,9.8,0.1,0.1,9.8,0.0,0.0,0.0,4.900,-0.06,9.8,0.1,0.0,9.8,0.0,0.0,-6.1E-4,4.900,-0.02,9.9,-0.1,0.1,9.9,0.0,0.0,-6.1E-4,4.900,-0.05,9.8,-0.1,0.0,9.8,0.0,0.0,6.1E-4
4.950,-0.01,9.8,-0.4,0.0,9.8,0.0,0.0,0.0,4.950,-0.05,9.8,0.0,0.0,9.8,-1.2E-4,0.0,6.1E-4,4.950,0.58,9.9,0.2,0.0,9.9,0.0,0.0,0.0,4.950,-0.06,9.8,-0.1,0.0,9.8,0.0,0.0,-6.1E-4,4.950,-0.03,9.8,-0.1,-0.1,9.8,0.0,0.0,0.0,4.950,-0.05,9.8,-0.1,0.0,9.8,0.0,0.0,0.0
5.000,-0.03,9.8,-0.4,0.0,9.8,0.0,0.0,0.0,5.000,-0.06,9.8,0.3,0.1,9.8,0.0,0.0,0.0,5.000,0.63,9.9,0.1,0.0,9.9,0.0,0.0,0.0,5.000,-0.05,9.8,0.0,-0.2,9.8,0.0,0.0,0.0,5.000,-0.03,9.9,-0.1,0.1,9.9,0.0,0.0,6.1E-4,5.000,-0.05,9.8,-0.1,0.0,9.8,0.0,0.0,6.1E-4
5.050,-0.02,9.8,-0.3,0.0,9.9,0.0,0.0,-6.1E-4,5.050,-0.05,9.8,0.1,0.1,9.8,0.0,0.0,6.1E-4,5.050,0.62,9.8,-0.2,0.0,9.8,0.0,0.0,0.0,5.050,-0.05,9.8,0.1,0.0,9.8,0.0,0.0,6.1E-4,5.050,-0.03,9.8,-0.1,-0.1,9.8,0.0,0.0,0.0,5.050,-0.05,9.8,-0.1,0.0,9.8,0.0,0.0,-6.1E-4
5.100,-0.03,9.8,-0.3,0.0,9.8,0.0,0.0,0.0,5.100,-0.06,9.8,0.0,0.0,9.8,0.0,0.0,-6.1E-4,5.100,0.60,9.9,0.3,0.1,9.9,0.0,0.0,0.0,5.100,-0.06,9.8,-0.1,0.0,9.8,0.0,0.0,6.1E-4,5.100,-0.03,9.9,0.0,0.1,9.9,0.0,0.0,0.0,5.100,-0.06,9.8,-0.1,0.0,9.8,0.0,0.0,0.0
5.150,-0.02,9.8,0.0,0.0,9.8,0.0,0.0,0.0,5.150,-0.08,9.9,0.1,0.1,9.9,0.0,0.0,-6.1E-4,5.150,0.63,9.8,0.1,-0.1,9.8,0.0,0.0,0.0,5.150,-0.06,9.8,0.1,-0.1,9.8,0.0,0.0,6.1E-4,5.150,-0.04,9.8,-0.2,0.0,9.8,0.0,0.0,0.0,5.150,-0.04,9.8,-0.1,0.0,9.8,0.0,0.0,0.0
5.200,-0.02,9.8,-0.7,0.0,9.8,0.0,0.0,0.0,5.200,-0.06,9.8,0.2,0.0,9.8,0.0,0.0,0.0,5.200,0.73,9.9,0.0,0.0,9.9,0.0,0.0,0.0,5.200,-0.06,9.8,0.1,-0.1,9.8,0.0,0.0,0.0,5.200,-0.04,9.8,0.0,0.0,9.8,0.0,0.0,0.0,5.200,-0.05,9.8,-0.1,0.0,9.8,0.0,0.0,6.1E-4
5.250,-0.02,9.9,-0.2,0.1,9.9,0.0,0.0,0.0,5.250,-0.06,9.9,0.2,0.1,9.9,0.0,0.0,6.1E-4,5.250,0.87,9.8,0.2,0.0,9.8,0.0,0.0,0.0,5.250,-0.05,9.9,-0.2,0.2,9.9,0.0,0.0,-6.1E-4,5.250,-0.03,9.8,-0.1,0.0,9.8,0.0,0.0,-6.1E-4,5.250,-0.05,9.8,-0.1,0.0,9.8,0.0,0.0,-6.1E-4
5.300,-0.02,9.8,-0.5,-0.1,9.8,0.0,0.0,0.0,5.300,-0.06,9.8,0.0,0.1,9.8,0.0,0.0,0.0,5.300,0.89,9.8,0.0,-0.1,9.8,0.0,0.0,0.0,5.300,-0.05,9.8,0.1,0.1,9.8,0.0,0.0,0.0,5.300,-0.03,9.8,-0.1,0.0,9.8,0.0,0.0,6.1E-4,5.300,-0.05,9.8,-0.1,0.0,9.8,0.0,0.0,-6.1E-4
5.350,-0.01,9.9,-0.4,0.0,9.9,-0.1,0.0,0.0,5.350,-0.06,9.9,0.4,0.0,9.9,0.0,0.0,0.0,5.350,1.12,10.1,0.2,0.1,10.1,0.0,0.0,0.0,5.350,-0.07,9.9,-0.2,0.1,9.9,0.0,0.0,0.0,5.350,-0.02,9.8,-0.1,0.0,9.8,0.0,0.0,0.0,5.350,-0.05,9.8,-0.1,0.0,9.8,0.0,0.0,0.0
5.400,-0.02,9.8,-0.2,0.0,9.8,0.0,0.0,0.0,5.400,-0.07,9.8,0.0,0.1,9.8,0.0,0.0,0.0,5.400,1.45,9.7,0.2,0.0,9.7,0.0,0.0,0.0,5.400,-0.06,9.8,0.1,-0.1,9.8,0.0,0.0,0.0,5.400,-0.03,9.8,0.0,0.0,9.8,0.0,0.0,0.0,5.400,-0.05,9.8,-0.1,0.0,9.8,0.0,0.0,-6.1E-4
5.450,-0.03,9.8,-0.2,0.0,9.9,0.0,0.0,0.0,5.450,-0.05,9.9,0.0,0.1,9.9,0.0,0.0,0.0,5.450,1.34,9.8,-0.3,0.0,9.8,0.0,0.0,0.0,5.450,-0.07,9.8,-0.1,-0.1,9.8,0.0,0.0,0.0,5.450,-0.02,9.8,-0.1,0.1,9.8,0.0,0.0,0.0,5.450,-0.03,9.8,-0.1,0.0,9.8,0.0,0.0,-6.1E-4
5.500,-0.03,9.9,0.2,0.0,9.9,0.0,0.0,0.0,5.500,-0.06,9.8,0.3,0.1,9.8,0.0,0.0,0.0,5.500,1.27,9.8,0.3,0.0,9.8,0.0,0.0,0.0,5.500,-0.06,9.8,0.0,0.0,9.8,0.0,0.0,0.0,5.500,-0.02,9.8,-0.1,-0.1,9.8,0.0,0.0,6.1E-4,5.500,-0.03,9.8,-0.1,0.0,9.8,0.0,0.0,0.0
5.550,-0.04,9.8,-0.6,0.0,9.8,0.0,0.0,0.0,5.550,-0.06,9.8,1.9E-4,0.0,9.8,0.0,0.0,6.1E-4,5.550,1.19,9.8,-0.1,0.0,9.8,0.0,0.0,0.0,5.550,-0.06,9.8,0.1,0.0,9.8,0.0,0.0,0.0,5.550,-0.04,9.8,-0.1,0.1,9.8,0.0,0.0,-6.1E-4,5.550,-0.02,9.8,-0.1,0.0,9.8,0.0,0.0,-6.1E-4
5.600,-0.04,9.8,-0.3,0.0,9.8,0.0,0.0,0.0,5.600,-0.06,9.9,0.3,0.2,9.9,0.0,0.0,-6.1E-4,5.600,1.13,9.8,0.1,0.0,9.8,0.0,0.0,0.0,5.600,-0.05,9.9,0.0,0.0,9.9,0.0,0.0,0.0,5.600,-0.03,9.8,-0.1,-0.1,9.8,0.0,0.0,-6.1E-4,5.600,-0.04,9.8,-0.1,0.0,9.8,0.0,0.0,-6.1E-4
5.650,-0.04,9.8,-0.4,0.0,9.8,0.0,0.0,0.0,5.650,-0.06,9.8,0.1,0.0,9.8,0.0,0.0,6.1E-4,5.650,1.04,9.8,0.0,0.0,9.8,0.0,0.0,0.0,5.650,-0.05,9.8,0.1,0.1,9.8,0.0,0.0,0.0,5.650,-0.03,9.9,0.0,0.1,9.9,0.0,0.0,-6.1E-4,5.650,-0.04,9.8,-0.1,0.0,9.8,0.0,0.0,6.1E-4
5.700,-0.05,9.8,-0.1,-0.1,9.8,0.0,0.0,0.0,5.700,-0.07,9.9,0.1,0.1,9.9,0.0,0.0,0.0,5.700,1.24,10.1,0.1,0.2,10.1,0.0,0.0,0.0,5.700,-0.06,9.9,-0.2,0.1,9.9,0.0,0.0,0.0,5.700,-0.04,9.8,-0.1,-0.1,9.8,0.0,0.0,6.1E-4,5.700,-0.05,9.8,-0.1,0.0,9.8,0.0,0.0,-6.1E-4
5.750,-0.05,9.8,-0.4,0.0,9.8,0.0,0.0,0.0,5.750,-0.06,9.8,0.1,0.0,9.8,0.0,0.0,0.0,5.750,1.67,9.6,0.0,-0.1,9.6,0.0,0.0,0.0,5.750,-0.06,9.8,0.0,0.1,9.8,0.0,0.0,0.0,5.750,-0.04,9.9,-0.1,0.1,9.9,0.0,0.0,0.0,5.750,-0.06,9.8,-0.1,0.0,9.8,0.0,0.0,-6.1E-4
5.800,-0.06,9.8,-0.4,0.0,9.8,0.0,0.0,0.0,5.800,-0.06,9.9,0.2,0.1,9.9,0.0,0.0,6.1E-4,5.800,1.68,9.7,0.1,0.2,9.7,0.0,0.0,0.0,5.800,-0.07,9.8,-0.1,-0.3,9.8,0.0,0.0,0.0,5.800,-0.03,9.8,0.0,-0.1,9.8,0.0,0.0,0.0,5.800,-0.06,9.8,-0.1,0.0,9.8,0.0,0.0,-6.1E-4
5.850,-0.07,9.8,-0.3,0.0,9.8,0.0,0.0,0.0,5.850,-0.05,9.9,0.2,0.1,9.9,0.0,0.0,6.1E-4,5.850,1.61,9.8,0.1,-0.1,9.8,0.0,0.0,0.0,5.850,-0.06,9.8,0.2,0.2,9.8,0.0,0.0,0.0,5.850,-0.03,9.8,-0.1,0.1,9.8,0.0,0.0,0.0,5.850,-0.06,9.8,-0.1,0.0,9.8,0.0,0.0,0.0
5.900,-0.06,9.9,-0.3,0.0,9.9,0.0,0.0,0.0,5.900,-0.07,9.8,0.0,0.0,9.8,0.0,0.0,0.0,5.900,1.56,9.9,0.1,0.1,9.9,0.0,0.0,-6.1E-4,5.900,-0.05,9.8,-0.1,-0.1,9.8,0.0,0.0,6.1E-4,5.900,-0.02,9.8,-0.1,0.0,9.8,0.0,0.0,-6.1E-4,5.900,-0.04,9.8,-0.1,0.0,9.8,0.0,0.0,-6.1E-4
5.950,-0.06,9.8,-0.3,0.0,9.8,0.0,0.0,0.0,5.950,-0.06,9.8,0.2,0.0,9.8,0.0,0.0,-6.1E-4,5.950,1.63,9.8,0.0,0.0,9.8,0.0,0.0,0.0,5.950,-0.05,9.9,0.1,0.0,9.9,0.0,0.0,0.0,5.950,-0.03,9.8,0.0,0.0,9.8,0.0,0.0,-6.1E-4,5.950,-0.05,9.8,-0.1,0.0,9.8,0.0,0.0,6.1E-4
6.000,-0.06,9.8,-0.2,0.0,9.8,0.0,0.0,0.0,6.000,-0.06,9.9,0.2,0.1,9.9,0.0,0.0,6.1E-4,6.000,1.65,9.9,0.2,0.1,9.9,0.0,0.0,0.0,6.000,-0.05,9.8,0.0,0.0,9.8,0.0,0.0,6.1E-4,6.000,-0.04,9.8,-0.1,0.0,9.8,0.0,0.0,0.0,6.000,-0.05,9.8,-0.1,0.0,9.8,0.0,0.0,6.1E-4
6.050,-0.06,9.8,-0.3,-0.1,9.8,0.0,0.0,0.0,6.050,-0.05,9.8,0.1,0.0,9.8,0.0,0.0,-6.1E-4,6.050,1.72,9.7,0.1,0.0,9.7,0.0,0.0,0.0,6.050,-0.05,9.8,0.0,0.0,9.8,0.0,0.0,0.0,6.050,-0.04,9.8,-0.1,0.0,9.8,0.0,0.0,6.1E-4,6.050,-0.05,9.8,-0.1,0.0,9.8,0.0,0.0,-6.1E-4
6.100,-0.06,9.8,-0.2,0.0,9.8,0.0,0.0,0.0,6.100,-0.05,9.8,0.2,0.1,9.8,0.0,0.0,0.0,6.100,1.74,9.9,-0.1,0.1,9.9,0.0,0.0,0.0,6.100,-0.06,9.8,0.1,0.0,9.8,0.0,0.0,0.0,6.100,-0.03,9.8,-0.1,0.0,9.8,0.0,0.0,0.0,6.100,-0.04,9.8,-0.1,0.0,9.8,0.0,0.0,-6.1E-4
6.150,-0.07,9.9,-0.3,0.0,9.9,0.0,0.0,0.0,6.150,-0.05,9.9,0.2,0.1,9.9,0.0,0.0,-6.1E-4,6.150,1.79,9.8,0.3,0.1,9.8,0.0,0.0,6.1E-4,6.150,-0.05,9.8,-0.1,0.0,9.8,0.0,0.0,0.0,6.150,-0.03,9.9,0.0,0.0,9.9,0.0,0.0,0.0,6.150,-0.04,9.8,-0.1,0.0,9.8,0.0,0.0,-6.1E-4
6.200,-0.07,9.8,-0.3,0.0,9.8,0.0,0.0,0.0,6.200,-0.04,9.8,0.3,-0.1,9.8,0.0,0.0,0.0,6.200,1.82,9.9,0.0,0.1,9.9,0.0,0.0,6.1E-4,6.200,-0.04,9.8,-0.1,0.0,9.8,0.0,0.0,0.0,6.200,-0.02,9.8,-0.2,0.0,9.8,0.0,0.0,0.0,6.200,-0.04,9.8,-0.1,0.0,9.8,0.0,0.0,-6.1E-4
6.250,-0.06,9.8,-0.3,0.0,9.8,0.0,0.0,0.0,6.250,-0.05,9.8,0.2,0.2,9.9,0.0,0.0,6.1E-4,6.250,1.83,9.8,0.1,0.0,9.8,0.0,0.0,0.0,6.250,-0.05,9.8,0.0,0.0,9.8,0.0,0.0,0.0,6.250,-0.04,9.8,0.0,0.0,9.8,0.0,0.0,0.0,6.250,-0.04,9.8,-0.1,0.0,9.8,0.0,0.0,-6.1E-4
6.300,-0.06,9.8,-0.2,-0.1,9.8,0.0,0.0,0.0,6.300,-0.05,9.8,0.2,-0.1,9.8,0.0,0.0,0.0,6.300,1.87,9.9,0.1,0.1,9.9,0.0,0.0,0.0,6.300,-0.05,9.8,0.5,-0.1,9.8,0.0,0.0,0.0,6.300,-0.01,9.9,-0.1,0.1,9.9,0.0,0.0,0.0,6.300,-0.03,9.8,-0.1,0.0,9.8,0.0,0.0,-6.1E-4
6.350,-0.05,9.8,-0.3,0.0,9.8,0.0,0.0,0.0,6.350,-0.06,9.9,0.0,0.1,9.9,0.0,0.0,0.0,6.350,1.89,9.8,0.1,0.0,9.8,0.0,0.0,0.0,6.350,-0.05,9.9,-0.1,0.1,9.9,0.1,0.0,0.0,6.350,-0.03,9.8,-0.1,0.0,9.8,0.0,0.0,0.0,6.350,-0.03,9.8,-0.1,0.0,9.8,0.0,0.0,-6.1E-4
6.400,-0.06,9.8,-0.2,0.0,9.8,0.0,0.0,6.1E-4,6.400,-0.05,9.9,-0.1,-0.1,9.9,0.0,0.0,0.0,6.400,1.89,9.8,0.1,0.1,9.8,0.0,0.0,0.0,6.400,-0.05,9.8,-0.5,-0.1,9.8,0.0,0.0,0.0,6.400,-0.03,9.8,-0.1,0.0,9.8,0.0,0.0,6.1E-4,6.400,-0.04,9.8,-0.1,0.0,9.8,0.0,0.0,6.1E-4
6.450,-0.05,9.8,-0.3,0.0,9.8,0.0,0.0,0.0,6.450,-0.05,9.8,0.5,0.1,9.8,0.0,0.0,6.1E-4,6.450,1.82,9.8,0.1,0.0,9.8,0.0,0.0,0.0,6.450,-0.05,9.7,0.1,0.0,9.7,0.0,-0.1,0.0,6.450,-0.04,9.8,0.0,0.0,9.8,0.0,0.0,0.0,6.450,-0.04,9.8,-0.1,0.0,9.8,0.0,0.0,-6.1E-4
6.500,-0.05,9.8,-0.2,0.0,9.8,0.0,0.0,6.1E-4,6.500,-0.05,9.8,0.0,0.1,9.8,0.0,0.0,0.0,6.500,1.67,9.9,0.0,0.1,9.9,0.0,0.0,0.0,6.500,-0.05,9.7,-0.1,-0.1,9.7,0.0,0.0,-6.1E-4,6.500,-0.03,9.9,-0.1,0.1,9.9,0.0,0.0,0.0,6.500,-0.05,9.8,-0.1,0.0,9.8,0.0,0.0,-6.1E-4
6.550,-0.06,9.9,-0.3,0.0,9.9,0.0,0.0,0.0,6.550,-0.05,9.9,0.2,0.0,9.9,0.0,0.0,0.0,6.550,1.61,9.9,0.1,0.0,9.9,0.0,0.0,0.0,6.550,-0.06,9.9,0.3,0.0,9.9,0.0,0.0,-6.1E-4,6.550,-0.03,9.8,-0.1,0.0,9.8,0.0,0.0,-6.1E-4,6.550,-0.04,9.8,-0.1,0.0,9.8,0.0,0.0,-6.1E-4
6.600,-0.06,9.8,-0.3,0.0,9.8,0.0,0.0,0.0,6.600,-0.05,9.9,0.0,0.2,9.9,0.0,0.0,0.0,6.600,1.53,9.8,0.0,0.1,9.8,0.0,0.0,0.0,6.600,-0.05,9.8,-0.5,0.0,9.8,0.0,0.0,0.0,6.600,-0.03,9.8,0.0,0.0,9.8,0.0,0.0,0.0,6.600,-0.04,9.8,-0.1,0.0,9.8,0.0,0.0,-6.1E-4
6.650,-0.04,9.8,-0.4,0.0,9.9,0.0,0.0,0.0,6.650,-0.04,9.8,0.3,0.0,9.8,0.0,0.0,0.0,6.650,1.52,9.8,0.2,0.1,9.8,0.0,0.0,0.0,6.650,-0.05,9.8,0.1,0.0,9.8,0.0,0.0,6.1E-4,6.650,-0.04,9.8,-0.2,0.0,9.8,0.0,0.0,0.0,6.650,-0.03,9.8,-0.1,0.0,9.8,0.0,0.0,0.0
6.700,-0.01,9.8,-0.1,-0.1,9.8,0.0,0.0,0.0,6.700,-0.05,9.8,0.1,0.0,9.8,0.0,0.0,0.0,6.700,1.50,9.8,0.0,0.0,9.8,0.0,0.0,0.0,6.700,-0.04,9.8,-0.4,0.0,9.8,0.0,0.0,0.0,6.700,-0.05,9.9,1.9E-4,0.1,9.9,0.0,0.0,-6.1E-4,6.700,-0.03,9.8,-0.1,0.0,9.8,0.0,0.0,-6.1E-4
6.750,-0.02,9.8,-0.4,0.0,9.8,0.0,0.0,0.0,6.750,-0.05,9.8,0.2,0.1,9.8,0.0,0.0,0.0,6.750,1.62,9.8,0.2,0.1,9.8,0.0,0.0,6.1E-4,6.750,-0.05,9.8,0.3,-0.1,9.8,-0.1,0.0,0.0,6.750,-0.03,9.9,0.0,0.1,9.9,0.0,0.0,6.1E-4,6.750,-0.04,9.8,-0.1,0.0,9.8,0.0,0.0,6.1E-4
6.800,-0.01,9.8,-0.1,0.0,9.8,0.0,0.0,0.0,6.800,-0.04,9.8,0.2,0.0,9.8,0.0,0.0,0.0,6.800,1.60,9.9,-0.1,0.1,9.9,0.0,0.0,0.0,6.800,-0.05,9.9,-0.1,0.0,9.9,0.0,0.0,0.0,6.800,-0.04,9.8,-0.2,0.0,9.8,0.0,0.0,-6.1E-4,6.800,-0.04,9.8,-0.1,0.0,9.8,0.0,0.0,-6.1E-4
6.850,-0.02,9.8,-0.2,-0.1,9.8,0.0,0.0,0.0,6.850,-0.05,9.8,0.1,0.1,9.8,0.0,0.0,0.0,6.850,1.65,9.8,0.1,0.1,9.8,0.0,0.0,0.0,6.850,-0.06,9.8,0.0,-0.1,9.8,0.0,0.0,0.0,6.850,-0.04,9.8,0.0,0.0,9.8,0.0,0.0,-6.1E-4,6.850,-0.05,9.8,-0.1,0.0,9.8,0.0,0.0,-6.1E-4
6.900,-0.02,9.9,-0.4,0.1,9.9,0.0,0.0,6.1E-4,6.900,-0.04,9.9,0.2,0.0,9.9,0.0,0.0,-6.1E-4,6.900,1.55,9.9,0.0,0.1,9.9,0.0,0.0,0.0,6.900,-0.05,9.8,-0.1,-0.1,9.8,0.0,-1.2E-4,0.0,6.900,-0.04,9.9,-0.1,0.1,9.9,0.0,0.0,6.1E-4,6.900,-0.04,9.8,-0.1,0.0,9.8,0.0,0.0,-6.1E-4
6.950,0.00,9.8,-0.3,0.0,9.8,0.0,0.0,6.1E-4,6.950,-0.04,9.8,0.2,0.0,9.8,0.0,0.0,-6.1E-4,6.950,1.29,10.0,0.1,0.1,10.0,0.0,0.0,0.0,6.950,-0.04,10.0,0.1,0.5,10.0,0.0,0.0,6.1E-4,6.950,-0.04,9.8,0.1,0.0,9.8,0.0,0.0,0.0,6.950,-0.04,9.8,-0.1,0.0,9.8,0.0,0.0,-6.1E-4
7.000,-0.02,9.8,-0.3,0.0,9.8,0.0,0.0,0.0,7.000,-0.04,9.9,0.2,0.2,9.9,0.0,0.0,0.0,7.000,0.23,9.6,0.5,0.0,9.6,0.0,0.0,0.0,7.000,-0.05,9.8,-0.2,-0.2,9.8,0.0,-0.1,0.0,7.000,-0.03,9.8,-0.1,-0.1,9.8,0.0,0.0,0.0,7.000,-0.05,9.8,-0.1,0.0,9.8,0.0,0.0,6.1E-4
7.050,-0.04,9.8,-0.3,0.0,9.8,0.0,0.0,-6.1E-4,7.050,-0.05,9.8,0.1,0.0,9.8,0.0,0.0,-6.1E-4,7.050,0.14,8.9,-0.5,-0.1,8.9,0.1,0.0,0.0,7.050,-0.05,9.7,0.0,-0.3,9.7,0.0,0.0,0.0,7.050,-0.03,9.8,-0.2,0.0,9.8,0.0,0.0,0.0,7.050,-0.04,9.8,-0.1,0.0,9.8,0.0,0.0,-6.1E-4
7.100,-0.02,9.8,-0.3,0.0,9.8,0.0,0.0,6.1E-4,7.100,-0.05,9.8,0.1,0.0,9.8,0.0,0.0,0.0,7.100,0.19,9.9,0.1,0.3,9.9,-0.1,0.0,6.1E-4,7.100,-0.05,9.9,0.1,0.4,9.9,0.0,0.0,0.0,7.100,-0.04,9.8,1.9E-4,0.0,9.8,0.0,0.0,0.0,7.100,-0.05,9.8,-0.1,0.0,9.8,0.0,0.0,-6.1E-4
7.150,-0.02,9.8,-0.2,-0.1,9.8,0.0,0.0,0.0,7.150,-0.04,9.9,0.2,0.1,9.9,0.0,0.0,0.0,7.150,0.38,9.8,0.3,-0.2,9.8,0.1,0.0,0.0,7.150,-0.06,9.7,-0.4,-0.3,9.8,-0.1,0.0,0.0,7.150,-0.04,9.8,0.1,0.1,9.8,0.0,0.0,6.1E-4,7.150,-0.05,9.8,-0.1,0.0,9.8,0.0,0.0,-6.1E-4
7.200,-0.02,9.8,-0.3,0.0,9.9,-1.2E-4,0.0,0.0,7.200,-0.05,9.8,0.2,0.0,9.8,0.0,0.0,6.1E-4,7.200,0.49,9.8,-0.1,0.0,9.8,0.0,0.0,0.0,7.200,-0.05,9.9,0.3,0.3,9.9,-0.1,0.0,0.0,7.200,-0.04,9.8,-0.1,-0.1,9.8,0.0,0.0,6.1E-4,7.200,-0.04,9.8,-0.1,0.0,9.8,0.0,0.0,-6.1E-4
7.250,-0.03,9.8,-0.3,0.0,9.8,0.0,0.0,0.0,7.250,-0.06,9.9,0.1,0.1,9.9,0.0,0.0,0.0,7.250,0.60,9.8,0.0,0.0,9.8,0.0,0.0,0.0,7.250,-0.05,9.8,0.2,-0.3,9.8,0.0,0.0,0.0,7.250,-0.04,9.8,-0.2,0.1,9.8,0.0,0.0,0.0,7.250,-0.04,9.8,-0.1,0.0,9.8,0.0,0.0,-6.1E-4
7.300,-0.04,9.8,-0.3,0.0,9.8,0.0,0.0,0.0,7.300,-0.06,9.8,0.2,-0.1,9.8,0.0,0.0,0.0,7.300,0.54,9.9,0.3,0.0,9.9,0.0,0.0,0.0,7.300,-0.05,9.7,0.2,-0.1,9.7,0.1,0.0,0.0,7.300,-0.03,9.8,0.0,0.0,9.8,0.0,0.0,6.1E-4,7.300,-0.05,9.8,-0.1,0.0,9.8,0.0,0.0,6.1E-4
7.350,-0.03,9.9,-0.2,0.0,9.9,0.0,0.0,0.0,7.350,-0.05,9.8,0.0,0.1,9.8,0.0,0.0,0.0,7.350,0.29,9.8,-0.2,0.1,9.8,0.0,0.0,0.0,7.350,-0.04,9.9,-0.3,0.1,9.9,0.0,0.0,-6.1E-4,7.350,-0.03,9.9,0.1,0.0,9.9,0.0,0.0,0.0,7.350,-0.06,9.8,-0.1,0.0,9.8,0.0,0.0,-6.1E-4
7.400,-0.04,9.8,-0.4,0.0,9.8,0.0,0.0,0.0,7.400,-0.05,9.6,0.1,0.0,9.6,0.0,0.0,0.0,7.400,0.20,9.8,0.3,0.0,9.8,0.0,0.0,0.0,7.400,-0.04,9.7,-0.1,-0.1,9.7,0.0,0.0,0.0,7.400,-0.04,9.8,-0.2,0.0,9.8,0.0,0.0,6.1E-4,7.400,-0.05,9.8,-0.1,0.0,9.8,0.0,0.0,6.1E-4
7.450,-0.04,9.8,-0.5,0.0,9.8,0.0,0.0,0.0,7.450,-0.06,9.6,0.2,0.0,9.6,0.0,0.0,0.0,7.450,0.18,9.9,0.1,0.1,9.9,0.0,0.0,0.0,7.450,-0.05,9.8,-0.2,0.1,9.8,0.0,0.0,0.0,7.450,-0.04,9.8,-0.3,0.1,9.8,0.0,0.0,0.0,7.450,-0.04,9.8,-0.1,0.0,9.8,0.0,0.0,-6.1E-4
7.500,-0.04,9.8,-0.1,0.0,9.8,0.0,0.0,0.0,7.500,-0.05,10.2,0.2,0.1,10.2,0.0,0.0,0.0,7.500,0.09,9.8,0.0,0.0,9.8,0.0,0.0,0.0,7.500,-0.04,9.9,0.4,0.0,9.9,0.0,0.0,-6.1E-4,7.500,-0.02,9.8,0.1,-0.1,9.8,0.0,0.0,6.1E-4,7.500,-0.05,9.8,-0.1,0.0,9.8,0.0,0.0,6.1E-4
7.550,-0.03,9.8,-0.3,0.0,9.9,0.0,0.0,0.0,7.550,-0.06,10.0,0.2,0.0,10.0,0.0,0.0,0.0,7.550,0.04,9.9,0.2,0.2,9.9,-1.2E-4,0.0,0.0,7.550,-0.05,9.7,0.0,0.0,9.7,0.2,-0.1,0.0,7.550,-0.02,9.9,0.1,0.1,9.9,0.0,0.0,6.1E-4,7.550,-0.06,9.8,-0.1,0.0,9.8,0.0,0.0,6.1E-4
7.600,-0.04,9.8,-0.2,-0.1,9.8,0.0,0.0,0.0,7.600,-0.06,9.8,0.0,0.0,9.8,0.0,0.0,6.1E-4,7.600,-7.51E-10,9.9,0.0,0.2,9.9,0.0,-0.1,0.0,7.600,-0.04,9.8,-0.7,-0.1,9.8,-0.2,0.0,0.0,7.600,-0.02,9.8,-0.3,0.1,9.8,0.0,0.0,0.0,7.600,-0.05,9.8,-0.1,0.0,9.8,0.0,0.0,-6.1E-4
7.650,-0.04,9.9,-0.3,0.0,9.9,0.0,0.0,0.0,7.650,-0.06,9.8,0.2,0.1,9.8,0.0,0.0,0.0,7.650,-0.04,9.7,0.3,-0.4,9.7,0.0,0.0,0.0,7.650,-0.04,9.9,0.7,0.1,10.0,0.0,0.0,0.0,7.650,-0.03,9.8,0.0,-0.2,9.8,0.0,0.0,6.1E-4,7.650,-0.04,9.8,-0.1,0.0,9.8,0.0,0.0,6.1E-4
7.700,-0.05,9.8,-0.2,0.0,9.8,0.0,0.0,6.1E-4,7.700,-0.06,9.8,0.2,0.1,9.8,0.0,0.0,0.0,7.700,-0.03,10.0,0.0,0.3,10.0,0.0,0.0,0.0,7.700,-0.04,9.8,0.2,0.0,9.8,0.1,0.0,0.0,7.700,-0.03,9.9,0.0,0.0,9.9,0.0,0.0,0.0,7.700,-0.05,9.8,-0.1,0.0,9.8,0.0,0.0,-6.1E-4
7.750,-0.04,9.9,-0.3,0.0,9.9,0.0,0.0,0.0,7.750,-0.08,9.8,0.1,0.0,9.8,0.0,0.0,-6.1E-4,7.750,-0.04,9.7,-0.1,-0.1,9.7,0.0,0.0,0.0,7.750,-0.05,9.9,-0.6,0.1,9.9,0.0,0.0,0.0,7.750,-0.02,9.8,-0.2,0.2,9.8,0.0,0.0,0.0,7.750,-0.05,9.8,-0.1,0.0,9.8,0.0,0.0,6.1E-4
7.800,-0.05,9.8,-0.1,0.0,9.8,0.0,0.0,6.1E-4,7.800,-0.07,9.8,0.2,0.0,9.8,0.0,0.0,-6.1E-4,7.800,-0.04,9.9,0.5,0.1,9.9,0.0,0.0,0.0,7.800,-0.04,9.8,0.0,0.0,9.8,0.0,0.0,0.0,7.800,-0.03,9.9,0.0,0.0,9.9,-0.1,0.0,0.0,7.800,-0.05,9.8,-0.1,0.0,9.8,0.0,0.0,-6.1E-4
7.850,-0.04,9.8,-0.3,0.0,9.8,0.0,0.0,0.0,7.850,-0.07,9.8,0.2,0.0,9.8,0.0,0.0,0.0,7.850,-0.02,9.8,-0.1,0.1,9.8,0.0,0.0,-6.1E-4,7.850,-0.05,9.6,0.0,-0.5,9.6,-0.1,0.0,0.0,7.850,-0.04,9.8,-0.1,-0.2,9.8,0.0,0.0,0.0,7.850,-0.05,9.8,-0.1,0.0,9.8,0.0,0.0,-6.1E-4
7.900,-0.04,9.8,-0.3,0.0,9.8,-1.2E-4,0.0,0.0,7.900,-0.07,9.8,0.2,0.1,9.8,0.0,0.0,0.0,7.900,-0.04,9.8,0.3,-0.1,9.8,0.0,0.0,0.0,7.900,-0.04,9.8,-0.1,0.0,9.8,0.0,0.0,0.0,7.900,-0.03,9.8,-0.2,0.2,9.9,0.0,0.0,0.0,7.900,-0.04,9.8,-0.1,0.0,9.8,0.0,0.0,6.1E-4
7.950,-0.03,9.8,-0.4,0.0,9.8,0.0,0.0,0.0,7.950,-0.05,9.7,0.1,0.0,9.7,0.0,0.0,6.1E-4,7.950,-0.05,9.9,0.1,0.1,9.9,0.0,0.0,0.0,7.950,-0.06,9.8,0.0,0.0,9.8,0.0,0.0,0.0,7.950,-0.02,9.9,0.0,0.1,9.9,0.0,0.0,-6.1E-4,7.950,-0.04,9.8,0.0,0.0,9.8,0.0,0.0,-6.1E-4
8.000,-0.04,9.8,-0.1,0.0,9.8,0.0,0.0,0.0,8.000,-0.06,9.8,0.1,0.0,9.8,0.0,0.0,0.0,8.000,-0.05,9.8,-0.1,-0.1,9.8,0.0,0.0,-6.1E-4,8.000,-0.04,9.9,0.1,0.1,9.9,0.0,0.0,6.1E-4,8.000,-0.04,9.8,0.2,-0.2,9.8,0.0,0.0,0.0,8.000,-0.04,9.8,-0.1,0.0,9.8,0.0,0.0,6.1E-4
8.050,-0.04,9.9,-0.3,0.0,9.9,0.0,0.0,-6.1E-4,8.050,-0.06,10.0,0.2,0.1,10.0,0.0,0.0,0.0,8.050,-0.04,9.9,0.2,0.2,9.9,0.0,0.0,0.0,8.050,-0.05,9.9,-0.3,0.1,9.9,0.0,0.0,0.0,8.050,-0.04,9.8,-0.3,0.1,9.8,0.0,0.0,0.0,8.050,-0.04,9.8,-0.1,0.0,9.8,0.0,0.0,-6.1E-4
8.100,-0.04,9.8,-0.1,0.0,9.8,0.0,0.0,0.0,8.100,-0.06,9.5,0.2,0.1,9.5,0.0,0.0,0.0,8.100,-0.06,9.8,0.1,-0.1,9.8,0.0,0.0,0.0,8.100,-0.05,9.9,0.2,0.1,9.9,0.0,0.0,0.0,8.100,-0.04,9.9,-0.3,0.2,9.9,0.0,0.0,0.0,8.100,-0.05,9.8,-0.1,0.0,9.8,0.0,0.0,-6.1E-4
8.150,-0.03,9.8,-0.3,0.0,9.8,0.0,0.0,0.0,8.150,-0.06,10.2,0.1,0.1,10.2,0.0,0.0,0.0,8.150,-0.05,9.8,0.1,0.1,9.8,0.0,0.0,0.0,8.150,-0.05,9.8,0.0,-0.1,9.8,0.0,-0.1,0.0,8.150,-0.03,9.8,0.4,-0.2,9.8,-0.1,0.0,0.0,8.150,-0.03,9.8,-0.1,0.0,9.8,0.0,0.0,6.1E-4
8.200,-0.03,9.9,-0.1,0.0,9.9,0.0,0.0,0.0,8.200,-0.06,9.7,0.2,0.1,9.7,0.0,0.0,0.0,8.200,-0.05,9.7,0.1,0.0,9.7,0.0,0.0,0.0,8.200,-0.04,9.8,0.3,-0.2,9.8,0.0,0.0,0.0,8.200,-0.04,9.9,0.0,0.1,9.9,0.0,0.0,0.0,8.200,-0.04,9.8,-0.1,0.0,9.8,0.0,0.0,-6.1E-4
8.250,-0.04,9.8,-0.3,0.0,9.8,0.0,0.0,0.0,8.250,-0.06,9.5,0.2,0.1,9.5,0.0,0.0,0.0,8.250,-0.04,9.9,0.3,0.0,9.9,0.0,0.0,0.0,8.250,-0.06,9.8,-0.3,0.1,9.8,0.0,0.0,0.0,8.250,-0.04,9.8,-0.5,0.1,9.8,0.0,0.0,0.0,8.250,-0.05,9.8,-0.1,0.0,9.8,0.0,0.0,6.1E-4
8.300,-0.04,9.9,-0.2,0.1,9.9,0.0,0.0,0.0,8.300,-0.06,9.7,0.1,-0.2,9.7,0.0,0.0,0.0,8.300,-0.04,10.0,0.1,0.1,10.0,0.0,0.0,0.0,8.300,-0.05,9.8,-0.1,-0.1,9.8,0.0,0.0,0.0,8.300,-0.04,9.8,0.1,-0.2,9.8,-0.1,0.0,0.0,8.300,-0.05,9.8,-0.1,0.0,9.8,0.0,0.0,6.1E-4
8.350,-0.04,9.8,-0.3,0.0,9.8,0.0,0.0,0.0,8.350,-0.06,9.9,0.2,0.1,9.9,0.0,0.0,-6.1E-4,8.350,-0.03,9.8,0.1,-0.1,9.8,0.0,0.0,0.0,8.350,-0.05,9.9,0.2,0.1,9.9,0.0,0.0,0.0,8.350,-0.03,9.8,0.3,0.1,9.8,0.0,0.0,0.0,8.350,-0.04,9.8,-0.1,0.0,9.8,0.0,0.0,6.1E-4
8.400,-0.02,9.9,-0.4,0.1,9.9,0.0,0.0,0.0,8.400,-0.06,9.8,1.9E-4,0.1,9.8,0.0,0.0,0.0,8.400,-0.03,9.8,0.1,0.1,9.8,0.0,0.0,0.0,8.400,-0.06,9.8,-0.4,-0.1,9.8,0.0,0.0,0.0,8.400,-0.03,9.8,-0.5,0.1,9.8,0.0,0.0,0.0,8.400,-0.04,9.8,-0.1,0.0,9.8,0.0,0.0,6.1E-4
8.450,-0.03,9.9,0.0,0.0,9.9,0.0,0.0,0.0,8.450,-0.07,9.8,0.2,0.0,9.8,0.0,0.0,0.0,8.450,-0.03,9.8,0.0,0.0,9.8,-1.2E-4,0.0,0.0,8.450,-0.05,9.9,0.2,0.1,9.9,0.0,0.0,-6.1E-4,8.450,-0.05,9.8,-0.1,-0.2,9.8,-0.1,0.0,0.0,8.450,-0.04,9.8,-0.1,0.0,9.8,0.0,0.0,6.1E-4
8.500,-0.04,9.8,-0.3,0.0,9.8,0.0,0.0,0.0,8.500,-0.05,9.8,0.1,0.1,9.8,0.0,0.0,6.1E-4,8.500,-0.03,9.8,0.2,0.1,9.8,0.0,0.0,0.0,8.500,-0.06,9.8,0.0,-0.1,9.8,0.0,0.0,0.0,8.500,-0.03,9.8,0.3,0.0,9.8,0.0,0.0,0.0,8.500,-0.04,9.8,-0.1,0.0,9.8,0.0,0.0,0.0
8.550,-0.03,9.9,-0.2,0.1,9.9,0.0,0.0,0.0,8.550,-0.06,9.8,0.1,0.0,9.8,0.0,0.0,6.1E-4,8.550,-0.03,9.8,0.1,0.0,9.8,0.0,0.0,0.0,8.550,-0.06,9.8,-0.1,0.1,9.8,0.0,0.0,6.1E-4,8.550,-0.04,9.8,-0.5,0.3,9.9,0.0,0.0,0.0,8.550,-0.05,9.8,-0.1,0.0,9.8,0.0,0.0,6.1E-4
8.600,-0.04,9.8,-0.2,0.0,9.8,0.0,0.0,-6.1E-4,8.600,-0.06,9.9,0.1,0.1,9.9,0.0,0.0,-6.1E-4,8.600,-0.01,9.8,0.0,0.0,9.8,0.0,0.0,0.0,8.600,-0.07,9.9,0.0,-0.1,9.9,0.0,0.0,0.0,8.600,-0.02,9.8,0.0,-0.2,9.8,0.0,0.0,-6.1E-4,8.600,-0.05,9.8,-0.1,0.0,9.8,0.0,0.0,-6.1E-4
8.650,-0.04,9.9,-0.1,0.0,9.9,0.0,0.0,0.0,8.650,-0.06,10.0,0.2,0.0,10.0,0.0,0.0,0.0,8.650,-0.01,9.9,0.2,0.0,9.9,0.0,0.0,6.1E-4,8.650,-0.05,9.8,0.0,0.0,9.8,0.0,0.0,0.0,8.650,-0.04,9.8,0.2,-0.1,9.8,0.0,0.0,0.0,8.650,-0.04,9.8,-0.1,0.0,9.8,0.0,0.0,-6.1E-4
8.700,-0.04,9.8,-0.3,0.0,9.8,0.0,0.0,0.0,8.700,-0.05,9.9,0.2,0.0,9.9,0.0,0.0,0.0,8.700,-0.01,9.8,0.1,0.0,9.8,0.0,0.0,-6.1E-4,8.700,-0.06,9.8,-0.2,0.0,9.8,0.0,0.0,6.1E-4,8.700,-0.04,9.8,-0.5,0.3,9.9,0.0,0.0,0.0,8.700,-0.04,9.8,-0.1,0.0,9.8,0.0,0.0,6.1E-4
8.750,-0.03,9.8,-0.1,0.1,9.8,0.1,0.0,0.0,8.750,-0.05,10.0,0.1,0.0,10.0,0.0,0.0,6.1E-4,8.750,-7.51E-10,9.8,0.2,0.0,9.8,0.0,0.0,-6.1E-4,8.750,-0.05,9.7,0.1,0.0,9.7,0.0,0.0,-6.1E-4,8.750,-0.05,9.8,-0.1,-0.1,9.8,-0.1,0.0,-6.1E-4,8.750,-0.05,9.8,-0.1,0.0,9.8,0.0,0.0,-6.1E-4
8.800,-0.03,9.8,-0.6,0.0,9.8,0.0,0.0,0.0,8.800,-0.06,9.8,0.1,0.0,9.8,0.0,0.0,6.1E-4,8.800,-0.01,9.9,0.0,0.0,9.9,0.0,0.0,-6.1E-4,8.800,-0.06,9.8,-0.1,0.0,9.8,0.0,0.0,0.0,8.800,-0.04,9.8,0.4,-0.2,9.8,0.0,0.0,0.0,8.800,-0.05,9.8,-0.1,0.0,9.8,0.0,0.0,-6.1E-4
8.850,-0.02,9.9,0.0,0.0,9.9,0.0,0.0,0.0,8.850,-0.05,9.9,0.1,0.1,9.9,0.0,0.0,0.0,8.850,-0.01,9.8,0.2,0.1,9.8,0.0,0.0,-6.1E-4,8.850,-0.06,9.6,0.0,0.0,9.6,0.0,0.0,0.0,8.850,-0.06,9.8,-0.4,0.2,9.8,0.1,0.0,0.0,8.850,-0.04,9.8,-0.1,0.0,9.8,0.0,0.0,6.1E-4
8.900,-0.03,9.7,-0.2,0.0,9.7,0.0,0.0,0.0,8.900,-0.05,9.8,0.1,0.0,9.8,0.0,0.0,0.0,8.900,-0.01,9.8,0.1,0.0,9.8,0.0,0.0,0.0,8.900,-0.05,9.5,0.0,0.0,9.5,0.0,0.0,0.0,8.900,-0.04,9.8,-0.3,0.1,9.8,-0.1,0.0,0.0,8.900,-0.05,9.8,-0.1,0.0,9.8,0.0,0.0,0.0
8.950,-0.02,9.9,0.1,0.0,9.9,0.0,0.0,0.0,8.950,-0.05,10.0,0.1,0.1,10.0,0.0,0.0,0.0,8.950,-0.01,9.9,0.1,0.1,9.9,0.0,0.0,6.1E-4,8.950,-0.05,10.1,0.2,0.0,10.1,0.0,0.0,0.0,8.950,-0.04,9.8,0.4,-0.3,9.9,0.0,0.0,0.0,8.950,-0.04,9.8,-0.1,0.0,9.8,0.0,0.0,-6.1E-4
9.000,-0.02,9.7,-0.5,-0.1,9.7,0.0,0.0,0.0,9.000,-0.06,9.8,0.2,0.0,9.8,0.0,0.0,0.0,9.000,-0.02,9.8,0.1,0.0,9.8,0.0,0.0,0.0,9.000,-0.05,10.2,0.2,0.0,10.2,0.1,0.0,0.0,9.000,-0.04,9.9,-0.1,0.3,9.9,0.1,0.0,0.0,9.000,-0.04,9.8,-0.1,0.0,9.8,0.0,0.0,6.1E-4
9.050,-7.51E-10,10.0,-0.4,0.4,10.0,-0.1,0.0,0.0,9.050,-0.05,9.9,0.1,0.0,9.9,0.0,0.0,-6.1E-4,9.050,-0.02,9.8,0.1,0.1,9.8,0.0,0.0,0.0,9.050,-0.06,9.7,-0.1,-0.1,9.7,0.0,0.0,0.0,9.050,-0.04,9.8,-0.6,0.0,9.8,0.0,0.0,0.0,9.050,-0.05,9.8,-0.1,0.0,9.8,0.0,0.0,-6.1E-4
9.100,-0.02,9.7,0.0,-0.3,9.7,-0.1,0.0,0.0,9.100,-0.05,9.9,0.2,0.0,9.9,0.0,0.0,0.0,9.100,0.00,9.9,0.1,-0.1,9.9,0.0,0.0,0.0,9.100,-0.05,9.9,-0.1,0.1,9.9,0.0,0.0,0.0,9.100,-0.05,9.8,0.4,-0.2,9.9,-0.1,0.0,0.0,9.100,-0.05,9.8,-0.1,0.0,9.8,0.0,0.0,-6.1E-4
9.150,-0.02,9.9,-0.1,0.2,9.9,0.0,0.0,0.0,9.150,-0.05,9.9,0.1,0.0,9.9,0.0,0.0,6.1E-4,9.150,0.00,9.8,0.1,0.0,9.8,0.0,0.0,6.1E-4,9.150,-0.05,9.8,-0.1,-0.1,9.8,0.0,0.0,0.0,9.150,-0.04,9.9,0.1,0.2,9.9,0.1,0.0,0.0,9.150,-0.04,9.8,-0.1,0.0,9.8,0.0,0.0,-6.1E-4
9.200,-0.01,9.8,0.0,-0.2,9.8,0.1,0.0,0.0,9.200,-0.06,9.9,0.2,0.0,9.9,0.0,0.0,6.1E-4,9.200,0.03,9.9,0.3,0.0,9.9,0.0,0.0,0.0,9.200,-0.04,9.8,0.0,-0.1,9.8,0.0,0.0,6.1E-4,9.200,-0.04,9.8,-0.7,0.1,9.8,0.0,0.0,0.0,9.200,-0.04,9.8,-0.1,0.0,9.8,0.0,0.0,6.1E-4
9.250,0.01,9.9,-0.7,0.2,9.9,0.0,0.0,-6.1E-4,9.250,-0.06,9.8,0.1,0.0,9.8,0.0,0.0,6.1E-4,9.250,0.01,9.8,0.0,0.0,9.8,0.0,0.0,0.0,9.250,-0.05,9.8,0.0,0.0,9.8,0.0,0.0,0.0,9.250,-0.05,9.8,0.3,-0.3,9.8,-0.1,0.0,0.0,9.250,-0.03,9.8,-0.1,0.0,9.8,0.0,0.0,-6.1E-4
9.300,-0.01,9.8,-0.1,-0.1,9.8,0.0,0.0,0.0,9.300,-0.05,9.8,0.2,0.0,9.8,0.0,0.0,0.0,9.300,0.04,9.8,0.3,0.0,9.8,0.0,0.0,0.0,9.300,-0.04,9.8,0.0,0.0,9.8,0.0,0.0,0.0,9.300,-0.05,9.9,0.1,0.2,9.9,0.0,0.0,0.0,9.300,-0.04,9.8,-0.1,0.0,9.8,0.0,0.0,6.1E-4
9.350,-0.02,9.9,-0.4,0.2,9.9,0.0,0.0,0.0,9.350,-0.06,9.8,0.1,0.0,9.8,0.0,0.0,0.0,9.350,0.04,9.8,0.0,0.0,9.8,0.0,0.0,-6.1E-4,9.350,-0.04,9.7,0.1,-0.1,9.7,-1.2E-4,0.0,0.0,9.350,-0.05,9.8,-0.6,0.2,9.9,0.0,0.0,0.0,9.350,-0.04,9.8,-0.1,0.0,9.8,0.0,0.0,-6.1E-4
9.400,-0.01,9.8,-0.1,-0.1,9.8,0.0,0.0,0.0,9.400,-0.05,9.8,0.2,0.0,9.8,0.0,0.0,0.0,9.400,0.05,9.8,0.1,0.1,9.8,0.0,0.0,0.0,9.400,-0.04,9.8,-0.1,0.0,9.8,0.0,0.0,-6.1E-4,9.400,-0.05,9.8,0.2,-0.3,9.8,-0.1,0.0,0.0,9.400,-0.05,9.8,-0.1,0.0,9.8,0.0,0.0,-6.1E-4
9.450,-0.01,9.9,-0.3,0.1,9.9,0.0,0.0,-6.1E-4,9.450,-0.04,9.9,0.1,0.1,9.9,0.0,0.0,6.1E-4,9.450,0.05,9.7,0.2,0.0,9.7,0.0,0.0,0.0,9.450,-0.03,9.8,0.1,0.0,9.8,0.0,0.0,-6.1E-4,9.450,-0.04,9.8,0.1,0.0,9.8,0.0,0.0,0.0,9.450,-0.04,9.8,-0.1,0.0,9.8,0.0,0.0,6.1E-4
9.500,0.00,9.8,0.1,0.0,9.8,0.0,0.0,0.0,9.500,-0.06,9.7,0.1,0.0,9.7,0.0,0.0,0.0,9.500,0.08,9.8,0.0,0.0,9.8,0.0,0.0,-6.1E-4,9.500,-0.04,9.8,0.0,-0.1,9.8,0.0,0.0,0.0,9.500,-0.05,9.9,-0.5,0.3,9.9,0.0,0.0,0.0,9.500,-0.04,9.8,-0.1,0.0,9.8,0.0,0.0,-6.1E-4
9.550,-0.01,9.9,-0.4,0.1,9.9,0.1,0.0,0.0,9.550,-0.04,10.1,0.2,0.1,10.1,0.0,0.0,0.0,9.550,0.11,9.9,0.2,0.1,9.9,0.0,0.0,0.0,9.550,-0.04,9.8,-0.2,0.0,9.8,0.0,0.0,0.0,9.550,-0.04,9.8,0.1,-0.2,9.8,-0.1,0.0,0.0,9.550,-0.04,9.8,-0.1,0.0,9.8,0.0,0.0,6.1E-4
9.600,-0.02,9.8,-0.8,0.0,9.8,0.0,0.0,0.0,9.600,-0.04,9.8,0.2,0.0,9.8,0.0,0.0,0.0,9.600,0.14,9.8,0.2,-0.1,9.8,0.0,0.0,6.1E-4,9.600,-0.05,9.8,0.1,0.0,9.8,0.0,0.0,-6.1E-4,9.600,-0.05,9.8,0.1,0.0,9.8,0.0,0.0,6.1E-4,9.600,-0.04,9.8,-0.1,0.0,9.8,0.0,0.0,-6.1E-4
9.650,-0.01,9.9,0.0,0.1,9.9,-0.1,0.0,0.0,9.650,-0.06,9.8,0.1,0.0,9.8,0.0,0.0,0.0,9.650,0.17,9.8,0.1,0.0,9.8,-1.2E-4,0.0,0.0,9.650,-0.05,9.7,0.0,0.0,9.7,0.0,0.0,-6.1E-4,9.650,-0.04,9.8,-0.5,0.2,9.8,0.0,0.0,0.0,9.650,-0.03,9.8,-0.1,0.0,9.8,0.0,0.0,-6.1E-4
9.700,-0.02,9.8,-0.2,-0.1,9.8,0.0,0.0,0.0,9.700,-0.05,9.8,0.2,0.1,9.8,0.0,0.0,0.0,9.700,0.18,9.8,0.1,-0.1,9.8,0.0,0.0,-6.1E-4,9.700,-0.04,9.8,0.0,0.0,9.8,0.0,0.0,-6.1E-4,9.700,-0.05,9.9,0.1,-0.1,9.9,-0.1,0.0,6.1E-4,9.700,-0.04,9.8,-0.1,0.0,9.8,0.0,0.0,0.0
9.750,-0.02,9.9,-0.3,0.1,9.9,0.0,0.0,0.0,9.750,-0.05,9.8,0.1,0.0,9.8,0.0,0.0,-6.1E-4,9.750,0.18,9.8,0.2,0.1,9.8,0.0,0.0,0.0,9.750,-0.04,9.9,0.1,0.0,9.9,0.0,0.0,6.1E-4,9.750,-0.04,9.8,0.2,-0.1,9.8,0.0,0.0,0.0,9.750,-0.04,9.8,0.0,0.0,9.8,0.0,0.0,-6.1E-4
9.800,-0.02,9.8,-0.3,0.0,9.8,0.0,0.0,0.0,9.800,-0.05,10.0,0.1,0.1,10.0,0.0,0.0,0.0,9.800,0.19,9.8,0.0,0.0,9.8,0.0,0.0,0.0,9.800,-0.05,10.0,-0.2,0.0,10.0,0.0,0.0,0.0,9.800,-0.05,9.8,-0.4,0.2,9.8,0.0,0.0,0.0,9.800,-0.05,9.8,-0.1,0.0,9.8,0.0,0.0,-6.1E-4
9.850,-0.01,9.9,-0.2,0.1,9.9,0.0,0.0,-6.1E-4,9.850,-0.05,9.7,0.1,0.0,9.7,0.0,0.0,6.1E-4,9.850,0.20,9.8,0.2,0.0,9.8,0.0,0.0,6.1E-4,9.850,-0.04,9.6,0.0,-0.1,9.6,0.0,0.0,0.0,9.850,-0.06,9.8,-0.2,-0.1,9.8,0.0,0.0,0.0,9.850,-0.05,9.8,-0.1,0.0,9.8,0.0,0.0,-6.1E-4
9.900,-0.01,9.9,-0.3,0.0,9.9,0.0,0.0,0.0,9.900,-0.05,10.0,0.1,0.1,10.0,0.0,0.0,0.0,9.900,0.22,9.8,0.0,0.0,9.8,0.0,0.0,0.0,9.900,-0.04,9.8,0.2,0.0,9.8,0.0,0.0,-6.1E-4,9.900,-0.05,9.8,0.4,-0.1,9.8,0.0,0.0,0.0,9.900,-0.05,9.8,-0.1,0.0,9.8,0.0,0.0,6.1E-4
9.950,-7.51E-10,9.9,-0.3,0.0,9.9,0.0,0.0,0.0,9.950,-0.06,9.8,0.2,0.0,9.8,0.0,0.0,0.0,9.950,0.23,9.8,0.3,0.1,9.8,0.0,0.0,6.1E-4,9.950,-0.05,10.0,-0.1,-0.1,10.0,0.1,0.0,0.0,9.950,-0.05,9.9,-0.3,0.2,9.9,0.0,0.0,0.0,9.950,-0.04,9.8,-0.1,0.0,9.8,0.0,0.0,-6.1E-4
10.000,-0.02,9.8,-0.2,0.0,9.8,0.0,0.0,0.0,10.000,-0.05,9.9,0.1,0.1,9.9,0.0,0.0,-6.1E-4,10.000,0.29,9.8,-0.1,-0.1,9.8,0.0,0.0,6.1E-4,10.000,-0.05,9.9,-0.3,0.0,9.9,-0.1,0.0,-6.1E-4,10.000,-0.06,9.8,-0.2,0.0,9.8,0.0,0.0,0.0,10.000,-0.06,9.8,-0.1,0.0,9.8,0.0,0.0,-6.1E-4
10.050,-0.02,9.8,-0.2,0.0,9.8,0.0,0.0,0.0,10.050,-0.05,9.8,0.2,0.0,9.8,0.0,0.0,0.0,10.050,0.68,9.6,0.2,0.1,9.6,0.0,0.0,6.1E-4,10.050,-0.05,9.5,0.3,-0.1,9.5,0.0,0.0,0.0,10.050,-0.05,9.8,0.2,-0.2,9.8,0.0,0.0,0.0,10.050,-0.05,9.8,-0.1,0.0,9.8,0.0,0.0,-6.1E-4
10.100,-0.03,9.9,-0.3,0.0,9.9,0.0,0.0,0.0,10.100,-0.05,9.9,0.0,0.1,9.9,0.0,0.0,0.0,10.100,0.96,9.9,0.0,0.1,9.9,0.0,0.0,0.0,10.100,-0.06,9.8,-0.1,0.1,9.8,0.0,0.0,0.0,10.100,-0.06,9.8,-0.1,0.2,9.8,0.0,0.0,-6.1E-4,10.100,-0.03,9.8,0.0,0.0,9.8,0.0,0.0,6.1E-4
10.150,-0.04,9.8,-0.3,0.0,9.8,0.0,0.0,-6.1E-4,10.150,-0.05,9.8,0.2,0.0,9.8,0.0,0.0,0.0,10.150,0.91,9.8,0.2,0.0,9.8,0.0,0.0,-6.1E-4,10.150,-0.04,10.0,0.1,-0.1,10.0,0.0,0.0,6.1E-4,10.150,-0.05,9.8,-0.3,0.0,9.8,0.0,0.0,0.0,10.150,-0.05,9.8,-0.1,0.0,9.8,0.0,0.0,0.0
10.200,-0.02,9.8,-0.2,0.1,9.8,0.0,0.0,0.0,10.200,-0.05,9.8,0.0,0.0,9.8,0.0,0.0,0.0,10.200,0.88,9.9,0.1,0.1,9.9,0.0,0.0,0.0,10.200,-0.05,10.1,-0.2,0.0,10.1,0.0,0.0,0.0,10.200,-0.04,9.8,0.2,-0.2,9.8,0.0,0.0,0.0,10.200,-0.04,9.8,-0.1,0.0,9.8,0.0,0.0,-6.1E-4
10.250,-0.01,9.8,-0.3,-0.1,9.8,0.0,0.0,-6.1E-4,10.250,-0.04,9.8,0.2,0.0,9.8,0.0,0.0,0.0,10.250,0.84,9.8,0.1,0.0,9.8,-1.2E-4,0.0,0.0,10.250,-0.05,9.4,0.0,-0.1,9.4,0.0,0.0,0.0,10.250,-0.05,9.8,-0.2,0.2,9.8,0.0,0.0,-6.1E-4,10.250,-0.03,9.8,-0.1,0.0,9.8,0.0,0.0,-6.1E-4
10.300,-0.02,9.9,-0.3,0.1,9.9,0.0,0.0,0.0,10.300,-0.03,9.8,0.0,0.0,9.8,0.0,0.0,-6.1E-4,10.300,0.82,9.9,0.2,0.0,9.9,0.0,0.0,0.0,10.300,-0.04,9.7,0.1,0.0,9.7,0.0,0.0,0.0,10.300,-0.05,9.8,-0.2,0.1,9.8,0.0,0.0,0.0,10.300,-0.04,9.8,-0.1,0.0,9.8,0.0,0.0,-6.1E-4
10.350,-0.03,9.8,-0.3,0.0,9.8,0.0,0.0,-6.1E-4,10.350,-0.04,9.8,0.1,0.0,9.8,0.0,0.0,0.0,10.350,0.81,9.8,0.1,0.0,9.8,0.0,0.0,0.0,10.350,-0.04,10.1,0.0,0.0,10.1,0.0,0.0,0.0,10.350,-0.05,9.8,0.1,-0.2,9.8,0.0,0.0,0.0,10.350,-0.04,9.8,-0.1,0.0,9.8,0.0,0.0,-6.1E-4
10.400,-0.02,9.8,-0.2,0.1,9.8,0.0,0.0,0.0,10.400,-0.04,9.9,0.2,0.0,9.9,0.0,0.0,0.0,10.400,0.82,9.8,0.1,0.0,9.8,0.0,0.0,-6.1E-4,10.400,-0.05,10.1,-0.1,-0.1,10.1,0.0,0.0,-6.1E-4,10.400,-0.05,9.8,-0.2,0.1,9.8,0.0,0.0,-6.1E-4,10.400,-0.04,9.8,-0.1,0.0,9.8,0.0,0.0,-6.1E-4
10.450,-0.02,9.8,-0.3,-0.1,9.8,0.0,0.0,0.0,10.450,-0.03,9.8,0.1,0.0,9.8,0.0,0.0,0.0,10.450,0.76,9.8,0.2,0.0,9.8,-1.2E-4,0.0,6.1E-4,10.450,-0.05,9.8,-0.1,0.0,9.8,0.0,0.0,-6.1E-4,10.450,-0.03,9.9,-0.3,0.1,9.9,0.0,0.0,0.0,10.450,-0.04,9.8,-0.1,0.0,9.8,0.0,0.0,6.1E-4
10.500,-0.03,9.8,-0.2,0.0,9.8,0.0,0.0,-6.1E-4,10.500,-0.04,9.8,0.1,0.0,9.8,0.0,0.0,6.1E-4,10.500,0.75,9.9,0.0,0.0,9.9,0.0,0.0,0.0,10.500,-0.06,9.6,0.0,0.0,9.6,0.0,0.0,-6.1E-4,10.500,-0.05,9.8,0.2,-0.1,9.8,0.0,0.0,0.0,10.500,-0.04,9.8,0.0,0.0,9.8,0.0,0.0,0.0
10.550,-0.04,9.8,-0.3,0.0,9.8,0.0,0.0,0.0,10.550,-0.04,9.7,0.1,0.0,9.7,0.0,0.0,0.0,10.550,0.74,9.9,0.1,0.0,9.9,0.0,0.0,6.1E-4,10.550,-0.06,9.8,0.1,0.0,9.8,0.0,0.0,0.0,10.550,-0.04,9.8,-0.1,0.1,9.8,0.0,0.0,-6.1E-4,10.550,-0.04,9.9,-0.1,0.0,9.9,0.0,0.0,-6.1E-4
10.600,-0.01,9.9,-0.3,0.1,9.9,0.0,0.0,-6.1E-4,10.600,-0.05,10.0,0.1,0.0,10.0,0.0,0.0,0.0,10.600,0.72,9.9,0.1,0.1,9.9,0.0,0.0,-6.1E-4,10.600,-0.06,9.7,-0.1,-0.1,9.7,0.0,0.0,0.0,10.600,-0.04,9.8,-0.4,0.1,9.8,0.0,0.0,0.0,10.600,-0.04,9.8,-0.1,0.0,9.8,0.0,0.0,-6.1E-4
10.650,-0.01,9.8,-0.3,-0.1,9.9,0.0,0.0,0.0,10.650,-0.05,9.9,0.1,0.0,9.9,0.0,0.0,0.0,10.650,0.74,9.8,0.1,-0.1,9.8,0.0,0.0,-6.1E-4,10.650,-0.06,10.0,0.1,0.0,10.0,0.0,0.0,0.0,10.650,-0.04,9.8,0.1,-0.1,9.8,0.0,0.0,0.0,10.650,-0.03,9.8,-0.1,0.0,9.8,0.0,0.0,-6.1E-4
10.700,-0.01,9.8,-0.2,0.0,9.8,0.0,0.0,6.1E-4,10.700,-0.04,9.9,0.1,0.0,9.9,0.0,0.0,6.1E-4,10.700,0.74,9.9,0.2,0.1,9.9,0.0,0.0,0.0,10.700,-0.06,9.9,-0.2,0.0,9.9,0.0,0.0,0.0,10.700,-0.02,9.8,0.1,0.0,9.8,0.0,0.0,6.1E-4,10.700,-0.05,9.8,0.0,0.0,9.8,0.0,0.0,-6.1E-4
10.750,0.00,9.8,-0.3,0.0,9.8,0.0,0.0,0.0,10.750,-0.04,9.9,0.2,0.0,9.9,0.0,0.0,6.1E-4,10.750,0.77,9.8,0.0,-0.1,9.8,0.0,0.0,0.0,10.750,-0.06,9.6,-0.1,-0.1,9.6,0.0,0.0,0.0,10.750,-0.04,9.8,-0.4,0.2,9.8,0.0,0.0,0.0,10.750,-0.05,9.8,-0.1,0.0,9.8,0.0,0.0,-6.1E-4
10.800,-0.01,9.8,-0.3,0.0,9.9,0.0,0.0,0.0,10.800,-0.04,9.8,0.1,0.0,9.8,0.0,0.0,6.1E-4,10.800,0.74,9.9,0.1,0.1,9.9,0.0,0.0,-6.1E-4,10.800,-0.06,9.6,-0.1,0.1,9.6,-0.1,0.0,0.0,10.800,-0.03,9.8,-0.1,-0.1,9.8,0.0,0.0,-6.1E-4,10.800,-0.04,9.8,-0.1,0.0,9.8,0.0,0.0,-6.1E-4
10.850,-0.01,9.8,-0.3,0.0,9.8,0.0,0.0,0.0,10.850,-0.04,9.8,0.1,0.0,9.8,0.0,0.0,-6.1E-4,10.850,0.74,9.8,0.1,-0.1,9.8,0.0,0.0,6.1E-4,10.850,-0.06,9.7,0.2,-0.1,9.7,0.0,0.0,0.0,10.850,-0.03,9.9,0.1,0.0,9.9,0.0,0.0,0.0,10.850,-0.04,9.8,-0.1,0.0,9.8,0.0,0.0,0.0
10.900,-0.01,9.8,-0.2,0.0,9.8,0.0,0.0,0.0,10.900,-0.05,9.9,0.2,0.1,10.0,0.0,0.0,-6.1E-4,10.900,0.73,9.8,0.2,0.0,9.8,0.0,0.0,0.0,10.900,-0.05,10.2,0.1,0.0,10.2,0.0,0.0,0.0,10.900,-0.04,9.9,-0.2,0.2,9.9,0.0,0.0,0.0,10.900,-0.04,9.8,0.0,0.0,9.8,0.0,0.0,-6.1E-4
10.950,-0.01,9.8,-0.3,0.0,9.8,0.0,0.0,0.0,10.950,-0.05,9.7,0.1,0.0,9.7,0.0,0.0,0.0,10.950,0.61,9.8,0.0,0.0,9.8,0.0,0.0,0.0,10.950,-0.05,10.1,-0.1,-0.1,10.1,0.0,0.0,0.0,10.950,-0.04,9.8,-0.2,-0.1,9.8,0.0,0.0,-6.1E-4,10.950,-0.04,9.8,-0.1,0.0,9.8,0.0,0.0,-6.1E-4
11.000,-0.03,9.8,-0.2,0.0,9.8,0.0,0.0,-6.1E-4,11.000,-0.06,9.8,0.1,0.1,9.8,0.0,0.0,6.1E-4,11.000,0.56,9.9,0.3,0.3,10.0,0.0,0.0,0.0,11.000,-0.04,9.9,0.0,0.0,9.9,0.0,0.0,6.1E-4,11.000,-0.04,9.8,0.1,-0.1,9.8,0.0,0.0,0.0,11.000,-0.04,9.8,-0.1,0.0,9.8,0.0,0.0,-6.1E-4
11.050,-0.02,9.9,-0.3,0.0,9.9,0.0,0.0,0.0,11.050,-0.06,9.7,0.1,0.0,9.7,0.0,0.0,6.1E-4,11.050,0.66,9.9,-0.1,0.2,9.9,0.1,0.0,0.0,11.050,-0.05,9.8,-0.1,0.0,9.8,0.0,0.0,0.0,11.050,-0.04,9.8,-0.2,0.1,9.8,0.0,0.0,0.0,11.050,-0.03,9.8,-0.1,0.0,9.8,0.0,0.0,-6.1E-4
11.100,-0.03,9.9,-0.3,0.0,9.9,0.0,0.0,0.0,11.100,-0.06,9.9,0.2,0.0,10.0,0.0,0.0,-6.1E-4,11.100,0.85,9.7,0.0,-0.5,9.7,-0.1,-0.1,6.1E-4,11.100,-0.05,9.7,0.0,-0.1,9.7,0.0,0.0,0.0,11.100,-0.05,9.8,-0.1,0.0,9.8,0.0,0.0,-6.1E-4,11.100,-0.03,9.8,0.0,0.0,9.8,0.0,0.0,6.1E-4
11.150,-0.04,9.8,-0.2,0.0,9.8,0.0,0.0,0.0,11.150,-0.05,9.7,0.1,0.1,9.7,0.0,0.0,0.0,11.150,0.69,9.9,0.3,0.1,9.9,0.0,0.0,6.1E-4,11.150,-0.06,9.7,0.0,0.0,9.7,0.0,0.0,-6.1E-4,11.150,-0.05,9.8,0.0,-0.1,9.8,0.0,0.0,6.1E-4,11.150,-0.03,9.8,-0.2,0.0,9.8,0.0,0.0,-6.1E-4
11.200,-0.02,9.8,-0.3,0.0,9.8,0.0,0.0,0.0,11.200,-0.05,9.8,0.0,0.1,9.8,0.0,0.0,-6.1E-4,11.200,0.68,9.8,0.1,0.0,9.8,0.0,0.0,0.0,11.200,-0.06,9.6,-0.1,0.0,9.6,0.0,0.0,0.0,11.200,-0.04,9.8,-0.2,0.1,9.8,0.0,0.0,-6.1E-4,11.200,-0.04,9.8,-0.1,0.0,9.8,0.0,0.0,-6.1E-4
11.250,-0.02,9.8,-0.2,0.0,9.8,0.0,0.0,0.0,11.250,-0.06,10.0,0.2,0.0,10.0,0.0,0.0,6.1E-4,11.250,0.56,9.9,-0.1,0.1,9.9,-0.1,0.0,0.0,11.250,-0.04,9.8,0.0,-0.1,9.8,-0.1,0.0,0.0,11.250,-0.04,9.8,-0.1,0.0,9.8,0.0,0.0,-6.1E-4,11.250,-0.04,9.8,0.0,0.0,9.8,0.0,0.0,-6.1E-4
11.300,-0.02,9.8,-0.3,-0.1,9.8,0.0,0.0,0.0,11.300,-0.06,9.9,0.2,0.0,9.9,0.0,0.0,6.1E-4,11.300,0.55,9.9,0.3,0.3,9.9,0.0,0.0,0.0,11.300,-0.04,10.0,0.1,0.0,10.0,0.0,0.0,0.0,11.300,-0.05,9.8,0.1,-0.1,9.8,0.0,0.0,6.1E-4,11.300,-0.04,9.8,0.0,0.0,9.8,0.0,0.0,-6.1E-4
11.350,-0.02,9.8,-0.2,0.0,9.8,0.0,0.0,0.0,11.350,-0.05,9.8,0.1,0.0,9.8,-1.2E-4,0.0,0.0,11.350,0.79,9.9,0.0,0.2,9.9,0.0,-0.1,0.0,11.350,-0.05,9.9,-0.1,-0.1,9.9,0.0,0.0,0.0,11.350,-0.05,9.8,-0.2,0.1,9.8,0.0,0.0,6.1E-4,11.350,-0.05,9.8,-0.2,0.0,9.8,0.0,0.0,-6.1E-4
11.400,-0.02,9.8,-0.2,0.0,9.8,0.0,0.0,-6.1E-4,11.400,-0.06,9.9,0.2,0.0,9.9,0.0,0.0,0.0,11.400,0.77,9.7,0.2,-0.5,9.7,-1.2E-4,0.0,0.0,11.400,-0.05,9.9,0.1,0.0,9.9,0.0,0.0,0.0,11.400,-0.03,9.8,-0.2,0.0,9.8,0.0,0.0,0.0,11.400,-0.05,9.8,-0.1,0.0,9.8,0.0,0.0,-6.1E-4
11.450,-0.02,9.8,-0.2,0.0,9.8,0.0,0.0,0.0,11.450,-0.06,9.9,0.1,0.1,9.9,0.0,0.0,-6.1E-4,11.450,0.64,9.9,-0.1,0.1,9.9,0.0,0.0,0.0,11.450,-0.06,9.7,0.0,0.0,9.7,0.0,0.0,0.0,11.450,-0.03,9.8,0.1,-0.1,9.8,0.0,0.0,0.0,11.450,-0.05,9.8,0.0,0.0,9.8,0.0,0.0,6.1E-4
11.500,-0.03,9.8,-0.4,0.0,9.8,0.0,0.0,0.0,11.500,-0.05,9.8,0.1,0.0,9.8,0.0,0.0,0.0,11.500,0.56,9.8,0.0,0.0,9.8,-0.1,0.0,0.0,11.500,-0.05,9.9,0.1,-0.1,9.9,0.0,0.0,6.1E-4,11.500,-0.04,9.8,-0.1,0.1,9.8,0.0,0.0,6.1E-4,11.500,-0.05,9.8,-0.1,0.0,9.8,0.0,0.0,-6.1E-4
11.550,-0.03,9.9,-0.3,0.0,9.9,0.0,0.0,0.0,11.550,-0.05,9.7,0.2,0.0,9.7,0.0,0.0,0.0,11.550,0.56,9.9,0.2,0.4,9.9,0.0,0.0,0.0,11.550,-0.06,9.9,-0.1,0.0,9.9,0.0,0.0,0.0,11.550,-0.03,9.8,-0.1,0.0,9.8,0.0,0.0,0.0,11.550,-0.05,9.8,-0.1,0.0,9.8,0.0,0.0,0.0
11.600,-0.02,9.8,-0.2,0.0,9.8,0.0,0.0,0.0,11.600,-0.05,9.8,0.1,0.1,9.8,0.0,0.0,0.0,11.600,0.74,9.8,0.1,0.1,9.8,0.0,-0.1,0.0,11.600,-0.05,9.9,0.1,0.0,9.9,0.0,0.0,-6.1E-4,11.600,-0.03,9.8,0.1,-0.1,9.8,0.0,0.0,0.0,11.600,-0.05,9.8,-0.1,0.0,9.8,0.0,0.0,0.0
11.650,-0.03,9.9,-0.3,0.0,9.9,0.0,0.0,0.0,11.650,-0.06,9.8,0.1,0.0,9.8,0.0,0.0,0.0,11.650,0.25,9.7,0.3,-0.4,9.7,0.0,0.0,0.0,11.650,-0.06,9.8,0.0,0.0,9.8,0.0,0.0,0.0,11.650,-0.04,9.8,-0.1,0.1,9.8,0.0,0.0,0.0,11.650,-0.05,9.8,-0.1,0.0,9.8,0.0,0.0,-6.1E-4
11.700,-0.02,9.8,-0.4,0.0,9.8,0.0,0.0,0.0,11.700,-0.05,9.7,0.2,-0.1,9.7,0.0,0.0,0.0,11.700,0.11,9.8,-0.3,0.3,9.8,0.0,0.0,0.0,11.700,-0.05,9.8,-0.1,0.0,9.8,0.0,0.0,0.0,11.700,-0.04,9.8,-0.1,0.0,9.8,0.0,0.0,0.0,11.700,-0.05,9.8,-0.1,0.0,9.8,0.0,0.0,6.1E-4
11.750,-0.02,9.8,-0.2,0.0,9.8,0.0,0.0,-6.1E-4,11.750,-0.05,9.9,0.0,0.1,9.9,0.0,0.0,0.0,11.750,0.15,9.7,0.3,-0.2,9.7,-0.1,0.0,0.0,11.750,-0.06,9.7,0.0,-0.1,9.7,0.0,0.0,0.0,11.750,-0.04,9.8,0.0,-0.1,9.8,0.0,0.0,6.1E-4,11.750,-0.05,9.8,-0.1,0.0,9.8,0.0,0.0,-6.1E-4
11.800,-0.03,9.8,-0.2,0.0,9.8,-1.2E-4,0.0,0.0,11.800,-0.05,9.7,0.1,-0.1,9.7,0.0,0.0,6.1E-4,11.800,0.38,9.9,-0.1,0.1,9.9,0.0,0.0,0.0,11.800,-0.05,9.9,-0.1,0.0,9.9,0.0,0.0,0.0,11.800,-0.03,9.8,0.0,0.0,9.8,0.0,0.0,-6.1E-4,11.800,-0.04,9.8,-0.1,0.0,9.8,0.0,0.0,-6.1E-4
11.850,-0.03,9.9,-0.3,0.0,9.9,0.0,0.0,0.0,11.850,-0.06,10.0,0.1,0.1,10.0,0.0,0.0,-6.1E-4,11.850,0.63,9.8,0.5,0.1,9.8,0.0,0.0,0.0,11.850,-0.06,9.8,0.1,-0.1,9.8,0.0,0.0,-6.1E-4,11.850,-0.02,9.8,-0.1,0.1,9.8,0.0,0.0,-6.1E-4,11.850,-0.04,9.8,0.0,0.0,9.8,0.0,0.0,6.1E-4
11.900,-0.03,9.8,-0.3,0.0,9.8,0.0,0.0,0.0,11.900,-0.06,9.8,0.0,-0.1,9.8,0.0,0.0,6.1E-4,11.900,0.78,9.8,-0.2,0.0,9.8,0.0,0.0,0.0,11.900,-0.06,10.0,1.9E-4,0.0,10.0,0.0,0.0,-6.1E-4,11.900,-0.02,9.8,-0.1,-0.1,9.8,0.0,0.0,0.0,11.900,-0.05,9.8,-0.1,0.0,9.8,-1.2E-4,0.0,-6.1E-4
11.950,-0.03,9.8,-0.2,0.0,9.8,0.0,0.0,0.0,11.950,-0.06,9.8,0.2,0.1,9.8,0.0,0.0,-6.1E-4,11.950,0.73,9.8,0.3,0.2,9.8,0.0,0.0,0.0,11.950,-0.05,9.8,-0.1,-0.1,9.8,0.0,0.0,0.0,11.950,-0.02,9.8,0.0,0.1,9.8,0.0,0.0,0.0,11.950,-0.05,9.8,-0.1,0.0,9.8,0.0,0.0,-6.1E-4
12.000,-0.02,9.8,-0.2,0.0,9.8,0.0,0.0,-6.1E-4,12.000,-0.06,9.9,0.1,0.1,9.9,0.0,0.0,6.1E-4,12.000,0.87,9.8,-0.2,0.1,9.8,0.0,0.0,0.0,12.000,-0.06,9.9,1.9E-4,0.0,9.9,0.0,0.0,0.0,12.000,-0.04,9.9,-0.1,0.1,9.9,-1.2E-4,0.0,6.1E-4,12.000,-0.06,9.8,-0.1,0.0,9.8,0.0,0.0,-6.1E-4
12.050,-0.02,9.9,-0.3,0.0,9.9,0.0,0.0,-6.1E-4,12.050,-0.06,9.7,0.1,-0.1,9.7,0.0,0.0,-6.1E-4,12.050,0.81,9.8,0.2,-0.1,9.8,0.0,0.0,0.0,12.050,-0.05,9.8,-0.2,-0.1,9.8,0.0,0.0,0.0,12.050,-0.04,9.8,-0.1,0.0,9.8,0.0,0.0,0.0,12.050,-0.04,9.8,0.0,0.0,9.8,0.0,0.0,-6.1E-4
12.100,-0.04,9.8,-0.2,0.0,9.8,0.0,0.0,0.0,12.100,-0.06,9.8,0.2,0.1,9.8,0.0,0.0,0.0,12.100,0.79,9.9,0.2,0.2,9.9,0.0,0.0,0.0,12.100,-0.05,9.8,-0.1,0.0,9.8,-0.1,0.0,0.0,12.100,-0.04,9.8,0.0,0.0,9.8,0.0,0.0,6.1E-4,12.100,-0.05,9.8,-0.1,0.0,9.8,0.0,0.0,-6.1E-4
12.150,-0.02,9.8,-0.3,0.0,9.8,0.0,0.0,-6.1E-4,12.150,-0.06,9.8,0.1,0.0,9.8,0.0,0.0,0.0,12.150,0.81,9.8,0.1,-0.2,9.8,0.0,0.0,0.0,12.150,-0.05,9.9,0.2,-0.1,9.9,0.0,0.0,0.0,12.150,-0.03,9.9,-0.1,0.1,9.9,0.0,0.0,-6.1E-4,12.150,-0.04,9.8,-0.1,0.0,9.8,0.0,0.0,6.1E-4
12.200,-0.03,9.9,-0.3,0.0,9.9,0.0,0.0,0.0,12.200,-0.05,9.9,0.1,0.1,9.9,0.0,0.0,0.0,12.200,0.81,9.8,0.0,0.2,9.8,0.0,0.0,6.1E-4,12.200,-0.05,9.8,0.0,-0.1,9.8,0.0,0.0,6.1E-4,12.200,-0.04,9.8,-0.1,0.0,9.8,0.0,0.0,-6.1E-4,12.200,-0.05,9.8,-0.1,0.0,9.8,0.0,0.0,-6.1E-4
12.250,-0.03,9.9,-0.3,0.0,9.9,0.0,0.0,6.1E-4,12.250,-0.06,9.8,0.2,0.0,9.8,0.0,0.0,0.0,12.250,0.81,9.8,0.2,0.0,9.8,0.0,0.0,-6.1E-4,12.250,-0.05,9.9,0.0,0.1,9.9,0.0,0.0,0.0,12.250,-0.03,9.8,0.0,0.0,9.8,0.0,0.0,0.0,12.250,-0.05,9.8,-0.1,0.0,9.8,0.0,0.0,-6.1E-4
12.300,-0.02,9.8,-0.3,0.0,9.9,0.0,0.0,0.0,12.300,-0.05,9.8,0.0,0.0,9.8,0.0,0.0,0.0,12.300,0.78,9.9,0.1,0.1,9.9,0.0,0.0,0.0,12.300,-0.05,9.8,0.0,-0.1,9.8,0.0,0.0,0.0,12.300,-0.04,9.8,-0.2,0.1,9.8,0.0,0.0,0.0,12.300,-0.05,9.8,0.0,0.0,9.8,0.0,0.0,0.0
12.350,-0.03,9.9,-0.3,0.0,9.9,0.0,0.0,0.0,12.350,-0.06,9.8,0.2,0.1,9.8,0.0,0.0,6.1E-4,12.350,0.78,9.8,0.1,0.0,9.8,0.0,0.0,0.0,12.350,-0.05,9.8,0.0,0.0,9.8,0.0,0.0,-6.1E-4,12.350,-0.02,9.8,-0.1,0.0,9.8,0.0,0.0,0.0,12.350,-0.05,9.8,-0.1,0.0,9.8,0.0,0.0,0.0
12.400,-0.02,9.8,-0.2,0.0,9.8,0.0,0.0,0.0,12.400,-0.06,9.8,0.0,0.0,9.8,0.0,0.0,-6.1E-4,12.400,,9.9,0.1,0.1,9.9,0.0,0.0,0.0,12.400,-0.05,10.0,0.0,0.0,10.0,0.0,0.0,0.0,12.400,-0.04,9.8,1.9E-4,0.0,9.8,0.0,0.0,0.0,12.400,-0.05,9.8,-0.1,0.0,9.8,0.0,0.0,-6.1E-4
12.450,-0.02,9.9,-0.3,0.0,9.9,0.0,0.0,0.0,12.450,-0.06,9.8,0.1,0.1,9.8,0.0,0.0,6.1E-4,,,,,,,,,,12.450,-0.04,9.8,0.0,-0.1,9.8,0.0,0.0,-6.1E-4,12.450,-0.03,9.8,-0.1,0.1,9.8,0.0,0.0,0.0,12.450,-0.06,9.8,0.0,0.0,9.8,0.0,0.0,-6.1E-4
12.500,-0.02,9.8,-0.2,0.0,9.8,0.0,0.0,0.0,12.500,-0.05,9.8,0.2,0.0,9.8,0.0,0.0,6.1E-4,,,,,,,,,,12.500,-0.06,9.9,0.0,0.0,9.9,0.0,0.0,0.0,12.500,-0.04,9.8,-0.2,0.0,9.8,0.0,0.0,0.0,12.500,-0.06,9.8,-0.1,0.0,9.8,0.0,0.0,0.0
12.550,-0.03,9.8,-0.2,0.0,9.8,0.0,0.0,0.0,12.550,-0.07,9.9,0.1,0.1,9.9,0.0,0.0,-6.1E-4,,,,,,,,,,12.550,-0.06,9.8,0.1,-0.1,9.8,0.0,0.0,0.0,12.550,-0.03,9.9,0.1,0.1,9.9,0.0,0.0,0.0,12.550,-0.06,9.8,-0.1,0.0,9.8,0.0,0.0,6.1E-4
12.600,-0.04,9.8,-0.3,0.0,9.8,0.0,0.0,0.0,12.600,-0.05,9.8,0.1,0.0,9.8,0.0,0.0,6.1E-4,,,,,,,,,,12.600,-0.05,9.8,-0.1,0.0,9.8,0.0,0.0,0.0,12.600,-0.03,9.8,-0.1,0.0,9.8,0.0,0.0,0.0,12.600,-0.05,9.8,-0.1,0.0,9.8,0.0,0.0,6.1E-4
12.650,-0.04,9.9,-0.3,0.0,9.9,0.0,0.0,-6.1E-4,12.650,-0.06,10.0,0.2,0.1,10.0,0.0,0.0,-6.1E-4,,,,,,,,,,12.650,-0.06,9.9,0.0,-0.1,9.9,0.0,0.0,0.0,12.650,-0.05,9.8,-0.1,0.0,9.8,0.0,0.0,6.1E-4,12.650,-0.04,9.8,0.0,0.0,9.8,0.0,0.0,6.1E-4
12.700,-0.02,9.8,-0.2,0.0,9.8,0.0,0.0,0.0,12.700,-0.05,9.8,0.1,0.0,9.8,0.0,0.0,0.0,,,,,,,,,,12.700,-0.05,9.8,0.0,0.0,9.8,-1.2E-4,0.0,0.0,12.700,-0.05,9.8,-0.1,-0.1,9.8,0.0,0.0,-6.1E-4,12.700,-0.05,9.8,-0.1,0.0,9.8,0.0,0.0,-6.1E-4
12.750,-0.02,9.8,-0.3,0.0,9.8,0.0,0.0,-6.1E-4,12.750,-0.04,9.9,0.2,0.0,9.9,0.0,0.0,6.1E-4,,,,,,,,,,12.750,-0.06,9.8,0.0,0.0,9.8,0.0,0.0,0.0,12.750,-0.04,10.0,0.0,0.1,10.0,0.0,0.0,0.0,12.750,-0.05,9.8,-0.1,0.0,9.8,0.0,0.0,-6.1E-4
12.800,-0.03,9.8,-0.3,0.0,9.8,0.0,0.0,0.0,12.800,-0.05,9.9,0.1,0.0,9.9,0.0,0.0,6.1E-4,,,,,,,,,,12.800,-0.06,9.9,0.1,-0.1,9.9,0.0,0.0,6.1E-4,12.800,-0.04,9.7,-0.1,0.0,9.7,0.0,0.0,-6.1E-4,12.800,-0.05,9.8,-0.1,0.0,9.8,0.0,0.0,-6.1E-4
12.850,-0.03,9.8,-0.3,0.0,9.8,0.0,0.0,0.0,12.850,-0.06,9.9,0.2,0.0,9.9,0.0,0.0,6.1E-4,,,,,,,,,,12.850,-0.05,9.9,0.0,0.0,9.9,0.0,0.0,0.0,12.850,-0.02,9.8,-0.1,0.0,9.8,0.0,0.0,-6.1E-4,12.850,-0.04,9.8,-0.1,0.0,9.8,0.0,0.0,-6.1E-4
12.900,-0.02,9.8,-0.3,0.0,9.8,0.0,0.0,0.0,12.900,-0.06,9.9,0.1,0.0,9.9,0.0,0.0,6.1E-4,,,,,,,,,,12.900,-0.05,9.9,-0.1,0.0,9.9,0.0,0.0,-6.1E-4,12.900,-0.02,9.9,0.0,0.0,9.9,0.0,0.0,-6.1E-4,12.900,-0.04,9.8,-0.1,0.0,9.8,0.0,0.0,6.1E-4
12.950,-0.03,9.8,-0.2,0.0,9.8,0.0,0.0,0.0,12.950,-0.06,9.8,0.1,0.0,9.8,0.0,0.0,0.0,,,,,,,,,,12.950,-0.05,9.8,0.1,0.0,9.8,0.0,0.0,6.1E-4,12.950,-0.04,9.8,0.0,0.1,9.8,0.0,0.0,0.0,12.950,-0.04,9.8,-0.1,0.0,9.8,0.0,0.0,0.0
13.000,-0.04,9.9,-0.3,0.0,9.9,0.0,0.0,0.0,13.000,-0.05,9.7,0.1,0.0,9.7,0.0,0.0,6.1E-4,,,,,,,,,,13.000,-0.06,9.8,0.1,-0.1,9.8,0.0,0.0,-6.1E-4,13.000,-0.04,9.8,-0.2,-0.1,9.8,0.0,0.0,-6.1E-4,13.000,-0.05,9.8,-0.1,0.0,9.8,0.0,0.0,-6.1E-4
13.050,-0.04,9.9,-0.3,0.1,9.9,0.0,0.0,0.0,13.050,-0.05,10.0,0.2,0.1,10.0,0.0,0.0,0.0,,,,,,,,,,13.050,-0.05,9.8,-0.1,-0.1,9.8,0.0,0.0,0.0,13.050,-0.02,9.9,0.0,0.0,9.9,0.0,0.0,0.0,13.050,-0.03,9.8,-0.1,0.0,9.8,0.0,0.0,6.1E-4
13.100,-0.03,9.8,-0.2,0.0,9.8,0.0,0.0,0.0,13.100,-0.05,9.9,0.1,0.0,9.9,0.0,0.0,0.0,,,,,,,,,,13.100,-0.05,9.8,0.0,0.0,9.8,0.0,0.0,0.0,13.100,-0.03,9.8,-0.1,0.0,9.8,0.0,0.0,0.0,13.100,-0.04,9.8,0.0,0.0,9.8,0.0,0.0,-6.1E-4
13.150,-0.01,9.8,-0.3,0.0,9.8,-1.2E-4,0.0,0.0,13.150,-0.05,9.9,0.0,0.1,9.9,0.0,0.0,0.0,,,,,,,,,,13.150,-0.05,9.8,0.1,-0.1,9.8,0.0,0.0,-6.1E-4,13.150,-0.04,9.8,0.1,0.0,9.8,0.0,0.0,0.0,13.150,-0.05,9.8,-0.1,0.0,9.8,0.0,0.0,-6.1E-4
13.200,-0.01,9.9,-0.3,0.0,9.9,0.0,0.0,0.0,13.200,-0.06,9.8,0.2,0.0,9.8,0.0,0.0,0.0,,,,,,,,,,13.200,-0.04,9.9,0.0,0.0,9.9,0.0,0.0,0.0,13.200,-0.04,9.9,-0.1,0.0,9.9,0.0,0.0,-6.1E-4,13.200,-0.06,9.8,-0.1,0.0,9.8,0.0,0.0,0.0
13.250,-0.01,9.9,-0.3,0.0,9.9,0.0,0.0,0.0,13.250,-0.05,9.9,0.1,0.1,9.9,0.0,0.0,-6.1E-4,,,,,,,,,,13.250,-0.05,9.8,-0.1,0.0,9.8,0.0,0.0,6.1E-4,13.250,-0.03,9.8,-0.1,0.0,9.8,0.0,0.0,0.0,13.250,-0.05,9.8,-0.1,0.0,9.8,0.0,0.0,-6.1E-4
13.300,0.01,9.8,-0.2,0.0,9.8,0.0,0.0,0.0,13.300,-0.05,9.9,0.2,0.0,9.9,0.0,0.0,-6.1E-4,,,,,,,,,,13.300,-0.04,9.8,0.1,0.0,9.8,-1.2E-4,0.0,0.0,13.300,-0.04,9.8,0.0,0.0,9.8,0.0,0.0,6.1E-4,13.300,-0.05,9.8,-0.1,0.0,9.8,0.0,0.0,-6.1E-4
13.350,-0.01,9.8,-0.2,0.1,9.8,0.0,0.0,-6.1E-4,13.350,-0.05,9.8,0.1,0.1,9.8,0.0,0.0,-6.1E-4,,,,,,,,,,13.350,-0.05,9.8,0.0,-0.1,9.8,0.0,0.0,6.1E-4,13.350,-0.04,9.8,0.0,0.0,9.8,-1.2E-4,0.0,6.1E-4,13.350,-0.03,9.8,-0.1,0.0,9.8,0.0,0.0,6.1E-4
13.400,-0.01,9.9,-0.3,0.0,9.9,0.0,0.0,0.0,13.400,-0.05,9.9,0.2,0.0,9.9,0.0,0.0,-6.1E-4,,,,,,,,,,13.400,-0.05,9.8,-0.1,-0.1,9.8,0.0,0.0,-6.1E-4,13.400,-0.04,9.9,-0.2,0.0,9.9,0.0,0.0,0.0,13.400,-0.04,9.8,0.0,0.0,9.8,0.0,0.0,-6.1E-4
13.450,-0.02,9.8,-0.2,0.0,9.8,0.0,0.0,0.0,13.450,-0.04,9.9,0.1,0.0,9.9,0.0,0.0,6.1E-4,,,,,,,,,,13.450,-0.06,9.8,0.1,0.0,9.8,0.0,0.0,0.0,13.450,-0.03,9.8,0.0,0.0,9.8,0.0,0.0,0.0,13.450,-0.04,9.8,-0.1,0.0,9.8,0.0,0.0,-6.1E-4
13.500,-0.01,9.8,-0.3,0.0,9.8,0.0,0.0,0.0,13.500,-0.05,9.8,0.1,0.0,9.8,0.0,0.0,0.0,,,,,,,,,,13.500,-0.05,9.8,0.1,-0.1,9.8,0.0,0.0,0.0,13.500,-0.03,9.8,0.0,0.1,9.8,0.0,0.0,0.0,13.500,-0.05,9.8,-0.1,0.0,9.8,0.0,0.0,6.1E-4
13.550,-0.01,9.9,-0.3,0.0,9.9,0.0,0.0,-6.1E-4,13.550,-0.05,9.9,0.1,0.0,9.9,0.0,0.0,6.1E-4,,,,,,,,,,13.550,-0.05,9.9,-0.1,0.0,9.9,0.0,0.0,0.0,13.550,-0.03,9.8,-0.1,0.0,9.8,0.0,0.0,0.0,13.550,-0.05,9.8,-0.1,0.0,9.8,0.0,0.0,-6.1E-4
13.600,0.00,9.8,-0.2,0.0,9.8,0.0,0.0,0.0,13.600,-0.04,9.8,0.0,0.0,9.8,0.0,0.0,0.0,,,,,,,,,,13.600,-0.05,9.8,-0.1,-0.1,9.8,0.0,0.0,0.0,13.600,-0.04,9.8,-0.3,0.0,9.8,0.0,0.0,0.0,13.600,-0.04,9.8,0.0,0.0,9.8,0.0,0.0,6.1E-4
13.650,0.01,9.8,-0.2,0.0,9.8,0.0,0.0,0.0,13.650,-0.05,9.9,0.2,0.0,9.9,0.0,0.0,6.1E-4,,,,,,,,,,13.650,-0.06,9.8,0.0,0.0,9.8,0.0,0.0,0.0,13.650,-0.04,9.8,0.0,0.0,9.8,0.0,0.0,0.0,13.650,-0.04,9.8,-0.1,0.0,9.8,0.0,0.0,-6.1E-4
13.700,0.00,9.9,-0.3,0.0,9.9,0.0,0.0,0.0,13.700,-0.05,9.8,0.1,0.1,9.8,0.0,0.0,0.0,,,,,,,,,,13.700,-0.06,9.8,0.1,-0.1,9.8,0.0,0.0,0.0,13.700,-0.04,9.9,0.0,0.1,9.9,0.0,0.0,-6.1E-4,13.700,-0.04,9.8,-0.1,0.0,9.8,0.0,0.0,6.1E-4
13.750,0.00,9.8,-0.3,0.0,9.8,0.0,0.0,0.0,13.750,-0.06,9.9,0.2,0.0,9.9,0.0,0.0,0.0,,,,,,,,,,13.750,-0.04,10.0,-0.1,0.0,10.0,0.0,0.0,0.0,13.750,-0.04,9.8,-0.2,0.0,9.8,0.0,0.0,0.0,13.750,-0.05,9.8,-0.1,0.0,9.8,0.0,0.0,-6.1E-4
13.800,-0.01,9.8,-0.3,0.0,9.8,0.0,0.0,0.0,13.800,-0.06,9.9,0.1,0.1,9.9,0.0,0.0,-6.1E-4,,,,,,,,,,13.800,-0.05,9.8,-0.1,0.0,9.8,0.0,0.0,0.0,13.800,-0.04,9.8,-0.1,-0.1,9.8,0.0,0.0,6.1E-4,13.800,-0.04,9.8,-0.1,0.0,9.8,0.0,0.0,-6.1E-4
13.850,-0.02,9.9,-0.3,0.0,9.9,0.0,0.0,0.0,13.850,-0.06,9.8,0.1,0.0,9.8,0.0,0.0,6.1E-4,,,,,,,,,,13.850,-0.05,9.8,0.1,0.0,9.8,0.0,0.0,0.0,13.850,-0.03,9.8,0.0,0.1,9.8,0.0,0.0,0.0,13.850,-0.04,9.8,-0.1,0.0,9.8,0.0,0.0,-6.1E-4
13.900,0.00,9.8,-0.2,0.0,9.8,0.0,0.0,0.0,13.900,-0.06,9.9,0.1,0.1,9.9,0.0,0.0,0.0,,,,,,,,,,13.900,-0.05,9.8,1.9E-4,-0.1,9.8,0.0,0.0,0.0,13.900,-0.03,9.8,0.0,0.1,9.8,0.0,0.0,-6.1E-4,13.900,-0.05,9.8,-0.1,0.0,9.8,0.0,0.0,-6.1E-4
13.950,-0.02,9.8,-0.2,0.0,9.8,0.0,0.0,0.0,13.950,-0.06,9.8,0.2,0.0,9.8,0.0,0.0,0.0,,,,,,,,,,13.950,-0.06,9.8,0.0,-0.1,9.8,0.0,0.0,0.0,13.950,-0.03,9.9,-0.1,0.0,9.9,0.0,0.0,0.0,13.950,-0.04,9.9,-0.1,0.0,9.9,0.0,0.0,0.0
14.000,-0.02,9.9,-0.3,0.0,9.9,-1.2E-4,0.0,0.0,14.000,-0.05,10.0,0.0,0.0,10.0,0.0,0.0,0.0,,,,,,,,,,14.000,-0.06,9.9,0.0,0.0,9.9,0.0,0.0,6.1E-4,14.000,-0.03,9.8,-0.1,-0.1,9.8,0.0,0.0,0.0,14.000,-0.04,9.8,0.0,0.0,9.8,0.0,0.0,-6.1E-4
14.050,-0.01,9.8,-0.3,0.0,9.8,0.0,0.0,0.0,14.050,-0.06,9.9,0.2,0.0,9.9,0.0,0.0,0.0,,,,,,,,,,14.050,-0.05,9.8,0.0,-0.1,9.8,0.0,0.0,-6.1E-4,14.050,-0.04,9.8,-0.1,0.1,9.8,0.0,0.0,6.1E-4,14.050,-0.04,9.8,0.0,0.0,9.8,0.0,0.0,6.1E-4
14.100,-0.01,9.8,-0.2,0.0,9.8,0.0,0.0,0.0,14.100,-0.05,9.8,0.1,0.1,9.8,0.0,0.0,-6.1E-4,,,,,,,,,,14.100,-0.06,9.9,0.0,0.0,9.9,0.0,0.0,0.0,14.100,-0.03,9.8,-0.1,0.0,9.8,0.0,0.0,0.0,14.100,-0.04,9.8,-0.2,0.0,9.8,0.0,0.0,0.0
14.150,-0.01,9.8,-0.3,0.0,9.9,0.0,0.0,0.0,14.150,-0.04,9.8,0.1,0.0,9.8,0.0,0.0,-6.1E-4,,,,,,,,,,14.150,-0.06,9.9,0.1,-0.1,9.9,0.0,0.0,6.1E-4,14.150,-0.04,9.8,0.1,-0.1,9.8,0.0,0.0,0.0,14.150,-0.05,9.8,0.0,0.0,9.8,0.0,0.0,0.0
14.200,-0.03,9.9,-0.3,0.0,9.9,0.0,0.0,0.0,14.200,-0.05,9.9,0.1,0.0,9.9,0.0,0.0,-6.1E-4,,,,,,,,,,14.200,-0.06,9.8,0.0,-0.1,9.8,0.0,0.0,6.1E-4,14.200,-0.04,9.8,-0.2,0.0,9.8,0.0,0.0,0.0,14.200,-0.06,9.8,-0.1,0.0,9.8,0.0,0.0,0.0
14.250,-0.01,9.8,-0.2,0.0,9.8,0.0,0.0,0.0,14.250,-0.05,9.8,0.1,0.0,9.8,0.0,0.0,6.1E-4,,,,,,,,,,14.250,-0.05,9.9,0.0,-0.1,9.9,0.0,0.0,0.0,14.250,-0.04,9.8,0.0,0.1,9.8,0.0,0.0,6.1E-4,14.250,-0.06,9.8,-0.1,0.0,9.8,0.0,0.0,6.1E-4
14.300,-0.02,9.8,-0.3,0.0,9.8,0.0,0.0,0.0,14.300,-0.05,9.9,0.2,0.0,9.9,0.0,0.0,-6.1E-4,,,,,,,,,,14.300,-0.05,9.9,0.0,0.0,9.9,0.0,0.0,6.1E-4,14.300,-0.04,9.8,0.0,0.0,9.8,0.0,0.0,6.1E-4,14.300,-0.07,9.8,-0.1,0.0,9.8,0.0,0.0,-6.1E-4
14.350,-0.02,9.8,-0.3,0.0,9.8,0.0,0.0,0.0,14.350,-0.05,9.8,0.1,0.0,9.8,0.0,0.0,-6.1E-4,,,,,,,,,,14.350,-0.05,9.8,0.0,-0.1,9.8,0.0,0.0,0.0,14.350,-0.03,9.8,-0.1,0.1,9.8,0.0,0.0,6.1E-4,14.350,-0.05,9.8,-0.1,0.0,9.8,0.0,0.0,6.1E-4
14.400,-0.03,9.8,-0.3,0.0,9.8,0.0,0.0,0.0,14.400,-0.05,9.9,0.1,0.0,9.9,0.0,0.0,6.1E-4,,,,,,,,,,14.400,-0.05,9.9,0.0,0.0,9.9,0.0,0.0,6.1E-4,14.400,-0.03,9.8,-0.3,-0.1,9.8,0.0,0.0,-6.1E-4,14.400,-0.05,9.8,-0.1,0.0,9.8,0.0,0.0,-6.1E-4
14.450,-0.03,9.9,-0.3,0.0,9.9,0.0,0.0,0.0,14.450,-0.05,9.8,0.1,0.0,9.8,0.0,0.0,6.1E-4,,,,,,,,,,14.450,-0.04,9.8,0.0,0.0,9.8,-1.2E-4,0.0,0.0,14.450,-0.01,9.9,0.1,0.0,9.9,0.0,0.0,6.1E-4,14.450,-0.04,9.8,0.0,0.0,9.8,0.0,0.0,6.1E-4
14.500,-0.01,9.9,-0.3,0.0,9.9,0.0,0.0,0.0,14.500,-0.04,9.9,0.1,0.0,9.9,0.0,0.0,-6.1E-4,,,,,,,,,,14.500,-0.04,9.9,1.9E-4,-0.1,9.9,0.0,0.0,-6.1E-4,14.500,-0.03,9.8,0.1,0.0,9.8,0.0,0.0,6.1E-4,14.500,-0.06,9.8,-0.1,0.0,9.8,0.0,0.0,0.0
14.550,-0.01,9.8,-0.2,0.0,9.8,0.0,0.0,0.0,14.550,-0.04,9.9,0.2,0.0,9.9,0.0,0.0,0.0,,,,,,,,,,14.550,-0.04,9.9,0.0,0.0,9.9,0.0,0.0,6.1E-4,14.550,-0.02,9.8,-0.2,0.1,9.8,0.0,0.0,0.0,14.550,-0.05,9.8,-0.1,0.0,9.8,0.0,0.0,6.1E-4
14.600,-0.02,9.9,-0.3,0.0,9.9,0.0,0.0,0.0,14.600,-0.04,9.8,0.1,0.0,9.8,-1.2E-4,0.0,0.0,,,,,,,,,,14.600,-0.03,9.8,-0.1,0.0,9.8,0.0,0.0,-6.1E-4,14.600,-0.03,9.8,-0.1,-0.1,9.8,0.0,0.0,-6.1E-4,14.600,-0.05,9.8,0.0,0.0,9.8,0.0,0.0,-6.1E-4
14.650,-0.01,9.9,-0.3,0.0,9.9,0.0,0.0,0.0,14.650,-0.04,9.9,0.1,0.0,9.9,0.0,0.0,6.1E-4,,,,,,,,,,14.650,-0.03,9.8,0.0,0.0,9.8,0.0,0.0,-6.1E-4,14.650,-0.04,9.9,0.0,0.1,9.9,0.0,0.0,-6.1E-4,14.650,-0.06,9.8,-0.1,0.0,9.8,0.0,0.0,-6.1E-4
14.700,-0.01,9.8,-0.2,0.0,9.8,0.0,0.0,0.0,14.700,-0.04,9.8,0.1,0.0,9.8,0.0,0.0,0.0,,,,,,,,,,14.700,-0.04,9.8,0.0,-0.1,9.8,0.0,0.0,6.1E-4,14.700,-0.04,9.8,-0.1,0.0,9.8,0.0,0.0,6.1E-4,14.700,-0.06,9.8,-0.1,0.0,9.8,0.0,0.0,6.1E-4
14.750,-0.02,9.8,-0.3,0.0,9.8,0.0,0.0,0.0,14.750,-0.05,9.9,0.1,0.0,9.9,0.0,0.0,0.0,,,,,,,,,,14.750,-0.04,9.8,0.0,-0.1,9.8,-1.2E-4,0.0,0.0,14.750,-0.03,9.9,0.0,0.0,9.9,0.0,0.0,6.1E-4,14.750,-0.05,9.8,-0.1,0.0,9.8,0.0,0.0,6.1E-4
14.800,-0.02,9.9,-0.3,0.0,9.9,0.0,0.0,0.0,14.800,-0.04,9.8,0.1,0.0,9.8,0.0,0.0,0.0,,,,,,,,,,14.800,-0.05,9.9,0.0,0.0,9.9,0.0,0.0,0.0,14.800,-0.02,9.8,-0.2,-0.1,9.8,0.0,0.0,6.1E-4,14.800,-0.05,9.8,0.0,0.0,9.8,-1.2E-4,0.0,-6.1E-4
14.850,-0.02,9.8,-0.3,0.0,9.8,0.0,0.0,0.0,14.850,-0.05,9.9,0.2,0.1,9.9,0.0,0.0,6.1E-4,,,,,,,,,,14.850,-0.05,9.8,-0.1,0.0,9.8,0.0,0.0,0.0,14.850,-0.03,9.9,-0.1,0.1,9.9,0.0,0.0,0.0,14.850,-0.04,9.8,-0.1,0.0,9.8,0.0,0.0,-6.1E-4
14.900,-0.02,9.9,-0.3,0.0,9.9,0.0,0.0,0.0,14.900,-0.05,9.7,0.1,0.0,9.7,0.0,0.0,6.1E-4,,,,,,,,,,14.900,-0.04,9.9,0.0,0.0,9.9,0.0,0.0,0.0,14.900,-0.04,9.8,0.0,0.0,9.8,0.0,0.0,0.0,14.900,-0.04,9.8,-0.1,0.0,9.8,0.0,0.0,-6.1E-4
14.950,-0.01,9.8,-0.3,0.0,9.8,0.0,0.0,0.0,14.950,-0.05,9.8,0.1,0.1,9.8,0.0,0.0,-6.1E-4,,,,,,,,,,14.950,-0.05,9.8,0.0,-0.1,9.8,0.0,0.0,0.0,14.950,-0.03,9.8,0.0,0.0,9.8,0.0,0.0,-6.1E-4,14.950,-0.05,9.8,-0.1,0.0,9.8,0.0,0.0,0.0
15.000,-0.02,9.8,-0.2,0.0,9.8,0.0,0.0,0.0,15.000,-0.05,9.8,0.1,0.0,9.8,0.0,0.0,6.1E-4,,,,,,,,,,15.000,-0.06,9.9,-0.1,0.0,9.9,0.0,0.0,-6.1E-4,15.000,-0.03,9.8,-0.2,0.0,9.8,0.0,0.0,0.0,15.000,-0.04,9.8,-0.1,0.0,9.8,0.0,0.0,-6.1E-4
15.050,-0.03,9.9,-0.3,0.0,9.9,0.0,0.0,0.0,15.050,-0.05,9.9,0.1,0.0,9.9,0.0,0.0,0.0,,,,,,,,,,15.050,-0.06,9.8,0.1,-0.1,9.8,0.0,0.0,6.1E-4,15.050,-0.04,9.8,0.0,0.0,9.8,0.0,0.0,-6.1E-4,15.050,-0.05,9.8,-0.1,0.0,9.8,0.0,0.0,0.0
15.100,-0.02,9.9,-0.3,0.0,9.9,0.0,0.0,0.0,15.100,-0.05,9.8,0.1,0.0,9.8,0.0,0.0,0.0,,,,,,,,,,15.100,-0.05,9.8,-0.1,-0.1,9.8,0.0,0.0,0.0,15.100,-0.02,9.8,0.1,0.0,9.8,0.0,0.0,0.0,15.100,-0.05,9.8,-0.1,0.0,9.8,0.0,0.0,-6.1E-4
15.150,-0.01,9.8,-0.2,0.0,9.8,0.0,0.0,0.0,15.150,-0.06,9.8,0.1,0.1,9.8,0.0,0.0,-6.1E-4,,,,,,,,,,15.150,-0.04,9.8,0.0,0.0,9.8,0.0,0.0,6.1E-4,15.150,-0.03,9.8,-0.2,0.0,9.8,0.0,0.0,0.0,15.150,-0.05,9.8,-0.1,0.0,9.8,0.0,0.0,0.0
15.200,0.00,9.8,-0.3,0.0,9.8,0.0,0.0,0.0,15.200,-0.05,9.8,0.1,0.0,9.8,0.0,0.0,6.1E-4,,,,,,,,,,15.200,-0.05,9.8,0.0,-0.1,9.8,0.0,0.0,0.0,15.200,-0.03,9.8,-0.1,0.0,9.8,0.0,0.0,0.0,15.200,-0.05,9.8,-0.1,0.0,9.8,0.0,0.0,6.1E-4
15.250,0.00,9.9,-0.3,0.0,9.9,0.0,0.0,-6.1E-4,15.250,-0.05,9.8,0.1,0.1,9.8,0.0,0.0,-6.1E-4,,,,,,,,,,15.250,-0.05,9.8,0.0,0.0,9.8,0.0,0.0,-6.1E-4,15.250,-0.02,9.8,-0.1,0.0,9.8,0.0,0.0,0.0,15.250,-0.03,9.8,-0.1,0.0,9.8,0.0,0.0,0.0
15.300,-0.02,9.8,-0.3,0.0,9.8,0.0,0.0,0.0,15.300,-0.05,9.8,0.2,0.1,9.8,0.0,0.0,6.1E-4,,,,,,,,,,15.300,-0.06,9.9,1.9E-4,0.0,9.9,0.0,0.0,-6.1E-4,15.300,-0.02,9.9,0.0,0.1,9.9,0.0,0.0,0.0,15.300,-0.05,9.8,-0.1,0.0,9.8,0.0,0.0,0.0
15.350,-0.01,9.8,-0.3,0.0,9.9,0.0,0.0,0.0,15.350,-0.06,9.8,0.2,0.1,9.8,0.0,0.0,0.0,,,,,,,,,,15.350,-0.06,9.9,0.0,0.0,9.9,0.0,0.0,6.1E-4,15.350,-0.04,9.8,0.0,0.0,9.8,0.0,0.0,0.0,15.350,-0.04,9.8,-0.1,0.0,9.8,0.0,0.0,6.1E-4
15.400,-0.02,9.8,-0.2,0.0,9.8,0.0,0.0,0.0,15.400,-0.06,9.8,0.0,0.0,9.8,0.0,0.0,0.0,,,,,,,,,,15.400,-0.05,9.8,0.0,-0.1,9.8,0.0,0.0,0.0,15.400,-0.03,9.8,-0.2,0.1,9.8,0.0,0.0,-6.1E-4,15.400,-0.04,9.8,0.0,0.0,9.8,0.0,0.0,0.0
15.450,-0.02,9.8,-0.3,0.0,9.8,0.0,0.0,0.0,15.450,-0.05,9.9,0.2,0.0,9.9,0.0,0.0,0.0,,,,,,,,,,15.450,-0.06,9.9,0.0,0.0,9.9,0.0,0.0,0.0,15.450,-0.04,9.8,-0.1,0.0,9.8,0.0,0.0,-6.1E-4,15.450,-0.02,9.8,-0.1,0.0,9.8,0.0,0.0,-6.1E-4
15.500,-0.02,9.8,-0.2,0.0,9.8,0.0,0.0,0.0,15.500,-0.05,9.8,0.1,0.1,9.8,0.0,0.0,6.1E-4,,,,,,,,,,15.500,-0.04,9.8,-0.1,-0.1,9.8,0.0,0.0,0.0,15.500,-0.03,9.9,0.0,0.0,9.9,0.0,0.0,0.0,15.500,-0.04,9.8,-0.1,0.0,9.8,0.0,0.0,-6.1E-4
15.550,-0.03,9.8,-0.3,0.0,9.9,0.0,0.0,0.0,15.550,-0.04,9.9,0.2,0.0,9.9,-1.2E-4,0.0,6.1E-4,,,,,,,,,,15.550,-0.04,9.8,0.1,-0.1,9.8,0.0,0.0,0.0,15.550,-0.03,9.8,-0.1,0.0,9.8,0.0,0.0,0.0,15.550,-0.05,9.8,-0.1,0.0,9.8,0.0,0.0,-6.1E-4
15.600,-0.01,9.8,-0.3,0.0,9.8,0.0,0.0,0.0,15.600,-0.04,9.8,0.0,0.0,9.8,-1.2E-4,0.0,0.0,,,,,,,,,,15.600,-0.04,9.8,0.0,-0.1,9.8,0.0,0.0,-6.1E-4,15.600,-0.03,9.8,-0.1,0.0,9.8,0.0,0.0,0.0,15.600,-0.04,9.8,-0.1,0.0,9.8,0.0,0.0,0.0
15.650,-0.01,9.9,-0.3,0.0,9.9,0.0,0.0,0.0,15.650,-0.05,9.8,0.1,0.0,9.8,0.0,0.0,6.1E-4,,,,,,,,,,15.650,-0.05,9.8,-0.1,0.0,9.8,0.0,0.0,0.0,15.650,-0.03,9.8,-0.1,0.0,9.8,0.0,0.0,0.0,15.650,-0.04,9.8,-0.1,0.0,9.8,0.0,0.0,6.1E-4
15.700,-0.02,9.8,-0.2,0.0,9.8,0.0,0.0,0.0,15.700,-0.04,9.9,0.3,0.1,9.9,0.0,0.0,6.1E-4,,,,,,,,,,15.700,-0.04,9.8,0.0,-0.1,9.8,0.0,0.0,0.0,15.700,-0.02,9.8,0.0,0.0,9.8,-1.2E-4,0.0,6.1E-4,15.700,-0.03,9.8,-0.1,0.0,9.8,0.0,0.0,6.1E-4
15.750,-0.01,9.8,-0.3,0.0,9.8,0.0,0.0,0.0,15.750,-0.04,9.8,0.2,0.0,9.8,0.0,0.0,6.1E-4,,,,,,,,,,15.750,-0.04,9.9,0.0,0.0,9.9,0.0,0.0,-6.1E-4,15.750,-0.02,9.9,-0.1,0.1,9.9,0.0,0.0,-6.1E-4,15.750,-0.02,9.8,-0.1,0.0,9.8,0.0,0.0,0.0
15.800,0.00,9.9,-0.3,0.0,9.9,0.0,0.0,0.0,15.800,-0.03,9.8,0.0,0.0,9.8,0.0,0.0,0.0,,,,,,,,,,15.800,-0.05,9.8,0.0,-0.1,9.8,-1.2E-4,0.0,-6.1E-4,15.800,-0.01,9.8,-0.1,0.0,9.8,0.0,0.0,0.0,15.800,-0.03,9.8,-0.1,0.0,9.8,0.0,0.0,-6.1E-4
15.850,-0.01,9.8,-0.3,0.0,9.8,0.0,0.0,0.0,15.850,-0.04,9.8,0.2,0.0,9.8,0.0,0.0,6.1E-4,,,,,,,,,,15.850,-0.04,9.8,0.0,0.0,9.8,0.0,0.0,-6.1E-4,15.850,-0.02,9.8,0.0,0.0,9.8,0.0,0.0,0.0,15.850,-0.03,9.8,-0.1,0.0,9.8,0.0,0.0,-6.1E-4
15.900,-0.01,9.8,-0.2,0.0,9.8,0.0,0.0,0.0,15.900,-0.03,9.8,0.1,0.0,9.8,0.0,0.0,6.1E-4,,,,,,,,,,15.900,-0.05,9.8,0.0,-0.1,9.8,0.0,0.0,0.0,15.900,-0.03,9.8,-0.2,0.1,9.8,0.0,0.0,0.0,15.900,-0.04,9.8,-0.1,0.0,9.8,0.0,0.0,-6.1E-4
15.950,-0.01,9.8,-0.3,0.0,9.8,0.0,0.0,0.0,15.950,-0.04,9.8,0.1,0.0,9.8,0.0,0.0,6.1E-4,,,,,,,,,,15.950,-0.05,9.8,0.0,0.0,9.8,0.0,0.0,0.0,15.950,-0.04,9.8,0.0,0.0,9.8,0.0,0.0,6.1E-4,15.950,-0.04,9.8,-0.1,0.0,9.8,0.0,0.0,0.0
16.000,-0.01,9.9,-0.3,0.0,9.9,0.0,0.0,0.0,16.000,-0.03,10.0,0.1,0.0,10.0,0.0,0.0,0.0,,,,,,,,,,16.000,-0.06,9.9,0.0,-0.1,9.9,0.0,0.0,-6.1E-4,16.000,-0.04,9.9,0.0,0.0,9.9,0.0,0.0,0.0,16.000,-0.03,9.8,-0.1,0.0,9.8,0.0,0.0,6.1E-4
16.050,-0.01,9.8,-0.3,0.0,9.8,0.0,0.0,0.0,16.050,-0.03,9.8,0.2,0.1,9.8,0.0,0.0,0.0,,,,,,,,,,16.050,-0.04,9.9,0.0,0.0,9.9,0.0,0.0,-6.1E-4,16.050,-0.03,9.8,-0.2,0.1,9.8,0.0,0.0,0.0,16.050,-0.04,9.8,0.0,0.0,9.8,0.0,0.0,6.1E-4
16.100,-0.02,9.8,-0.3,0.0,9.8,0.0,0.0,-6.1E-4,16.100,-0.04,9.9,0.2,0.0,9.9,0.0,0.0,0.0,,,,,,,,,,16.100,-0.04,9.9,1.9E-4,-0.1,9.9,0.0,0.0,-6.1E-4,16.100,-0.02,9.8,-0.1,0.0,9.8,0.0,0.0,6.1E-4,16.100,-0.04,9.8,-0.2,0.0,9.8,0.0,0.0,-6.1E-4
16.150,-0.01,9.8,-0.3,0.0,9.8,0.0,0.0,-6.1E-4,16.150,-0.03,9.9,0.1,0.0,9.9,0.0,0.0,-6.1E-4,,,,,,,,,,16.150,-0.05,9.8,-0.1,0.0,9.8,0.0,0.0,-6.1E-4,16.150,-0.02,9.8,0.1,0.0,9.8,0.0,0.0,-6.1E-4,16.150,-0.04,9.8,0.0,0.0,9.8,0.0,0.0,6.1E-4
16.200,-0.01,9.8,-0.3,0.0,9.8,0.0,0.0,0.0,16.200,-0.03,9.8,0.0,0.0,9.8,0.0,0.0,0.0,,,,,,,,,,16.200,-0.05,9.9,0.0,-0.1,9.9,0.0,0.0,0.0,16.200,-0.02,9.8,-0.1,0.0,9.8,0.0,0.0,-6.1E-4,16.200,-0.04,9.8,0.0,0.0,9.8,0.0,0.0,-6.1E-4
16.250,-0.01,9.8,-0.2,0.1,9.8,0.0,0.0,-6.1E-4,16.250,-0.03,9.8,0.2,0.0,9.8,0.0,0.0,6.1E-4,,,,,,,,,,16.250,-0.04,9.8,0.1,-0.1,9.8,-1.2E-4,0.0,6.1E-4,16.250,-0.03,9.8,-0.2,0.0,9.8,0.0,0.0,0.0,16.250,-0.04,9.8,-0.1,0.0,9.8,0.0,0.0,-6.1E-4
16.300,-0.02,9.8,-0.2,0.0,9.8,0.0,0.0,-6.1E-4,16.300,-0.04,9.8,0.1,0.0,9.8,0.0,0.0,-6.1E-4,,,,,,,,,,16.300,-0.03,9.8,-0.1,0.0,9.8,0.0,0.0,-6.1E-4,16.300,-0.02,9.8,0.0,0.0,9.8,0.0,0.0,6.1E-4,16.300,-0.04,9.8,-0.1,0.0,9.8,0.0,0.0,-6.1E-4
16.350,-0.03,9.8,-0.3,0.0,9.8,0.0,0.0,0.0,16.350,-0.04,9.8,0.1,0.0,9.8,0.0,0.0,0.0,,,,,,,,,,16.350,-0.04,9.8,0.1,-0.1,9.8,0.0,0.0,-6.1E-4,16.350,-0.02,9.9,0.0,0.1,9.9,0.0,0.0,-6.1E-4,16.350,-0.04,9.8,-0.1,0.0,9.8,0.0,0.0,-6.1E-4
16.400,-0.02,9.8,-0.4,0.0,9.8,0.0,0.0,0.0,16.400,-0.03,9.8,0.1,0.0,9.8,0.0,0.0,6.1E-4,,,,,,,,,,16.400,-0.04,9.8,0.0,0.0,9.8,-1.2E-4,0.0,0.0,16.400,-0.02,9.8,-0.1,0.0,9.8,0.0,0.0,0.0,16.400,-0.04,9.8,-0.1,0.0,9.8,0.0,0.0,-6.1E-4
16.450,-0.02,9.8,-0.2,0.0,9.8,0.0,0.0,0.0,16.450,-0.03,9.8,0.1,0.0,9.8,0.0,0.0,6.1E-4,,,,,,,,,,16.450,-0.05,9.8,0.0,-0.1,9.8,0.0,0.0,0.0,16.450,-0.04,9.8,0.0,0.0,9.8,0.0,0.0,0.0,16.450,-0.04,9.8,-0.1,0.0,9.8,0.0,0.0,6.1E-4
16.500,-0.03,9.9,-0.1,0.0,9.9,0.0,0.0,6.1E-4,16.500,-0.04,9.8,0.1,0.0,9.8,0.0,0.0,-6.1E-4,,,,,,,,,,16.500,-0.05,9.9,0.0,0.0,9.9,0.0,0.0,-6.1E-4,16.500,-0.04,9.8,-0.2,0.0,9.8,0.0,0.0,0.0,16.500,-0.04,9.8,-0.1,0.0,9.8,0.0,0.0,-6.1E-4
16.550,-0.03,9.8,-0.4,0.0,9.8,0.0,0.0,0.0,16.550,-0.03,9.8,0.1,0.0,9.8,0.0,0.0,6.1E-4,,,,,,,,,,16.550,-0.05,9.8,0.0,-0.1,9.8,0.0,0.0,0.0,16.550,-0.04,9.8,-0.1,0.0,9.8,0.0,0.0,-6.1E-4,16.550,-0.04,9.8,-0.1,0.0,9.8,0.0,0.0,-6.1E-4
16.600,-0.02,9.8,-0.4,0.0,9.8,0.0,0.0,-6.1E-4,16.600,-0.04,9.8,0.2,0.0,9.8,0.0,0.0,0.0,,,,,,,,,,16.600,-0.05,9.8,0.0,0.0,9.8,0.0,0.0,-6.1E-4,16.600,-0.03,9.9,0.0,0.0,9.9,0.0,0.0,6.1E-4,16.600,-0.04,9.8,-0.1,0.0,9.8,0.0,0.0,0.0
16.650,-0.03,9.8,-0.1,0.0,9.8,0.0,0.0,0.0,16.650,-0.04,9.8,0.1,0.1,9.8,0.0,0.0,0.0,,,,,,,,,,16.650,-0.06,9.8,0.0,-0.1,9.8,0.0,0.0,-6.1E-4,16.650,-0.02,9.8,0.0,0.0,9.8,0.0,0.0,6.1E-4,16.650,-0.04,9.8,-0.1,0.0,9.8,0.0,0.0,-6.1E-4
16.700,-0.02,9.8,-0.2,0.0,9.8,0.0,0.0,0.0,16.700,-0.02,9.8,0.2,0.0,9.8,0.0,0.0,6.1E-4,,,,,,,,,,16.700,-0.05,9.8,1.9E-4,0.0,9.8,0.0,0.0,0.0,16.700,-0.02,9.8,-0.2,0.0,9.8,0.0,0.0,-6.1E-4,16.700,-0.05,9.8,-0.1,0.0,9.8,0.0,0.0,-6.1E-4
16.750,-0.02,9.8,-0.5,0.0,9.8,0.0,0.0,0.0,16.750,-0.02,9.8,0.1,0.0,9.8,0.0,0.0,0.0,,,,,,,,,,16.750,-0.05,9.9,0.0,0.0,9.9,0.0,0.0,-6.1E-4,16.750,-0.03,9.9,0.0,0.0,9.9,0.0,0.0,6.1E-4,16.750,-0.04,9.8,-0.1,0.0,9.8,0.0,0.0,6.1E-4
16.800,-0.01,9.8,-0.3,0.0,9.8,0.0,0.0,-6.1E-4,16.800,-0.04,9.8,0.1,0.0,9.8,0.0,0.0,6.1E-4,,,,,,,,,,16.800,-0.05,9.8,0.0,0.0,9.8,0.0,0.0,-6.1E-4,16.800,-0.02,9.9,0.0,0.1,9.9,0.0,0.0,6.1E-4,16.800,-0.04,9.8,-0.1,0.0,9.8,0.0,0.0,6.1E-4
16.850,-0.02,9.8,-0.1,0.0,9.8,0.0,0.0,0.0,16.850,-0.04,9.8,0.1,0.0,9.8,0.0,0.0,6.1E-4,,,,,,,,,,16.850,-0.05,9.8,0.0,-0.1,9.8,0.0,0.0,-6.1E-4,16.850,-0.02,9.8,-0.1,0.0,9.8,-1.2E-4,0.0,-6.1E-4,16.850,-0.04,9.8,-0.1,0.0,9.8,0.0,0.0,-6.1E-4
16.900,-0.02,9.8,-0.4,0.0,9.8,0.0,0.0,0.0,16.900,-0.05,9.8,0.1,0.0,9.8,0.0,0.0,0.0,,,,,,,,,,16.900,-0.05,9.9,0.0,0.0,9.9,0.0,0.0,-6.1E-4,16.900,-0.03,9.8,-0.1,0.0,9.8,0.0,0.0,-6.1E-4,16.900,-0.03,9.8,-0.1,0.0,9.8,0.0,0.0,-6.1E-4
16.950,-0.03,9.8,-0.4,0.0,9.8,0.0,0.0,0.0,16.950,-0.05,9.8,0.2,0.0,9.8,0.0,0.0,-6.1E-4,,,,,,,,,,16.950,-0.05,9.9,0.0,0.0,9.9,-1.2E-4,0.0,0.0,16.950,-0.04,9.8,0.0,0.0,9.8,0.0,0.0,0.0,16.950,-0.04,9.8,0.0,0.0,9.8,0.0,0.0,6.1E-4
17.000,-0.02,9.8,-0.2,0.0,9.8,0.0,0.0,0.0,17.000,-0.04,9.8,0.1,0.0,9.8,0.0,0.0,-6.1E-4,,,,,,,,,,17.000,-0.04,9.9,0.0,0.0,9.9,0.0,0.0,-6.1E-4,17.000,-0.03,9.8,0.0,0.1,9.8,0.0,0.0,0.0,17.000,-0.04,9.8,-0.1,0.0,9.8,0.0,0.0,-6.1E-4
17.050,-0.02,9.8,-0.2,0.0,9.8,0.0,0.0,0.0,17.050,-0.04,9.9,0.1,0.0,9.9,0.0,0.0,6.1E-4,,,,,,,,,,17.050,-0.05,9.8,-0.1,0.0,9.8,0.0,0.0,0.0,17.050,-0.02,9.8,-0.1,0.0,9.8,0.0,0.0,6.1E-4,17.050,-0.03,9.8,-0.1,0.0,9.8,0.0,0.0,-6.1E-4
17.100,-0.02,9.8,-0.3,0.0,9.8,0.0,0.0,0.0,17.100,-0.04,9.8,0.1,0.1,9.8,0.0,0.0,0.0,,,,,,,,,,17.100,-0.05,9.9,0.0,0.0,9.9,0.0,0.0,-6.1E-4,17.100,-0.02,9.8,-0.1,0.0,9.8,0.0,0.0,0.0,17.100,-0.05,9.8,-0.1,0.0,9.8,0.0,0.0,6.1E-4
17.150,-0.03,9.9,-0.3,0.0,9.9,0.0,0.0,0.0,17.150,-0.05,9.8,0.1,0.0,9.8,0.0,0.0,6.1E-4,,,,,,,,,,17.150,-0.05,9.9,1.9E-4,0.0,9.9,0.0,0.0,0.0,17.150,-0.02,9.8,0.0,0.0,9.8,0.0,0.0,-6.1E-4,17.150,-0.05,9.8,-0.1,0.0,9.8,0.0,0.0,-6.1E-4
17.200,-0.02,9.8,-0.2,0.0,9.8,0.0,0.0,0.0,17.200,-0.03,9.8,0.1,0.0,9.8,0.0,0.0,6.1E-4,,,,,,,,,,17.200,-0.05,9.8,0.0,-0.1,9.8,0.0,0.0,0.0,17.200,-0.04,9.8,-0.1,0.0,9.8,0.0,0.0,6.1E-4,17.200,-0.04,9.8,-0.1,0.0,9.8,0.0,0.0,-6.1E-4
17.250,-0.02,9.8,-0.2,0.0,9.8,0.0,0.0,0.0,17.250,-0.02,9.8,0.1,0.0,9.8,0.0,0.0,6.1E-4,,,,,,,,,,17.250,-0.05,9.9,1.9E-4,0.0,9.9,0.0,0.0,-6.1E-4,17.250,-0.03,9.8,-0.1,0.0,9.8,-1.2E-4,0.0,0.0,17.250,-0.04,9.8,-0.1,0.0,9.8,0.0,0.0,-6.1E-4
17.300,-0.02,9.9,-0.3,0.0,9.9,0.0,0.0,0.0,17.300,-0.03,9.9,0.1,0.1,9.9,0.0,0.0,6.1E-4,,,,,,,,,,17.300,-0.06,9.8,0.0,-0.1,9.8,0.0,0.0,-6.1E-4,17.300,-0.02,9.8,-0.1,0.0,9.8,0.0,0.0,6.1E-4,17.300,-0.05,9.8,-0.1,0.0,9.8,0.0,0.0,-6.1E-4
17.350,-0.02,9.9,-0.3,0.0,9.9,0.0,0.0,0.0,17.350,-0.02,9.8,0.1,0.0,9.8,0.0,0.0,-6.1E-4,,,,,,,,,,17.350,-0.05,9.8,0.0,0.0,9.8,0.0,0.0,-6.1E-4,17.350,-0.03,9.9,0.0,0.0,9.9,0.0,0.0,-6.1E-4,17.350,-0.06,9.8,-0.1,0.0,9.8,0.0,0.0,-6.1E-4
17.400,-0.03,9.8,-0.2,0.0,9.8,0.0,0.0,-6.1E-4,17.400,-0.03,9.8,0.1,0.0,9.8,0.0,0.0,6.1E-4,,,,,,,,,,17.400,-0.05,9.8,1.9E-4,-0.1,9.8,0.0,0.0,0.0,17.400,-0.02,9.8,-0.1,0.0,9.8,0.0,0.0,6.1E-4,17.400,-0.04,9.8,-0.1,0.0,9.8,0.0,0.0,6.1E-4
17.450,-0.03,9.8,-0.2,0.0,9.8,0.0,0.0,0.0,17.450,-0.02,9.8,0.0,0.0,9.8,0.0,0.0,0.0,,,,,,,,,,17.450,-0.06,9.8,-0.1,0.0,9.8,0.0,0.0,0.0,17.450,-0.04,9.8,-0.1,0.0,9.8,0.0,0.0,6.1E-4,17.450,-0.04,9.8,-0.1,0.0,9.8,0.0,0.0,6.1E-4
17.500,-0.02,9.9,-0.3,0.0,9.9,0.0,0.0,0.0,17.500,-0.02,9.9,0.3,0.1,9.9,0.0,0.0,0.0,,,,,,,,,,17.500,-0.06,9.8,0.0,-0.1,9.8,-1.2E-4,0.0,6.1E-4,17.500,-0.02,9.8,-0.1,0.0,9.8,0.0,0.0,6.1E-4,17.500,-0.06,9.8,-0.1,0.0,9.8,0.0,0.0,-6.1E-4
17.550,-7.51E-10,9.8,-0.4,0.0,9.8,0.0,0.0,0.0,17.550,-0.02,9.8,0.0,0.0,9.8,0.0,0.0,0.0,,,,,,,,,,17.550,-0.05,9.8,-0.1,0.0,9.8,0.0,0.0,-6.1E-4,17.550,-0.04,9.8,0.0,0.0,9.8,0.0,0.0,-6.1E-4,17.550,-0.06,9.8,-0.1,0.0,9.8,0.0,0.0,-6.1E-4
17.600,0.01,9.8,-0.2,0.0,9.8,0.0,0.0,0.0,17.600,-0.02,9.8,0.1,0.0,9.8,0.0,0.0,-6.1E-4,,,,,,,,,,17.600,-0.05,9.8,0.1,-0.1,9.8,0.0,0.0,0.0,17.600,-0.03,9.8,-0.1,0.0,9.8,0.0,0.0,0.0,17.600,-0.06,9.8,-0.1,0.0,9.8,0.0,0.0,6.1E-4
17.650,-0.01,9.8,-0.3,0.0,9.8,0.0,0.0,0.0,17.650,-0.02,9.8,0.1,0.0,9.8,0.0,0.0,6.1E-4,,,,,,,,,,17.650,-0.05,9.9,-0.1,0.0,9.9,0.0,0.0,0.0,17.650,-0.03,9.8,-0.1,0.0,9.8,0.0,0.0,6.1E-4,17.650,-0.06,9.8,-0.1,0.0,9.8,0.0,0.0,-6.1E-4
17.700,-0.01,9.8,-0.3,0.0,9.8,0.0,0.0,0.0,17.700,-0.02,9.8,0.1,0.0,9.8,0.0,0.0,0.0,,,,,,,,,,17.700,-0.06,9.8,0.1,-0.1,9.8,0.0,0.0,6.1E-4,17.700,-0.03,9.8,-0.1,0.0,9.8,0.0,0.0,-6.1E-4,17.700,-0.05,10.0,-0.1,0.0,10.0,0.0,0.0,0.0
17.750,-0.02,9.8,-0.3,0.0,9.8,0.0,0.0,-6.1E-4,17.750,-0.04,9.8,0.0,0.0,9.8,0.0,0.0,0.0,,,,,,,,,,17.750,-0.06,9.8,-0.1,0.0,9.8,-1.2E-4,0.0,0.0,17.750,-0.02,9.8,0.0,0.0,9.8,0.0,0.0,-6.1E-4,17.750,-0.05,9.9,0.0,0.0,9.9,0.0,0.0,0.0
17.800,-0.01,9.8,-0.2,0.0,9.8,0.0,0.0,0.0,17.800,-0.03,9.8,0.2,0.0,9.8,0.0,0.0,0.0,,,,,,,,,,17.800,-0.06,9.8,0.1,-0.1,9.8,-1.2E-4,0.0,0.0,17.800,-0.02,9.8,-0.1,0.0,9.8,0.0,0.0,6.1E-4,17.800,-0.06,9.7,-0.2,0.1,9.7,0.0,0.0,0.0
17.850,-0.01,9.8,-0.3,0.0,9.9,0.0,0.0,0.0,17.850,-0.02,9.8,0.0,0.0,9.8,0.0,0.0,-6.1E-4,,,,,,,,,,17.850,-0.06,9.8,-0.2,0.0,9.8,0.0,0.0,0.0,17.850,-0.03,9.8,-0.1,0.0,9.8,0.0,0.0,-6.1E-4,17.850,-0.06,9.9,0.0,0.0,9.9,0.0,0.0,0.0
17.900,-0.01,9.8,-0.3,0.0,9.8,0.0,0.0,-6.1E-4,17.900,-0.03,9.9,0.2,0.1,9.9,-1.2E-4,0.0,-6.1E-4,,,,,,,,,,17.900,-0.05,9.8,0.1,0.0,9.8,0.0,0.0,0.0,17.900,-0.03,9.8,-0.1,0.0,9.8,0.0,0.0,-6.1E-4,17.900,-0.07,9.9,-0.1,0.0,9.9,-1.2E-4,0.0,-6.1E-4
17.950,-0.02,9.9,-0.3,0.0,9.9,0.0,0.0,0.0,17.950,-0.03,9.8,0.0,0.0,9.8,0.0,0.0,-6.1E-4,,,,,,,,,,17.950,-0.05,9.8,-0.1,-0.1,9.8,0.0,0.0,0.0,17.950,-0.03,9.8,-0.1,0.0,9.8,0.0,0.0,6.1E-4,17.950,-0.06,9.7,-0.1,0.1,9.7,0.0,0.0,0.0
18.000,-0.03,9.8,-0.3,0.0,9.8,0.0,0.0,0.0,18.000,-0.02,9.9,0.1,0.0,9.9,0.0,0.0,-6.1E-4,,,,,,,,,,18.000,-0.04,9.8,0.0,0.0,9.8,0.0,0.0,-6.1E-4,18.000,-0.02,9.8,-0.1,0.0,9.8,0.0,0.0,-6.1E-4,18.000,-0.06,9.9,1.9E-4,0.0,9.9,0.0,0.0,0.0
18.050,-0.02,9.8,-0.3,0.0,9.8,0.0,0.0,0.0,18.050,-0.03,9.8,0.1,0.0,9.8,0.0,0.0,0.0,,,,,,,,,,18.050,-0.06,9.8,0.0,0.0,9.8,0.0,0.0,-6.1E-4,18.050,-0.03,9.8,-0.1,0.0,9.8,0.0,0.0,6.1E-4,18.050,-0.06,9.9,-0.1,0.0,9.9,0.0,0.0,0.0
18.100,-0.02,9.9,-0.3,0.0,9.9,0.0,0.0,0.0,18.100,-0.03,9.8,0.1,0.0,9.8,0.0,0.0,6.1E-4,,,,,,,,,,18.100,-0.05,9.8,-0.1,-0.1,9.8,0.0,0.0,6.1E-4,18.100,-0.03,9.8,-0.1,0.0,9.8,0.0,0.0,-6.1E-4,18.100,-0.05,9.8,0.0,0.0,9.8,0.0,0.0,0.0
18.150,-0.01,9.8,-0.3,0.0,9.8,0.0,0.0,0.0,18.150,-0.03,9.8,0.1,0.0,9.8,0.0,0.0,6.1E-4,,,,,,,,,,18.150,-0.05,9.9,0.0,0.0,9.9,0.0,0.0,0.0,18.150,-0.02,9.8,0.0,0.0,9.8,0.0,0.0,-6.1E-4,18.150,-0.04,9.8,-0.2,0.0,9.8,0.0,0.0,0.0
18.200,-0.03,9.8,-0.2,0.0,9.8,0.0,0.0,-6.1E-4,18.200,-0.03,9.8,0.1,0.0,9.8,0.0,0.0,0.0,,,,,,,,,,18.200,-0.05,9.8,0.0,-0.1,9.8,-1.2E-4,0.0,6.1E-4,18.200,-0.02,9.8,-0.1,0.0,9.8,-1.2E-4,0.0,-6.1E-4,18.200,-0.05,9.8,0.0,0.0,9.8,0.0,0.0,-6.1E-4
18.250,-0.02,9.8,-0.3,0.0,9.8,0.0,0.0,0.0,18.250,-0.02,9.8,0.1,0.0,9.8,0.0,0.0,6.1E-4,,,,,,,,,,18.250,-0.05,9.9,-0.1,0.0,9.9,0.0,0.0,6.1E-4,18.250,-0.04,9.8,-0.1,0.0,9.8,0.0,0.0,0.0,18.250,-0.05,9.8,-0.1,0.0,9.8,0.0,0.0,0.0
18.300,-0.03,9.8,-0.3,0.0,9.8,0.0,0.0,-6.1E-4,18.300,-0.03,9.8,0.1,0.0,9.8,0.0,0.0,0.0,,,,,,,,,,18.300,-0.06,9.8,0.1,-0.1,9.8,0.0,0.0,0.0,18.300,-0.03,9.8,-0.1,0.0,9.8,0.0,0.0,0.0,18.300,-0.05,9.8,-0.1,0.0,9.8,-1.2E-4,0.0,0.0
18.350,-0.03,9.9,-0.1,0.0,9.9,0.0,0.0,-6.1E-4,18.350,-0.04,9.8,0.1,0.0,9.8,0.0,0.0,0.0,,,,,,,,,,18.350,-0.06,9.8,0.0,-0.1,9.8,0.0,0.0,-6.1E-4,18.350,-0.02,9.8,0.0,0.1,9.8,0.0,0.0,0.0,18.350,-0.04,9.8,-0.1,0.0,9.8,0.0,0.0,0.0
18.400,-0.02,9.8,-0.2,0.0,9.8,0.0,0.0,0.0,18.400,-0.02,9.8,0.1,0.0,9.8,0.0,0.0,6.1E-4,,,,,,,,,,18.400,-0.06,9.8,0.0,-0.1,9.8,0.0,0.0,0.0,18.400,-0.01,9.9,-0.1,0.0,9.9,0.0,0.0,0.0,18.400,-0.05,9.8,-0.1,0.0,9.8,0.0,0.0,0.0
18.450,0.00,9.8,-0.4,0.0,9.8,0.0,0.0,0.0,18.450,-0.03,9.8,0.1,0.0,9.8,0.0,0.0,-6.1E-4,,,,,,,,,,18.450,-0.06,9.9,0.0,0.0,9.9,0.0,0.0,6.1E-4,18.450,-0.01,9.8,0.0,0.0,9.8,-1.2E-4,0.0,6.1E-4,18.450,-0.05,9.8,-0.1,0.0,9.8,0.0,0.0,-6.1E-4
18.500,-0.02,9.9,-0.3,0.0,9.9,0.0,0.0,6.1E-4,18.500,-0.01,9.8,0.1,0.0,9.8,0.0,0.0,0.0,,,,,,,,,,18.500,-0.05,9.8,0.0,-0.1,9.8,0.0,0.0,0.0,18.500,-0.03,9.8,-0.2,0.0,9.8,0.0,0.0,0.0,18.500,-0.04,9.8,-0.1,0.0,9.8,0.0,0.0,0.0
18.550,-0.02,9.8,-0.2,0.0,9.8,0.0,0.0,0.0,18.550,-0.02,9.8,0.1,0.0,9.8,0.0,0.0,6.1E-4,,,,,,,,,,18.550,-0.05,9.9,-0.1,0.0,9.9,0.0,0.0,-6.1E-4,18.550,-0.02,9.8,0.0,0.0,9.8,0.0,0.0,-6.1E-4,18.550,-0.05,9.8,0.0,0.1,9.8,0.0,0.0,-6.1E-4
18.600,-0.02,9.9,-0.3,0.0,9.9,0.0,0.0,0.0,18.600,-0.02,9.9,0.2,0.0,9.9,0.0,0.0,-6.1E-4,,,,,,,,,,18.600,-0.05,9.8,0.0,-0.1,9.8,0.0,0.0,0.0,18.600,-0.01,9.9,0.0,0.1,9.9,0.0,0.0,6.1E-4,18.600,-0.05,9.9,0.0,0.0,9.9,0.0,0.0,6.1E-4
18.650,-0.01,9.9,-0.3,0.1,9.9,0.0,0.0,0.0,18.650,-0.02,9.8,0.0,0.0,9.8,0.0,0.0,-6.1E-4,,,,,,,,,,18.650,-0.05,9.9,0.0,0.0,9.9,0.0,0.0,0.0,18.650,-0.01,9.8,-0.2,0.0,9.8,0.0,0.0,-6.1E-4,18.650,-0.04,9.8,-0.1,-0.1,9.8,0.0,0.0,-6.1E-4
18.700,-0.01,9.8,-0.4,0.0,9.8,0.0,0.0,0.0,18.700,-0.03,9.9,0.2,0.0,9.9,0.0,0.0,6.1E-4,,,,,,,,,,18.700,-0.05,9.8,0.0,-0.1,9.8,0.0,0.0,6.1E-4,18.700,-0.02,9.8,-0.1,0.0,9.8,0.0,0.0,-6.1E-4,18.700,-0.04,9.8,-0.1,0.0,9.8,0.0,0.0,0.0
18.750,-0.01,9.9,-0.1,0.1,9.9,0.0,0.0,0.0,18.750,-0.03,9.8,0.1,0.0,9.8,0.0,0.0,6.1E-4,,,,,,,,,,18.750,-0.05,9.8,0.0,-0.1,9.8,0.0,0.0,0.0,18.750,-0.01,9.9,0.0,0.0,9.9,0.0,0.0,0.0,18.750,-0.05,9.8,0.0,0.0,9.8,0.0,0.0,0.0
18.800,-0.01,9.8,-0.3,-0.1,9.8,0.0,0.0,0.0,18.800,-0.03,9.8,0.1,0.0,9.8,0.0,0.0,-6.1E-4,,,,,,,,,,18.800,-0.05,9.9,0.0,0.0,9.9,0.0,0.0,6.1E-4,18.800,-0.02,9.8,-0.1,0.1,9.8,0.0,0.0,0.0,18.800,-0.04,9.9,0.0,0.0,9.9,0.0,0.0,6.1E-4
18.850,-0.01,9.9,-0.3,0.1,9.9,0.0,0.0,-6.1E-4,18.850,-0.02,9.8,0.1,0.0,9.8,0.0,0.0,6.1E-4,,,,,,,,,,18.850,-0.03,9.8,-0.1,0.0,9.8,0.0,0.0,0.0,18.850,-0.02,9.8,-0.1,0.0,9.8,0.0,0.0,0.0,18.850,-0.05,9.9,-0.2,0.0,9.9,0.0,0.0,-6.1E-4
18.900,-0.02,9.8,-0.3,0.0,9.8,0.0,0.0,0.0,18.900,-0.02,9.8,0.1,0.0,9.8,0.0,0.0,-6.1E-4,,,,,,,,,,18.900,-0.03,9.9,0.0,0.0,9.9,0.0,0.0,6.1E-4,18.900,-0.02,9.8,0.0,0.0,9.8,0.0,0.0,0.0,18.900,-0.05,9.8,-0.2,0.0,9.8,0.0,0.0,0.0
18.950,-0.02,9.9,-0.3,0.0,9.9,0.0,0.0,6.1E-4,18.950,-0.03,9.8,0.1,0.0,9.8,0.0,0.0,6.1E-4,,,,,,,,,,18.950,-0.03,9.8,-0.1,-0.1,9.8,0.0,0.0,0.0,18.950,-0.02,9.8,0.0,0.1,9.8,0.0,0.0,0.0,18.950,-0.03,9.8,0.0,0.0,9.8,0.0,0.0,6.1E-4
19.000,-0.03,9.8,-0.2,0.0,9.8,0.0,0.0,0.0,19.000,-0.03,9.8,0.1,0.0,9.8,0.0,0.0,0.0,,,,,,,,,,19.000,-0.04,9.9,0.0,0.0,9.9,0.0,0.0,0.0,19.000,-0.02,9.8,-0.2,0.0,9.8,0.0,0.0,0.0,19.000,-0.03,9.8,0.0,0.0,9.8,0.0,0.0,-6.1E-4
19.050,-0.03,9.8,-0.2,0.0,9.8,0.0,0.0,0.0,19.050,-0.02,9.8,0.1,0.0,9.8,0.0,0.0,-6.1E-4,,,,,,,,,,19.050,-0.04,9.8,-0.1,0.0,9.8,0.0,0.0,0.0,19.050,-0.01,9.8,0.1,0.0,9.8,0.0,0.0,0.0,19.050,-0.03,9.9,-0.1,0.0,9.9,0.0,0.0,-6.1E-4
19.100,-0.04,9.8,-0.2,0.0,9.8,0.0,0.0,0.0,19.100,-0.04,9.8,0.1,0.0,9.8,0.0,0.0,6.1E-4,,,,,,,,,,19.100,-0.05,9.8,0.1,-0.1,9.8,0.0,0.0,0.0,19.100,-0.03,9.8,0.0,0.0,9.8,0.0,0.0,6.1E-4,19.100,-0.03,9.8,0.0,0.0,9.8,0.0,0.0,6.1E-4
19.150,-0.02,9.9,-0.3,0.0,9.9,0.0,0.0,0.0,19.150,-0.03,9.9,0.1,0.0,9.9,0.0,0.0,0.0,,,,,,,,,,19.150,-0.04,9.8,-0.1,0.0,9.8,0.0,0.0,0.0,19.150,-0.03,9.8,-0.2,0.0,9.8,0.0,0.0,0.0,19.150,-0.03,9.8,-0.1,0.0,9.8,0.0,0.0,6.1E-4
19.200,-0.02,9.8,-0.3,-0.1,9.8,0.0,0.0,0.0,19.200,-0.03,9.8,0.1,0.0,9.8,0.0,0.0,6.1E-4,,,,,,,,,,19.200,-0.04,9.8,0.1,-0.1,9.8,0.0,0.0,0.0,19.200,-0.03,9.8,-0.1,0.0,9.8,0.0,0.0,6.1E-4,19.200,-0.04,9.8,-0.1,0.0,9.8,0.0,0.0,-6.1E-4
19.250,-0.02,9.9,-0.2,0.0,9.9,0.0,0.0,-6.1E-4,19.250,-0.03,9.8,0.1,0.0,9.8,0.0,0.0,-6.1E-4,,,,,,,,,,19.250,-0.05,9.8,-0.1,0.0,9.8,0.0,0.0,0.0,19.250,-0.02,9.9,0.0,0.1,9.9,-1.2E-4,0.0,0.0,19.250,-0.03,9.8,-0.1,0.0,9.8,0.0,0.0,6.1E-4
19.300,-0.03,9.8,-0.2,-0.1,9.8,0.0,0.0,0.0,19.300,-0.03,9.8,0.1,0.0,9.8,0.0,0.0,6.1E-4,,,,,,,,,,19.300,-0.06,9.9,0.0,0.0,9.9,0.0,0.0,0.0,19.300,-0.03,9.8,-0.1,0.0,9.8,0.0,0.0,-6.1E-4,19.300,-0.04,9.8,-0.1,0.0,9.8,0.0,0.0,0.0
19.350,-0.04,9.8,-0.3,0.0,9.8,0.0,0.0,6.1E-4,19.350,-0.01,9.8,0.0,0.0,9.8,0.0,0.0,6.1E-4,,,,,,,,,,19.350,-0.05,9.9,0.0,0.0,9.9,0.0,0.0,0.0,19.350,-0.03,9.8,-0.1,0.0,9.8,0.0,0.0,6.1E-4,19.350,-0.04,9.8,0.0,0.0,9.8,0.0,0.0,-6.1E-4
19.400,-0.04,9.9,-0.3,-0.1,9.9,0.0,-1.2E-4,0.0,19.400,-0.04,9.8,0.2,0.1,9.8,0.0,0.0,-6.1E-4,,,,,,,,,,19.400,-0.05,9.8,-0.1,-0.1,9.8,0.0,0.0,0.0,19.400,-0.03,9.8,-0.1,0.0,9.8,0.0,0.0,-6.1E-4,19.400,-0.05,9.8,-0.1,0.0,9.8,0.0,0.0,-6.1E-4
19.450,-0.04,9.8,-0.4,0.0,9.8,0.0,0.0,6.1E-4,19.450,-0.03,9.8,0.1,-0.1,9.8,0.0,0.0,0.0,,,,,,,,,,19.450,-0.05,9.9,0.0,0.0,9.9,0.0,0.0,0.0,19.450,-0.04,9.8,0.0,0.0,9.8,0.0,0.0,6.1E-4,19.450,-0.05,9.8,-0.1,0.0,9.8,0.0,0.0,-6.1E-4
19.500,-0.03,9.8,-0.2,0.0,9.8,0.0,0.0,0.0,19.500,-0.02,9.8,0.1,0.0,9.8,0.0,0.0,0.0,,,,,,,,,,19.500,-0.06,9.8,-0.1,0.0,9.8,0.0,0.0,0.0,19.500,-0.03,9.8,-0.1,0.0,9.8,0.0,0.0,0.0,19.500,-0.04,9.9,0.0,0.1,9.9,0.0,0.0,0.0
19.550,-0.04,9.8,-0.1,-0.1,9.8,0.0,0.0,0.0,19.550,-0.02,9.8,0.1,0.0,9.8,0.0,0.0,6.1E-4,,,,,,,,,,19.550,-0.06,9.9,0.0,0.0,9.9,0.0,0.0,0.0,19.550,-0.02,9.8,0.0,0.0,9.8,0.0,0.0,0.0,19.550,-0.04,9.8,-0.1,0.0,9.8,0.0,0.0,0.0
19.600,-0.03,9.8,-0.3,0.0,9.8,0.0,0.0,0.0,19.600,-0.03,9.9,0.1,0.1,9.9,0.0,0.0,-6.1E-4,,,,,,,,,,19.600,-0.05,9.8,-0.1,0.0,9.8,0.0,0.0,0.0,19.600,-0.03,9.8,-0.2,0.0,9.8,0.0,0.0,0.0,19.600,-0.06,9.8,-0.1,0.0,9.8,0.0,0.0,-6.1E-4
19.650,-0.03,9.8,-0.3,0.1,9.9,0.0,0.0,0.0,19.650,-0.04,9.8,0.1,-0.1,9.8,0.0,0.0,0.0,,,,,,,,,,19.650,-0.06,9.8,0.1,0.0,9.8,0.0,0.0,0.0,19.650,-0.02,9.9,0.0,0.0,9.9,0.0,0.0,6.1E-4,19.650,-0.06,9.8,-0.1,0.0,9.8,0.0,0.0,0.0
19.700,-0.02,9.9,-0.3,0.0,9.9,0.0,0.0,-6.1E-4,19.700,-0.04,9.9,0.1,0.1,9.9,0.0,0.0,6.1E-4,,,,,,,,,,19.700,-0.06,9.8,-0.1,0.0,9.8,0.0,0.0,0.0,19.700,-0.02,9.8,-0.1,0.0,9.8,0.0,0.0,6.1E-4,19.700,-0.05,9.8,-0.1,0.0,9.8,0.0,0.0,6.1E-4
19.750,-0.02,9.8,-0.3,0.0,9.8,0.0,0.0,0.0,19.750,-0.03,9.8,0.1,0.0,9.8,0.0,0.0,-6.1E-4,,,,,,,,,,19.750,-0.05,9.8,0.1,0.0,9.8,0.0,0.0,0.0,19.750,-0.02,9.8,-0.1,0.0,9.8,0.0,0.0,-6.1E-4,19.750,-0.05,9.8,-0.1,0.0,9.8,0.0,0.0,-6.1E-4
19.800,-0.02,9.8,-0.3,0.0,9.8,0.0,0.0,-6.1E-4,19.800,-0.02,9.8,0.1,0.0,9.8,0.0,0.0,-6.1E-4,,,,,,,,,,19.800,-0.06,9.8,0.0,0.0,9.8,0.0,0.0,0.0,19.800,-0.02,9.8,-0.1,0.0,9.8,0.0,0.0,-6.1E-4,19.800,-0.05,9.8,-0.1,0.0,9.8,-1.2E-4,0.0,6.1E-4
19.850,-0.01,9.8,-0.2,0.0,9.8,0.0,0.0,0.0,19.850,-0.03,9.8,0.1,0.0,9.8,0.0,0.0,-6.1E-4,,,,,,,,,,19.850,-0.05,9.8,0.0,-0.1,9.8,-1.2E-4,0.0,0.0,19.850,-0.03,9.9,0.0,0.1,9.9,0.0,0.0,-6.1E-4,19.850,-0.06,9.8,-0.1,0.0,9.8,0.0,0.0,-6.1E-4
19.900,-0.03,9.8,-0.3,0.0,9.8,0.0,0.0,0.0,19.900,-0.03,9.9,0.1,0.1,9.9,0.0,0.0,6.1E-4,,,,,,,,,,19.900,-0.04,9.8,-0.1,0.0,9.8,0.0,0.0,6.1E-4,19.900,-0.02,9.8,-0.1,0.0,9.8,0.0,0.0,6.1E-4,19.900,-0.06,9.8,-0.1,0.0,9.8,0.0,0.0,-6.1E-4
19.950,-0.03,9.8,-0.2,0.0,9.8,0.0,0.0,0.0,19.950,-0.03,9.8,0.1,0.0,9.8,0.0,0.0,0.0,,,,,,,,,,19.950,-0.04,9.8,0.1,-0.1,9.8,0.0,0.0,0.0,19.950,-0.02,9.8,-0.1,0.0,9.8,0.0,0.0,-6.1E-4,19.950,-0.05,9.8,-0.1,0.0,9.8,0.0,0.0,-6.1E-4
20.000,-0.03,9.8,-0.4,0.0,9.8,0.0,0.0,0.0,20.000,-0.03,9.8,0.1,0.0,9.8,0.0,0.0,6.1E-4,,,,,,,,,,20.000,-0.05,9.8,-0.1,-0.1,9.8,0.0,0.0,-6.1E-4,20.000,0.00,9.8,-0.1,0.0,9.8,0.0,0.0,-6.1E-4,20.000,-0.04,9.8,-0.1,0.0,9.8,0.0,0.0,-6.1E-4
20.050,-0.01,9.8,-0.2,0.0,9.8,0.0,0.0,6.1E-4,20.050,-0.04,9.8,0.1,0.1,9.8,0.0,0.0,-6.1E-4,,,,,,,,,,20.050,-0.05,9.9,1.9E-4,0.0,9.9,0.0,0.0,6.1E-4,20.050,-0.01,9.8,0.0,0.0,9.8,0.0,0.0,6.1E-4,20.050,-0.05,9.8,-0.1,0.0,9.8,0.0,0.0,-6.1E-4
20.100,-0.01,9.8,-0.2,0.0,9.8,0.0,0.0,0.0,20.100,-0.03,9.8,0.2,-0.1,9.8,0.0,0.0,0.0,,,,,,,,,,20.100,-0.05,9.8,0.0,-0.1,9.8,0.0,0.0,-6.1E-4,20.100,-0.02,9.8,-0.1,0.0,9.8,0.0,0.0,0.0,20.100,-0.04,9.8,-0.1,0.0,9.8,0.0,0.0,-6.1E-4
20.150,0.00,9.8,-0.4,0.0,9.8,0.0,0.0,-6.1E-4,20.150,-0.03,9.9,1.9E-4,0.1,9.9,0.0,0.0,0.0,,,,,,,,,,20.150,-0.06,9.8,-0.1,-0.1,9.8,0.0,0.0,-6.1E-4,20.150,-0.03,9.8,-0.1,0.0,9.8,0.0,0.0,6.1E-4,20.150,-0.04,9.8,-0.1,0.0,9.8,0.0,0.0,-6.1E-4
20.200,-0.01,9.9,-0.3,0.0,9.9,0.0,0.0,0.0,20.200,-0.02,9.8,0.1,0.0,9.8,0.0,0.0,0.0,,,,,,,,,,20.200,-0.06,9.8,0.0,0.0,9.8,0.0,0.0,-6.1E-4,20.200,-0.05,9.8,-0.1,0.0,9.8,0.0,0.0,6.1E-4,20.200,-0.05,9.8,-0.1,0.0,9.8,0.0,0.0,-6.1E-4
20.250,0.00,9.8,-0.1,0.0,9.8,0.0,0.0,6.1E-4,20.250,-0.03,9.8,0.1,0.1,9.8,0.0,0.0,0.0,,,,,,,,,,20.250,-0.06,9.8,0.0,0.0,9.8,0.0,0.0,-6.1E-4,20.250,-0.04,9.8,-0.1,0.0,9.8,0.0,0.0,0.0,20.250,-0.05,9.8,-0.1,0.0,9.8,0.0,0.0,-6.1E-4
20.300,-0.01,9.8,-0.4,0.0,9.8,0.0,0.0,0.0,20.300,-0.02,9.8,0.1,-0.1,9.8,0.0,0.0,0.0,,,,,,,,,,20.300,-0.05,9.9,0.0,0.0,9.9,0.0,0.0,-6.1E-4,20.300,-0.04,9.8,-0.1,0.0,9.8,0.0,0.0,6.1E-4,20.300,-0.05,9.8,-0.1,0.0,9.8,0.0,0.0,-6.1E-4
20.350,-0.02,9.9,-0.3,0.0,9.9,0.0,0.0,0.0,20.350,-0.01,9.8,0.1,0.0,9.8,-1.2E-4,0.0,0.0,,,,,,,,,,20.350,-0.05,9.8,-0.1,-0.1,9.8,0.0,0.0,0.0,20.350,-0.04,9.8,-0.1,0.0,9.8,0.0,0.0,-6.1E-4,20.350,-0.04,9.8,0.0,0.0,9.8,0.0,0.0,-6.1E-4
20.400,-0.01,9.8,-0.3,0.0,9.8,0.0,0.0,-6.1E-4,20.400,-0.04,9.9,0.1,0.0,9.9,0.0,0.0,0.0,,,,,,,,,,20.400,-0.05,9.9,0.0,0.0,9.9,0.0,0.0,6.1E-4,20.400,-0.04,9.8,-0.1,0.0,9.8,0.0,0.0,-6.1E-4,20.400,-0.04,9.8,-0.1,0.0,9.8,0.0,0.0,-6.1E-4
20.450,-0.01,9.8,-0.2,0.0,9.8,0.0,0.0,0.0,20.450,-0.05,9.8,0.1,0.0,9.8,0.0,0.0,6.1E-4,,,,,,,,,,20.450,-0.05,9.8,0.0,0.0,9.8,0.0,0.0,-6.1E-4,20.450,-0.04,9.8,-0.1,0.0,9.8,0.0,0.0,-6.1E-4,20.450,-0.03,9.8,-0.1,0.0,9.8,0.0,0.0,-6.1E-4
20.500,-0.03,9.8,-0.4,0.0,9.8,0.0,0.0,6.1E-4,20.500,-0.04,9.9,0.1,0.1,9.9,0.0,0.0,-6.1E-4,,,,,,,,,,20.500,-0.05,9.8,0.0,-0.1,9.8,0.0,0.0,0.0,20.500,-0.04,9.8,-0.1,0.0,9.8,0.0,0.0,0.0,20.500,-0.05,9.8,-0.1,0.0,9.8,0.0,0.0,6.1E-4
20.550,-0.01,9.9,-0.2,0.0,9.9,0.0,0.0,0.0,20.550,-0.04,9.8,0.1,0.0,9.8,0.0,0.0,0.0,,,,,,,,,,20.550,-0.05,9.9,0.0,0.0,9.9,0.0,0.0,-6.1E-4,20.550,-0.05,9.8,-0.1,0.0,9.8,0.0,0.0,6.1E-4,20.550,-0.05,9.8,-0.1,0.0,9.8,0.0,0.0,-6.1E-4
20.600,-0.01,9.8,-0.3,0.0,9.8,0.0,0.0,6.1E-4,20.600,-0.03,9.9,0.1,0.0,9.9,0.0,0.0,-6.1E-4,,,,,,,,,,20.600,-0.05,9.8,-0.1,-0.1,9.8,0.0,0.0,0.0,20.600,-0.05,9.8,-0.1,0.0,9.8,0.0,0.0,0.0,20.600,-0.04,9.8,-0.1,0.0,9.8,0.0,0.0,-6.1E-4
20.650,-0.02,9.8,-0.2,0.0,9.8,0.0,0.0,0.0,20.650,-0.04,9.8,0.1,0.0,9.8,0.0,0.0,0.0,,,,,,,,,,20.650,-0.06,9.8,0.1,0.0,9.8,0.0,0.0,6.1E-4,20.650,-0.04,9.8,-0.1,0.0,9.8,0.0,0.0,6.1E-4,20.650,-0.04,9.8,-0.1,0.0,9.8,0.0,0.0,-6.1E-4
20.700,-0.02,9.8,-0.4,0.0,9.8,0.0,0.0,0.0,20.700,-0.03,9.8,0.1,0.0,9.8,0.0,0.0,6.1E-4,,,,,,,,,,20.700,-0.05,9.8,-0.1,0.0,9.8,0.0,0.0,0.0,20.700,-0.03,9.8,-0.1,0.0,9.8,0.0,0.0,0.0,20.700,-0.05,9.8,-0.1,0.0,9.8,0.0,0.0,-6.1E-4
20.750,-0.01,9.8,-0.2,0.0,9.8,0.0,0.0,6.1E-4,20.750,-0.03,9.8,0.2,0.0,9.8,0.0,0.0,0.0,,,,,,,,,,20.750,-0.07,9.8,0.0,-0.1,9.8,0.0,0.0,0.0,20.750,-0.03,9.8,0.0,0.0,9.8,0.0,0.0,0.0,20.750,-0.05,9.8,-0.1,0.0,9.8,0.0,0.0,6.1E-4
20.800,-0.02,9.8,-0.3,0.0,9.8,0.0,0.0,0.0,20.800,-0.03,9.8,0.1,0.0,9.8,0.0,0.0,-6.1E-4,,,,,,,,,,20.800,-0.06,9.9,0.0,0.0,9.9,0.0,0.0,6.1E-4,20.800,-0.03,9.8,-0.1,0.0,9.8,0.0,0.0,0.0,20.800,-0.05,9.8,-0.1,0.0,9.8,-1.2E-4,0.0,0.0
20.850,-0.02,9.8,-0.2,0.0,9.8,0.0,0.0,0.0,20.850,-0.01,9.8,0.1,0.0,9.8,0.0,0.0,-6.1E-4,,,,,,,,,,20.850,-0.06,9.8,0.0,-0.1,9.8,0.0,0.0,0.0,20.850,-0.04,9.8,-0.1,0.0,9.8,0.0,0.0,6.1E-4,20.850,-0.04,9.8,-0.1,0.0,9.8,0.0,0.0,6.1E-4
20.900,-0.02,9.8,-0.2,0.0,9.8,0.0,0.0,0.0,20.900,-0.01,9.8,0.1,0.0,9.8,0.0,0.0,6.1E-4,,,,,,,,,,20.900,-0.05,9.9,0.0,0.0,9.9,0.0,0.0,0.0,20.900,-0.03,9.8,-0.1,0.0,9.8,0.0,0.0,-6.1E-4,20.900,-0.05,9.8,0.0,0.0,9.8,0.0,0.0,0.0
20.950,-7.51E-10,9.8,-0.4,0.0,9.8,0.0,0.0,-6.1E-4,20.950,-0.03,9.8,0.1,0.0,9.8,0.0,0.0,0.0,,,,,,,,,,20.950,-0.05,9.8,0.0,-0.1,9.8,0.0,0.0,0.0,20.950,-0.04,9.8,-0.1,0.0,9.8,0.0,0.0,-6.1E-4,20.950,-0.05,9.8,-0.1,0.0,9.8,0.0,0.0,-6.1E-4
21.000,-0.02,9.9,-0.3,0.0,9.9,0.0,0.0,0.0,21.000,-0.02,9.8,0.1,0.0,9.8,0.0,0.0,0.0,,,,,,,,,,21.000,-0.04,9.9,0.0,0.1,9.9,0.0,0.0,-6.1E-4,21.000,-0.04,9.8,-0.1,0.0,9.8,0.0,0.0,-6.1E-4,21.000,-0.04,9.8,-0.1,0.0,9.8,0.0,0.0,0.0
21.050,-0.01,9.8,-0.3,0.0,9.8,0.0,0.0,0.0,21.050,-0.01,9.8,0.1,0.1,9.8,0.0,0.0,-6.1E-4,,,,,,,,,,21.050,-0.04,9.8,0.1,-0.1,9.8,0.0,0.0,0.0,21.050,-0.03,9.8,-0.1,0.0,9.8,0.0,0.0,6.1E-4,21.050,-0.05,9.8,-0.1,0.0,9.8,0.0,0.0,-6.1E-4
21.100,0.01,9.8,-0.2,0.0,9.8,0.0,0.0,0.0,21.100,-0.01,9.8,0.1,0.0,9.8,0.0,0.0,0.0,,,,,,,,,,21.100,-0.05,9.8,0.0,0.0,9.8,0.0,0.0,-6.1E-4,21.100,-0.03,9.8,-0.1,0.0,9.8,0.0,0.0,-6.1E-4,21.100,-0.05,9.8,-0.1,0.0,9.8,0.0,0.0,-6.1E-4
21.150,-0.01,9.8,-0.3,-0.1,9.8,0.0,0.0,0.0,21.150,-0.01,9.8,0.1,0.0,9.8,0.0,0.0,-6.1E-4,,,,,,,,,,21.150,-0.05,9.9,0.0,-0.1,9.9,0.0,0.0,6.1E-4,21.150,-0.03,9.8,-0.1,0.0,9.8,0.0,0.0,6.1E-4,21.150,-0.05,9.8,-0.1,0.0,9.8,0.0,0.0,6.1E-4
21.200,-7.51E-10,9.9,-0.3,0.0,9.9,0.0,0.0,0.0,21.200,-0.03,9.8,0.1,0.0,9.8,0.0,0.0,-6.1E-4,,,,,,,,,,21.200,-0.05,9.8,-0.1,0.0,9.8,0.0,0.0,0.0,21.200,-0.01,9.8,-0.1,0.0,9.8,0.0,0.0,-6.1E-4,21.200,-0.06,9.8,-0.1,0.0,9.8,0.0,0.0,0.0
21.250,-0.02,9.8,-0.2,0.0,9.8,0.0,0.0,0.0,21.250,-0.03,9.9,0.1,0.1,9.9,0.0,0.0,0.0,,,,,,,,,,21.250,-0.05,9.9,0.0,-0.1,9.9,0.0,0.0,0.0,21.250,-0.02,9.8,-0.1,0.0,9.8,0.0,0.0,0.0,21.250,-0.05,9.8,-0.1,0.0,9.8,0.0,0.0,6.1E-4
21.300,-0.01,9.8,-0.2,-0.1,9.8,0.0,0.0,0.0,21.300,-0.03,9.8,0.1,-0.1,9.8,0.0,0.0,0.0,,,,,,,,,,21.300,-0.05,9.8,-0.1,0.0,9.8,0.0,0.0,0.0,21.300,-0.02,9.8,-0.1,0.0,9.8,0.0,0.0,-6.1E-4,21.300,-0.05,9.8,0.0,0.0,9.8,0.0,0.0,-6.1E-4
21.350,-0.01,9.8,-0.3,0.0,9.8,0.0,0.0,0.0,21.350,-0.02,9.8,0.0,0.0,9.8,0.0,0.0,0.0,,,,,,,,,,21.350,-0.05,9.8,0.1,-0.1,9.8,0.0,0.0,6.1E-4,21.350,-0.02,9.8,-0.1,0.0,9.8,0.0,0.0,-6.1E-4,21.350,-0.05,9.8,-0.1,0.0,9.8,-1.2E-4,0.0,6.1E-4
21.400,-0.02,9.8,-0.3,0.0,9.8,0.0,0.0,0.0,21.400,-0.03,9.9,0.2,0.1,9.9,0.0,0.0,6.1E-4,,,,,,,,,,21.400,-0.06,9.8,0.0,0.0,9.8,0.0,0.0,0.0,21.400,-0.02,9.8,-0.1,0.0,9.8,0.0,0.0,6.1E-4,21.400,-0.06,9.8,-0.1,0.0,9.8,0.0,0.0,0.0
21.450,-0.02,9.8,-0.2,0.0,9.8,0.0,0.0,0.0,21.450,-0.03,9.8,0.1,0.0,9.8,0.0,0.0,6.1E-4,,,,,,,,,,21.450,-0.06,9.9,0.0,0.0,9.9,0.0,0.0,6.1E-4,21.450,-0.01,9.9,0.0,0.0,9.9,0.0,0.0,-6.1E-4,21.450,-0.04,9.8,-0.1,0.0,9.8,0.0,0.0,6.1E-4
21.500,-0.02,9.9,-0.3,0.0,9.9,0.0,0.0,0.0,21.500,-0.04,9.8,0.1,0.1,9.8,0.0,0.0,6.1E-4,,,,,,,,,,21.500,-0.06,9.8,-0.1,-0.1,9.8,0.0,0.0,0.0,21.500,-0.01,9.8,-0.1,0.0,9.8,0.0,0.0,6.1E-4,21.500,-0.05,9.8,-0.1,0.0,9.8,0.0,0.0,-6.1E-4
21.550,-0.01,9.8,-0.2,0.0,9.8,0.0,0.0,-6.1E-4,21.550,-0.03,9.8,0.1,0.0,9.8,0.0,0.0,6.1E-4,,,,,,,,,,21.550,-0.05,9.8,0.0,0.0,9.8,0.0,0.0,0.0,21.550,-0.01,9.8,-0.1,0.0,9.8,0.0,0.0,0.0,21.550,-0.05,9.8,-0.1,0.0,9.8,0.0,0.0,-6.1E-4
21.600,-0.02,9.8,-0.3,-0.1,9.8,0.0,0.0,0.0,21.600,-0.04,9.8,0.2,0.0,9.8,0.0,0.0,-6.1E-4,,,,,,,,,,21.600,-0.06,9.8,-0.1,0.0,9.8,0.0,0.0,-6.1E-4,21.600,-0.01,9.8,-0.1,0.0,9.8,0.0,0.0,6.1E-4,21.600,-0.05,9.8,-0.1,0.0,9.8,0.0,0.0,6.1E-4
21.650,-0.02,9.8,-0.2,0.0,9.8,0.0,0.0,0.0,21.650,-0.04,9.8,0.0,0.0,9.8,0.0,0.0,0.0,,,,,,,,,,21.650,-0.04,9.9,0.0,0.0,9.9,0.0,0.0,0.0,21.650,0.00,9.8,-0.1,0.0,9.8,0.0,0.0,-6.1E-4,21.650,-0.04,9.8,-0.1,0.0,9.8,0.0,0.0,-6.1E-4
21.700,-0.02,9.8,-0.3,0.0,9.8,0.0,0.0,0.0,21.700,-0.05,9.8,0.3,0.1,9.8,0.0,0.0,6.1E-4,,,,,,,,,,21.700,-0.04,9.8,0.0,0.0,9.8,0.0,0.0,0.0,21.700,-0.02,9.8,-0.1,0.0,9.8,0.0,0.0,-6.1E-4,21.700,-0.05,9.8,-0.1,0.0,9.8,0.0,0.0,0.0
21.750,-0.01,9.9,-0.3,0.0,9.9,0.0,0.0,-6.1E-4,21.750,-0.04,9.8,0.0,0.0,9.8,0.0,0.0,-6.1E-4,,,,,,,,,,21.750,-0.03,9.9,0.0,0.0,9.9,0.0,0.0,0.0,21.750,-0.01,9.8,-0.1,0.0,9.8,0.0,0.0,6.1E-4,21.750,-0.05,9.8,-0.1,0.0,9.8,0.0,0.0,-6.1E-4
21.800,-0.03,9.8,-0.3,0.0,9.9,0.0,0.0,0.0,21.800,-0.03,9.9,0.2,0.1,9.9,0.0,0.0,-6.1E-4,,,,,,,,,,21.800,-0.05,9.8,-0.1,-0.1,9.8,0.0,0.0,0.0,21.800,-0.02,9.8,-0.1,0.0,9.8,0.0,0.0,0.0,21.800,-0.04,9.8,-0.1,0.0,9.8,0.0,0.0,-6.1E-4
21.850,-0.01,9.8,-0.2,0.0,9.8,0.0,0.0,6.1E-4,21.850,-0.03,9.8,0.1,0.0,9.8,0.0,0.0,6.1E-4,,,,,,,,,,21.850,-0.02,9.8,0.0,-0.1,9.8,0.0,0.0,6.1E-4,21.850,-0.03,9.8,0.0,0.0,9.8,0.0,0.0,6.1E-4,21.850,-0.04,9.8,-0.1,0.0,9.8,0.0,0.0,-6.1E-4
21.900,-0.01,9.8,-0.4,-0.1,9.8,0.0,0.0,0.0,21.900,-0.02,9.8,0.1,0.0,9.8,0.0,0.0,6.1E-4,,,,,,,,,,21.900,-0.03,9.9,0.0,0.0,9.9,0.0,0.0,0.0,21.900,-0.02,9.8,-0.1,0.0,9.8,0.0,0.0,6.1E-4,21.900,-0.04,9.8,-0.1,0.0,9.8,0.0,0.0,-6.1E-4
21.950,0.00,9.8,-0.3,0.1,9.8,0.0,0.0,6.1E-4,21.950,-0.03,9.8,0.2,0.0,9.8,0.0,0.0,0.0,,,,,,,,,,21.950,-0.03,9.8,0.0,-0.1,9.8,0.0,0.0,-6.1E-4,21.950,-0.03,9.8,-0.1,0.0,9.8,0.0,0.0,-6.1E-4,21.950,-0.05,9.8,-0.1,0.0,9.8,0.0,0.0,-6.1E-4
22.000,-0.01,9.9,-0.1,0.0,9.9,0.0,0.0,0.0,22.000,-0.01,9.8,0.0,0.0,9.8,0.0,0.0,0.0,,,,,,,,,,22.000,-0.05,9.8,-0.1,-0.1,9.8,0.0,0.0,-6.1E-4,22.000,-0.02,9.8,-0.1,0.0,9.8,0.0,0.0,6.1E-4,22.000,-0.06,9.8,-0.1,0.0,9.8,0.0,0.0,0.0
22.050,-0.01,9.8,-0.3,0.1,9.8,0.0,0.0,0.0,22.050,-0.02,9.8,0.1,0.0,9.8,0.0,0.0,0.0,,,,,,,,,,22.050,-0.04,9.8,0.1,-0.1,9.8,0.0,0.0,6.1E-4,22.050,-0.03,9.8,0.0,0.0,9.8,0.0,0.0,-6.1E-4,22.050,-0.05,9.8,-0.1,0.0,9.8,0.0,0.0,0.0
22.100,-0.01,9.8,-0.3,0.0,9.8,0.0,0.0,0.0,22.100,-0.02,9.8,0.1,0.0,9.8,0.0,0.0,0.0,,,,,,,,,,22.100,-0.04,9.8,-0.1,-0.1,9.8,0.0,0.0,0.0,22.100,-0.02,9.8,-0.1,0.0,9.8,-1.2E-4,0.0,6.1E-4,22.100,-0.06,9.8,-0.1,0.0,9.8,0.0,0.0,-6.1E-4
22.150,0.01,9.8,-0.2,0.0,9.8,0.0,0.0,-6.1E-4,22.150,-0.02,9.9,0.2,0.0,9.9,0.0,0.0,0.0,,,,,,,,,,22.150,-0.04,9.8,-0.1,0.0,9.8,0.0,0.0,0.0,22.150,-0.04,9.8,-0.1,0.0,9.8,0.0,0.0,0.0,22.150,-0.05,9.8,-0.1,0.0,9.8,0.0,0.0,6.1E-4
22.200,0.02,9.8,-0.3,0.0,9.8,0.0,0.0,0.0,22.200,-0.02,9.8,0.1,0.0,9.8,0.0,0.0,-6.1E-4,,,,,,,,,,22.200,-0.05,9.9,0.0,0.0,9.9,0.0,0.0,0.0,22.200,-0.02,9.8,-0.1,0.0,9.8,0.0,0.0,-6.1E-4,22.200,-0.05,9.8,-0.1,0.0,9.8,0.0,0.0,-6.1E-4
22.250,0.00,9.8,-0.4,0.0,9.8,0.0,0.0,-6.1E-4,22.250,-0.01,9.8,0.0,0.0,9.8,0.0,0.0,-6.1E-4,,,,,,,,,,22.250,-0.05,9.8,-0.1,0.0,9.8,0.0,0.0,0.0,22.250,-0.02,9.8,0.0,0.0,9.8,-1.2E-4,0.0,-6.1E-4,22.250,-0.05,9.8,-0.1,0.0,9.8,0.0,0.0,6.1E-4
22.300,0.01,9.9,-0.3,0.0,9.9,0.0,0.0,0.0,22.300,-0.02,9.8,0.1,0.0,9.8,0.0,0.0,-6.1E-4,,,,,,,,,,22.300,-0.05,9.8,0.1,-0.1,9.8,0.0,0.0,0.0,22.300,-0.03,9.8,-0.2,0.0,9.8,0.0,0.0,-6.1E-4,22.300,-0.05,9.8,-0.1,0.0,9.8,0.0,0.0,-6.1E-4
22.350,0.00,9.8,-0.2,0.0,9.8,0.0,0.0,-6.1E-4,22.350,-0.01,9.8,0.1,0.0,9.8,0.0,0.0,6.1E-4,,,,,,,,,,22.350,-0.04,9.8,-0.1,0.0,9.8,0.0,0.0,0.0,22.350,-0.01,9.8,-0.1,0.0,9.8,0.0,0.0,6.1E-4,22.350,-0.03,9.8,-0.1,0.0,9.8,0.0,0.0,6.1E-4
22.400,0.01,9.9,-0.3,0.1,9.9,0.0,0.0,0.0,22.400,0.00,9.9,0.1,0.1,9.9,0.0,0.0,6.1E-4,,,,,,,,,,22.400,-0.05,9.8,-0.1,-0.1,9.8,0.0,0.0,6.1E-4,22.400,-0.03,9.8,0.0,0.0,9.8,0.0,0.0,6.1E-4,22.400,-0.03,9.8,-0.1,0.0,9.8,0.0,0.0,-6.1E-4
22.450,0.00,9.8,-0.1,-0.1,9.8,0.0,0.0,0.0,22.450,-0.02,9.8,0.1,0.0,9.8,0.0,0.0,0.0,,,,,,,,,,22.450,-0.06,9.9,0.0,0.0,9.9,0.0,0.0,6.1E-4,22.450,-0.03,9.8,0.0,0.1,9.8,0.0,0.0,-6.1E-4,22.450,-0.04,9.8,-0.1,0.0,9.8,0.0,0.0,-6.1E-4
22.500,-0.01,9.9,-0.2,0.0,9.9,0.0,0.0,0.0,22.500,-0.01,9.9,0.2,0.1,9.9,0.0,0.0,6.1E-4,,,,,,,,,,22.500,-0.05,9.8,-0.1,-0.1,9.8,0.0,0.0,-6.1E-4,22.500,-0.03,9.8,-0.1,0.0,9.8,0.0,0.0,-6.1E-4,22.500,-0.05,9.8,-0.1,0.0,9.8,0.0,0.0,-6.1E-4
22.550,-0.03,9.7,-0.2,-0.1,9.7,0.0,0.0,0.0,22.550,-0.02,9.8,0.0,0.0,9.8,0.0,0.0,0.0,,,,,,,,,,22.550,-0.05,9.9,0.0,0.0,9.9,0.0,0.0,6.1E-4,22.550,-0.03,9.8,0.0,0.0,9.8,0.0,0.0,-6.1E-4,22.550,-0.03,9.8,-0.1,0.0,9.8,0.0,0.0,-6.1E-4
22.600,-0.01,9.9,-0.2,0.1,9.9,0.0,0.0,0.0,22.600,-0.02,9.8,0.1,0.0,9.8,0.0,0.0,6.1E-4,,,,,,,,,,22.600,-0.04,9.8,-0.1,-0.1,9.8,0.0,0.0,0.0,22.600,-0.04,9.9,-0.1,0.0,9.9,0.0,0.0,6.1E-4,22.600,-0.04,9.8,-0.1,0.0,9.8,0.0,0.0,-6.1E-4
22.650,-0.01,9.8,-0.3,-0.1,9.8,0.0,0.0,0.0,22.650,-0.02,9.8,0.2,0.0,9.8,0.0,0.0,0.0,,,,,,,,,,22.650,-0.05,9.8,0.1,0.0,9.8,0.0,0.0,0.0,22.650,-0.04,9.9,0.0,0.0,9.9,0.0,0.0,6.1E-4,22.650,-0.03,9.8,-0.1,0.0,9.8,0.0,0.0,-6.1E-4
22.700,-0.01,9.8,-0.2,0.0,9.9,0.0,0.0,-6.1E-4,22.700,-0.02,9.8,0.1,0.0,9.8,0.0,0.0,0.0,,,,,,,,,,22.700,-0.05,9.8,-0.1,-0.1,9.8,0.0,0.0,0.0,22.700,-0.03,9.8,-0.1,0.0,9.8,0.0,0.0,6.1E-4,22.700,-0.05,9.8,-0.1,0.0,9.8,0.0,0.0,-6.1E-4
22.750,-0.01,9.9,-0.3,-0.1,9.9,0.0,0.0,0.0,22.750,-0.02,9.8,0.1,-0.1,9.8,0.0,0.0,6.1E-4,,,,,,,,,,22.750,-0.05,9.8,-0.1,0.0,9.8,0.0,0.0,0.0,22.750,-0.02,9.8,0.0,0.1,9.8,-1.2E-4,0.0,-6.1E-4,22.750,-0.05,9.8,-0.1,0.0,9.8,0.0,0.0,-6.1E-4
22.800,-0.01,9.8,-0.2,0.0,9.8,0.0,0.0,0.0,22.800,-0.02,9.8,0.1,0.1,9.8,0.0,0.0,-6.1E-4,,,,,,,,,,22.800,-0.05,9.8,0.1,-0.1,9.8,0.0,0.0,6.1E-4,22.800,-0.03,9.8,-0.1,0.0,9.8,0.0,0.0,6.1E-4,22.800,-0.04,9.8,0.0,0.0,9.8,0.0,0.0,-6.1E-4
22.850,0.00,9.8,-0.3,-0.1,9.9,0.0,0.0,0.0,22.850,-0.02,9.9,0.0,0.0,9.9,0.0,0.0,0.0,,,,,,,,,,22.850,-0.05,9.8,-0.1,0.0,9.8,0.0,0.0,0.0,22.850,-0.03,9.8,-0.1,0.0,9.8,0.0,0.0,6.1E-4,22.850,-0.05,9.8,-0.1,0.0,9.8,0.0,0.0,0.0
22.900,-0.02,9.8,-0.3,0.0,9.8,0.0,0.0,0.0,22.900,-0.03,9.8,0.1,0.0,9.8,0.0,0.0,-6.1E-4,,,,,,,,,,22.900,-0.05,9.8,0.0,-0.1,9.8,0.0,0.0,-6.1E-4,22.900,-0.03,9.8,-0.1,0.0,9.8,0.0,0.0,-6.1E-4,22.900,-0.05,9.8,-0.1,0.0,9.8,0.0,0.0,-6.1E-4
22.950,-0.01,9.9,-0.3,0.0,9.9,0.0,0.0,0.0,22.950,-0.01,9.9,0.2,0.1,9.9,0.0,0.0,6.1E-4,,,,,,,,,,22.950,-0.05,9.8,0.0,0.0,9.8,0.0,0.0,0.0,22.950,-0.02,9.8,-0.1,0.0,9.8,0.0,0.0,-6.1E-4,22.950,-0.04,9.8,-0.1,0.0,9.8,0.0,0.0,-6.1E-4
23.000,-0.01,9.8,-0.2,-0.1,9.8,0.0,0.0,0.0,23.000,-0.02,9.8,0.1,0.0,9.8,0.0,0.0,0.0,,,,,,,,,,23.000,-0.05,9.8,0.1,-0.1,9.8,0.0,0.0,0.0,23.000,-0.03,9.8,0.0,0.0,9.8,0.0,0.0,-6.1E-4,23.000,-0.03,9.8,0.0,0.0,9.8,0.0,0.0,-6.1E-4
23.050,-0.01,9.8,-0.3,0.0,9.8,0.0,0.0,0.0,23.050,-0.02,9.8,0.1,0.0,9.8,0.0,0.0,0.0,,,,,,,,,,23.050,-0.05,9.8,-0.1,0.0,9.8,0.0,0.0,0.0,23.050,-0.03,9.8,0.0,0.0,9.8,0.0,0.0,-6.1E-4,23.050,-0.04,9.8,-0.1,0.0,9.8,0.0,0.0,-6.1E-4
23.100,-0.02,9.8,-0.2,-0.1,9.8,0.0,0.0,0.0,23.100,-0.02,9.8,0.1,0.0,9.8,0.0,0.0,-6.1E-4,,,,,,,,,,23.100,-0.05,9.9,0.0,0.0,9.9,0.0,0.0,6.1E-4,23.100,-0.04,9.8,-0.1,0.0,9.8,0.0,0.0,-6.1E-4,23.100,-0.04,9.8,-0.1,0.0,9.8,0.0,0.0,6.1E-4
23.150,-0.01,9.8,-0.1,-0.1,9.8,0.0,0.0,0.0,23.150,-0.02,9.9,0.1,0.0,9.9,0.0,0.0,-6.1E-4,,,,,,,,,,23.150,-0.05,9.8,0.0,0.0,9.8,0.0,0.0,0.0,23.150,-0.03,9.8,0.0,0.0,9.8,0.0,0.0,6.1E-4,23.150,-0.04,9.8,-0.1,0.0,9.8,0.0,0.0,6.1E-4
23.200,-0.01,9.8,-0.3,-0.1,9.8,0.0,0.0,0.0,23.200,-0.02,9.8,0.1,0.0,9.8,0.0,0.0,0.0,,,,,,,,,,23.200,-0.05,9.9,1.9E-4,0.0,9.9,0.0,0.0,6.1E-4,23.200,-0.01,9.9,1.9E-4,0.1,9.9,0.0,0.0,6.1E-4,23.200,-0.05,9.8,0.0,0.0,9.8,0.0,0.0,-6.1E-4
23.250,-0.02,9.8,-0.2,-0.2,9.8,0.0,0.0,6.1E-4,23.250,-0.02,9.8,0.1,0.0,9.8,0.0,0.0,-6.1E-4,,,,,,,,,,23.250,-0.05,9.8,-0.1,0.0,9.8,0.0,0.0,0.0,23.250,0.00,9.9,-0.1,0.0,9.9,0.0,0.0,-6.1E-4,23.250,-0.06,9.8,-0.1,0.0,9.8,0.0,0.0,-6.1E-4
23.300,-0.01,9.8,-0.3,-0.2,9.8,0.0,0.0,0.0,23.300,-0.03,9.9,0.2,0.1,9.9,0.0,0.0,6.1E-4,,,,,,,,,,23.300,-0.04,9.8,-0.1,-0.1,9.8,0.0,0.0,-6.1E-4,23.300,-0.01,9.8,-0.1,0.0,9.8,0.0,0.0,-6.1E-4,23.300,-0.05,9.8,-0.1,0.0,9.8,0.0,0.0,-6.1E-4
23.350,-0.02,9.8,-0.3,-0.2,9.8,0.0,0.0,0.0,23.350,-0.03,9.8,0.1,0.0,9.8,0.0,0.0,6.1E-4,,,,,,,,,,23.350,-0.04,9.9,0.1,0.0,9.9,0.0,0.0,-6.1E-4,23.350,-0.01,9.8,0.0,0.0,9.8,0.0,0.0,-6.1E-4,23.350,-0.06,9.8,-0.1,0.0,9.8,0.0,0.0,0.0
23.400,-0.02,9.9,-0.2,0.2,9.9,0.0,0.0,0.0,23.400,-0.03,9.8,0.0,0.0,9.8,0.0,0.0,-6.1E-4,,,,,,,,,,23.400,-0.05,9.8,-0.1,-0.1,9.8,0.0,0.0,-6.1E-4,23.400,-0.02,9.8,-0.1,0.0,9.8,0.0,0.0,0.0,23.400,-0.05,9.8,-0.1,0.0,9.8,0.0,0.0,6.1E-4
23.450,-0.03,9.9,-0.4,-0.1,9.9,0.0,0.0,0.0,23.450,-0.04,9.8,0.1,0.0,9.8,0.0,0.0,-6.1E-4,,,,,,,,,,23.450,-0.05,9.9,0.0,0.0,9.9,0.0,0.0,0.0,23.450,-0.02,9.8,-0.1,0.0,9.8,0.0,0.0,-6.1E-4,23.450,-0.06,9.8,-0.1,0.0,9.8,0.0,0.0,0.0
23.500,-0.03,9.7,-0.2,-0.3,9.7,0.0,0.0,0.0,23.500,-0.04,9.8,0.0,0.0,9.8,0.0,0.0,0.0,,,,,,,,,,23.500,-0.05,9.8,0.0,-0.1,9.8,0.0,0.0,-6.1E-4,23.500,-0.03,9.8,-0.1,0.0,9.8,0.0,0.0,-6.1E-4,23.500,-0.05,9.8,-0.1,0.0,9.8,0.0,0.0,-6.1E-4
23.550,-0.03,10.0,-0.4,0.2,10.0,0.0,0.0,0.0,23.550,-0.03,9.8,0.1,0.0,9.8,0.0,0.0,0.0,,,,,,,,,,23.550,-0.06,9.8,0.0,0.0,9.8,0.0,0.0,0.0,23.550,0.00,9.8,-0.1,0.0,9.8,0.0,0.0,0.0,23.550,-0.06,9.8,0.0,0.0,9.8,0.0,0.0,0.0
23.600,-0.03,9.7,-0.3,-0.1,9.7,0.0,-1.2E-4,0.0,23.600,-0.03,9.9,0.2,0.1,9.9,0.0,0.0,0.0,,,,,,,,,,23.600,-0.06,9.8,0.1,-0.1,9.8,0.0,0.0,6.1E-4,23.600,-0.01,9.8,0.0,0.0,9.8,0.0,0.0,-6.1E-4,23.600,-0.06,9.8,-0.1,0.0,9.8,0.0,0.0,6.1E-4
23.650,-0.02,9.9,-0.2,0.1,9.9,0.0,0.0,-6.1E-4,23.650,-0.04,9.8,0.0,0.0,9.8,0.0,0.0,0.0,,,,,,,,,,23.650,-0.06,9.8,-0.1,0.0,9.8,0.0,0.0,6.1E-4,23.650,-0.01,9.8,-0.1,0.0,9.8,0.0,0.0,0.0,23.650,-0.06,9.8,-0.1,0.0,9.8,0.0,0.0,6.1E-4
23.700,-0.02,9.8,-0.2,0.0,9.8,0.0,0.0,0.0,23.700,-0.04,9.9,0.2,0.1,9.9,0.0,0.0,6.1E-4,,,,,,,,,,23.700,-0.06,9.8,0.2,-0.1,9.8,-1.2E-4,0.0,6.1E-4,23.700,-0.02,9.8,-0.1,0.0,9.8,0.0,0.0,6.1E-4,23.700,-0.06,9.8,-0.1,0.0,9.8,0.0,0.0,-6.1E-4
23.750,-0.02,9.8,-0.4,0.0,9.9,-1.2E-4,0.0,0.0,23.750,-0.04,9.8,0.1,0.0,9.8,0.0,0.0,-6.1E-4,,,,,,,,,,23.750,-0.06,9.8,-0.2,0.0,9.8,0.0,0.0,0.0,23.750,-0.02,9.8,-0.1,0.0,9.8,0.0,0.0,-6.1E-4,23.750,-0.05,9.8,-0.1,0.0,9.8,0.0,0.0,-6.1E-4
23.800,-0.02,9.8,-0.2,0.1,9.8,0.0,0.0,0.0,23.800,-0.03,9.8,0.1,0.0,9.8,0.0,0.0,6.1E-4,,,,,,,,,,23.800,-0.05,9.8,1.9E-4,-0.1,9.8,0.0,0.0,0.0,23.800,-0.04,9.9,1.9E-4,0.0,9.9,0.0,0.0,6.1E-4,23.800,-0.07,9.8,-0.1,0.0,9.8,0.0,0.0,-6.1E-4
23.850,-0.01,9.8,-0.2,-0.1,9.8,0.0,0.0,0.0,23.850,-0.02,9.8,0.1,0.0,9.8,0.0,0.0,6.1E-4,,,,,,,,,,23.850,-0.04,9.8,0.1,0.0,9.8,0.0,0.0,6.1E-4,23.850,-0.03,9.8,-0.1,0.0,9.8,0.0,0.0,6.1E-4,23.850,-0.06,9.8,-0.1,0.0,9.8,0.0,0.0,-6.1E-4
23.900,-0.01,9.9,-0.4,0.1,9.9,0.0,0.0,0.0,23.900,-0.03,9.8,0.1,-0.1,9.8,0.0,0.0,0.0,,,,,,,,,,23.900,-0.05,9.8,-0.2,0.0,9.8,0.0,0.0,0.0,23.900,-0.02,9.8,-0.1,0.0,9.8,0.0,0.0,6.1E-4,23.900,-0.06,9.8,-0.1,0.0,9.8,0.0,0.0,-6.1E-4
23.950,-0.02,9.7,-0.2,0.0,9.7,0.0,0.0,0.0,23.950,-0.03,9.8,0.1,0.0,9.8,0.0,0.0,0.0,,,,,,,,,,23.950,-0.04,9.8,0.2,-0.1,9.8,0.0,0.0,0.0,23.950,-0.04,9.8,-0.1,0.0,9.8,0.0,0.0,-6.1E-4,23.950,-0.05,9.8,0.0,0.0,9.8,0.0,0.0,6.1E-4
24.000,-0.02,9.9,-0.4,0.0,9.9,0.0,0.0,0.0,24.000,-0.01,9.8,0.1,0.0,9.8,0.0,0.0,0.0,,,,,,,,,,24.000,-0.05,9.8,-0.1,0.0,9.8,0.0,0.0,0.0,24.000,-0.02,9.8,-0.1,0.0,9.8,0.0,0.0,-6.1E-4,24.000,-0.05,9.8,-0.1,0.0,9.8,0.0,0.0,6.1E-4
24.050,-0.04,9.7,-0.2,0.0,9.7,0.0,0.0,0.0,24.050,-0.03,9.8,0.1,0.0,9.8,0.0,0.0,6.1E-4,,,,,,,,,,24.050,-0.06,9.9,-0.1,0.0,9.9,0.0,0.0,-6.1E-4,24.050,-0.03,9.8,-0.1,0.0,9.8,0.0,0.0,6.1E-4,24.050,-0.04,9.8,-0.1,0.0,9.8,0.0,0.0,6.1E-4
24.100,-0.03,9.9,-0.3,0.1,9.9,0.0,0.0,0.0,24.100,-0.03,9.9,0.1,0.0,9.9,0.0,0.0,0.0,,,,,,,,,,24.100,-0.04,9.8,0.1,0.0,9.8,0.0,0.0,-6.1E-4,24.100,-0.01,9.8,-0.1,0.0,9.8,0.0,0.0,-6.1E-4,24.100,-0.05,9.8,-0.1,0.0,9.8,0.0,0.0,-6.1E-4
24.150,-0.03,9.8,-0.3,-0.1,9.8,0.0,0.0,0.0,24.150,-0.02,9.9,0.2,0.1,9.9,0.0,0.0,0.0,,,,,,,,,,24.150,-0.04,9.8,0.1,-0.1,9.8,0.0,0.0,0.0,24.150,-0.02,9.8,-0.1,0.0,9.8,0.0,0.0,6.1E-4,24.150,-0.05,9.8,-0.1,0.0,9.8,0.0,0.0,6.1E-4
24.200,-0.02,9.9,-0.2,0.1,9.9,0.0,0.0,0.0,24.200,-0.04,9.8,0.1,-0.1,9.8,-1.2E-4,0.0,-6.1E-4,,,,,,,,,,24.200,-0.04,9.8,-0.1,0.0,9.8,0.0,0.0,0.0,24.200,-0.02,9.8,-0.1,0.0,9.8,0.0,0.0,0.0,24.200,-0.05,9.8,-0.1,0.0,9.8,0.0,0.0,-6.1E-4
24.250,-0.03,9.8,-0.4,-0.1,9.8,0.0,0.0,0.0,24.250,-0.04,9.9,0.0,0.1,9.9,0.0,0.0,0.0,,,,,,,,,,24.250,-0.03,9.8,-0.1,-0.1,9.8,0.0,0.0,0.0,24.250,-0.02,9.8,-0.1,0.0,9.8,0.0,0.0,-6.1E-4,24.250,-0.05,9.8,-0.1,0.0,9.8,0.0,0.0,-6.1E-4
24.300,-0.02,9.8,-0.1,0.0,9.8,0.0,0.0,-6.1E-4,24.300,-0.03,9.8,0.2,0.0,9.8,0.0,0.0,-6.1E-4,,,,,,,,,,24.300,-0.03,9.9,0.1,0.0,9.9,0.0,0.0,0.0,24.300,-0.01,9.8,-0.1,0.0,9.8,0.0,0.0,6.1E-4,24.300,-0.05,9.8,-0.1,0.0,9.8,0.0,0.0,6.1E-4
24.350,-0.03,9.8,-0.4,-0.1,9.8,0.0,0.0,0.0,24.350,-0.01,9.8,0.1,-0.1,9.8,0.0,0.0,6.1E-4,,,,,,,,,,24.350,-0.04,9.8,-0.1,0.0,9.8,0.0,0.0,0.0,24.350,-0.01,9.8,-0.1,0.0,9.8,0.0,0.0,6.1E-4,24.350,-0.05,9.8,-0.1,0.0,9.8,0.0,0.0,6.1E-4
24.400,-0.02,9.8,-0.2,0.0,9.8,0.0,0.0,0.0,24.400,-0.01,9.9,0.2,0.1,9.9,0.0,0.0,0.0,,,,,,,,,,24.400,-0.03,9.8,0.0,-0.1,9.8,0.0,0.0,-6.1E-4,24.400,-0.02,9.8,-0.1,0.0,9.8,0.0,0.0,-6.1E-4,24.400,-0.05,9.8,-0.1,0.0,9.8,0.0,0.0,6.1E-4
24.450,-0.01,9.8,-0.2,0.0,9.8,0.0,0.0,0.0,24.450,-0.03,9.8,0.0,0.0,9.8,0.0,0.0,0.0,,,,,,,,,,24.450,-0.04,9.8,0.0,0.0,9.8,0.0,0.0,6.1E-4,24.450,-0.03,9.8,0.0,0.0,9.8,0.0,0.0,-6.1E-4,24.450,-0.05,9.8,-0.1,0.0,9.8,0.0,0.0,-6.1E-4
24.500,-0.02,9.9,-0.3,0.0,9.9,0.0,0.0,0.0,24.500,-0.02,9.9,0.1,0.1,9.9,0.0,0.0,0.0,,,,,,,,,,24.500,-0.04,9.8,-0.1,-0.1,9.8,0.0,0.0,-6.1E-4,24.500,-0.03,9.8,-0.1,0.0,9.8,0.0,0.0,0.0,24.500,-0.06,9.8,-0.1,0.0,9.8,0.0,0.0,0.0
24.550,-0.02,9.8,-0.2,0.0,9.8,0.0,0.0,6.1E-4,24.550,-0.02,9.9,0.2,0.0,9.9,0.0,0.0,0.0,,,,,,,,,,24.550,-0.03,9.9,0.0,0.0,9.9,0.0,0.0,0.0,24.550,-0.01,9.8,-0.1,0.0,9.8,0.0,0.0,0.0,24.550,-0.06,9.8,-0.1,0.0,9.8,0.0,0.0,-6.1E-4
24.600,-0.02,9.8,-0.3,0.0,9.8,0.0,0.0,-6.1E-4,24.600,-0.04,9.8,-0.1,0.0,9.8,0.0,0.0,0.0,,,,,,,,,,24.600,-0.03,9.8,0.0,-0.1,9.8,-1.2E-4,0.0,-6.1E-4,24.600,-0.01,9.8,-0.1,0.0,9.8,0.0,0.0,-6.1E-4,24.600,-0.07,9.8,-0.1,0.0,9.8,0.0,0.0,6.1E-4
24.650,-0.02,9.8,-0.2,0.0,9.8,0.0,0.0,-6.1E-4,24.650,-0.02,9.9,0.1,0.0,9.9,0.0,0.0,6.1E-4,,,,,,,,,,24.650,-0.02,9.8,-0.1,0.0,9.8,0.0,0.0,-6.1E-4,24.650,-0.01,9.8,-0.1,0.0,9.8,0.0,0.0,6.1E-4,24.650,-0.06,9.8,-0.1,0.0,9.8,0.0,0.0,0.0
24.700,-0.01,9.8,-0.2,0.0,9.8,-1.2E-4,0.0,0.0,24.700,-0.04,9.8,0.1,0.0,9.8,0.0,0.0,6.1E-4,,,,,,,,,,24.700,-0.04,9.8,0.1,-0.1,9.8,0.0,0.0,0.0,24.700,-0.02,9.8,-0.1,0.0,9.8,0.0,0.0,6.1E-4,24.700,-0.05,9.8,-0.1,0.0,9.8,0.0,0.0,-6.1E-4
24.750,-0.02,9.8,-0.3,0.0,9.8,0.0,0.0,0.0,24.750,-0.04,9.8,0.1,0.0,9.8,0.0,0.0,-6.1E-4,,,,,,,,,,24.750,-0.04,9.9,0.0,0.0,9.9,0.0,0.0,-6.1E-4,24.750,-0.01,9.8,-0.1,0.0,9.8,0.0,0.0,6.1E-4,24.750,-0.05,9.8,-0.1,0.0,9.8,0.0,0.0,-6.1E-4
24.800,-0.02,9.8,-0.3,0.1,9.8,0.0,0.0,0.0,24.800,-0.04,9.8,0.1,0.0,9.8,0.0,0.0,0.0,,,,,,,,,,24.800,-0.04,9.8,0.0,0.0,9.8,0.0,0.0,-6.1E-4,24.800,-0.02,9.8,-0.1,0.0,9.8,0.0,0.0,-6.1E-4,24.800,-0.05,9.8,-0.1,0.0,9.8,0.0,0.0,0.0
24.850,-0.02,9.8,-0.3,0.0,9.8,0.0,0.0,6.1E-4,24.850,-0.03,9.9,0.2,0.0,9.9,-1.2E-4,0.0,-6.1E-4,,,,,,,,,,24.850,-0.04,9.8,0.0,-0.1,9.8,0.0,0.0,-6.1E-4,24.850,-0.02,9.8,0.0,0.0,9.8,0.0,0.0,0.0,24.850,-0.05,9.8,-0.1,0.0,9.8,0.0,0.0,-6.1E-4
24.900,-0.02,9.8,-0.3,0.1,9.8,0.0,0.0,-6.1E-4,24.900,-0.02,9.8,0.0,0.0,9.8,0.0,0.0,-6.1E-4,,,,,,,,,,24.900,-0.05,9.8,0.0,-0.1,9.8,0.0,0.0,-6.1E-4,24.900,-0.02,9.8,-0.1,0.0,9.8,0.0,0.0,-6.1E-4,24.900,-0.05,9.8,-0.1,0.0,9.8,0.0,0.0,-6.1E-4
24.950,0.00,9.8,-0.3,0.0,9.8,0.0,0.0,0.0,24.950,-0.04,9.8,0.2,0.0,9.8,0.0,0.0,-6.1E-4,,,,,,,,,,24.950,-0.03,9.8,0.0,0.0,9.8,0.0,0.0,0.0,24.950,-0.02,9.8,-0.1,0.0,9.8,0.0,0.0,6.1E-4,24.950,-0.06,9.8,-0.1,0.0,9.8,0.0,0.0,-6.1E-4
25.000,0.00,9.9,-0.3,0.1,9.9,0.0,0.0,0.0,25.000,-0.04,9.8,0.0,-0.1,9.8,0.0,0.0,6.1E-4,,,,,,,,,,25.000,-0.03,9.9,0.0,0.0,9.9,0.0,0.0,0.0,25.000,-0.02,9.8,-0.1,0.0,9.8,0.0,0.0,-6.1E-4,25.000,-0.06,9.8,0.0,0.0,9.8,0.0,0.0,-6.1E-4
25.050,-0.02,9.8,-0.3,-0.1,9.8,0.0,0.0,-6.1E-4,25.050,-0.04,9.9,0.1,0.1,9.9,0.0,0.0,-6.1E-4,,,,,,,,,,25.050,-0.04,9.8,0.1,-0.1,9.8,0.0,0.0,0.0,25.050,-0.02,9.8,-0.1,0.0,9.8,0.0,0.0,-6.1E-4,25.050,-0.06,9.8,-0.1,0.0,9.8,0.0,0.0,6.1E-4
25.100,-0.02,9.9,-0.1,0.1,9.9,0.0,0.0,0.0,25.100,-0.05,9.8,0.1,0.0,9.8,0.0,0.0,6.1E-4,,,,,,,,,,25.100,-0.05,9.8,-0.1,0.0,9.8,0.0,0.0,0.0,25.100,0.01,9.8,-0.1,0.0,9.8,0.0,0.0,0.0,25.100,-0.06,9.8,-0.1,0.0,9.8,0.0,0.0,-6.1E-4
25.150,-0.03,9.8,-0.5,-0.1,9.8,0.0,0.0,0.0,25.150,-0.05,9.9,0.1,0.1,9.9,0.0,0.0,-6.1E-4,,,,,,,,,,25.150,-0.03,9.8,0.0,-0.1,9.8,0.0,0.0,0.0,25.150,-0.01,9.8,-0.1,0.0,9.8,0.0,0.0,-6.1E-4,25.150,-0.06,9.8,-0.1,0.0,9.8,0.0,0.0,6.1E-4
25.200,-0.02,9.9,-0.3,0.1,9.9,0.0,0.0,0.0,25.200,-0.06,9.8,0.1,0.0,9.8,0.0,0.0,-6.1E-4,,,,,,,,,,25.200,-0.04,9.8,0.1,-0.1,9.8,0.0,0.0,0.0,25.200,-0.02,9.8,-0.1,0.0,9.8,0.0,0.0,0.0,25.200,-0.05,9.8,-0.1,0.0,9.8,0.0,0.0,0.0
25.250,-0.02,9.8,-0.5,0.0,9.8,-0.1,0.0,0.0,25.250,-0.05,9.8,0.1,0.0,9.8,0.0,0.0,-6.1E-4,,,,,,,,,,25.250,-0.04,9.8,-0.1,-0.1,9.8,0.0,0.0,0.0,25.250,-0.02,9.8,0.0,0.0,9.8,0.0,0.0,-6.1E-4,25.250,-0.06,9.8,-0.1,0.0,9.8,0.0,0.0,-6.1E-4
25.300,-0.03,9.9,-0.1,0.0,9.9,0.0,0.0,0.0,25.300,-0.06,9.8,0.1,0.0,9.8,0.0,0.0,0.0,,,,,,,,,,25.300,-0.03,9.8,0.0,0.0,9.8,0.0,0.0,6.1E-4,25.300,-0.03,9.8,-0.1,0.0,9.8,0.0,0.0,0.0,25.300,-0.05,9.8,-0.1,0.0,9.8,0.0,0.0,-6.1E-4
25.350,-0.03,9.8,-0.3,0.1,9.8,0.0,0.0,0.0,25.350,-0.05,9.8,0.1,0.0,9.8,0.0,0.0,0.0,,,,,,,,,,25.350,-0.03,9.8,0.0,0.0,9.8,0.0,0.0,0.0,25.350,-0.03,9.8,-0.1,0.0,9.8,0.0,0.0,6.1E-4,25.350,-0.05,9.8,-0.1,0.0,9.8,0.0,0.0,-6.1E-4
25.400,-0.03,9.9,-0.3,0.0,9.9,0.0,0.0,0.0,25.400,-0.06,9.8,0.1,0.0,9.8,-1.2E-4,0.0,-6.1E-4,,,,,,,,,,25.400,-0.04,9.8,0.0,-0.1,9.8,0.0,0.0,0.0,25.400,-0.03,9.8,-0.1,0.0,9.8,0.0,0.0,-6.1E-4,25.400,-0.06,9.8,-0.1,0.0,9.8,0.0,0.0,-6.1E-4
25.450,-0.03,9.8,-0.2,0.0,9.8,0.0,0.0,0.0,25.450,-0.06,9.8,0.1,0.0,9.8,0.0,0.0,6.1E-4,,,,,,,,,,25.450,-0.06,9.8,-0.1,0.0,9.8,0.0,0.0,-6.1E-4,25.450,-0.02,9.8,-0.1,0.0,9.8,0.0,0.0,6.1E-4,25.450,-0.06,9.8,-0.1,0.0,9.8,0.0,0.0,-6.1E-4
25.500,-0.03,9.8,-0.3,0.0,9.8,0.0,0.0,0.0,25.500,-0.06,9.9,0.1,0.1,9.9,0.0,0.0,6.1E-4,,,,,,,,,,25.500,-0.05,9.9,0.0,0.0,9.9,0.0,0.0,-6.1E-4,25.500,-0.03,9.8,-0.1,0.0,9.8,0.0,0.0,6.1E-4,25.500,-0.06,9.8,-0.1,0.0,9.8,0.0,0.0,6.1E-4
25.550,-0.01,9.8,-0.3,0.0,9.8,0.0,0.0,0.0,25.550,-0.06,9.9,0.1,0.0,9.9,0.0,0.0,0.0,,,,,,,,,,25.550,-0.04,9.8,0.0,-0.1,9.8,0.0,0.0,6.1E-4,25.550,-0.02,9.8,-0.1,0.0,9.8,0.0,0.0,-6.1E-4,25.550,-0.06,9.8,-0.1,0.0,9.8,0.0,0.0,-6.1E-4
25.600,-0.03,9.8,-0.3,0.0,9.8,0.0,0.0,0.0,25.600,-0.05,9.8,0.1,0.0,9.8,0.0,0.0,0.0,,,,,,,,,,25.600,-0.04,9.9,0.0,0.0,9.9,0.0,0.0,6.1E-4,25.600,-0.03,9.8,-0.1,0.0,9.8,0.0,0.0,6.1E-4,25.600,-0.05,9.8,-0.1,0.0,9.8,0.0,0.0,-6.1E-4
25.650,-0.02,9.9,-0.2,0.0,9.9,0.0,0.0,0.0,25.650,-0.05,9.9,0.2,0.0,9.9,0.0,0.0,0.0,,,,,,,,,,25.650,-0.04,9.8,0.0,-0.1,9.8,0.0,0.0,0.0,25.650,-0.01,9.8,0.0,0.0,9.8,0.0,0.0,-6.1E-4,25.650,-0.06,9.8,-0.1,0.0,9.8,0.0,0.0,6.1E-4
25.700,-0.02,9.8,-0.3,-0.1,9.8,0.0,0.0,0.0,25.700,-0.04,9.8,0.1,0.0,9.8,0.0,0.0,0.0,,,,,,,,,,25.700,-0.03,9.9,0.0,0.0,9.9,0.0,0.0,0.0,25.700,-0.01,9.8,-0.1,0.0,9.8,0.0,0.0,-6.1E-4,25.700,-0.06,9.8,-0.1,0.0,9.8,0.0,0.0,-6.1E-4
25.750,-0.02,9.9,-0.3,0.0,9.9,0.0,0.0,0.0,25.750,-0.06,9.8,0.1,0.0,9.8,0.0,0.0,6.1E-4,,,,,,,,,,25.750,-0.04,9.8,0.0,0.0,9.8,0.0,0.0,6.1E-4,25.750,-0.02,9.8,-0.1,0.0,9.8,0.0,0.0,0.0,25.750,-0.06,9.8,-0.1,0.0,9.8,0.0,0.0,6.1E-4
25.800,-0.02,9.9,-0.3,-0.1,9.9,0.0,0.0,0.0,25.800,-0.05,9.8,0.1,0.0,9.8,0.0,0.0,-6.1E-4,,,,,,,,,,25.800,-0.04,9.9,0.0,0.0,9.9,0.0,0.0,6.1E-4,25.800,-0.04,9.8,-0.1,0.0,9.8,0.0,0.0,0.0,25.800,-0.07,9.8,-0.1,0.0,9.8,0.0,0.0,0.0
25.850,-0.03,9.9,-0.3,0.0,9.9,0.0,0.0,-6.1E-4,25.850,-0.05,9.8,0.1,0.0,9.8,0.0,0.0,-6.1E-4,,,,,,,,,,25.850,-0.04,9.8,-0.1,-0.1,9.8,0.0,0.0,0.0,25.850,-0.04,9.8,0.0,0.0,9.8,0.0,0.0,-6.1E-4,25.850,-0.06,9.8,-0.1,0.0,9.8,0.0,0.0,-6.1E-4
25.900,-0.03,9.8,-0.3,-0.1,9.8,0.0,-1.2E-4,0.0,25.900,-0.04,9.9,0.1,0.1,9.9,0.0,0.0,0.0,,,,,,,,,,25.900,-0.04,9.8,0.0,0.0,9.8,0.0,0.0,6.1E-4,25.900,-0.03,9.8,-0.1,0.0,9.8,0.0,0.0,6.1E-4,25.900,-0.06,9.8,-0.1,0.0,9.8,0.0,0.0,-6.1E-4
25.950,-0.03,9.9,-0.3,0.0,9.9,0.0,0.0,0.0,25.950,-0.05,9.8,0.0,0.0,9.8,0.0,0.0,0.0,,,,,,,,,,25.950,-0.05,9.8,0.0,0.0,9.8,0.0,0.0,0.0,25.950,-0.02,9.8,-0.1,0.0,9.8,0.0,0.0,-6.1E-4,25.950,-0.05,9.8,-0.1,0.0,9.8,0.0,0.0,6.1E-4
26.000,-0.03,9.8,-0.2,-0.1,9.8,0.0,0.0,0.0,26.000,-0.06,9.8,0.1,0.0,9.8,0.0,0.0,0.0,,,,,,,,,,26.000,-0.05,9.8,0.1,-0.1,9.8,0.0,0.0,-6.1E-4,26.000,-0.03,9.8,-0.1,0.0,9.8,0.0,0.0,-6.1E-4,26.000,-0.06,9.8,-0.1,0.0,9.8,0.0,0.0,-6.1E-4
26.050,-0.03,9.8,-0.2,0.0,9.8,0.0,0.0,0.0,26.050,-0.04,9.8,0.2,0.1,9.8,0.0,0.0,6.1E-4,,,,,,,,,,26.050,-0.05,9.8,-0.1,0.0,9.8,0.0,0.0,6.1E-4,26.050,-0.03,9.8,-0.1,0.0,9.8,0.0,0.0,6.1E-4,26.050,-0.06,9.8,-0.1,0.0,9.8,0.0,0.0,6.1E-4
26.100,-0.04,9.8,-0.4,0.0,9.8,0.0,0.0,6.1E-4,26.100,-0.06,9.8,0.1,0.0,9.8,0.0,0.0,6.1E-4,,,,,,,,,,26.100,-0.04,9.9,0.0,0.0,9.9,0.0,0.0,6.1E-4,26.100,-0.02,9.8,-0.1,0.0,9.8,0.0,0.0,-6.1E-4,26.100,-0.06,9.8,-0.1,0.0,9.8,0.0,0.0,6.1E-4
26.150,-0.04,9.8,-0.1,0.0,9.8,0.0,0.0,-6.1E-4,26.150,-0.05,9.8,0.1,0.0,9.8,0.0,0.0,-6.1E-4,,,,,,,,,,26.150,-0.05,9.8,0.0,-0.1,9.8,0.0,0.0,0.0,26.150,-0.02,9.8,-0.1,0.0,9.8,0.0,0.0,0.0,26.150,-0.06,9.8,-0.1,0.0,9.8,0.0,0.0,-6.1E-4
26.200,-0.04,9.8,-0.2,0.0,9.8,0.0,0.0,0.0,26.200,-0.05,9.8,0.1,0.0,9.8,0.0,0.0,0.0,,,,,,,,,,26.200,-0.04,9.8,0.0,0.0,9.8,0.0,0.0,0.0,26.200,-0.02,9.8,-0.1,0.0,9.8,0.0,0.0,-6.1E-4,26.200,-0.06,9.8,-0.1,0.0,9.8,0.0,0.0,-6.1E-4
26.250,-0.04,9.9,-0.4,0.0,9.9,0.0,0.0,0.0,26.250,-0.05,9.8,0.1,0.1,9.8,0.0,0.0,0.0,,,,,,,,,,26.250,-0.04,9.8,0.0,0.0,9.8,0.0,0.0,6.1E-4,26.250,-0.03,9.8,-0.1,0.0,9.8,0.0,0.0,-6.1E-4,26.250,-0.05,9.8,-0.1,0.0,9.8,0.0,0.0,6.1E-4
26.300,-0.02,9.8,-0.3,0.0,9.8,0.0,0.0,0.0,26.300,-0.04,9.8,0.1,-0.1,9.8,0.0,0.0,0.0,,,,,,,,,,26.300,-0.04,9.9,1.9E-4,0.0,9.9,0.0,0.0,-6.1E-4,26.300,-0.04,9.8,-0.1,0.0,9.8,0.0,0.0,6.1E-4,26.300,-0.06,9.8,-0.1,0.0,9.8,0.0,0.0,-6.1E-4
26.350,-0.03,9.9,-0.1,0.0,9.9,0.0,0.0,-6.1E-4,26.350,-0.05,9.8,0.1,0.1,9.8,0.0,0.0,0.0,,,,,,,,,,26.350,-0.04,9.8,0.0,0.0,9.8,0.0,0.0,0.0,26.350,-0.02,9.8,-0.1,0.0,9.8,0.0,0.0,6.1E-4,26.350,-0.07,9.8,-0.1,0.0,9.8,0.0,0.0,6.1E-4
26.400,-0.02,9.8,-0.3,0.0,9.8,0.1,0.0,0.0,26.400,-0.05,9.8,0.1,0.0,9.8,0.0,0.0,0.0,,,,,,,,,,26.400,-0.05,9.8,0.0,-0.1,9.8,0.0,0.0,-6.1E-4,26.400,-0.05,9.8,-0.1,0.0,9.8,0.0,0.0,-6.1E-4,26.400,-0.06,9.8,-0.1,0.0,9.8,0.0,0.0,0.0
26.450,-0.03,9.8,-0.6,0.1,9.8,0.0,0.0,6.1E-4,26.450,-0.04,9.9,0.1,0.0,9.9,0.0,0.0,-6.1E-4,,,,,,,,,,26.450,-0.04,9.8,0.1,-0.1,9.8,0.0,0.0,6.1E-4,26.450,-0.04,9.8,0.0,0.0,9.8,0.0,0.0,6.1E-4,26.450,-0.06,9.8,-0.1,0.0,9.8,0.0,0.0,-6.1E-4
26.500,-0.02,9.8,-0.4,0.0,9.8,-0.1,0.0,0.0,26.500,-0.07,9.8,0.1,0.0,9.8,0.0,0.0,-6.1E-4,,,,,,,,,,26.500,-0.04,9.8,0.0,-0.1,9.8,0.0,0.0,-6.1E-4,26.500,-0.03,9.8,-0.1,0.0,9.8,0.0,0.0,-6.1E-4,26.500,-0.06,9.8,-0.1,0.0,9.8,0.0,0.0,-6.1E-4
26.550,-0.03,9.8,-0.2,0.1,9.8,-0.1,0.0,6.1E-4,26.550,-0.06,9.8,0.1,0.0,9.8,0.0,0.0,-6.1E-4,,,,,,,,,,26.550,-0.04,9.8,-0.1,0.0,9.8,0.0,0.0,-6.1E-4,26.550,-0.04,9.8,-0.1,0.0,9.8,0.0,0.0,-6.1E-4,26.550,-0.06,9.8,-0.1,0.0,9.8,0.0,0.0,-6.1E-4
26.600,-0.02,9.8,-0.2,0.0,9.8,0.0,0.0,0.0,26.600,-0.06,9.8,0.1,0.0,9.8,0.0,0.0,6.1E-4,,,,,,,,,,26.600,-0.04,9.9,0.0,0.0,9.9,0.0,0.0,0.0,26.600,-0.02,9.8,0.0,0.0,9.8,0.0,0.0,6.1E-4,26.600,-0.06,9.8,-0.1,0.0,9.8,0.0,0.0,-6.1E-4
26.650,-0.03,9.8,-0.3,0.1,9.8,0.0,0.0,0.0,26.650,-0.06,9.9,0.1,0.1,9.9,0.0,0.0,0.0,,,,,,,,,,26.650,-0.04,9.8,0.0,-0.1,9.8,0.0,0.0,0.0,26.650,-0.03,9.8,-0.1,0.0,9.8,0.0,0.0,-6.1E-4,26.650,-0.06,9.8,-0.1,0.0,9.8,0.0,0.0,-6.1E-4
26.700,-0.03,9.8,-0.3,0.1,9.9,0.0,0.0,0.0,26.700,-0.05,9.8,0.1,0.0,9.8,0.0,0.0,-6.1E-4,,,,,,,,,,26.700,-0.04,9.8,-0.1,-0.1,9.8,0.0,0.0,-6.1E-4,26.700,-0.03,9.8,0.0,0.0,9.8,0.0,0.0,-6.1E-4,26.700,-0.05,9.8,-0.1,0.0,9.8,0.0,0.0,0.0
26.750,-0.03,9.8,-0.4,-0.1,9.8,0.0,0.0,0.0,26.750,-0.05,9.8,0.1,0.0,9.8,0.0,0.0,6.1E-4,,,,,,,,,,26.750,-0.04,9.9,0.0,0.0,9.9,0.0,0.0,0.0,26.750,-0.03,9.8,-0.1,0.0,9.8,0.0,0.0,0.0,26.750,-0.05,9.8,-0.1,0.0,9.8,0.0,0.0,6.1E-4
26.800,-0.03,9.9,-0.2,0.1,9.9,0.0,0.0,0.0,26.800,-0.06,9.8,0.1,0.0,9.8,0.0,0.0,6.1E-4,,,,,,,,,,26.800,-0.04,9.8,0.0,-0.1,9.8,0.0,0.0,0.0,26.800,-0.04,9.8,-0.1,0.0,9.8,0.0,0.0,0.0,26.800,-0.05,9.8,-0.1,0.0,9.8,0.0,0.0,-6.1E-4
26.850,-0.03,9.8,-0.3,0.0,9.8,0.0,0.0,0.0,26.850,-0.06,9.8,0.0,0.0,9.8,0.0,0.0,-6.1E-4,,,,,,,,,,26.850,-0.03,9.8,-0.1,0.0,9.8,0.0,0.0,-6.1E-4,26.850,-0.02,9.8,-0.1,0.0,9.8,0.0,0.0,-6.1E-4,26.850,-0.05,9.8,-0.1,0.0,9.8,0.0,0.0,-6.1E-4
26.900,-0.04,9.9,-0.3,0.1,9.9,0.0,0.0,0.0,26.900,-0.06,9.8,0.1,0.0,9.8,0.0,0.0,-6.1E-4,,,,,,,,,,26.900,-0.04,9.9,1.9E-4,-0.1,9.9,0.0,0.0,0.0,26.900,-0.03,9.8,0.0,0.0,9.8,0.0,0.0,6.1E-4,26.900,-0.06,9.8,-0.1,0.0,9.8,0.0,0.0,-6.1E-4
26.950,-0.04,9.8,-0.2,0.0,9.8,0.0,0.0,0.0,26.950,-0.06,9.8,0.1,0.0,9.8,0.0,0.0,-6.1E-4,,,,,,,,,,26.950,-0.04,9.9,0.0,0.0,9.9,0.0,0.0,-6.1E-4,26.950,-0.02,9.8,-0.1,0.0,9.8,-1.2E-4,0.0,0.0,26.950,-0.06,9.8,-0.1,0.0,9.8,0.0,0.0,-6.1E-4
27.000,-0.03,9.9,-0.2,0.1,9.9,0.0,0.0,0.0,27.000,-0.06,9.8,0.1,0.0,9.8,0.0,0.0,6.1E-4,,,,,,,,,,27.000,-0.04,9.8,0.0,-0.1,9.8,0.0,0.0,0.0,27.000,-0.02,9.8,-0.1,0.0,9.8,0.0,0.0,-6.1E-4,27.000,-0.07,9.8,-0.1,0.0,9.8,0.0,0.0,0.0
27.050,-0.03,9.7,-0.2,-0.1,9.7,0.0,0.0,0.0,27.050,-0.06,9.8,0.2,0.0,9.8,0.0,0.0,6.1E-4,,,,,,,,,,27.050,-0.04,9.8,0.0,0.0,9.8,0.0,0.0,6.1E-4,27.050,-0.03,9.8,0.0,0.0,9.8,0.0,0.0,-6.1E-4,27.050,-0.06,9.8,-0.1,0.0,9.8,0.0,0.0,-6.1E-4
27.100,-0.04,9.9,-0.4,0.1,9.9,0.0,0.0,0.0,27.100,-0.05,9.8,0.1,0.0,9.8,0.0,0.0,-6.1E-4,,,,,,,,,,27.100,-0.03,9.8,0.0,0.0,9.8,0.0,0.0,0.0,27.100,-0.03,9.8,0.0,0.0,9.8,-1.2E-4,0.0,6.1E-4,27.100,-0.07,9.8,-0.1,0.0,9.8,0.0,0.0,6.1E-4
27.150,-0.03,9.8,-0.2,0.0,9.8,0.0,0.0,0.0,27.150,-0.07,9.8,0.1,0.0,9.8,0.0,0.0,6.1E-4,,,,,,,,,,27.150,-0.03,9.9,0.0,0.0,9.9,0.0,0.0,6.1E-4,27.150,-0.03,9.8,-0.1,0.0,9.8,0.0,0.0,-6.1E-4,27.150,-0.06,9.8,-0.1,0.0,9.8,0.0,0.0,-6.1E-4
27.200,-0.01,9.9,-0.3,0.0,9.9,0.0,0.0,0.0,27.200,-0.07,9.8,0.1,0.0,9.8,0.0,0.0,6.1E-4,,,,,,,,,,27.200,-0.03,9.8,0.0,-0.1,9.8,-1.2E-4,0.0,-6.1E-4,27.200,-0.03,9.8,-0.1,0.0,9.8,0.0,0.0,6.1E-4,27.200,-0.06,9.8,-0.1,0.0,9.8,0.0,0.0,0.0
27.250,-0.02,9.8,-0.2,0.0,9.8,0.0,0.0,0.0,27.250,-0.07,9.8,0.1,0.0,9.8,0.0,0.0,-6.1E-4,,,,,,,,,,27.250,-0.03,9.9,0.0,0.0,9.9,0.0,0.0,0.0,27.250,-0.04,9.8,-0.1,0.0,9.8,0.0,0.0,0.0,27.250,-0.07,9.8,-0.1,0.0,9.8,0.0,0.0,-6.1E-4
27.300,-0.01,9.8,-0.3,0.0,9.9,0.0,0.0,0.0,27.300,-0.06,9.8,0.1,0.0,9.8,0.0,0.0,-6.1E-4,,,,,,,,,,27.300,-0.03,9.8,-0.1,-0.1,9.8,0.0,0.0,6.1E-4,27.300,-0.04,9.8,0.0,0.0,9.8,0.0,0.0,-6.1E-4,27.300,-0.07,9.8,-0.1,0.0,9.8,0.0,0.0,-6.1E-4
27.350,-0.01,9.8,-0.2,0.0,9.8,0.0,0.0,6.1E-4,27.350,-0.07,9.8,0.1,0.0,9.8,0.0,0.0,6.1E-4,,,,,,,,,,27.350,-0.03,9.9,0.0,0.0,9.9,0.0,0.0,-6.1E-4,27.350,-0.03,9.8,-0.1,0.0,9.8,0.0,0.0,0.0,27.350,-0.06,9.8,-0.1,0.0,9.8,0.0,0.0,-6.1E-4
27.400,-0.02,9.8,-0.3,0.0,9.9,0.0,0.0,0.0,27.400,-0.07,9.8,0.1,0.0,9.8,0.0,0.0,6.1E-4,,,,,,,,,,27.400,-0.04,9.8,0.0,-0.1,9.8,0.0,0.0,6.1E-4,27.400,-0.03,9.8,-0.1,0.0,9.8,0.0,0.0,6.1E-4,27.400,-0.06,9.8,-0.1,0.0,9.8,0.0,0.0,-6.1E-4
27.450,-0.02,9.9,-0.3,0.1,9.9,0.0,0.0,0.0,27.450,-0.06,9.9,0.1,0.1,9.9,0.0,0.0,-6.1E-4,,,,,,,,,,27.450,-0.03,9.9,0.0,0.0,9.9,0.0,0.0,0.0,27.450,-0.04,9.8,-0.1,0.0,9.8,0.0,0.0,0.0,27.450,-0.08,9.8,-0.1,0.0,9.8,0.0,0.0,6.1E-4
27.500,-0.03,9.8,-0.2,0.0,9.8,0.0,0.0,0.0,27.500,-0.07,9.8,0.1,0.0,9.8,0.0,0.0,-6.1E-4,,,,,,,,,,27.500,-0.03,9.8,0.0,-0.1,9.8,0.0,0.0,0.0,27.500,-0.03,9.8,0.0,0.0,9.8,0.0,0.0,-6.1E-4,27.500,-0.07,9.8,-0.1,0.0,9.8,0.0,0.0,-6.1E-4
27.550,-0.03,9.8,-0.2,0.0,9.8,0.0,0.0,0.0,27.550,-0.08,9.8,0.1,0.0,9.8,0.0,0.0,6.1E-4,,,,,,,,,,27.550,-0.02,9.9,0.1,0.1,9.9,0.0,0.0,0.0,27.550,-0.04,9.8,-0.1,0.0,9.8,0.0,0.0,0.0,27.550,-0.07,9.8,-0.1,0.0,9.8,0.0,0.0,6.1E-4
27.600,-0.03,9.8,-0.2,0.0,9.8,0.0,0.0,0.0,27.600,-0.08,9.9,0.2,0.0,9.9,0.0,0.0,0.0,,,,,,,,,,27.600,-0.02,9.8,-0.1,-0.1,9.8,0.0,0.0,-6.1E-4,27.600,-0.04,9.8,0.0,0.0,9.8,0.0,0.0,0.0,27.600,-0.07,9.8,-0.1,0.0,9.8,0.0,0.0,-6.1E-4
27.650,-0.03,9.8,-0.4,0.0,9.8,0.0,0.0,0.0,27.650,-0.06,9.8,0.1,0.0,9.8,0.0,0.0,0.0,,,,,,,,,,27.650,-0.04,9.8,0.1,0.0,9.8,0.0,0.0,6.1E-4,27.650,-0.03,9.8,-0.1,0.0,9.8,0.0,0.0,6.1E-4,27.650,-0.06,9.8,-0.1,0.0,9.8,0.0,0.0,-6.1E-4
27.700,-0.03,9.8,-0.3,0.0,9.8,0.0,0.0,6.1E-4,27.700,-0.06,9.8,0.0,0.0,9.8,0.0,0.0,0.0,,,,,,,,,,27.700,-0.04,9.8,-0.1,0.0,9.8,0.0,0.0,0.0,27.700,-0.02,9.8,0.0,0.0,9.8,0.0,0.0,0.0,27.700,-0.06,9.8,-0.1,0.0,9.8,0.0,0.0,-6.1E-4
27.750,-0.02,9.9,-0.2,0.1,9.9,0.0,0.0,-6.1E-4,27.750,-0.06,9.8,0.1,0.0,9.8,0.0,0.0,-6.1E-4,,,,,,,,,,27.750,-0.04,9.9,0.0,0.0,9.9,0.0,0.0,6.1E-4,27.750,-0.02,9.8,-0.1,0.0,9.8,0.0,0.0,0.0,27.750,-0.05,9.8,-0.1,0.0,9.8,0.0,0.0,-6.1E-4
27.800,-0.03,9.8,-0.1,0.0,9.8,0.0,0.0,6.1E-4,27.800,-0.06,9.9,0.1,0.0,9.9,0.0,0.0,-6.1E-4,,,,,,,,,,27.800,-0.03,9.8,0.1,-0.1,9.8,0.0,0.0,-6.1E-4,27.800,-0.01,9.8,-0.1,0.0,9.8,0.0,0.0,0.0,27.800,-0.05,9.8,-0.1,0.0,9.8,0.0,0.0,-6.1E-4
27.850,-0.02,9.9,-0.2,0.0,9.9,0.0,0.0,0.0,27.850,-0.05,9.8,0.1,0.0,9.8,0.0,0.0,0.0,,,,,,,,,,27.850,-0.03,9.8,0.0,-0.1,9.8,0.0,0.0,0.0,27.850,-0.02,9.8,-0.1,0.0,9.8,0.0,0.0,-6.1E-4,27.850,-0.06,9.8,-0.1,0.0,9.8,0.0,0.0,0.0
27.900,-0.02,9.8,-0.4,0.0,9.8,0.0,0.0,0.0,27.900,-0.06,9.8,0.1,0.0,9.8,0.0,0.0,0.0,,,,,,,,,,27.900,-0.04,9.8,1.9E-4,0.0,9.8,0.0,0.0,6.1E-4,27.900,-0.01,9.8,-0.1,0.0,9.8,0.0,0.0,0.0,27.900,-0.04,9.8,-0.1,0.0,9.8,0.0,0.0,-6.1E-4
27.950,-0.03,9.8,-0.3,0.0,9.8,0.0,0.0,0.0,27.950,-0.07,9.8,0.1,0.0,9.8,0.0,0.0,6.1E-4,,,,,,,,,,27.950,-0.04,9.8,0.0,-0.1,9.8,0.0,0.0,0.0,27.950,-0.02,9.8,0.0,0.0,9.8,0.0,0.0,6.1E-4,27.950,-0.05,9.8,-0.1,0.0,9.8,0.0,0.0,-6.1E-4
28.000,-0.02,9.8,-0.3,0.0,9.8,0.0,0.0,0.0,28.000,-0.06,9.9,0.2,0.0,9.9,0.0,0.0,6.1E-4,,,,,,,,,,28.000,-0.04,9.8,0.1,0.0,9.8,0.0,0.0,0.0,28.000,-0.02,9.8,-0.1,0.0,9.8,0.0,0.0,-6.1E-4,28.000,-0.06,9.8,-0.1,0.0,9.8,0.0,0.0,-6.1E-4
28.050,-0.03,9.8,-0.3,0.0,9.8,0.0,0.0,-6.1E-4,28.050,-0.06,9.8,0.1,0.0,9.8,0.0,0.0,0.0,,,,,,,,,,28.050,-0.03,9.8,-0.1,0.0,9.8,0.0,0.0,0.0,28.050,-0.03,9.8,-0.1,0.0,9.8,0.0,0.0,-6.1E-4,28.050,-0.06,9.8,-0.1,0.0,9.8,0.0,0.0,-6.1E-4
28.100,-0.04,9.9,-0.1,0.0,9.9,-0.1,0.0,0.0,28.100,-0.05,9.8,0.2,0.0,9.8,0.0,0.0,6.1E-4,,,,,,,,,,28.100,-0.04,9.9,0.0,0.0,9.9,0.0,0.0,0.0,28.100,-0.03,9.8,0.0,0.0,9.8,0.0,0.0,0.0,28.100,-0.06,9.8,-0.1,0.0,9.8,0.0,0.0,6.1E-4
28.150,-0.04,9.8,-0.2,0.0,9.8,0.0,0.0,0.0,28.150,-0.06,9.8,0.1,0.0,9.8,0.0,0.0,-6.1E-4,,,,,,,,,,28.150,-0.03,9.8,0.0,-0.1,9.8,0.0,0.0,0.0,28.150,-0.03,9.8,-0.1,0.0,9.8,0.0,0.0,0.0,28.150,-0.06,9.8,0.0,0.0,9.8,0.0,0.0,-6.1E-4
28.200,-0.04,9.8,-0.5,0.0,9.8,0.0,0.0,0.0,28.200,-0.06,9.8,0.1,0.0,9.8,0.0,0.0,0.0,,,,,,,,,,28.200,-0.04,9.8,-0.1,0.0,9.8,0.0,0.0,-6.1E-4,28.200,-0.04,9.8,-0.1,0.0,9.8,0.0,0.0,6.1E-4,28.200,-0.06,9.8,-0.1,0.0,9.8,0.0,0.0,6.1E-4
28.250,-0.02,9.8,-0.2,0.0,9.8,0.0,0.0,6.1E-4,28.250,-0.07,9.8,0.1,0.0,9.8,0.0,0.0,6.1E-4,,,,,,,,,,28.250,-0.04,9.9,0.0,0.0,9.9,0.0,0.0,-6.1E-4,28.250,-0.03,9.8,-0.1,0.0,9.8,0.0,0.0,0.0,28.250,-0.06,9.8,-0.1,0.0,9.8,0.0,0.0,-6.1E-4
28.300,-0.03,9.8,-0.2,0.0,9.8,0.0,0.0,0.0,28.300,-0.08,9.8,0.1,0.0,9.8,0.0,0.0,-6.1E-4,,,,,,,,,,28.300,-0.05,9.8,0.0,-0.1,9.8,0.0,0.0,-6.1E-4,28.300,-0.04,9.8,0.0,0.0,9.8,0.0,0.0,-6.1E-4,28.300,-0.07,9.8,-0.1,0.0,9.8,0.0,0.0,-6.1E-4
28.350,-0.04,9.9,-0.3,0.0,9.9,0.0,0.0,0.0,28.350,-0.07,9.8,0.1,0.0,9.8,0.0,0.0,6.1E-4,,,,,,,,,,28.350,-0.04,9.8,0.0,0.0,9.8,0.0,0.0,6.1E-4,28.350,-0.03,9.8,-0.1,0.0,9.8,0.0,0.0,-6.1E-4,28.350,-0.06,9.8,-0.1,0.0,9.8,0.0,0.0,0.0
28.400,-0.01,9.8,-0.4,0.0,9.8,0.0,0.0,-6.1E-4,28.400,-0.07,9.8,0.1,0.0,9.8,0.0,0.0,-6.1E-4,,,,,,,,,,28.400,-0.03,9.8,0.1,-0.1,9.8,0.0,0.0,0.0,28.400,-0.04,9.8,-0.1,0.0,9.8,0.0,0.0,0.0,28.400,-0.07,9.8,-0.1,0.0,9.8,0.0,0.0,-6.1E-4
28.450,-0.02,9.8,-0.1,0.0,9.8,0.0,0.0,0.0,28.450,-0.07,9.8,0.1,0.0,9.8,0.0,0.0,-6.1E-4,,,,,,,,,,28.450,-0.04,9.8,-0.1,-0.1,9.8,0.0,0.0,6.1E-4,28.450,-0.05,9.8,0.0,0.0,9.8,0.0,0.0,6.1E-4,28.450,-0.06,9.8,-0.1,0.0,9.8,0.0,0.0,-6.1E-4
28.500,-0.03,9.8,-0.3,-0.1,9.8,0.0,0.0,-6.1E-4,28.500,-0.07,9.8,0.1,0.0,9.8,0.0,0.0,6.1E-4,,,,,,,,,,28.500,-0.05,9.8,0.0,0.0,9.8,0.0,0.0,0.0,28.500,-0.03,9.8,-0.1,0.0,9.8,0.0,0.0,6.1E-4,28.500,-0.07,9.8,-0.1,0.0,9.8,0.0,0.0,6.1E-4
28.550,-0.02,9.8,-0.4,0.0,9.8,0.0,0.0,0.0,28.550,-0.07,9.8,0.1,0.0,9.8,0.0,0.0,0.0,,,,,,,,,,28.550,-0.04,9.8,0.1,-0.1,9.8,0.0,0.0,0.0,28.550,-0.03,9.8,-0.1,0.0,9.8,0.0,0.0,-6.1E-4,28.550,-0.06,9.8,-0.1,0.0,9.8,0.0,0.0,-6.1E-4
28.600,-0.03,9.8,-0.3,0.0,9.8,0.0,0.0,-6.1E-4,28.600,-0.08,9.9,0.1,0.0,9.9,0.0,0.0,6.1E-4,,,,,,,,,,28.600,-0.04,9.8,-0.2,0.0,9.8,0.0,0.0,0.0,28.600,-0.04,9.8,0.0,0.0,9.8,0.0,0.0,6.1E-4,28.600,-0.06,9.8,-0.1,0.0,9.8,0.0,0.0,6.1E-4
28.650,-0.03,9.8,-0.2,0.0,9.8,0.0,0.0,0.0,28.650,-0.07,9.8,0.1,0.0,9.8,0.0,0.0,-6.1E-4,,,,,,,,,,28.650,-0.05,9.8,0.1,0.0,9.8,0.0,0.0,0.0,28.650,-0.02,9.8,-0.1,0.0,9.8,0.0,0.0,0.0,28.650,-0.06,9.8,-0.1,0.0,9.8,0.0,0.0,-6.1E-4
28.700,-0.03,9.8,-0.3,0.0,9.8,0.0,0.0,0.0,28.700,-0.08,9.9,0.1,0.0,9.9,0.0,0.0,6.1E-4,,,,,,,,,,28.700,-0.04,9.8,0.0,-0.1,9.8,0.0,0.0,0.0,28.700,-0.04,9.8,-0.1,0.0,9.8,0.0,0.0,6.1E-4,28.700,-0.06,9.8,0.0,0.0,9.8,0.0,0.0,-6.1E-4
28.750,-0.04,9.9,-0.3,0.1,9.9,0.0,0.0,-6.1E-4,28.750,-0.07,9.8,0.0,0.0,9.8,0.0,0.0,6.1E-4,,,,,,,,,,28.750,-0.04,9.8,0.0,0.0,9.8,0.0,0.0,6.1E-4,28.750,-0.04,9.8,-0.1,0.0,9.8,0.0,0.0,0.0,28.750,-0.06,9.8,-0.1,0.0,9.8,0.0,0.0,-6.1E-4
28.800,-0.04,9.8,-0.3,0.0,9.8,0.0,0.0,0.0,28.800,-0.07,9.9,0.1,0.1,9.9,0.0,0.0,-6.1E-4,,,,,,,,,,28.800,-0.04,9.8,0.0,-0.1,9.8,0.0,0.0,6.1E-4,28.800,-0.05,9.8,0.0,0.0,9.8,0.0,0.0,0.0,28.800,-0.05,9.8,-0.1,0.0,9.8,0.0,0.0,-6.1E-4
28.850,-0.03,9.8,-0.2,0.0,9.8,0.0,0.0,-6.1E-4,28.850,-0.06,9.8,0.1,0.0,9.8,0.0,0.0,6.1E-4,,,,,,,,,,28.850,-0.03,9.9,0.0,0.0,9.9,0.0,0.0,0.0,28.850,-0.04,9.8,-0.1,0.0,9.8,0.0,0.0,-6.1E-4,28.850,-0.06,9.8,-0.1,0.0,9.8,0.0,0.0,0.0
28.900,-0.03,9.8,-0.3,0.0,9.8,0.0,0.0,0.0,28.900,-0.06,9.8,0.1,0.0,9.8,-1.2E-4,0.0,6.1E-4,,,,,,,,,,28.900,-0.03,9.8,0.0,-0.1,9.8,0.0,0.0,0.0,28.900,-0.04,9.8,0.0,0.0,9.8,0.0,0.0,-6.1E-4,28.900,-0.06,9.8,-0.1,0.0,9.8,0.0,0.0,6.1E-4
28.950,-0.02,9.9,-0.3,0.0,9.9,0.0,0.0,0.0,28.950,-0.06,9.8,0.1,0.0,9.8,0.0,0.0,6.1E-4,,,,,,,,,,28.950,-0.03,9.8,0.0,0.0,9.8,0.0,0.0,0.0,28.950,-0.04,9.8,-0.1,0.0,9.8,0.0,0.0,-6.1E-4,28.950,-0.07,9.8,0.0,0.0,9.8,0.0,0.0,-6.1E-4
29.000,-0.02,9.8,-0.3,0.0,9.8,0.0,0.0,0.0,29.000,-0.05,9.8,0.1,0.0,9.8,0.0,0.0,-6.1E-4,,,,,,,,,,29.000,-0.05,9.8,0.0,-0.1,9.8,0.0,0.0,6.1E-4,29.000,-0.04,9.8,-0.1,0.0,9.8,0.0,0.0,6.1E-4,29.000,-0.07,9.8,-0.1,0.0,9.8,0.0,0.0,-6.1E-4
29.050,-0.03,9.8,-0.3,0.0,9.9,0.0,0.0,0.0,29.050,-0.06,9.8,0.1,0.0,9.8,0.0,0.0,6.1E-4,,,,,,,,,,29.050,-0.04,9.8,0.0,0.0,9.8,0.0,0.0,0.0,29.050,-0.03,9.8,-0.1,0.0,9.8,0.0,0.0,-6.1E-4,29.050,-0.06,9.8,-0.1,0.0,9.8,0.0,0.0,-6.1E-4
29.100,-0.04,9.8,-0.3,0.0,9.8,0.0,0.0,0.0,29.100,-0.05,9.8,0.1,0.0,9.8,0.0,0.0,-6.1E-4,,,,,,,,,,29.100,-0.04,9.8,-0.1,-0.1,9.8,0.0,0.0,-6.1E-4,29.100,-0.03,9.8,-0.1,0.0,9.8,0.0,0.0,-6.1E-4,29.100,-0.08,9.8,0.0,0.0,9.8,0.0,0.0,6.1E-4
29.150,-0.04,9.8,-0.3,0.0,9.8,0.0,0.0,0.0,29.150,-0.05,9.9,0.2,0.0,9.9,0.0,0.0,6.1E-4,,,,,,,,,,29.150,-0.04,9.8,-0.1,-0.1,9.8,0.0,0.0,0.0,29.150,-0.03,9.8,-0.1,0.0,9.8,0.0,0.0,6.1E-4,29.150,-0.06,9.8,-0.1,0.0,9.8,0.0,0.0,-6.1E-4
29.200,-0.03,9.8,-0.2,0.0,9.8,0.0,0.0,-6.1E-4,29.200,-0.06,9.8,0.1,0.0,9.8,0.0,0.0,-6.1E-4,,,,,,,,,,29.200,-0.03,9.8,0.0,0.0,9.8,0.0,0.0,-6.1E-4,29.200,-0.04,9.8,0.0,0.0,9.8,0.0,0.0,6.1E-4,29.200,-0.06,9.8,-0.1,0.0,9.8,0.0,0.0,-6.1E-4
29.250,-0.02,9.8,-0.3,0.0,9.8,0.0,0.0,-6.1E-4,29.250,-0.04,9.8,0.1,0.0,9.8,0.0,0.0,6.1E-4,,,,,,,,,,29.250,-0.04,9.8,-0.1,-0.1,9.8,0.0,0.0,6.1E-4,29.250,-0.04,9.8,-0.1,0.0,9.8,0.0,0.0,-6.1E-4,29.250,-0.06,9.8,-0.1,0.0,9.8,0.0,0.0,-6.1E-4
29.300,-0.02,9.9,-0.3,0.1,9.9,0.0,0.0,0.0,29.300,-0.05,9.8,0.0,0.0,9.8,0.0,0.0,-6.1E-4,,,,,,,,,,29.300,-0.05,9.9,-0.1,0.0,9.9,-0.1,0.0,0.0,29.300,-0.03,9.8,-0.1,0.0,9.8,0.0,0.0,6.1E-4,29.300,-0.06,9.8,0.0,0.0,9.8,0.0,0.0,6.1E-4
29.350,-0.04,9.8,-0.2,0.0,9.8,0.0,0.0,-6.1E-4,29.350,-0.06,9.9,0.2,0.0,9.9,0.0,0.0,-6.1E-4,,,,,,,,,,29.350,-0.04,9.8,-0.1,0.0,9.8,0.0,0.0,0.0,29.350,-0.03,9.8,-0.1,0.0,9.8,0.0,0.0,-6.1E-4,29.350,-0.07,9.8,-0.1,0.0,9.8,0.0,0.0,6.1E-4
29.400,-0.03,9.8,-0.2,0.0,9.8,-1.2E-4,0.0,0.0,29.400,-0.05,9.8,0.1,0.0,9.8,0.0,0.0,6.1E-4,,,,,,,,,,29.400,-0.03,9.8,0.1,-0.1,9.8,0.0,0.0,0.0,29.400,-0.03,9.8,-0.1,0.0,9.8,0.0,0.0,-6.1E-4,29.400,-0.07,9.8,-0.1,0.0,9.8,0.0,0.0,-6.1E-4
29.450,-0.04,9.8,-0.3,0.0,9.8,0.0,0.0,0.0,29.450,-0.05,9.8,0.0,0.0,9.8,0.0,0.0,0.0,,,,,,,,,,29.450,-0.03,9.8,-0.1,0.0,9.8,0.0,0.0,0.0,29.450,-0.04,9.8,-0.1,0.0,9.8,0.0,0.0,6.1E-4,29.450,-0.07,9.8,-0.1,0.0,9.8,0.0,0.0,-6.1E-4
29.500,-0.04,9.9,-0.3,0.1,9.9,0.0,0.0,0.0,29.500,-0.05,9.8,0.2,0.0,9.8,0.0,0.0,6.1E-4,,,,,,,,,,29.500,-0.04,9.8,0.2,-0.1,9.8,-1.2E-4,0.0,0.0,29.500,-0.02,9.8,-0.1,0.0,9.8,0.0,0.0,-6.1E-4,29.500,-0.06,9.8,-0.1,0.0,9.8,0.0,0.0,6.1E-4
29.550,-0.03,9.8,-0.2,-0.1,9.8,0.0,0.0,0.0,29.550,-0.06,9.8,0.0,0.0,9.8,0.0,0.0,0.0,,,,,,,,,,29.550,-0.04,9.9,-0.1,0.0,9.9,0.0,0.0,0.0,29.550,-0.03,9.8,0.0,0.0,9.8,0.0,0.0,-6.1E-4,29.550,-0.05,9.8,-0.1,0.0,9.8,0.0,0.0,-6.1E-4
29.600,-0.03,9.9,-0.2,0.1,9.9,0.0,0.0,0.0,29.600,-0.06,9.8,0.1,0.0,9.8,0.0,0.0,6.1E-4,,,,,,,,,,29.600,-0.04,9.8,0.0,0.0,9.8,0.0,0.0,0.0,29.600,-0.03,9.8,-0.1,0.0,9.8,0.0,0.0,-6.1E-4,29.600,-0.07,9.8,-0.1,0.0,9.8,0.0,0.0,-6.1E-4
29.650,-0.03,9.8,-0.3,-0.1,9.8,0.0,0.0,0.0,29.650,-0.07,9.8,0.1,0.0,9.8,0.0,0.0,-6.1E-4,,,,,,,,,,29.650,-0.02,9.9,0.1,0.0,9.9,0.0,0.0,6.1E-4,29.650,-0.01,9.8,0.0,0.0,9.8,0.0,0.0,6.1E-4,29.650,-0.06,9.8,0.0,0.0,9.8,0.0,0.0,6.1E-4
29.700,-0.02,9.8,-0.2,0.0,9.8,0.0,0.0,0.0,29.700,-0.07,9.8,0.1,0.0,9.8,0.0,0.0,6.1E-4,,,,,,,,,,29.700,-0.03,9.8,-0.1,0.0,9.8,0.0,0.0,0.0,29.700,-0.02,9.8,-0.1,0.0,9.8,0.0,0.0,-6.1E-4,29.700,-0.06,9.8,-0.1,0.0,9.8,0.0,0.0,6.1E-4
29.750,-0.04,9.9,-0.3,0.0,9.9,0.0,0.0,0.0,29.750,-0.07,9.8,0.1,0.0,9.8,0.0,0.0,-6.1E-4,,,,,,,,,,29.750,-0.04,9.8,0.1,-0.1,9.8,0.0,0.0,6.1E-4,29.750,-0.02,9.8,-0.1,0.0,9.8,0.0,0.0,-6.1E-4,29.750,-0.06,9.8,-0.1,0.0,9.8,0.0,0.0,-6.1E-4
29.800,-0.04,9.9,-0.3,0.1,9.9,0.0,0.0,0.0,29.800,-0.07,9.8,0.1,0.0,9.8,0.0,0.0,-6.1E-4,,,,,,,,,,29.800,-0.03,9.8,-0.1,0.0,9.8,0.0,0.0,0.0,29.800,-0.03,9.8,-0.1,0.0,9.8,0.0,0.0,-6.1E-4,29.800,-0.05,9.8,-0.1,0.0,9.8,0.0,0.0,6.1E-4
29.850,-0.01,9.8,-0.3,0.0,9.9,0.0,0.0,0.0,29.850,-0.06,9.8,0.1,0.0,9.8,0.0,0.0,-6.1E-4,,,,,,,,,,29.850,-0.03,9.8,0.2,-0.1,9.8,0.0,0.0,0.0,29.850,-0.04,9.8,-0.1,0.0,9.8,0.0,0.0,0.0,29.850,-0.05,9.8,-0.1,0.0,9.8,0.0,0.0,-6.1E-4
29.900,-0.04,9.8,-0.3,0.0,9.8,0.0,0.0,0.0,29.900,-0.05,9.9,0.1,0.0,9.9,0.0,0.0,0.0,,,,,,,,,,29.900,-0.03,9.9,0.0,0.0,9.9,0.0,0.0,0.0,29.900,-0.02,9.8,-0.1,0.0,9.8,0.0,0.0,-6.1E-4,29.900,-0.05,9.8,-0.1,0.0,9.8,0.0,0.0,-6.1E-4
29.950,-0.05,9.8,-0.3,0.0,9.8,0.0,0.0,0.0,29.950,-0.06,9.8,0.1,0.0,9.8,0.0,0.0,6.1E-4,,,,,,,,,,29.950,-0.04,9.8,-0.1,-0.1,9.8,0.0,0.0,0.0,29.950,-0.03,9.8,-0.1,0.0,9.8,0.0,0.0,6.1E-4,29.950,-0.05,9.8,-0.1,0.0,9.8,0.0,0.0,0.0
30.000,-0.04,9.9,-0.3,0.0,9.9,0.0,0.0,-6.1E-4,30.000,-0.05,9.8,0.1,0.0,9.8,0.0,0.0,6.1E-4,,,,,,,,,,30.000,-0.04,9.9,0.1,0.0,9.9,0.0,0.0,6.1E-4,30.000,-0.01,9.8,-0.1,0.0,9.8,0.0,0.0,-6.1E-4,30.000,-0.05,9.8,-0.1,0.0,9.8,0.0,0.0,-6.1E-4
30.050,-0.03,9.9,-0.3,0.0,9.9,0.0,0.0,0.0,30.050,-0.05,9.8,0.1,0.0,9.8,0.0,0.0,-6.1E-4,,,,,,,,,,30.050,-0.04,9.8,0.0,-0.1,9.8,0.0,0.0,0.0,30.050,-0.02,9.8,-0.1,0.0,9.8,0.0,0.0,6.1E-4,30.050,-0.05,9.9,-0.1,0.0,9.9,0.0,0.0,-6.1E-4
30.100,-0.03,9.8,-0.3,0.0,9.8,0.0,0.0,6.1E-4,30.100,-0.06,9.8,0.1,0.0,9.8,0.0,0.0,6.1E-4,,,,,,,,,,30.100,-0.02,9.8,-0.1,0.0,9.8,0.0,0.0,0.0,30.100,-0.04,9.8,-0.1,0.0,9.8,0.0,0.0,6.1E-4,30.100,-0.06,9.8,0.0,0.0,9.8,0.0,0.0,-6.1E-4
30.150,-0.03,9.9,-0.3,0.0,9.9,0.0,0.0,0.0,30.150,-0.05,9.8,0.1,0.0,9.8,0.0,0.0,-6.1E-4,,,,,,,,,,30.150,-0.03,9.8,0.0,-0.1,9.8,0.0,0.0,0.0,30.150,-0.04,9.8,-0.1,0.0,9.8,0.0,0.0,0.0,30.150,-0.06,9.8,0.0,0.0,9.8,0.0,0.0,0.0
30.200,-0.03,9.8,-0.3,0.0,9.8,0.0,0.0,-6.1E-4,30.200,-0.05,9.8,0.0,0.0,9.8,0.0,0.0,6.1E-4,,,,,,,,,,30.200,-0.03,9.8,0.0,0.0,9.8,-1.2E-4,0.0,0.0,30.200,-0.02,9.8,-0.1,0.0,9.8,0.0,0.0,6.1E-4,30.200,-0.06,9.9,-0.1,0.0,9.9,0.0,0.0,0.0
30.250,-0.03,9.8,-0.3,0.0,9.9,0.0,0.0,0.0,30.250,-0.05,9.8,0.1,0.0,9.8,0.0,0.0,-6.1E-4,,,,,,,,,,30.250,-0.03,9.8,-0.1,0.0,9.8,0.0,0.0,0.0,30.250,-0.04,9.8,-0.1,0.0,9.8,0.0,0.0,0.0,30.250,-0.06,9.8,-0.1,0.0,9.8,0.0,0.0,-6.1E-4
30.300,-0.02,9.8,-0.3,0.0,9.8,0.0,0.0,0.0,30.300,-0.06,9.8,0.1,0.0,9.8,-1.2E-4,0.0,0.0,,,,,,,,,,30.300,-0.01,9.8,0.1,-0.1,9.8,0.0,0.0,0.0,30.300,-0.03,9.8,-0.1,0.0,9.8,0.0,0.0,0.0,30.300,-0.07,9.8,-0.1,0.0,9.8,0.0,0.0,-6.1E-4
30.350,-0.02,9.8,-0.2,0.0,9.8,0.0,0.0,0.0,30.350,-0.06,9.8,0.1,0.0,9.8,0.0,0.0,0.0,,,,,,,,,,30.350,-0.03,9.8,0.0,-0.1,9.8,0.0,0.0,-6.1E-4,30.350,-0.04,9.8,-0.1,0.0,9.8,0.0,0.0,-6.1E-4,30.350,-0.07,9.8,0.0,0.1,9.8,0.0,0.0,0.0
30.400,-0.01,9.8,-0.3,0.0,9.8,0.0,0.0,0.0,30.400,-0.06,9.8,0.1,0.0,9.8,0.0,0.0,0.0,,,,,,,,,,30.400,-0.03,9.8,-0.1,-0.1,9.8,0.0,0.0,-6.1E-4,30.400,-0.04,9.8,0.0,0.0,9.8,0.0,0.0,6.1E-4,30.400,-0.07,9.8,-0.2,-0.1,9.8,0.0,0.0,0.0
30.450,-0.02,9.8,-0.3,0.0,9.9,0.0,0.0,0.0,30.450,-0.06,9.8,0.1,0.0,9.8,0.0,0.0,-6.1E-4,,,,,,,,,,30.450,-0.03,9.8,0.1,0.0,9.8,0.0,0.0,0.0,30.450,-0.04,9.8,-0.1,0.0,9.8,0.0,0.0,6.1E-4,30.450,-0.06,9.8,0.0,0.0,9.8,0.0,0.0,0.0
30.500,0.00,9.9,-0.3,0.0,9.9,0.0,0.0,0.0,30.500,-0.04,9.9,0.2,0.0,9.9,0.0,0.0,0.0,,,,,,,,,,30.500,-0.04,9.9,-0.3,0.0,9.9,0.0,0.0,0.0,30.500,-0.04,9.8,-0.1,0.0,9.8,0.0,0.0,0.0,30.500,-0.06,9.8,-0.1,0.0,9.8,0.0,0.0,-6.1E-4
30.550,-0.02,9.8,-0.2,0.0,9.8,0.0,0.0,0.0,30.550,-0.04,9.8,0.1,0.0,9.8,-1.2E-4,0.0,-6.1E-4,,,,,,,,,,30.550,-0.04,9.8,0.2,0.0,9.8,0.0,0.0,0.0,30.550,-0.03,9.8,-0.1,0.0,9.8,0.0,0.0,-6.1E-4,30.550,-0.06,9.8,0.0,0.1,9.8,0.0,0.0,0.0
30.600,-0.03,9.8,-0.3,0.0,9.8,0.0,0.0,0.0,30.600,-0.04,9.8,0.1,0.0,9.8,0.0,0.0,0.0,,,,,,,,,,30.600,-0.05,9.8,0.1,0.0,9.8,0.0,0.0,0.0,30.600,-0.04,9.8,-0.1,0.0,9.8,0.0,0.0,6.1E-4,30.600,-0.06,9.8,0.0,-0.1,9.8,0.0,0.0,6.1E-4
30.650,-0.04,9.8,-0.3,0.0,9.8,0.0,0.0,0.0,30.650,-0.04,9.8,0.1,0.0,9.8,0.0,0.0,-6.1E-4,,,,,,,,,,30.650,-0.04,9.8,-0.1,-0.1,9.8,0.0,0.0,0.0,30.650,-0.03,9.8,-0.1,0.0,9.8,0.0,0.0,6.1E-4,30.650,-0.06,9.9,-0.1,0.0,9.9,0.0,0.0,-6.1E-4
30.700,-0.02,9.8,-0.3,0.0,9.8,0.0,0.0,0.0,30.700,-0.05,9.9,0.2,0.1,9.9,0.0,0.0,6.1E-4,,,,,,,,,,30.700,-0.05,9.8,-0.1,0.0,9.8,0.0,0.0,0.0,30.700,-0.04,9.8,-0.1,0.0,9.8,0.0,0.0,-6.1E-4,30.700,-0.06,9.8,-0.1,0.0,9.8,0.0,0.0,6.1E-4
30.750,-0.02,9.8,-0.3,0.0,9.8,0.0,0.0,0.0,30.750,-0.05,9.9,0.2,0.0,9.9,0.0,0.0,0.0,,,,,,,,,,30.750,-0.05,9.9,0.0,0.0,9.9,0.0,0.0,-6.1E-4,30.750,-0.03,9.8,-0.1,0.0,9.8,0.0,0.0,-6.1E-4,30.750,-0.05,9.9,0.0,0.0,9.9,0.0,0.0,6.1E-4
30.800,-0.03,9.8,-0.3,0.0,9.8,0.0,0.0,0.0,30.800,-0.06,9.8,0.1,0.0,9.8,-1.2E-4,0.0,0.0,,,,,,,,,,30.800,-0.02,9.8,0.1,-0.1,9.8,0.0,0.0,0.0,30.800,-0.03,9.8,-0.1,0.0,9.8,0.0,0.0,0.0,30.800,-0.05,9.8,-0.1,0.0,9.8,-1.2E-4,0.0,-6.1E-4
30.850,-0.04,9.8,-0.3,0.0,9.8,0.0,0.0,0.0,30.850,-0.05,9.9,0.2,0.0,9.9,0.0,0.0,0.0,,,,,,,,,,30.850,-0.04,9.9,-0.1,0.0,9.9,0.0,0.0,0.0,30.850,-0.02,9.8,-0.1,0.0,9.8,0.0,0.0,6.1E-4,30.850,-0.06,9.8,-0.1,0.0,9.8,0.0,0.0,6.1E-4
30.900,-0.03,9.8,-0.3,0.0,9.8,0.0,0.0,0.0,30.900,-0.05,9.8,0.0,-0.1,9.8,0.0,0.0,0.0,,,,,,,,,,30.900,-0.03,9.8,-0.2,0.0,9.8,0.0,0.0,0.0,30.900,-0.02,9.8,-0.1,0.0,9.8,0.0,0.0,6.1E-4,30.900,-0.06,9.8,-0.1,0.0,9.8,0.0,0.0,6.1E-4
30.950,-0.04,9.8,-0.3,0.0,9.8,0.0,0.0,-6.1E-4,30.950,-0.05,9.9,0.1,0.1,9.9,0.0,0.0,0.0,,,,,,,,,,30.950,-0.04,9.8,0.1,0.0,9.8,0.0,0.0,0.0,30.950,-0.01,9.8,-0.1,0.0,9.8,0.0,0.0,6.1E-4,30.950,-0.05,9.9,0.0,0.1,9.9,0.0,0.0,-6.1E-4
31.000,-0.03,9.8,-0.3,0.0,9.9,0.0,0.0,0.0,31.000,-0.05,9.7,0.0,-0.1,9.7,0.0,0.0,6.1E-4,,,,,,,,,,31.000,-0.03,9.8,-0.1,0.0,9.8,0.0,0.0,0.0,31.000,-7.51E-10,9.8,-0.1,0.0,9.8,0.0,0.0,-6.1E-4,31.000,-0.06,9.8,-0.1,0.0,9.8,0.0,0.0,6.1E-4
31.050,-0.04,9.8,-0.3,0.0,9.8,0.0,0.0,6.1E-4,31.050,-0.05,9.9,0.0,0.1,9.9,-0.1,0.0,0.0,,,,,,,,,,31.050,-0.03,9.8,0.1,-0.1,9.8,0.0,0.0,-6.1E-4,31.050,-0.01,9.8,-0.1,0.0,9.8,0.0,0.0,6.1E-4,31.050,-0.05,9.8,-0.1,0.0,9.8,0.0,0.0,-6.1E-4
31.100,-0.04,9.9,-0.3,0.0,9.9,0.0,0.0,0.0,31.100,-0.05,9.9,0.3,0.0,9.9,0.0,0.0,0.0,,,,,,,,,,31.100,-0.04,9.8,0.0,0.0,9.8,0.0,0.0,0.0,31.100,-0.02,9.8,-0.1,0.0,9.8,0.0,0.0,6.1E-4,31.100,-0.05,9.8,-0.1,0.0,9.8,0.0,0.0,-6.1E-4
31.150,-0.03,9.9,-0.3,0.0,9.9,0.0,0.0,-6.1E-4,31.150,-0.05,10.0,-0.1,0.1,10.0,0.0,0.0,0.0,,,,,,,,,,31.150,-0.04,9.9,-0.2,-0.1,9.9,0.0,0.0,0.0,31.150,0.00,9.8,-0.1,0.0,9.8,0.0,0.0,-6.1E-4,31.150,-0.05,9.8,-0.1,0.0,9.8,0.0,0.0,-6.1E-4
31.200,-0.01,9.8,-0.2,0.0,9.8,0.0,0.0,0.0,31.200,-0.05,10.4,0.4,0.0,10.4,0.0,0.0,0.0,,,,,,,,,,31.200,-0.05,9.7,0.0,0.1,9.7,0.0,0.0,0.0,31.200,-0.01,9.8,-0.1,0.0,9.8,0.0,0.0,-6.1E-4,31.200,-0.06,9.8,-0.1,0.0,9.8,0.0,0.0,6.1E-4
31.250,-0.03,9.8,-0.3,0.0,9.8,0.0,0.0,0.0,31.250,-0.04,10.0,-0.1,-0.1,10.0,0.1,0.0,0.0,,,,,,,,,,31.250,-0.04,9.9,0.2,-0.1,9.9,-0.1,0.0,0.0,31.250,-0.02,9.8,-0.1,0.0,9.8,0.0,0.0,0.0,31.250,-0.06,9.8,-0.1,0.0,9.8,0.0,0.0,-6.1E-4
31.300,-0.02,9.8,-0.3,0.0,9.8,0.0,0.0,0.0,31.300,-0.04,9.7,0.2,-0.1,9.7,0.0,0.0,0.0,,,,,,,,,,31.300,-0.04,9.8,-0.2,-0.1,9.8,0.0,0.0,0.0,31.300,-0.01,9.8,-0.1,0.0,9.8,0.0,0.0,-6.1E-4,31.300,-0.05,9.8,-0.1,0.0,9.8,0.0,0.0,-6.1E-4
31.350,-0.02,9.8,-0.3,0.0,9.9,0.0,0.0,0.0,31.350,-0.05,9.7,-0.1,0.0,9.7,0.0,0.0,0.0,,,,,,,,,,31.350,-0.04,9.8,0.0,0.0,9.8,-0.1,0.0,0.0,31.350,-0.01,9.8,-0.1,0.0,9.8,0.0,0.0,-6.1E-4,31.350,-0.06,9.8,0.0,0.0,9.8,0.0,0.0,-6.1E-4
31.400,-0.03,9.9,-0.3,0.1,9.9,0.0,0.0,0.0,31.400,-0.05,9.6,0.3,0.0,9.6,0.0,0.0,0.0,,,,,,,,,,31.400,-0.04,9.8,0.3,-0.1,9.8,0.1,0.0,0.0,31.400,-0.02,9.8,0.0,0.0,9.8,0.0,0.0,-6.1E-4,31.400,-0.06,9.8,-0.1,0.0,9.8,0.0,0.0,6.1E-4
31.450,-0.04,9.9,-0.3,0.0,9.9,0.0,0.0,-6.1E-4,31.450,-0.05,9.7,0.0,0.3,9.7,0.0,0.0,0.0,,,,,,,,,,31.450,-0.04,9.9,-0.3,0.0,9.9,0.0,0.0,0.0,31.450,-0.02,9.8,-0.1,0.0,9.8,0.0,0.0,-6.1E-4,31.450,-0.06,9.8,-0.1,0.0,9.8,0.0,0.0,6.1E-4
31.500,-0.02,9.8,-0.2,0.0,9.8,0.0,0.0,0.0,31.500,-0.04,9.9,0.1,-0.2,9.9,0.0,0.0,-6.1E-4,,,,,,,,,,31.500,-0.03,9.7,-0.2,-0.1,9.7,0.0,0.0,0.0,31.500,-0.01,9.8,-0.1,0.0,9.8,0.0,0.0,6.1E-4,31.500,-0.06,9.8,-0.1,0.0,9.8,0.0,0.0,-6.1E-4
31.550,-0.02,9.8,-0.3,0.0,9.8,0.0,0.0,-6.1E-4,31.550,-0.05,9.6,0.1,0.1,9.6,0.1,0.0,0.0,,,,,,,,,,31.550,-0.03,9.9,0.1,0.0,9.9,-0.1,0.0,0.0,31.550,-0.01,9.8,-0.1,0.0,9.8,0.0,0.0,-6.1E-4,31.550,-0.05,9.9,0.0,0.1,9.9,0.0,0.0,-6.1E-4
31.600,-0.02,9.8,-0.3,0.0,9.8,0.0,0.0,0.0,31.600,-0.05,10.0,0.0,0.0,10.0,0.0,0.0,-6.1E-4,,,,,,,,,,31.600,-0.04,9.9,-0.1,-0.1,9.9,0.0,0.0,0.0,31.600,-0.02,9.8,-0.1,0.0,9.8,0.0,0.0,-6.1E-4,31.600,-0.05,9.8,-0.1,0.0,9.8,0.0,0.0,-6.1E-4
31.650,0.00,9.8,-0.3,0.0,9.8,0.0,0.0,0.0,31.650,-0.06,9.8,0.3,-0.1,9.8,0.0,0.0,-6.1E-4,,,,,,,,,,31.650,-0.04,9.8,0.1,0.0,9.8,0.0,0.0,0.0,31.650,-0.01,9.8,-0.1,0.0,9.8,0.0,0.0,-6.1E-4,31.650,-0.06,9.8,-0.1,0.0,9.8,0.0,0.0,-6.1E-4
31.700,-0.01,9.8,-0.3,0.0,9.8,0.0,0.0,0.0,31.700,-0.05,9.8,-0.1,0.1,9.8,0.0,0.0,0.0,,,,,,,,,,31.700,-0.03,9.8,0.1,-0.1,9.8,0.0,0.0,0.0,31.700,-0.01,9.8,-0.1,0.0,9.8,0.0,0.0,0.0,31.700,-0.05,9.8,-0.1,0.0,9.8,0.0,0.0,0.0
31.750,-0.01,9.8,-0.3,0.0,9.8,0.0,0.0,0.0,31.750,-0.05,10.0,0.3,0.0,10.0,0.0,0.0,0.0,,,,,,,,,,31.750,-0.03,9.8,-0.2,0.0,9.8,0.0,0.0,0.0,31.750,-0.01,9.8,-0.1,0.0,9.8,0.0,0.0,6.1E-4,31.750,-0.04,9.8,-0.1,0.0,9.8,0.0,0.0,-6.1E-4
31.800,-0.03,9.8,-0.2,0.0,9.8,0.0,0.0,0.0,31.800,-0.06,9.6,0.0,0.0,9.6,0.0,0.0,0.0,,,,,,,,,,31.800,-0.04,9.9,0.0,-0.1,9.9,0.0,0.0,0.0,31.800,-0.02,9.8,-0.1,0.0,9.8,0.0,0.0,-6.1E-4,31.800,-0.05,9.8,-0.1,0.0,9.8,-1.2E-4,0.0,6.1E-4
31.850,-0.02,9.8,-0.3,0.0,9.9,0.0,0.0,0.0,31.850,-0.04,10.0,0.0,0.1,10.0,0.0,0.0,-6.1E-4,,,,,,,,,,31.850,-0.03,9.8,0.0,0.0,9.8,0.0,0.0,0.0,31.850,-0.02,9.8,-0.1,0.0,9.8,0.0,0.0,-6.1E-4,31.850,-0.05,9.8,-0.1,0.0,9.8,0.0,0.0,-6.1E-4
31.900,-0.03,9.8,-0.3,0.0,9.8,0.0,0.0,0.0,31.900,-0.06,9.6,0.3,0.0,9.6,0.0,0.0,0.0,,,,,,,,,,31.900,-0.04,9.9,0.1,-0.1,9.9,0.0,0.0,0.0,31.900,-0.02,9.8,-0.1,0.0,9.8,0.0,0.0,-6.1E-4,31.900,-0.04,9.8,-0.1,0.0,9.8,0.0,0.0,-6.1E-4
31.950,-0.03,9.8,-0.3,0.0,9.8,0.0,0.0,0.0,31.950,-0.06,9.6,-0.1,0.0,9.6,0.0,0.0,0.0,,,,,,,,,,31.950,-0.04,9.8,-0.2,0.1,9.8,0.0,0.0,0.0,31.950,-0.03,9.8,0.0,0.0,9.8,0.0,0.0,-6.1E-4,31.950,-0.04,9.8,0.0,0.0,9.8,0.0,0.0,6.1E-4
32.000,-0.03,9.9,-0.3,0.0,9.9,0.0,0.0,0.0,32.000,-0.05,10.3,0.3,0.1,10.3,-0.1,0.0,0.0,,,,,,,,,,32.000,-0.03,9.8,0.1,-0.1,9.8,-0.1,0.0,0.0,32.000,-0.02,9.8,-0.1,0.0,9.8,0.0,0.0,6.1E-4,32.000,-0.06,9.8,-0.1,0.0,9.8,0.0,0.0,0.0
32.050,-0.02,9.8,-0.3,0.0,9.8,0.0,0.0,0.0,32.050,-0.07,9.3,0.0,0.0,9.3,0.1,0.0,0.0,,,,,,,,,,32.050,-0.02,9.9,0.2,0.0,9.9,0.0,0.0,0.0,32.050,-0.02,9.8,-0.1,0.0,9.8,0.0,0.0,0.0,32.050,-0.05,9.8,-0.1,0.0,9.8,0.0,0.0,-6.1E-4
32.100,0.00,9.8,-0.2,0.0,9.8,0.0,0.0,0.0,32.100,-0.06,9.9,0.0,0.2,9.9,-0.1,0.0,0.0,,,,,,,,,,32.100,-0.03,9.9,-0.1,0.0,9.9,0.0,0.0,0.0,32.100,-0.03,9.8,-0.1,0.0,9.8,0.0,0.0,-6.1E-4,32.100,-0.05,9.8,-0.1,0.0,9.8,0.0,0.0,-6.1E-4
32.150,-0.02,9.9,-0.3,0.0,9.9,0.0,0.0,0.0,32.150,-0.06,9.8,0.5,-0.1,9.8,0.0,0.0,0.0,,,,,,,,,,32.150,-0.04,9.8,0.1,-0.1,9.8,0.0,0.0,-6.1E-4,32.150,-0.03,9.8,-0.1,0.0,9.8,0.0,0.0,-6.1E-4,32.150,-0.05,9.8,0.0,0.0,9.8,0.0,0.0,6.1E-4
32.200,-0.01,9.9,-0.3,0.0,9.9,0.0,0.0,0.0,32.200,-0.06,9.9,-0.3,0.1,9.9,0.0,0.0,0.0,,,,,,,,,,32.200,-0.04,9.9,-0.1,0.0,9.9,0.0,0.0,0.0,32.200,-0.02,9.8,-0.1,0.0,9.8,0.0,0.0,6.1E-4,32.200,-0.04,9.8,-0.1,0.0,9.8,0.0,0.0,-6.1E-4
32.250,-0.02,9.8,-0.2,0.0,9.8,0.0,0.0,0.0,32.250,-0.06,9.8,0.2,-0.1,9.8,0.0,0.0,0.0,,,,,,,,,,32.250,-0.04,9.8,-0.1,-0.1,9.8,0.0,0.0,0.0,32.250,-0.04,9.8,0.0,0.0,9.8,0.0,0.0,-6.1E-4,32.250,-0.05,9.8,-0.1,0.0,9.8,0.0,0.0,-6.1E-4
32.300,-0.03,9.8,-0.3,0.0,9.8,0.0,0.0,0.0,32.300,-0.06,9.8,0.2,0.1,9.8,0.0,0.0,0.0,,,,,,,,,,32.300,-0.04,9.9,0.0,-0.1,9.9,0.0,0.0,-6.1E-4,32.300,-0.04,9.8,-0.2,0.0,9.8,0.0,0.0,-6.1E-4,32.300,-0.05,9.8,-0.1,0.0,9.8,0.0,0.0,-6.1E-4
32.350,-0.01,9.8,-0.2,0.0,9.8,0.0,0.0,-6.1E-4,32.350,-0.06,9.8,0.0,0.0,9.8,0.0,0.0,0.0,,,,,,,,,,32.350,-0.03,9.9,0.1,0.1,9.9,0.0,0.0,0.0,32.350,-0.04,9.8,-0.1,0.0,9.8,0.0,0.0,6.1E-4,32.350,-0.06,9.8,-0.1,0.0,9.8,0.0,0.0,-6.1E-4
32.400,-0.02,9.9,-0.3,0.0,9.9,0.0,0.0,0.0,32.400,-0.06,9.8,0.1,0.1,9.8,0.0,0.0,0.0,,,,,,,,,,32.400,-0.03,9.8,0.0,-0.2,9.8,0.0,0.0,0.0,32.400,-0.03,9.8,0.0,0.0,9.8,0.0,0.0,-6.1E-4,32.400,-0.05,9.8,-0.1,0.0,9.8,0.0,0.0,6.1E-4
32.450,-0.01,10.0,-0.2,0.1,10.0,0.0,0.0,0.0,32.450,-0.07,9.8,0.4,0.0,9.8,0.0,0.0,0.0,,,,,,,,,,32.450,-0.03,9.8,0.0,0.1,9.8,0.0,0.0,0.0,32.450,-0.05,9.8,-0.1,0.0,9.8,0.0,0.0,-6.1E-4,32.450,-0.05,9.8,-0.1,0.0,9.8,-1.2E-4,0.0,0.0
32.500,-0.02,9.6,-0.5,-0.3,9.7,0.1,0.0,0.0,32.500,-0.07,9.8,-0.1,0.1,9.8,0.0,0.0,0.0,,,,,,,,,,32.500,-0.04,9.8,0.0,-0.1,9.8,0.0,0.0,0.0,32.500,-0.04,9.8,0.0,0.0,9.8,0.0,0.0,0.0,32.500,-0.04,9.8,-0.1,0.0,9.8,0.0,0.0,0.0
32.550,-0.01,9.9,-0.4,0.2,9.9,-0.1,0.0,0.0,32.550,-0.07,9.8,0.4,0.0,9.8,0.0,0.0,0.0,,,,,,,,,,32.550,-0.05,9.9,-0.2,0.0,9.9,0.0,0.0,0.0,32.550,-0.03,9.8,-0.1,0.1,9.8,-1.2E-4,0.0,0.0,32.550,-0.04,9.9,0.0,0.0,9.9,0.0,0.0,-6.1E-4
32.600,-0.02,9.8,-0.2,0.0,9.8,0.0,0.0,0.0,32.600,-0.07,9.9,-0.3,0.0,9.9,-0.1,0.0,0.0,,,,,,,,,,32.600,-0.04,9.7,0.0,-0.2,9.7,0.0,0.0,0.0,32.600,-0.02,9.8,0.0,0.1,9.8,0.0,0.0,-6.1E-4,32.600,-0.05,9.8,-0.1,0.0,9.8,0.0,0.0,-6.1E-4
32.650,-0.02,9.9,0.3,0.1,9.9,0.0,0.0,0.0,32.650,-0.07,9.8,0.3,0.0,9.8,0.0,0.0,0.0,,,,,,,,,,32.650,-0.04,9.9,0.3,0.0,9.9,-1.2E-4,0.0,0.0,32.650,-0.04,9.9,0.0,0.0,9.9,0.0,0.0,6.1E-4,32.650,-0.04,9.8,-0.1,0.0,9.8,0.0,0.0,6.1E-4
32.700,-0.03,9.8,-0.9,-0.2,9.8,0.1,0.0,0.0,32.700,-0.07,9.9,0.0,0.1,9.9,0.0,0.0,0.0,,,,,,,,,,32.700,-0.04,9.9,-0.5,0.1,9.9,0.0,0.0,0.0,32.700,-0.04,9.8,-0.1,0.0,9.8,0.0,0.0,-6.1E-4,32.700,-0.04,9.8,-0.1,0.0,9.8,0.0,0.0,-6.1E-4
32.750,-0.04,9.8,-0.2,0.2,9.8,-0.1,0.0,0.0,32.750,-0.07,9.8,0.2,-0.1,9.8,0.0,0.0,0.0,,,,,,,,,,32.750,-0.03,9.7,0.4,-0.2,9.8,0.0,0.0,0.0,32.750,-0.04,9.8,0.0,0.0,9.8,0.0,0.0,0.0,32.750,-0.04,9.8,0.0,0.0,9.8,0.0,0.0,6.1E-4
32.800,-0.05,9.9,-0.2,-0.1,9.9,-0.1,0.0,0.0,32.800,-0.07,9.8,0.0,0.1,9.8,0.0,0.0,0.0,,,,,,,,,,32.800,-0.02,9.9,-0.4,0.1,9.9,0.0,0.0,0.0,32.800,-0.03,9.8,-0.1,0.0,9.8,0.0,0.0,-6.1E-4,32.800,-0.06,9.8,-0.1,0.0,9.8,0.0,0.0,-6.1E-4
32.850,-0.03,9.8,0.1,0.1,9.8,0.1,0.0,0.0,32.850,-0.06,9.8,0.2,0.1,9.8,0.0,0.0,0.0,,,,,,,,,,32.850,-0.03,9.8,0.1,-0.2,9.8,0.0,0.0,0.0,32.850,-0.04,9.9,0.0,0.1,9.9,0.0,0.0,-6.1E-4,32.850,-0.05,9.8,0.0,0.0,9.8,0.0,0.0,6.1E-4
32.900,-0.04,9.8,-0.8,-0.2,9.8,0.0,0.0,0.0,32.900,-0.08,9.8,0.1,-0.1,9.8,0.0,0.0,0.0,,,,,,,,,,32.900,-0.02,9.9,0.0,0.1,9.9,0.0,0.0,0.0,32.900,-0.04,9.8,-0.1,0.0,9.8,0.0,0.0,0.0,32.900,-0.05,9.8,-0.1,0.0,9.8,0.0,0.0,0.0
32.950,-0.02,9.9,-0.3,0.2,9.9,0.0,0.0,0.0,32.950,-0.06,9.9,0.1,0.1,9.9,0.0,0.0,0.0,,,,,,,,,,32.950,-0.03,9.8,-0.1,-0.2,9.8,0.0,0.0,0.0,32.950,-0.04,9.8,-0.1,0.0,9.8,0.0,0.0,0.0,32.950,-0.06,9.8,-0.1,0.0,9.8,0.0,0.0,-6.1E-4
33.000,-0.03,9.8,0.1,-0.1,9.8,-0.1,0.0,0.0,33.000,-0.06,9.7,0.2,0.0,9.7,0.0,0.0,0.0,,,,,,,,,,33.000,-0.04,9.9,0.1,0.0,9.9,0.0,0.0,0.0,33.000,-0.03,9.8,-0.1,0.0,9.8,0.0,0.0,-6.1E-4,33.000,-0.05,9.8,0.0,0.0,9.8,0.0,0.0,-6.1E-4
33.050,-0.02,9.9,-0.3,0.1,9.9,0.1,0.0,0.0,33.050,-0.06,9.9,0.1,0.0,9.9,0.0,0.0,0.0,,,,,,,,,,33.050,-0.03,9.8,-0.2,-0.1,9.8,0.0,0.0,0.0,33.050,-0.01,9.9,0.0,0.0,9.9,0.0,0.0,-6.1E-4,33.050,-0.05,9.8,0.0,0.0,9.8,0.0,0.0,-6.1E-4
33.100,-0.02,9.8,-0.6,-0.1,9.8,-1.2E-4,0.0,-6.1E-4,33.100,-0.06,9.8,0.1,0.1,9.8,0.0,0.0,6.1E-4,,,,,,,,,,33.100,-0.03,9.9,0.2,0.0,9.9,0.0,0.0,-6.1E-4,33.100,-0.04,9.8,-0.1,0.0,9.8,-1.2E-4,0.0,-6.1E-4,33.100,-0.05,9.9,-0.1,0.0,9.9,0.0,0.0,-6.1E-4
33.150,0.01,9.9,-0.3,0.1,9.9,-0.1,0.0,6.1E-4,33.150,-0.06,9.9,0.0,0.0,9.9,0.0,0.0,0.0,,,,,,,,,,33.150,-0.03,9.8,-0.2,-0.1,9.8,0.0,0.0,0.0,33.150,-0.04,9.8,-0.1,0.0,9.8,0.0,0.0,0.0,33.150,-0.05,9.8,-0.1,0.0,9.8,0.0,0.0,-6.1E-4
33.200,-0.02,9.8,0.1,0.0,9.8,0.0,0.0,0.0,33.200,-0.06,9.8,0.1,0.0,9.8,0.0,0.0,0.0,,,,,,,,,,33.200,-0.04,9.8,0.1,0.0,9.8,0.0,0.0,0.0,33.200,-0.03,9.8,0.0,0.0,9.8,0.0,0.0,6.1E-4,33.200,-0.05,9.8,-0.1,0.0,9.8,-1.2E-4,0.0,-6.1E-4
33.250,-0.01,9.8,-0.3,0.0,9.8,0.0,0.0,0.0,33.250,-0.06,9.8,0.3,0.0,9.9,0.0,0.0,0.0,,,,,,,,,,33.250,-0.04,9.9,0.1,-0.1,9.9,0.0,0.0,0.0,33.250,-0.04,9.8,0.0,0.0,9.8,0.0,0.0,6.1E-4,33.250,-0.07,9.8,-0.1,0.0,9.8,0.0,0.0,-6.1E-4
33.300,-0.01,9.8,-0.6,0.0,9.8,0.0,0.0,0.0,33.300,-0.05,9.8,-0.1,-0.1,9.8,0.0,0.0,0.0,,,,,,,,,,33.300,-0.04,9.8,0.0,0.0,9.8,0.0,0.0,0.0,33.300,-0.04,9.8,-0.1,0.0,9.8,0.0,0.0,-6.1E-4,33.300,-0.06,9.8,-0.1,0.0,9.8,0.0,0.0,-6.1E-4
33.350,-0.02,9.8,-0.1,0.0,9.8,-0.1,0.0,0.0,33.350,-0.05,9.8,0.2,-0.1,9.8,0.0,0.0,0.0,,,,,,,,,,33.350,-0.03,9.8,-0.2,-0.1,9.8,0.0,0.0,-6.1E-4,33.350,-0.02,9.8,0.0,0.0,9.8,0.0,0.0,-6.1E-4,33.350,-0.06,9.8,-0.1,0.0,9.8,0.0,0.0,-6.1E-4
33.400,-0.01,9.9,-0.1,0.0,9.9,0.0,0.0,0.0,33.400,-0.05,10.0,0.0,0.4,10.0,0.0,0.0,0.0,,,,,,,,,,33.400,-0.03,9.9,0.2,0.0,9.9,-1.2E-4,0.0,0.0,33.400,-0.01,9.8,-0.1,0.0,9.8,0.0,0.0,-6.1E-4,33.400,-0.06,9.8,-0.1,0.0,9.8,0.0,0.0,-6.1E-4
33.450,-0.02,9.8,-0.2,0.0,9.8,0.0,0.0,6.1E-4,33.450,-0.07,9.8,0.2,-0.1,9.8,-0.1,0.0,0.0,,,,,,,,,,33.450,-0.04,9.9,-0.3,-0.1,9.9,0.0,0.0,0.0,33.450,-0.01,9.8,-0.1,0.0,9.8,0.0,0.0,-6.1E-4,33.450,-0.06,9.8,-0.1,0.0,9.8,0.0,0.0,6.1E-4
33.500,-0.01,9.9,-0.6,0.0,9.9,0.0,0.0,0.0,33.500,-0.06,9.8,0.3,0.0,9.8,0.0,0.0,0.0,,,,,,,,,,33.500,-0.04,9.9,0.1,0.0,9.9,0.0,0.0,0.0,33.500,-0.02,9.8,-0.1,0.0,9.8,0.0,0.0,0.0,33.500,-0.06,9.8,-0.1,0.0,9.8,0.0,0.0,6.1E-4
33.550,-0.02,9.8,-0.2,0.0,9.8,0.0,0.0,0.0,33.550,-0.06,9.8,0.1,0.1,9.8,0.0,0.0,0.0,,,,,,,,,,33.550,-0.05,9.8,-0.1,-0.1,9.8,0.0,0.0,0.0,33.550,-0.02,9.8,0.0,0.0,9.8,-1.2E-4,0.0,6.1E-4,33.550,-0.05,9.8,-0.1,0.0,9.8,0.0,0.0,-6.1E-4
33.600,-0.02,9.9,-0.1,0.1,9.9,0.0,0.0,0.0,33.600,-0.05,9.8,0.2,-0.1,9.8,-0.1,0.0,0.0,,,,,,,,,,33.600,-0.04,9.9,0.1,0.1,9.9,0.0,0.0,0.0,33.600,-0.04,9.8,-0.2,0.0,9.8,0.0,0.0,-6.1E-4,33.600,-0.05,9.8,-0.1,0.0,9.8,0.0,0.0,6.1E-4
33.650,-0.02,9.8,-0.3,0.0,9.8,0.0,0.0,0.0,33.650,-0.05,9.9,0.0,0.1,9.9,0.0,0.0,0.0,,,,,,,,,,33.650,-0.04,9.8,-0.1,-0.1,9.8,0.0,0.0,0.0,33.650,-0.03,9.8,-0.1,0.0,9.8,0.0,0.0,-6.1E-4,33.650,-0.06,9.8,0.0,0.0,9.8,0.0,0.0,6.1E-4
33.700,-0.02,9.8,-0.5,0.0,9.8,0.0,0.0,6.1E-4,33.700,-0.05,9.8,0.1,0.0,9.8,0.0,0.0,0.0,,,,,,,,,,33.700,-0.04,9.8,-0.1,-0.2,9.8,0.0,0.0,0.0,33.700,-0.02,9.8,-0.1,0.0,9.8,0.0,0.0,-6.1E-4,33.700,-0.05,9.8,-0.1,0.0,9.8,-1.2E-4,0.0,-6.1E-4
33.750,-0.01,9.8,-0.3,0.0,9.8,0.0,0.0,0.0,33.750,-0.04,9.9,0.2,0.0,9.9,0.0,0.0,0.0,,,,,,,,,,33.750,-0.04,9.9,0.0,0.2,9.9,0.0,0.0,0.0,33.750,-0.03,9.8,-0.1,0.0,9.8,0.0,0.0,-6.1E-4,33.750,-0.06,9.8,-0.1,0.0,9.8,0.0,0.0,-6.1E-4
33.800,-0.02,9.8,0.0,0.1,9.8,0.0,0.0,-6.1E-4,33.800,-0.05,9.7,0.1,0.1,9.7,0.0,0.0,0.0,,,,,,,,,,33.800,-0.04,9.7,0.1,-0.4,9.7,-0.1,0.0,0.0,33.800,-0.03,9.8,-0.1,0.0,9.8,0.0,0.0,-6.1E-4,33.800,-0.05,9.8,0.0,0.0,9.8,0.0,0.0,6.1E-4
33.850,-0.03,9.8,-0.4,0.0,9.8,0.0,0.0,0.0,33.850,-0.06,9.9,0.2,0.1,9.9,0.0,0.0,0.0,,,,,,,,,,33.850,-0.03,9.9,-0.4,0.1,9.9,0.1,0.0,0.0,33.850,-0.03,9.8,-0.1,0.0,9.8,0.0,0.0,-6.1E-4,33.850,-0.06,9.8,-0.1,0.0,9.8,-1.2E-4,0.0,0.0
33.900,-0.03,9.8,-0.4,0.0,9.8,0.0,0.0,0.0,33.900,-0.04,9.8,0.4,0.0,9.8,0.0,0.0,0.0,,,,,,,,,,33.900,-0.03,9.8,0.1,0.0,9.8,0.0,0.0,-6.1E-4,33.900,-0.03,9.8,0.0,0.0,9.8,0.0,0.0,0.0,33.900,-0.05,9.8,-0.1,0.0,9.8,0.0,0.0,6.1E-4
33.950,-0.03,9.8,-0.2,0.0,9.8,0.0,0.0,-6.1E-4,33.950,-0.03,9.7,0.2,-0.1,9.7,-0.1,0.0,0.0,,,,,,,,,,33.950,-0.04,9.9,0.3,0.0,9.9,0.0,0.0,0.0,33.950,-0.04,9.8,-0.1,0.0,9.8,0.0,0.0,6.1E-4,33.950,-0.05,9.8,-0.1,0.0,9.8,0.0,0.0,0.0
34.000,-0.02,9.8,-0.1,0.0,9.8,0.0,0.0,0.0,34.000,-0.03,10.1,-0.3,0.2,10.1,0.0,0.0,0.0,,,,,,,,,,34.000,-0.04,9.8,-0.2,-0.1,9.8,0.0,0.0,-6.1E-4,34.000,-0.03,9.8,-0.1,0.0,9.8,0.0,0.0,-6.1E-4,34.000,-0.04,9.8,-0.1,0.0,9.8,0.0,0.0,0.0
34.050,-0.01,9.8,-0.3,-0.1,9.8,0.0,0.0,-6.1E-4,34.050,-0.04,9.8,0.6,0.0,9.8,0.0,0.0,0.0,,,,,,,,,,34.050,-0.04,9.9,0.0,0.0,9.9,0.0,0.0,0.0,34.050,-0.02,9.8,0.0,0.0,9.8,0.0,0.0,6.1E-4,34.050,-0.05,9.8,-0.1,0.0,9.8,0.0,0.0,6.1E-4
34.100,-0.03,9.8,-0.4,0.0,9.8,0.0,0.0,0.0,34.100,-0.05,9.8,-0.5,0.1,9.9,0.0,0.0,0.0,,,,,,,,,,34.100,-0.05,9.7,-0.1,0.0,9.7,0.0,0.0,0.0,34.100,-0.04,9.8,0.0,0.0,9.8,0.0,0.0,-6.1E-4,34.100,-0.05,9.8,-0.1,0.0,9.8,0.0,0.0,0.0
34.150,-0.04,9.8,-0.2,0.0,9.8,0.0,0.0,0.0,34.150,-0.05,9.8,0.5,-0.1,9.8,0.0,0.0,0.0,,,,,,,,,,34.150,-0.03,10.0,0.3,0.0,10.0,-0.1,0.0,0.0,34.150,-0.04,9.8,-0.1,0.0,9.8,0.0,0.0,-6.1E-4,34.150,-0.04,9.8,-0.1,0.0,9.8,0.0,0.0,0.0
34.200,-0.04,9.9,-0.2,0.0,9.9,0.0,0.0,-6.1E-4,34.200,-0.05,9.8,-0.2,-0.2,9.8,0.0,0.0,0.0,,,,,,,,,,34.200,-0.04,9.8,-0.1,-0.1,9.8,0.0,0.0,0.0,34.200,-0.05,9.8,-0.1,0.0,9.8,0.0,0.0,6.1E-4,34.200,-0.05,9.8,-0.1,0.0,9.8,0.0,0.0,-6.1E-4
34.250,-0.02,9.8,-0.3,0.0,9.8,0.0,0.0,0.0,34.250,-0.05,9.8,0.3,-0.2,9.8,-0.1,0.0,0.0,,,,,,,,,,34.250,-0.05,9.8,0.4,0.0,9.8,0.0,0.0,0.0,34.250,-0.05,9.8,-0.1,0.0,9.8,0.0,0.0,-6.1E-4,34.250,-0.05,9.8,0.0,0.0,9.8,0.0,0.0,-6.1E-4
34.300,-0.03,9.8,-0.4,0.0,9.8,0.0,0.0,-6.1E-4,34.300,-0.05,9.9,-0.1,0.4,9.9,0.0,-0.1,0.0,,,,,,,,,,34.300,-0.04,9.9,-0.6,0.1,9.9,0.0,0.0,0.0,34.300,-0.03,9.8,-0.1,0.0,9.8,0.0,0.0,6.1E-4,34.300,-0.05,9.8,-0.1,0.0,9.8,0.0,0.0,-6.1E-4
34.350,-0.03,9.8,-0.2,0.0,9.8,0.0,0.0,0.0,34.350,-0.04,9.8,0.5,-0.3,9.8,0.0,0.0,0.0,,,,,,,,,,34.350,-0.05,9.8,0.2,0.0,9.8,-0.1,0.0,0.0,34.350,-0.04,9.8,-0.1,0.0,9.8,0.0,0.0,6.1E-4,34.350,-0.04,9.8,-0.1,0.0,9.8,0.0,0.0,0.0
34.400,-0.03,9.8,-0.2,0.0,9.8,0.0,0.0,-6.1E-4,34.400,-0.04,9.9,-0.1,0.2,9.9,0.1,0.0,0.0,,,,,,,,,,34.400,-0.04,9.9,0.1,-0.1,9.9,0.0,0.0,0.0,34.400,-0.04,9.8,-0.1,0.0,9.8,0.0,0.0,-6.1E-4,34.400,-0.05,9.8,-0.1,0.0,9.8,0.0,0.0,-6.1E-4
34.450,-0.03,9.9,-0.3,0.0,9.9,0.0,0.0,0.0,34.450,-0.05,9.7,0.2,-0.1,9.7,0.0,0.0,0.0,,,,,,,,,,34.450,-0.05,9.8,0.1,0.1,9.8,0.0,0.0,0.0,34.450,-0.04,9.8,-0.1,0.0,9.8,0.0,0.0,-6.1E-4,34.450,-0.05,9.8,0.0,0.0,9.8,0.0,0.0,-6.1E-4
34.500,-0.03,9.8,-0.3,0.0,9.8,0.0,0.0,-6.1E-4,34.500,-0.05,9.9,0.2,0.2,9.9,0.0,0.0,0.0,,,,,,,,,,34.500,-0.04,9.9,-0.2,0.1,9.9,-0.1,0.0,0.0,34.500,-0.04,9.8,-0.1,0.0,9.8,0.0,0.0,0.0,34.500,-0.04,9.8,-0.1,0.0,9.8,0.0,0.0,-6.1E-4
34.550,-0.03,9.8,-0.2,0.0,9.8,0.0,0.0,0.0,34.550,-0.05,9.6,-0.1,-0.2,9.6,-0.1,0.0,0.0,,,,,,,,,,34.550,-0.04,9.9,-0.1,0.0,9.9,0.0,0.0,0.0,34.550,-0.04,9.9,0.0,0.1,9.9,0.0,0.0,6.1E-4,34.550,-0.05,9.8,-0.1,0.0,9.8,0.0,0.0,0.0
34.600,-0.04,9.8,-0.2,0.0,9.8,0.0,0.0,-6.1E-4,34.600,-0.06,10.0,0.8,0.2,10.0,0.0,0.0,0.0,,,,,,,,,,34.600,-0.04,9.8,0.5,-0.3,9.9,0.0,0.0,0.0,34.600,-0.03,9.8,-0.1,0.0,9.8,-1.2E-4,0.0,0.0,34.600,-0.04,9.8,-0.1,0.0,9.8,0.0,0.0,6.1E-4
34.650,-0.04,9.9,-0.3,0.0,9.9,0.0,0.0,-6.1E-4,34.650,-0.05,9.8,-0.6,0.1,9.9,0.0,0.0,0.0,,,,,,,,,,34.650,-0.04,9.9,-0.5,0.1,9.9,0.0,0.0,0.0,34.650,-0.03,9.8,-0.1,0.0,9.8,0.0,0.0,6.1E-4,34.650,-0.05,9.8,0.0,0.0,9.8,0.0,0.0,6.1E-4
34.700,-0.05,9.8,-0.3,-0.1,9.8,0.0,0.0,0.0,34.700,-0.06,9.8,0.7,0.1,9.8,0.0,0.0,0.0,,,,,,,,,,34.700,-0.04,9.7,0.1,0.0,9.7,0.0,0.0,0.0,34.700,-0.03,9.8,-0.1,0.0,9.8,0.0,0.0,-6.1E-4,34.700,-0.04,9.8,-0.1,0.0,9.8,0.0,0.0,6.1E-4
34.750,-0.04,9.8,-0.2,0.0,9.8,0.0,0.0,0.0,34.750,-0.06,10.0,-0.1,0.3,10.0,0.0,-0.1,0.0,,,,,,,,,,34.750,-0.02,10.0,0.0,0.1,10.0,0.0,0.0,0.0,34.750,-0.02,9.9,0.0,0.0,9.9,0.0,0.0,-6.1E-4,34.750,-0.05,9.8,-0.1,0.0,9.8,0.0,0.0,0.0
34.800,-0.05,9.8,-0.3,0.0,9.8,-1.2E-4,0.0,0.0,34.800,-0.07,9.5,0.1,-0.9,9.5,0.0,0.0,0.0,,,,,,,,,,34.800,-0.04,9.7,-0.2,0.0,9.7,0.0,0.0,0.0,34.800,-0.04,9.8,-0.1,0.0,9.8,0.0,0.0,6.1E-4,34.800,-0.05,9.8,0.0,0.0,9.8,0.0,0.0,0.0
34.850,-0.05,9.9,-0.3,0.1,9.9,0.0,0.0,0.0,34.850,-0.07,10.0,0.2,0.3,10.0,0.0,0.0,0.0,,,,,,,,,,34.850,-0.05,9.9,0.1,0.1,9.9,0.0,0.0,0.0,34.850,-0.05,9.8,-0.1,0.0,9.8,0.0,0.0,-6.1E-4,34.850,-0.06,9.8,-0.1,0.1,9.8,0.0,0.0,-6.1E-4
34.900,-0.05,9.8,-0.3,0.0,9.8,0.0,0.0,0.0,34.900,-0.06,9.8,0.0,0.0,9.8,0.0,0.0,0.0,,,,,,,,,,34.900,-0.02,9.9,-0.3,0.0,9.9,0.0,0.0,0.0,34.900,-0.05,9.8,-0.1,0.0,9.8,0.0,0.0,6.1E-4,34.900,-0.06,9.6,-0.1,-0.1,9.6,0.0,0.0,0.0
34.950,-0.05,9.8,-0.2,0.0,9.8,0.0,0.0,-6.1E-4,34.950,-0.05,9.7,0.4,-0.2,9.7,0.1,0.0,0.0,,,,,,,,,,34.950,-0.04,9.7,0.4,-0.2,9.7,0.0,0.0,0.0,34.950,-0.04,9.8,0.0,0.0,9.8,0.0,0.0,6.1E-4,34.950,-0.05,10.1,0.0,0.0,10.1,0.0,0.0,0.0
35.000,-0.05,9.8,-0.3,0.0,9.8,0.0,0.0,0.0,35.000,-0.04,10.0,0.0,0.2,10.0,-0.1,0.0,0.0,,,,,,,,,,35.000,-0.01,9.9,0.0,0.1,9.9,0.0,-1.2E-4,0.0,35.000,-0.04,9.8,-0.1,0.0,9.8,-1.2E-4,0.0,-6.1E-4,35.000,-0.06,9.8,-0.2,0.1,9.8,0.0,0.0,0.0
35.050,-0.05,9.9,-0.3,0.0,9.9,0.0,0.0,0.0,35.050,-0.05,9.8,0.0,0.2,9.8,0.1,0.0,0.0,,,,,,,,,,35.050,-0.03,9.8,-0.7,-0.1,9.8,-0.1,0.0,0.0,35.050,-0.04,9.8,-0.1,0.0,9.8,0.0,0.0,-6.1E-4,35.050,-0.06,9.7,0.0,0.0,9.7,-0.1,0.0,0.0
35.100,-0.05,9.8,-0.3,0.0,9.8,0.0,0.0,0.0,35.100,-0.04,9.9,0.4,0.1,9.9,0.0,0.0,0.0,,,,,,,,,,35.100,-0.01,9.7,0.6,-0.1,9.8,0.0,0.0,0.0,35.100,-0.04,9.8,-0.1,0.0,9.8,0.0,0.0,-6.1E-4,35.100,-0.05,10.2,0.0,0.0,10.2,0.0,0.0,0.0
35.150,-0.05,9.8,-0.2,0.0,9.8,0.0,0.0,0.0,35.150,-0.06,9.7,-0.2,-0.2,9.7,0.0,0.0,0.0,,,,,,,,,,35.150,-0.03,9.8,-0.2,0.1,9.8,0.0,0.0,0.0,35.150,-0.03,9.8,0.0,0.0,9.8,0.0,0.0,-6.1E-4,35.150,-0.07,9.7,-0.1,0.1,9.7,0.0,0.0,0.0
35.200,-0.05,9.8,-0.2,0.0,9.8,-1.2E-4,0.0,0.0,35.200,-0.05,9.9,-0.1,0.2,9.9,0.0,0.0,0.0,,,,,,,,,,35.200,-0.03,9.8,-0.1,-0.2,9.8,-0.1,0.0,0.0,35.200,-0.03,9.8,-0.1,0.0,9.8,0.0,0.0,6.1E-4,35.200,-0.06,9.7,-0.4,0.0,9.7,0.0,0.0,0.0
35.250,-0.05,9.8,-0.3,0.0,9.9,0.0,0.0,0.0,35.250,-0.05,9.8,0.7,0.0,9.8,0.0,0.0,0.0,,,,,,,,,,35.250,-0.04,9.8,0.4,-0.1,9.8,0.0,0.0,0.0,35.250,-0.04,9.8,-0.1,0.0,9.8,0.0,0.0,6.1E-4,35.250,-0.05,9.9,0.3,-0.1,9.9,0.0,0.0,0.0
35.300,-0.06,9.8,-0.3,0.0,9.8,0.0,0.0,0.0,35.300,-0.05,9.9,-0.3,0.1,9.9,0.0,0.0,0.0,,,,,,,,,,35.300,-0.03,9.8,-0.8,0.2,9.9,0.0,0.0,0.0,35.300,-0.05,9.8,-0.1,0.0,9.8,0.0,0.0,-6.1E-4,35.300,-0.06,9.3,-0.2,0.3,9.3,-1.2E-4,0.0,0.0
35.350,-0.05,9.8,-0.2,0.0,9.8,0.0,0.0,0.0,35.350,-0.05,9.8,0.4,0.0,9.8,0.0,0.0,0.0,,,,,,,,,,35.350,-0.03,9.8,0.6,-0.1,9.8,0.0,0.0,-6.1E-4,35.350,-0.04,9.8,-0.1,0.0,9.8,0.0,0.0,-6.1E-4,35.350,-0.05,10.0,-0.3,-0.1,10.0,0.0,0.0,0.0
35.400,-0.05,9.8,-0.3,0.0,9.8,0.0,0.0,0.0,35.400,-0.06,9.8,-0.1,0.0,9.8,0.0,0.0,0.0,,,,,,,,,,35.400,-0.04,9.8,-0.2,0.0,9.8,0.0,0.0,0.0,35.400,-0.04,9.8,0.0,0.0,9.8,0.0,0.0,-6.1E-4,35.400,-0.06,10.0,0.2,-0.2,10.0,-0.1,0.0,0.0
35.450,-0.04,9.8,-0.3,0.0,9.8,0.0,0.0,0.0,35.450,-0.04,9.8,0.4,0.0,9.8,0.0,0.0,0.0,,,,,,,,,,35.450,-0.02,9.8,-0.2,0.0,9.8,0.0,0.0,0.0,35.450,-0.04,9.8,-0.1,0.0,9.8,0.0,0.0,-6.1E-4,35.450,-0.05,9.6,-0.3,0.2,9.6,0.0,0.0,0.0
35.500,-0.04,9.8,-0.3,0.0,9.8,0.0,0.0,-6.1E-4,35.500,-0.06,9.9,0.2,0.0,9.9,0.0,0.0,0.0,,,,,,,,,,35.500,-0.04,9.8,-0.1,0.0,9.8,0.0,0.0,0.0,35.500,-0.02,9.8,-0.1,0.0,9.8,0.0,0.0,0.0,35.500,-0.05,9.8,0.0,0.1,9.8,0.0,0.0,0.0
35.550,-0.05,9.8,-0.3,0.0,9.9,0.0,0.0,0.0,35.550,-0.04,9.8,-0.4,0.1,9.8,0.0,0.0,0.0,,,,,,,,,,35.550,-0.03,9.9,0.1,-0.1,9.9,-0.1,0.0,0.0,35.550,-0.03,9.8,-0.1,0.0,9.8,0.0,0.0,6.1E-4,35.550,-0.05,9.9,0.1,-0.2,9.9,0.0,0.0,0.0
35.600,-0.05,9.8,-0.2,0.0,9.8,0.0,0.0,0.0,35.600,-0.05,9.8,0.9,0.0,9.9,0.0,0.0,-6.1E-4,,,,,,,,,,35.600,-0.03,9.9,-0.1,0.1,9.9,0.0,0.0,0.0,35.600,-0.02,9.9,0.0,0.0,9.9,0.0,0.0,6.1E-4,35.600,-0.06,9.8,-0.3,0.0,9.8,0.1,0.0,0.0
35.650,-0.05,9.8,-0.3,0.0,9.8,0.0,0.0,0.0,35.650,-0.05,9.8,-0.5,0.1,9.8,0.0,0.0,0.0,,,,,,,,,,35.650,-0.03,9.9,0.0,0.0,9.9,0.0,0.0,0.0,35.650,-0.03,9.8,-0.1,0.0,9.8,0.0,0.0,-6.1E-4,35.650,-0.06,9.8,0.0,0.1,9.8,-0.1,0.0,0.0
35.700,-0.04,9.8,-0.3,0.0,9.8,0.0,0.0,0.0,35.700,-0.04,9.8,0.5,0.0,9.8,0.0,0.0,0.0,,,,,,,,,,35.700,-0.04,9.7,0.0,0.0,9.7,0.0,0.0,6.1E-4,35.700,-0.04,9.8,-0.1,0.0,9.8,0.0,0.0,6.1E-4,35.700,-0.05,9.9,0.0,0.0,9.9,0.0,0.0,0.0
35.750,-0.05,9.8,-0.3,0.0,9.8,0.0,0.0,0.0,35.750,-0.04,9.9,0.3,0.3,10.0,0.1,0.0,0.0,,,,,,,,,,35.750,-0.04,9.8,-0.1,0.1,9.8,0.0,0.0,0.0,35.750,-0.03,9.8,-0.1,0.0,9.8,0.0,0.0,0.0,35.750,-0.06,9.8,0.2,0.0,9.8,0.0,0.0,0.0
35.800,-0.04,9.8,-0.2,0.0,9.8,0.0,0.0,0.0,35.800,-0.04,9.7,-0.2,-0.3,9.7,-0.1,0.0,0.0,,,,,,,,,,35.800,-0.03,9.9,0.0,0.1,9.9,-0.1,0.0,0.0,35.800,-0.03,9.8,-0.1,0.0,9.8,0.0,0.0,-6.1E-4,35.800,-0.06,9.8,-0.5,0.0,9.9,0.0,0.0,0.0
35.850,-0.03,9.9,-0.3,0.0,9.9,0.0,0.0,0.0,35.850,-0.05,9.9,0.2,0.3,9.9,0.0,0.0,0.0,,,,,,,,,,35.850,-0.04,9.7,0.0,-0.3,9.7,0.0,0.0,0.0,35.850,-0.03,9.8,-0.1,0.0,9.8,0.0,0.0,6.1E-4,35.850,-0.06,9.8,0.1,0.0,9.8,0.0,0.0,0.0
35.900,-0.04,9.8,-0.2,0.0,9.8,0.0,0.0,0.0,35.900,-0.05,9.8,0.4,-0.1,9.8,0.0,0.0,0.0,,,,,,,,,,35.900,-0.05,9.9,0.2,0.0,9.9,0.0,0.0,0.0,35.900,-0.04,9.8,-0.1,0.0,9.8,0.0,0.0,-6.1E-4,35.900,-0.06,9.9,0.1,0.0,9.9,0.0,0.0,0.0
35.950,-0.03,9.9,-0.3,0.0,9.9,0.0,0.0,0.0,35.950,-0.05,9.9,0.0,0.1,9.9,0.0,0.0,6.1E-4,,,,,,,,,,35.950,-0.04,9.9,-0.3,0.1,9.9,0.0,0.0,0.0,35.950,-0.03,9.8,-0.1,0.0,9.8,0.0,0.0,-6.1E-4,35.950,-0.06,9.8,-0.1,0.1,9.8,0.0,0.0,0.0
36.000,-0.04,9.8,-0.3,0.0,9.8,0.0,0.0,-6.1E-4,36.000,-0.05,9.8,0.1,0.0,9.8,0.0,0.0,6.1E-4,,,,,,,,,,36.000,-0.04,9.7,0.0,-0.1,9.7,0.0,0.0,0.0,36.000,-0.03,9.8,-0.1,0.0,9.8,0.0,0.0,-6.1E-4,36.000,-0.05,9.8,-0.2,-0.1,9.8,0.0,0.0,0.0
36.050,-0.04,9.8,-0.3,0.0,9.8,0.0,0.0,0.0,36.050,-0.06,9.8,0.2,-0.1,9.8,0.0,0.0,0.0,,,,,,,,,,36.050,-0.04,9.9,0.2,0.0,9.9,0.0,0.0,0.0,36.050,-0.04,9.8,0.0,0.0,9.8,0.0,0.0,-6.1E-4,36.050,-0.06,9.9,0.0,0.1,9.9,0.0,0.0,0.0
36.100,-0.04,9.8,-0.3,0.0,9.8,0.0,0.0,0.0,36.100,-0.05,9.9,0.3,0.3,9.9,0.0,0.0,0.0,,,,,,,,,,36.100,-0.02,9.8,-0.3,0.0,9.8,0.0,0.0,0.0,36.100,-0.05,9.8,-0.1,0.0,9.8,0.0,0.0,6.1E-4,36.100,-0.06,9.8,0.0,0.1,9.8,0.0,0.0,0.0
36.150,-0.04,9.8,-0.3,0.0,9.9,0.0,0.0,0.0,36.150,-0.05,9.8,0.0,-0.1,9.8,0.0,0.0,0.0,,,,,,,,,,36.150,-0.03,9.8,0.5,0.0,9.8,-0.1,0.0,0.0,36.150,-0.03,9.8,-0.1,0.0,9.8,0.0,0.0,6.1E-4,36.150,-0.06,9.9,0.0,0.1,9.9,0.0,0.0,0.0
36.200,-0.03,9.8,-0.3,0.0,9.9,0.0,0.0,-6.1E-4,36.200,-0.05,9.8,0.3,0.0,9.8,0.0,0.0,0.0,,,,,,,,,,36.200,-0.02,9.9,-0.3,0.0,9.9,0.0,0.0,0.0,36.200,-0.04,9.8,-0.1,0.0,9.8,0.0,0.0,-6.1E-4,36.200,-0.06,9.8,-0.1,-0.1,9.8,0.0,0.0,0.0
36.250,-0.04,9.9,-0.3,0.0,9.9,0.0,0.0,0.0,36.250,-0.06,9.9,0.1,0.2,9.9,0.0,0.0,0.0,,,,,,,,,,36.250,-0.04,9.8,0.0,-0.1,9.8,0.0,0.0,0.0,36.250,-0.04,9.9,0.0,0.0,9.9,0.0,0.0,0.0,36.250,-0.06,9.8,-0.1,0.1,9.8,0.0,0.0,0.0
36.300,-0.04,9.9,-0.3,0.0,9.9,0.0,0.0,-6.1E-4,36.300,-0.05,9.8,0.2,-0.1,9.8,0.0,0.0,0.0,,,,,,,,,,36.300,-0.04,9.8,0.0,0.0,9.8,0.0,0.0,-6.1E-4,36.300,-0.04,9.8,-0.1,0.0,9.8,0.0,0.0,6.1E-4,36.300,-0.05,9.8,-0.1,0.0,9.8,0.0,0.0,0.0
36.350,-0.04,9.8,-0.2,0.0,9.8,0.0,0.0,0.0,36.350,-0.05,9.9,-0.1,0.0,9.9,0.0,0.0,0.0,,,,,,,,,,36.350,-0.03,9.8,-0.1,0.0,9.8,0.0,0.0,0.0,36.350,-0.04,9.8,-0.1,0.0,9.8,0.0,0.0,-6.1E-4,36.350,-0.06,9.9,0.2,0.1,9.9,0.0,0.0,0.0
36.400,-0.04,9.8,-0.3,0.0,9.9,0.0,0.0,-6.1E-4,36.400,-0.06,9.8,0.4,0.1,9.8,0.0,0.0,0.0,,,,,,,,,,36.400,-0.03,9.9,0.2,0.1,9.9,0.0,0.0,0.0,36.400,-0.04,9.8,-0.1,0.0,9.8,0.0,0.0,-6.1E-4,36.400,-0.06,9.8,-0.3,0.0,9.8,0.0,0.0,0.0
36.450,-0.05,9.9,-0.3,0.0,9.9,0.0,0.0,0.0,36.450,-0.06,9.9,0.0,0.1,9.9,0.0,0.0,0.0,,,,,,,,,,36.450,-0.02,9.7,-0.3,-0.2,9.7,0.0,0.0,0.0,36.450,-0.04,9.8,-0.1,0.0,9.8,0.0,0.0,-6.1E-4,36.450,-0.05,9.8,-0.1,0.0,9.8,0.0,0.0,-6.1E-4
36.500,-0.04,9.8,-0.3,0.0,9.9,0.0,0.0,0.0,36.500,-0.05,9.8,0.0,-0.1,9.8,0.0,0.0,0.0,,,,,,,,,,36.500,-0.04,9.8,0.4,0.0,9.8,0.0,0.0,0.0,36.500,-0.04,9.8,-0.1,0.0,9.8,0.0,0.0,6.1E-4,36.500,-0.07,9.8,0.0,0.0,9.8,0.0,0.0,6.1E-4
36.550,-0.04,9.8,-0.2,0.0,9.8,0.0,0.0,-6.1E-4,36.550,-0.06,9.9,0.4,0.2,9.9,0.0,0.0,0.0,,,,,,,,,,36.550,-0.03,10.0,-0.4,0.1,10.0,0.0,0.0,0.0,36.550,-0.04,9.8,-0.1,0.0,9.8,0.0,0.0,-6.1E-4,36.550,-0.06,9.8,0.0,0.0,9.8,0.0,0.0,-6.1E-4
36.600,-0.04,9.9,-0.3,0.0,9.9,0.0,0.0,0.0,36.600,-0.06,9.8,-0.2,-0.1,9.8,0.0,0.0,0.0,,,,,,,,,,36.600,-0.03,9.8,0.2,0.0,9.8,0.0,0.0,0.0,36.600,-0.03,9.8,-0.1,0.0,9.8,0.0,0.0,6.1E-4,36.600,-0.05,9.8,-0.2,0.0,9.8,0.0,0.0,-6.1E-4
36.650,-0.03,9.8,-0.2,0.0,9.8,0.0,0.0,0.0,36.650,-0.07,9.8,0.3,0.2,9.8,0.0,0.0,0.0,,,,,,,,,,36.650,-0.02,9.8,-0.1,-0.1,9.8,0.0,0.0,0.0,36.650,-0.05,9.8,-0.1,0.0,9.8,0.0,0.0,-6.1E-4,36.650,-0.05,9.8,-0.1,0.0,9.8,0.0,0.0,-6.1E-4
36.700,-0.03,9.9,-0.3,0.0,9.9,0.0,0.0,-6.1E-4,36.700,-0.06,9.8,0.4,-0.2,9.8,0.0,0.0,0.0,,,,,,,,,,36.700,-0.03,9.8,0.1,0.0,9.8,0.0,0.0,0.0,36.700,-0.03,9.8,-0.1,0.0,9.8,0.0,0.0,-6.1E-4,36.700,-0.05,9.8,0.0,0.0,9.8,0.0,0.0,0.0
36.750,-0.04,9.8,-0.3,0.0,9.8,0.0,0.0,0.0,36.750,-0.06,9.9,-0.2,0.3,9.9,0.0,0.0,0.0,,,,,,,,,,36.750,-0.03,9.8,-0.2,0.0,9.8,0.0,0.0,0.0,36.750,-0.03,9.8,-0.1,0.0,9.8,0.0,0.0,-6.1E-4,36.750,-0.06,9.8,0.0,0.0,9.8,0.0,0.0,6.1E-4
36.800,-0.04,9.8,-0.3,0.0,9.8,0.0,0.0,0.0,36.800,-0.06,9.7,0.3,-0.1,9.7,0.0,0.0,0.0,,,,,,,,,,36.800,-0.03,9.9,0.0,-0.1,9.9,0.0,0.0,0.0,36.800,-0.04,9.8,-0.1,0.0,9.8,0.0,0.0,6.1E-4,36.800,-0.06,9.8,-0.1,0.0,9.8,0.0,0.0,-6.1E-4
36.850,-0.04,9.8,-0.3,0.0,9.8,0.0,0.0,-6.1E-4,36.850,-0.05,9.9,0.0,0.1,9.9,0.0,0.0,0.0,,,,,,,,,,36.850,-0.03,9.8,-0.2,0.0,9.8,0.0,0.0,0.0,36.850,-0.03,9.8,-0.1,0.0,9.8,0.0,0.0,-6.1E-4,36.850,-0.06,9.8,-0.1,0.0,9.8,0.0,0.0,6.1E-4
36.900,-0.04,9.9,-0.3,0.0,9.9,0.0,0.0,0.0,36.900,-0.05,9.7,0.4,0.0,9.7,0.0,0.0,0.0,,,,,,,,,,36.900,-0.04,9.8,0.1,0.0,9.8,-0.1,0.0,0.0,36.900,-0.03,9.8,-0.1,0.0,9.8,0.0,0.0,0.0,36.900,-0.06,9.8,-0.1,0.0,9.8,0.0,0.0,0.0
36.950,-0.03,9.8,-0.3,0.0,9.8,0.0,0.0,0.0,36.950,-0.06,9.9,0.1,0.1,9.9,0.0,0.0,0.0,,,,,,,,,,36.950,-0.04,9.9,-0.1,0.0,9.9,0.0,0.0,0.0,36.950,-0.03,9.8,-0.1,0.0,9.8,0.0,0.0,-6.1E-4,36.950,-0.05,9.8,0.0,0.0,9.8,0.0,0.0,0.0
37.000,-0.03,9.8,-0.3,0.0,9.8,0.0,0.0,0.0,37.000,-0.06,9.8,0.0,0.0,9.8,0.0,0.0,0.0,,,,,,,,,,37.000,-0.04,9.8,0.1,-0.3,9.8,0.0,0.0,0.0,37.000,-0.03,9.8,-0.1,0.0,9.8,0.0,0.0,0.0,37.000,-0.06,9.8,-0.1,0.0,9.8,-1.2E-4,0.0,-6.1E-4
37.050,-0.04,9.8,-0.3,0.0,9.8,0.0,0.0,0.0,37.050,-0.06,9.8,0.3,0.0,9.8,0.0,0.0,0.0,,,,,,,,,,37.050,-0.04,10.1,-0.1,0.8,10.1,0.0,0.0,0.0,37.050,-0.04,9.8,-0.1,0.0,9.8,0.0,0.0,-6.1E-4,37.050,-0.05,9.8,-0.2,0.0,9.8,0.0,0.0,6.1E-4
37.100,-0.04,9.8,-0.2,0.0,9.8,0.0,0.0,6.1E-4,37.100,-0.06,9.8,-0.3,0.1,9.8,0.1,0.0,0.0,,,,,,,,,,37.100,-0.03,9.8,-0.1,-0.1,9.8,-0.1,0.0,-6.1E-4,37.100,-0.05,9.9,0.0,0.0,9.9,0.0,0.0,0.0,37.100,-0.06,9.8,-0.1,0.0,9.8,0.0,0.0,6.1E-4
37.150,-0.03,9.8,-0.3,0.0,9.8,0.0,0.0,0.0,37.150,-0.06,9.8,0.5,0.0,9.8,0.0,0.0,0.0,,,,,,,,,,37.150,-0.03,9.8,0.3,-0.2,9.8,0.0,0.0,-6.1E-4,37.150,-0.03,9.8,-0.1,0.0,9.8,-1.2E-4,0.0,-6.1E-4,37.150,-0.07,9.9,1.9E-4,0.0,9.9,0.0,0.0,-6.1E-4
37.200,-0.02,9.9,-0.3,0.0,9.9,0.0,0.0,-6.1E-4,37.200,-0.06,9.8,0.1,0.0,9.8,0.0,0.0,0.0,,,,,,,,,,37.200,-0.04,9.7,0.0,-0.3,9.7,0.0,0.0,0.0,37.200,-0.03,9.8,-0.1,0.0,9.8,0.0,0.0,6.1E-4,37.200,-0.05,9.8,-0.1,0.0,9.8,0.0,0.0,-6.1E-4
37.250,-0.04,9.8,-0.3,0.0,9.8,-1.2E-4,0.0,0.0,37.250,-0.06,9.8,0.2,-0.1,9.8,0.0,0.0,0.0,,,,,,,,,,37.250,-0.01,10.0,-0.1,0.7,10.1,0.1,0.0,0.0,37.250,-0.02,9.8,-0.1,0.0,9.8,0.0,0.0,0.0,37.250,-0.05,9.8,-0.1,0.0,9.8,0.0,0.0,6.1E-4
37.300,-0.04,9.8,-0.2,0.0,9.8,0.0,0.0,-6.1E-4,37.300,-0.05,9.8,0.0,0.1,9.8,0.0,0.0,6.1E-4,,,,,,,,,,37.300,-0.03,9.6,-0.2,-0.4,9.7,-0.1,0.0,0.0,37.300,-0.04,9.8,-0.1,0.0,9.8,0.0,0.0,6.1E-4,37.300,-0.05,9.8,-0.1,0.0,9.8,0.0,0.0,0.0
37.350,-0.03,9.8,-0.3,0.0,9.8,0.0,0.0,0.0,37.350,-0.05,9.8,0.4,0.0,9.9,0.0,0.0,0.0,,,,,,,,,,37.350,-0.02,10.0,0.3,0.4,10.0,0.0,0.0,0.0,37.350,-0.04,9.8,0.0,0.0,9.8,0.0,0.0,0.0,37.350,-0.06,9.8,0.0,0.0,9.8,0.0,0.0,-6.1E-4
37.400,-0.03,9.8,-0.2,0.0,9.8,0.0,0.0,0.0,37.400,-0.06,9.9,-0.1,0.1,9.9,0.0,0.0,-6.1E-4,,,,,,,,,,37.400,-0.02,9.6,-0.4,-0.3,9.6,0.0,0.0,0.0,37.400,-0.03,9.8,-0.1,0.0,9.8,0.0,0.0,6.1E-4,37.400,-0.05,9.8,-0.1,0.0,9.8,0.0,0.0,6.1E-4
37.450,-0.03,9.8,-0.3,0.0,9.8,0.0,0.0,0.0,37.450,-0.05,9.8,0.1,-0.1,9.8,0.0,0.0,0.0,,,,,,,,,,37.450,-0.02,10.0,0.4,0.3,10.0,0.0,0.0,6.1E-4,37.450,-0.03,9.8,-0.1,0.0,9.8,0.0,0.0,0.0,37.450,-0.06,9.9,-0.1,0.0,9.9,0.0,0.0,0.0
37.500,-0.05,9.8,-0.2,0.0,9.8,0.0,0.0,6.1E-4,37.500,-0.05,9.8,0.4,0.1,9.8,0.0,0.0,0.0,,,,,,,,,,37.500,-0.03,9.7,0.0,-0.3,9.7,0.0,0.0,0.0,37.500,-0.04,9.9,0.0,0.0,9.9,0.0,0.0,0.0,37.500,-0.06,9.8,-0.1,0.0,9.8,0.0,0.0,-6.1E-4
37.550,-0.04,9.8,-0.2,0.0,9.8,0.0,0.0,0.0,37.550,-0.05,9.8,0.0,0.1,9.8,0.0,0.0,0.0,,,,,,,,,,37.550,-0.03,10.0,-0.2,0.3,10.0,0.0,0.0,6.1E-4,37.550,-0.04,9.8,-0.1,0.0,9.8,0.0,0.0,0.0,37.550,-0.05,9.9,0.0,0.0,9.9,0.0,0.0,-6.1E-4
37.600,-0.04,9.8,-0.3,0.0,9.8,0.0,0.0,-6.1E-4,37.600,-0.05,9.8,0.3,-0.1,9.8,0.0,0.0,0.0,,,,,,,,,,37.600,-0.01,9.7,0.1,-0.2,9.7,0.0,0.0,-6.1E-4,37.600,-0.02,9.8,-0.1,0.0,9.8,0.0,0.0,-6.1E-4,37.600,-0.05,9.8,-0.1,0.0,9.8,0.0,0.0,-6.1E-4
37.650,-0.03,9.8,-0.4,0.0,9.8,0.0,0.0,0.0,37.650,-0.05,9.9,-0.1,0.3,9.9,0.0,0.0,0.0,,,,,,,,,,37.650,-0.02,9.9,0.1,0.2,9.9,0.0,0.0,0.0,37.650,-0.03,9.8,-0.1,0.0,9.8,-1.2E-4,0.0,0.0,37.650,-0.06,9.8,-0.1,0.0,9.8,0.0,0.0,-6.1E-4
37.700,-0.04,9.8,-0.2,0.0,9.8,0.0,0.0,-6.1E-4,37.700,-0.07,9.7,0.3,-0.2,9.7,0.0,0.0,0.0,,,,,,,,,,37.700,-0.02,9.8,-0.3,-0.1,9.8,0.0,0.0,-6.1E-4,37.700,-0.03,9.8,-0.1,0.0,9.8,0.0,0.0,-6.1E-4,37.700,-0.05,9.8,-0.1,0.0,9.8,0.0,0.0,0.0
37.750,-0.03,9.9,-0.3,0.0,9.9,0.0,0.0,0.0,37.750,-0.05,10.0,0.1,0.2,10.0,0.0,0.0,-6.1E-4,,,,,,,,,,37.750,-0.02,9.8,0.3,0.0,9.8,0.0,0.0,0.0,37.750,-0.02,9.8,-0.1,0.0,9.8,0.0,0.0,6.1E-4,37.750,-0.05,9.8,0.0,0.0,9.8,0.0,0.0,-6.1E-4
37.800,-0.03,9.8,-0.3,0.1,9.8,0.0,0.0,0.0,37.800,-0.06,9.8,0.0,-0.1,9.8,0.0,0.0,0.0,,,,,,,,,,37.800,-0.02,9.9,-0.3,0.1,9.9,0.0,0.0,0.0,37.800,-0.03,9.8,-0.1,0.0,9.8,0.0,0.0,6.1E-4,37.800,-0.05,9.8,-0.1,0.0,9.8,-1.2E-4,0.0,-6.1E-4
37.850,-0.04,9.9,-0.3,0.0,9.9,0.0,0.0,0.0,37.850,-0.06,9.9,0.1,0.1,9.9,0.0,0.0,0.0,,,,,,,,,,37.850,-0.03,9.8,0.0,0.0,9.8,0.0,0.0,0.0,37.850,-0.03,9.8,-0.1,0.0,9.8,0.0,0.0,-6.1E-4,37.850,-0.05,9.8,-0.1,0.0,9.8,0.0,0.0,-6.1E-4
37.900,-0.04,9.8,-0.2,0.1,9.8,0.0,0.0,-6.1E-4,37.900,-0.06,9.8,0.3,0.0,9.8,0.1,0.0,0.0,,,,,,,,,,37.900,-0.02,9.9,0.2,0.0,9.9,-1.2E-4,0.0,0.0,37.900,-0.03,9.8,-0.1,0.0,9.8,0.0,0.0,-6.1E-4,37.900,-0.04,9.8,-0.1,0.0,9.8,0.0,0.0,-6.1E-4
37.950,-0.04,9.8,-0.3,0.0,9.8,0.0,0.0,0.0,37.950,-0.05,9.8,0.3,-0.1,9.8,0.0,0.0,0.0,,,,,,,,,,37.950,-0.04,9.8,-0.1,0.0,9.8,0.0,0.0,0.0,37.950,-0.03,9.8,0.0,0.0,9.8,0.0,0.0,-6.1E-4,37.950,-0.04,9.9,0.0,0.0,9.9,0.0,0.0,-6.1E-4
38.000,-0.04,9.9,-0.2,0.0,9.9,0.0,0.0,0.0,38.000,-0.06,9.9,-0.2,0.0,9.9,0.0,0.0,0.0,,,,,,,,,,38.000,-0.02,9.8,-0.1,0.1,9.8,0.0,0.0,-6.1E-4,38.000,-0.02,9.8,-0.1,0.0,9.8,0.0,0.0,-6.1E-4,38.000,-0.05,9.8,0.0,0.0,9.8,0.0,0.0,6.1E-4
38.050,-0.05,9.8,-0.3,0.0,9.8,0.0,0.0,0.0,38.050,-0.06,9.8,0.3,0.1,9.8,0.0,0.0,0.0,,,,,,,,,,38.050,-0.03,9.8,0.0,0.0,9.8,0.0,0.0,-6.1E-4,38.050,-0.04,9.8,-0.1,0.0,9.8,0.0,0.0,6.1E-4,38.050,-0.03,9.8,-0.2,0.0,9.8,0.0,0.0,-6.1E-4
38.100,-0.04,9.8,-0.2,0.1,9.8,0.0,0.0,0.0,38.100,-0.06,9.9,0.4,0.0,9.9,-0.1,0.0,0.0,,,,,,,,,,38.100,-0.04,9.8,0.1,0.0,9.8,0.0,0.0,0.0,38.100,-0.02,9.8,-0.1,0.0,9.8,0.0,0.0,6.1E-4,38.100,-0.04,9.8,-0.1,0.0,9.8,0.0,0.0,6.1E-4
38.150,-0.04,9.8,-0.3,0.0,9.8,0.0,0.0,0.0,38.150,-0.06,9.8,-0.2,0.0,9.8,0.0,0.0,0.0,,,,,,,,,,38.150,-0.03,9.8,0.0,0.0,9.8,0.0,0.0,-6.1E-4,38.150,-0.02,9.8,0.0,0.0,9.8,0.0,0.0,-6.1E-4,38.150,-0.05,9.9,0.0,0.0,9.9,0.0,0.0,6.1E-4
38.200,-0.03,9.8,-0.2,0.0,9.8,0.0,0.0,6.1E-4,38.200,-0.07,9.9,0.1,0.0,9.9,-0.1,0.0,0.0,,,,,,,,,,38.200,-0.03,9.9,-0.1,0.1,9.9,0.0,0.0,6.1E-4,38.200,-0.01,9.8,-0.1,0.0,9.8,0.0,0.0,6.1E-4,38.200,-0.06,9.8,-0.1,0.0,9.8,0.0,0.0,-6.1E-4
38.250,-0.04,9.8,-0.4,0.0,9.8,0.0,0.0,0.0,38.250,-0.06,9.8,0.1,0.0,9.8,0.0,0.0,0.0,,,,,,,,,,38.250,-0.03,9.7,0.1,-0.1,9.7,0.0,0.0,0.0,38.250,-0.04,9.8,-0.1,0.0,9.8,0.0,0.0,6.1E-4,38.250,-0.05,9.8,-0.1,0.0,9.8,0.0,0.0,6.1E-4
38.300,-0.04,9.9,-0.3,0.1,9.9,0.0,0.0,-6.1E-4,38.300,-0.06,9.8,0.1,-0.1,9.8,-0.1,0.0,0.0,,,,,,,,,,38.300,-0.01,9.8,0.0,0.1,9.8,0.0,0.0,0.0,38.300,-0.04,9.8,-0.1,0.0,9.8,0.0,0.0,-6.1E-4,38.300,-0.06,9.8,-0.1,0.0,9.8,0.0,0.0,0.0
38.350,-0.04,9.8,-0.3,0.0,9.8,0.0,0.0,0.0,38.350,-0.07,9.8,0.3,0.3,9.8,0.0,0.0,0.0,,,,,,,,,,38.350,-0.02,9.8,-0.2,-0.2,9.9,0.0,0.0,0.0,38.350,-0.03,9.8,-0.1,0.0,9.8,0.0,0.0,6.1E-4,38.350,-0.06,9.9,0.0,0.1,9.9,0.0,0.0,-6.1E-4
38.400,-0.03,9.8,-0.2,0.0,9.8,0.0,0.0,-6.1E-4,38.400,-0.07,9.9,0.1,-0.1,9.9,0.0,0.0,0.0,,,,,,,,,,38.400,-0.02,9.9,0.2,0.2,9.9,0.0,0.0,0.0,38.400,-0.03,9.8,-0.1,0.0,9.8,0.0,0.0,6.1E-4,38.400,-0.06,9.8,-0.1,0.0,9.8,0.0,0.0,-6.1E-4
38.450,-0.03,9.8,-0.4,0.0,9.8,0.0,0.0,0.0,38.450,-0.06,9.8,0.1,0.0,9.8,0.0,0.0,6.1E-4,,,,,,,,,,38.450,-0.02,9.8,0.0,-0.3,9.8,0.0,0.0,0.0,38.450,-0.03,9.8,-0.1,0.0,9.8,0.0,0.0,-6.1E-4,38.450,-0.06,9.9,-0.1,0.0,9.9,0.0,0.0,-6.1E-4
38.500,-0.03,9.8,-0.2,0.0,9.8,0.0,0.0,-6.1E-4,38.500,-0.06,9.8,-0.1,0.0,9.8,-0.1,0.0,0.0,,,,,,,,,,38.500,-0.02,9.9,-0.2,0.2,9.9,0.0,0.0,0.0,38.500,-0.03,9.8,-0.1,0.0,9.8,0.0,0.0,6.1E-4,38.500,-0.06,9.8,-0.1,0.0,9.8,0.0,0.0,-6.1E-4
38.550,-0.02,9.8,-0.2,0.0,9.8,-1.2E-4,0.0,0.0,38.550,-0.06,9.9,0.4,0.1,9.9,0.0,0.0,0.0,,,,,,,,,,38.550,-0.03,9.8,0.1,-0.1,9.8,0.0,0.0,6.1E-4,38.550,-0.03,9.8,-0.1,0.0,9.8,0.0,0.0,6.1E-4,38.550,-0.06,9.8,0.0,0.0,9.8,0.0,0.0,6.1E-4
38.600,-0.03,9.8,-0.3,0.0,9.9,0.0,0.0,0.0,38.600,-0.06,9.9,0.3,-0.1,9.9,0.0,0.0,0.0,,,,,,,,,,38.600,-0.03,9.9,-0.1,0.1,9.9,0.0,0.0,-6.1E-4,38.600,-0.03,9.8,-0.1,0.0,9.8,-1.2E-4,0.0,6.1E-4,38.600,-0.06,9.8,-0.1,0.0,9.8,0.0,0.0,6.1E-4
38.650,-0.01,9.8,-0.3,0.0,9.8,0.0,0.0,0.0,38.650,-0.06,9.9,-0.7,0.2,10.0,0.0,0.0,0.0,,,,,,,,,,38.650,-0.03,9.8,0.0,-0.1,9.8,0.0,0.0,0.0,38.650,-0.04,9.8,-0.1,0.0,9.8,0.0,0.0,6.1E-4,38.650,-0.06,9.8,-0.1,0.0,9.8,0.0,0.0,-6.1E-4
38.700,-0.03,9.8,-0.2,0.0,9.8,0.0,0.0,0.0,38.700,-0.06,9.7,0.5,0.0,9.8,0.0,0.0,0.0,,,,,,,,,,38.700,-0.04,9.9,0.0,0.0,9.9,0.0,0.0,0.0,38.700,-0.04,9.8,-0.1,0.0,9.8,0.0,0.0,-6.1E-4,38.700,-0.05,9.8,-0.1,0.0,9.8,0.0,0.0,0.0
38.750,-0.03,9.8,-0.3,0.0,9.8,0.0,0.0,0.0,38.750,-0.06,9.9,0.2,0.0,9.9,0.0,0.0,-6.1E-4,,,,,,,,,,38.750,-0.02,9.8,-0.1,0.0,9.8,-1.2E-4,0.0,0.0,38.750,-0.04,9.8,0.0,0.0,9.8,0.0,0.0,6.1E-4,38.750,-0.05,9.8,0.0,0.0,9.8,0.0,0.0,-6.1E-4
38.800,-0.02,9.8,-0.4,0.0,9.8,0.0,0.0,0.0,38.800,-0.06,9.8,0.1,0.1,9.8,0.0,0.0,-6.1E-4,,,,,,,,,,38.800,-0.03,9.8,0.2,0.0,9.8,0.0,0.0,0.0,38.800,-0.04,9.8,-0.1,0.0,9.8,0.0,0.0,0.0,38.800,-0.06,9.9,0.0,0.1,9.9,0.0,0.0,-6.1E-4
38.850,-0.03,9.8,-0.3,0.0,9.8,0.0,0.0,0.0,38.850,-0.05,9.8,-0.1,0.1,9.8,0.0,-0.1,0.0,,,,,,,,,,38.850,-0.01,9.8,-0.2,0.0,9.8,0.0,0.0,0.0,38.850,-0.04,9.8,-0.1,0.0,9.8,0.0,0.0,6.1E-4,38.850,-0.06,9.8,-0.1,0.0,9.8,0.0,0.0,6.1E-4
38.900,-0.04,9.8,-0.2,0.0,9.8,0.0,0.0,0.0,38.900,-0.06,9.8,0.8,-0.1,9.8,0.1,0.0,0.0,,,,,,,,,,38.900,-0.01,9.8,0.0,0.0,9.8,0.0,0.0,-6.1E-4,38.900,-0.04,9.8,-0.1,0.0,9.8,0.0,0.0,6.1E-4,38.900,-0.06,9.8,-0.1,0.0,9.8,0.0,0.0,-6.1E-4
38.950,-0.03,9.8,-0.2,0.0,9.8,0.0,0.0,0.0,38.950,-0.07,9.8,-0.4,0.1,9.8,0.0,0.0,0.0,,,,,,,,,,38.950,-0.02,9.9,0.0,0.2,9.9,0.0,0.0,0.0,38.950,-0.04,9.8,-0.1,0.0,9.8,0.0,0.0,-6.1E-4,38.950,-0.06,9.9,0.0,0.0,9.9,0.0,0.0,6.1E-4
39.000,-0.04,9.9,-0.3,0.0,9.9,0.0,0.0,0.0,39.000,-0.06,9.9,0.5,0.1,9.9,0.0,0.0,0.0,,,,,,,,,,39.000,-0.04,9.7,0.0,-0.2,9.7,0.0,0.0,0.0,39.000,-0.04,9.8,-0.1,0.0,9.8,0.0,0.0,-6.1E-4,39.000,-0.06,9.8,0.0,0.0,9.8,0.0,0.0,-6.1E-4
39.050,-0.04,9.8,-0.3,0.0,9.8,0.0,0.0,0.0,39.050,-0.05,9.8,0.3,0.1,9.8,0.1,0.0,0.0,,,,,,,,,,39.050,-0.02,10.0,-0.1,0.2,10.0,0.0,0.0,0.0,39.050,-0.04,9.8,-0.1,0.0,9.8,0.0,0.0,-6.1E-4,39.050,-0.06,9.8,-0.1,-0.1,9.8,0.0,0.0,0.0
39.100,-0.02,9.8,-0.2,0.0,9.8,0.0,0.0,-6.1E-4,39.100,-0.05,9.8,0.0,0.0,9.8,0.0,0.0,0.0,,,,,,,,,,39.100,-0.03,9.8,-0.1,-0.2,9.8,0.0,0.0,0.0,39.100,-0.04,9.8,-0.1,0.0,9.8,0.0,0.0,6.1E-4,39.100,-0.06,9.8,0.0,0.1,9.8,0.0,0.0,0.0
39.150,-0.04,9.8,-0.3,0.0,9.9,0.0,0.0,0.0,39.150,-0.05,9.8,0.2,0.0,9.8,0.0,0.0,0.0,,,,,,,,,,39.150,-0.03,9.9,0.0,0.1,9.9,0.0,0.0,0.0,39.150,-0.04,9.8,-0.1,0.0,9.8,0.0,0.0,-6.1E-4,39.150,-0.05,9.9,-0.1,0.1,9.9,0.0,0.0,6.1E-4
39.200,-0.03,9.8,-0.3,0.0,9.8,0.0,0.0,0.0,39.200,-0.06,9.8,0.1,0.2,9.8,-0.1,0.0,0.0,,,,,,,,,,39.200,-0.02,9.8,0.0,0.0,9.8,0.0,0.0,0.0,39.200,-0.04,9.8,-0.1,0.0,9.8,0.0,0.0,-6.1E-4,39.200,-0.05,9.9,0.0,0.0,9.9,0.0,0.0,-6.1E-4
39.250,-0.02,9.8,-0.4,0.0,9.8,0.0,0.0,0.0,39.250,-0.05,9.8,0.0,-0.1,9.8,0.0,0.0,0.0,,,,,,,,,,39.250,-0.03,9.9,0.0,0.0,9.9,0.0,0.0,0.0,39.250,-0.03,9.8,-0.1,0.0,9.8,0.0,0.0,-6.1E-4,39.250,-0.06,9.8,-0.1,0.0,9.8,0.0,0.0,6.1E-4
39.300,-0.03,9.8,-0.2,0.0,9.8,0.0,0.0,0.0,39.300,-0.05,9.8,0.8,0.2,9.8,0.0,0.0,0.0,,,,,,,,,,39.300,-0.03,9.8,0.0,0.0,9.8,0.0,0.0,0.0,39.300,-0.04,9.8,-0.1,0.0,9.8,0.0,0.0,-6.1E-4,39.300,-0.06,9.8,-0.3,0.0,9.8,0.0,0.0,0.0
39.350,-0.02,9.8,-0.2,0.0,9.8,0.0,0.0,6.1E-4,39.350,-0.05,9.9,-0.4,0.0,9.9,0.0,0.0,0.0,,,,,,,,,,39.350,-0.02,9.8,0.1,-0.1,9.8,0.0,0.0,0.0,39.350,-0.04,9.8,-0.1,0.0,9.8,0.0,0.0,6.1E-4,39.350,-0.05,9.8,0.2,0.0,9.8,0.0,0.0,6.1E-4
39.400,-0.03,9.8,-0.3,0.0,9.8,0.0,0.0,0.0,39.400,-0.06,9.6,0.4,-0.4,9.7,0.0,0.0,0.0,,,,,,,,,,39.400,-0.01,9.9,-0.1,0.1,9.9,0.0,0.0,0.0,39.400,-0.04,9.8,-0.1,0.0,9.8,0.0,0.0,-6.1E-4,39.400,-0.05,9.9,0.0,0.1,9.9,0.0,0.0,-6.1E-4
39.450,-0.03,9.8,-0.4,-0.1,9.8,0.0,0.0,-6.1E-4,39.450,-0.05,10.1,0.2,0.7,10.1,0.0,0.0,0.0,,,,,,,,,,39.450,-0.02,9.8,-0.2,-0.2,9.8,0.0,0.0,0.0,39.450,-0.04,9.8,-0.1,0.0,9.8,0.0,0.0,-6.1E-4,39.450,-0.05,9.8,-0.1,0.0,9.8,0.0,0.0,0.0
39.500,-0.03,9.8,-0.2,0.0,9.8,0.0,0.0,0.0,39.500,-0.05,9.7,0.0,-0.3,9.7,0.0,0.0,0.0,,,,,,,,,,39.500,-0.02,9.9,0.1,0.2,9.9,0.0,0.0,0.0,39.500,-0.03,9.8,0.0,0.0,9.8,0.0,0.0,-6.1E-4,39.500,-0.05,9.8,-0.4,-0.1,9.8,0.0,0.0,0.0
39.550,-0.01,9.8,-0.2,0.0,9.8,0.0,0.0,0.0,39.550,-0.06,9.9,0.3,0.2,9.9,0.0,0.0,0.0,,,,,,,,,,39.550,-0.02,9.8,0.0,-0.1,9.8,0.0,0.0,-6.1E-4,39.550,-0.04,9.8,-0.1,0.0,9.8,0.0,0.0,6.1E-4,39.550,-0.04,9.8,0.4,0.1,9.8,0.0,0.0,0.0
39.600,-0.02,9.8,-0.3,0.0,9.8,0.0,0.0,-6.1E-4,39.600,-0.05,9.8,-0.4,-0.1,9.8,-0.1,0.0,0.0,,,,,,,,,,39.600,-0.01,9.9,0.0,0.1,9.9,0.0,0.0,0.0,39.600,-0.04,9.8,-0.1,0.0,9.8,0.0,0.0,6.1E-4,39.600,-0.04,9.8,-0.1,0.1,9.8,0.0,0.0,6.1E-4
39.650,-0.03,9.8,-0.2,0.0,9.8,0.0,0.0,0.0,39.650,-0.05,9.9,0.8,0.2,9.9,0.0,0.0,0.0,,,,,,,,,,39.650,-0.02,9.8,0.0,0.0,9.8,0.0,0.0,0.0,39.650,-0.04,9.8,-0.1,0.0,9.8,0.0,0.0,-6.1E-4,39.650,-0.05,9.8,-0.2,0.0,9.8,0.0,0.0,0.0
39.700,-0.03,9.9,-0.3,0.0,9.9,0.0,0.0,0.0,39.700,-0.05,9.8,-0.2,-0.1,9.8,0.0,0.0,6.1E-4,,,,,,,,,,39.700,-0.02,9.8,-0.2,-0.1,9.8,0.0,0.0,0.0,39.700,-0.05,9.8,-0.1,0.0,9.8,0.0,0.0,-6.1E-4,39.700,-0.05,9.8,-0.2,-0.2,9.8,0.0,0.0,0.0
39.750,-0.03,9.8,-0.3,0.0,9.8,0.0,0.0,0.0,39.750,-0.04,9.9,0.3,0.1,9.9,0.0,0.0,0.0,,,,,,,,,,39.750,-0.01,9.8,-0.1,0.0,9.8,0.0,0.0,0.0,39.750,-0.04,9.8,0.0,0.0,9.8,0.0,0.0,0.0,39.750,-0.05,9.9,0.1,0.2,9.9,0.0,0.0,0.0
39.800,-0.03,9.8,-0.2,0.0,9.8,0.0,0.0,0.0,39.800,-0.05,9.8,-0.2,-0.1,9.8,0.0,0.0,0.0,,,,,,,,,,39.800,-0.01,9.9,0.1,0.0,9.9,0.0,0.0,0.0,39.800,-0.04,9.9,-0.1,0.0,9.9,0.0,0.0,-6.1E-4,39.800,-0.06,9.8,0.0,0.0,9.8,0.0,0.0,0.0
39.850,-0.02,9.8,-0.4,0.0,9.8,0.0,0.0,0.0,39.850,-0.04,9.9,0.0,0.1,9.9,0.0,0.0,0.0,,,,,,,,,,39.850,-0.02,9.8,0.0,0.0,9.8,0.0,0.0,0.0,39.850,-0.04,9.8,0.0,0.0,9.8,0.0,0.0,-6.1E-4,39.850,-0.05,9.8,-0.1,-0.1,9.8,0.0,0.0,0.0
39.900,-0.02,9.8,-0.4,0.0,9.8,0.0,0.0,0.0,39.900,-0.05,9.8,0.4,0.1,9.8,0.1,0.0,0.0,,,,,,,,,,39.900,-0.03,9.8,0.0,0.0,9.8,0.0,0.0,0.0,39.900,-0.04,9.8,0.0,0.0,9.8,0.0,0.0,0.0,39.900,-0.05,9.8,-0.3,-0.1,9.8,0.0,0.0,6.1E-4
39.950,-0.01,9.8,-0.2,0.0,9.8,0.0,0.0,-6.1E-4,39.950,-0.05,9.8,-0.1,0.0,9.8,0.0,0.0,6.1E-4,,,,,,,,,,39.950,-0.03,9.9,0.0,0.0,9.9,0.0,0.0,0.0,39.950,-0.04,9.8,-0.1,0.0,9.8,0.0,0.0,0.0,39.950,-0.05,9.9,-0.1,0.1,9.9,0.0,0.0,0.0
40.000,-0.02,9.8,-0.2,0.0,9.8,0.0,0.0,0.0,40.000,-0.06,9.8,0.1,0.0,9.8,-0.1,0.0,0.0,,,,,,,,,,40.000,-0.03,9.8,-0.2,0.0,9.8,0.0,0.0,0.0,40.000,-0.04,9.8,-0.2,0.0,9.8,0.0,0.0,0.0,40.000,-0.06,9.8,0.2,0.0,9.8,0.0,0.0,0.0
40.050,-0.02,9.8,-0.5,0.0,9.9,0.0,0.0,0.0,40.050,-0.05,9.9,0.3,0.1,9.9,0.0,0.0,6.1E-4,,,,,,,,,,40.050,-0.03,9.9,0.3,0.0,9.9,0.0,0.0,0.0,40.050,-0.03,9.8,-0.1,0.0,9.8,0.0,0.0,-6.1E-4,40.050,-0.06,9.8,-0.1,0.0,9.8,0.0,0.0,0.0
40.100,-0.01,9.8,-0.2,0.0,9.8,0.0,0.0,-6.1E-4,40.100,-0.05,9.8,0.5,0.2,9.8,0.2,0.0,0.0,,,,,,,,,,40.100,-0.03,9.8,-0.2,0.0,9.8,0.0,0.0,0.0,40.100,-0.02,9.9,0.0,0.1,9.9,0.0,0.0,6.1E-4,40.100,-0.06,9.8,-0.4,0.0,9.8,0.0,0.0,0.0
40.150,-0.01,9.8,-0.2,0.0,9.8,0.0,0.0,-6.1E-4,40.150,-0.07,9.6,0.5,-0.7,9.6,-0.3,0.0,0.1,,,,,,,,,,40.150,-0.02,9.8,0.1,0.0,9.8,0.0,0.0,0.0,40.150,-0.02,9.8,-0.2,0.0,9.8,0.0,0.0,-6.1E-4,40.150,-0.05,9.9,0.0,0.0,9.9,0.0,0.0,-6.1E-4
40.200,-0.02,9.8,-0.4,0.0,9.8,-1.2E-4,0.0,0.0,40.200,-0.05,10.3,-0.8,1.0,10.4,0.2,0.0,-0.1,,,,,,,,,,40.200,-0.03,9.9,-0.1,0.1,9.9,0.0,0.0,0.0,40.200,-0.02,9.8,0.0,0.0,9.8,0.0,0.0,-6.1E-4,40.200,-0.05,9.9,0.1,0.1,9.9,0.0,0.0,-6.1E-4
40.250,-0.02,9.8,-0.3,0.0,9.8,0.0,0.0,6.1E-4,40.250,-0.06,9.4,1.1,-0.7,9.5,-0.1,0.0,0.0,,,,,,,,,,40.250,-0.02,9.8,0.0,0.0,9.8,0.0,0.0,0.0,40.250,-0.03,9.8,-0.1,0.1,9.8,-1.2E-4,0.0,-6.1E-4,40.250,-0.05,9.8,-0.1,0.0,9.8,0.0,0.0,0.0
40.300,-0.01,9.8,-0.2,0.0,9.8,-1.2E-4,0.0,0.0,40.300,-0.05,10.1,-0.6,0.4,10.1,-1.2E-4,0.0,6.1E-4,,,,,,,,,,40.300,-0.02,9.9,0.0,0.1,9.9,0.0,0.0,0.0,40.300,-0.03,9.8,0.0,0.0,9.8,0.0,0.0,6.1E-4,40.300,-0.05,9.8,-0.4,0.0,9.8,0.0,0.0,0.0
40.350,-0.03,9.8,-0.3,0.0,9.9,0.0,0.0,0.0,40.350,-0.06,9.7,0.2,-0.1,9.7,0.0,0.0,0.0,,,,,,,,,,40.350,-0.03,9.9,0.0,0.0,9.9,0.0,0.0,-6.1E-4,40.350,-0.01,9.8,0.0,0.0,9.8,-1.2E-4,0.0,6.1E-4,40.350,-0.05,9.8,0.0,0.0,9.8,0.0,0.0,6.1E-4
40.400,-0.02,9.8,-0.2,0.0,9.8,0.0,0.0,0.0,40.400,-0.06,9.9,0.4,0.2,9.9,0.0,0.0,0.0,,,,,,,,,,40.400,-0.03,9.8,0.0,0.0,9.8,0.0,0.0,0.0,40.400,-0.02,9.8,-0.2,0.1,9.8,0.0,0.0,-6.1E-4,40.400,-0.05,9.9,0.0,0.2,9.9,0.0,0.0,-6.1E-4
40.450,-0.02,9.8,-0.3,0.0,9.8,0.0,0.0,0.0,40.450,-0.06,9.8,-0.3,0.0,9.8,0.0,0.0,0.0,,,,,,,,,,40.450,-0.05,9.8,0.0,-0.1,9.8,0.0,0.0,0.0,40.450,-0.03,9.8,-0.1,0.0,9.8,0.0,0.0,-6.1E-4,40.450,-0.05,9.8,-0.1,0.0,9.8,0.0,0.0,6.1E-4
40.500,-0.02,9.8,-0.4,0.0,9.8,0.0,0.0,-6.1E-4,40.500,-0.06,9.9,0.4,0.1,9.9,0.0,0.0,6.1E-4,,,,,,,,,,40.500,-0.04,9.9,-0.1,0.1,9.9,0.0,0.0,-6.1E-4,40.500,-0.02,9.8,0.0,0.0,9.8,0.0,0.0,0.0,40.500,-0.06,9.8,-0.2,-0.1,9.8,0.0,0.0,6.1E-4
40.550,-0.01,9.8,-0.2,0.0,9.8,0.0,0.0,0.0,40.550,-0.06,9.8,-0.1,0.0,9.8,0.0,0.0,0.0,,,,,,,,,,40.550,-0.04,9.8,0.0,-0.1,9.8,0.0,0.0,0.0,40.550,-0.02,9.8,-0.2,0.0,9.8,0.0,0.0,-6.1E-4,40.550,-0.04,9.8,-0.1,0.0,9.8,0.0,0.0,0.0
40.600,-0.02,9.8,-0.2,0.0,9.8,0.0,0.0,-6.1E-4,40.600,-0.06,9.8,0.1,0.0,9.8,0.0,0.0,0.0,,,,,,,,,,40.600,-0.04,9.9,0.0,0.0,9.9,0.0,0.0,0.0,40.600,-0.01,9.8,-0.1,0.0,9.8,0.0,0.0,-6.1E-4,40.600,-0.05,9.9,0.0,0.1,9.9,0.0,0.0,6.1E-4
40.650,-0.01,9.8,-0.4,0.0,9.8,-1.2E-4,0.0,0.0,40.650,-0.06,9.8,0.4,0.1,9.8,0.0,0.0,0.0,,,,,,,,,,40.650,-0.04,9.8,-0.1,-0.1,9.8,0.0,0.0,0.0,40.650,-0.03,9.8,0.0,0.0,9.8,0.0,0.0,-6.1E-4,40.650,-0.05,9.8,0.0,0.0,9.8,0.0,0.0,-6.1E-4
40.700,-0.01,9.8,-0.2,0.0,9.8,0.0,0.0,0.0,40.700,-0.06,9.8,-0.1,0.0,9.8,0.0,0.0,0.0,,,,,,,,,,40.700,-0.02,9.8,0.0,0.0,9.8,0.0,0.0,0.0,40.700,-0.02,9.8,0.0,0.1,9.8,0.0,0.0,6.1E-4,40.700,-0.04,9.8,-0.2,0.0,9.8,0.0,0.0,-6.1E-4
40.750,-0.01,9.8,-0.2,0.0,9.8,0.0,0.0,0.0,40.750,-0.06,9.9,0.1,0.1,9.9,0.0,0.0,0.0,,,,,,,,,,40.750,-0.03,9.9,0.0,0.2,9.9,0.0,0.0,-6.1E-4,40.750,-0.04,9.8,-0.2,0.0,9.8,0.0,0.0,-6.1E-4,40.750,-0.05,9.8,-0.2,0.0,9.8,0.0,0.0,0.0
40.800,-0.01,9.9,-0.3,0.0,9.9,0.0,0.0,0.0,40.800,-0.05,9.8,0.3,-0.1,9.8,0.0,0.0,0.0,,,,,,,,,,40.800,-0.03,9.7,0.0,-0.3,9.7,0.0,0.0,0.0,40.800,-0.03,9.8,0.0,0.0,9.8,0.0,0.0,0.0,40.800,-0.05,9.9,0.0,0.1,9.9,0.0,0.0,0.0
40.850,-0.02,9.8,-0.3,0.0,9.9,0.0,0.0,-6.1E-4,40.850,-0.05,9.9,0.0,0.1,9.9,0.0,0.0,0.0,,,,,,,,,,40.850,-0.03,10.0,-0.1,0.2,10.0,0.0,0.0,0.0,40.850,-0.02,9.8,-0.1,0.0,9.8,0.0,0.0,0.0,40.850,-0.04,9.8,0.0,0.0,9.8,0.0,0.0,6.1E-4
40.900,-0.02,9.8,-0.2,0.0,9.8,0.0,0.0,0.0,40.900,-0.06,9.8,0.2,0.0,9.8,0.0,0.0,-6.1E-4,,,,,,,,,,40.900,-0.04,9.7,-0.1,-0.1,9.7,0.0,0.0,0.0,40.900,-0.04,9.8,-0.1,0.0,9.8,0.0,0.0,-6.1E-4,40.900,-0.04,9.8,-0.3,0.0,9.8,0.0,0.0,-6.1E-4
40.950,-0.01,9.8,-0.3,0.0,9.8,0.0,0.0,-6.1E-4,40.950,-0.06,9.9,0.1,0.0,9.9,0.0,0.0,-6.1E-4,,,,,,,,,,40.950,-0.02,9.9,0.2,0.1,9.9,0.0,0.0,0.0,40.950,-0.03,9.8,-0.1,0.0,9.8,0.0,0.0,6.1E-4,40.950,-0.05,9.8,-0.2,0.0,9.8,0.0,0.0,-6.1E-4
41.000,0.00,9.8,-0.3,0.0,9.8,0.0,0.0,-6.1E-4,41.000,-0.06,9.8,0.1,0.0,9.8,0.0,0.0,0.0,,,,,,,,,,41.000,-0.01,9.8,-0.1,-0.1,9.8,0.0,0.0,0.0,41.000,-0.02,9.8,-0.1,0.0,9.8,0.0,0.0,-6.1E-4,41.000,-0.05,9.8,0.1,0.0,9.8,0.0,0.0,0.0
41.050,-0.02,9.8,-0.3,0.0,9.8,0.0,0.0,-6.1E-4,41.050,-0.07,9.8,0.2,0.1,9.8,0.0,0.0,0.0,,,,,,,,,,41.050,-0.03,9.9,0.0,0.1,9.9,0.0,0.0,0.0,41.050,-0.01,9.8,-0.1,0.0,9.8,0.0,0.0,-6.1E-4,41.050,-0.05,9.8,0.0,0.1,9.8,0.0,0.0,-6.1E-4
41.100,-0.03,9.9,-0.3,0.1,9.9,0.0,0.0,0.0,41.100,-0.06,9.8,0.3,0.0,9.8,0.0,0.0,0.0,,,,,,,,,,41.100,-0.02,9.8,-0.1,0.0,9.8,0.0,0.0,0.0,41.100,-0.01,9.8,0.0,-0.1,9.8,0.0,0.0,6.1E-4,41.100,-0.05,9.8,-0.2,0.0,9.8,0.0,0.0,0.0
41.150,-0.02,9.8,-0.3,0.0,9.8,0.0,0.0,-6.1E-4,41.150,-0.06,9.8,-0.1,0.0,9.8,-1.2E-4,0.0,0.0,,,,,,,,,,41.150,-0.03,9.8,0.0,0.0,9.8,0.0,0.0,6.1E-4,41.150,-0.04,9.8,0.0,0.0,9.8,0.0,0.0,-6.1E-4,41.150,-0.04,9.8,-0.1,0.0,9.8,0.0,0.0,-6.1E-4
41.200,-0.03,9.8,-0.2,0.0,9.8,0.0,0.0,-6.1E-4,41.200,-0.06,9.8,0.2,0.0,9.8,0.0,0.0,0.0,,,,,,,,,,41.200,-0.02,9.9,-0.1,0.1,9.9,0.0,0.0,-6.1E-4,41.200,-0.04,9.8,-0.2,0.0,9.8,0.0,0.0,-6.1E-4,41.200,-0.05,9.9,0.0,0.1,9.9,0.0,0.0,-6.1E-4
41.250,-0.01,9.8,-0.3,0.0,9.8,0.0,0.0,0.0,41.250,-0.07,9.8,0.1,0.0,9.8,0.0,0.0,0.0,,,,,,,,,,41.250,-0.03,9.8,-0.1,-0.1,9.8,0.0,0.0,-6.1E-4,41.250,-0.04,9.8,0.0,0.0,9.8,0.0,0.0,-6.1E-4,41.250,-0.04,9.9,0.0,0.1,9.9,0.0,0.0,0.0
41.300,-0.04,9.8,-0.3,0.0,9.8,0.0,0.0,-6.1E-4,41.300,-0.07,9.9,0.3,0.2,9.9,0.0,0.0,-6.1E-4,,,,,,,,,,41.300,-0.03,9.9,0.1,0.1,9.9,0.0,0.0,0.0,41.300,-0.04,9.9,0.0,0.1,9.9,0.0,0.0,6.1E-4,41.300,-0.05,9.8,-0.1,-0.1,9.8,0.0,0.0,6.1E-4
41.350,-0.03,9.8,-0.2,0.0,9.8,0.0,0.0,0.0,41.350,-0.06,9.8,0.0,-0.1,9.8,0.0,0.0,-6.1E-4,,,,,,,,,,41.350,-0.02,9.8,-0.1,-0.1,9.8,0.0,0.0,0.0,41.350,-0.03,9.8,-0.1,0.0,9.8,0.0,0.0,0.0,41.350,-0.05,9.8,-0.2,0.0,9.8,0.0,0.0,0.0
41.400,-0.03,9.8,-0.2,0.0,9.8,0.0,0.0,0.0,41.400,-0.07,9.9,0.2,0.1,9.9,0.0,0.0,6.1E-4,,,,,,,,,,41.400,-0.03,9.9,0.0,0.2,9.9,0.0,0.0,0.0,41.400,-0.02,9.8,-0.1,0.0,9.8,0.0,0.0,-6.1E-4,41.400,-0.04,9.8,0.0,0.0,9.8,0.0,0.0,0.0
41.450,-0.03,9.8,-0.4,0.0,9.8,0.0,0.0,0.0,41.450,-0.07,9.8,0.1,0.0,9.8,0.0,0.0,0.0,,,,,,,,,,41.450,-0.04,9.7,0.0,-0.2,9.7,0.0,0.0,0.0,41.450,-0.02,9.8,-0.1,0.0,9.8,0.0,0.0,0.0,41.450,-0.05,9.8,0.1,0.0,9.8,0.0,0.0,-6.1E-4
41.500,-0.02,9.8,-0.2,0.0,9.8,0.0,0.0,0.0,41.500,-0.07,9.9,0.1,0.1,9.9,0.0,0.0,0.0,,,,,,,,,,41.500,-0.03,10.0,-0.1,0.3,10.0,0.0,0.0,0.0,41.500,-0.01,9.8,-0.1,0.0,9.8,0.0,0.0,0.0,41.500,-0.05,9.8,-0.2,0.0,9.8,0.0,0.0,6.1E-4
41.550,-0.03,9.8,-0.3,0.0,9.8,0.0,0.0,0.0,41.550,-0.06,9.8,0.2,0.0,9.8,0.0,0.0,0.0,,,,,,,,,,41.550,-0.03,9.6,0.1,-0.3,9.6,0.0,0.0,0.0,41.550,-0.02,9.8,0.0,0.0,9.8,0.0,0.0,0.0,41.550,-0.05,9.8,-0.2,0.0,9.8,0.0,0.0,-6.1E-4
41.600,-0.03,9.9,-0.3,0.1,9.9,0.0,0.0,0.0,41.600,-0.07,9.9,0.1,0.1,9.9,0.0,0.0,-6.1E-4,,,,,,,,,,41.600,-0.02,10.1,-0.1,0.3,10.1,0.0,0.0,-6.1E-4,41.600,-0.01,9.8,-0.1,0.0,9.8,0.0,0.0,6.1E-4,41.600,-0.06,9.8,1.9E-4,0.0,9.8,0.0,0.0,0.0
41.650,-0.02,9.8,-0.2,0.0,9.8,0.0,0.0,-6.1E-4,41.650,-0.05,9.8,0.1,-0.1,9.8,0.0,0.0,0.0,,,,,,,,,,41.650,-0.04,9.6,-0.1,-0.3,9.6,0.0,0.0,0.0,41.650,-0.02,9.8,-0.1,0.0,9.8,0.0,0.0,-6.1E-4,41.650,-0.05,9.8,0.0,0.0,9.8,0.0,0.0,0.0
41.700,-0.03,9.8,-0.2,0.0,9.8,0.0,0.0,0.0,41.700,-0.06,9.8,0.2,0.0,9.8,0.0,0.0,6.1E-4,,,,,,,,,,41.700,-0.02,10.0,0.2,0.3,10.0,0.0,0.0,0.0,41.700,-0.02,9.8,-0.1,-0.1,9.8,0.0,0.0,0.0,41.700,-0.05,9.8,-0.1,0.0,9.8,0.0,0.0,-6.1E-4
41.750,-0.02,9.8,-0.4,0.0,9.8,0.0,0.0,0.0,41.750,-0.06,9.8,0.1,0.0,9.8,0.0,0.0,6.1E-4,,,,,,,,,,41.750,-0.02,9.7,-0.3,-0.2,9.7,0.0,0.0,0.0,41.750,-0.02,9.8,0.0,0.0,9.8,0.0,0.0,6.1E-4,41.750,-0.05,9.8,-0.2,0.0,9.8,0.0,0.0,6.1E-4
41.800,-0.03,9.8,-0.2,0.0,9.8,0.0,0.0,6.1E-4,41.800,-0.06,9.9,0.2,0.1,9.9,0.0,0.0,6.1E-4,,,,,,,,,,41.800,-0.03,9.8,0.2,0.1,9.9,0.0,0.0,6.1E-4,41.800,-0.02,9.8,-0.2,0.0,9.8,0.0,0.0,-6.1E-4,41.800,-0.05,9.8,0.0,0.0,9.8,0.0,0.0,6.1E-4
41.850,-0.03,9.8,-0.3,0.0,9.8,0.0,0.0,0.0,41.850,-0.06,9.8,0.1,0.0,9.8,0.0,0.0,-6.1E-4,,,,,,,,,,41.850,-0.02,9.8,-0.1,-0.1,9.8,0.0,0.0,0.0,41.850,-0.04,9.8,-0.2,0.0,9.8,0.0,0.0,6.1E-4,41.850,-0.06,9.8,0.0,0.0,9.8,0.0,0.0,-6.1E-4
41.900,-0.03,9.8,-0.3,0.0,9.8,0.0,0.0,6.1E-4,41.900,-0.05,9.9,0.2,0.0,9.9,0.0,0.0,-6.1E-4,,,,,,,,,,41.900,-0.03,9.9,-0.1,0.0,9.9,0.0,0.0,0.0,41.900,-0.03,9.8,0.0,0.0,9.8,0.0,0.0,-6.1E-4,41.900,-0.05,9.8,-0.1,0.0,9.8,0.0,0.0,0.0
41.950,-0.03,9.9,-0.3,0.0,9.9,0.0,0.0,0.0,41.950,-0.05,9.8,0.1,0.0,9.8,0.0,0.0,0.0,,,,,,,,,,41.950,-0.04,9.8,0.0,0.0,9.8,0.0,0.0,0.0,41.950,-0.03,9.8,-0.1,0.1,9.8,-1.2E-4,0.0,-6.1E-4,41.950,-0.05,9.8,-0.2,0.0,9.8,0.0,0.0,0.0
42.000,-0.03,9.8,-0.1,0.0,9.8,0.0,0.0,6.1E-4,42.000,-0.06,9.8,0.0,0.0,9.8,0.0,0.0,-6.1E-4,,,,,,,,,,42.000,-0.04,9.8,-0.1,0.0,9.8,0.0,0.0,0.0,42.000,-0.04,9.8,-0.1,0.0,9.8,0.0,0.0,-6.1E-4,42.000,-0.05,9.8,-0.1,0.0,9.8,0.0,0.0,6.1E-4
42.050,-0.03,9.8,-0.4,0.0,9.8,0.0,0.0,0.0,42.050,-0.05,9.8,0.2,0.0,9.8,0.0,0.0,0.0,,,,,,,,,,42.050,-0.04,9.8,-0.1,0.0,9.8,0.0,0.0,0.0,42.050,-0.02,9.8,-0.1,0.0,9.8,0.0,0.0,6.1E-4,42.050,-0.05,9.9,0.0,0.0,9.9,0.0,0.0,-6.1E-4
42.100,-0.04,9.8,-0.3,0.0,9.8,0.0,0.0,-6.1E-4,42.100,-0.06,9.8,0.2,0.1,9.8,0.0,0.0,0.0,,,,,,,,,,42.100,-0.03,9.8,0.0,0.0,9.8,0.0,0.0,0.0,42.100,-0.03,9.8,-0.1,0.1,9.8,0.0,0.0,0.0,42.100,-0.05,9.8,0.0,0.1,9.8,0.0,0.0,6.1E-4
42.150,-0.04,9.8,-0.2,0.0,9.8,0.0,0.0,0.0,42.150,-0.06,9.8,0.2,0.0,9.8,0.0,0.0,-6.1E-4,,,,,,,,,,42.150,-0.04,9.8,-0.1,0.0,9.8,0.0,0.0,0.0,42.150,-0.02,9.8,-0.1,0.0,9.8,0.0,0.0,0.0,42.150,-0.05,9.8,-0.2,0.0,9.8,0.0,0.0,-6.1E-4
42.200,-0.04,9.8,-0.3,0.0,9.8,0.0,0.0,0.0,42.200,-0.06,9.8,0.0,0.0,9.8,0.0,0.0,0.0,,,,,,,,,,42.200,-0.02,9.8,0.1,0.1,9.8,0.0,0.0,-6.1E-4,42.200,-0.03,9.8,-0.1,0.0,9.8,0.0,0.0,-6.1E-4,42.200,-0.05,9.8,0.0,0.0,9.8,0.0,0.0,0.0
42.250,-0.04,9.8,-0.4,0.0,9.8,0.0,0.0,0.0,42.250,-0.05,9.9,0.1,0.0,9.9,0.0,0.0,6.1E-4,,,,,,,,,,42.250,-0.03,9.8,-0.2,0.0,9.8,0.0,0.0,0.0,42.250,-0.04,9.8,-0.1,0.0,9.8,0.0,0.0,6.1E-4,42.250,-0.04,9.8,0.0,0.0,9.8,0.0,0.0,0.0
42.300,-0.04,9.8,-0.2,0.0,9.8,0.0,0.0,-6.1E-4,42.300,-0.07,9.8,0.1,0.0,9.8,0.0,0.0,6.1E-4,,,,,,,,,,42.300,-0.03,9.8,0.0,0.0,9.8,0.0,0.0,0.0,42.300,-0.04,9.8,0.0,0.0,9.8,0.0,0.0,0.0,42.300,-0.03,9.8,-0.1,0.0,9.8,0.0,0.0,6.1E-4
42.350,-0.04,9.9,-0.3,0.0,9.9,0.0,0.0,0.0,42.350,-0.05,9.8,0.1,0.1,9.8,0.0,0.0,0.0,,,,,,,,,,42.350,-0.03,9.9,0.0,0.0,9.9,0.0,0.0,0.0,42.350,-0.04,9.8,0.0,0.0,9.8,0.0,0.0,6.1E-4,42.350,-0.04,9.8,-0.1,-0.1,9.8,0.0,0.0,-6.1E-4
42.400,-0.03,9.8,-0.3,0.0,9.8,0.0,0.0,0.0,42.400,-0.06,9.8,0.1,0.0,9.8,0.0,0.0,0.0,,,,,,,,,,42.400,-0.03,9.8,0.0,0.0,9.8,0.0,0.0,0.0,42.400,-0.03,9.8,-0.1,0.0,9.8,0.0,0.0,6.1E-4,42.400,-0.05,9.8,-0.1,0.0,9.8,0.0,0.0,-6.1E-4
42.450,-0.04,9.8,-0.2,0.0,9.8,0.0,0.0,-6.1E-4,42.450,-0.06,9.8,0.1,0.0,9.8,0.0,0.0,0.0,,,,,,,,,,42.450,-0.03,9.8,0.1,-0.1,9.8,0.0,0.0,0.0,42.450,-0.03,9.8,-0.1,0.0,9.8,0.0,0.0,6.1E-4,42.450,-0.05,9.8,0.0,0.0,9.8,0.0,0.0,-6.1E-4
42.500,-0.04,9.8,-0.2,0.0,9.8,0.0,0.0,0.0,42.500,-0.06,9.8,0.2,0.0,9.8,0.0,0.0,-6.1E-4,,,,,,,,,,42.500,-0.03,9.9,-0.3,0.1,9.9,0.0,0.0,0.0,42.500,-0.04,9.9,0.0,0.0,9.9,0.0,0.0,6.1E-4,42.500,-0.06,9.9,0.0,0.1,9.9,0.0,0.0,-6.1E-4
42.550,-0.03,9.9,-0.3,0.0,9.9,0.0,0.0,0.0,42.550,-0.06,9.8,0.2,0.0,9.8,0.0,0.0,6.1E-4,,,,,,,,,,42.550,-0.03,9.8,0.1,-0.1,9.8,0.0,0.0,0.0,42.550,-0.04,9.8,-0.1,0.0,9.8,0.0,0.0,-6.1E-4,42.550,-0.05,9.8,-0.2,0.0,9.8,0.0,0.0,0.0
42.600,-0.02,9.8,-0.2,0.1,9.8,0.0,0.0,0.0,42.600,-0.07,9.8,0.0,0.0,9.8,0.0,0.0,0.0,,,,,,,,,,42.600,-0.02,9.8,0.1,0.1,9.8,0.0,0.0,0.0,42.600,-0.04,9.8,-0.1,0.0,9.8,0.0,0.0,6.1E-4,42.600,-0.05,9.9,-0.1,0.0,9.9,0.0,0.0,-6.1E-4
42.650,-0.01,9.8,-0.3,0.0,9.8,0.0,0.0,0.0,42.650,-0.07,9.8,0.1,0.0,9.8,0.0,0.0,6.1E-4,,,,,,,,,,42.650,-0.03,9.8,-0.2,-0.1,9.8,0.0,0.0,0.0,42.650,-0.04,9.8,-0.1,0.0,9.8,0.0,0.0,6.1E-4,42.650,-0.06,9.8,0.0,0.0,9.8,0.0,0.0,6.1E-4
42.700,-0.02,9.9,-0.3,0.0,9.9,0.0,0.0,0.0,42.700,-0.06,9.8,0.2,0.1,9.8,0.0,0.0,-6.1E-4,,,,,,,,,,42.700,-0.02,9.8,-0.1,0.1,9.8,0.0,0.0,0.0,42.700,-0.04,9.9,0.0,0.1,9.9,0.0,0.0,0.0,42.700,-0.06,9.8,0.0,0.1,9.8,0.0,0.0,0.0
42.750,-0.02,9.8,-0.2,0.1,9.8,0.0,0.0,0.0,42.750,-0.06,9.8,0.1,0.0,9.8,0.0,0.0,0.0,,,,,,,,,,42.750,-0.01,9.8,0.1,0.0,9.8,0.0,0.0,0.0,42.750,-0.03,9.8,-0.1,0.0,9.8,0.0,0.0,6.1E-4,42.750,-0.05,9.9,-0.1,0.0,9.9,0.0,0.0,0.0
42.800,-0.02,9.8,-0.3,0.0,9.8,0.0,0.0,0.0,42.800,-0.06,9.8,0.1,0.1,9.8,0.0,0.0,6.1E-4,,,,,,,,,,42.800,-0.02,9.8,-0.1,0.0,9.8,0.0,0.0,0.0,42.800,-0.02,9.8,-0.1,0.0,9.8,0.0,0.0,-6.1E-4,42.800,-0.05,9.8,-0.1,0.0,9.8,0.0,0.0,0.0
42.850,-0.01,9.8,-0.2,0.1,9.8,0.0,0.0,0.0,42.850,-0.08,9.8,0.2,0.0,9.8,0.0,0.0,0.0,,,,,,,,,,42.850,-0.03,9.9,0.0,0.0,9.9,0.0,0.0,0.0,42.850,-0.02,9.8,0.0,0.0,9.8,0.0,0.0,6.1E-4,42.850,-0.06,9.8,0.0,0.0,9.8,0.0,0.0,-6.1E-4
42.900,-0.02,9.8,-0.2,0.0,9.8,0.0,0.0,0.0,42.900,-0.07,9.8,0.2,0.0,9.8,0.0,0.0,0.0,,,,,,,,,,42.900,-0.03,9.8,0.0,0.0,9.8,0.0,0.0,0.0,42.900,-0.01,9.8,-0.1,0.0,9.8,0.0,0.0,-6.1E-4,42.900,-0.05,9.8,-0.1,0.0,9.8,0.0,0.0,6.1E-4
42.950,-0.02,9.8,-0.2,0.0,9.8,0.0,0.0,0.0,42.950,-0.07,9.8,0.0,0.0,9.8,0.0,0.0,6.1E-4,,,,,,,,,,42.950,-0.01,9.8,0.0,0.0,9.8,0.0,0.0,0.0,42.950,-0.03,9.8,0.0,0.0,9.8,0.0,0.0,6.1E-4,42.950,-0.06,9.9,-0.1,0.0,9.9,0.0,0.0,0.0
43.000,-0.01,9.8,-0.4,0.0,9.8,0.0,0.0,0.0,43.000,-0.07,9.8,0.1,0.1,9.8,0.0,0.0,-6.1E-4,,,,,,,,,,43.000,-0.02,9.8,0.0,-0.1,9.8,0.0,0.0,0.0,43.000,-0.04,9.8,-0.1,0.0,9.8,0.0,0.0,-6.1E-4,43.000,-0.05,9.8,-0.1,0.0,9.8,0.0,0.0,-6.1E-4
43.050,-0.01,9.8,-0.2,0.0,9.8,0.0,0.0,0.0,43.050,-0.07,9.8,0.2,0.0,9.8,0.0,0.0,0.0,,,,,,,,,,43.050,-0.02,9.9,-0.1,0.1,9.9,0.0,0.0,0.0,43.050,-0.02,9.8,-0.1,0.0,9.8,0.0,0.0,6.1E-4,43.050,-0.05,9.9,0.0,0.0,9.9,0.0,0.0,6.1E-4
43.100,-0.04,9.8,-0.2,0.0,9.8,-1.2E-4,0.0,0.0,43.100,-0.07,9.9,0.0,0.1,9.9,0.0,0.0,0.0,,,,,,,,,,43.100,-0.02,9.8,0.1,-0.1,9.8,0.0,0.0,0.0,43.100,-0.02,9.8,0.0,0.0,9.8,0.0,0.0,6.1E-4,43.100,-0.05,9.8,-0.1,0.0,9.8,0.0,0.0,6.1E-4
43.150,-0.03,9.9,-0.3,0.1,9.9,0.0,0.0,0.0,43.150,-0.06,9.8,0.2,0.0,9.8,0.0,0.0,6.1E-4,,,,,,,,,,43.150,-0.03,9.9,0.0,0.1,9.9,0.0,0.0,-6.1E-4,43.150,-0.05,9.8,0.0,0.0,9.8,0.0,0.0,6.1E-4,43.150,-0.06,9.8,-0.1,0.0,9.8,0.0,0.0,-6.1E-4
43.200,-0.02,9.8,-0.3,0.0,9.8,0.0,0.0,0.0,43.200,-0.06,9.8,0.2,0.0,9.8,0.0,0.0,-6.1E-4,,,,,,,,,,43.200,-0.02,9.8,-0.1,0.0,9.8,0.0,0.0,0.0,43.200,-0.04,9.8,-0.1,0.0,9.8,0.0,0.0,-6.1E-4,43.200,-0.06,9.8,-0.1,0.0,9.8,0.0,0.0,0.0
43.250,-0.05,9.8,-0.2,0.0,9.8,0.0,0.0,0.0,43.250,-0.06,9.9,0.1,0.1,9.9,0.0,0.0,0.0,,,,,,,,,,43.250,-0.03,9.9,0.0,0.0,9.9,0.0,0.0,0.0,43.250,-0.04,9.8,-0.1,0.0,9.8,0.0,0.0,6.1E-4,43.250,-0.05,9.8,0.0,0.0,9.8,0.0,0.0,0.0
43.300,-0.04,9.9,-0.3,0.0,9.9,0.0,0.0,0.0,43.300,-0.06,9.8,0.1,0.0,9.8,0.0,0.0,0.0,,,,,,,,,,43.300,-0.03,9.8,0.1,-0.1,9.8,0.0,0.0,0.0,43.300,-0.03,9.8,-0.1,0.0,9.8,0.0,0.0,0.0,43.300,-0.05,9.9,0.0,0.1,9.9,0.0,0.0,-6.1E-4
43.350,-0.04,9.8,-0.2,0.0,9.8,0.0,0.0,0.0,43.350,-0.05,9.8,0.2,0.1,9.8,0.0,0.0,6.1E-4,,,,,,,,,,43.350,-0.03,9.8,-0.1,0.1,9.8,0.0,0.0,6.1E-4,43.350,-0.02,9.8,-0.1,0.0,9.8,0.0,0.0,6.1E-4,43.350,-0.07,9.8,-0.2,0.0,9.8,0.0,0.0,0.0
43.400,-0.03,9.8,-0.3,0.0,9.8,0.0,0.0,0.0,43.400,-0.05,9.8,0.1,0.0,9.8,0.0,0.0,0.0,,,,,,,,,,43.400,-0.04,9.8,-0.1,-0.1,9.8,0.0,0.0,0.0,43.400,-0.02,9.8,-0.1,0.0,9.8,0.0,0.0,0.0,43.400,-0.06,9.8,-0.1,0.0,9.8,0.0,0.0,0.0
43.450,-0.03,9.8,-0.3,0.0,9.8,0.0,0.0,0.0,43.450,-0.06,9.9,0.2,0.1,9.9,0.0,0.0,6.1E-4,,,,,,,,,,43.450,-0.04,9.9,0.1,0.0,9.9,0.0,0.0,0.0,43.450,-0.03,9.8,-0.1,0.0,9.8,0.0,0.0,0.0,43.450,-0.06,9.8,0.0,0.0,9.8,0.0,0.0,-6.1E-4
43.500,-0.03,9.9,-0.3,0.0,9.9,0.0,0.0,0.0,43.500,-0.06,9.8,0.0,0.0,9.8,0.0,0.0,-6.1E-4,,,,,,,,,,43.500,-0.04,9.8,0.0,0.0,9.8,0.0,0.0,-6.1E-4,43.500,-0.04,9.8,-0.1,0.0,9.8,0.0,0.0,-6.1E-4,43.500,-0.06,9.8,-0.1,0.0,9.8,0.0,0.0,-6.1E-4
43.550,-0.04,9.8,-0.3,0.0,9.9,0.0,0.0,0.0,43.550,-0.06,9.9,0.2,0.1,9.9,0.0,0.0,0.0,,,,,,,,,,43.550,-0.03,9.8,-0.1,0.0,9.8,0.0,0.0,-6.1E-4,43.550,-0.04,9.9,0.0,0.0,9.9,0.0,0.0,6.1E-4,43.550,-0.06,9.8,-0.1,0.0,9.8,0.0,0.0,-6.1E-4
43.600,-0.05,9.9,-0.3,0.0,9.9,0.0,0.0,0.0,43.600,-0.07,9.8,0.2,0.0,9.8,0.0,0.0,0.0,,,,,,,,,,43.600,-0.04,9.8,0.0,0.0,9.8,0.0,0.0,-6.1E-4,43.600,-0.03,9.8,-0.1,0.0,9.8,0.0,0.0,6.1E-4,43.600,-0.06,9.8,0.0,0.0,9.8,0.0,0.0,-6.1E-4
43.650,-0.04,9.8,-0.2,0.0,9.8,0.0,0.0,0.0,43.650,-0.06,9.8,0.3,0.1,9.8,-1.2E-4,0.0,0.0,,,,,,,,,,43.650,-0.04,9.8,0.0,0.0,9.8,0.0,0.0,-6.1E-4,43.650,-0.04,9.8,-0.1,0.0,9.8,0.0,0.0,-6.1E-4,43.650,-0.05,9.8,0.0,0.0,9.8,0.0,0.0,0.0
43.700,-0.03,9.9,-0.3,0.0,9.9,0.0,0.0,0.0,43.700,-0.06,9.8,0.1,0.0,9.8,0.1,0.0,0.0,,,,,,,,,,43.700,-0.04,9.8,0.0,0.1,9.8,0.0,0.0,0.0,43.700,-0.03,9.8,-0.1,0.0,9.8,0.0,0.0,-6.1E-4,43.700,-0.06,9.8,-0.1,0.0,9.8,0.0,0.0,0.0
43.750,-0.03,9.9,-0.3,0.0,9.9,0.0,0.0,0.0,43.750,-0.06,9.8,0.5,0.0,9.8,-0.1,0.0,0.0,,,,,,,,,,43.750,-0.04,9.8,0.0,-0.1,9.8,0.0,0.0,0.0,43.750,-0.02,9.9,0.0,0.1,9.9,0.0,0.0,0.0,43.750,-0.05,9.8,-0.1,-0.1,9.8,0.0,0.0,6.1E-4
43.800,-0.02,9.8,-0.3,0.0,9.8,0.0,0.0,0.0,43.800,-0.06,9.9,-0.2,0.2,9.9,0.0,0.0,0.0,,,,,,,,,,43.800,-0.02,9.9,1.9E-4,0.1,9.9,0.0,0.0,0.0,43.800,-0.02,9.8,-0.1,0.0,9.8,0.0,0.0,0.0,43.800,-0.05,9.9,0.0,0.1,9.9,0.0,0.0,6.1E-4
43.850,-0.02,9.8,-0.2,0.0,9.8,0.0,0.0,0.0,43.850,-0.06,9.7,0.5,-0.1,9.8,0.0,0.0,-6.1E-4,,,,,,,,,,43.850,-0.04,9.8,-0.1,0.0,9.8,0.0,0.0,6.1E-4,43.850,-0.03,9.8,-0.1,0.0,9.8,0.0,0.0,-6.1E-4,43.850,-0.05,9.8,-0.1,0.0,9.8,0.0,0.0,0.0
43.900,-0.02,9.8,-0.3,0.0,9.9,0.0,0.0,0.0,43.900,-0.06,9.9,-0.1,0.1,9.9,0.0,0.0,0.0,,,,,,,,,,43.900,-0.04,9.9,1.9E-4,0.1,9.9,0.0,0.0,0.0,43.900,-7.51E-10,9.8,0.0,0.0,9.8,0.0,0.0,-6.1E-4,43.900,-0.05,9.8,-0.1,0.0,9.8,0.0,0.0,-6.1E-4
43.950,-0.03,9.9,-0.3,0.0,9.9,0.0,0.0,0.0,43.950,-0.06,9.8,0.1,-0.1,9.8,0.0,0.0,0.0,,,,,,,,,,43.950,-0.04,9.8,0.0,-0.1,9.8,0.0,0.0,6.1E-4,43.950,-0.02,9.9,0.0,0.1,9.9,0.0,0.0,-6.1E-4,43.950,-0.04,9.8,-0.1,0.0,9.8,0.0,0.0,-6.1E-4
44.000,-0.04,9.9,-0.3,0.0,9.9,0.0,0.0,0.0,44.000,-0.05,9.9,0.2,0.2,9.9,0.0,0.0,0.0,,,,,,,,,,44.000,-0.03,9.9,0.0,0.1,9.9,0.0,0.0,0.0,44.000,-0.02,9.8,-0.2,0.0,9.8,0.0,0.0,0.0,44.000,-0.04,9.8,-0.1,0.0,9.8,0.0,0.0,6.1E-4
44.050,-0.02,9.8,-0.2,0.0,9.8,0.0,0.0,0.0,44.050,-0.05,9.8,0.0,0.0,9.8,0.0,0.0,0.0,,,,,,,,,,44.050,-0.04,9.8,0.0,-0.1,9.8,0.0,0.0,-6.1E-4,44.050,-0.01,9.8,0.0,0.0,9.8,0.0,0.0,6.1E-4,44.050,-0.05,9.8,-0.1,0.0,9.8,0.0,0.0,-6.1E-4
44.100,-0.03,9.9,-0.3,0.0,9.9,0.0,0.0,0.0,44.100,-0.04,9.9,0.4,0.1,9.9,0.0,0.0,0.0,,,,,,,,,,44.100,-0.03,9.9,0.0,0.1,9.9,0.0,0.0,6.1E-4,44.100,-0.01,9.8,0.0,0.1,9.8,0.0,0.0,-6.1E-4,44.100,-0.04,9.8,-0.1,0.0,9.8,0.0,0.0,-6.1E-4
44.150,-0.03,9.8,-0.3,0.0,9.8,0.0,0.0,0.0,44.150,-0.04,9.8,0.0,-0.1,9.8,0.0,0.0,0.0,,,,,,,,,,44.150,-0.02,9.8,-0.1,0.0,9.8,0.0,0.0,0.0,44.150,-0.01,9.8,-0.1,0.0,9.8,0.0,0.0,6.1E-4,44.150,-0.05,9.8,-0.1,0.0,9.8,0.0,0.0,-6.1E-4
44.200,-0.03,9.9,-0.2,0.0,9.9,0.0,0.0,0.0,44.200,-0.06,9.8,0.2,0.1,9.9,0.0,0.0,6.1E-4,,,,,,,,,,44.200,-0.04,9.9,0.0,0.0,9.9,0.0,0.0,-6.1E-4,44.200,-0.02,9.8,0.0,-0.1,9.8,0.0,0.0,-6.1E-4,44.200,-0.05,9.8,-0.1,0.0,9.8,0.0,0.0,-6.1E-4
44.250,-0.04,9.8,-0.3,0.0,9.8,0.0,0.0,0.0,44.250,-0.06,9.8,0.2,0.0,9.8,0.0,0.0,0.0,,,,,,,,,,44.250,-0.02,9.8,0.0,0.0,9.8,0.0,0.0,-6.1E-4,44.250,-0.03,9.8,-0.1,0.0,9.8,0.0,0.0,-6.1E-4,44.250,-0.04,9.8,-0.1,0.0,9.8,0.0,0.0,-6.1E-4
44.300,-0.03,9.8,-0.4,0.0,9.8,0.0,0.0,-6.1E-4,44.300,-0.06,9.9,0.0,0.1,9.9,0.0,0.0,-6.1E-4,,,,,,,,,,44.300,-0.03,9.9,0.0,0.1,9.9,0.0,0.0,6.1E-4,44.300,-0.02,9.9,-0.1,0.1,9.9,0.0,0.0,-6.1E-4,44.300,-0.04,9.8,-0.1,0.0,9.8,0.0,0.0,-6.1E-4
44.350,-0.03,9.8,-0.1,0.0,9.8,0.0,0.0,-6.1E-4,44.350,-0.05,9.8,0.0,-0.1,9.8,0.0,0.0,0.0,,,,,,,,,,44.350,-0.02,9.8,-0.1,0.0,9.8,0.0,0.0,0.0,44.350,-0.02,9.8,0.0,-0.1,9.8,0.0,0.0,6.1E-4,44.350,-0.05,9.8,-0.1,0.0,9.8,0.0,0.0,-6.1E-4
44.400,-0.03,9.8,-0.3,0.0,9.8,0.0,0.0,0.0,44.400,-0.05,9.9,0.3,0.1,9.9,0.0,0.0,0.0,,,,,,,,,,44.400,-0.02,9.8,0.0,0.0,9.8,0.0,0.0,-6.1E-4,44.400,-0.01,9.8,0.0,0.0,9.8,0.0,0.0,6.1E-4,44.400,-0.05,9.8,-0.1,0.0,9.8,0.0,0.0,6.1E-4
44.450,-0.03,9.8,-0.2,0.0,9.9,0.0,0.0,6.1E-4,44.450,-0.05,9.8,0.1,0.0,9.8,0.0,0.0,0.0,,,,,,,,,,44.450,-0.04,9.8,0.0,0.0,9.8,0.0,0.0,-6.1E-4,44.450,-0.02,9.8,-0.3,0.0,9.9,0.0,0.0,-6.1E-4,44.450,-0.05,9.8,-0.1,0.0,9.8,0.0,0.0,-6.1E-4
44.500,-0.03,9.8,-0.3,0.0,9.8,0.0,0.0,0.0,44.500,-0.06,9.9,0.2,0.1,9.9,0.0,0.0,0.0,,,,,,,,,,44.500,-0.02,9.8,0.0,0.0,9.8,0.0,0.0,6.1E-4,44.500,-0.02,9.8,-0.1,0.0,9.8,0.0,0.0,-6.1E-4,44.500,-0.05,9.8,-0.1,0.0,9.8,0.0,0.0,0.0
44.550,-0.03,9.8,-0.1,0.0,9.8,0.0,0.0,0.0,44.550,-0.06,9.8,0.2,0.0,9.8,0.0,0.0,6.1E-4,,,,,,,,,,44.550,-0.03,9.9,0.0,0.0,9.9,0.0,0.0,-6.1E-4,44.550,-0.02,9.8,0.1,0.0,9.8,0.0,0.0,6.1E-4,44.550,-0.05,9.8,-0.1,0.0,9.8,0.0,0.0,-6.1E-4
44.600,-0.02,9.8,-0.3,0.0,9.8,0.0,0.0,0.0,44.600,-0.06,9.8,-0.1,0.1,9.8,0.0,0.0,0.0,,,,,,,,,,44.600,-0.03,9.8,-0.1,0.0,9.8,0.0,0.0,6.1E-4,44.600,-0.02,9.8,-0.1,0.1,9.8,0.0,0.0,-6.1E-4,44.600,-0.04,9.8,-0.1,0.0,9.8,0.0,0.0,0.0
44.650,-0.02,9.8,-0.2,0.0,9.8,0.0,0.0,0.0,44.650,-0.06,9.8,0.3,0.0,9.8,0.0,0.0,6.1E-4,,,,,,,,,,44.650,-0.03,9.9,0.0,0.0,9.9,0.0,0.0,0.0,44.650,-0.03,9.8,-0.1,-0.1,9.8,0.0,0.0,6.1E-4,44.650,-0.05,9.8,-0.1,0.0,9.8,0.0,0.0,6.1E-4
44.700,-0.04,9.8,-0.2,-0.1,9.8,0.0,0.0,0.0,44.700,-0.06,9.8,0.2,0.0,9.8,0.0,0.0,0.0,,,,,,,,,,44.700,-0.04,9.8,-0.1,0.0,9.8,0.0,0.0,-6.1E-4,44.700,-0.02,9.8,-0.1,0.0,9.8,0.0,0.0,0.0,44.700,-0.05,9.8,0.0,0.0,9.8,0.0,0.0,0.0
44.750,-0.03,9.8,-0.1,0.0,9.8,0.0,0.0,0.0,44.750,-0.06,9.8,0.0,0.0,9.8,0.0,0.0,6.1E-4,,,,,,,,,,44.750,-0.03,9.8,1.9E-4,0.1,9.8,0.0,0.0,-6.1E-4,44.750,-0.03,9.9,1.9E-4,0.1,9.9,0.0,0.0,-6.1E-4,44.750,-0.05,9.8,-0.1,0.1,9.8,0.0,0.0,-6.1E-4
44.800,-0.03,9.8,-0.1,0.0,9.8,0.1,0.0,0.0,44.800,-0.07,9.8,0.2,0.0,9.8,0.0,0.0,-6.1E-4,,,,,,,,,,44.800,-0.05,9.8,-0.1,0.0,9.8,0.0,0.0,6.1E-4,44.800,-0.03,9.8,0.0,-0.1,9.8,0.0,0.0,0.0,44.800,-0.05,9.8,-0.1,0.0,9.8,0.0,0.0,-6.1E-4
44.850,-0.03,9.8,-0.5,0.0,9.8,0.1,0.0,0.0,44.850,-0.05,9.8,0.1,0.0,9.8,0.0,0.0,0.0,,,,,,,,,,44.850,-0.04,9.8,0.1,0.0,9.8,0.0,0.0,-6.1E-4,44.850,-0.03,9.8,-0.2,0.0,9.8,0.0,0.0,0.0,44.850,-0.06,9.8,-0.1,0.0,9.8,0.0,0.0,6.1E-4
44.900,-0.04,9.8,-0.2,0.0,9.8,0.1,0.0,0.0,44.900,-0.06,9.8,0.3,0.1,9.8,0.0,0.0,0.0,,,,,,,,,,44.900,-0.05,9.8,-0.1,0.0,9.8,0.0,0.0,6.1E-4,44.900,-0.04,9.8,-0.2,0.0,9.8,0.0,0.0,0.0,44.900,-0.05,9.8,-0.1,0.0,9.8,0.0,0.0,6.1E-4
44.950,-0.03,9.8,-0.2,0.0,9.8,0.1,0.0,0.0,44.950,-0.05,9.8,0.1,0.0,9.8,0.0,0.0,6.1E-4,,,,,,,,,,44.950,-0.03,9.8,-0.1,0.0,9.8,0.0,0.0,0.0,44.950,-0.02,9.9,0.1,0.1,9.9,0.0,0.0,6.1E-4,44.950,-0.05,9.8,0.0,0.0,9.8,0.0,0.0,0.0
45.000,-0.03,9.8,-0.2,0.0,9.8,0.1,0.0,0.0,45.000,-0.06,9.8,0.1,0.0,9.8,0.0,0.0,6.1E-4,,,,,,,,,,45.000,-0.03,9.8,0.1,0.0,9.8,0.0,0.0,-6.1E-4,45.000,-0.02,9.8,0.0,-0.1,9.8,0.0,0.0,-6.1E-4,45.000,-0.05,9.8,-0.1,0.0,9.8,0.0,0.0,0.0
45.050,-0.04,9.8,-0.4,0.0,9.8,0.1,0.0,0.0,45.050,-0.06,9.9,0.2,0.1,9.9,0.0,0.0,-6.1E-4,,,,,,,,,,45.050,-0.03,9.8,-0.2,0.0,9.8,0.0,0.0,-6.1E-4,45.050,-0.02,9.9,-0.3,0.1,9.9,0.0,0.0,-6.1E-4,45.050,-0.06,9.8,0.0,0.0,9.8,0.0,0.0,-6.1E-4
45.100,-0.03,9.8,-0.2,0.0,9.8,0.0,0.0,0.0,45.100,-0.06,9.8,0.2,0.0,9.8,0.0,0.0,6.1E-4,,,,,,,,,,45.100,-0.02,9.9,0.0,0.0,9.9,0.0,0.0,0.0,45.100,-0.02,9.8,-0.1,-0.1,9.8,0.0,0.0,0.0,45.100,-0.05,9.8,-0.1,0.0,9.8,0.0,0.0,-6.1E-4
45.150,-0.05,9.9,-0.2,0.0,9.9,0.1,0.0,0.0,45.150,-0.05,9.8,0.0,0.0,9.8,0.0,0.0,6.1E-4,,,,,,,,,,45.150,-0.02,9.8,0.0,0.0,9.8,0.0,0.0,0.0,45.150,-0.02,9.8,0.2,0.1,9.8,0.0,0.0,0.0,45.150,-0.06,9.8,-0.1,0.0,9.8,0.0,0.0,-6.1E-4
45.200,-0.04,9.8,-0.2,0.0,9.8,0.0,0.0,0.0,45.200,-0.06,9.8,0.1,0.0,9.8,0.0,0.0,6.1E-4,,,,,,,,,,45.200,-0.03,9.8,0.0,0.1,9.8,0.0,0.0,0.0,45.200,-0.02,9.8,-0.2,0.0,9.8,0.0,0.0,0.0,45.200,-0.05,9.8,0.0,0.0,9.8,0.0,0.0,-6.1E-4
45.250,-0.04,9.9,-0.2,0.1,9.9,0.1,0.0,0.0,45.250,-0.05,9.8,0.1,0.0,9.8,0.0,0.0,0.0,,,,,,,,,,45.250,-0.02,9.8,0.0,-0.1,9.8,0.0,0.0,0.0,45.250,-0.02,9.8,-0.2,0.0,9.8,0.0,0.0,-6.1E-4,45.250,-0.05,9.8,-0.1,0.0,9.8,-1.2E-4,0.0,0.0
45.300,-0.04,9.8,-0.2,0.0,9.8,0.0,0.0,0.0,45.300,-0.06,9.8,0.3,0.0,9.8,0.0,0.0,6.1E-4,,,,,,,,,,45.300,-0.02,9.9,0.0,0.0,9.9,0.0,0.0,6.1E-4,45.300,-0.03,9.8,1.9E-4,-0.1,9.8,0.0,0.0,6.1E-4,45.300,-0.05,9.8,-0.1,0.0,9.8,0.0,0.0,-6.1E-4
45.350,-0.03,9.9,-0.2,0.1,9.9,0.0,0.0,0.0,45.350,-0.06,9.8,0.1,0.0,9.8,0.0,0.0,6.1E-4,,,,,,,,,,45.350,-0.02,9.8,0.0,0.0,9.8,-1.2E-4,0.0,-6.1E-4,45.350,-0.02,9.8,0.0,0.1,9.8,0.0,0.0,-6.1E-4,45.350,-0.06,9.9,0.0,0.0,9.9,0.0,0.0,6.1E-4
45.400,-0.03,9.8,-0.5,0.0,9.8,0.0,0.0,0.0,45.400,-0.05,9.8,0.1,0.0,9.8,0.0,0.0,-6.1E-4,,,,,,,,,,45.400,-0.02,9.8,0.0,0.0,9.8,0.0,0.0,6.1E-4,45.400,-0.03,9.8,-0.1,0.0,9.8,0.0,0.0,6.1E-4,45.400,-0.06,9.8,-0.1,0.0,9.8,0.0,0.0,6.1E-4
45.450,-0.02,9.8,-0.1,0.0,9.8,-0.1,0.0,0.0,45.450,-0.06,9.9,0.2,0.0,9.9,0.0,0.0,-6.1E-4,,,,,,,,,,45.450,-0.02,9.8,0.0,0.0,9.8,0.0,0.0,0.0,45.450,-0.02,9.8,-0.1,-0.1,9.8,0.0,0.0,6.1E-4,45.450,-0.05,9.8,-0.1,0.0,9.8,0.0,0.0,0.0
45.500,-0.03,9.8,0.0,0.0,9.8,0.0,0.0,0.0,45.500,-0.06,9.8,0.2,0.1,9.8,0.0,0.0,-6.1E-4,,,,,,,,,,45.500,-0.02,9.8,0.0,0.1,9.8,0.0,0.0,6.1E-4,45.500,-0.03,9.8,-0.1,0.0,9.8,0.0,0.0,0.0,45.500,-0.06,9.9,0.0,0.0,9.9,0.0,0.0,0.0
45.550,-0.02,9.8,-0.2,0.1,9.8,0.0,0.0,0.0,45.550,-0.06,9.8,0.1,0.0,9.8,0.0,0.0,6.1E-4,,,,,,,,,,45.550,-0.01,9.8,-0.1,0.0,9.8,0.0,0.0,-6.1E-4,45.550,-0.02,9.9,0.0,0.1,9.9,0.0,0.0,6.1E-4,45.550,-0.05,9.8,-0.2,0.0,9.8,0.0,0.0,0.0
45.600,-0.03,9.8,0.1,0.0,9.8,0.0,0.0,0.0,45.600,-0.06,9.8,0.1,0.1,9.8,0.0,0.0,6.1E-4,,,,,,,,,,45.600,-0.02,9.9,0.0,0.0,9.9,0.0,0.0,-6.1E-4,45.600,-0.03,9.9,0.1,0.0,9.9,0.0,0.0,0.0,45.600,-0.05,9.8,0.0,0.0,9.8,0.0,0.0,-6.1E-4
45.650,-0.03,9.8,-0.4,0.1,9.8,0.0,0.0,0.0,45.650,-0.05,9.8,0.1,0.0,9.8,0.0,0.0,6.1E-4,,,,,,,,,,45.650,-0.02,9.8,-0.1,0.0,9.8,0.0,0.0,-6.1E-4,45.650,-0.03,9.8,-0.3,-0.1,9.8,0.0,0.0,0.0,45.650,-0.04,9.8,-0.1,0.0,9.8,0.0,0.0,-6.1E-4
45.700,-0.03,9.8,0.0,0.0,9.8,0.0,0.0,0.0,45.700,-0.04,9.8,0.1,0.0,9.8,0.0,0.0,0.0,,,,,,,,,,45.700,-0.02,9.8,-0.1,0.0,9.8,0.0,0.0,-6.1E-4,45.700,-0.02,9.8,-0.2,0.1,9.8,0.0,0.0,-6.1E-4,45.700,-0.04,9.8,0.0,0.0,9.8,0.0,0.0,0.0
45.750,-0.02,9.8,-0.2,0.0,9.8,0.0,0.0,0.0,45.750,-0.05,9.8,0.2,0.0,9.8,0.0,0.0,0.0,,,,,,,,,,45.750,-0.02,9.8,0.0,0.0,9.8,0.0,0.0,0.0,45.750,-0.02,9.9,0.1,0.1,9.9,0.0,0.0,0.0,45.750,-0.04,9.8,-0.1,0.0,9.8,0.0,0.0,-6.1E-4
45.800,-0.02,9.9,0.0,0.0,9.9,0.0,0.0,0.0,45.800,-0.05,9.8,0.1,0.0,9.8,0.0,0.0,-6.1E-4,,,,,,,,,,45.800,-0.03,9.8,0.0,0.0,9.8,0.0,0.0,-6.1E-4,45.800,-0.04,9.8,0.2,0.0,9.8,0.0,0.0,0.0,45.800,-0.05,9.8,-0.1,0.0,9.8,0.0,0.0,0.0
45.850,-0.04,9.8,-0.3,0.1,9.8,0.0,0.0,0.0,45.850,-0.05,9.8,0.1,0.0,9.8,0.0,0.0,0.0,,,,,,,,,,45.850,-0.02,9.8,-0.1,0.0,9.8,0.0,0.0,-6.1E-4,45.850,-0.03,9.8,-0.5,-0.1,9.8,0.0,0.0,0.0,45.850,-0.04,9.8,-0.1,0.0,9.8,0.0,0.0,6.1E-4
45.900,-0.03,9.8,-0.2,-0.1,9.8,0.0,0.0,0.0,45.900,-0.06,9.8,0.3,0.0,9.8,0.0,0.0,0.0,,,,,,,,,,45.900,-0.01,9.9,0.0,0.0,9.9,0.0,0.0,0.0,45.900,-0.04,9.8,0.0,0.0,9.8,0.0,0.0,-6.1E-4,45.900,-0.04,9.8,-0.1,0.0,9.8,0.0,0.0,-6.1E-4
45.950,-0.02,9.8,0.0,0.0,9.8,0.0,0.0,0.0,45.950,-0.06,9.8,0.0,0.0,9.8,0.0,0.0,-6.1E-4,,,,,,,,,,45.950,-0.02,9.8,0.0,0.0,9.8,0.0,0.0,-6.1E-4,45.950,-0.03,9.8,0.1,0.1,9.8,0.0,0.0,0.0,45.950,-0.04,9.8,0.0,0.0,9.8,-1.2E-4,0.0,0.0
46.000,-0.03,9.8,-0.2,0.1,9.8,0.0,0.0,0.0,46.000,-0.06,9.9,0.2,0.1,9.9,0.0,0.0,0.0,,,,,,,,,,46.000,-0.02,9.8,0.0,0.0,9.8,0.0,0.0,-6.1E-4,46.000,-0.03,9.8,0.0,0.0,9.8,0.0,0.0,0.0,46.000,-0.04,9.8,-0.1,0.0,9.8,0.0,0.0,0.0
46.050,-0.03,9.8,-0.2,0.0,9.8,-1.2E-4,0.0,0.0,46.050,-0.05,9.8,0.2,0.0,9.8,0.0,0.0,-6.1E-4,,,,,,,,,,46.050,-0.01,9.8,0.0,0.0,9.8,0.0,0.0,-6.1E-4,46.050,-0.03,9.8,-0.4,-0.1,9.8,0.0,0.0,0.0,46.050,-0.02,9.8,-0.1,0.0,9.8,0.0,0.0,0.0
46.100,-0.03,9.8,-0.2,0.1,9.9,0.0,0.0,0.0,46.100,-0.05,9.8,0.1,-0.1,9.8,0.0,0.0,0.0,,,,,,,,,,46.100,-0.02,9.8,0.0,0.0,9.8,0.0,0.0,-6.1E-4,46.100,-0.03,9.8,0.0,0.1,9.8,0.0,0.0,-6.1E-4,46.100,-0.02,9.8,-0.1,0.0,9.8,0.0,0.0,6.1E-4
46.150,-0.03,9.8,-0.3,-0.1,9.8,0.0,0.0,0.0,46.150,-0.06,9.8,1.9E-4,-0.3,9.8,0.0,-1.2E-4,0.0,,,,,,,,,,46.150,-0.03,9.8,-0.1,0.0,9.8,0.0,0.0,0.0,46.150,-0.03,9.9,0.0,0.1,9.9,0.0,0.0,-6.1E-4,46.150,-0.05,9.8,-0.1,0.0,9.8,0.0,0.0,0.0
46.200,-0.03,9.8,-0.1,0.1,9.8,0.0,0.0,6.1E-4,46.200,-0.06,9.9,0.1,0.6,10.0,0.0,0.0,0.0,,,,,,,,,,46.200,-0.02,9.8,0.0,0.0,9.8,0.0,0.0,-6.1E-4,46.200,-0.03,9.8,0.1,-0.1,9.8,0.0,0.0,0.0,46.200,-0.04,9.8,0.0,0.0,9.8,0.0,0.0,-6.1E-4
46.250,-0.03,9.8,-0.2,0.0,9.8,0.0,0.0,0.0,46.250,-0.06,9.8,0.5,-0.2,9.8,0.0,0.0,0.0,,,,,,,,,,46.250,-0.02,9.8,-0.1,0.0,9.8,0.0,0.0,6.1E-4,46.250,-0.01,9.8,-0.4,0.0,9.8,0.0,0.0,0.0,46.250,-0.05,9.8,-0.2,0.0,9.8,0.0,0.0,-6.1E-4
46.300,-0.04,9.8,-0.1,0.0,9.8,0.0,0.0,0.0,46.300,-0.04,9.9,-0.1,0.2,9.9,0.0,0.0,0.0,,,,,,,,,,46.300,0.00,9.8,0.0,0.0,9.8,0.0,0.0,0.0,46.300,-0.04,9.8,-0.1,0.0,9.8,0.0,0.0,-6.1E-4,46.300,-0.05,9.8,-0.1,0.0,9.8,0.0,0.0,-6.1E-4
46.350,-0.04,9.8,-0.2,0.0,9.8,0.0,0.0,0.0,46.350,-0.06,9.8,0.2,-0.1,9.8,0.0,0.0,0.0,,,,,,,,,,46.350,0.00,9.8,-0.1,0.0,9.8,0.0,0.0,6.1E-4,46.350,-0.04,9.9,0.1,0.0,9.9,0.0,0.0,6.1E-4,46.350,-0.05,9.8,-0.1,0.1,9.8,-1.2E-4,0.0,-6.1E-4
46.400,-0.04,9.8,-0.1,0.1,9.8,0.0,0.0,-6.1E-4,46.400,-0.05,9.8,0.0,0.0,9.8,-1.2E-4,0.0,0.0,,,,,,,,,,46.400,0.00,9.9,0.0,0.1,9.9,0.0,0.0,6.1E-4,46.400,-0.05,9.8,0.1,0.0,9.8,0.0,0.0,6.1E-4,46.400,-0.04,9.8,-0.1,0.0,9.8,0.0,0.0,6.1E-4
46.450,-0.03,9.8,-0.2,0.0,9.8,0.0,0.0,6.1E-4,46.450,-0.05,9.8,0.3,0.1,9.8,0.0,0.0,6.1E-4,,,,,,,,,,46.450,-0.01,9.8,-0.1,0.0,9.8,0.0,0.0,0.0,46.450,-0.05,9.8,-0.4,0.0,9.9,0.0,0.0,0.0,46.450,-0.05,9.8,0.1,0.1,9.8,0.0,0.0,0.0
46.500,-0.05,9.8,-0.2,0.0,9.8,0.0,0.0,0.0,46.500,-0.06,9.8,0.2,-0.1,9.8,0.0,0.0,0.0,,,,,,,,,,46.500,-0.02,9.8,0.1,0.0,9.8,0.0,0.0,0.0,46.500,-0.04,9.8,0.0,-0.1,9.8,0.0,0.0,-6.1E-4,46.500,-0.05,9.8,-0.2,0.0,9.8,0.0,0.0,0.0
46.550,-0.05,9.8,-0.2,0.0,9.8,0.0,0.0,0.0,46.550,-0.05,9.9,0.1,0.2,9.9,0.0,0.0,0.0,,,,,,,,,,46.550,-0.02,9.8,-0.2,0.0,9.8,0.0,0.0,0.0,46.550,-0.04,9.9,0.1,0.1,9.9,0.0,0.0,0.0,46.550,-0.04,9.8,-0.1,-0.1,9.8,0.0,0.0,0.0
46.600,-0.04,9.8,-0.2,0.0,9.8,0.0,0.0,-6.1E-4,46.600,-0.06,9.8,0.1,-0.1,9.8,0.0,0.0,-6.1E-4,,,,,,,,,,46.600,-0.01,9.8,0.1,0.0,9.8,0.0,0.0,-6.1E-4,46.600,-0.04,9.8,-0.2,0.1,9.8,0.0,0.0,0.0,46.600,-0.05,9.8,0.1,0.1,9.8,0.0,0.0,0.0
46.650,-0.04,9.8,-0.2,0.0,9.8,0.0,0.0,6.1E-4,46.650,-0.07,9.8,0.1,0.0,9.8,0.0,0.0,-6.1E-4,,,,,,,,,,46.650,0.00,9.8,-0.1,0.0,9.8,0.0,0.0,0.0,46.650,-0.03,9.8,-0.2,-0.1,9.8,0.0,0.0,0.0,46.650,-0.05,9.8,-0.2,0.0,9.8,0.0,0.0,0.0
46.700,-0.04,9.8,-0.2,0.0,9.8,0.0,0.0,0.0,46.700,-0.05,9.9,0.1,0.1,9.9,0.0,0.0,0.0,,,,,,,,,,46.700,-7.51E-10,9.9,0.0,0.0,9.9,0.0,0.0,6.1E-4,46.700,-0.04,9.8,0.1,0.0,9.8,0.0,0.0,6.1E-4,46.700,-0.04,9.8,0.1,0.1,9.8,0.0,0.0,0.0
46.750,-0.03,9.8,-0.2,0.0,9.8,0.0,0.0,0.0,46.750,-0.06,9.7,0.2,-0.1,9.7,0.0,0.0,0.0,,,,,,,,,,46.750,-0.01,9.8,-0.1,0.0,9.8,0.0,0.0,-6.1E-4,46.750,-0.04,9.9,-0.1,0.2,9.9,0.0,0.0,0.0,46.750,-0.05,9.8,-0.5,-0.1,9.8,-1.2E-4,0.0,0.0
46.800,-0.03,9.8,-0.1,0.0,9.8,0.0,0.0,0.0,46.800,-0.06,9.9,0.3,0.1,9.9,0.0,0.0,0.0,,,,,,,,,,46.800,-0.01,9.8,0.1,0.0,9.8,0.0,0.0,-6.1E-4,46.800,-0.05,9.8,0.0,-0.1,9.8,0.0,0.0,0.0,46.800,-0.04,9.8,0.2,0.0,9.8,0.0,0.0,-6.1E-4
46.850,-0.03,9.8,-0.2,0.0,9.8,0.0,0.0,6.1E-4,46.850,-0.05,9.7,0.1,0.0,9.7,0.0,0.0,0.0,,,,,,,,,,46.850,-0.02,9.8,-0.1,0.0,9.8,0.0,0.0,6.1E-4,46.850,-0.03,9.8,-0.1,0.0,9.8,0.0,0.0,6.1E-4,46.850,-0.06,9.8,0.1,0.0,9.8,0.0,0.0,0.0
46.900,-0.02,9.8,-0.1,0.0,9.8,0.0,0.0,0.0,46.900,-0.06,9.9,0.2,0.1,9.9,0.0,0.0,0.0,,,,,,,,,,46.900,-0.01,9.8,0.0,0.0,9.8,0.0,0.0,-6.1E-4,46.900,-0.03,9.8,-0.3,0.1,9.9,-1.2E-4,0.0,0.0,46.900,-0.06,9.9,-0.3,0.1,9.9,0.0,0.0,0.0
46.950,-0.04,9.8,-0.3,0.0,9.8,0.0,0.0,0.0,46.950,-0.06,9.7,0.3,-0.1,9.7,0.0,0.0,0.0,,,,,,,,,,46.950,-0.03,9.8,-0.1,0.0,9.8,0.0,0.0,-6.1E-4,46.950,-0.04,9.8,0.0,0.0,9.8,0.0,0.0,6.1E-4,46.950,-0.05,9.8,0.0,-0.2,9.8,0.0,0.0,0.0
47.000,-0.03,9.8,-0.1,0.0,9.8,0.0,0.0,0.0,47.000,-0.06,9.9,-0.1,0.2,9.9,0.0,0.0,0.0,,,,,,,,,,47.000,-0.02,9.8,0.0,0.0,9.8,0.0,0.0,-6.1E-4,47.000,-0.04,9.8,0.2,0.0,9.8,0.0,0.0,0.0,47.000,-0.05,9.9,-0.1,0.1,9.9,0.0,0.0,-6.1E-4
47.050,-0.02,9.8,-0.2,0.0,9.8,0.0,0.0,0.0,47.050,-0.05,9.8,0.2,-0.1,9.8,0.0,0.0,0.0,,,,,,,,,,47.050,-0.03,9.8,-0.1,0.0,9.8,0.0,0.0,0.0,47.050,-0.03,9.8,-0.4,0.1,9.8,0.0,0.0,0.0,47.050,-0.05,9.8,-0.1,0.1,9.8,0.0,0.0,-6.1E-4
47.100,-0.03,9.8,-0.3,0.0,9.8,0.0,0.0,6.1E-4,47.100,-0.04,9.8,0.0,0.1,9.8,-0.1,0.0,0.0,,,,,,,,,,47.100,-0.02,9.8,0.1,0.0,9.8,0.0,0.0,6.1E-4,47.100,-0.04,9.8,0.0,-0.1,9.8,0.0,0.0,0.0,47.100,-0.05,9.9,0.0,0.0,9.9,0.0,0.0,6.1E-4
47.150,-0.04,9.8,0.0,0.0,9.8,0.0,0.0,0.0,47.150,-0.05,10.0,0.1,0.1,10.0,-0.2,0.0,0.0,,,,,,,,,,47.150,-0.03,9.8,-0.1,-0.1,9.8,0.0,0.0,6.1E-4,47.150,-0.04,9.9,0.1,0.1,9.9,0.0,0.0,-6.1E-4,47.150,-0.05,9.8,-0.1,0.0,9.8,0.0,0.0,6.1E-4
47.200,-0.04,9.8,-0.1,0.0,9.8,0.0,0.0,6.1E-4,47.200,-0.06,9.9,0.8,0.0,9.9,0.1,0.0,0.0,,,,,,,,,,47.200,-0.02,9.8,0.0,0.1,9.8,0.0,0.0,0.0,47.200,-0.04,9.8,-0.1,0.1,9.8,0.0,0.0,6.1E-4,47.200,-0.06,9.8,-0.2,0.1,9.8,0.0,0.0,-6.1E-4
47.250,-0.04,9.8,-0.2,0.0,9.8,0.0,0.0,-6.1E-4,47.250,-0.06,9.8,-0.1,0.1,9.8,0.1,0.0,0.0,,,,,,,,,,47.250,-0.01,9.8,-0.1,0.0,9.8,0.0,0.0,0.0,47.250,-0.04,9.8,-0.3,-0.1,9.8,0.0,0.0,0.0,47.250,-0.06,9.8,0.1,0.0,9.8,0.0,0.0,-6.1E-4
47.300,-0.03,9.8,-0.3,0.0,9.8,0.0,0.0,6.1E-4,47.300,-0.05,9.8,0.0,-0.1,9.8,0.0,0.0,0.0,,,,,,,,,,47.300,-0.03,9.8,0.1,0.0,9.8,0.0,0.0,0.0,47.300,-0.02,9.8,0.1,0.0,9.8,0.0,0.0,6.1E-4,47.300,-0.06,9.8,-0.1,0.0,9.8,0.0,0.0,0.0
47.350,-0.02,9.8,-0.2,0.1,9.8,0.0,0.0,0.0,47.350,-0.06,9.8,0.2,0.2,9.8,0.0,0.0,0.0,,,,,,,,,,47.350,-0.03,9.8,-0.2,0.0,9.8,0.0,0.0,0.0,47.350,-0.04,9.9,-0.2,0.1,9.9,0.0,0.0,6.1E-4,47.350,-0.05,9.8,-0.1,0.1,9.8,0.0,0.0,0.0
47.400,-0.02,9.8,-0.1,0.0,9.8,0.0,0.0,0.0,47.400,-0.07,9.6,0.1,0.1,9.6,0.0,0.0,0.0,,,,,,,,,,47.400,-0.02,9.8,1.9E-4,0.0,9.8,0.0,0.0,0.0,47.400,-0.05,9.8,0.0,0.0,9.8,-1.2E-4,0.0,0.0,47.400,-0.05,9.8,-0.1,-0.1,9.8,0.0,0.0,0.0
47.450,-0.04,9.8,-0.2,0.1,9.8,0.0,0.0,0.0,47.450,-0.06,10.2,0.1,0.0,10.2,0.0,0.0,0.0,,,,,,,,,,47.450,-0.02,9.9,0.0,0.0,9.9,0.0,0.0,0.0,47.450,-0.03,9.8,-0.1,-0.1,9.8,0.0,0.0,0.0,47.450,-0.05,9.9,0.0,0.1,9.9,0.0,0.0,-6.1E-4
47.500,-0.04,9.8,-0.2,0.0,9.8,0.0,0.0,0.0,47.500,-0.05,9.7,0.4,-0.2,9.7,0.0,0.0,0.0,,,,,,,,,,47.500,-0.02,9.8,-0.1,0.0,9.8,0.0,0.0,0.0,47.500,-0.03,9.9,-0.1,0.1,9.9,0.0,0.0,0.0,47.500,-0.05,9.8,0.0,0.0,9.8,0.0,0.0,0.0
47.550,-0.03,9.9,-0.3,0.1,9.9,0.0,0.0,0.0,47.550,-0.06,9.9,-0.1,0.2,9.9,0.0,0.0,0.0,,,,,,,,,,47.550,-0.02,9.8,-0.2,0.0,9.8,0.0,0.0,6.1E-4,47.550,-0.04,9.8,0.0,0.0,9.8,0.0,0.0,-6.1E-4,47.550,-0.05,9.9,-0.1,0.0,9.9,0.0,0.0,-6.1E-4
47.600,-0.03,9.8,-0.2,-0.1,9.8,0.0,0.0,0.0,47.600,-0.06,9.8,0.2,0.0,9.8,0.0,0.0,0.0,,,,,,,,,,47.600,-0.03,9.8,0.0,0.0,9.8,0.0,0.0,-6.1E-4,47.600,-0.03,9.9,0.0,0.0,9.9,0.0,0.0,0.0,47.600,-0.06,9.8,-0.1,0.0,9.8,0.0,0.0,-6.1E-4
47.650,-0.03,9.9,-0.4,0.1,9.9,0.0,0.0,0.0,47.650,-0.06,9.8,0.2,0.0,9.8,0.0,0.0,0.0,,,,,,,,,,47.650,-0.03,9.9,0.0,0.1,9.9,0.0,0.0,6.1E-4,47.650,-0.04,9.8,-0.2,0.0,9.8,0.0,0.0,0.0,47.650,-0.05,9.9,-0.1,0.1,9.9,0.0,0.0,-6.1E-4
47.700,-0.03,9.8,0.1,0.0,9.8,-0.1,0.0,0.0,47.700,-0.06,9.9,0.0,0.1,9.9,0.0,0.0,-6.1E-4,,,,,,,,,,47.700,-0.02,9.8,-0.1,0.0,9.8,0.0,0.0,0.0,47.700,-0.03,9.9,0.0,0.1,9.9,0.0,0.0,-6.1E-4,47.700,-0.06,9.8,0.0,0.0,9.8,0.0,0.0,0.0
47.750,-0.04,9.8,0.1,0.0,9.8,0.0,0.0,0.0,47.750,-0.06,9.8,0.4,0.0,9.8,0.0,0.0,0.0,,,,,,,,,,47.750,-0.02,9.8,-0.1,0.0,9.8,0.0,0.0,-6.1E-4,47.750,-0.02,9.9,0.0,0.0,9.9,0.0,0.0,0.0,47.750,-0.06,9.8,-0.1,0.0,9.8,0.0,0.0,0.0
47.800,-0.04,9.9,-0.3,0.1,9.9,0.0,0.0,0.0,47.800,-0.06,9.8,-0.1,0.1,9.8,0.0,0.0,0.0,,,,,,,,,,47.800,-0.02,9.8,0.1,0.0,9.8,0.0,0.0,0.0,47.800,-0.02,9.8,1.9E-4,0.1,9.8,0.0,0.0,6.1E-4,47.800,-0.06,9.8,-0.2,0.0,9.8,0.0,0.0,0.0
47.850,-0.04,9.9,-0.3,0.0,9.9,0.0,0.0,0.0,47.850,-0.06,9.7,0.3,-0.1,9.7,0.0,0.0,0.0,,,,,,,,,,47.850,-0.04,9.8,-0.1,0.0,9.8,0.0,0.0,6.1E-4,47.850,-0.03,9.8,-0.3,0.0,9.8,0.0,0.0,0.0,47.850,-0.05,9.9,0.0,0.0,9.9,0.0,0.0,-6.1E-4
47.900,-0.04,9.8,-0.2,0.0,9.8,0.0,0.0,0.0,47.900,-0.05,9.9,0.0,0.2,9.9,0.0,0.0,0.0,,,,,,,,,,47.900,-0.02,9.8,0.0,0.0,9.8,0.0,0.0,0.0,47.900,-0.02,9.9,1.9E-4,0.0,9.9,0.0,0.0,6.1E-4,47.900,-0.06,9.9,0.0,0.0,9.9,0.0,0.0,6.1E-4
47.950,-0.02,9.8,-0.1,0.0,9.8,0.0,0.0,-6.1E-4,47.950,-0.05,9.8,0.1,-0.1,9.8,0.0,0.0,0.0,,,,,,,,,,47.950,-0.01,9.8,-0.1,0.0,9.8,0.0,0.0,-6.1E-4,47.950,-0.02,9.8,0.0,0.1,9.8,0.0,0.0,0.0,47.950,-0.06,9.8,-0.1,0.1,9.8,0.0,0.0,6.1E-4
48.000,-0.04,9.9,-0.3,-0.1,9.9,0.0,0.0,-6.1E-4,48.000,-0.05,9.8,0.2,0.0,9.8,0.0,0.0,0.0,,,,,,,,,,48.000,-0.01,9.8,0.0,0.0,9.8,0.0,0.0,0.0,48.000,-0.03,9.8,-0.1,0.0,9.8,0.0,0.0,-6.1E-4,48.000,-0.06,9.8,-0.2,0.0,9.8,0.0,0.0,0.0
48.050,-0.02,9.8,-0.2,0.1,9.8,0.0,0.0,0.0,48.050,-0.05,9.7,0.0,0.0,9.7,0.0,0.0,0.0,,,,,,,,,,48.050,-0.01,9.9,0.0,0.0,9.9,0.0,0.0,0.0,48.050,-0.03,9.8,-0.1,0.0,9.8,0.0,0.0,6.1E-4,48.050,-0.06,9.9,0.0,0.0,9.9,0.0,0.0,0.0
48.100,-0.03,9.8,-0.3,0.0,9.8,0.0,0.0,6.1E-4,48.100,-0.06,9.7,0.2,0.0,9.7,0.0,0.0,6.1E-4,,,,,,,,,,48.100,-0.02,9.8,-0.1,0.0,9.8,0.0,0.0,0.0,48.100,-0.02,9.8,-0.1,0.0,9.8,0.0,0.0,0.0,48.100,-0.05,9.8,0.0,0.1,9.8,0.0,0.0,0.0
48.150,-0.02,9.9,-0.2,0.1,9.9,0.0,0.0,0.0,48.150,-0.05,9.7,0.1,0.1,9.7,0.0,0.0,0.0,,,,,,,,,,48.150,-0.02,9.8,-0.1,0.0,9.8,0.0,0.0,-6.1E-4,48.150,-0.03,9.8,-0.1,0.1,9.8,0.0,0.0,-6.1E-4,48.150,-0.05,9.8,-0.1,0.0,9.8,0.0,0.0,-6.1E-4
48.200,-0.04,9.8,-0.2,-0.1,9.8,0.0,0.0,0.0,48.200,-0.05,9.5,0.2,0.0,9.5,0.0,0.0,0.0,,,,,,,,,,48.200,-0.01,9.8,0.0,0.0,9.8,0.0,0.0,-6.1E-4,48.200,-0.03,9.8,-0.1,-0.1,9.8,0.0,0.0,6.1E-4,48.200,-0.06,9.8,-0.1,0.0,9.8,0.0,0.0,0.0
48.250,-0.03,9.9,-0.3,0.1,9.9,0.0,0.0,0.0,48.250,-0.05,10.2,0.0,0.1,10.2,0.0,0.0,0.0,,,,,,,,,,48.250,-0.02,9.8,-0.1,0.0,9.8,0.0,0.0,6.1E-4,48.250,-0.04,9.8,-0.1,0.0,9.8,0.0,0.0,6.1E-4,48.250,-0.05,9.8,-0.1,0.0,9.8,0.0,0.0,0.0
48.300,-0.03,9.8,-0.2,-0.1,9.8,0.0,0.0,0.0,48.300,-0.06,9.7,0.2,-0.1,9.7,0.0,0.0,0.0,,,,,,,,,,48.300,-0.03,9.8,-0.1,0.0,9.8,0.0,0.0,-6.1E-4,48.300,-0.03,9.8,-0.1,0.0,9.8,0.0,0.0,-6.1E-4,48.300,-0.06,9.8,0.0,0.1,9.8,0.0,0.0,0.0
48.350,-0.04,9.9,-0.2,0.1,9.9,0.0,0.0,0.0,48.350,-0.05,10.0,0.2,0.1,10.0,0.0,0.0,0.0,,,,,,,,,,48.350,-0.03,9.8,-0.1,0.0,9.8,0.0,0.0,6.1E-4,48.350,-0.04,9.8,0.0,0.0,9.8,0.0,0.0,6.1E-4,48.350,-0.07,9.8,-0.1,0.0,9.8,0.0,0.0,6.1E-4
48.400,-0.03,9.8,-0.3,0.0,9.8,0.0,0.0,0.0,48.400,-0.06,10.0,0.2,-0.1,10.0,0.0,0.0,0.0,,,,,,,,,,48.400,-0.02,9.8,0.1,0.0,9.8,0.0,0.0,-6.1E-4,48.400,-0.04,9.8,-0.1,0.0,9.8,0.0,0.0,6.1E-4,48.400,-0.06,9.8,-0.1,0.0,9.8,0.0,0.0,0.0
48.450,-0.03,9.9,-0.3,0.1,9.9,0.0,0.0,-6.1E-4,48.450,-0.06,9.9,0.2,0.1,9.9,0.0,0.0,0.0,,,,,,,,,,48.450,-0.03,9.8,-0.1,0.0,9.8,0.0,0.0,6.1E-4,48.450,-0.04,9.9,0.0,0.1,9.9,0.0,0.0,6.1E-4,48.450,-0.06,9.8,-0.1,0.0,9.8,0.0,0.0,-6.1E-4
48.500,-0.04,9.8,-0.2,0.0,9.8,0.0,0.0,0.0,48.500,-0.06,9.7,0.0,-0.1,9.7,0.0,0.0,0.0,,,,,,,,,,48.500,-0.02,9.8,-0.1,0.0,9.8,0.0,0.0,0.0,48.500,-0.04,9.8,-0.2,0.0,9.8,0.0,0.0,0.0,48.500,-0.06,9.9,0.0,0.1,9.9,0.0,0.0,-6.1E-4
48.550,-0.03,9.9,-0.2,0.1,9.9,0.0,0.0,0.0,48.550,-0.05,9.8,0.1,0.0,9.8,0.0,0.0,0.0,,,,,,,,,,48.550,-0.02,9.8,-0.1,0.0,9.8,0.0,0.0,6.1E-4,48.550,-0.04,9.8,-0.1,0.0,9.8,0.0,0.0,6.1E-4,48.550,-0.06,9.8,-0.1,0.0,9.8,0.0,0.0,6.1E-4
48.600,-0.04,9.8,-0.3,-0.1,9.8,0.0,0.0,0.0,48.600,-0.05,9.8,0.1,0.0,9.8,0.0,0.0,0.0,,,,,,,,,,48.600,-0.01,9.8,0.0,0.0,9.8,-1.2E-4,0.0,0.0,48.600,-0.04,9.8,-0.1,0.0,9.8,0.0,0.0,0.0,48.600,-0.05,9.8,-0.1,0.0,9.8,0.0,0.0,0.0
48.650,-0.04,9.8,-0.2,0.0,9.8,0.0,0.0,6.1E-4,48.650,-0.06,9.8,0.1,-0.1,9.8,0.0,0.0,-6.1E-4,,,,,,,,,,48.650,-0.01,9.8,-0.1,0.0,9.8,0.0,0.0,6.1E-4,48.650,-0.04,9.8,0.0,0.0,9.8,-1.2E-4,0.0,6.1E-4,48.650,-0.06,9.8,-0.1,0.0,9.8,0.0,0.0,6.1E-4
48.700,-0.04,9.9,-0.3,0.0,9.9,0.0,0.0,0.0,48.700,-0.05,9.8,0.2,0.1,9.8,0.0,0.0,0.0,,,,,,,,,,48.700,-0.02,9.8,-0.1,0.0,9.8,0.0,0.0,-6.1E-4,48.700,-0.04,9.8,-0.2,0.0,9.8,0.0,0.0,-6.1E-4,48.700,-0.06,9.9,0.0,0.0,9.9,0.0,0.0,-6.1E-4
48.750,-0.03,9.9,0.0,0.3,9.9,0.0,0.0,6.1E-4,48.750,-0.04,9.8,0.1,-0.1,9.8,0.0,0.0,0.0,,,,,,,,,,48.750,-0.02,9.8,0.0,0.0,9.8,0.0,0.0,6.1E-4,48.750,-0.01,9.8,0.0,0.1,9.8,0.0,0.0,0.0,48.750,-0.06,9.8,-0.1,0.0,9.8,0.0,0.0,-6.1E-4
48.800,-0.05,9.7,-0.4,-0.4,9.7,0.0,0.0,0.0,48.800,-0.04,9.9,0.2,0.1,9.9,0.0,0.0,-6.1E-4,,,,,,,,,,48.800,-0.03,9.9,0.0,0.0,9.9,0.0,0.0,-6.1E-4,48.800,-0.02,9.8,-0.1,0.0,9.8,0.0,0.0,0.0,48.800,-0.06,9.8,-0.1,0.0,9.8,0.0,0.0,6.1E-4
48.850,-0.04,10.0,-0.1,0.4,10.0,0.0,0.0,0.0,48.850,-0.05,9.8,0.1,-0.1,9.8,0.0,0.0,0.0,,,,,,,,,,48.850,-0.02,9.8,-0.1,0.0,9.8,0.0,0.0,-6.1E-4,48.850,-0.04,9.8,0.0,0.0,9.8,0.0,0.0,-6.1E-4,48.850,-0.06,9.8,-0.1,0.0,9.8,0.0,0.0,-6.1E-4
48.900,-0.04,9.7,-0.4,-0.4,9.7,0.0,0.0,0.0,48.900,-0.04,9.8,0.1,0.1,9.8,0.0,0.0,-6.1E-4,,,,,,,,,,48.900,-0.03,9.8,-0.1,0.0,9.8,0.0,0.0,-6.1E-4,48.900,-0.04,9.8,-0.2,0.0,9.8,0.0,0.0,6.1E-4,48.900,-0.06,9.9,0.0,0.1,9.9,-1.2E-4,0.0,-6.1E-4
48.950,-0.03,10.0,-0.2,0.4,10.0,0.0,0.0,0.0,48.950,-0.05,9.9,0.2,-0.1,9.9,0.0,0.0,6.1E-4,,,,,,,,,,48.950,-0.03,9.8,-0.1,0.0,9.8,0.0,0.0,6.1E-4,48.950,-0.03,9.8,-0.1,0.0,9.8,0.0,0.0,0.0,48.950,-0.06,9.8,-0.1,0.0,9.8,0.0,0.0,0.0
49.000,-0.04,9.6,-0.2,-0.5,9.6,0.0,0.0,0.0,49.000,-0.05,9.9,0.1,0.1,9.9,0.0,0.0,6.1E-4,,,,,,,,,,49.000,-0.03,9.8,0.0,0.0,9.8,0.0,0.0,-6.1E-4,49.000,-0.02,9.9,0.0,0.1,9.9,0.0,0.0,-6.1E-4,49.000,-0.06,9.8,-0.1,0.0,9.8,0.0,0.0,-6.1E-4
49.050,-0.04,10.0,-0.4,0.5,10.1,0.1,-0.1,0.0,49.050,-0.05,9.8,0.1,0.0,9.8,0.0,0.0,6.1E-4,,,,,,,,,,49.050,-0.03,9.8,-0.1,0.0,9.8,0.0,0.0,0.0,49.050,-0.03,9.8,-0.1,0.0,9.8,0.0,0.0,-6.1E-4,49.050,-0.05,9.8,-0.1,0.0,9.8,0.0,0.0,-6.1E-4
49.100,-0.04,9.6,0.0,-0.4,9.6,-0.1,0.0,0.0,49.100,-0.06,9.9,0.2,0.1,9.9,0.0,0.0,0.0,,,,,,,,,,49.100,-0.03,9.8,-0.1,0.0,9.8,0.0,0.0,6.1E-4,49.100,-0.03,9.8,-0.1,0.0,9.8,0.0,0.0,-6.1E-4,49.100,-0.06,9.8,-0.1,0.0,9.8,0.0,0.0,-6.1E-4
49.150,-0.04,10.1,-0.4,0.3,10.1,0.0,-0.1,0.0,49.150,-0.05,9.7,0.1,-0.1,9.7,0.0,0.0,6.1E-4,,,,,,,,,,49.150,-0.03,9.8,0.0,0.0,9.8,0.0,0.0,-6.1E-4,49.150,-0.03,9.8,-0.1,0.0,9.8,0.0,0.0,0.0,49.150,-0.05,9.8,-0.1,0.0,9.8,0.0,0.0,-6.1E-4
49.200,-0.05,9.5,-0.2,-0.1,9.5,0.0,0.0,0.0,49.200,-0.05,9.9,0.1,0.0,9.9,0.0,0.0,0.0,,,,,,,,,,49.200,-0.02,9.8,0.0,0.0,9.8,0.0,0.0,-6.1E-4,49.200,-0.03,9.8,-0.1,0.0,9.8,0.0,0.0,0.0,49.200,-0.06,9.8,-0.1,0.0,9.8,0.0,0.0,6.1E-4
49.250,-0.05,10.0,-0.2,0.0,10.0,0.0,-0.1,0.0,49.250,-0.05,9.7,0.1,0.0,9.7,0.0,0.0,-6.1E-4,,,,,,,,,,49.250,-0.02,9.8,-0.1,0.0,9.8,0.0,0.0,-6.1E-4,49.250,-0.01,,,,,,,,49.250,-0.06,9.8,-0.1,0.0,9.8,0.0,0.0,-6.1E-4
49.300,-0.04,9.6,-0.2,0.1,9.6,0.0,0.0,0.0,49.300,-0.06,9.9,0.1,0.1,9.9,0.0,0.0,6.1E-4,,,,,,,,,,49.300,-0.02,9.8,-0.1,0.0,9.8,0.0,0.0,0.0,,,,,,,,,,49.300,-0.06,9.8,-0.1,0.0,9.8,0.0,0.0,6.1E-4
49.350,-0.03,10.0,-0.3,0.0,10.0,0.0,0.0,0.0,49.350,-0.07,9.7,0.1,0.0,9.7,0.0,0.0,6.1E-4,,,,,,,,,,49.350,-0.02,9.9,0.0,0.1,9.9,0.0,0.0,0.0,,,,,,,,,,49.350,-0.05,9.8,-0.1,0.0,9.8,0.0,0.0,-6.1E-4
49.400,-0.03,9.7,-0.1,0.0,9.7,0.0,0.0,0.0,49.400,-0.06,9.9,0.2,0.0,9.9,0.0,0.0,0.0,,,,,,,,,,49.400,-0.02,9.8,0.0,0.0,9.8,-1.2E-4,0.0,0.0,,,,,,,,,,49.400,-0.06,9.8,-0.1,0.0,9.8,0.0,0.0,0.0
49.450,-0.03,9.9,-0.2,0.0,9.9,0.0,0.0,0.0,49.450,-0.06,9.9,0.1,0.0,9.9,0.0,0.0,0.0,,,,,,,,,,49.450,-0.03,9.8,-0.1,0.0,9.8,0.0,0.0,-6.1E-4,,,,,,,,,,49.450,-0.05,9.8,-0.1,0.0,9.8,0.0,0.0,0.0
49.500,-0.02,9.8,-0.2,0.1,9.8,0.1,0.0,0.0,49.500,-0.07,9.8,0.1,0.0,9.8,0.0,0.0,0.0,,,,,,,,,,49.500,-0.03,9.8,-0.1,0.0,9.8,0.0,0.0,0.0,,,,,,,,,,49.500,-0.06,9.8,0.0,0.0,9.8,0.0,0.0,6.1E-4
49.550,-0.03,9.8,-0.3,0.1,9.8,0.0,0.0,0.0,49.550,-0.06,9.8,0.0,0.0,9.8,0.0,0.0,0.0,,,,,,,,,,49.550,-0.02,9.9,0.0,0.0,9.9,0.0,0.0,6.1E-4,,,,,,,,,,49.550,-0.06,9.8,-0.1,0.0,9.8,0.0,0.0,-6.1E-4
49.600,-0.02,9.9,-0.2,0.0,9.9,0.0,0.0,0.0,49.600,-0.07,9.9,0.2,0.0,9.9,0.0,0.0,-6.1E-4,,,,,,,,,,49.600,-0.02,9.8,0.0,0.0,9.8,0.0,0.0,-6.1E-4,,,,,,,,,,49.600,-0.06,9.8,-0.1,0.0,9.8,0.0,0.0,-6.1E-4
49.650,-0.04,9.8,-0.4,0.1,9.8,0.0,0.0,0.0,49.650,-0.07,9.8,0.1,-0.1,9.8,-1.2E-4,0.0,6.1E-4,,,,,,,,,,49.650,-0.01,9.8,-0.1,0.0,9.8,0.0,0.0,6.1E-4,,,,,,,,,,49.650,-0.06,9.8,-0.1,0.0,9.8,0.0,0.0,-6.1E-4
49.700,-0.03,9.9,-0.2,0.1,9.9,0.0,0.0,0.0,49.700,-0.07,9.8,0.1,0.0,9.8,0.0,0.0,-6.1E-4,,,,,,,,,,49.700,-0.03,9.8,-0.1,0.0,9.8,0.0,0.0,-6.1E-4,,,,,,,,,,49.700,-0.05,9.8,-0.1,0.0,9.8,0.0,0.0,0.0
49.750,-0.04,9.7,-0.3,0.1,9.7,0.0,0.0,-6.1E-4,49.750,-0.07,9.8,0.1,0.0,9.8,0.0,0.0,0.0,,,,,,,,,,49.750,-0.03,9.8,0.0,0.0,9.8,0.0,0.0,-6.1E-4,,,,,,,,,,49.750,-0.05,9.8,-0.1,0.0,9.8,0.0,0.0,0.0
49.800,-0.03,9.9,-0.2,0.1,9.9,-0.1,0.0,0.0,49.800,-0.07,9.7,0.0,0.0,9.7,0.0,0.0,0.0,,,,,,,,,,49.800,-0.01,9.9,1.9E-4,0.0,9.9,-1.2E-4,0.0,-6.1E-4,,,,,,,,,,49.800,-0.06,9.8,0.0,0.0,9.8,0.0,0.0,6.1E-4
49.850,-0.03,9.8,-0.2,0.0,9.8,0.0,0.0,0.0,49.850,-0.06,9.9,0.2,0.0,9.9,0.0,0.0,0.0,,,,,,,,,,49.850,-0.01,9.8,-0.1,0.0,9.8,0.0,0.0,6.1E-4,,,,,,,,,,49.850,-0.06,9.8,-0.1,0.1,9.8,0.0,0.0,6.1E-4
49.900,-0.02,9.9,-0.3,0.1,9.9,-0.1,0.0,0.0,49.900,-0.06,9.7,0.1,0.0,9.7,0.0,0.0,0.0,,,,,,,,,,49.900,-0.03,9.8,-0.1,0.0,9.8,0.0,0.0,-6.1E-4,,,,,,,,,,49.900,-0.07,9.9,-0.2,0.0,9.9,0.0,0.0,0.0
49.950,-0.02,9.9,-0.2,0.0,9.9,0.0,-0.1,0.0,49.950,-0.06,9.9,0.1,0.0,9.9,0.0,0.0,0.0,,,,,,,,,,49.950,-0.03,9.8,0.0,0.0,9.8,0.0,0.0,6.1E-4,,,,,,,,,,49.950,-0.06,9.8,0.0,0.0,9.8,0.0,0.0,0.0
50.000,-0.04,9.8,-0.2,0.1,9.8,0.0,-0.1,6.1E-4,50.000,-0.06,9.9,0.2,0.0,9.9,0.0,0.0,0.0,,,,,,,,,,50.000,-0.01,9.8,0.0,0.0,9.8,0.0,0.0,-6.1E-4,,,,,,,,,,50.000,-0.07,9.8,-0.2,0.1,9.8,0.0,0.0,0.0
50.050,-0.03,9.8,-0.4,-0.1,9.8,0.0,0.0,0.0,50.050,-0.07,9.9,0.0,0.0,9.9,0.0,0.0,0.0,,,,,,,,,,50.050,-0.01,9.8,-0.1,0.0,9.8,0.0,0.0,-6.1E-4,,,,,,,,,,50.050,-0.06,9.9,0.1,0.0,9.9,0.0,0.0,0.0
50.100,-0.04,9.8,-0.2,0.1,9.8,-0.1,0.0,-6.1E-4,50.100,-0.06,9.9,0.2,0.0,9.9,0.0,0.0,6.1E-4,,,,,,,,,,50.100,-0.03,9.8,0.0,0.0,9.8,0.0,0.0,-6.1E-4,,,,,,,,,,50.100,-0.06,9.8,-0.1,0.0,9.8,0.0,0.0,-6.1E-4
50.150,-0.04,9.8,-0.4,0.0,9.8,0.0,0.0,0.0,50.150,-0.07,9.8,0.1,0.0,9.8,0.0,0.0,0.0,,,,,,,,,,50.150,-0.02,9.8,0.0,0.0,9.8,0.0,0.0,-6.1E-4,,,,,,,,,,50.150,-0.07,9.8,-0.2,0.0,9.8,0.0,0.0,0.0
50.200,-0.02,9.9,0.0,0.1,9.9,0.0,0.0,6.1E-4,50.200,-0.05,9.8,0.1,0.0,9.8,0.0,0.0,-6.1E-4,,,,,,,,,,50.200,-0.02,9.8,-0.1,0.0,9.8,0.0,0.0,6.1E-4,,,,,,,,,,50.200,-0.05,9.8,0.1,0.0,9.8,0.0,0.0,-6.1E-4
50.250,-0.03,9.8,-0.4,0.0,9.8,0.0,0.0,0.0,50.250,-0.06,9.9,0.1,0.0,9.9,0.0,0.0,-6.1E-4,,,,,,,,,,50.250,-0.02,9.8,0.0,0.0,9.8,0.0,0.0,0.0,,,,,,,,,,50.250,-0.06,9.8,-0.1,0.0,9.8,0.0,0.0,0.0
50.300,-0.04,9.9,0.0,0.0,9.9,0.0,0.0,0.0,50.300,-0.07,9.8,0.1,0.0,9.8,0.0,0.0,-6.1E-4,,,,,,,,,,50.300,-0.01,9.8,1.9E-4,0.0,9.8,0.0,0.0,-6.1E-4,,,,,,,,,,50.300,-0.05,9.8,-0.2,0.1,9.8,0.0,0.0,0.0
50.350,-0.04,9.8,-0.3,0.1,9.8,0.0,0.0,6.1E-4,50.350,-0.05,9.8,0.1,0.0,9.8,0.0,0.0,6.1E-4,,,,,,,,,,50.350,-0.01,9.9,0.0,0.0,9.9,0.0,0.0,-6.1E-4,,,,,,,,,,50.350,-0.07,9.8,0.0,0.0,9.8,0.0,0.0,0.0
50.400,-0.03,9.8,-0.2,0.0,9.8,0.0,-0.1,6.1E-4,50.400,-0.07,9.8,0.1,0.0,9.8,0.0,0.0,0.0,,,,,,,,,,50.400,-0.02,9.8,-0.1,0.0,9.8,0.0,0.0,0.0,,,,,,,,,,50.400,-0.06,9.9,0.0,0.0,9.9,0.0,0.0,6.1E-4
50.450,-0.02,9.8,-0.2,0.0,9.8,-1.2E-4,0.0,0.0,50.450,-0.07,9.9,0.2,0.1,9.9,0.0,0.0,0.0,,,,,,,,,,50.450,-0.02,9.8,0.0,0.0,9.8,0.0,0.0,6.1E-4,,,,,,,,,,50.450,-0.06,9.8,-0.2,0.0,9.8,0.0,0.0,0.0
50.500,-0.02,9.9,-0.2,0.0,9.9,0.0,0.0,-6.1E-4,50.500,-0.06,9.7,0.1,-0.1,9.7,0.0,0.0,6.1E-4,,,,,,,,,,50.500,-0.02,9.9,1.9E-4,0.0,9.9,0.0,0.0,-6.1E-4,,,,,,,,,,50.500,-0.06,9.8,0.0,0.0,9.8,0.0,0.0,0.0
50.550,-0.03,9.8,-0.1,0.0,9.8,0.0,-0.1,0.0,50.550,-0.06,9.8,0.1,0.0,9.8,0.0,0.0,0.0,,,,,,,,,,50.550,-0.01,9.8,0.0,0.0,9.8,0.0,0.0,0.0,,,,,,,,,,50.550,-0.06,9.8,0.0,0.0,9.8,0.0,0.0,0.0
50.600,-0.02,9.8,-0.3,0.0,9.8,0.0,0.0,0.0,50.600,-0.06,9.9,0.0,0.0,9.9,0.0,0.0,6.1E-4,,,,,,,,,,50.600,-0.02,9.8,-0.1,0.0,9.8,0.0,0.0,-6.1E-4,,,,,,,,,,50.600,-0.06,9.9,-0.1,0.0,9.9,0.0,0.0,0.0
50.650,-0.03,9.8,-0.2,-0.1,9.8,0.0,0.0,0.0,50.650,-0.07,9.7,0.1,0.0,9.7,0.0,0.0,0.0,,,,,,,,,,50.650,-0.02,9.8,-0.1,0.0,9.8,0.0,0.0,-6.1E-4,,,,,,,,,,50.650,-0.06,9.8,0.0,0.0,9.8,0.0,0.0,0.0
50.700,-0.03,9.8,-0.3,-0.1,9.8,0.0,0.0,6.1E-4,50.700,-0.06,10.0,0.2,0.0,10.0,0.0,0.0,0.0,,,,,,,,,,50.700,-0.02,9.9,0.0,0.0,9.9,0.0,0.0,6.1E-4,,,,,,,,,,50.700,-0.06,9.7,-0.2,0.0,9.7,0.0,0.0,0.0
50.750,-0.03,9.8,-0.2,-0.1,9.8,0.0,0.0,0.0,50.750,-0.07,9.8,0.1,0.0,9.8,0.0,0.0,0.0,,,,,,,,,,50.750,-0.02,9.8,0.0,0.0,9.8,0.0,0.0,6.1E-4,,,,,,,,,,50.750,-0.06,9.9,0.0,0.1,9.9,0.0,0.0,0.0
50.800,-0.03,9.8,-0.2,-0.1,9.8,0.0,0.0,0.0,50.800,-0.07,9.8,0.1,0.0,9.8,0.0,0.0,0.0,,,,,,,,,,50.800,-0.03,9.8,-0.1,0.0,9.8,0.0,0.0,-6.1E-4,,,,,,,,,,50.800,-0.06,9.8,-0.1,0.0,9.8,0.0,0.0,0.0
50.850,-0.02,9.8,-0.2,-0.1,9.8,0.0,0.0,0.0,50.850,-0.06,9.9,0.2,0.0,9.9,0.0,0.0,6.1E-4,,,,,,,,,,50.850,-0.03,9.8,0.0,0.0,9.8,0.0,0.0,-6.1E-4,,,,,,,,,,50.850,-0.05,9.8,-0.1,0.0,9.8,0.0,0.0,0.0
50.900,-0.02,9.8,-0.3,0.0,9.8,0.0,0.0,0.0,50.900,-0.06,9.8,0.0,0.0,9.8,0.0,0.0,6.1E-4,,,,,,,,,,50.900,-0.01,9.8,0.0,0.0,9.8,0.0,0.0,-6.1E-4,,,,,,,,,,50.900,-0.05,9.8,-0.2,0.0,9.8,0.0,0.0,0.0
50.950,-0.04,9.8,-0.2,-0.1,9.8,0.0,0.0,0.0,50.950,-0.06,9.9,0.1,0.0,9.9,0.0,0.0,6.1E-4,,,,,,,,,,50.950,-0.01,9.8,-0.1,0.0,9.8,0.0,0.0,-6.1E-4,,,,,,,,,,50.950,-0.06,9.8,0.1,0.0,9.8,0.0,0.0,6.1E-4
51.000,-0.03,9.8,-0.2,-0.1,9.8,0.0,0.0,0.0,51.000,-0.06,9.9,0.1,0.0,9.9,0.0,0.0,0.0,,,,,,,,,,51.000,-0.01,9.8,-0.1,0.0,9.8,0.0,0.0,-6.1E-4,,,,,,,,,,51.000,-0.07,9.8,0.0,0.0,9.8,0.0,0.0,0.0
51.050,-0.02,9.9,-0.3,-0.1,9.9,0.0,0.0,-6.1E-4,51.050,-0.07,9.9,0.1,0.0,9.9,0.0,0.0,-6.1E-4,,,,,,,,,,51.050,-0.01,9.8,0.0,0.0,9.8,0.0,0.0,-6.1E-4,,,,,,,,,,51.050,-0.08,9.8,-0.2,0.0,9.8,0.0,0.0,0.0
51.100,-0.03,9.8,-0.2,-0.1,9.8,0.0,0.0,0.0,51.100,-0.06,9.8,0.1,0.0,9.8,0.0,0.0,0.0,,,,,,,,,,51.100,-0.01,9.9,0.0,0.0,9.9,0.0,0.0,-6.1E-4,,,,,,,,,,51.100,-0.06,9.8,-0.1,0.0,9.8,0.0,0.0,6.1E-4
51.150,-0.02,9.8,-0.3,-0.1,9.8,0.0,0.0,0.0,51.150,-0.05,9.9,0.2,0.0,9.9,0.0,0.0,-6.1E-4,,,,,,,,,,51.150,-0.02,9.8,-0.1,0.0,9.8,0.0,0.0,-6.1E-4,,,,,,,,,,51.150,-0.07,9.8,-0.1,0.0,9.8,0.0,0.0,0.0
51.200,-0.04,9.8,-0.2,-0.1,9.8,0.0,0.0,0.0,51.200,-0.06,9.8,0.0,0.0,9.8,0.0,0.0,0.0,,,,,,,,,,51.200,-0.04,9.8,-0.1,0.0,9.8,0.0,0.0,-6.1E-4,,,,,,,,,,51.200,-0.06,9.8,0.0,0.0,9.8,0.0,0.0,0.0
51.250,-0.03,9.8,-0.2,-0.1,9.8,-1.2E-4,0.0,0.0,51.250,-0.06,9.8,0.1,0.0,9.8,0.0,0.0,0.0,,,,,,,,,,51.250,-0.02,9.8,0.0,0.0,9.8,0.0,0.0,-6.1E-4,,,,,,,,,,51.250,-0.05,9.8,-0.1,0.0,9.8,0.0,0.0,0.0
51.300,-0.04,9.9,-0.3,-0.1,9.9,0.0,0.0,0.0,51.300,-0.06,9.8,0.1,-0.1,9.8,0.0,0.0,0.0,,,,,,,,,,51.300,-0.02,9.8,0.0,0.0,9.8,0.0,0.0,-6.1E-4,,,,,,,,,,51.300,-0.06,9.9,-0.1,0.0,9.9,0.0,0.0,0.0
51.350,-0.04,9.8,-0.2,-0.2,9.8,0.0,0.0,-6.1E-4,51.350,-0.06,9.8,0.1,0.0,9.8,0.0,0.0,0.0,,,,,,,,,,51.350,-0.04,9.8,-0.1,0.0,9.8,0.0,0.0,-6.1E-4,,,,,,,,,,51.350,-0.06,9.8,0.1,0.0,9.8,0.0,0.0,6.1E-4
51.400,-0.04,9.8,-0.3,-0.2,9.8,0.0,0.0,0.0,51.400,-0.06,9.8,0.2,0.0,9.8,0.0,0.0,0.0,,,,,,,,,,51.400,-0.02,9.8,-0.1,0.0,9.8,0.0,0.0,0.0,,,,,,,,,,51.400,-0.05,9.9,-0.1,0.0,9.9,0.0,0.0,0.0
51.450,-0.03,9.8,-0.2,-0.2,9.8,0.0,-1.2E-4,-6.1E-4,51.450,-0.06,9.8,0.0,0.0,9.8,0.0,0.0,0.0,,,,,,,,,,51.450,-0.04,9.8,0.0,0.0,9.8,0.0,0.0,0.0,,,,,,,,,,51.450,-0.06,9.8,0.0,0.0,9.8,0.0,0.0,0.0
51.500,-0.02,9.8,-0.2,-0.1,9.8,0.0,-1.2E-4,0.0,51.500,-0.06,9.8,0.1,0.0,9.8,0.0,0.0,6.1E-4,,,,,,,,,,51.500,-0.05,9.9,0.0,0.0,9.9,0.0,0.0,0.0,,,,,,,,,,51.500,-0.05,9.8,-0.1,0.0,9.8,0.0,0.0,0.0
51.550,-0.02,9.9,-0.2,0.1,9.9,0.0,0.0,6.1E-4,51.550,-0.07,9.8,0.0,0.0,9.8,0.0,0.0,6.1E-4,,,,,,,,,,51.550,-0.04,9.8,-0.1,0.0,9.8,0.0,0.0,6.1E-4,,,,,,,,,,51.550,-0.06,9.8,0.0,0.0,9.8,0.0,0.0,-6.1E-4
51.600,-0.03,9.8,-0.3,-0.1,9.8,0.0,0.0,0.0,51.600,-0.06,9.9,0.2,0.0,9.9,0.0,0.0,-6.1E-4,,,,,,,,,,51.600,-0.04,9.8,0.0,0.0,9.8,0.0,0.0,-6.1E-4,,,,,,,,,,51.600,-0.06,9.8,-0.1,0.0,9.8,0.0,0.0,-6.1E-4
51.650,-0.04,9.9,-0.3,-0.1,9.9,0.0,0.0,0.0,51.650,-0.07,9.8,0.1,0.0,9.8,0.0,0.0,-6.1E-4,,,,,,,,,,51.650,-0.03,9.9,0.0,0.0,9.9,0.0,0.0,-6.1E-4,,,,,,,,,,51.650,-0.06,9.8,0.0,0.0,9.8,0.0,0.0,-6.1E-4
51.700,-0.02,9.8,-0.2,-0.1,9.8,0.0,0.0,0.0,51.700,-0.06,9.8,0.1,0.0,9.8,0.0,0.0,-6.1E-4,,,,,,,,,,51.700,-0.05,9.8,-0.1,0.0,9.8,0.0,0.0,-6.1E-4,,,,,,,,,,51.700,-0.06,9.8,-0.1,0.0,9.8,0.0,0.0,-6.1E-4
51.750,-0.02,9.8,-0.1,-0.1,9.8,0.0,0.0,0.0,51.750,-0.06,9.8,0.1,0.0,9.8,0.0,0.0,6.1E-4,,,,,,,,,,51.750,-0.04,9.8,-0.1,0.0,9.8,0.0,0.0,-6.1E-4,,,,,,,,,,51.750,-0.06,9.8,-0.1,0.0,9.8,0.0,0.0,-6.1E-4
51.800,-0.02,9.8,-0.2,-0.2,9.8,0.0,0.0,0.0,51.800,-0.05,9.8,0.1,-0.1,9.8,0.0,0.0,-6.1E-4,,,,,,,,,,51.800,-0.04,9.8,-0.1,0.0,9.8,0.0,0.0,-6.1E-4,,,,,,,,,,51.800,-0.06,9.8,0.0,0.0,9.8,0.0,0.0,6.1E-4
51.850,-0.02,9.8,-0.3,-0.2,9.8,0.0,0.0,0.0,51.850,-0.04,9.9,0.1,0.1,9.9,0.0,0.0,-6.1E-4,,,,,,,,,,51.850,-0.04,9.9,0.0,0.0,9.9,0.0,0.0,6.1E-4,,,,,,,,,,51.850,-0.05,9.8,-0.1,0.0,9.8,0.0,0.0,0.0
51.900,-0.02,9.8,-0.2,-0.2,9.8,0.0,0.0,0.0,51.900,-0.05,9.8,0.2,-0.1,9.8,0.0,0.0,0.0,,,,,,,,,,51.900,-0.03,9.8,0.0,0.0,9.8,0.0,0.0,0.0,,,,,,,,,,51.900,-0.05,9.8,-0.1,0.1,9.8,0.0,0.0,-6.1E-4
51.950,-0.03,9.8,-0.3,-0.2,9.9,0.0,0.0,0.0,51.950,-0.05,9.8,0.1,0.1,9.8,0.0,0.0,-6.1E-4,,,,,,,,,,51.950,-0.03,9.8,0.0,0.0,9.8,0.0,0.0,0.0,,,,,,,,,,51.950,-0.06,9.8,-0.1,0.0,9.8,0.0,0.0,6.1E-4
52.000,-0.02,9.8,-0.1,-0.1,9.8,0.0,0.0,0.0,52.000,-0.04,9.8,0.1,-0.1,9.8,0.0,0.0,0.0,,,,,,,,,,52.000,-0.03,9.8,0.0,0.0,9.8,0.0,0.0,6.1E-4,,,,,,,,,,52.000,-0.06,9.9,0.0,0.0,9.9,0.0,0.0,-6.1E-4
52.050,-0.02,9.8,-0.4,-0.1,9.8,0.0,0.0,-6.1E-4,52.050,-0.05,9.8,0.1,0.0,9.8,0.0,0.0,-6.1E-4,,,,,,,,,,52.050,-0.03,9.8,0.0,0.0,9.8,0.0,0.0,-6.1E-4,,,,,,,,,,52.050,-0.05,9.8,-0.1,0.0,9.8,-1.2E-4,0.0,-6.1E-4
52.100,-0.03,9.9,-0.1,-0.1,9.9,0.0,0.0,0.0,52.100,-0.04,9.8,0.1,0.0,9.8,0.0,0.0,-6.1E-4,,,,,,,,,,52.100,-0.02,9.8,0.0,0.0,9.8,0.0,0.0,-6.1E-4,,,,,,,,,,52.100,-0.06,9.8,-0.1,0.0,9.8,0.0,0.0,-6.1E-4
52.150,-0.03,9.8,-0.3,-0.2,9.8,0.0,0.0,0.0,52.150,-0.05,9.8,0.1,-0.1,9.8,0.0,0.0,6.1E-4,,,,,,,,,,52.150,-0.02,9.8,-0.1,0.0,9.8,0.0,0.0,-6.1E-4,,,,,,,,,,52.150,-0.05,9.8,0.0,0.0,9.8,0.0,0.0,-6.1E-4
52.200,-0.04,9.8,-0.2,-0.2,9.8,0.0,0.0,0.0,52.200,-0.05,9.8,0.1,0.0,9.8,0.0,0.0,-6.1E-4,,,,,,,,,,52.200,-0.03,9.8,0.0,0.0,9.8,0.0,0.0,-6.1E-4,,,,,,,,,,52.200,-0.05,9.8,-0.1,0.0,9.8,0.0,0.0,0.0
52.250,-0.03,9.9,-0.3,-0.1,9.9,0.0,0.0,0.0,52.250,-0.06,9.8,0.1,0.0,9.8,0.0,0.0,0.0,,,,,,,,,,52.250,-0.02,9.8,-0.1,0.0,9.8,0.0,0.0,-6.1E-4,,,,,,,,,,52.250,-0.06,9.8,-0.2,0.0,9.8,0.0,0.0,0.0
52.300,-0.04,9.8,-0.1,-0.1,9.8,0.0,0.0,6.1E-4,52.300,-0.06,9.9,0.1,0.0,9.9,0.0,0.0,0.0,,,,,,,,,,52.300,-0.03,9.8,0.0,0.0,9.8,0.0,0.0,-6.1E-4,,,,,,,,,,52.300,-0.06,9.8,0.0,0.0,9.8,0.0,0.0,0.0
52.350,-0.03,9.8,-0.2,-0.2,9.8,0.0,0.0,0.0,52.350,-0.05,9.8,0.0,-0.1,9.8,0.0,0.0,-6.1E-4,,,,,,,,,,52.350,-0.02,9.8,0.0,0.0,9.8,0.0,0.0,0.0,,,,,,,,,,52.350,-0.06,9.9,-0.1,0.1,9.9,0.0,0.0,-6.1E-4
52.400,-0.03,9.9,-0.3,-0.1,9.9,0.0,-0.1,-6.1E-4,52.400,-0.06,9.8,0.1,0.0,9.8,0.0,0.0,0.0,,,,,,,,,,52.400,-0.01,9.8,0.0,0.0,9.8,0.0,0.0,-6.1E-4,,,,,,,,,,52.400,-0.05,9.8,0.0,0.0,9.8,0.0,0.0,6.1E-4
52.450,-0.02,9.8,-0.2,-0.2,9.8,0.0,0.0,0.0,52.450,-0.05,9.9,0.2,0.0,9.9,0.0,0.0,-6.1E-4,,,,,,,,,,52.450,0.00,9.8,-0.1,0.0,9.8,0.0,0.0,-6.1E-4,,,,,,,,,,52.450,-0.06,9.8,-0.1,0.0,9.8,0.0,0.0,0.0
52.500,-0.04,9.8,-0.2,-0.2,9.8,0.0,0.0,0.0,52.500,-0.05,9.8,0.1,0.0,9.8,0.0,0.0,-6.1E-4,,,,,,,,,,52.500,-0.02,9.8,0.0,0.0,9.8,0.0,0.0,-6.1E-4,,,,,,,,,,52.500,-0.06,9.8,0.0,0.0,9.8,-1.2E-4,0.0,0.0
52.550,-0.04,9.8,-0.3,-0.2,9.8,0.0,0.0,0.0,52.550,-0.06,9.8,0.1,0.0,9.8,0.0,0.0,0.0,,,,,,,,,,52.550,0.00,9.8,0.0,0.0,9.8,0.0,0.0,-6.1E-4,,,,,,,,,,52.550,-0.06,9.8,-0.1,0.0,9.8,0.0,0.0,-6.1E-4
52.600,-0.03,9.8,-0.3,-0.2,9.8,0.0,0.0,0.0,52.600,-0.04,9.9,0.2,0.0,9.9,0.0,0.0,0.0,,,,,,,,,,52.600,-0.01,9.8,0.0,0.0,9.8,0.0,0.0,-6.1E-4,,,,,,,,,,52.600,-0.05,9.8,-0.1,0.0,9.8,0.0,0.0,-6.1E-4
52.650,-0.04,9.8,-0.3,-0.2,9.8,0.0,0.0,0.0,52.650,-0.05,9.8,0.0,0.0,9.8,0.0,0.0,0.0,,,,,,,,,,52.650,-0.02,9.8,-0.1,0.0,9.8,0.0,0.0,6.1E-4,,,,,,,,,,52.650,-0.05,9.8,-0.1,0.0,9.8,0.0,0.0,0.0
52.700,-0.03,9.8,-0.2,-0.2,9.8,0.0,0.0,-6.1E-4,52.700,-0.05,9.9,0.2,0.0,9.9,0.0,0.0,6.1E-4,,,,,,,,,,52.700,-0.01,9.8,0.0,0.0,9.8,0.0,0.0,6.1E-4,,,,,,,,,,52.700,-0.05,9.8,-0.1,0.1,9.8,-1.2E-4,0.0,0.0
52.750,-0.04,9.8,-0.2,-0.3,9.8,0.0,0.0,0.0,52.750,-0.05,9.8,0.1,0.0,9.8,-1.2E-4,0.0,-6.1E-4,,,,,,,,,,52.750,-0.01,9.8,0.0,0.0,9.8,0.0,0.0,-6.1E-4,,,,,,,,,,52.750,-0.05,9.8,0.0,0.0,9.8,0.0,0.0,6.1E-4
52.800,-0.03,9.8,-0.1,-0.2,9.8,0.0,0.0,0.0,52.800,-0.06,9.8,0.1,0.0,9.8,0.0,0.0,6.1E-4,,,,,,,,,,52.800,-0.01,9.8,-0.1,0.0,9.8,0.0,0.0,0.0,,,,,,,,,,52.800,-0.04,9.8,0.0,0.0,9.8,0.0,0.0,6.1E-4
52.850,-0.04,9.8,-0.2,-0.3,9.8,0.0,0.0,0.0,52.850,-0.05,9.8,0.1,-0.1,9.8,0.0,0.0,-6.1E-4,,,,,,,,,,52.850,-0.01,9.8,0.0,0.0,9.8,0.0,0.0,-6.1E-4,,,,,,,,,,52.850,-0.05,9.8,-0.1,0.0,9.8,0.0,0.0,0.0
52.900,-0.03,9.8,-0.2,-0.3,9.8,0.0,-0.1,6.1E-4,52.900,-0.05,9.8,0.1,0.0,9.8,0.0,0.0,0.0,,,,,,,,,,52.900,-0.01,9.9,0.0,0.0,9.9,0.0,0.0,-6.1E-4,,,,,,,,,,52.900,-0.05,9.8,-0.1,0.0,9.8,0.0,0.0,6.1E-4
52.950,-0.04,9.8,-0.3,-0.2,9.8,0.0,-0.1,0.0,52.950,-0.05,9.8,0.1,0.0,9.8,0.0,0.0,6.1E-4,,,,,,,,,,52.950,0.00,9.8,0.0,0.0,9.8,0.0,0.0,-6.1E-4,,,,,,,,,,52.950,-0.04,9.9,0.0,0.0,9.9,0.0,0.0,6.1E-4
53.000,-0.04,9.8,-0.2,-0.2,9.8,0.0,-0.1,6.1E-4,53.000,-0.06,9.8,0.1,0.0,9.8,0.0,0.0,-6.1E-4,,,,,,,,,,53.000,0.01,9.8,-0.1,0.0,9.8,0.0,0.0,-6.1E-4,,,,,,,,,,53.000,-0.04,9.8,0.0,0.1,9.8,0.0,0.0,6.1E-4
53.050,-0.04,9.9,-0.3,-0.3,9.9,0.0,-0.1,0.0,53.050,-0.05,9.8,0.1,0.0,9.8,0.0,0.0,6.1E-4,,,,,,,,,,53.050,-0.01,9.8,-0.1,0.0,9.8,0.0,0.0,-6.1E-4,,,,,,,,,,53.050,-0.05,9.8,-0.2,0.0,9.8,0.0,0.0,0.0
53.100,-0.03,9.8,-0.3,-0.3,9.8,0.0,-0.1,0.0,53.100,-0.05,9.8,0.1,0.0,9.8,0.0,0.0,0.0,,,,,,,,,,53.100,-0.02,9.8,-0.1,0.0,9.8,0.0,0.0,6.1E-4,,,,,,,,,,53.100,-0.04,9.8,0.0,-0.1,9.8,0.0,0.0,-6.1E-4
53.150,-0.04,9.8,-0.2,-0.3,9.8,0.0,-0.1,-6.1E-4,53.150,-0.06,9.8,0.1,0.0,9.8,0.0,0.0,-6.1E-4,,,,,,,,,,53.150,-0.01,9.8,-0.1,0.0,9.8,0.0,0.0,-6.1E-4,,,,,,,,,,53.150,-0.03,9.8,0.0,0.1,9.8,-1.2E-4,0.0,6.1E-4
53.200,-0.03,9.9,-0.3,-0.3,9.9,0.0,-0.1,-6.1E-4,53.200,-0.05,9.8,0.1,0.0,9.8,0.0,0.0,-6.1E-4,,,,,,,,,,53.200,-0.01,9.9,1.9E-4,0.0,9.9,0.0,0.0,-6.1E-4,,,,,,,,,,53.200,-0.05,9.8,-0.1,0.1,9.8,-1.2E-4,0.0,0.0
53.250,-0.03,9.8,-0.2,-0.3,9.9,0.0,-0.1,0.0,53.250,-0.04,9.8,0.1,0.0,9.8,0.0,0.0,-6.1E-4,,,,,,,,,,53.250,0.00,9.8,-0.1,0.0,9.8,0.0,0.0,-6.1E-4,,,,,,,,,,53.250,-0.05,9.8,0.0,-0.1,9.8,0.0,0.0,0.0
53.300,-0.02,9.8,-0.4,-0.4,9.8,0.0,-0.1,0.0,53.300,-0.05,9.9,0.1,0.0,9.9,0.0,0.0,0.0,,,,,,,,,,53.300,0.00,9.9,0.0,0.1,9.9,0.0,0.0,0.0,,,,,,,,,,53.300,-0.04,9.8,0.0,0.0,9.8,0.0,0.0,0.0
53.350,-0.04,9.8,-0.2,-0.4,9.8,0.0,-0.1,0.0,53.350,-0.05,9.8,0.1,0.0,9.8,0.0,0.0,6.1E-4,,,,,,,,,,53.350,0.00,9.8,0.0,-0.1,9.8,0.0,0.0,0.0,,,,,,,,,,53.350,-0.05,9.8,-0.1,0.0,9.8,0.0,0.0,6.1E-4
53.400,-0.03,9.8,-0.2,-0.5,9.8,0.0,-0.1,6.1E-4,53.400,-0.05,9.8,0.1,0.0,9.8,-1.2E-4,0.0,-6.1E-4,,,,,,,,,,53.400,-0.01,9.8,0.0,0.0,9.8,0.0,0.0,0.0,,,,,,,,,,53.400,-0.05,9.8,0.0,-0.1,9.8,0.0,0.0,0.0
53.450,-0.05,9.8,-0.2,-0.4,9.8,0.0,-0.1,0.0,53.450,-0.05,9.8,0.1,0.0,9.8,0.0,0.0,0.0,,,,,,,,,,53.450,-0.01,9.9,0.0,0.1,9.9,0.0,0.0,0.0,,,,,,,,,,53.450,-0.04,9.8,-0.1,0.0,9.8,-1.2E-4,0.0,6.1E-4
53.500,-0.04,9.8,-0.2,-0.5,9.8,0.0,-0.1,0.0,53.500,-0.05,9.8,0.1,0.0,9.8,0.0,0.0,-6.1E-4,,,,,,,,,,53.500,-0.02,9.8,0.0,-0.1,9.8,0.0,0.0,6.1E-4,,,,,,,,,,53.500,-0.05,9.8,-0.1,0.0,9.8,0.0,0.0,0.0
53.550,-0.03,9.9,-0.3,-0.5,9.9,0.0,-0.1,0.0,53.550,-0.06,9.8,0.1,0.0,9.8,0.0,0.0,-6.1E-4,,,,,,,,,,53.550,-0.01,9.9,0.0,0.1,9.9,-1.2E-4,0.0,0.0,,,,,,,,,,53.550,-0.05,9.8,-0.1,0.0,9.8,0.0,0.0,0.0
53.600,-0.03,9.8,-0.3,-0.5,9.8,0.0,-0.1,6.1E-4,53.600,-0.05,9.8,0.1,0.0,9.8,0.0,0.0,0.0,,,,,,,,,,53.600,-0.03,9.8,0.0,0.0,9.8,0.0,0.0,6.1E-4,,,,,,,,,,53.600,-0.05,9.8,0.0,0.0,9.8,0.0,0.0,6.1E-4
53.650,-0.02,9.8,-0.2,-0.5,9.9,0.0,0.0,0.0,53.650,-0.06,9.8,0.1,0.0,9.8,0.0,0.0,6.1E-4,,,,,,,,,,53.650,-0.02,9.9,0.0,0.1,9.9,0.0,0.0,0.0,,,,,,,,,,53.650,-0.05,9.8,-0.1,0.0,9.8,-1.2E-4,0.0,-6.1E-4
53.700,-0.01,9.8,-0.2,-0.6,9.8,0.0,0.0,0.0,53.700,-0.06,9.8,0.0,0.0,9.8,0.0,0.0,0.0,,,,,,,,,,53.700,-0.02,9.8,-0.1,0.0,9.8,0.0,0.0,6.1E-4,,,,,,,,,,53.700,-0.05,9.8,-0.1,0.0,9.8,0.0,0.0,-6.1E-4
53.750,-0.01,9.8,-0.3,-0.5,9.8,0.0,0.0,0.0,53.750,-0.05,9.8,0.1,0.0,9.8,0.0,0.0,-6.1E-4,,,,,,,,,,53.750,-0.04,9.8,-0.1,0.0,9.8,0.0,0.0,-6.1E-4,,,,,,,,,,53.750,-0.04,9.9,0.0,0.0,9.9,0.0,0.0,6.1E-4
53.800,-0.02,9.8,-0.2,-0.6,9.8,0.0,-0.1,0.0,53.800,-0.06,9.8,0.1,0.0,9.8,0.0,0.0,0.0,,,,,,,,,,53.800,-0.03,9.8,0.0,0.0,9.8,0.0,0.0,0.0,,,,,,,,,,53.800,-0.05,9.8,-0.1,0.0,9.8,0.0,0.0,-6.1E-4
53.850,-0.04,9.8,-0.3,-0.6,9.8,0.0,0.0,0.0,53.850,-0.05,9.8,0.1,0.0,9.8,0.0,0.0,6.1E-4,,,,,,,,,,53.850,-0.02,9.8,0.0,-0.1,9.8,0.0,0.0,0.0,,,,,,,,,,53.850,-0.05,9.8,-0.1,0.0,9.8,0.0,0.0,-6.1E-4
53.900,-0.03,9.8,-0.2,-0.5,9.8,0.0,0.0,0.0,53.900,-0.06,9.9,0.0,0.0,9.9,0.0,0.0,-6.1E-4,,,,,,,,,,53.900,-0.02,9.8,-0.1,0.0,9.8,0.0,0.0,0.0,,,,,,,,,,53.900,-0.06,9.8,0.0,0.0,9.8,0.0,0.0,-6.1E-4
53.950,-0.03,9.7,-0.4,-0.5,9.8,0.0,0.0,0.0,53.950,-0.05,9.8,0.1,-0.1,9.8,0.0,0.0,6.1E-4,,,,,,,,,,53.950,-0.02,9.8,0.0,0.0,9.8,0.0,0.0,6.1E-4,,,,,,,,,,53.950,-0.05,9.8,-0.1,0.0,9.8,0.0,0.0,-6.1E-4
54.000,-0.03,9.8,-0.2,-0.6,9.8,0.0,0.0,0.0,54.000,-0.06,9.8,0.1,0.0,9.8,0.0,0.0,-6.1E-4,,,,,,,,,,54.000,-0.04,9.9,0.0,0.0,9.9,0.0,0.0,6.1E-4,,,,,,,,,,54.000,-0.05,9.8,-0.1,0.0,9.8,0.0,0.0,-6.1E-4
54.050,-0.03,9.8,-0.3,-0.5,9.9,0.0,0.0,0.0,54.050,-0.05,9.8,0.1,0.0,9.8,0.0,0.0,6.1E-4,,,,,,,,,,54.050,-0.04,9.8,0.0,0.0,9.8,0.0,0.0,0.0,,,,,,,,,,54.050,-0.06,9.8,-0.1,0.0,9.8,0.0,0.0,6.1E-4
54.100,-0.03,9.8,-0.2,-0.5,9.8,0.0,0.0,-6.1E-4,54.100,-0.06,9.8,0.1,0.0,9.8,0.0,0.0,0.0,,,,,,,,,,54.100,-0.02,9.8,0.0,0.0,9.8,0.0,0.0,0.0,,,,,,,,,,54.100,-0.06,9.8,-0.1,0.0,9.8,0.0,0.0,-6.1E-4
54.150,-0.04,9.8,-0.2,-0.5,9.8,0.0,0.0,6.1E-4,54.150,-0.05,9.7,0.1,0.0,9.7,0.0,0.0,6.1E-4,,,,,,,,,,54.150,-0.02,9.8,0.0,0.0,9.8,0.0,0.0,6.1E-4,,,,,,,,,,54.150,-0.05,9.8,-0.1,0.0,9.8,0.0,0.0,0.0
54.200,-0.03,9.8,-0.2,-0.6,9.8,0.0,0.0,0.0,54.200,-0.04,9.9,0.2,0.0,9.9,0.0,0.0,6.1E-4,,,,,,,,,,54.200,-0.04,9.8,0.0,0.0,9.8,0.0,0.0,0.0,,,,,,,,,,54.200,-0.07,9.8,0.0,0.0,9.8,0.0,0.0,6.1E-4
54.250,-0.04,9.8,-0.2,-0.5,9.8,0.0,0.0,6.1E-4,54.250,-0.04,9.8,0.0,-0.1,9.8,0.0,0.0,6.1E-4,,,,,,,,,,54.250,-0.03,9.8,0.0,0.0,9.8,0.0,0.0,0.0,,,,,,,,,,54.250,-0.06,9.8,-0.1,0.0,9.8,0.0,0.0,-6.1E-4
54.300,-0.02,9.8,-0.2,-0.5,9.8,-1.2E-4,0.0,0.0,54.300,-0.03,9.8,0.1,0.0,9.8,0.0,0.0,-6.1E-4,,,,,,,,,,54.300,-0.03,9.8,0.0,0.0,9.8,0.0,0.0,0.0,,,,,,,,,,54.300,-0.05,9.8,-0.1,0.0,9.8,0.0,0.0,0.0
54.350,-0.01,9.8,-0.3,-0.5,9.8,0.0,0.0,6.1E-4,54.350,-0.04,9.8,0.1,0.0,9.8,0.0,0.0,0.0,,,,,,,,,,54.350,-0.04,9.8,-0.1,0.0,9.8,0.0,0.0,6.1E-4,,,,,,,,,,54.350,-0.05,9.8,-0.1,0.0,9.8,0.0,0.0,-6.1E-4
54.400,-0.02,9.8,-0.2,-0.6,9.8,0.0,0.0,6.1E-4,54.400,-0.04,9.9,0.1,0.0,9.9,0.0,0.0,-6.1E-4,,,,,,,,,,54.400,-0.04,9.9,0.0,0.0,9.9,0.0,0.0,0.0,,,,,,,,,,54.400,-0.06,9.8,-0.1,0.0,9.8,-1.2E-4,0.0,-6.1E-4
54.450,-0.03,9.7,-0.2,-0.5,9.7,0.0,0.0,0.0,54.450,-0.05,9.8,0.1,0.0,9.8,0.0,0.0,-6.1E-4,,,,,,,,,,54.450,-0.04,9.8,-0.1,0.0,9.8,0.0,0.0,-6.1E-4,,,,,,,,,,54.450,-0.05,9.8,-0.1,0.0,9.8,0.0,0.0,-6.1E-4
54.500,-0.03,9.8,-0.3,-0.5,9.8,0.0,0.0,-6.1E-4,54.500,-0.05,9.8,0.1,0.0,9.8,0.0,0.0,-6.1E-4,,,,,,,,,,54.500,-0.03,9.8,1.9E-4,0.0,9.8,0.0,0.0,0.0,,,,,,,,,,54.500,-0.06,9.8,-0.1,0.0,9.8,0.0,0.0,-6.1E-4
54.550,-0.02,9.8,-0.2,-0.5,9.8,0.0,0.0,0.0,54.550,-0.04,9.9,0.1,0.0,9.9,0.0,0.0,-6.1E-4,,,,,,,,,,54.550,-0.03,9.8,-0.1,0.0,9.8,0.0,0.0,0.0,,,,,,,,,,54.550,-0.06,9.8,-0.1,0.0,9.8,0.0,0.0,6.1E-4
54.600,-0.02,9.8,-0.3,-0.5,9.8,0.0,0.0,6.1E-4,54.600,-0.05,9.8,0.1,0.0,9.8,0.0,0.0,-6.1E-4,,,,,,,,,,54.600,-0.04,9.8,0.0,0.0,9.8,0.0,0.0,-6.1E-4,,,,,,,,,,54.600,-0.06,9.8,-0.1,0.0,9.8,0.0,0.0,-6.1E-4
54.650,0.00,9.8,-0.2,-0.5,9.8,0.0,0.0,0.0,54.650,-0.05,9.8,0.1,0.0,9.8,0.0,0.0,0.0,,,,,,,,,,54.650,-0.04,9.8,-0.1,-0.1,9.8,0.0,0.0,6.1E-4,,,,,,,,,,54.650,-0.05,9.8,-0.1,0.0,9.8,0.0,0.0,-6.1E-4
54.700,-0.03,9.8,-0.2,-0.5,9.9,0.0,0.0,0.0,54.700,-0.05,9.8,0.1,0.0,9.8,0.0,0.0,0.0,,,,,,,,,,54.700,-0.03,9.9,0.0,0.0,9.9,0.0,0.0,-6.1E-4,,,,,,,,,,54.700,-0.05,9.8,0.0,0.0,9.8,0.0,0.0,-6.1E-4
54.750,-0.03,9.8,-0.3,-0.5,9.9,0.0,0.0,0.0,54.750,-0.05,9.9,0.1,0.0,9.9,0.0,0.0,0.0,,,,,,,,,,54.750,-0.02,9.8,-0.1,0.0,9.8,0.0,0.0,-6.1E-4,,,,,,,,,,54.750,-0.06,9.8,-0.1,0.0,9.8,0.0,0.0,0.0
54.800,-0.02,9.8,-0.2,-0.5,9.8,0.0,0.0,0.0,54.800,-0.05,9.8,0.1,0.0,9.8,0.0,0.0,0.0,,,,,,,,,,54.800,-0.03,9.9,0.0,0.0,9.9,0.0,0.0,-6.1E-4,,,,,,,,,,54.800,-0.07,9.8,-0.1,0.0,9.8,0.0,0.0,-6.1E-4
54.850,-0.01,9.8,-0.3,-0.6,9.8,0.0,0.0,-6.1E-4,54.850,-0.04,9.8,0.1,0.0,9.8,0.0,0.0,-6.1E-4,,,,,,,,,,54.850,-0.04,9.8,0.0,0.0,9.8,-1.2E-4,0.0,0.0,,,,,,,,,,54.850,-0.06,9.8,-0.1,0.0,9.8,0.0,0.0,-6.1E-4
54.900,-0.01,9.8,-0.2,-0.6,9.8,0.0,0.0,0.0,54.900,-0.04,9.8,0.1,0.0,9.8,0.0,0.0,0.0,,,,,,,,,,54.900,-0.04,9.8,-0.1,0.0,9.8,0.0,0.0,0.0,,,,,,,,,,54.900,-0.06,9.8,-0.1,0.0,9.8,0.0,0.0,-6.1E-4
54.950,0.00,9.8,-0.3,-0.5,9.9,0.0,0.0,0.0,54.950,-0.04,10.0,0.1,0.0,10.0,0.0,0.0,0.0,,,,,,,,,,54.950,-0.04,9.9,0.0,0.0,9.9,0.0,0.0,-6.1E-4,,,,,,,,,,54.950,-0.06,9.8,-0.1,0.0,9.8,0.0,0.0,-6.1E-4
55.000,-0.02,9.8,-0.2,-0.5,9.8,0.0,0.0,0.0,55.000,-0.05,9.8,0.1,0.0,9.8,0.0,0.0,6.1E-4,,,,,,,,,,55.000,-0.04,9.8,-0.1,0.0,9.8,0.0,0.0,6.1E-4,,,,,,,,,,55.000,-0.05,9.8,0.0,0.0,9.8,0.0,0.0,-6.1E-4
55.050,-0.01,9.8,-0.2,-0.5,9.8,0.0,0.0,0.0,55.050,-0.04,9.9,0.1,0.0,9.9,0.0,0.0,-6.1E-4,,,,,,,,,,55.050,-0.03,9.9,0.0,0.0,9.9,0.0,0.0,-6.1E-4,,,,,,,,,,55.050,-0.05,9.8,-0.1,0.0,9.8,0.0,0.0,-6.1E-4
55.100,-0.03,9.9,-0.3,-0.5,9.9,0.0,0.0,0.0,55.100,-0.05,9.8,0.1,0.0,9.8,0.0,0.0,6.1E-4,,,,,,,,,,55.100,-0.03,9.8,0.0,0.0,9.8,0.0,0.0,6.1E-4,,,,,,,,,,55.100,-0.05,9.8,-0.1,0.0,9.8,0.0,0.0,0.0
55.150,-0.04,9.7,-0.3,-0.6,9.8,0.0,0.0,0.0,55.150,-0.06,9.9,0.1,0.0,9.9,0.0,0.0,0.0,,,,,,,,,,55.150,-0.03,9.8,-0.1,-0.1,9.8,0.0,0.0,0.0,,,,,,,,,,55.150,-0.06,9.8,-0.1,0.0,9.8,0.0,0.0,0.0
55.200,-0.01,9.9,-0.2,-0.4,9.9,0.0,0.0,0.0,55.200,-0.04,9.8,0.1,0.0,9.8,0.0,0.0,0.0,,,,,,,,,,55.200,-0.03,9.9,0.0,0.1,9.9,0.0,0.0,-6.1E-4,,,,,,,,,,55.200,-0.06,9.8,-0.1,0.0,9.8,0.0,0.0,-6.1E-4
55.250,-0.03,9.8,-0.2,-0.6,9.8,0.0,0.0,0.0,55.250,-0.05,9.8,0.1,0.0,9.8,0.0,0.0,-6.1E-4,,,,,,,,,,55.250,-0.02,9.8,0.0,0.0,9.8,0.0,0.0,6.1E-4,,,,,,,,,,55.250,-0.06,9.8,-0.1,0.0,9.8,0.0,0.0,0.0
55.300,-0.03,9.9,-0.2,-0.5,9.9,0.0,0.0,0.0,55.300,-0.05,9.8,0.1,0.0,9.8,0.0,0.0,-6.1E-4,,,,,,,,,,55.300,-0.02,9.8,-0.1,0.0,9.8,0.0,0.0,-6.1E-4,,,,,,,,,,55.300,-0.05,9.8,-0.1,0.0,9.8,0.0,0.0,-6.1E-4
55.350,-0.03,9.8,-0.2,-0.5,9.8,0.0,0.0,-6.1E-4,55.350,-0.05,9.8,0.1,0.0,9.8,0.0,0.0,6.1E-4,,,,,,,,,,55.350,-0.02,9.9,0.0,0.1,9.9,0.0,0.0,0.0,,,,,,,,,,55.350,-0.05,9.8,-0.1,0.0,9.8,0.0,0.0,-6.1E-4
55.400,-0.03,9.8,-0.3,-0.6,9.8,0.0,0.0,0.0,55.400,-0.04,9.9,0.1,0.0,9.9,0.0,0.0,0.0,,,,,,,,,,55.400,-0.03,9.8,0.0,-0.1,9.8,0.0,0.0,0.0,,,,,,,,,,55.400,-0.06,9.8,-0.1,0.0,9.8,0.0,0.0,-6.1E-4
55.450,-0.04,9.8,-0.2,-0.5,9.8,0.0,0.0,0.0,55.450,-0.04,9.8,0.1,0.0,9.8,0.0,0.0,6.1E-4,,,,,,,,,,55.450,-0.04,9.9,-0.1,0.1,9.9,0.0,0.0,0.0,,,,,,,,,,55.450,-0.05,9.9,0.0,0.0,9.9,0.0,0.0,6.1E-4
55.500,-0.04,9.8,-0.3,-0.5,9.8,0.0,0.0,-6.1E-4,55.500,-0.04,9.8,0.1,0.0,9.8,0.0,0.0,-6.1E-4,,,,,,,,,,55.500,-0.02,9.8,0.0,-0.1,9.8,0.0,0.0,6.1E-4,,,,,,,,,,55.500,-0.05,9.8,-0.1,0.0,9.8,0.0,0.0,-6.1E-4
55.550,-0.03,9.8,-0.2,-0.6,9.8,0.0,0.0,-6.1E-4,55.550,-0.04,9.8,0.0,0.0,9.8,0.0,0.0,6.1E-4,,,,,,,,,,55.550,-0.04,9.9,0.0,0.1,9.9,0.0,0.0,0.0,,,,,,,,,,55.550,-0.05,9.8,0.0,0.0,9.8,0.0,0.0,-6.1E-4
55.600,-0.02,9.8,-0.2,-0.6,9.8,-1.2E-4,0.0,0.0,55.600,-0.04,9.9,0.1,0.0,9.9,0.0,0.0,6.1E-4,,,,,,,,,,55.600,-0.03,9.8,0.0,0.0,9.8,0.0,0.0,-6.1E-4,,,,,,,,,,55.600,-0.05,9.8,-0.1,0.0,9.8,0.0,0.0,6.1E-4
55.650,-0.03,9.8,-0.3,-0.6,9.8,0.0,0.0,0.0,55.650,-0.05,9.8,0.1,0.0,9.8,0.0,0.0,6.1E-4,,,,,,,,,,55.650,-0.03,9.8,-0.1,0.0,9.8,0.0,0.0,6.1E-4,,,,,,,,,,55.650,-0.02,9.8,-0.1,0.0,9.8,0.0,0.0,-6.1E-4
55.700,-0.02,9.8,-0.3,-0.6,9.9,0.0,0.0,0.0,55.700,-0.05,9.9,0.1,0.0,9.9,0.0,0.0,-6.1E-4,,,,,,,,,,55.700,-0.02,9.8,-0.1,0.0,9.8,0.0,0.0,0.0,,,,,,,,,,55.700,-0.05,9.8,-0.1,0.0,9.8,0.0,0.0,-6.1E-4
55.750,-0.03,9.8,-0.3,-0.6,9.9,0.0,0.0,0.0,55.750,-0.04,9.8,0.0,0.0,9.8,0.0,0.0,-6.1E-4,,,,,,,,,,55.750,-0.03,9.9,0.0,0.1,9.9,0.0,0.0,6.1E-4,,,,,,,,,,55.750,-0.04,9.8,-0.1,0.0,9.8,0.0,0.0,-6.1E-4
55.800,-0.03,9.8,-0.2,-0.6,9.8,0.0,0.0,0.0,55.800,-0.05,9.8,0.1,0.0,9.8,0.0,0.0,-6.1E-4,,,,,,,,,,55.800,-0.04,9.8,-0.1,0.0,9.8,0.0,0.0,0.0,,,,,,,,,,55.800,-0.05,9.8,0.0,0.0,9.8,0.0,0.0,0.0
55.850,-0.03,9.8,-0.2,-0.6,9.8,0.0,0.0,0.0,55.850,-0.05,9.8,0.1,0.0,9.8,0.0,0.0,0.0,,,,,,,,,,55.850,-0.03,9.8,0.0,0.0,9.8,0.0,0.0,-6.1E-4,,,,,,,,,,55.850,-0.05,9.8,-0.1,0.0,9.8,0.0,0.0,0.0
55.900,-0.03,9.8,-0.2,-0.6,9.8,0.0,0.0,6.1E-4,55.900,-0.05,9.8,0.0,0.0,9.8,0.0,0.0,6.1E-4,,,,,,,,,,55.900,-0.03,9.8,-0.1,0.0,9.8,0.0,0.0,-6.1E-4,,,,,,,,,,55.900,-0.06,9.8,0.0,0.0,9.8,0.0,0.0,6.1E-4
55.950,-0.03,9.8,-0.2,-0.6,9.8,0.0,0.0,-6.1E-4,55.950,-0.04,9.9,0.2,0.0,9.9,0.0,0.0,0.0,,,,,,,,,,55.950,-0.03,9.8,-0.1,0.0,9.8,0.0,0.0,0.0,,,,,,,,,,55.950,-0.05,9.8,-0.1,0.0,9.8,-1.2E-4,0.0,0.0
56.000,-0.03,9.8,-0.2,-0.6,9.8,0.0,0.0,0.0,56.000,-0.04,9.9,0.2,0.0,9.9,0.0,0.0,0.0,,,,,,,,,,56.000,-0.02,9.8,0.0,0.0,9.8,0.0,0.0,6.1E-4,,,,,,,,,,56.000,-0.05,9.8,-0.1,0.0,9.8,0.0,0.0,0.0
56.050,-0.02,9.9,-0.3,-0.5,9.9,0.0,0.0,6.1E-4,56.050,-0.04,9.8,0.0,0.0,9.8,0.0,0.0,0.0,,,,,,,,,,56.050,-0.02,9.8,-0.1,0.0,9.8,0.0,0.0,-6.1E-4,,,,,,,,,,56.050,-0.05,9.8,0.0,0.0,9.8,0.0,0.0,6.1E-4
56.100,-0.03,9.7,-0.2,-0.7,9.7,0.0,0.0,6.1E-4,56.100,-0.04,9.8,0.1,0.0,9.8,0.0,0.0,6.1E-4,,,,,,,,,,56.100,-0.02,9.9,0.0,0.0,9.9,0.0,0.0,0.0,,,,,,,,,,56.100,-0.05,9.8,-0.1,0.0,9.8,0.0,0.0,0.0
56.150,-0.03,9.8,-0.2,-0.5,9.8,0.0,0.1,0.0,56.150,-0.04,9.8,0.1,0.0,9.8,0.0,0.0,-6.1E-4,,,,,,,,,,56.150,-0.02,9.8,-0.1,0.0,9.8,0.0,0.0,-6.1E-4,,,,,,,,,,56.150,-0.05,9.9,-0.1,0.0,9.9,0.0,0.0,-6.1E-4
56.200,-0.02,9.8,-0.3,-0.6,9.8,0.0,0.1,0.0,56.200,-0.05,9.8,0.1,0.0,9.8,0.0,0.0,0.0,,,,,,,,,,56.200,-0.03,9.9,0.0,0.1,9.9,0.0,0.0,0.0,,,,,,,,,,56.200,-0.05,9.8,-0.1,0.0,9.8,0.0,0.0,-6.1E-4
56.250,-0.04,9.9,-0.4,-0.5,9.9,0.0,0.1,0.0,56.250,-0.04,9.8,0.1,0.0,9.8,0.0,0.0,0.0,,,,,,,,,,56.250,-0.04,9.8,0.0,0.0,9.8,0.0,0.0,-6.1E-4,,,,,,,,,,56.250,-0.05,9.8,-0.1,0.1,9.8,-1.2E-4,0.0,0.0
56.300,-0.03,9.8,-0.3,-0.5,9.8,0.0,0.0,0.0,56.300,-0.03,9.8,0.1,0.0,9.8,0.0,0.0,-6.1E-4,,,,,,,,,,56.300,-0.05,9.8,0.0,0.0,9.8,0.0,0.0,-6.1E-4,,,,,,,,,,56.300,-0.05,9.8,-0.1,0.0,9.8,0.0,0.0,0.0
56.350,-0.04,9.8,-0.4,-0.3,9.8,-0.1,0.0,0.0,56.350,-0.03,9.8,0.1,0.0,9.8,0.0,0.0,-6.1E-4,,,,,,,,,,56.350,-0.04,9.8,0.0,0.0,9.8,0.0,0.0,0.0,,,,,,,,,,56.350,-0.05,9.8,0.0,0.0,9.8,0.0,0.0,-6.1E-4
56.400,-0.04,9.8,0.0,-0.4,9.8,0.0,0.0,-6.1E-4,56.400,-0.04,9.8,0.1,0.0,9.8,0.0,0.0,6.1E-4,,,,,,,,,,56.400,-0.04,9.8,0.0,0.0,9.8,0.0,0.0,-6.1E-4,,,,,,,,,,56.400,-0.04,9.8,-0.1,0.1,9.8,0.0,0.0,-6.1E-4
56.450,-0.04,9.8,-0.4,-0.4,9.8,-0.1,0.0,0.0,56.450,-0.04,9.8,0.1,0.0,9.8,0.0,0.0,0.0,,,,,,,,,,56.450,-0.03,9.8,0.0,0.1,9.8,0.0,0.0,-6.1E-4,,,,,,,,,,56.450,-0.05,9.8,-0.1,0.0,9.8,0.0,0.0,-6.1E-4
56.500,-0.02,9.8,-0.2,-0.3,9.8,-0.1,0.0,0.0,56.500,-0.05,9.8,0.1,0.0,9.8,0.0,0.0,-6.1E-4,,,,,,,,,,56.500,-0.02,9.8,0.0,-0.1,9.8,0.0,0.0,6.1E-4,,,,,,,,,,56.500,-0.05,9.8,0.0,-0.1,9.8,0.0,0.0,6.1E-4
56.550,-0.03,9.8,-0.2,-0.3,9.8,0.0,0.0,0.0,56.550,-0.04,9.8,0.1,0.0,9.8,0.0,0.0,0.0,,,,,,,,,,56.550,-0.04,9.9,0.0,0.1,9.9,0.0,0.0,-6.1E-4,,,,,,,,,,56.550,-0.05,9.8,-0.2,0.1,9.8,0.0,0.0,0.0
56.600,-0.02,9.9,-0.3,-0.3,9.9,0.0,0.1,0.0,56.600,-0.05,9.8,0.1,0.0,9.8,0.0,0.0,6.1E-4,,,,,,,,,,56.600,-0.03,9.8,-0.1,0.0,9.8,0.0,0.0,0.0,,,,,,,,,,56.600,-0.06,9.8,-0.1,0.0,9.8,0.0,0.0,-6.1E-4
56.650,-0.03,9.9,-0.2,0.1,9.9,0.0,0.0,0.0,56.650,-0.05,9.8,0.1,0.0,9.8,0.0,0.0,-6.1E-4,,,,,,,,,,56.650,-0.03,9.8,0.0,0.0,9.8,0.0,0.0,-6.1E-4,,,,,,,,,,56.650,-0.06,9.8,0.1,-0.1,9.8,0.0,0.0,0.0
56.700,-0.03,9.9,-0.3,-0.3,9.9,0.0,0.0,-6.1E-4,56.700,-0.04,9.8,0.1,0.0,9.8,0.0,0.0,6.1E-4,,,,,,,,,,56.700,-0.03,9.8,-0.1,0.0,9.8,0.0,0.0,-6.1E-4,,,,,,,,,,56.700,-0.05,9.8,-0.2,0.0,9.8,0.0,0.0,0.0
56.750,-0.02,9.7,-0.2,-0.1,9.7,0.0,0.0,0.0,56.750,-0.05,9.8,0.1,0.0,9.8,0.0,0.0,0.0,,,,,,,,,,56.750,-0.03,9.8,0.0,0.0,9.8,0.0,0.0,0.0,,,,,,,,,,56.750,-0.05,9.8,-0.1,0.1,9.8,0.0,0.0,0.0
56.800,-0.02,10.0,-0.4,-0.2,10.0,0.0,0.1,0.0,56.800,-0.05,9.8,0.1,0.0,9.8,0.0,0.0,6.1E-4,,,,,,,,,,56.800,-0.03,9.8,0.0,0.0,9.8,0.0,0.0,0.0,,,,,,,,,,56.800,-0.06,9.8,0.1,-0.1,9.8,0.0,0.0,0.0
56.850,-0.03,9.6,-0.2,0.0,9.6,0.0,0.0,-6.1E-4,56.850,-0.05,9.9,0.2,0.0,9.9,0.0,0.0,6.1E-4,,,,,,,,,,56.850,-0.03,9.8,-0.1,0.0,9.8,0.0,0.0,0.0,,,,,,,,,,56.850,-0.06,9.8,-0.2,0.1,9.8,0.0,0.0,0.0
56.900,-0.02,10.0,-0.3,-0.1,10.0,0.0,0.1,0.0,56.900,-0.05,9.8,0.0,0.0,9.8,0.0,0.0,6.1E-4,,,,,,,,,,56.900,-0.03,9.9,0.0,0.1,9.9,0.0,0.0,6.1E-4,,,,,,,,,,56.900,-0.05,9.9,-0.3,0.1,9.9,0.0,0.0,0.0
56.950,-0.03,9.8,-0.3,0.0,9.8,0.0,0.0,0.0,56.950,-0.04,9.9,0.2,0.0,9.9,0.0,0.0,6.1E-4,,,,,,,,,,56.950,-0.02,9.8,-0.1,0.0,9.8,-1.2E-4,0.0,0.0,,,,,,,,,,56.950,-0.05,9.8,0.2,0.0,9.8,0.0,0.0,0.0
57.000,-0.03,9.8,-0.3,0.0,9.8,0.0,0.0,0.0,57.000,-0.03,9.8,0.1,0.0,9.8,0.0,0.0,6.1E-4,,,,,,,,,,57.000,-0.02,9.8,0.1,0.0,9.8,0.0,0.0,6.1E-4,,,,,,,,,,57.000,-0.05,9.8,-0.1,0.0,9.8,0.0,0.0,-6.1E-4
57.050,-0.03,9.8,-0.2,0.0,9.8,0.0,0.0,0.0,57.050,-0.03,9.9,0.1,0.1,9.9,0.0,0.0,6.1E-4,,,,,,,,,,57.050,-0.04,9.8,-0.1,0.0,9.8,0.0,0.0,0.0,,,,,,,,,,57.050,-0.05,9.8,-0.2,0.1,9.8,0.0,0.0,0.0
57.100,-0.02,9.8,-0.3,0.1,9.8,0.0,0.0,0.0,57.100,-0.03,9.8,0.1,0.0,9.8,0.0,0.0,-6.1E-4,,,,,,,,,,57.100,-0.02,9.8,0.0,0.1,9.8,0.0,0.0,-6.1E-4,,,,,,,,,,57.100,-0.05,9.8,0.0,-0.1,9.8,0.0,0.0,0.0
57.150,-0.05,9.8,-0.2,0.0,9.8,0.0,0.0,0.0,57.150,-0.03,9.8,0.1,0.0,9.8,0.0,0.0,-6.1E-4,,,,,,,,,,57.150,-0.02,9.8,0.0,0.0,9.8,0.0,0.0,-6.1E-4,,,,,,,,,,57.150,-0.04,9.8,0.1,0.0,9.8,0.0,0.0,-6.1E-4
57.200,-0.04,9.8,-0.3,0.1,9.8,0.0,0.0,0.0,57.200,-0.02,9.8,0.1,0.0,9.8,0.0,0.0,-6.1E-4,,,,,,,,,,57.200,-0.02,9.8,0.0,0.0,9.8,0.0,0.0,-6.1E-4,,,,,,,,,,57.200,-0.05,9.8,-0.2,0.1,9.8,0.0,0.0,-6.1E-4
57.250,-0.03,9.8,-0.2,0.0,9.8,0.0,-0.1,0.0,57.250,-0.02,9.8,0.1,0.0,9.8,0.0,0.0,-6.1E-4,,,,,,,,,,57.250,-0.02,9.8,-0.1,0.0,9.8,0.0,0.0,-6.1E-4,,,,,,,,,,57.250,-0.05,9.8,-0.2,-0.2,9.8,0.0,0.0,0.0
57.300,-0.03,9.7,-0.1,-0.1,9.7,0.0,-0.1,0.0,57.300,-0.03,9.8,0.1,0.0,9.8,0.0,0.0,-6.1E-4,,,,,,,,,,57.300,-0.02,9.8,0.0,0.0,9.8,0.0,0.0,6.1E-4,,,,,,,,,,57.300,-0.05,9.8,0.1,0.0,9.8,0.0,0.0,6.1E-4
57.350,-0.04,9.8,-0.4,0.0,9.8,0.0,-0.1,6.1E-4,57.350,-0.03,9.8,0.1,0.0,9.8,0.0,0.0,-6.1E-4,,,,,,,,,,57.350,-0.02,9.8,0.0,0.0,9.8,0.0,0.0,-6.1E-4,,,,,,,,,,57.350,-0.05,9.8,-0.3,0.1,9.8,0.0,0.0,-6.1E-4
57.400,-0.04,9.9,-0.1,-0.1,9.9,0.0,-0.1,0.0,57.400,-0.02,9.8,0.1,0.0,9.8,0.0,0.0,-6.1E-4,,,,,,,,,,57.400,-0.02,9.8,-0.1,0.0,9.8,0.0,0.0,-6.1E-4,,,,,,,,,,57.400,-0.05,9.9,1.9E-4,0.0,9.9,0.0,0.0,6.1E-4
57.450,-0.04,9.8,-0.2,-0.1,9.8,0.0,-0.1,0.0,57.450,-0.02,9.9,0.1,0.0,9.9,0.0,0.0,0.0,,,,,,,,,,57.450,-0.03,9.8,-0.1,0.0,9.8,0.0,0.0,-6.1E-4,,,,,,,,,,57.450,-0.04,9.8,-0.1,-0.1,9.8,0.0,0.0,6.1E-4
57.500,-0.03,9.8,-0.4,-0.1,9.9,0.0,0.0,0.0,57.500,-0.04,9.8,0.1,-0.1,9.8,0.0,0.0,6.1E-4,,,,,,,,,,57.500,-0.02,9.8,0.0,0.0,9.8,0.0,0.0,-6.1E-4,,,,,,,,,,57.500,-0.05,9.8,-0.2,0.2,9.8,0.0,0.0,0.0
57.550,-0.03,9.8,-0.4,-0.1,9.8,-0.1,0.0,0.0,57.550,-0.03,9.8,0.1,0.0,9.8,0.0,0.0,0.0,,,,,,,,,,57.550,-0.02,9.8,-0.1,0.0,9.8,0.0,0.0,-6.1E-4,,,,,,,,,,57.550,-0.06,9.8,0.1,0.1,9.8,0.0,0.0,0.0
57.600,-0.03,9.8,-0.2,-0.1,9.8,-0.1,0.0,6.1E-4,57.600,-0.02,9.9,0.2,0.0,9.9,0.0,0.0,6.1E-4,,,,,,,,,,57.600,-0.02,9.8,0.0,0.0,9.8,0.0,0.0,-6.1E-4,,,,,,,,,,57.600,-0.05,9.8,0.1,-0.1,9.8,0.0,0.0,0.0
57.650,-0.04,9.8,-0.2,-0.1,9.8,0.0,0.0,-6.1E-4,57.650,-0.02,9.8,0.0,0.0,9.8,0.0,0.0,0.0,,,,,,,,,,57.650,-0.03,9.8,-0.1,0.0,9.8,0.0,0.0,6.1E-4,,,,,,,,,,57.650,-0.06,9.8,-0.4,0.1,9.8,0.0,0.0,0.0
57.700,-0.04,9.9,-0.4,-0.1,9.9,-0.1,0.0,0.0,57.700,-0.01,9.8,0.1,0.0,9.8,0.0,0.0,6.1E-4,,,,,,,,,,57.700,-0.04,9.8,0.0,0.0,9.8,0.0,0.0,6.1E-4,,,,,,,,,,57.700,-0.06,9.8,-0.1,0.1,9.8,0.0,0.0,6.1E-4
57.750,-0.02,9.8,0.2,-0.1,9.8,0.0,0.0,0.0,57.750,-0.02,9.8,0.1,0.0,9.8,0.0,0.0,-6.1E-4,,,,,,,,,,57.750,-0.03,9.8,-0.1,0.0,9.8,0.0,0.0,-6.1E-4,,,,,,,,,,57.750,-0.05,9.8,0.3,-0.1,9.9,0.0,0.0,0.0
57.800,-0.03,9.8,-0.8,0.1,9.8,-1.2E-4,0.0,0.0,57.800,-0.01,9.9,0.2,0.1,9.9,0.0,0.0,-6.1E-4,,,,,,,,,,57.800,-0.03,9.8,-0.1,0.0,9.8,0.0,0.0,-6.1E-4,,,,,,,,,,57.800,-0.05,9.8,-0.1,0.0,9.8,0.0,0.0,-6.1E-4
57.850,-0.03,9.8,-0.2,-0.3,9.8,-0.1,0.0,0.0,57.850,-0.02,9.8,0.1,-0.1,9.8,0.0,0.0,-6.1E-4,,,,,,,,,,57.850,-0.03,9.8,1.9E-4,0.0,9.8,0.0,0.0,0.0,,,,,,,,,,57.850,-0.03,9.8,-0.4,0.0,9.9,0.0,0.0,0.0
57.900,-0.01,9.9,0.0,0.1,9.9,0.0,0.0,6.1E-4,57.900,-0.01,9.9,0.1,0.0,9.9,0.0,0.0,0.0,,,,,,,,,,57.900,-0.02,9.8,0.0,0.0,9.8,0.0,0.0,0.0,,,,,,,,,,57.900,-0.04,9.8,0.2,-0.1,9.8,0.0,0.0,0.0
57.950,-0.04,9.8,-0.5,-0.2,9.8,0.0,0.0,6.1E-4,57.950,-0.02,9.8,0.1,-0.1,9.8,0.0,0.0,-6.1E-4,,,,,,,,,,57.950,-0.03,9.8,-0.1,0.0,9.8,0.0,0.0,-6.1E-4,,,,,,,,,,57.950,-0.04,9.9,0.1,0.2,9.9,0.0,0.0,0.0
58.000,-0.02,9.9,0.3,0.0,9.9,0.0,0.0,0.0,58.000,-0.01,9.8,0.1,0.0,9.8,0.0,0.0,-6.1E-4,,,,,,,,,,58.000,-0.01,9.8,0.0,0.0,9.8,0.0,0.0,-6.1E-4,,,,,,,,,,58.000,-0.04,9.8,-0.4,0.0,9.8,0.0,0.0,0.0
58.050,-0.03,9.8,-0.2,-0.2,9.8,0.0,0.0,0.0,58.050,-0.02,9.8,0.1,-0.1,9.8,0.0,0.0,-6.1E-4,,,,,,,,,,58.050,-0.02,9.8,-0.1,0.0,9.8,0.0,0.0,-6.1E-4,,,,,,,,,,58.050,-0.05,9.8,-0.1,-0.2,9.8,0.0,0.0,0.0
58.100,-0.03,9.9,-0.3,-0.1,9.9,0.0,0.0,0.0,58.100,-0.01,9.9,0.1,0.1,9.9,0.0,0.0,6.1E-4,,,,,,,,,,58.100,-0.04,9.8,-0.1,0.0,9.8,0.0,0.0,-6.1E-4,,,,,,,,,,58.100,-0.04,9.9,0.0,0.1,9.9,0.0,0.0,0.0
58.150,-0.02,9.8,-0.2,-0.1,9.8,0.0,0.0,0.0,58.150,0.01,9.8,0.0,-0.1,9.8,0.0,0.0,0.0,,,,,,,,,,58.150,-0.01,9.8,0.0,0.0,9.8,0.0,0.0,-6.1E-4,,,,,,,,,,58.150,-0.05,9.9,-0.1,0.2,9.9,0.0,0.0,0.0
58.200,-0.03,9.8,-0.1,-0.2,9.8,0.0,0.0,-6.1E-4,58.200,-0.01,9.8,0.1,0.0,9.8,0.0,0.0,6.1E-4,,,,,,,,,,58.200,-0.02,9.8,-0.1,0.0,9.8,0.0,0.0,0.0,,,,,,,,,,58.200,-0.05,9.8,0.0,-0.2,9.8,0.0,0.0,-6.1E-4
58.250,-0.02,9.8,-0.3,-0.1,9.8,0.0,0.0,0.0,58.250,0.00,9.8,0.1,0.0,9.8,0.0,0.0,-6.1E-4,,,,,,,,,,58.250,-0.02,9.8,0.0,0.0,9.8,0.0,0.0,0.0,,,,,,,,,,58.250,-0.06,9.8,-0.2,0.0,9.8,0.0,0.0,6.1E-4
58.300,-0.04,9.8,-0.3,-0.1,9.8,0.0,0.0,0.0,58.300,-0.02,9.8,0.1,0.0,9.8,0.0,0.0,0.0,,,,,,,,,,58.300,-0.03,9.8,0.0,0.0,9.8,0.0,0.0,0.0,,,,,,,,,,58.300,-0.06,9.8,-0.3,0.1,9.8,0.0,0.0,0.0
58.350,-0.04,9.8,-0.2,-0.1,9.8,0.0,0.0,0.0,58.350,-0.01,9.9,0.1,0.0,9.9,0.0,0.0,-6.1E-4,,,,,,,,,,58.350,-0.03,9.8,0.0,0.0,9.8,0.0,0.0,6.1E-4,,,,,,,,,,58.350,-0.06,9.8,0.3,-0.1,9.8,0.0,0.0,0.0
58.400,-0.03,9.8,-0.4,0.0,9.8,0.0,0.0,0.0,58.400,-0.02,9.8,0.1,0.0,9.8,0.0,0.0,-6.1E-4,,,,,,,,,,58.400,-0.04,9.8,-0.1,0.0,9.8,0.0,0.0,-6.1E-4,,,,,,,,,,58.400,-0.06,9.8,-0.1,0.0,9.8,0.0,0.0,-6.1E-4
58.450,-0.04,9.8,-0.2,-0.1,9.8,0.0,0.0,0.0,58.450,-0.02,9.9,0.1,0.0,9.9,0.0,0.0,-6.1E-4,,,,,,,,,,58.450,-0.04,9.8,0.0,0.0,9.8,0.0,0.0,-6.1E-4,,,,,,,,,,58.450,-0.06,9.8,-0.5,0.1,9.8,0.0,0.0,0.0
58.500,-0.02,9.8,-0.4,0.0,9.8,0.0,-1.2E-4,-6.1E-4,58.500,-0.02,9.8,0.1,0.0,9.8,0.0,0.0,-6.1E-4,,,,,,,,,,58.500,-0.04,9.8,-0.1,0.0,9.8,0.0,0.0,0.0,,,,,,,,,,58.500,-0.06,9.8,0.2,-0.1,9.8,-0.1,0.0,0.0
58.550,-0.04,9.9,-0.2,0.0,9.9,0.0,0.0,-6.1E-4,58.550,-0.02,9.8,0.1,0.0,9.8,0.0,0.0,6.1E-4,,,,,,,,,,58.550,-0.04,9.8,-0.1,0.0,9.8,0.0,0.0,-6.1E-4,,,,,,,,,,58.550,-0.06,9.9,0.1,0.1,9.9,0.0,0.0,0.0
58.600,-0.03,9.8,-0.3,0.0,9.8,-1.2E-4,0.0,0.0,58.600,-0.01,9.8,0.2,0.0,9.8,0.0,0.0,0.0,,,,,,,,,,58.600,-0.04,9.8,-0.1,0.0,9.8,0.0,0.0,0.0,,,,,,,,,,58.600,-0.06,9.8,-0.4,0.1,9.8,0.0,0.0,0.0
58.650,-0.02,9.9,-0.3,0.0,9.9,0.0,0.0,6.1E-4,58.650,-0.02,9.8,0.0,-0.1,9.8,0.0,0.0,6.1E-4,,,,,,,,,,58.650,-0.04,9.9,0.0,0.0,9.9,0.0,0.0,-6.1E-4,,,,,,,,,,58.650,-0.07,9.8,-0.1,-0.2,9.8,0.0,0.0,-6.1E-4
58.700,-0.03,9.8,-0.3,0.0,9.8,0.0,0.0,0.0,58.700,-0.02,9.8,0.1,0.0,9.8,0.0,0.0,0.0,,,,,,,,,,58.700,-0.04,9.8,-0.1,0.0,9.8,0.0,0.0,-6.1E-4,,,,,,,,,,58.700,-0.06,9.9,0.1,0.1,9.9,0.0,0.0,0.0
58.750,-0.03,9.9,-0.2,0.1,9.9,0.0,0.0,0.0,58.750,-0.02,9.8,0.1,0.0,9.8,0.0,0.0,0.0,,,,,,,,,,58.750,-0.03,9.8,-0.1,0.0,9.8,0.0,0.0,6.1E-4,,,,,,,,,,58.750,-0.06,9.8,-0.3,0.1,9.8,0.0,0.0,0.0
58.800,-0.03,9.8,-0.2,0.0,9.8,0.0,0.0,0.0,58.800,-0.03,9.8,0.1,0.0,9.8,-1.2E-4,0.0,-6.1E-4,,,,,,,,,,58.800,-0.04,9.8,-0.1,0.0,9.8,0.0,0.0,0.0,,,,,,,,,,58.800,-0.05,9.8,0.0,-0.1,9.8,0.0,0.0,-6.1E-4
58.850,-0.02,9.8,-0.2,0.0,9.8,0.0,0.0,6.1E-4,58.850,-0.02,9.8,0.1,0.0,9.8,0.0,0.0,-6.1E-4,,,,,,,,,,58.850,-0.02,9.8,0.0,0.0,9.8,0.0,0.0,-6.1E-4,,,,,,,,,,58.850,-0.06,9.8,-0.1,0.0,9.8,0.0,0.0,0.0
58.900,-0.03,9.8,-0.2,0.1,9.8,0.0,0.0,0.0,58.900,-0.02,9.9,0.1,0.0,9.9,0.0,0.0,-6.1E-4,,,,,,,,,,58.900,-0.03,9.9,0.0,0.0,9.9,0.0,0.0,-6.1E-4,,,,,,,,,,58.900,-0.07,9.9,-0.2,0.1,9.9,0.0,0.0,0.0
58.950,-0.03,9.8,-0.2,0.0,9.8,0.0,-0.1,6.1E-4,58.950,-0.01,9.8,0.1,0.0,9.8,0.0,0.0,6.1E-4,,,,,,,,,,58.950,-0.03,9.8,-0.1,0.0,9.8,0.0,0.0,-6.1E-4,,,,,,,,,,58.950,-0.06,9.8,0.2,-0.1,9.8,0.0,0.0,0.0
59.000,-0.03,9.8,-0.2,0.0,9.8,0.0,-0.1,-6.1E-4,59.000,-0.01,9.8,0.1,0.0,9.8,0.0,0.0,6.1E-4,,,,,,,,,,59.000,-0.03,9.8,-0.1,0.0,9.8,0.0,0.0,-6.1E-4,,,,,,,,,,59.000,-0.06,9.8,-0.1,0.0,9.8,0.0,0.0,-6.1E-4
59.050,-0.02,9.8,-0.2,0.0,9.8,0.0,-0.1,0.0,59.050,0.01,9.8,0.1,0.0,9.8,0.0,0.0,6.1E-4,,,,,,,,,,59.050,-0.03,9.8,0.0,0.0,9.8,0.0,0.0,6.1E-4,,,,,,,,,,59.050,-0.07,9.8,-0.3,0.1,9.8,0.0,0.0,0.0
59.100,-0.02,9.8,-0.4,0.0,9.8,0.0,-0.1,0.0,59.100,-0.01,9.8,0.1,0.0,9.8,0.0,0.0,-6.1E-4,,,,,,,,,,59.100,-0.03,9.8,-0.1,0.0,9.8,0.0,0.0,-6.1E-4,,,,,,,,,,59.100,-0.07,9.8,0.1,0.0,9.8,0.0,0.0,6.1E-4
59.150,-0.03,9.9,-0.3,-0.1,9.9,0.0,0.0,0.0,59.150,-0.01,9.8,0.1,0.0,9.8,0.0,0.0,-6.1E-4,,,,,,,,,,59.150,-0.03,9.8,-0.1,0.0,9.8,0.0,0.0,0.0,,,,,,,,,,59.150,-0.06,9.9,0.1,0.1,9.9,0.0,0.0,0.0
59.200,-0.04,9.9,-0.1,-0.1,9.9,0.0,0.0,0.0,59.200,-7.51E-10,9.9,0.2,0.0,9.9,0.0,0.0,6.1E-4,,,,,,,,,,59.200,-0.03,9.8,-0.1,0.0,9.8,0.0,0.0,-6.1E-4,,,,,,,,,,59.200,-0.06,9.8,-0.2,0.0,9.8,0.0,0.0,0.0
59.250,-0.04,9.8,-0.3,0.0,9.8,0.0,0.0,0.0,59.250,0.01,9.8,0.1,0.0,9.8,0.0,0.0,-6.1E-4,,,,,,,,,,59.250,-0.04,9.8,0.0,0.0,9.8,0.0,0.0,-6.1E-4,,,,,,,,,,59.250,-0.05,9.8,-0.2,0.0,9.8,0.0,0.0,0.0
59.300,-0.02,9.9,-0.3,-0.1,9.9,0.0,0.0,6.1E-4,59.300,-0.01,9.8,0.1,0.0,9.8,0.0,0.0,-6.1E-4,,,,,,,,,,59.300,-0.04,9.8,0.0,0.0,9.8,0.0,0.0,-6.1E-4,,,,,,,,,,59.300,-0.05,9.8,0.1,0.0,9.8,0.0,0.0,6.1E-4
59.350,-0.02,9.8,-0.2,-0.1,9.8,0.0,0.0,-6.1E-4,59.350,0.00,9.8,0.1,0.0,9.8,0.0,0.0,0.0,,,,,,,,,,59.350,-0.04,9.8,-0.1,0.0,9.8,0.0,0.0,-6.1E-4,,,,,,,,,,59.350,-0.05,9.8,-0.1,0.1,9.8,-1.2E-4,0.0,0.0
59.400,-0.02,9.9,-0.3,0.0,9.9,0.0,0.0,0.0,59.400,-0.01,9.8,0.1,0.0,9.8,0.0,0.0,0.0,,,,,,,,,,59.400,-0.04,9.8,-0.1,0.0,9.8,0.0,0.0,0.0,,,,,,,,,,59.400,-0.05,9.8,-0.2,-0.1,9.8,0.0,0.0,0.0
59.450,-0.02,9.8,-0.2,-0.2,9.8,0.0,0.0,0.0,59.450,-0.01,9.8,0.1,0.0,9.8,0.0,0.0,0.0,,,,,,,,,,59.450,-0.04,9.8,-0.1,0.0,9.8,0.0,0.0,-6.1E-4,,,,,,,,,,59.450,-0.05,9.8,0.0,0.0,9.8,0.0,0.0,-6.1E-4
59.500,-0.03,9.9,-0.1,0.0,9.9,0.0,0.0,0.0,59.500,0.00,9.8,0.1,-0.1,9.8,0.0,0.0,6.1E-4,,,,,,,,,,59.500,-0.04,9.8,0.0,0.0,9.8,0.0,0.0,-6.1E-4,,,,,,,,,,59.500,-0.06,9.8,-0.1,0.1,9.8,-1.2E-4,0.0,0.0
59.550,-0.03,9.8,-0.4,-0.1,9.8,0.0,0.0,0.0,59.550,0.00,9.9,0.1,0.0,9.9,0.0,0.0,-6.1E-4,,,,,,,,,,59.550,-0.04,9.8,-0.1,0.0,9.8,0.0,0.0,0.0,,,,,,,,,,59.550,-0.05,9.9,0.0,0.0,9.9,0.0,0.0,0.0
59.600,-0.02,9.9,-0.3,-0.1,9.9,-0.1,0.0,0.0,59.600,-0.01,9.8,0.1,0.0,9.8,0.0,0.0,0.0,,,,,,,,,,59.600,-0.04,9.8,-0.1,0.0,9.8,0.0,0.0,-6.1E-4,,,,,,,,,,59.600,-0.05,9.8,-0.1,-0.1,9.8,0.0,0.0,6.1E-4
59.650,-0.01,9.8,-0.2,-0.2,9.8,0.0,0.0,0.0,59.650,-0.01,9.8,0.1,0.0,9.8,0.0,0.0,-6.1E-4,,,,,,,,,,59.650,-0.04,9.8,0.0,0.0,9.8,0.0,0.0,0.0,,,,,,,,,,59.650,-0.05,9.8,-0.1,0.0,9.8,0.0,0.0,0.0
59.700,-0.02,9.8,-0.3,0.1,9.8,0.0,0.0,0.0,59.700,0.00,9.8,0.0,0.0,9.8,0.0,0.0,-6.1E-4,,,,,,,,,,59.700,-0.04,9.9,0.0,0.0,9.9,0.0,0.0,6.1E-4,,,,,,,,,,59.700,-0.06,9.8,0.0,0.1,9.8,0.0,0.0,-6.1E-4
59.750,-0.02,9.8,-0.2,-0.1,9.8,0.0,0.0,0.0,59.750,-0.01,9.8,0.2,0.0,9.8,0.0,0.0,6.1E-4,,,,,,,,,,59.750,-0.05,9.8,-0.1,0.0,9.8,0.0,0.0,-6.1E-4,,,,,,,,,,59.750,-0.05,9.8,0.0,0.0,9.8,0.0,0.0,0.0
59.800,-0.03,9.8,-0.2,0.0,9.8,0.0,0.0,0.0,59.800,-0.01,9.8,0.0,0.0,9.8,0.0,0.0,0.0,,,,,,,,,,59.800,-0.04,9.8,-0.1,0.0,9.8,0.0,0.0,-6.1E-4,,,,,,,,,,59.800,-0.06,9.8,-0.2,0.0,9.8,-1.2E-4,0.0,0.0
59.850,-0.03,9.9,-0.3,0.0,9.9,0.0,0.0,0.0,59.850,-0.02,9.8,0.1,0.0,9.8,0.0,0.0,-6.1E-4,,,,,,,,,,59.850,-0.04,9.8,0.0,0.0,9.8,0.0,0.0,0.0,,,,,,,,,,59.850,-0.05,9.8,-0.1,0.0,9.8,0.0,0.0,0.0
59.900,-0.03,9.8,-0.3,-0.1,9.8,0.0,0.0,0.0,59.900,0.00,9.8,0.2,0.0,9.8,0.0,0.0,6.1E-4,,,,,,,,,,59.900,-0.04,9.8,-0.1,0.0,9.8,0.0,0.0,-6.1E-4,,,,,,,,,,59.900,-0.06,9.8,0.1,0.0,9.8,0.0,0.0,-6.1E-4
59.950,-0.04,9.9,-0.2,0.1,9.9,0.0,0.0,-6.1E-4,59.950,0.00,9.8,0.0,0.0,9.8,0.0,0.0,6.1E-4,,,,,,,,,,59.950,-0.03,9.8,-0.1,0.0,9.8,0.0,0.0,6.1E-4,,,,,,,,,,59.950,-0.06,9.8,-0.1,0.0,9.8,0.0,0.0,0.0
60.000,-0.03,9.8,-0.3,-0.1,9.8,0.0,0.0,0.0,60.000,-0.01,9.8,0.1,0.0,9.8,0.0,0.0,-6.1E-4,,,,,,,,,,60.000,-0.04,9.8,0.0,0.0,9.8,0.0,0.0,-6.1E-4,,,,,,,,,,60.000,-0.07,9.8,-0.3,0.0,9.8,0.0,0.0,6.1E-4
60.050,-0.04,9.8,-0.3,0.0,9.8,0.0,-1.2E-4,-6.1E-4,60.050,-0.01,9.8,0.1,0.0,9.8,0.0,0.0,-6.1E-4,,,,,,,,,,60.050,-0.02,9.9,1.9E-4,0.0,9.9,0.0,0.0,6.1E-4,,,,,,,,,,60.050,-0.06,9.8,1.9E-4,-0.1,9.8,0.0,0.0,-6.1E-4
60.100,-0.03,9.9,-0.3,0.1,9.9,0.0,0.0,0.0,60.100,-0.01,9.8,0.1,0.0,9.8,0.0,0.0,6.1E-4,,,,,,,,,,60.100,-0.03,9.8,0.0,0.0,9.8,0.0,0.0,6.1E-4,,,,,,,,,,60.100,-0.06,9.8,0.0,0.1,9.8,0.0,0.0,0.0
60.150,-0.03,9.8,-0.3,0.0,9.8,0.0,0.0,0.0,60.150,-0.02,9.8,0.1,0.0,9.8,0.0,0.0,-6.1E-4,,,,,,,,,,60.150,-0.04,9.8,0.0,0.0,9.8,0.0,0.0,6.1E-4,,,,,,,,,,60.150,-0.07,9.8,-0.1,0.0,9.8,0.0,0.0,6.1E-4
60.200,-0.03,9.9,-0.1,0.0,9.9,0.0,0.0,-6.1E-4,60.200,-0.02,9.8,0.1,0.0,9.8,0.0,0.0,0.0,,,,,,,,,,60.200,-0.03,9.8,-0.1,0.0,9.8,0.0,0.0,-6.1E-4,,,,,,,,,,60.200,-0.06,9.8,-0.1,-0.1,9.8,0.0,0.0,-6.1E-4
60.250,-0.04,9.8,-0.4,0.1,9.8,0.0,0.0,0.0,60.250,-7.51E-10,9.9,0.1,0.0,9.9,0.0,0.0,0.0,,,,,,,,,,60.250,-0.03,9.9,0.0,0.0,9.9,0.0,0.0,6.1E-4,,,,,,,,,,60.250,-0.05,9.8,0.0,0.0,9.8,0.0,0.0,0.0
60.300,-0.02,9.9,-0.2,0.1,9.9,0.0,-0.1,0.0,60.300,0.00,9.8,0.1,0.0,9.8,0.0,0.0,0.0,,,,,,,,,,60.300,-0.02,9.8,0.0,0.0,9.8,0.0,0.0,-6.1E-4,,,,,,,,,,60.300,-0.04,9.8,-0.1,0.1,9.8,0.0,0.0,-6.1E-4
60.350,-0.03,9.8,0.0,-0.1,9.8,0.0,-0.1,0.0,60.350,-0.02,9.9,0.1,0.0,9.9,-1.2E-4,0.0,0.0,,,,,,,,,,60.350,-0.03,9.8,-0.1,0.0,9.8,0.0,0.0,-6.1E-4,,,,,,,,,,60.350,-0.05,9.8,-0.1,0.0,9.8,0.0,0.0,0.0
60.400,-0.05,9.9,-0.3,0.0,9.9,0.0,-0.1,0.0,60.400,-0.01,9.8,0.2,-0.1,9.8,0.0,0.0,6.1E-4,,,,,,,,,,60.400,-0.02,9.8,-0.1,0.0,9.8,0.0,0.0,-6.1E-4,,,,,,,,,,60.400,-0.05,9.8,-0.1,0.0,9.8,0.0,0.0,-6.1E-4
60.450,-0.04,9.9,-0.3,-0.1,9.9,0.0,-0.1,0.0,60.450,-0.02,9.9,0.1,0.1,9.9,0.0,0.0,6.1E-4,,,,,,,,,,60.450,-0.02,9.9,0.0,0.0,9.9,0.0,0.0,6.1E-4,,,,,,,,,,60.450,-0.05,9.8,-0.1,0.1,9.8,0.0,0.0,-6.1E-4
60.500,-0.03,9.8,-0.2,0.0,9.8,0.0,0.0,0.0,60.500,-0.01,9.8,0.1,-0.1,9.8,0.0,0.0,0.0,,,,,,,,,,60.500,-0.02,9.8,-0.1,0.0,9.8,0.0,0.0,-6.1E-4,,,,,,,,,,60.500,-0.06,9.8,0.0,0.1,9.8,0.0,0.0,0.0
60.550,-0.05,9.9,-0.3,0.0,9.9,0.0,0.0,0.0,60.550,-0.02,9.9,0.2,0.1,9.9,0.0,0.0,-6.1E-4,,,,,,,,,,60.550,-0.01,9.8,-0.1,0.0,9.8,0.0,0.0,0.0,,,,,,,,,,60.550,-0.05,9.8,0.0,0.0,9.8,0.0,0.0,6.1E-4
60.600,-0.04,9.8,-0.1,-0.1,9.8,0.1,0.0,0.0,60.600,-0.01,9.8,0.1,-0.1,9.8,0.0,0.0,0.0,,,,,,,,,,60.600,-0.04,9.8,-0.1,0.0,9.8,0.0,0.0,6.1E-4,,,,,,,,,,60.600,-0.05,9.8,-0.2,0.0,9.8,0.0,0.0,-6.1E-4
60.650,-0.02,9.8,-0.3,-0.1,9.8,0.0,0.0,6.1E-4,60.650,0.01,9.9,0.0,0.1,9.9,0.0,0.0,0.0,,,,,,,,,,60.650,-0.03,9.8,0.0,0.0,9.8,0.0,0.0,-6.1E-4,,,,,,,,,,60.650,-0.05,9.8,-0.1,0.0,9.8,0.0,0.0,0.0
60.700,-0.04,9.8,-0.6,0.0,9.9,0.0,0.0,-6.1E-4,60.700,-0.01,9.8,0.2,-0.1,9.8,0.0,0.0,6.1E-4,,,,,,,,,,60.700,-0.03,9.9,0.0,0.0,9.9,0.0,0.0,-6.1E-4,,,,,,,,,,60.700,-0.06,9.9,0.1,0.0,9.9,0.0,0.0,6.1E-4
60.750,-0.04,9.9,0.1,-0.1,9.9,0.0,0.0,0.0,60.750,-0.01,9.9,0.1,0.1,9.9,0.0,0.0,0.0,,,,,,,,,,60.750,-0.04,9.8,-0.1,-0.1,9.8,0.0,0.0,-6.1E-4,,,,,,,,,,60.750,-0.05,9.8,-0.1,0.0,9.8,0.0,0.0,0.0
60.800,-0.05,9.8,-0.6,-0.1,9.8,-0.1,0.0,0.0,60.800,-0.01,9.8,0.0,-0.1,9.8,0.0,0.0,0.0,,,,,,,,,,60.800,-0.04,9.8,0.0,0.0,9.8,0.0,0.0,-6.1E-4,,,,,,,,,,60.800,-0.05,9.8,-0.2,0.0,9.8,0.0,0.0,6.1E-4
60.850,-0.04,9.8,-0.1,-0.1,9.8,-0.1,0.0,0.0,60.850,-0.01,9.9,0.1,0.1,9.9,0.0,0.0,0.0,,,,,,,,,,60.850,-0.04,9.8,0.0,0.0,9.8,0.0,0.0,-6.1E-4,,,,,,,,,,60.850,-0.05,9.8,-0.1,-0.1,9.8,0.0,0.0,0.0
60.900,-0.03,9.8,-0.1,-0.1,9.8,0.0,0.0,0.0,60.900,-0.01,9.8,0.1,-0.1,9.8,0.0,0.0,6.1E-4,,,,,,,,,,60.900,-0.04,9.9,0.0,0.0,9.9,0.0,0.0,6.1E-4,,,,,,,,,,60.900,-0.05,9.8,0.0,0.1,9.8,0.0,0.0,-6.1E-4
60.950,-0.03,9.8,-0.3,-0.1,9.8,0.0,0.0,0.0,60.950,0.01,9.8,0.1,0.1,9.8,0.0,0.0,-6.1E-4,,,,,,,,,,60.950,-0.03,9.8,-0.1,0.0,9.8,0.0,0.0,-6.1E-4,,,,,,,,,,60.950,-0.05,9.8,-0.1,0.0,9.8,0.0,0.0,-6.1E-4
61.000,-0.05,9.8,0.0,-0.1,9.8,0.0,0.0,6.1E-4,61.000,0.01,9.8,0.1,-0.1,9.8,0.0,0.0,-6.1E-4,,,,,,,,,,61.000,-0.02,9.8,0.0,0.0,9.8,0.0,0.0,6.1E-4,,,,,,,,,,61.000,-0.04,9.8,-0.1,0.0,9.8,0.0,0.0,6.1E-4
61.050,-0.05,9.8,-0.6,-0.1,9.9,0.0,0.0,-6.1E-4,61.050,0.00,9.9,0.1,0.1,9.9,0.0,0.0,-6.1E-4,,,,,,,,,,61.050,-0.03,9.9,0.0,0.0,9.9,0.0,0.0,-6.1E-4,,,,,,,,,,61.050,-0.06,9.8,-0.1,0.0,9.8,-1.2E-4,0.0,0.0
61.100,-0.04,9.8,0.0,-0.1,9.8,0.0,0.1,0.0,61.100,-0.02,9.8,0.1,-0.1,9.8,0.0,0.0,-6.1E-4,,,,,,,,,,61.100,-0.02,9.9,0.0,0.0,9.9,0.0,0.0,6.1E-4,,,,,,,,,,61.100,-0.04,9.8,0.0,0.1,9.8,0.0,0.0,6.1E-4
61.150,-0.04,9.9,-0.3,0.0,9.9,-1.2E-4,0.0,0.0,61.150,-7.51E-10,9.9,0.2,0.1,9.9,0.0,0.0,0.0,,,,,,,,,,61.150,-0.03,9.8,-0.1,0.0,9.8,0.0,0.0,0.0,,,,,,,,,,61.150,-0.05,9.8,-0.1,-0.1,9.8,0.0,0.0,6.1E-4
61.200,-0.04,9.8,-0.3,0.1,9.8,0.0,0.0,0.0,61.200,-0.01,9.8,0.0,0.0,9.8,0.0,0.0,0.0,,,,,,,,,,61.200,-0.02,9.8,-0.1,0.0,9.8,0.0,0.0,0.0,,,,,,,,,,61.200,-0.05,9.8,-0.1,0.0,9.8,0.0,0.0,-6.1E-4
61.250,-0.04,9.8,-0.3,-0.1,9.8,0.0,0.0,0.0,61.250,-0.01,9.8,0.1,0.0,9.8,0.0,0.0,0.0,,,,,,,,,,61.250,-0.03,9.8,0.0,0.0,9.8,0.0,0.0,6.1E-4,,,,,,,,,,61.250,-0.05,9.8,-0.1,0.0,9.8,0.0,0.0,0.0
61.300,-0.04,9.9,-0.2,0.1,9.9,0.0,0.0,0.0,61.300,-0.01,9.9,0.1,0.0,9.9,0.0,0.0,6.1E-4,,,,,,,,,,61.300,-0.03,9.8,0.0,0.0,9.8,0.0,0.0,-6.1E-4,,,,,,,,,,61.300,-0.05,9.8,0.0,0.0,9.8,0.0,0.0,6.1E-4
61.350,-0.04,9.7,-0.3,0.0,9.7,0.0,0.0,0.0,61.350,-0.01,9.8,0.1,0.0,9.8,0.0,0.0,6.1E-4,,,,,,,,,,61.350,-0.02,9.8,-0.1,0.0,9.8,0.0,0.0,-6.1E-4,,,,,,,,,,61.350,-0.05,9.8,-0.1,0.0,9.8,0.0,0.0,6.1E-4
61.400,-0.04,9.9,-0.3,0.1,9.9,0.0,0.0,6.1E-4,61.400,-0.02,9.8,0.1,0.0,9.8,0.0,0.0,0.0,,,,,,,,,,61.400,-0.01,9.8,-0.1,0.0,9.8,0.0,0.0,6.1E-4,,,,,,,,,,61.400,-0.04,9.8,-0.1,0.1,9.8,0.0,0.0,6.1E-4
61.450,-0.03,9.7,-0.2,-0.1,9.7,0.0,0.0,0.0,61.450,-0.02,9.8,0.1,0.0,9.8,0.0,0.0,6.1E-4,,,,,,,,,,61.450,-0.01,9.8,0.1,0.0,9.8,0.0,0.0,-6.1E-4,,,,,,,,,,61.450,-0.05,9.8,-0.1,0.0,9.8,0.0,0.0,0.0
61.500,-0.04,10.0,-0.4,0.1,10.0,0.0,-0.1,0.0,61.500,0.00,9.8,0.1,0.0,9.8,0.0,0.0,-6.1E-4,,,,,,,,,,61.500,-0.02,9.8,-0.1,0.0,9.8,0.0,0.0,-6.1E-4,,,,,,,,,,61.500,-0.04,9.8,0.0,0.0,9.8,0.0,0.0,0.0
61.550,-0.05,9.7,-0.1,-0.1,9.7,0.0,-0.1,0.0,61.550,-0.01,9.8,0.1,0.0,9.8,0.0,0.0,-6.1E-4,,,,,,,,,,61.550,0.00,9.8,-0.1,0.0,9.8,0.0,0.0,-6.1E-4,,,,,,,,,,61.550,-0.04,9.8,-0.1,0.0,9.8,0.0,0.0,-6.1E-4
61.600,-0.04,9.8,-0.3,0.0,9.8,0.0,0.0,6.1E-4,61.600,-0.01,9.8,0.1,-0.1,9.8,0.0,0.0,0.0,,,,,,,,,,61.600,-0.01,9.8,-0.1,0.0,9.8,0.0,0.0,-6.1E-4,,,,,,,,,,61.600,-0.04,9.8,-0.2,0.0,9.8,0.0,0.0,-6.1E-4
61.650,-0.04,9.8,-0.2,0.0,9.8,0.0,-0.1,-6.1E-4,61.650,-0.01,9.8,0.0,0.0,9.8,-1.2E-4,0.0,0.0,,,,,,,,,,61.650,-0.01,9.8,0.0,0.0,9.8,0.0,0.0,-6.1E-4,,,,,,,,,,61.650,-0.05,9.8,-0.1,0.0,9.8,0.0,0.0,-6.1E-4
61.700,-0.04,9.9,-0.3,0.0,9.9,0.0,0.0,0.0,61.700,0.00,9.8,0.1,0.0,9.8,0.0,0.0,6.1E-4,,,,,,,,,,61.700,-0.02,9.8,-0.1,0.0,9.8,0.0,0.0,-6.1E-4,,,,,,,,,,61.700,-0.05,9.8,0.0,0.1,9.8,0.0,0.0,6.1E-4
61.750,-0.04,9.8,-0.2,-0.1,9.8,0.0,0.0,0.0,61.750,0.01,9.8,0.1,0.0,9.8,0.0,0.0,-6.1E-4,,,,,,,,,,61.750,-0.03,9.8,-0.1,0.0,9.8,0.0,0.0,-6.1E-4,,,,,,,,,,61.750,-0.05,9.8,-0.1,0.0,9.8,0.0,0.0,0.0
61.800,-0.03,9.8,-0.2,0.0,9.8,0.0,0.0,0.0,61.800,0.02,9.8,0.1,0.0,9.8,-1.2E-4,0.0,-6.1E-4,,,,,,,,,,61.800,-0.01,9.8,-0.1,0.0,9.8,0.0,0.0,0.0,,,,,,,,,,61.800,-0.04,9.8,0.0,0.0,9.8,0.0,0.0,6.1E-4
61.850,-0.04,9.8,-0.3,0.0,9.8,0.0,0.0,0.0,61.850,0.02,9.8,0.1,0.0,9.8,0.0,0.0,6.1E-4,,,,,,,,,,61.850,-0.01,9.8,0.1,0.0,9.8,0.0,0.0,-6.1E-4,,,,,,,,,,61.850,-0.05,9.8,-0.1,0.0,9.8,-1.2E-4,0.0,-6.1E-4
61.900,-0.04,9.8,-0.2,0.0,9.8,-1.2E-4,0.0,0.0,61.900,0.02,9.8,0.1,0.0,9.8,0.0,0.0,6.1E-4,,,,,,,,,,61.900,-0.02,9.8,-0.1,0.0,9.8,-1.2E-4,0.0,-6.1E-4,,,,,,,,,,61.900,-0.04,9.8,0.0,0.0,9.8,0.0,0.0,6.1E-4
61.950,-0.04,9.8,-0.3,-0.1,9.8,0.0,0.0,-6.1E-4,61.950,0.01,9.8,0.1,0.0,9.8,0.0,0.0,0.0,,,,,,,,,,61.950,-0.01,9.8,-0.1,0.0,9.8,0.0,0.0,-6.1E-4,,,,,,,,,,61.950,-0.04,9.8,-0.1,0.0,9.8,0.0,0.0,-6.1E-4
62.000,-0.02,9.9,-0.3,0.0,9.9,0.0,0.0,0.0,62.000,0.00,9.9,0.1,0.0,9.9,0.0,0.0,-6.1E-4,,,,,,,,,,62.000,-7.51E-10,9.8,0.0,0.0,9.8,0.0,0.0,-6.1E-4,,,,,,,,,,62.000,-0.05,9.8,-0.1,0.0,9.8,0.0,0.0,-6.1E-4
62.050,-0.03,9.8,-0.3,-0.1,9.8,0.0,0.0,0.0,62.050,0.01,9.8,0.0,0.0,9.8,0.0,0.0,-6.1E-4,,,,,,,,,,62.050,-0.01,9.8,0.0,0.0,9.8,0.0,0.0,0.0,,,,,,,,,,62.050,-0.06,9.8,-0.1,0.0,9.8,0.0,0.0,-6.1E-4
62.100,-0.03,9.8,-0.1,0.0,9.8,-0.1,0.0,0.0,62.100,0.01,9.9,0.1,0.0,9.9,0.0,0.0,0.0,,,,,,,,,,62.100,-7.51E-10,9.8,-0.1,0.0,9.8,0.0,0.0,0.0,,,,,,,,,,62.100,-0.05,9.8,0.0,0.0,9.8,0.0,0.0,6.1E-4
62.150,-0.04,9.8,-0.1,-0.1,9.8,0.0,0.0,0.0,62.150,-0.01,9.8,0.1,0.0,9.8,0.0,0.0,6.1E-4,,,,,,,,,,62.150,-0.01,9.8,-0.1,0.0,9.8,0.0,0.0,0.0,,,,,,,,,,62.150,-0.05,9.8,-0.1,0.0,9.8,0.0,0.0,-6.1E-4
62.200,-0.03,10.0,-0.5,0.0,10.0,0.0,0.0,0.0,62.200,0.00,9.8,0.1,0.0,9.8,0.0,0.0,0.0,,,,,,,,,,62.200,0.00,9.8,0.0,0.0,9.8,0.0,0.0,-6.1E-4,,,,,,,,,,62.200,-0.05,9.8,-0.1,0.0,9.8,0.0,0.0,0.0
62.250,-0.01,9.7,0.2,-0.2,9.7,0.0,0.0,0.0,62.250,-7.51E-10,9.8,0.1,0.0,9.8,0.0,0.0,0.0,,,,,,,,,,62.250,0.01,9.8,0.0,0.0,9.8,0.0,0.0,6.1E-4,,,,,,,,,,62.250,-0.06,9.8,0.0,0.0,9.8,-1.2E-4,0.0,0.0
62.300,-0.02,9.8,-0.5,0.0,9.9,0.0,0.0,0.0,62.300,0.01,9.8,0.1,0.0,9.8,0.0,0.0,6.1E-4,,,,,,,,,,62.300,0.01,9.8,-0.1,0.0,9.8,0.0,0.0,-6.1E-4,,,,,,,,,,62.300,-0.04,9.8,-0.1,0.0,9.8,0.0,0.0,0.0
62.350,-0.03,9.8,-0.4,-0.2,9.8,0.0,0.0,0.0,62.350,0.00,9.8,0.1,0.0,9.8,0.0,0.0,6.1E-4,,,,,,,,,,62.350,-0.02,9.8,-0.1,0.0,9.8,0.0,0.0,-6.1E-4,,,,,,,,,,62.350,-0.05,9.8,-0.1,0.0,9.8,0.0,0.0,0.0
62.400,-0.03,9.9,-0.4,0.0,9.9,0.0,0.0,0.0,62.400,0.01,9.8,0.1,0.0,9.8,0.0,0.0,-6.1E-4,,,,,,,,,,62.400,-0.02,9.9,0.0,0.0,9.9,0.0,0.0,-6.1E-4,,,,,,,,,,62.400,-0.05,9.8,-0.1,0.0,9.8,0.0,0.0,6.1E-4
62.450,-0.03,9.8,-0.4,-0.2,9.8,-0.1,0.0,0.0,62.450,0.00,9.8,0.1,0.0,9.8,0.0,0.0,0.0,,,,,,,,,,62.450,-0.01,9.8,0.0,0.0,9.8,0.0,0.0,-6.1E-4,,,,,,,,,,62.450,-0.05,9.8,-0.1,0.0,9.8,0.0,0.0,-6.1E-4
62.500,-0.02,9.9,0.1,0.0,9.9,0.0,0.0,0.0,62.500,0.01,9.8,0.1,0.0,9.8,0.0,0.0,-6.1E-4,,,,,,,,,,62.500,-0.01,9.8,-0.1,0.0,9.8,0.0,0.0,-6.1E-4,,,,,,,,,,62.500,-0.05,9.8,-0.1,0.0,9.8,0.0,0.0,6.1E-4
62.550,-0.04,9.8,-0.4,-0.1,9.8,0.0,0.0,0.0,62.550,-7.51E-10,9.8,0.1,-0.1,9.8,0.0,0.0,0.0,,,,,,,,,,62.550,-0.01,9.8,0.0,0.0,9.8,0.0,0.0,-6.1E-4,,,,,,,,,,62.550,-0.05,9.8,0.0,0.0,9.8,0.0,0.0,0.0
62.600,-0.03,9.9,-0.1,0.0,9.9,0.0,0.0,0.0,62.600,0.02,9.8,0.1,0.0,9.8,0.0,0.0,-6.1E-4,,,,,,,,,,62.600,-0.02,9.8,-0.1,0.0,9.8,0.0,0.0,0.0,,,,,,,,,,62.600,-0.05,9.9,0.0,0.0,9.9,0.0,0.0,0.0
62.650,-0.02,9.9,-0.2,0.0,9.9,0.0,0.0,0.0,62.650,0.03,9.8,0.1,0.0,9.8,0.0,0.0,6.1E-4,,,,,,,,,,62.650,0.01,9.8,0.1,0.0,9.8,0.0,0.0,6.1E-4,,,,,,,,,,62.650,-0.06,9.8,-0.2,0.0,9.8,0.0,0.0,0.0
62.700,-0.03,9.7,-0.3,-0.1,9.7,0.0,0.0,0.0,62.700,0.03,9.9,0.1,0.0,9.9,0.0,0.0,-6.1E-4,,,,,,,,,,62.700,-0.02,9.8,-0.2,0.0,9.8,0.0,0.0,0.0,,,,,,,,,,62.700,-0.06,9.8,-0.1,0.0,9.8,0.0,0.0,-6.1E-4
62.750,-0.04,10.0,-0.3,0.2,10.0,0.0,0.0,0.0,62.750,0.02,9.8,0.1,0.0,9.8,0.0,0.0,0.0,,,,,,,,,,62.750,-0.01,9.8,0.0,0.0,9.8,0.0,0.0,6.1E-4,,,,,,,,,,62.750,-0.06,9.8,0.1,0.0,9.8,0.0,0.0,-6.1E-4
62.800,-0.05,9.6,-0.1,-0.1,9.6,0.0,0.0,0.0,62.800,0.02,9.8,0.1,0.0,9.8,0.0,0.0,0.0,,,,,,,,,,62.800,-0.02,9.8,-0.1,0.0,9.8,0.0,0.0,0.0,,,,,,,,,,62.800,-0.05,9.8,0.0,0.0,9.8,0.0,0.0,0.0
62.850,-0.04,10.0,-0.3,0.1,10.0,0.0,0.0,0.0,62.850,0.01,9.8,0.1,0.0,9.8,0.0,0.0,0.0,,,,,,,,,,62.850,0.00,9.9,0.0,0.1,9.9,0.0,0.0,-6.1E-4,,,,,,,,,,62.850,-0.05,9.8,-0.3,0.0,9.9,-1.2E-4,0.0,0.0
62.900,-0.03,9.7,-0.2,-0.1,9.7,0.0,0.0,0.0,62.900,0.04,9.9,0.1,0.0,9.9,0.0,0.0,6.1E-4,,,,,,,,,,62.900,-0.02,9.8,-0.1,0.0,9.8,0.0,0.0,-6.1E-4,,,,,,,,,,62.900,-0.06,9.8,0.0,0.0,9.8,0.0,0.0,-6.1E-4
62.950,-0.03,9.9,-0.2,0.1,9.9,0.0,0.0,0.0,62.950,0.03,9.8,0.1,0.0,9.8,0.0,0.0,6.1E-4,,,,,,,,,,62.950,-0.02,9.8,0.0,0.0,9.8,0.0,0.0,-6.1E-4,,,,,,,,,,62.950,-0.06,9.8,0.0,0.1,9.8,0.0,0.0,0.0
63.000,-0.01,9.8,-0.4,0.0,9.8,0.0,0.0,0.0,63.000,0.04,9.8,0.1,0.0,9.8,0.0,0.0,-6.1E-4,,,,,,,,,,63.000,-0.01,9.8,-0.1,0.0,9.8,0.0,0.0,-6.1E-4,,,,,,,,,,63.000,-0.06,9.8,1.9E-4,0.0,9.8,-1.2E-4,0.0,0.0
63.050,-0.02,9.7,-0.1,0.1,9.7,0.0,0.0,0.0,63.050,0.06,9.8,0.1,0.0,9.8,0.0,0.0,6.1E-4,,,,,,,,,,63.050,-0.01,9.8,0.1,0.0,9.8,0.0,0.0,6.1E-4,,,,,,,,,,63.050,-0.05,9.8,-0.2,-0.1,9.8,0.0,0.0,0.0
63.100,-0.01,9.9,-0.3,0.1,10.0,0.0,0.0,0.0,63.100,0.06,9.9,0.1,0.0,9.9,0.0,0.0,6.1E-4,,,,,,,,,,63.100,-0.01,9.8,-0.1,0.0,9.8,0.0,0.0,0.0,,,,,,,,,,63.100,-0.05,9.8,-0.1,0.1,9.8,0.0,0.0,-6.1E-4
63.150,-0.02,9.7,-0.2,0.1,9.7,0.0,0.0,6.1E-4,63.150,0.07,9.8,0.1,0.0,9.8,0.0,0.0,0.0,,,,,,,,,,63.150,-0.02,9.8,0.0,0.0,9.8,0.0,0.0,0.0,,,,,,,,,,63.150,-0.05,9.9,0.1,0.1,9.9,0.0,0.0,6.1E-4
63.200,-0.03,9.9,-0.2,0.1,9.9,0.0,0.0,0.0,63.200,0.07,9.8,0.1,0.0,9.8,0.0,0.0,6.1E-4,,,,,,,,,,63.200,-0.01,9.8,-0.1,0.0,9.8,0.0,0.0,0.0,,,,,,,,,,63.200,-0.06,9.8,0.0,0.0,9.8,0.0,0.0,0.0
63.250,-0.04,9.7,-0.3,0.0,9.7,0.0,0.0,0.0,63.250,0.06,9.8,0.1,0.0,9.8,0.0,0.0,0.0,,,,,,,,,,63.250,-0.01,9.8,0.1,0.0,9.8,0.0,0.0,0.0,,,,,,,,,,63.250,-0.05,9.8,-0.3,0.0,9.8,0.0,0.0,0.0
63.300,-0.03,9.8,-0.2,0.2,9.8,0.0,0.0,0.0,63.300,0.07,9.8,0.1,-0.1,9.8,0.0,0.0,0.0,,,,,,,,,,63.300,-0.03,9.9,-0.1,0.0,9.9,0.0,0.0,-6.1E-4,,,,,,,,,,63.300,-0.04,9.8,-0.1,0.0,9.8,0.0,0.0,0.0
63.350,-0.03,9.8,-0.2,0.0,9.8,0.0,0.0,0.0,63.350,0.08,9.8,0.1,0.0,9.8,0.0,0.0,-6.1E-4,,,,,,,,,,63.350,-0.03,9.8,0.0,0.0,9.8,0.0,0.0,-6.1E-4,,,,,,,,,,63.350,-0.04,9.9,0.2,0.1,9.9,0.0,0.0,0.0
63.400,-0.04,9.7,-0.2,0.2,9.7,0.0,0.0,0.0,63.400,0.07,9.8,0.1,0.0,9.8,0.0,0.0,6.1E-4,,,,,,,,,,63.400,-0.03,9.8,-0.1,0.0,9.8,0.0,0.0,6.1E-4,,,,,,,,,,63.400,-0.05,9.8,0.0,0.0,9.8,0.0,0.0,0.0
63.450,-0.04,9.9,-0.5,0.1,10.0,-0.1,-0.1,0.0,63.450,0.07,9.9,0.1,0.0,9.9,0.0,0.0,6.1E-4,,,,,,,,,,63.450,-0.02,9.8,0.0,0.0,9.8,-1.2E-4,0.0,-6.1E-4,,,,,,,,,,63.450,-0.05,9.8,-0.3,-0.1,9.8,0.0,0.0,0.0
63.500,-0.05,9.8,0.1,-0.1,9.8,-0.1,-0.1,0.0,63.500,0.08,9.8,0.0,0.0,9.8,0.0,0.0,-6.1E-4,,,,,,,,,,63.500,-0.02,9.8,-0.1,0.0,9.8,0.0,0.0,6.1E-4,,,,,,,,,,63.500,-0.05,9.8,0.0,0.0,9.8,0.0,0.0,6.1E-4
63.550,-0.04,9.9,-0.4,0.1,9.9,0.0,0.0,0.0,63.550,0.08,9.8,0.1,0.0,9.8,0.0,0.0,-6.1E-4,,,,,,,,,,63.550,-0.02,9.8,0.0,0.0,9.8,0.0,0.0,0.0,,,,,,,,,,63.550,-0.05,9.9,0.0,0.1,9.9,0.0,0.0,0.0
63.600,-0.02,9.9,-0.3,0.0,9.9,-0.1,-0.1,0.0,63.600,0.07,9.8,0.1,0.0,9.8,0.0,0.0,-6.1E-4,,,,,,,,,,63.600,-0.02,9.8,0.0,0.0,9.8,0.0,0.0,-6.1E-4,,,,,,,,,,63.600,-0.04,9.8,-0.1,0.0,9.8,0.0,0.0,0.0
63.650,-0.03,9.7,0.0,0.0,9.7,0.0,0.0,6.1E-4,63.650,0.08,9.8,0.1,0.0,9.8,0.0,0.0,0.0,,,,,,,,,,63.650,-0.02,9.9,0.0,0.0,9.9,0.0,0.0,6.1E-4,,,,,,,,,,63.650,-0.05,9.8,-0.2,-0.1,9.8,0.0,0.0,-6.1E-4
63.700,-0.01,9.8,-0.3,0.0,9.9,0.0,0.0,0.0,63.700,0.08,9.8,0.1,-0.1,9.8,0.0,0.0,6.1E-4,,,,,,,,,,63.700,0.00,9.8,0.0,0.0,9.8,0.0,0.0,0.0,,,,,,,,,,63.700,-0.05,9.8,-0.1,0.0,9.8,0.0,0.0,0.0
63.750,-0.02,9.9,-0.3,0.1,9.9,0.0,0.0,0.0,63.750,0.10,9.8,0.1,0.0,9.8,-1.2E-4,0.0,-6.1E-4,,,,,,,,,,63.750,0.00,9.8,0.0,0.0,9.8,0.0,0.0,0.0,,,,,,,,,,63.750,-0.05,9.8,-0.1,0.1,9.8,0.0,0.0,6.1E-4
63.800,-0.04,9.8,-0.2,-0.1,9.8,0.0,0.0,0.0,63.800,0.09,9.8,0.1,0.0,9.8,0.0,0.0,6.1E-4,,,,,,,,,,63.800,-0.01,9.8,-0.1,0.0,9.8,0.0,0.0,0.0,,,,,,,,,,63.800,-0.05,9.8,0.0,-0.1,9.8,0.0,0.0,6.1E-4
63.850,-0.03,9.8,-0.2,0.0,9.8,0.0,0.0,0.0,63.850,0.09,9.9,0.2,0.0,9.9,0.0,0.0,-6.1E-4,,,,,,,,,,63.850,-0.02,9.8,0.0,0.0,9.8,0.0,0.0,6.1E-4,,,,,,,,,,63.850,-0.06,9.8,-0.2,0.0,9.8,0.0,0.0,0.0
63.900,-0.03,9.8,-0.3,0.0,9.8,0.0,0.0,0.0,63.900,0.09,9.8,0.1,-0.1,9.8,0.0,0.0,6.1E-4,,,,,,,,,,63.900,0.00,9.8,-0.1,0.0,9.8,0.0,0.0,-6.1E-4,,,,,,,,,,63.900,-0.04,9.8,-0.2,0.1,9.8,0.0,0.0,0.0
63.950,-0.02,9.9,-0.3,0.0,9.9,0.0,0.0,-6.1E-4,63.950,0.10,9.8,0.0,0.0,9.8,0.0,0.0,-6.1E-4,,,,,,,,,,63.950,0.01,9.8,-0.1,0.0,9.8,0.0,0.0,6.1E-4,,,,,,,,,,63.950,-0.04,9.9,0.1,0.1,9.9,0.0,0.0,0.0
64.000,-0.03,9.8,-0.2,-0.1,9.8,-1.2E-4,0.0,-6.1E-4,64.000,0.11,9.8,0.1,0.0,9.8,0.0,0.0,6.1E-4,,,,,,,,,,64.000,0.00,9.8,0.0,0.0,9.8,0.0,0.0,-6.1E-4,,,,,,,,,,64.000,-0.04,9.8,0.0,-0.1,9.8,0.0,0.0,0.0
64.050,-0.04,9.8,-0.3,0.0,9.9,0.0,0.0,-6.1E-4,64.050,0.10,9.8,0.1,0.0,9.8,0.0,0.0,-6.1E-4,,,,,,,,,,64.050,-0.01,9.8,0.0,0.0,9.8,0.0,0.0,-6.1E-4,,,,,,,,,,64.050,-0.04,9.8,-0.2,0.0,9.8,0.0,0.0,0.0
64.100,-0.04,9.9,-0.3,0.0,9.9,0.0,0.0,0.0,64.100,0.10,9.8,0.1,-0.1,9.8,0.0,0.0,0.0,,,,,,,,,,64.100,0.00,9.8,-0.1,0.0,9.8,0.0,0.0,-6.1E-4,,,,,,,,,,64.100,-0.06,9.8,-0.1,0.0,9.8,0.0,0.0,-6.1E-4
64.150,-0.04,9.7,-0.2,-0.1,9.7,0.0,0.0,0.0,64.150,0.10,9.8,0.1,0.0,9.8,0.0,0.0,-6.1E-4,,,,,,,,,,64.150,-0.01,9.8,0.0,-0.1,9.8,0.0,0.0,-6.1E-4,,,,,,,,,,64.150,-0.04,9.9,0.2,0.1,9.9,0.0,0.0,0.0
64.200,-0.04,9.9,-0.2,0.0,9.9,0.0,0.0,0.0,64.200,0.09,9.8,0.1,0.0,9.8,0.0,0.0,6.1E-4,,,,,,,,,,64.200,-0.01,9.8,-0.1,0.0,9.8,0.0,0.0,-6.1E-4,,,,,,,,,,64.200,-0.06,9.8,-0.1,0.0,9.8,0.0,0.0,6.1E-4
64.250,-0.04,9.8,-0.2,-0.1,9.8,0.0,0.0,0.0,64.250,0.10,9.8,0.1,0.0,9.8,0.0,0.0,-6.1E-4,,,,,,,,,,64.250,-0.01,9.9,1.9E-4,0.1,9.9,0.0,0.0,-6.1E-4,,,,,,,,,,64.250,-0.05,9.8,-0.2,0.0,9.8,0.0,0.0,0.0
64.300,-0.03,9.9,-0.2,0.1,9.9,0.0,0.0,0.0,64.300,0.10,9.8,0.1,0.0,9.8,0.0,0.0,6.1E-4,,,,,,,,,,64.300,-0.02,9.8,0.0,0.0,9.8,0.0,0.0,0.0,,,,,,,,,,64.300,-0.06,9.8,0.0,0.0,9.8,0.0,0.0,-6.1E-4
64.350,-0.03,9.8,-0.3,-0.1,9.8,0.0,0.0,0.0,64.350,0.10,9.8,0.0,0.0,9.8,0.0,0.0,6.1E-4,,,,,,,,,,64.350,-0.02,9.8,0.0,0.0,9.8,-1.2E-4,0.0,-6.1E-4,,,,,,,,,,64.350,-0.07,9.9,0.0,0.1,9.9,0.0,0.0,0.0
64.400,-0.04,9.9,0.1,0.0,9.9,0.0,0.0,6.1E-4,64.400,0.10,9.8,0.1,0.0,9.8,0.0,0.0,6.1E-4,,,,,,,,,,64.400,-0.01,9.8,-0.2,0.0,9.8,0.0,0.0,-6.1E-4,,,,,,,,,,64.400,-0.07,9.8,-0.1,0.0,9.8,0.0,0.0,6.1E-4
64.450,-0.03,9.8,-0.4,-0.1,9.8,0.1,0.0,0.0,64.450,0.10,9.8,0.1,0.0,9.8,0.0,0.0,0.0,,,,,,,,,,64.450,-0.02,9.8,0.0,0.0,9.8,0.0,0.0,-6.1E-4,,,,,,,,,,64.450,-0.05,9.8,-0.2,-0.1,9.8,0.0,0.0,0.0
64.500,-0.04,9.9,-0.5,0.1,9.9,0.0,0.0,0.0,64.500,0.11,9.8,0.1,0.0,9.8,0.0,0.0,6.1E-4,,,,,,,,,,64.500,-0.03,9.8,0.0,0.0,9.8,0.0,0.0,-6.1E-4,,,,,,,,,,64.500,-0.05,9.8,0.0,0.1,9.8,0.0,0.0,0.0
64.550,-0.03,9.8,-0.2,-0.1,9.8,0.0,0.0,6.1E-4,64.550,0.11,9.8,0.1,-0.1,9.8,0.0,0.0,0.0,,,,,,,,,,64.550,-0.02,9.8,0.1,0.0,9.8,0.0,0.0,0.0,,,,,,,,,,64.550,-0.05,9.8,-0.1,0.1,9.8,0.0,0.0,0.0
64.600,-0.04,9.8,-0.5,0.0,9.9,0.0,0.0,0.0,64.600,0.10,9.9,0.1,0.0,9.9,0.0,0.0,6.1E-4,,,,,,,,,,64.600,-0.01,9.8,-0.2,-0.1,9.8,0.0,0.0,0.0,,,,,,,,,,64.600,-0.06,9.8,-0.1,0.0,9.8,0.0,0.0,0.0
64.650,-0.02,9.8,0.0,-0.1,9.8,-0.1,0.0,0.0,64.650,0.11,9.8,0.1,0.0,9.8,0.0,0.0,-6.1E-4,,,,,,,,,,64.650,-0.02,9.8,0.0,0.0,9.8,0.0,0.0,6.1E-4,,,,,,,,,,64.650,-0.05,9.8,-0.1,0.0,9.8,0.0,0.0,0.0
64.700,-0.04,9.8,-0.1,0.0,9.8,0.0,0.0,0.0,64.700,0.10,9.8,0.1,0.0,9.8,0.0,0.0,-6.1E-4,,,,,,,,,,64.700,-7.51E-10,9.8,0.0,0.0,9.8,0.0,0.0,0.0,,,,,,,,,,64.700,-0.06,9.8,-0.2,0.1,9.8,0.0,0.0,0.0
64.750,-0.02,9.9,-0.4,0.0,9.9,0.0,0.0,0.0,64.750,0.11,9.8,0.1,0.0,9.8,0.0,0.0,6.1E-4,,,,,,,,,,64.750,-0.01,9.8,0.1,0.0,9.8,0.0,0.0,6.1E-4,,,,,,,,,,64.750,-0.05,9.8,0.0,0.0,9.8,0.0,0.0,6.1E-4
64.800,-0.04,9.8,0.1,0.0,9.8,0.0,0.0,6.1E-4,64.800,0.10,9.8,0.1,0.0,9.8,0.0,0.0,-6.1E-4,,,,,,,,,,64.800,-0.02,9.8,-0.2,0.0,9.8,0.0,0.0,6.1E-4,,,,,,,,,,64.800,-0.05,9.9,-0.1,0.0,9.9,-1.2E-4,0.0,6.1E-4
64.850,-0.03,9.9,-0.5,0.1,9.9,0.0,0.0,0.0,64.850,0.09,9.8,0.2,0.0,9.8,0.0,0.0,0.0,,,,,,,,,,64.850,-0.02,9.8,0.0,0.0,9.8,0.0,0.0,0.0,,,,,,,,,,64.850,-0.05,9.8,-0.2,0.0,9.8,0.0,0.0,0.0
64.900,-0.03,9.8,-0.2,0.0,9.8,0.0,0.0,-6.1E-4,64.900,0.10,9.8,0.1,-0.1,9.8,0.0,0.0,6.1E-4,,,,,,,,,,64.900,-0.02,9.9,0.2,0.0,9.9,0.0,0.0,0.0,,,,,,,,,,64.900,-0.07,9.8,0.0,0.0,9.8,0.0,0.0,-6.1E-4
64.950,-0.04,9.9,-0.3,0.1,9.9,0.0,0.0,0.0,64.950,0.11,9.8,0.1,0.0,9.8,0.0,0.0,6.1E-4,,,,,,,,,,64.950,-0.03,9.8,-0.1,0.0,9.8,0.0,0.0,0.0,,,,,,,,,,64.950,-0.07,9.9,0.0,0.1,9.9,0.0,0.0,-6.1E-4
65.000,-0.04,9.8,-0.2,0.0,9.8,-1.2E-4,0.0,0.0,65.000,0.11,9.8,0.1,0.0,9.8,0.0,0.0,0.0,,,,,,,,,,65.000,-0.04,9.8,-0.2,0.0,9.8,0.0,0.0,0.0,,,,,,,,,,65.000,-0.07,9.8,-0.1,0.0,9.8,0.0,0.0,6.1E-4
65.050,-0.04,9.9,-0.3,0.1,9.9,0.0,0.0,0.0,65.050,0.11,9.8,0.1,0.0,9.8,0.0,0.0,6.1E-4,,,,,,,,,,65.050,-0.02,9.8,0.0,0.0,9.8,0.0,0.0,0.0,,,,,,,,,,65.050,-0.05,9.8,-0.2,0.0,9.8,0.0,0.0,-6.1E-4
65.100,-0.04,9.8,-0.2,0.0,9.8,0.0,-0.1,-6.1E-4,65.100,0.11,9.8,0.0,0.0,9.8,0.0,0.0,-6.1E-4,,,,,,,,,,65.100,-0.02,9.8,0.2,0.1,9.8,0.0,0.0,0.0,,,,,,,,,,65.100,-0.06,9.8,0.0,0.0,9.8,0.0,0.0,0.0
65.150,-0.04,9.8,-0.2,0.0,9.8,-1.2E-4,-0.1,0.0,65.150,0.12,9.8,0.1,0.0,9.8,0.0,0.0,0.0,,,,,,,,,,65.150,-0.02,9.8,-0.2,0.0,9.8,0.0,0.0,0.0,,,,,,,,,,65.150,-0.05,9.8,0.0,0.1,9.8,0.0,0.0,6.1E-4
65.200,-0.03,9.9,-0.4,0.0,9.9,0.0,0.0,0.0,65.200,0.11,9.9,0.0,0.0,9.9,0.0,0.0,-6.1E-4,,,,,,,,,,65.200,-0.03,9.8,-0.1,0.0,9.8,0.0,0.0,6.1E-4,,,,,,,,,,65.200,-0.05,9.8,-0.2,0.0,9.8,0.0,0.0,-6.1E-4
65.250,-0.04,9.8,-0.2,0.0,9.8,0.0,0.0,0.0,65.250,0.12,9.8,0.1,0.0,9.8,0.0,0.0,-6.1E-4,,,,,,,,,,65.250,-7.51E-10,9.8,0.0,0.0,9.8,0.0,0.0,-6.1E-4,,,,,,,,,,65.250,-0.05,9.8,0.0,0.0,9.8,0.0,0.0,0.0
65.300,-0.04,9.8,-0.2,0.0,9.8,0.0,0.0,0.0,65.300,0.11,9.8,0.1,0.0,9.8,0.0,0.0,0.0,,,,,,,,,,65.300,-0.01,9.9,0.1,0.1,9.9,0.0,0.0,-6.1E-4,,,,,,,,,,65.300,-0.05,9.8,0.0,0.0,9.8,0.0,0.0,0.0
65.350,-0.03,9.9,-0.3,0.1,9.9,0.0,0.0,0.0,65.350,0.11,9.8,0.1,0.0,9.8,0.0,0.0,-6.1E-4,,,,,,,,,,65.350,-0.01,9.8,-0.1,-0.1,9.8,0.0,0.0,-6.1E-4,,,,,,,,,,65.350,-0.05,9.8,-0.1,0.0,9.8,0.0,0.0,6.1E-4
65.400,-0.04,9.8,-0.3,0.0,9.8,0.0,0.0,0.0,65.400,0.12,9.8,0.1,-0.1,9.8,0.0,0.0,6.1E-4,,,,,,,,,,65.400,-0.01,9.9,0.0,0.0,9.9,0.0,0.0,0.0,,,,,,,,,,65.400,-0.05,9.8,-0.1,-0.1,9.8,0.0,0.0,-6.1E-4
65.450,-0.03,9.8,-0.2,0.0,9.8,0.0,0.0,6.1E-4,65.450,0.12,9.8,0.1,0.0,9.8,0.0,0.0,0.0,,,,,,,,,,65.450,-0.03,9.9,0.0,0.1,9.9,0.0,0.0,0.0,,,,,,,,,,65.450,-0.06,9.8,-0.1,0.0,9.8,0.0,0.0,6.1E-4
65.500,-0.04,9.8,-0.3,-0.1,9.8,0.0,0.0,6.1E-4,65.500,0.12,9.8,0.1,0.0,9.8,0.0,0.0,6.1E-4,,,,,,,,,,65.500,-0.02,9.9,0.1,0.1,9.9,0.0,0.0,0.0,,,,,,,,,,65.500,-0.05,9.8,0.0,0.0,9.8,0.0,0.0,0.0
65.550,-0.03,9.9,-0.3,0.1,9.9,0.0,0.0,0.0,65.550,0.11,9.9,0.2,0.0,9.9,0.0,0.0,-6.1E-4,,,,,,,,,,65.550,-0.01,9.8,-0.1,0.0,9.8,0.0,0.0,0.0,,,,,,,,,,65.550,-0.06,9.8,-0.1,0.0,9.8,0.0,0.0,-6.1E-4
65.600,-0.04,9.8,-0.2,0.0,9.8,0.0,0.0,0.0,65.600,0.12,9.8,0.1,0.0,9.8,0.0,0.0,6.1E-4,,,,,,,,,,65.600,-0.02,9.8,-0.2,0.1,9.8,0.0,0.0,-6.1E-4,,,,,,,,,,65.600,-0.06,9.9,-0.1,0.0,9.9,0.0,0.0,6.1E-4
65.650,-0.02,9.9,-0.3,0.0,9.9,0.0,0.0,0.0,65.650,0.12,9.8,0.1,0.0,9.8,0.0,0.0,-6.1E-4,,,,,,,,,,65.650,-0.01,9.8,-0.1,0.0,9.8,0.0,0.0,0.0,,,,,,,,,,65.650,-0.06,9.8,-0.1,0.1,9.8,0.0,0.0,0.0
65.700,-0.03,9.8,-0.3,-0.1,9.8,0.0,0.0,6.1E-4,65.700,0.12,9.8,0.1,0.0,9.8,0.0,0.0,6.1E-4,,,,,,,,,,65.700,-0.02,9.8,0.2,0.0,9.8,0.0,0.0,0.0,,,,,,,,,,65.700,-0.06,9.9,1.9E-4,0.0,9.9,0.0,0.0,0.0
65.750,-0.04,9.8,-0.2,0.0,9.8,-1.2E-4,0.0,0.0,65.750,0.11,9.8,0.1,0.0,9.8,0.0,0.0,6.1E-4,,,,,,,,,,65.750,-0.03,9.8,-0.2,0.0,9.8,0.0,0.0,0.0,,,,,,,,,,65.750,-0.06,9.8,-0.1,0.0,9.8,0.0,0.0,-6.1E-4
65.800,-0.05,9.8,-0.3,0.1,9.8,0.0,0.0,0.0,65.800,0.12,9.8,0.1,0.0,9.8,0.0,0.0,-6.1E-4,,,,,,,,,,65.800,-0.02,9.8,-0.1,0.0,9.8,0.0,0.0,6.1E-4,,,,,,,,,,65.800,-0.06,9.8,-0.1,0.0,9.8,0.0,0.0,6.1E-4
65.850,-0.04,9.8,-0.3,0.0,9.8,0.0,0.0,0.0,65.850,0.11,9.8,0.1,0.0,9.8,0.0,0.0,0.0,,,,,,,,,,65.850,-0.02,9.9,0.0,0.0,9.9,0.0,0.0,-6.1E-4,,,,,,,,,,65.850,-0.05,9.8,0.0,0.0,9.8,0.0,0.0,0.0
65.900,-0.03,9.8,-0.1,0.0,9.8,0.0,0.0,0.0,65.900,0.12,9.8,0.0,0.0,9.8,0.0,0.0,-6.1E-4,,,,,,,,,,65.900,-0.02,9.8,0.1,0.0,9.8,0.0,0.0,0.0,,,,,,,,,,65.900,-0.05,9.9,0.0,0.1,9.9,0.0,0.0,-6.1E-4
65.950,-0.04,9.8,-0.2,0.1,9.8,0.0,0.0,0.0,65.950,0.11,9.9,0.2,0.0,9.9,0.0,0.0,-6.1E-4,,,,,,,,,,65.950,-0.03,9.8,-0.1,0.0,9.8,0.0,0.0,0.0,,,,,,,,,,65.950,-0.05,9.8,-0.2,0.0,9.8,0.0,0.0,0.0
66.000,-0.04,9.9,-0.3,0.1,9.9,0.0,0.0,-6.1E-4,66.000,0.11,9.8,0.1,0.0,9.8,0.0,0.0,-6.1E-4,,,,,,,,,,66.000,-0.02,9.8,-0.1,-0.1,9.8,0.0,0.0,0.0,,,,,,,,,,66.000,-0.05,9.8,-0.1,0.0,9.8,0.0,0.0,-6.1E-4
66.050,-0.04,9.8,-0.2,0.0,9.8,0.0,0.0,-6.1E-4,66.050,0.12,9.9,0.2,0.1,9.9,-1.2E-4,0.0,-6.1E-4,,,,,,,,,,66.050,-0.02,9.9,0.0,0.1,9.9,0.0,0.0,0.0,,,,,,,,,,66.050,-0.05,9.8,0.0,-0.1,9.8,0.0,0.0,6.1E-4
66.100,-0.03,9.8,-0.2,0.1,9.8,0.0,0.0,0.0,66.100,0.12,9.8,0.1,-0.1,9.8,0.0,0.0,6.1E-4,,,,,,,,,,66.100,-0.02,9.8,0.0,0.0,9.8,0.0,0.0,6.1E-4,,,,,,,,,,66.100,-0.06,9.8,-0.1,0.1,9.8,0.0,0.0,0.0
66.150,-0.04,9.9,-0.3,0.1,9.9,0.0,0.0,-6.1E-4,66.150,0.12,9.9,0.1,0.1,9.9,0.0,0.0,6.1E-4,,,,,,,,,,66.150,-0.02,9.8,-0.1,0.0,9.8,0.0,0.0,0.0,,,,,,,,,,66.150,-0.05,9.8,-0.1,-0.1,9.8,0.0,0.0,0.0
66.200,-0.03,9.8,-0.1,0.1,9.8,0.0,0.0,0.0,66.200,0.11,9.8,0.1,-0.1,9.8,0.0,0.0,-6.1E-4,,,,,,,,,,66.200,-0.03,9.8,-0.1,0.0,9.8,0.0,0.0,-6.1E-4,,,,,,,,,,66.200,-0.05,9.9,-0.2,0.0,9.9,0.0,0.0,-6.1E-4
66.250,-0.04,9.9,-0.3,0.1,9.9,-1.2E-4,0.0,0.0,66.250,0.12,9.9,0.1,0.1,9.9,0.0,0.0,-6.1E-4,,,,,,,,,,66.250,-0.03,9.9,0.0,0.1,9.9,0.0,0.0,0.0,,,,,,,,,,66.250,-0.05,9.8,0.0,0.0,9.8,-1.2E-4,0.0,0.0
66.300,-0.03,9.8,-0.3,0.0,9.8,0.0,0.0,0.0,66.300,0.12,9.8,0.1,0.0,9.8,0.0,0.0,6.1E-4,,,,,,,,,,66.300,-0.02,9.8,0.1,0.0,9.8,0.0,0.0,0.0,,,,,,,,,,66.300,-0.05,9.8,-0.1,0.1,9.8,0.0,0.0,-6.1E-4
66.350,-0.03,9.8,-0.3,0.1,9.8,0.0,0.0,0.0,66.350,0.12,9.9,0.1,0.1,9.9,0.0,0.0,-6.1E-4,,,,,,,,,,66.350,-0.03,9.8,-0.1,0.0,9.8,0.0,0.0,-6.1E-4,,,,,,,,,,66.350,-0.05,9.8,0.0,0.0,9.8,-1.2E-4,0.0,0.0
66.400,-0.04,9.8,-0.3,0.1,9.8,0.0,-0.1,0.0,66.400,0.11,9.8,0.2,-0.1,9.8,0.0,0.0,0.0,,,,,,,,,,66.400,-0.03,9.8,-0.1,0.0,9.8,0.0,0.0,-6.1E-4,,,,,,,,,,66.400,-0.04,9.9,-0.3,0.0,9.9,0.0,0.0,0.0
66.450,-0.04,9.8,-0.2,0.0,9.8,0.0,0.0,0.0,66.450,0.11,9.9,0.0,0.0,9.9,0.0,0.0,6.1E-4,,,,,,,,,,66.450,-0.03,9.9,0.0,0.0,9.9,0.0,0.0,-6.1E-4,,,,,,,,,,66.450,-0.05,9.8,-0.1,0.0,9.8,0.0,0.0,0.0
66.500,-0.03,9.9,-0.3,0.1,9.9,0.0,-0.1,0.0,66.500,0.12,9.8,0.1,0.0,9.8,0.0,0.0,0.0,,,,,,,,,,66.500,-0.03,9.8,0.1,0.0,9.8,0.0,0.0,6.1E-4,,,,,,,,,,66.500,-0.06,9.9,0.1,0.1,9.9,0.0,0.0,0.0
66.550,-0.03,9.8,-0.2,0.0,9.8,0.0,-0.1,0.0,66.550,0.12,9.8,0.3,0.0,9.8,0.0,0.0,0.0,,,,,,,,,,66.550,-0.02,9.8,-0.2,0.0,9.8,0.0,0.0,-6.1E-4,,,,,,,,,,66.550,-0.06,9.8,-0.2,-0.1,9.8,0.0,0.0,0.0
66.600,-0.03,9.9,-0.3,0.1,9.9,0.0,0.0,0.0,66.600,0.13,9.9,-0.1,0.0,9.9,0.0,0.0,0.0,,,,,,,,,,66.600,-0.02,9.8,-0.1,0.0,9.8,0.0,0.0,6.1E-4,,,,,,,,,,66.600,-0.06,9.8,-0.2,0.0,9.8,0.0,0.0,-6.1E-4
66.650,-0.03,9.8,-0.3,0.0,9.8,0.0,0.0,0.0,66.650,0.12,9.8,0.2,0.0,9.8,0.0,0.0,0.0,,,,,,,,,,66.650,-0.01,9.8,0.0,0.0,9.8,0.0,0.0,-6.1E-4,,,,,,,,,,66.650,-0.06,9.9,0.0,0.1,9.9,0.0,0.0,-6.1E-4
66.700,-0.03,9.9,-0.3,0.1,9.9,0.0,0.0,-6.1E-4,66.700,0.13,9.8,0.1,0.0,9.8,0.0,0.0,0.0,,,,,,,,,,66.700,-0.02,9.9,1.9E-4,0.1,9.9,-1.2E-4,0.0,0.0,,,,,,,,,,66.700,-0.06,9.8,0.0,0.0,9.8,0.0,0.0,-6.1E-4
66.750,-0.03,9.8,-0.2,0.0,9.8,0.0,0.0,0.0,66.750,0.12,9.8,0.1,0.0,9.8,0.0,0.0,0.0,,,,,,,,,,66.750,-0.02,9.8,-0.1,0.0,9.8,0.0,0.0,-6.1E-4,,,,,,,,,,66.750,-0.05,9.8,-0.1,0.0,9.8,0.0,0.0,0.0
66.800,-0.01,9.9,-0.3,0.0,9.9,0.0,0.0,0.0,66.800,0.13,9.9,0.1,0.0,9.9,0.0,0.0,0.0,,,,,,,,,,66.800,-0.02,9.8,-0.1,0.0,9.8,0.0,0.0,-6.1E-4,,,,,,,,,,66.800,-0.06,9.8,-0.3,-0.1,9.8,0.0,0.0,0.0
66.850,-0.01,9.8,-0.4,0.0,9.8,0.0,0.0,-6.1E-4,66.850,0.12,9.9,0.1,0.0,9.9,-1.2E-4,0.0,0.0,,,,,,,,,,66.850,-0.02,9.9,0.0,0.0,9.9,0.0,0.0,0.0,,,,,,,,,,66.850,-0.06,9.9,0.1,0.1,9.9,0.0,0.0,0.0
66.900,-0.02,9.9,-0.1,0.0,9.9,0.0,0.0,0.0,66.900,0.11,9.8,0.0,0.0,9.8,0.0,0.0,0.0,,,,,,,,,,66.900,-0.02,9.8,0.0,0.0,9.8,0.0,0.0,0.0,,,,,,,,,,66.900,-0.06,9.8,-0.1,0.0,9.8,0.0,0.0,-6.1E-4
66.950,-0.02,9.8,-0.2,-0.1,9.8,0.0,0.0,0.0,66.950,0.11,9.8,0.2,-0.1,9.8,0.0,0.0,0.0,,,,,,,,,,66.950,-0.02,9.8,-0.1,0.0,9.8,-1.2E-4,0.0,-6.1E-4,,,,,,,,,,66.950,-0.05,9.8,-0.2,0.0,9.8,0.0,0.0,-6.1E-4
67.000,-0.02,9.9,-0.3,0.0,9.9,0.0,0.0,0.0,67.000,0.12,9.9,0.2,0.1,9.9,-1.2E-4,0.0,0.0,,,,,,,,,,67.000,-0.03,9.8,0.0,0.0,9.8,0.0,0.0,-6.1E-4,,,,,,,,,,67.000,-0.07,9.8,-0.2,0.0,9.8,0.0,0.0,-6.1E-4
67.050,-0.02,9.8,-0.2,0.0,9.8,0.0,0.0,0.0,67.050,0.12,9.8,0.1,0.0,9.8,0.0,0.0,6.1E-4,,,,,,,,,,67.050,-0.01,9.8,0.0,0.0,9.8,0.0,0.0,-6.1E-4,,,,,,,,,,67.050,-0.06,9.9,0.0,0.1,9.9,0.0,0.0,-6.1E-4
67.100,-0.02,9.8,-0.2,0.0,9.8,0.0,0.0,6.1E-4,67.100,0.12,9.9,0.1,0.0,9.9,0.0,0.0,-6.1E-4,,,,,,,,,,67.100,-0.02,9.8,1.9E-4,0.0,9.8,0.0,0.0,6.1E-4,,,,,,,,,,67.100,-0.06,9.8,-0.1,-0.1,9.8,0.0,0.0,6.1E-4
67.150,-0.03,9.9,-0.3,0.0,9.9,0.0,0.0,0.0,67.150,0.12,9.9,0.2,0.0,9.9,0.0,0.0,6.1E-4,,,,,,,,,,67.150,-0.02,9.8,-0.2,0.0,9.8,0.0,0.0,0.0,,,,,,,,,,67.150,-0.07,9.9,0.0,0.1,9.9,0.0,0.0,-6.1E-4
67.200,-0.03,9.8,-0.2,-0.1,9.8,0.0,0.0,0.0,67.200,0.13,9.8,0.0,0.0,9.8,0.0,0.0,-6.1E-4,,,,,,,,,,67.200,-0.02,9.8,-0.1,0.0,9.8,0.0,0.0,0.0,,,,,,,,,,67.200,-0.07,9.8,-0.2,0.0,9.8,0.0,0.0,0.0
67.250,-0.03,9.8,-0.2,0.0,9.8,0.0,0.0,0.0,67.250,0.12,9.8,0.0,0.0,9.8,0.0,0.0,-6.1E-4,,,,,,,,,,67.250,-0.02,9.8,0.0,0.0,9.8,0.0,0.0,-6.1E-4,,,,,,,,,,67.250,-0.07,9.8,0.0,-0.1,9.8,0.0,0.0,6.1E-4
67.300,-0.02,9.8,-0.3,0.0,9.8,0.0,0.0,0.0,67.300,0.13,9.8,0.1,0.0,9.8,0.0,0.0,-6.1E-4,,,,,,,,,,67.300,-0.03,9.8,0.0,0.0,9.8,0.0,0.0,6.1E-4,,,,,,,,,,67.300,-0.08,9.9,-0.1,0.1,9.9,0.0,0.0,-6.1E-4
67.350,-0.03,9.9,-0.4,0.0,9.9,0.0,0.0,0.0,67.350,0.13,9.8,0.1,0.0,9.8,0.0,0.0,6.1E-4,,,,,,,,,,67.350,-0.03,9.8,-0.1,0.0,9.8,0.0,0.0,0.0,,,,,,,,,,67.350,-0.07,9.8,-0.2,0.1,9.8,0.0,0.0,6.1E-4
67.400,-0.02,9.8,-0.4,0.0,9.8,0.0,0.0,0.0,67.400,0.13,9.8,0.1,0.0,9.8,0.0,0.0,-6.1E-4,,,,,,,,,,67.400,-0.02,9.8,0.0,0.0,9.8,0.0,0.0,6.1E-4,,,,,,,,,,67.400,-0.07,9.8,-0.1,-0.1,9.8,0.0,0.0,0.0
67.450,-0.02,9.8,-0.3,-0.1,9.8,0.0,0.0,6.1E-4,67.450,0.13,9.9,0.2,0.1,9.9,0.0,0.0,6.1E-4,,,,,,,,,,67.450,-0.02,9.9,0.0,0.0,9.9,0.0,0.0,-6.1E-4,,,,,,,,,,67.450,-0.07,9.8,0.1,0.1,9.8,0.0,0.0,6.1E-4
67.500,-0.03,9.9,-0.1,0.0,9.9,-0.1,0.0,0.0,67.500,0.13,9.8,0.0,0.0,9.8,0.0,0.0,6.1E-4,,,,,,,,,,67.500,-0.03,9.8,-0.1,0.0,9.8,0.0,0.0,6.1E-4,,,,,,,,,,67.500,-0.06,9.8,-0.2,0.1,9.8,0.0,0.0,0.0
67.550,-0.04,9.8,-0.2,0.0,9.8,0.0,0.0,-6.1E-4,67.550,0.13,9.8,0.1,0.0,9.8,0.0,0.0,-6.1E-4,,,,,,,,,,67.550,-0.03,9.8,-0.1,0.0,9.8,0.0,0.0,-6.1E-4,,,,,,,,,,67.550,-0.07,9.8,0.0,-0.2,9.8,0.0,0.0,0.0
67.600,-0.03,9.8,-0.3,0.0,9.8,0.0,0.0,0.0,67.600,0.12,9.8,0.2,0.0,9.8,0.0,0.0,6.1E-4,,,,,,,,,,67.600,-0.03,9.8,0.0,0.0,9.8,0.0,0.0,-6.1E-4,,,,,,,,,,67.600,-0.05,9.8,-0.2,0.0,9.8,0.0,0.0,0.0
67.650,-0.03,9.8,-0.1,0.1,9.8,0.0,0.0,0.0,67.650,0.13,9.8,0.1,0.0,9.8,0.0,0.0,-6.1E-4,,,,,,,,,,67.650,-0.02,9.9,0.0,0.0,9.9,0.0,0.0,-6.1E-4,,,,,,,,,,67.650,-0.06,9.8,-0.2,0.1,9.8,0.0,0.0,0.0
67.700,-0.04,9.8,-0.3,0.0,9.8,0.0,0.0,0.0,67.700,0.12,9.8,0.1,-0.1,9.8,0.0,0.0,-6.1E-4,,,,,,,,,,67.700,-0.03,9.8,0.0,0.0,9.8,0.0,0.0,6.1E-4,,,,,,,,,,67.700,-0.06,9.9,0.1,-0.1,9.9,0.0,0.0,0.0
67.750,-0.03,9.8,-0.2,0.1,9.8,0.0,0.0,0.0,67.750,0.13,9.8,0.2,0.0,9.8,0.0,0.0,-6.1E-4,,,,,,,,,,67.750,-0.04,9.8,-0.1,0.0,9.8,0.0,0.0,0.0,,,,,,,,,,67.750,-0.06,9.8,0.0,0.0,9.8,0.0,0.0,0.0
67.800,-0.04,9.9,-0.3,0.1,9.9,0.0,0.0,0.0,67.800,0.13,9.9,0.0,0.0,9.9,0.0,0.0,6.1E-4,,,,,,,,,,67.800,-0.04,9.8,-0.1,0.0,9.8,0.0,0.0,-6.1E-4,,,,,,,,,,67.800,-0.05,9.8,-0.4,0.1,9.8,0.0,0.0,0.0
67.850,-0.04,9.8,-0.1,0.0,9.8,0.0,0.0,0.0,67.850,0.13,9.8,0.1,0.0,9.8,0.0,0.0,-6.1E-4,,,,,,,,,,67.850,-0.03,9.8,0.0,0.0,9.8,0.0,0.0,-6.1E-4,,,,,,,,,,67.850,-0.06,9.8,0.1,-0.1,9.8,0.0,0.0,0.0
67.900,-0.03,9.9,-0.4,0.1,9.9,0.0,0.0,0.0,67.900,0.14,9.8,0.1,0.0,9.8,-1.2E-4,0.0,-6.1E-4,,,,,,,,,,67.900,-0.03,9.8,-0.1,0.0,9.8,-1.2E-4,0.0,0.0,,,,,,,,,,67.900,-0.07,9.8,0.1,0.1,9.8,0.0,0.0,-6.1E-4
67.950,-0.04,9.8,-0.3,0.1,9.8,0.0,0.0,0.0,67.950,0.14,9.8,0.0,0.0,9.8,0.0,0.0,-6.1E-4,,,,,,,,,,67.950,-0.02,9.8,-0.1,0.0,9.8,0.0,0.0,0.0,,,,,,,,,,67.950,-0.06,9.8,-0.3,0.1,9.8,0.0,0.0,0.0
68.000,-0.04,9.8,-0.2,0.0,9.8,0.0,0.0,0.0,68.000,0.15,9.9,0.2,0.0,9.9,0.0,0.0,6.1E-4,,,,,,,,,,68.000,-0.04,9.8,0.0,0.0,9.8,0.0,0.0,0.0,,,,,,,,,,68.000,-0.06,9.8,-0.1,-0.1,9.8,0.0,0.0,0.0
68.050,-0.04,9.8,-0.4,0.1,9.8,0.0,0.0,6.1E-4,68.050,0.14,9.8,0.1,-0.1,9.8,0.0,0.0,0.0,,,,,,,,,,68.050,-0.03,9.9,0.0,0.0,9.9,0.0,0.0,-6.1E-4,,,,,,,,,,68.050,-0.05,9.8,0.1,0.0,9.8,0.0,0.0,0.0
68.100,-0.04,9.9,-0.1,0.1,9.9,-0.1,0.0,-6.1E-4,68.100,0.14,9.8,0.0,0.1,9.8,0.0,0.0,-6.1E-4,,,,,,,,,,68.100,-0.02,9.8,-0.1,0.0,9.8,0.0,0.0,6.1E-4,,,,,,,,,,68.100,-0.05,9.9,-0.3,0.2,9.9,0.0,0.0,0.0
68.150,-0.04,9.8,-0.2,0.0,9.8,0.0,0.0,0.0,68.150,0.14,9.8,0.1,-0.1,9.8,0.0,0.0,0.0,,,,,,,,,,68.150,-0.02,9.8,-0.1,0.0,9.8,0.0,0.0,0.0,,,,,,,,,,68.150,-0.06,9.8,0.1,-0.1,9.8,0.0,0.0,0.0
68.200,-0.02,9.9,-0.1,0.1,9.9,0.0,-0.1,0.0,68.200,0.14,9.8,0.1,0.0,9.8,0.0,0.0,0.0,,,,,,,,,,68.200,-0.02,9.9,0.0,0.0,9.9,0.0,0.0,-6.1E-4,,,,,,,,,,68.200,-0.06,9.8,1.9E-4,0.0,9.8,0.0,0.0,6.1E-4
68.250,-0.02,9.8,-0.2,0.0,9.8,0.0,-0.1,0.0,68.250,0.14,9.8,0.1,0.0,9.8,0.0,0.0,0.0,,,,,,,,,,68.250,-0.02,9.8,0.0,0.0,9.8,0.0,0.0,-6.1E-4,,,,,,,,,,68.250,-0.06,9.8,-0.4,0.1,9.8,0.0,0.0,0.0
68.300,-0.02,9.8,-0.4,0.0,9.8,0.0,0.0,0.0,68.300,0.13,9.9,0.2,0.0,9.9,0.0,0.0,-6.1E-4,,,,,,,,,,68.300,-0.03,9.8,-0.1,0.0,9.8,0.0,0.0,-6.1E-4,,,,,,,,,,68.300,-0.05,9.8,0.1,-0.1,9.8,0.0,0.0,-6.1E-4
68.350,-0.02,9.8,-0.4,0.0,9.8,-0.1,0.0,0.0,68.350,0.14,9.9,0.1,0.1,9.9,0.0,0.0,6.1E-4,,,,,,,,,,68.350,-0.02,9.8,-0.1,0.0,9.8,0.0,0.0,-6.1E-4,,,,,,,,,,68.350,-0.07,9.8,0.1,0.0,9.8,0.0,0.0,6.1E-4
68.400,-0.02,9.8,-0.1,0.0,9.8,0.0,0.0,0.0,68.400,0.14,9.9,0.0,0.0,9.9,0.0,0.0,6.1E-4,,,,,,,,,,68.400,-0.01,9.9,0.0,0.0,9.9,0.0,0.0,-6.1E-4,,,,,,,,,,68.400,-0.07,9.8,-0.4,0.1,9.8,0.0,0.0,0.0
68.450,-0.03,9.8,-0.2,0.0,9.8,0.0,0.0,-6.1E-4,68.450,0.12,9.8,0.1,0.0,9.8,0.0,0.0,6.1E-4,,,,,,,,,,68.450,-0.02,9.8,0.0,0.0,9.8,0.0,0.0,6.1E-4,,,,,,,,,,68.450,-0.06,9.8,0.0,0.0,9.8,0.0,0.0,6.1E-4
68.500,-0.02,9.8,-0.2,0.0,9.8,0.0,0.0,6.1E-4,68.500,0.13,9.9,0.2,0.0,9.9,0.0,0.0,0.0,,,,,,,,,,68.500,0.00,9.8,-0.1,0.0,9.8,0.0,0.0,-6.1E-4,,,,,,,,,,68.500,-0.05,9.8,0.1,-0.1,9.8,0.0,0.0,0.0
68.550,-0.03,9.8,-0.2,0.0,9.8,0.0,0.0,-6.1E-4,68.550,0.13,9.8,0.1,0.0,9.8,0.0,0.0,0.0,,,,,,,,,,68.550,-0.02,9.8,-0.1,0.0,9.8,0.0,0.0,0.0,,,,,,,,,,68.550,-0.05,9.8,-0.3,0.1,9.8,0.0,0.0,0.0
68.600,-0.03,9.8,-0.2,-0.1,9.8,0.0,0.0,0.0,68.600,0.12,9.8,0.1,0.0,9.8,0.0,0.0,6.1E-4,,,,,,,,,,68.600,-0.02,9.8,0.0,0.0,9.8,0.0,0.0,-6.1E-4,,,,,,,,,,68.600,-0.06,9.8,-0.1,0.0,9.8,0.0,0.0,-6.1E-4
68.650,-0.04,9.8,-0.2,0.0,9.8,0.0,0.0,0.0,68.650,0.14,9.8,0.2,0.0,9.8,0.0,0.0,-6.1E-4,,,,,,,,,,68.650,-0.02,9.9,0.0,0.0,9.9,0.0,0.0,-6.1E-4,,,,,,,,,,68.650,-0.05,9.8,0.1,0.0,9.8,0.0,0.0,0.0
68.700,-0.03,9.8,-0.3,0.0,9.8,0.0,0.0,0.0,68.700,0.15,9.8,0.1,0.0,9.8,0.0,0.0,0.0,,,,,,,,,,68.700,-0.04,9.8,-0.1,0.0,9.8,0.0,0.0,-6.1E-4,,,,,,,,,,68.700,-0.06,9.8,-0.1,0.1,9.8,0.0,0.0,-6.1E-4
68.750,-0.03,9.8,-0.3,0.0,9.9,0.0,0.0,0.0,68.750,0.13,9.9,0.0,0.1,9.9,0.0,0.0,0.0,,,,,,,,,,68.750,-0.03,9.8,-0.1,0.0,9.8,0.0,0.0,0.0,,,,,,,,,,68.750,-0.07,9.8,-0.2,0.0,9.8,0.0,0.0,0.0
68.800,-0.03,9.8,-0.2,-0.1,9.8,0.0,0.0,-6.1E-4,68.800,0.13,9.8,0.2,-0.1,9.8,0.0,0.0,6.1E-4,,,,,,,,,,68.800,-0.03,9.8,0.0,0.0,9.8,0.0,0.0,6.1E-4,,,,,,,,,,68.800,-0.07,9.8,0.0,-0.1,9.8,0.0,0.0,0.0
68.850,-0.05,9.9,-0.2,0.0,9.9,0.1,0.0,0.0,68.850,0.14,9.8,0.1,0.0,9.8,0.0,0.0,0.0,,,,,,,,,,68.850,-0.03,9.9,0.0,0.1,9.9,0.0,0.0,6.1E-4,,,,,,,,,,68.850,-0.05,9.8,-0.1,0.1,9.8,0.0,0.0,-6.1E-4
68.900,-0.05,9.8,-0.4,-0.1,9.8,0.0,0.0,0.0,68.900,0.13,9.8,0.1,0.0,9.8,0.0,0.0,6.1E-4,,,,,,,,,,68.900,-0.02,9.8,-0.1,0.0,9.8,0.0,0.0,0.0,,,,,,,,,,68.900,-0.06,9.8,-0.1,0.0,9.8,0.0,0.0,-6.1E-4
68.950,-0.04,9.9,-0.3,0.0,9.9,0.0,0.0,0.0,68.950,0.12,9.8,0.1,0.0,9.8,0.0,0.0,-6.1E-4,,,,,,,,,,68.950,-0.01,9.8,-0.1,0.0,9.8,0.0,0.0,0.0,,,,,,,,,,68.950,-0.06,9.9,0.0,0.0,9.9,0.0,0.0,0.0
69.000,-0.03,9.8,-0.2,-0.1,9.8,0.0,0.0,-6.1E-4,69.000,0.13,9.8,0.1,-0.1,9.8,0.0,0.0,0.0,,,,,,,,,,69.000,-0.02,9.8,0.0,0.0,9.8,0.0,0.0,0.0,,,,,,,,,,69.000,-0.05,9.8,-0.2,0.1,9.8,0.0,0.0,0.0
69.050,-0.03,9.9,-0.2,0.0,9.9,-1.2E-4,0.0,0.0,69.050,0.13,9.8,0.0,0.1,9.8,-1.2E-4,0.0,0.0,,,,,,,,,,69.050,-0.04,9.9,0.0,0.0,9.9,0.0,0.0,0.0,,,,,,,,,,69.050,-0.07,9.8,-0.1,0.0,9.8,0.0,0.0,-6.1E-4
69.100,-0.03,9.8,-0.3,-0.1,9.8,0.0,0.0,0.0,69.100,0.12,9.9,0.3,-0.1,9.9,0.0,0.0,0.0,,,,,,,,,,69.100,-0.03,9.8,-0.1,0.0,9.8,0.0,0.0,0.0,,,,,,,,,,69.100,-0.06,9.8,0.1,-0.1,9.8,0.0,0.0,0.0
69.150,-0.03,9.9,-0.3,0.0,9.9,0.0,0.0,-6.1E-4,69.150,0.12,9.8,0.1,0.0,9.8,0.0,0.0,-6.1E-4,,,,,,,,,,69.150,-0.03,9.8,-0.1,0.0,9.8,0.0,0.0,6.1E-4,,,,,,,,,,69.150,-0.05,9.8,-0.1,0.1,9.8,0.0,0.0,0.0
69.200,-0.04,9.8,-0.2,-0.1,9.8,0.0,0.0,0.0,69.200,0.13,9.8,0.1,-0.1,9.8,0.0,0.0,0.0,,,,,,,,,,69.200,-0.03,9.9,0.0,0.1,9.9,0.0,0.0,-6.1E-4,,,,,,,,,,69.200,-0.05,9.8,-0.1,0.1,9.8,0.0,0.0,-6.1E-4
69.250,-0.03,9.9,-0.2,0.0,9.9,-1.2E-4,0.0,0.0,69.250,0.12,9.9,0.1,0.0,9.9,0.0,0.0,0.0,,,,,,,,,,69.250,-0.02,9.8,0.0,-0.1,9.8,0.0,0.0,-6.1E-4,,,,,,,,,,69.250,-0.06,9.8,0.0,-0.1,9.8,-1.2E-4,0.0,-6.1E-4
69.300,-0.04,9.8,-0.3,-0.1,9.8,-1.2E-4,0.0,0.0,69.300,0.13,9.8,0.2,0.0,9.8,0.0,0.0,0.0,,,,,,,,,,69.300,-0.02,9.8,-0.1,0.0,9.8,0.0,0.0,-6.1E-4,,,,,,,,,,69.300,-0.06,9.8,-0.2,0.0,9.8,0.0,0.0,0.0
69.350,-0.03,9.8,-0.2,0.0,9.8,0.0,0.0,0.0,69.350,0.12,9.8,0.0,0.0,9.8,-1.2E-4,0.0,0.0,,,,,,,,,,69.350,-0.03,9.8,-0.1,0.0,9.8,0.0,0.0,0.0,,,,,,,,,,69.350,-0.06,9.8,-0.2,0.1,9.8,0.0,0.0,0.0
69.400,-0.03,9.9,-0.3,0.0,9.9,-1.2E-4,0.0,0.0,69.400,0.13,9.8,0.1,0.0,9.8,0.0,0.0,6.1E-4,,,,,,,,,,69.400,-0.02,9.8,0.2,0.0,9.8,0.0,0.0,6.1E-4,,,,,,,,,,69.400,-0.06,9.8,0.1,0.0,9.8,0.0,0.0,6.1E-4
69.450,-0.04,9.8,-0.4,0.0,9.8,0.0,0.0,-6.1E-4,69.450,0.13,9.8,0.2,-0.1,9.8,0.0,0.0,0.0,,,,,,,,,,69.450,-0.01,9.9,-0.1,0.0,9.9,0.0,0.0,6.1E-4,,,,,,,,,,69.450,-0.05,9.8,-0.1,0.0,9.8,0.0,0.0,0.0
69.500,-0.03,9.8,-0.3,0.0,9.8,0.0,0.0,-6.1E-4,69.500,0.13,9.9,0.0,0.0,9.9,0.0,0.0,6.1E-4,,,,,,,,,,69.500,-0.02,9.8,-0.1,0.0,9.8,-1.2E-4,0.0,0.0,,,,,,,,,,69.500,-0.06,9.8,-0.2,0.1,9.8,0.0,0.0,0.0
69.550,-0.03,9.8,-0.4,0.0,9.8,0.0,0.0,0.0,69.550,0.12,9.8,0.1,0.0,9.8,0.0,0.0,0.0,,,,,,,,,,69.550,-0.02,9.9,0.0,0.0,9.9,0.0,0.0,0.0,,,,,,,,,,69.550,-0.06,9.8,0.0,0.0,9.8,0.0,0.0,0.0
69.600,-0.03,9.9,-0.2,0.0,9.9,-0.1,0.0,0.0,69.600,0.12,9.8,0.1,-0.1,9.8,-1.2E-4,0.0,0.0,,,,,,,,,,69.600,-0.02,9.8,0.1,0.0,9.8,0.0,0.0,0.0,,,,,,,,,,69.600,-0.07,9.8,0.0,0.0,9.8,0.0,0.0,6.1E-4
69.650,-0.04,9.8,-0.2,-0.1,9.8,0.0,0.0,0.0,69.650,0.11,9.8,0.1,0.0,9.8,0.0,0.0,-6.1E-4,,,,,,,,,,69.650,-0.02,9.8,-0.1,0.0,9.8,0.0,0.0,-6.1E-4,,,,,,,,,,69.650,-0.07,9.8,-0.2,0.0,9.8,0.0,0.0,6.1E-4
69.700,-0.03,9.8,-0.2,0.0,9.8,0.0,0.0,0.0,69.700,0.12,9.8,0.1,-0.1,9.8,0.0,0.0,6.1E-4,,,,,,,,,,69.700,-0.02,9.8,-0.1,0.0,9.8,0.0,0.0,-6.1E-4,,,,,,,,,,69.700,-0.07,9.8,-0.2,0.0,9.8,0.0,0.0,0.0
69.750,-0.03,9.8,-0.2,-0.1,9.8,0.0,0.0,0.0,69.750,0.11,9.8,0.1,0.0,9.8,-1.2E-4,0.0,0.0,,,,,,,,,,69.750,-0.01,9.8,0.1,0.0,9.8,0.0,0.0,6.1E-4,,,,,,,,,,69.750,-0.07,9.8,0.1,0.0,9.8,0.0,0.0,0.0
69.800,-0.03,9.8,-0.1,0.0,9.8,0.0,0.0,0.0,69.800,0.11,9.8,0.1,0.0,9.8,0.0,0.0,0.0,,,,,,,,,,69.800,-0.01,9.8,0.0,0.0,9.8,0.0,0.0,-6.1E-4,,,,,,,,,,69.800,-0.06,9.9,-0.1,0.1,9.9,0.0,0.0,6.1E-4
69.850,-0.03,9.8,-0.4,-0.1,9.8,0.0,0.0,0.0,69.850,0.11,9.8,0.0,0.0,9.8,0.0,0.0,0.0,,,,,,,,,,69.850,0.01,9.8,-0.1,-0.1,9.8,0.0,0.0,-6.1E-4,,,,,,,,,,69.850,-0.05,9.8,-0.1,0.0,9.8,0.0,0.0,-6.1E-4
69.900,-0.03,9.8,-0.3,0.0,9.8,0.0,0.0,0.0,69.900,0.11,9.8,0.1,0.0,9.8,0.0,0.0,-6.1E-4,,,,,,,,,,69.900,-0.01,9.8,0.0,0.0,9.8,0.0,0.0,-6.1E-4,,,,,,,,,,69.900,-0.06,9.8,0.0,-0.1,9.8,0.0,0.0,6.1E-4
69.950,-0.03,9.8,0.0,-0.1,9.8,0.0,0.0,0.0,69.950,0.11,9.8,0.1,0.0,9.8,0.0,0.0,0.0,,,,,,,,,,69.950,-0.02,9.8,0.0,0.0,9.8,0.0,0.0,0.0,,,,,,,,,,69.950,-0.06,9.9,-0.1,0.1,9.9,0.0,0.0,-6.1E-4
70.000,-0.03,9.9,-0.2,0.0,9.9,0.0,0.0,0.0,70.000,0.12,9.8,0.1,0.0,9.8,0.0,0.0,0.0,,,,,,,,,,70.000,-0.02,9.9,0.0,0.0,9.9,0.0,0.0,-6.1E-4,,,,,,,,,,70.000,-0.05,9.8,-0.1,0.0,9.8,0.0,0.0,6.1E-4
70.050,-0.04,9.8,-0.2,0.0,9.8,0.0,0.0,0.0,70.050,0.12,9.8,0.0,0.0,9.8,0.0,0.0,0.0,,,,,,,,,,70.050,-0.03,9.8,-0.1,0.0,9.8,0.0,0.0,6.1E-4,,,,,,,,,,70.050,-0.06,9.8,0.0,-0.1,9.8,0.0,0.0,6.1E-4
70.100,-0.05,9.9,-0.2,0.1,9.9,0.0,0.0,0.0,70.100,0.12,9.8,0.1,0.0,9.8,0.0,0.0,6.1E-4,,,,,,,,,,70.100,-0.01,9.8,-0.1,0.0,9.8,0.0,0.0,0.0,,,,,,,,,,70.100,-0.05,9.8,-0.1,0.1,9.8,0.0,0.0,0.0
70.150,-0.04,9.8,-0.1,-0.1,9.8,0.0,0.0,0.0,70.150,0.12,9.8,0.1,0.0,9.8,0.0,0.0,6.1E-4,,,,,,,,,,70.150,-0.03,9.8,0.0,0.0,9.8,0.0,0.0,6.1E-4,,,,,,,,,,70.150,-0.05,9.8,0.0,0.1,9.8,0.0,0.0,-6.1E-4
70.200,-0.03,9.9,-0.3,0.1,9.9,0.0,0.0,0.0,70.200,0.12,9.8,0.1,0.0,9.8,-1.2E-4,0.0,0.0,,,,,,,,,,70.200,-0.01,9.9,0.0,0.0,9.9,0.0,0.0,-6.1E-4,,,,,,,,,,70.200,-0.05,9.9,0.0,0.0,9.9,0.0,0.0,6.1E-4
70.250,-0.02,9.8,-0.2,-0.1,9.8,0.0,0.0,0.0,70.250,0.12,9.8,0.1,-0.1,9.8,-1.2E-4,0.0,-6.1E-4,,,,,,,,,,70.250,-0.02,9.8,-0.1,0.0,9.8,0.0,0.0,6.1E-4,,,,,,,,,,70.250,-0.06,9.8,-0.1,0.0,9.8,0.0,0.0,6.1E-4
70.300,-0.03,9.9,-0.4,0.1,9.9,0.0,0.0,0.0,70.300,0.13,9.8,0.0,0.0,9.8,0.0,0.0,0.0,,,,,,,,,,70.300,-0.02,9.8,0.0,0.0,9.8,0.0,0.0,0.0,,,,,,,,,,70.300,-0.06,9.8,-0.2,0.0,9.8,0.0,0.0,-6.1E-4
70.350,-0.03,9.7,-0.2,-0.1,9.7,0.0,0.0,-6.1E-4,70.350,0.12,9.9,0.1,0.0,9.9,0.0,0.0,0.0,,,,,,,,,,70.350,-0.01,9.9,0.0,0.0,9.9,0.0,0.0,0.0,,,,,,,,,,70.350,-0.04,9.9,0.0,0.0,9.9,0.0,0.0,-6.1E-4
70.400,-0.03,9.9,-0.1,0.0,9.9,0.0,0.0,0.0,70.400,0.12,9.8,0.0,0.0,9.8,0.0,0.0,0.0,,,,,,,,,,70.400,-0.02,9.8,0.0,0.1,9.8,0.0,0.0,0.0,,,,,,,,,,70.400,-0.06,9.9,0.0,0.1,9.9,0.0,0.0,6.1E-4
70.450,-0.04,9.8,-0.2,0.0,9.8,0.0,0.0,-6.1E-4,70.450,0.14,9.9,0.2,0.0,9.9,0.0,0.0,-6.1E-4,,,,,,,,,,70.450,-0.02,9.8,-0.1,-0.1,9.8,0.0,0.0,6.1E-4,,,,,,,,,,70.450,-0.05,9.8,-0.2,0.0,9.8,0.0,0.0,-6.1E-4
70.500,-0.04,9.7,-0.2,-0.1,9.7,0.0,0.0,0.0,70.500,0.13,9.9,0.0,0.0,9.9,0.0,0.0,0.0,,,,,,,,,,70.500,-0.02,9.9,0.0,0.0,9.9,0.0,0.0,-6.1E-4,,,,,,,,,,70.500,-0.05,9.8,-0.1,0.0,9.8,0.0,0.0,6.1E-4
70.550,-0.03,9.9,-0.1,0.0,9.9,0.0,0.0,0.0,70.550,0.14,9.8,0.2,0.0,9.8,0.0,0.0,0.0,,,,,,,,,,70.550,-0.02,9.8,0.0,0.1,9.8,0.0,0.0,0.0,,,,,,,,,,70.550,-0.05,9.9,0.0,0.1,9.9,0.0,0.0,6.1E-4
70.600,-0.03,9.7,-0.2,-0.1,9.7,0.0,0.0,0.0,70.600,0.14,9.8,0.1,0.0,9.8,0.0,0.0,0.0,,,,,,,,,,70.600,-0.03,9.9,0.0,0.0,9.9,0.0,0.0,6.1E-4,,,,,,,,,,70.600,-0.04,9.8,-0.1,0.0,9.8,0.0,0.0,6.1E-4
70.650,-0.03,9.9,-0.3,0.0,9.9,0.0,0.0,0.0,70.650,0.13,9.8,0.0,0.0,9.8,0.0,0.0,-6.1E-4,,,,,,,,,,70.650,-0.01,9.8,-0.1,0.0,9.8,0.0,0.0,-6.1E-4,,,,,,,,,,70.650,-0.05,9.8,0.0,-0.1,9.8,0.0,0.0,-6.1E-4
70.700,-0.03,9.8,-0.2,-0.1,9.8,0.0,0.0,0.0,70.700,0.14,9.8,0.2,0.0,9.8,-1.2E-4,0.0,-6.1E-4,,,,,,,,,,70.700,-0.03,9.8,0.0,0.1,9.8,0.0,0.0,-6.1E-4,,,,,,,,,,70.700,-0.04,9.8,-0.1,0.0,9.8,-1.2E-4,0.0,-6.1E-4
70.750,-0.03,9.8,-0.2,0.0,9.8,0.0,0.0,0.0,70.750,0.14,9.9,0.0,0.0,9.9,0.0,0.0,6.1E-4,,,,,,,,,,70.750,-0.02,9.8,-0.1,0.0,9.8,0.0,0.0,6.1E-4,,,,,,,,,,70.750,-0.05,9.8,0.0,0.0,9.8,0.0,0.0,-6.1E-4
70.800,-0.02,9.8,-0.3,-0.1,9.8,0.0,0.0,0.0,70.800,0.12,9.8,0.1,0.0,9.8,0.0,0.0,0.0,,,,,,,,,,70.800,-0.04,9.8,0.0,0.0,9.8,0.0,0.0,-6.1E-4,,,,,,,,,,70.800,-0.05,9.9,0.0,0.0,9.9,0.0,0.0,6.1E-4
70.850,-0.03,9.8,-0.3,0.0,9.8,0.0,0.0,0.0,70.850,0.14,9.8,0.1,0.0,9.8,0.0,0.0,6.1E-4,,,,,,,,,,70.850,-0.02,9.8,-0.1,0.0,9.8,0.0,0.0,-6.1E-4,,,,,,,,,,70.850,-0.05,9.8,-0.1,0.0,9.8,0.0,0.0,-6.1E-4
70.900,-0.04,9.8,-0.3,-0.1,9.8,0.0,0.0,0.0,70.900,0.13,9.8,0.0,0.0,9.8,0.0,0.0,0.0,,,,,,,,,,70.900,-0.03,9.8,0.0,0.0,9.8,0.0,0.0,0.0,,,,,,,,,,70.900,-0.05,9.8,-0.1,0.0,9.8,0.0,0.0,-6.1E-4
70.950,-0.04,9.8,-0.3,0.0,9.8,0.0,0.0,0.0,70.950,0.13,9.8,0.2,-0.1,9.8,-1.2E-4,0.0,6.1E-4,,,,,,,,,,70.950,-0.03,9.9,0.0,0.0,9.9,0.0,0.0,-6.1E-4,,,,,,,,,,70.950,-0.07,9.8,0.0,0.0,9.8,0.0,0.0,6.1E-4
71.000,-0.04,9.8,-0.1,-0.1,9.8,0.0,0.0,-6.1E-4,71.000,0.13,9.8,-0.1,0.0,9.8,0.0,0.0,0.0,,,,,,,,,,71.000,-0.02,9.8,0.0,0.0,9.8,0.0,0.0,-6.1E-4,,,,,,,,,,71.000,-0.05,9.9,0.0,0.0,9.9,0.0,0.0,6.1E-4
71.050,-0.04,9.8,-0.2,0.0,9.8,0.0,0.0,0.0,71.050,0.13,9.8,0.1,0.0,9.8,0.0,0.0,-6.1E-4,,,,,,,,,,71.050,-0.04,9.8,-0.1,0.0,9.8,0.0,0.0,6.1E-4,,,,,,,,,,71.050,-0.05,9.9,-0.1,0.0,9.9,0.0,0.0,0.0
71.100,-0.03,9.8,-0.2,-0.1,9.8,0.0,0.0,0.0,71.100,0.14,9.8,0.1,0.0,9.8,0.0,0.0,0.0,,,,,,,,,,71.100,-0.03,9.9,0.0,0.0,9.9,0.0,0.0,-6.1E-4,,,,,,,,,,71.100,-0.06,9.8,-0.1,0.0,9.8,0.0,0.0,-6.1E-4
71.150,-0.02,9.9,-0.3,0.0,9.9,0.0,0.0,0.0,71.150,0.13,9.8,0.1,0.0,9.8,0.0,0.0,0.0,,,,,,,,,,71.150,-0.04,9.8,0.0,0.0,9.8,0.0,0.0,0.0,,,,,,,,,,71.150,-0.05,9.9,0.0,0.0,9.9,0.0,0.0,6.1E-4
71.200,-0.01,9.8,-0.3,-0.1,9.8,0.0,0.0,0.0,71.200,0.13,9.8,0.0,0.0,9.8,0.0,0.0,0.0,,,,,,,,,,71.200,-0.02,9.8,-0.1,0.0,9.8,0.0,0.0,-6.1E-4,,,,,,,,,,71.200,-0.05,9.8,-0.1,0.0,9.8,0.0,0.0,-6.1E-4
71.250,-0.03,9.9,-0.3,0.0,9.9,0.0,0.0,-6.1E-4,71.250,0.14,9.9,0.1,0.0,9.9,0.0,0.0,0.0,,,,,,,,,,71.250,-0.04,9.8,0.0,-0.1,9.8,0.0,0.0,-6.1E-4,,,,,,,,,,71.250,-0.06,9.8,-0.2,0.0,9.8,0.0,0.0,-6.1E-4
71.300,-0.04,9.8,-0.3,-0.1,9.8,0.0,0.0,-6.1E-4,71.300,0.14,9.8,0.1,0.0,9.8,0.0,0.0,0.0,,,,,,,,,,71.300,-0.03,9.9,0.0,0.0,9.9,0.0,0.0,0.0,,,,,,,,,,71.300,-0.04,9.8,-0.1,0.0,9.8,0.0,0.0,-6.1E-4
71.350,-0.04,9.8,-0.2,0.0,9.8,0.0,0.0,-6.1E-4,71.350,0.14,9.8,0.1,0.0,9.8,0.0,0.0,6.1E-4,,,,,,,,,,71.350,-0.03,9.8,-0.1,0.0,9.8,0.0,0.0,0.0,,,,,,,,,,71.350,-0.04,9.8,0.0,0.0,9.8,0.0,0.0,6.1E-4
71.400,-0.05,9.8,-0.3,-0.1,9.9,0.0,0.0,0.0,71.400,0.14,9.8,-0.1,0.0,9.8,0.0,0.0,0.0,,,,,,,,,,71.400,-0.03,9.8,0.0,0.0,9.8,0.0,0.0,6.1E-4,,,,,,,,,,71.400,-0.04,9.8,-0.1,0.0,9.8,0.0,0.0,6.1E-4
71.450,-0.04,9.8,-0.3,-0.1,9.8,0.0,0.0,6.1E-4,71.450,0.14,9.9,0.2,0.0,9.9,0.0,0.0,-6.1E-4,,,,,,,,,,71.450,-0.04,9.8,-0.1,0.0,9.8,0.0,0.0,-6.1E-4,,,,,,,,,,71.450,-0.04,9.8,-0.1,0.0,9.8,0.0,0.0,6.1E-4
71.500,-0.04,9.9,-0.3,0.0,9.9,0.0,0.0,0.0,71.500,0.14,9.8,0.1,0.0,9.8,0.0,0.0,6.1E-4,,,,,,,,,,71.500,-0.05,9.8,0.0,0.0,9.8,0.0,0.0,-6.1E-4,,,,,,,,,,71.500,-0.04,9.8,-0.1,0.0,9.8,0.0,0.0,0.0
71.550,-0.03,9.8,-0.3,0.0,9.8,0.0,0.0,-6.1E-4,71.550,0.14,9.8,0.1,0.0,9.8,0.0,0.0,0.0,,,,,,,,,,71.550,-0.03,9.8,0.0,0.0,9.8,0.0,0.0,6.1E-4,,,,,,,,,,71.550,-0.04,9.8,0.0,0.0,9.8,0.0,0.0,6.1E-4
71.600,-0.02,9.8,-0.4,0.0,9.8,0.0,0.0,0.0,71.600,0.14,9.8,0.1,0.0,9.8,0.0,0.0,-6.1E-4,,,,,,,,,,71.600,-0.04,9.9,0.0,0.0,9.9,0.0,0.0,-6.1E-4,,,,,,,,,,71.600,-0.05,9.8,-0.1,0.0,9.8,0.0,0.0,6.1E-4
71.650,-0.03,9.8,0.0,0.0,9.8,-0.1,0.0,0.0,71.650,0.13,9.8,0.1,0.0,9.8,0.0,0.0,-6.1E-4,,,,,,,,,,71.650,-0.03,9.8,-0.1,0.0,9.8,0.0,0.0,-6.1E-4,,,,,,,,,,71.650,-0.05,9.8,-0.1,0.0,9.8,0.0,0.0,6.1E-4
71.700,-0.03,9.8,-0.3,-0.1,9.8,0.0,0.0,6.1E-4,71.700,0.14,9.8,0.1,0.0,9.8,-1.2E-4,0.0,6.1E-4,,,,,,,,,,71.700,-0.02,9.8,0.0,0.0,9.8,0.0,0.0,-6.1E-4,,,,,,,,,,71.700,-0.04,9.8,-0.1,0.0,9.8,0.0,0.0,-6.1E-4
71.750,-0.03,9.8,-0.3,0.0,9.8,0.0,0.0,0.0,71.750,0.14,9.8,0.0,0.0,9.8,0.0,0.0,0.0,,,,,,,,,,71.750,-0.02,9.9,0.0,0.0,9.9,0.0,0.0,6.1E-4,,,,,,,,,,71.750,-0.05,9.9,1.9E-4,0.0,9.9,0.0,0.0,0.0
71.800,-0.03,9.7,-0.1,-0.1,9.7,0.0,0.0,0.0,71.800,0.12,9.8,0.1,-0.1,9.8,0.0,0.0,-6.1E-4,,,,,,,,,,71.800,-0.02,9.8,-0.1,0.0,9.8,0.0,0.0,-6.1E-4,,,,,,,,,,71.800,-0.05,9.8,-0.1,0.0,9.8,0.0,0.0,-6.1E-4
71.850,-0.03,9.9,-0.2,0.0,9.9,0.0,0.0,0.0,71.850,0.14,9.8,0.1,0.0,9.8,0.0,0.0,6.1E-4,,,,,,,,,,71.850,-0.02,9.8,-0.1,0.0,9.8,0.0,0.0,-6.1E-4,,,,,,,,,,71.850,-0.05,9.8,-0.1,0.0,9.8,0.0,0.0,0.0
71.900,-0.04,9.8,-0.2,-0.1,9.8,0.0,0.0,0.0,71.900,0.14,9.8,0.1,0.0,9.8,0.0,0.0,0.0,,,,,,,,,,71.900,-0.03,9.9,0.0,0.0,9.9,0.0,0.0,6.1E-4,,,,,,,,,,71.900,-0.04,9.8,-0.1,0.0,9.8,0.0,0.0,-6.1E-4
71.950,-0.05,9.9,-0.2,-0.1,9.9,0.0,0.0,0.0,71.950,0.15,9.8,0.0,0.0,9.8,0.0,0.0,0.0,,,,,,,,,,71.950,-0.02,9.8,-0.1,0.0,9.8,0.0,0.0,-6.1E-4,,,,,,,,,,71.950,-0.05,9.9,1.9E-4,0.1,9.9,0.0,0.0,6.1E-4
72.000,-0.04,9.9,-0.3,0.0,9.9,0.0,0.0,0.0,72.000,0.14,9.8,0.1,0.0,9.8,0.0,0.0,6.1E-4,,,,,,,,,,72.000,-0.01,9.8,0.0,0.0,9.8,0.0,0.0,-6.1E-4,,,,,,,,,,72.000,-0.05,9.8,-0.1,0.0,9.8,-1.2E-4,0.0,-6.1E-4
72.050,-0.03,9.8,-0.2,-0.1,9.8,0.0,0.0,0.0,72.050,0.15,9.8,0.1,0.0,9.8,0.0,0.0,-6.1E-4,,,,,,,,,,72.050,-0.03,9.8,-0.1,0.0,9.8,0.0,0.0,-6.1E-4,,,,,,,,,,72.050,-0.05,9.8,-0.1,0.0,9.8,0.0,0.0,6.1E-4
72.100,-0.02,9.8,-0.2,0.0,9.8,0.0,0.0,0.0,72.100,0.15,9.8,0.1,0.0,9.8,0.0,0.0,0.0,,,,,,,,,,72.100,-0.02,9.9,1.9E-4,0.1,9.9,0.0,0.0,-6.1E-4,,,,,,,,,,72.100,-0.05,9.8,0.0,0.0,9.8,0.0,0.0,6.1E-4
72.150,-0.05,9.8,-0.3,-0.1,9.8,0.0,0.0,0.0,72.150,0.15,9.8,0.0,0.0,9.8,0.0,0.0,6.1E-4,,,,,,,,,,72.150,-0.03,9.8,-0.1,0.0,9.8,0.0,0.0,6.1E-4,,,,,,,,,,72.150,-0.05,9.8,-0.1,0.0,9.8,0.0,0.0,6.1E-4
72.200,-0.03,9.8,-0.2,-0.1,9.8,0.0,0.0,0.0,72.200,0.14,9.8,0.2,0.0,9.8,0.0,0.0,-6.1E-4,,,,,,,,,,72.200,-0.02,9.8,0.0,0.0,9.8,0.0,0.0,-6.1E-4,,,,,,,,,,72.200,-0.05,9.8,-0.1,0.0,9.8,0.0,0.0,-6.1E-4
72.250,-0.04,9.8,-0.4,0.0,9.8,0.0,0.0,0.0,72.250,0.16,9.8,0.0,0.0,9.8,-1.2E-4,0.0,-6.1E-4,,,,,,,,,,72.250,-0.02,9.8,-0.1,0.0,9.8,0.0,0.0,0.0,,,,,,,,,,72.250,-0.06,9.8,-0.1,0.0,9.8,0.0,0.0,-6.1E-4
72.300,-0.02,9.8,-0.1,-0.1,9.8,0.0,0.0,0.0,72.300,0.16,9.8,0.1,0.0,9.8,0.0,0.0,6.1E-4,,,,,,,,,,72.300,-0.02,9.8,0.0,0.0,9.8,0.0,0.0,-6.1E-4,,,,,,,,,,72.300,-0.05,9.8,0.0,0.0,9.8,0.0,0.0,6.1E-4
72.350,-0.04,9.8,-0.2,-0.1,9.8,0.0,0.0,0.0,72.350,0.16,9.8,0.1,0.0,9.8,0.0,0.0,6.1E-4,,,,,,,,,,72.350,-0.02,9.8,0.0,0.0,9.8,0.0,0.0,-6.1E-4,,,,,,,,,,72.350,-0.05,9.8,0.0,0.0,9.8,0.0,0.0,6.1E-4
72.400,-0.04,9.8,-0.2,-0.1,9.8,0.0,0.0,0.0,72.400,0.16,9.8,0.1,0.0,9.8,0.0,0.0,6.1E-4,,,,,,,,,,72.400,-0.03,9.8,0.0,0.0,9.8,0.0,0.0,0.0,,,,,,,,,,72.400,-0.05,9.8,-0.1,0.0,9.8,-1.2E-4,0.0,-6.1E-4
72.450,-0.04,9.8,-0.3,0.0,9.8,0.0,0.0,0.0,72.450,0.16,9.8,0.1,0.0,9.8,0.0,0.0,0.0,,,,,,,,,,72.450,-0.02,9.8,-0.1,0.0,9.8,0.0,0.0,-6.1E-4,,,,,,,,,,72.450,-0.06,9.8,-0.1,0.0,9.8,0.0,0.0,-6.1E-4
72.500,-0.04,9.8,-0.3,0.0,9.8,0.0,0.0,0.0,72.500,0.17,9.8,0.1,0.0,9.8,0.0,0.0,6.1E-4,,,,,,,,,,72.500,-0.01,9.9,0.0,0.0,9.9,0.0,0.0,-6.1E-4,,,,,,,,,,72.500,-0.05,9.8,-0.1,0.0,9.8,0.0,0.0,-6.1E-4
72.550,-0.05,9.8,-0.1,-0.1,9.8,0.0,0.0,0.0,72.550,0.19,9.9,0.1,0.0,9.9,0.0,0.0,0.0,,,,,,,,,,72.550,-0.02,9.8,0.0,0.0,9.8,0.0,0.0,-6.1E-4,,,,,,,,,,72.550,-0.06,9.8,0.0,0.0,9.8,0.0,0.0,6.1E-4
72.600,-0.04,9.8,-0.3,0.0,9.8,0.0,0.0,0.0,72.600,0.20,9.8,0.1,0.0,9.8,0.0,0.0,0.0,,,,,,,,,,72.600,-0.02,9.8,-0.1,0.0,9.8,0.0,0.0,0.0,,,,,,,,,,72.600,-0.06,9.8,-0.1,0.0,9.8,0.0,0.0,0.0
72.650,-0.05,9.9,-0.3,0.0,9.9,0.0,0.0,6.1E-4,72.650,0.23,9.8,0.1,0.0,9.8,0.0,0.0,0.0,,,,,,,,,,72.650,-0.02,9.8,0.0,0.0,9.8,0.0,0.0,6.1E-4,,,,,,,,,,72.650,-0.05,9.8,-0.1,0.0,9.8,0.0,0.0,-6.1E-4
72.700,-0.04,9.8,-0.1,-0.1,9.8,0.0,0.0,0.0,72.700,0.24,9.8,0.1,-0.1,9.8,0.0,0.0,0.0,,,,,,,,,,72.700,-0.03,9.8,0.0,0.0,9.8,0.0,0.0,0.0,,,,,,,,,,72.700,-0.05,9.8,-0.1,0.0,9.8,0.0,0.0,0.0
72.750,-0.05,9.9,-0.2,0.0,9.9,0.0,0.0,0.0,72.750,0.28,9.8,0.1,0.0,9.8,0.0,0.0,6.1E-4,,,,,,,,,,72.750,-0.01,9.8,0.0,0.0,9.8,0.0,0.0,-6.1E-4,,,,,,,,,,72.750,-0.04,9.8,0.0,0.0,9.8,0.0,0.0,-6.1E-4
72.800,-0.03,9.8,-0.2,0.0,9.8,0.0,0.0,0.0,72.800,0.83,9.7,0.0,-0.1,9.7,0.0,0.0,0.0,,,,,,,,,,72.800,-0.03,9.8,0.0,0.0,9.8,0.0,0.0,-6.1E-4,,,,,,,,,,72.800,-0.05,9.8,-0.1,0.0,9.8,0.0,0.0,0.0
72.850,-0.05,9.8,-0.2,0.0,9.8,0.0,0.0,0.0,72.850,0.64,10.0,0.2,0.1,10.0,0.0,0.0,0.0,,,,,,,,,,72.850,-0.02,9.8,-0.1,0.0,9.8,0.0,0.0,0.0,,,,,,,,,,72.850,-0.05,9.8,-0.1,0.0,9.8,0.0,0.0,6.1E-4
72.900,-0.04,9.8,-0.2,-0.1,9.8,0.0,0.0,0.0,72.900,0.61,9.8,0.0,-0.1,9.8,0.0,0.0,-6.1E-4,,,,,,,,,,72.900,-0.03,9.9,0.0,0.0,9.9,0.0,0.0,-6.1E-4,,,,,,,,,,72.900,-0.05,9.8,-0.1,0.0,9.8,0.0,0.0,-6.1E-4
72.950,-0.04,9.8,-0.1,-0.1,9.8,0.0,0.0,0.0,72.950,0.60,9.8,0.1,0.0,9.8,0.0,0.0,0.0,,,,,,,,,,72.950,-0.02,9.8,0.0,0.0,9.8,0.0,0.0,6.1E-4,,,,,,,,,,72.950,-0.05,9.8,-0.1,0.0,9.8,0.0,0.0,0.0
73.000,-0.04,9.8,-0.2,-0.1,9.8,0.0,0.0,0.0,73.000,0.62,9.8,0.0,0.0,9.8,0.0,0.0,0.0,,,,,,,,,,73.000,-0.02,9.8,-0.1,0.0,9.8,0.0,0.0,-6.1E-4,,,,,,,,,,73.000,-0.05,9.8,-0.1,0.0,9.8,0.0,0.0,-6.1E-4
73.050,-0.04,9.8,-0.1,-0.1,9.8,0.0,0.0,0.0,73.050,0.60,9.9,0.1,0.1,9.9,0.0,0.0,0.0,,,,,,,,,,73.050,-0.01,9.8,0.0,0.0,9.8,0.0,0.0,-6.1E-4,,,,,,,,,,73.050,-0.05,9.8,-0.1,0.0,9.8,0.0,0.0,0.0
73.100,-0.03,9.7,-0.2,-0.2,9.7,0.0,0.0,0.0,73.100,0.62,9.8,0.0,-0.1,9.8,0.0,0.0,-6.1E-4,,,,,,,,,,73.100,-0.03,9.8,0.0,0.0,9.8,0.0,0.0,0.0,,,,,,,,,,73.100,-0.06,9.8,0.0,0.0,9.8,0.0,0.0,6.1E-4
73.150,-0.02,9.8,-0.2,0.0,9.8,0.0,0.0,0.0,73.150,0.59,9.9,0.2,0.1,9.9,0.0,0.0,0.0,,,,,,,,,,73.150,-0.01,9.8,-0.1,0.0,9.8,0.0,0.0,0.0,,,,,,,,,,73.150,-0.06,9.8,-0.1,0.0,9.8,0.0,0.0,6.1E-4
73.200,-0.02,9.8,-0.2,-0.2,9.8,0.0,0.0,6.1E-4,73.200,0.62,9.8,0.1,0.0,9.8,0.0,0.0,-6.1E-4,,,,,,,,,,73.200,0.00,9.8,-0.1,0.0,9.8,0.0,0.0,-6.1E-4,,,,,,,,,,73.200,-0.05,9.8,-0.1,0.0,9.8,0.0,0.0,-6.1E-4
73.250,-0.02,9.9,-0.1,-0.1,9.9,0.0,0.0,0.0,73.250,0.59,9.8,0.1,0.0,9.8,0.0,0.0,0.0,,,,,,,,,,73.250,-0.01,9.8,0.0,0.0,9.8,0.0,0.0,-6.1E-4,,,,,,,,,,73.250,-0.05,9.8,-0.1,0.0,9.8,0.0,0.0,-6.1E-4
73.300,-0.03,9.8,-0.2,-0.1,9.8,0.0,0.0,0.0,73.300,0.59,9.8,0.1,0.0,9.8,-1.2E-4,0.0,0.0,,,,,,,,,,73.300,-0.02,9.8,0.0,0.0,9.8,0.0,0.0,-6.1E-4,,,,,,,,,,73.300,-0.06,9.8,-0.1,0.0,9.8,0.0,0.0,-6.1E-4
73.350,-0.02,9.8,-0.2,-0.2,9.8,0.0,0.0,0.0,73.350,0.60,9.8,0.0,0.0,9.8,0.0,0.0,0.0,,,,,,,,,,73.350,-0.02,9.8,-0.1,0.0,9.8,0.0,0.0,-6.1E-4,,,,,,,,,,73.350,-0.05,9.8,-0.1,0.0,9.8,0.0,0.0,-6.1E-4
73.400,-0.03,9.7,-0.1,-0.2,9.7,0.0,0.0,0.0,73.400,0.61,9.8,0.2,0.0,9.8,0.0,0.0,0.0,,,,,,,,,,73.400,-0.02,9.8,0.0,0.0,9.8,0.0,0.0,-6.1E-4,,,,,,,,,,73.400,-0.06,9.8,-0.1,0.0,9.8,0.0,0.0,6.1E-4
73.450,-0.02,9.8,-0.2,-0.1,9.8,0.0,0.0,0.0,73.450,0.59,9.8,0.0,0.0,9.8,0.0,0.0,-6.1E-4,,,,,,,,,,73.450,-0.02,9.9,0.0,0.0,9.9,0.0,0.0,-6.1E-4,,,,,,,,,,73.450,-0.05,9.8,-0.1,0.0,9.8,0.0,0.0,6.1E-4
73.500,-0.02,10.0,-0.5,0.4,10.0,0.0,-0.1,0.0,73.500,0.58,9.9,0.2,0.0,9.9,0.0,0.0,6.1E-4,,,,,,,,,,73.500,-0.03,9.9,0.0,0.1,9.9,0.0,0.0,6.1E-4,,,,,,,,,,73.500,-0.06,9.8,-0.1,0.0,9.8,0.0,0.0,-6.1E-4
73.550,-0.03,9.6,0.0,-0.6,9.6,-0.1,-1.2E-4,0.0,73.550,0.60,9.8,0.1,0.0,9.8,0.0,0.0,6.1E-4,,,,,,,,,,73.550,-0.02,9.8,-0.1,0.0,9.8,0.0,0.0,-6.1E-4,,,,,,,,,,73.550,-0.05,9.8,-0.1,0.0,9.8,0.0,0.0,-6.1E-4
73.600,-0.03,10.1,-0.1,0.4,10.1,0.1,0.0,0.0,73.600,0.59,9.8,0.1,0.0,9.8,0.0,0.0,6.1E-4,,,,,,,,,,73.600,-0.02,9.8,-0.1,0.0,9.8,0.0,0.0,-6.1E-4,,,,,,,,,,73.600,-0.05,9.8,-0.1,0.0,9.8,0.0,0.0,-6.1E-4
73.650,-0.03,9.6,-0.2,-0.4,9.6,0.0,0.0,0.0,73.650,0.58,9.8,0.0,0.0,9.8,0.0,0.0,-6.1E-4,,,,,,,,,,73.650,-0.02,9.8,-0.1,0.0,9.8,0.0,0.0,-6.1E-4,,,,,,,,,,73.650,-0.05,9.8,-0.1,0.0,9.8,0.0,0.0,-6.1E-4
73.700,-0.02,10.0,-0.3,0.2,10.0,0.0,0.0,0.0,73.700,0.58,9.8,0.1,0.0,9.8,0.0,0.0,-6.1E-4,,,,,,,,,,73.700,-0.02,9.8,0.0,0.0,9.8,0.0,0.0,6.1E-4,,,,,,,,,,73.700,-0.06,9.8,-0.1,0.0,9.8,0.0,0.0,6.1E-4
73.750,-0.02,9.7,-0.3,-0.2,9.7,0.0,0.0,0.0,73.750,0.58,9.8,0.1,-0.1,9.8,0.0,0.0,0.0,,,,,,,,,,73.750,-0.03,9.8,0.0,0.0,9.8,0.0,0.0,0.0,,,,,,,,,,73.750,-0.06,9.8,-0.1,0.0,9.8,0.0,0.0,-6.1E-4
73.800,-0.03,9.9,-0.3,0.0,9.9,0.0,0.0,0.0,73.800,0.56,9.8,0.1,0.0,9.8,0.0,0.0,0.0,,,,,,,,,,73.800,-0.02,9.8,0.0,0.0,9.8,0.0,0.0,6.1E-4,,,,,,,,,,73.800,-0.04,9.8,-0.1,0.0,9.8,0.0,0.0,6.1E-4
73.850,-0.04,9.8,-0.1,-0.1,9.8,0.0,0.0,0.0,73.850,0.57,9.8,0.1,0.0,9.8,0.0,0.0,-6.1E-4,,,,,,,,,,73.850,-0.02,9.8,0.0,0.0,9.8,0.0,0.0,-6.1E-4,,,,,,,,,,73.850,-0.06,9.8,0.0,0.0,9.8,0.0,0.0,0.0
73.900,-0.05,9.9,-0.2,-0.1,9.9,0.0,0.0,0.0,73.900,0.56,9.8,0.1,0.0,9.8,0.0,0.0,-6.1E-4,,,,,,,,,,73.900,0.00,9.8,0.0,0.0,9.8,0.0,0.0,-6.1E-4,,,,,,,,,,73.900,-0.04,9.8,-0.1,0.0,9.8,0.0,0.0,6.1E-4
73.950,-0.04,9.8,-0.3,0.0,9.8,0.0,0.0,0.0,73.950,0.58,9.8,0.0,0.0,9.8,0.0,0.0,-6.1E-4,,,,,,,,,,73.950,-0.02,9.8,-0.1,0.0,9.8,0.0,0.0,0.0,,,,,,,,,,73.950,-0.06,9.8,-0.1,0.0,9.8,0.0,0.0,6.1E-4
74.000,-0.06,9.8,-0.3,-0.2,9.8,0.0,0.0,0.0,74.000,0.56,9.8,0.1,0.1,9.8,0.0,0.0,-6.1E-4,,,,,,,,,,74.000,-0.04,9.8,-0.1,0.0,9.8,0.0,0.0,-6.1E-4,,,,,,,,,,74.000,-0.06,9.8,-0.1,0.0,9.8,0.0,0.0,6.1E-4
74.050,-0.05,9.9,-0.3,0.0,9.9,0.0,0.0,0.0,74.050,0.56,9.8,0.2,-0.1,9.8,0.0,0.0,0.0,,,,,,,,,,74.050,-0.04,9.9,0.0,0.0,9.9,0.0,0.0,-6.1E-4,,,,,,,,,,74.050,-0.05,9.8,0.0,0.0,9.8,0.0,0.0,-6.1E-4
74.100,-0.04,9.7,-0.4,-0.2,9.7,0.0,0.0,0.0,74.100,0.57,9.8,0.1,0.0,9.8,0.0,0.0,-6.1E-4,,,,,,,,,,74.100,-0.03,9.8,0.0,0.0,9.8,0.0,0.0,-6.1E-4,,,,,,,,,,74.100,-0.05,9.8,-0.1,0.0,9.8,0.0,0.0,6.1E-4
74.150,-0.04,9.9,0.0,0.0,9.9,0.0,0.0,0.0,74.150,0.59,9.8,0.1,0.0,9.8,0.0,0.0,6.1E-4,,,,,,,,,,74.150,-0.03,9.8,-0.1,0.0,9.8,0.0,0.0,0.0,,,,,,,,,,74.150,-0.06,9.8,-0.1,0.0,9.8,0.0,0.0,-6.1E-4
74.200,-0.04,9.7,-0.3,-0.1,9.7,0.0,0.0,-6.1E-4,74.200,0.59,9.8,0.0,0.0,9.8,0.0,0.0,0.0,,,,,,,,,,74.200,-0.04,9.8,0.0,0.0,9.8,0.0,0.0,0.0,,,,,,,,,,74.200,-0.06,9.8,-0.1,0.0,9.8,0.0,0.0,-6.1E-4
74.250,-0.04,9.9,-0.2,0.1,9.9,0.0,0.0,0.0,74.250,0.59,9.8,0.1,0.0,9.8,0.0,0.0,0.0,,,,,,,,,,74.250,-0.02,9.8,0.0,0.0,9.8,0.0,0.0,-6.1E-4,,,,,,,,,,74.250,-0.05,9.8,-0.1,0.0,9.8,0.0,0.0,6.1E-4
74.300,-0.04,9.7,-0.2,-0.2,9.7,0.0,0.0,0.0,74.300,0.61,9.8,0.0,0.0,9.8,0.0,0.0,6.1E-4,,,,,,,,,,74.300,-0.03,9.8,0.0,0.0,9.8,0.0,0.0,-6.1E-4,,,,,,,,,,74.300,-0.05,9.8,-0.1,0.0,9.8,0.0,0.0,-6.1E-4
74.350,-0.05,9.9,-0.3,0.1,9.9,0.0,0.0,0.0,74.350,0.61,9.8,0.1,0.0,9.8,0.0,0.0,6.1E-4,,,,,,,,,,74.350,-0.04,9.8,-0.1,0.0,9.8,0.0,0.0,-6.1E-4,,,,,,,,,,74.350,-0.05,9.8,-0.1,0.0,9.8,0.0,0.0,6.1E-4
74.400,-0.04,9.7,-0.4,-0.2,9.8,0.0,0.0,0.0,74.400,0.61,9.8,0.0,0.0,9.8,0.0,0.0,0.0,,,,,,,,,,74.400,-0.04,9.8,0.0,0.0,9.8,0.0,0.0,-6.1E-4,,,,,,,,,,74.400,-0.05,9.8,-0.1,0.0,9.8,0.0,0.0,6.1E-4
74.450,-0.04,9.9,0.0,0.0,9.9,0.0,0.0,0.0,74.450,0.61,9.8,0.1,0.0,9.8,0.0,0.0,6.1E-4,,,,,,,,,,74.450,-0.03,9.8,0.0,0.0,9.8,0.0,0.0,-6.1E-4,,,,,,,,,,74.450,-0.05,9.8,-0.1,0.0,9.8,0.0,0.0,-6.1E-4
74.500,-0.03,9.8,-0.5,-0.2,9.8,0.0,0.0,0.0,74.500,0.62,9.8,0.1,0.0,9.8,0.0,0.0,0.0,,,,,,,,,,74.500,-0.02,9.8,0.0,0.0,9.8,0.0,0.0,6.1E-4,,,,,,,,,,74.500,-0.05,9.8,-0.1,0.0,9.8,0.0,0.0,-6.1E-4
74.550,-0.04,9.9,-0.1,0.1,9.9,0.0,0.0,0.0,74.550,0.62,9.8,0.1,0.0,9.8,0.0,0.0,6.1E-4,,,,,,,,,,74.550,-0.01,9.8,-0.1,0.0,9.8,0.0,0.0,-6.1E-4,,,,,,,,,,74.550,-0.06,9.8,-0.1,0.0,9.8,0.0,0.0,0.0
74.600,-0.06,9.8,-0.4,-0.2,9.8,0.0,0.0,0.0,74.600,0.63,9.8,0.0,0.0,9.8,0.0,0.0,6.1E-4,,,,,,,,,,74.600,-0.04,9.8,0.0,0.0,9.8,0.0,0.0,0.0,,,,,,,,,,74.600,-0.05,9.8,-0.1,0.0,9.8,0.0,0.0,-6.1E-4
74.650,-0.04,9.8,-0.2,0.0,9.8,0.0,0.0,0.0,74.650,0.61,9.8,0.1,0.0,9.8,0.0,0.0,6.1E-4,,,,,,,,,,74.650,-0.03,9.8,0.0,0.0,9.8,0.0,0.0,6.1E-4,,,,,,,,,,74.650,-0.05,9.8,-0.1,0.0,9.8,0.0,0.0,6.1E-4
74.700,-0.03,9.8,-0.3,-0.1,9.8,0.0,0.0,-6.1E-4,74.700,0.61,9.8,0.1,0.0,9.8,0.0,0.0,0.0,,,,,,,,,,74.700,-0.03,9.8,0.0,0.0,9.8,0.0,0.0,0.0,,,,,,,,,,74.700,-0.05,9.8,-0.1,0.0,9.8,0.0,0.0,6.1E-4
74.750,-0.03,9.8,-0.2,0.0,9.8,0.0,0.0,-6.1E-4,74.750,0.58,9.8,0.1,0.0,9.8,0.0,0.0,-6.1E-4,,,,,,,,,,74.750,-0.03,9.8,-0.1,0.0,9.8,0.0,0.0,6.1E-4,,,,,,,,,,74.750,-0.05,9.8,-0.1,0.0,9.8,0.0,0.0,-6.1E-4
74.800,-0.03,9.8,-0.2,0.0,9.8,0.0,0.0,-6.1E-4,74.800,0.58,9.8,0.1,0.0,9.8,0.0,0.0,0.0,,,,,,,,,,74.800,-0.03,9.8,0.0,0.0,9.8,0.0,0.0,-6.1E-4,,,,,,,,,,74.800,-0.06,9.8,0.0,0.0,9.8,0.0,0.0,0.0
74.850,-0.04,9.8,-0.2,-0.1,9.8,0.0,0.0,0.0,74.850,0.58,9.8,0.1,-0.1,9.8,0.0,0.0,0.0,,,,,,,,,,74.850,-0.03,9.8,-0.1,0.0,9.8,0.0,0.0,-6.1E-4,,,,,,,,,,74.850,-0.06,9.8,-0.1,0.0,9.8,0.0,0.0,-6.1E-4
74.900,-0.04,9.9,-0.3,0.0,9.9,-1.2E-4,0.0,0.0,74.900,0.53,9.8,0.0,0.1,9.8,0.0,0.0,-6.1E-4,,,,,,,,,,74.900,-0.03,9.8,-0.1,0.0,9.8,0.0,0.0,-6.1E-4,,,,,,,,,,74.900,-0.06,9.8,-0.1,0.0,9.8,0.0,0.0,6.1E-4
74.950,-0.04,9.8,-0.2,-0.1,9.8,0.0,0.0,0.0,74.950,0.50,9.8,0.2,-0.1,9.8,0.0,0.0,6.1E-4,,,,,,,,,,74.950,-0.02,9.8,-0.1,0.0,9.8,0.0,0.0,6.1E-4,,,,,,,,,,74.950,-0.06,9.8,-0.1,0.0,9.8,0.0,0.0,-6.1E-4
75.000,-0.04,9.9,-0.3,0.0,9.9,-1.2E-4,0.0,0.0,75.000,0.51,9.8,0.0,0.1,9.8,0.0,0.0,0.0,,,,,,,,,,75.000,-0.01,9.8,0.0,0.0,9.8,0.0,0.0,-6.1E-4,,,,,,,,,,75.000,-0.05,9.8,-0.1,0.0,9.8,0.0,0.0,-6.1E-4
75.050,-0.04,9.8,-0.2,-0.1,9.8,0.0,0.0,0.0,75.050,0.52,9.9,0.2,0.0,9.9,0.0,0.0,0.0,,,,,,,,,,75.050,-0.03,9.8,0.0,0.0,9.8,0.0,0.0,-6.1E-4,,,,,,,,,,75.050,-0.05,9.8,-0.1,0.0,9.8,0.0,0.0,6.1E-4
75.100,-0.04,9.9,-0.3,0.0,9.9,0.0,0.0,6.1E-4,75.100,0.52,9.9,0.0,0.0,9.9,0.0,0.0,0.0,,,,,,,,,,75.100,-0.02,9.8,0.0,0.0,9.8,0.0,0.0,0.0,,,,,,,,,,75.100,-0.06,9.8,-0.1,0.0,9.8,0.0,0.0,-6.1E-4
75.150,-0.04,9.8,-0.2,-0.1,9.8,0.0,0.0,0.0,75.150,0.53,9.8,0.1,-0.1,9.8,0.0,0.0,0.0,,,,,,,,,,75.150,-0.03,9.8,0.0,0.0,9.8,0.0,0.0,-6.1E-4,,,,,,,,,,75.150,-0.06,9.8,-0.1,0.0,9.8,0.0,0.0,-6.1E-4
75.200,-0.03,9.9,-0.3,0.0,9.9,0.0,0.0,0.0,75.200,0.52,9.8,0.1,0.1,9.8,0.0,0.0,-6.1E-4,,,,,,,,,,75.200,-0.04,9.9,0.0,0.0,9.9,0.0,0.0,0.0,,,,,,,,,,75.200,-0.06,9.8,-0.1,0.0,9.8,0.0,0.0,-6.1E-4
75.250,-0.03,9.8,-0.3,-0.1,9.8,0.0,0.0,-6.1E-4,75.250,0.55,9.8,0.0,0.0,9.8,0.0,0.0,0.0,,,,,,,,,,75.250,-0.02,9.8,-0.1,0.0,9.8,0.0,0.0,0.0,,,,,,,,,,75.250,-0.06,9.8,-0.1,0.0,9.8,0.0,0.0,0.0
75.300,-0.04,9.8,-0.2,-0.1,9.8,0.0,0.0,-6.1E-4,75.300,0.57,9.8,0.0,-0.1,9.8,0.0,0.0,0.0,,,,,,,,,,75.300,-0.03,9.8,0.0,0.0,9.8,0.0,0.0,-6.1E-4,,,,,,,,,,75.300,-0.04,9.8,-0.1,0.0,9.8,0.0,0.0,0.0
75.350,-0.03,9.8,-0.2,0.0,9.8,0.0,0.0,0.0,75.350,0.55,9.9,0.2,0.1,9.9,0.0,0.0,0.0,,,,,,,,,,75.350,-0.02,9.8,-0.1,0.0,9.8,0.0,0.0,6.1E-4,,,,,,,,,,75.350,-0.04,9.8,-0.1,0.0,9.8,0.0,0.0,-6.1E-4
75.400,-0.03,9.8,-0.3,0.0,9.8,0.0,0.0,0.0,75.400,0.55,9.8,0.1,-0.1,9.8,0.0,0.0,0.0,,,,,,,,,,75.400,-0.03,9.8,0.0,0.0,9.8,0.0,0.0,-6.1E-4,,,,,,,,,,75.400,-0.04,9.8,-0.1,0.0,9.8,0.0,0.0,-6.1E-4
75.450,-0.03,9.8,-0.2,-0.1,9.8,0.0,0.0,0.0,75.450,0.52,9.8,0.1,0.1,9.8,0.0,0.0,0.0,,,,,,,,,,75.450,0.00,9.8,-0.1,0.0,9.8,0.0,0.0,-6.1E-4,,,,,,,,,,75.450,-0.04,9.8,-0.1,0.0,9.8,0.0,0.0,-6.1E-4
75.500,-0.02,9.7,-0.2,0.0,9.7,0.0,0.0,-6.1E-4,75.500,0.54,9.8,0.2,-0.1,9.8,0.0,0.0,0.0,,,,,,,,,,75.500,-0.02,9.8,0.0,0.0,9.8,0.0,0.0,-6.1E-4,,,,,,,,,,75.500,-0.04,9.8,-0.1,0.0,9.8,0.0,0.0,0.0
75.550,-0.03,9.9,-0.5,-0.1,9.9,0.0,0.0,0.0,75.550,0.54,9.8,0.1,0.1,9.8,0.0,0.0,0.0,,,,,,,,,,75.550,-0.02,9.8,-0.1,0.0,9.8,0.0,0.0,6.1E-4,,,,,,,,,,75.550,-0.04,9.8,-0.1,0.0,9.8,0.0,0.0,-6.1E-4
75.600,-0.04,9.8,-0.2,0.0,9.8,0.0,0.0,0.0,,,,,,,,,,,,,,,,,,,75.600,-0.03,9.8,0.0,0.0,9.8,0.0,0.0,-6.1E-4,,,,,,,,,,75.600,-0.05,9.8,-0.1,0.0,9.8,0.0,0.0,0.0
75.650,-0.04,9.8,-0.2,-0.1,9.8,0.0,0.0,0.0,,,,,,,,,,,,,,,,,,,75.650,-0.03,9.8,-0.1,0.0,9.8,0.0,0.0,0.0,,,,,,,,,,75.650,-0.05,9.8,-0.1,0.0,9.8,0.0,0.0,-6.1E-4
75.700,-0.04,9.8,-0.3,0.0,9.8,-1.2E-4,0.0,0.0,,,,,,,,,,,,,,,,,,,75.700,-0.03,9.8,-0.1,0.0,9.8,0.0,0.0,-6.1E-4,,,,,,,,,,75.700,-0.05,9.8,-0.1,0.0,9.8,0.0,0.0,6.1E-4
75.750,-0.03,9.8,-0.3,-0.1,9.8,0.0,0.0,6.1E-4,,,,,,,,,,,,,,,,,,,75.750,-0.03,9.8,0.0,0.0,9.8,0.0,0.0,6.1E-4,,,,,,,,,,75.750,-0.05,9.8,-0.1,0.0,9.8,0.0,0.0,-6.1E-4
75.800,-0.03,9.8,-0.3,0.0,9.8,0.0,0.0,0.0,,,,,,,,,,,,,,,,,,,75.800,-0.04,9.8,0.0,0.0,9.8,0.0,0.0,-6.1E-4,,,,,,,,,,75.800,-0.05,9.8,-0.1,0.0,9.8,0.0,0.0,6.1E-4
75.850,-0.04,9.8,-0.3,-0.1,9.9,0.0,0.0,6.1E-4,,,,,,,,,,,,,,,,,,,75.850,-0.04,9.8,-0.1,0.0,9.8,0.0,0.0,-6.1E-4,,,,,,,,,,75.850,-0.06,9.8,-0.1,0.0,9.8,0.0,0.0,6.1E-4
75.900,-0.04,9.8,-0.4,-0.1,9.8,-0.1,0.0,0.0,,,,,,,,,,,,,,,,,,,75.900,-0.04,9.8,-0.1,0.0,9.8,0.0,0.0,-6.1E-4,,,,,,,,,,75.900,-0.05,9.8,-0.1,0.0,9.8,0.0,0.0,-6.1E-4
75.950,-0.03,9.8,-0.2,0.0,9.8,0.0,0.0,6.1E-4,,,,,,,,,,,,,,,,,,,75.950,-0.05,9.8,-0.1,0.0,9.8,0.0,0.0,-6.1E-4,,,,,,,,,,75.950,-0.05,9.8,-0.1,0.0,9.8,0.0,0.0,0.0
76.000,-0.03,9.8,-0.3,-0.1,9.8,0.0,0.0,0.0,,,,,,,,,,,,,,,,,,,76.000,-0.05,9.8,-0.1,0.0,9.8,0.0,0.0,0.0,,,,,,,,,,76.000,-0.06,9.8,-0.1,0.0,9.8,0.0,0.0,-6.1E-4
76.050,-0.02,9.8,-0.3,0.0,9.8,0.0,0.0,0.0,,,,,,,,,,,,,,,,,,,76.050,-0.06,9.8,0.0,0.0,9.8,0.0,0.0,0.0,,,,,,,,,,76.050,-0.04,9.8,-0.1,0.0,9.8,0.0,0.0,-6.1E-4
76.100,-0.04,9.8,-0.2,-0.1,9.8,0.0,0.0,-6.1E-4,,,,,,,,,,,,,,,,,,,76.100,-0.05,9.8,-0.1,0.0,9.8,0.0,0.0,0.0,,,,,,,,,,76.100,-0.04,9.8,-0.1,0.0,9.8,0.0,0.0,6.1E-4
76.150,-0.03,9.8,-0.3,0.0,9.8,0.0,0.0,0.0,,,,,,,,,,,,,,,,,,,76.150,-0.03,9.8,0.0,0.0,9.8,0.0,0.0,-6.1E-4,,,,,,,,,,76.150,-0.05,9.8,-0.1,0.0,9.8,0.0,0.0,-6.1E-4
76.200,-0.03,9.8,-0.1,-0.1,9.8,0.0,0.0,0.0,,,,,,,,,,,,,,,,,,,76.200,-0.04,9.8,-0.1,0.0,9.8,0.0,0.0,0.0,,,,,,,,,,76.200,-0.05,9.8,-0.1,0.0,9.8,0.0,0.0,-6.1E-4
76.250,-0.03,9.8,-0.4,0.0,9.9,0.0,0.0,6.1E-4,,,,,,,,,,,,,,,,,,,76.250,-0.04,9.8,0.0,0.0,9.8,0.0,0.0,0.0,,,,,,,,,,76.250,-0.05,9.8,-0.1,0.0,9.8,0.0,0.0,6.1E-4
76.300,-0.03,9.8,-0.2,-0.1,9.8,0.0,0.0,0.0,,,,,,,,,,,,,,,,,,,76.300,-0.04,9.8,-0.1,0.0,9.8,0.0,0.0,-6.1E-4,,,,,,,,,,76.300,-0.05,9.8,-0.1,0.0,9.8,0.0,0.0,0.0
76.350,-0.02,9.8,-0.3,-0.1,9.8,0.0,0.0,0.0,,,,,,,,,,,,,,,,,,,76.350,-0.03,9.8,0.0,0.0,9.8,0.0,0.0,6.1E-4,,,,,,,,,,76.350,-0.05,9.8,-0.1,0.0,9.8,0.0,0.0,-6.1E-4
76.400,-0.02,9.8,-0.2,-0.1,9.8,0.0,0.0,0.0,,,,,,,,,,,,,,,,,,,76.400,-0.05,9.9,0.0,0.0,9.9,0.0,0.0,6.1E-4,,,,,,,,,,76.400,-0.05,9.8,-0.1,0.0,9.8,0.0,0.0,6.1E-4
76.450,-0.02,9.8,-0.2,-0.1,9.8,0.0,0.0,0.0,,,,,,,,,,,,,,,,,,,76.450,-0.05,9.8,-0.1,0.0,9.8,0.0,0.0,-6.1E-4,,,,,,,,,,76.450,-0.04,9.8,-0.1,0.0,9.8,0.0,0.0,6.1E-4
76.500,-0.03,9.9,-0.5,0.0,9.9,0.0,0.0,6.1E-4,,,,,,,,,,,,,,,,,,,76.500,-0.04,9.8,-0.1,0.0,9.8,0.0,0.0,-6.1E-4,,,,,,,,,,76.500,-0.05,9.8,-0.1,0.0,9.8,0.0,0.0,-6.1E-4
76.550,-0.03,9.8,-0.3,-0.1,9.8,-0.1,0.0,0.0,,,,,,,,,,,,,,,,,,,76.550,-0.04,9.8,0.0,0.0,9.8,0.0,0.0,-6.1E-4,,,,,,,,,,76.550,-0.05,9.8,-0.1,0.0,9.8,0.0,0.0,6.1E-4
76.600,-0.02,9.9,0.1,0.0,9.9,0.0,0.0,0.0,,,,,,,,,,,,,,,,,,,76.600,-0.03,9.8,0.0,0.0,9.8,0.0,0.0,-6.1E-4,,,,,,,,,,76.600,-0.05,9.8,-0.1,0.0,9.8,0.0,0.0,-6.1E-4
76.650,-0.03,9.8,-0.3,-0.1,9.8,0.1,0.0,0.0,,,,,,,,,,,,,,,,,,,76.650,-0.04,9.8,0.0,0.0,9.8,0.0,0.0,-6.1E-4,,,,,,,,,,76.650,-0.06,9.8,-0.1,0.0,9.8,0.0,0.0,-6.1E-4
76.700,-0.02,9.9,-0.8,0.0,9.9,0.0,0.0,0.0,,,,,,,,,,,,,,,,,,,76.700,-0.03,9.8,-0.1,0.0,9.8,0.0,0.0,-6.1E-4,,,,,,,,,,76.700,-0.06,9.8,-0.1,0.0,9.8,0.0,0.0,6.1E-4
76.750,-0.02,9.8,-0.2,-0.1,9.8,-0.1,0.0,6.1E-4,,,,,,,,,,,,,,,,,,,76.750,-0.04,9.8,0.0,0.0,9.8,0.0,0.0,-6.1E-4,,,,,,,,,,76.750,-0.06,9.8,-0.1,0.0,9.8,0.0,0.0,-6.1E-4
76.800,-0.03,9.8,-0.2,-0.1,9.8,0.0,0.0,0.0,,,,,,,,,,,,,,,,,,,76.800,-0.04,9.8,-0.1,0.0,9.8,0.0,0.0,6.1E-4,,,,,,,,,,76.800,-0.05,9.8,-0.1,0.0,9.8,0.0,0.0,0.0
76.850,-0.04,9.8,0.0,-0.1,9.8,0.0,0.0,0.0,,,,,,,,,,,,,,,,,,,76.850,-0.04,9.8,-0.1,0.0,9.8,0.0,0.0,0.0,,,,,,,,,,76.850,-0.06,9.8,-0.1,0.0,9.8,0.0,0.0,-6.1E-4
76.900,-0.04,9.9,-0.3,0.0,9.9,0.0,0.0,0.0,,,,,,,,,,,,,,,,,,,76.900,-0.05,9.8,-0.1,0.0,9.8,0.0,0.0,-6.1E-4,,,,,,,,,,76.900,-0.06,9.8,-0.1,0.0,9.8,0.0,0.0,-6.1E-4
76.950,-0.05,9.8,-0.4,-0.1,9.8,0.0,0.0,6.1E-4,,,,,,,,,,,,,,,,,,,76.950,-0.04,9.8,-0.1,0.0,9.8,0.0,0.0,-6.1E-4,,,,,,,,,,76.950,-0.05,9.8,-0.1,0.0,9.8,0.0,0.0,-6.1E-4
77.000,-0.04,9.8,-0.3,0.0,9.8,-0.1,0.0,0.0,,,,,,,,,,,,,,,,,,,77.000,-0.03,9.8,-0.1,0.0,9.8,0.0,0.0,-6.1E-4,,,,,,,,,,77.000,-0.03,9.8,-0.1,0.0,9.8,0.0,0.0,-6.1E-4
77.050,-0.04,9.9,-0.1,-0.1,9.9,0.0,0.0,-6.1E-4,,,,,,,,,,,,,,,,,,,77.050,-0.04,9.8,-0.1,0.0,9.8,0.0,0.0,6.1E-4,,,,,,,,,,77.050,-0.04,9.8,-0.1,0.0,9.8,0.0,0.0,0.0
77.100,-0.04,9.8,-0.4,-0.1,9.8,0.0,0.0,0.0,,,,,,,,,,,,,,,,,,,77.100,-0.04,9.8,-0.1,0.0,9.8,0.0,0.0,-6.1E-4,,,,,,,,,,77.100,-0.04,9.8,0.0,0.0,9.8,0.0,0.0,-6.1E-4
77.150,-0.04,9.9,-0.3,0.0,9.9,0.0,0.0,0.0,,,,,,,,,,,,,,,,,,,77.150,-0.03,9.8,0.0,0.0,9.8,0.0,0.0,0.0,,,,,,,,,,77.150,-0.04,9.8,-0.1,0.0,9.8,0.0,0.0,6.1E-4
77.200,-0.05,9.8,-0.1,-0.1,9.8,0.0,0.0,0.0,,,,,,,,,,,,,,,,,,,77.200,-0.03,9.8,-0.1,0.0,9.8,0.0,0.0,-6.1E-4,,,,,,,,,,77.200,-0.04,9.8,-0.1,0.0,9.8,0.0,0.0,-6.1E-4
77.250,-0.05,9.8,-0.4,-0.1,9.8,0.0,0.0,0.0,,,,,,,,,,,,,,,,,,,77.250,-0.03,9.8,0.0,0.0,9.8,0.0,0.0,-6.1E-4,,,,,,,,,,77.250,-0.03,9.8,-0.1,0.0,9.8,0.0,0.0,-6.1E-4
77.300,-0.05,9.9,-0.3,-0.1,9.9,0.0,0.0,0.0,,,,,,,,,,,,,,,,,,,77.300,-0.04,9.8,-0.1,0.0,9.8,0.0,0.0,-6.1E-4,,,,,,,,,,77.300,-0.05,9.8,-0.1,0.0,9.8,0.0,0.0,6.1E-4
77.350,-0.06,9.8,-0.3,-0.1,9.8,0.0,0.0,0.0,,,,,,,,,,,,,,,,,,,77.350,-0.04,9.8,0.0,0.0,9.8,0.0,0.0,-6.1E-4,,,,,,,,,,77.350,-0.05,9.8,-0.1,0.0,9.8,0.0,0.0,0.0
77.400,-0.04,9.8,-0.2,-0.1,9.8,0.0,0.0,0.0,,,,,,,,,,,,,,,,,,,77.400,-0.04,9.8,0.0,0.0,9.8,0.0,0.0,-6.1E-4,,,,,,,,,,77.400,-0.04,9.8,-0.1,0.0,9.8,0.0,0.0,0.0
77.450,-0.04,9.8,-0.3,-0.1,9.8,0.0,0.0,6.1E-4,,,,,,,,,,,,,,,,,,,77.450,-0.03,9.8,-0.1,0.0,9.8,0.0,0.0,-6.1E-4,,,,,,,,,,77.450,-0.04,9.8,-0.1,0.0,9.8,0.0,0.0,-6.1E-4
77.500,-0.05,9.8,-0.3,-0.1,9.8,0.0,0.0,0.0,,,,,,,,,,,,,,,,,,,77.500,-0.03,9.8,-0.1,0.0,9.8,0.0,0.0,-6.1E-4,,,,,,,,,,77.500,-0.05,9.8,0.0,0.0,9.8,0.0,0.0,0.0
77.550,-0.05,9.8,-0.3,-0.1,9.8,0.0,0.0,0.0,,,,,,,,,,,,,,,,,,,77.550,-0.04,9.8,-0.1,0.0,9.8,0.0,0.0,-6.1E-4,,,,,,,,,,77.550,-0.06,9.8,-0.1,0.0,9.8,0.0,0.0,-6.1E-4
77.600,-0.05,9.9,-0.3,-0.1,9.9,0.0,0.0,0.0,,,,,,,,,,,,,,,,,,,77.600,-0.01,9.8,0.0,0.0,9.8,0.0,0.0,6.1E-4,,,,,,,,,,77.600,-0.04,9.8,-0.1,0.0,9.8,0.0,0.0,6.1E-4
77.650,-0.04,9.8,-0.3,-0.1,9.8,0.0,0.0,0.0,,,,,,,,,,,,,,,,,,,77.650,-0.01,9.8,-0.1,0.0,9.8,0.0,0.0,-6.1E-4,,,,,,,,,,77.650,-0.05,9.8,0.0,0.0,9.8,0.0,0.0,-6.1E-4
77.700,-0.04,9.9,-0.3,0.0,9.9,-1.2E-4,0.0,0.0,,,,,,,,,,,,,,,,,,,77.700,-0.02,9.8,-0.1,0.0,9.8,0.0,0.0,0.0,,,,,,,,,,77.700,-0.05,9.8,-0.1,0.0,9.8,0.0,0.0,-6.1E-4
77.750,-0.03,9.8,-0.2,-0.1,9.8,-1.2E-4,0.0,-6.1E-4,,,,,,,,,,,,,,,,,,,77.750,-0.03,9.8,0.0,0.0,9.8,0.0,0.0,-6.1E-4,,,,,,,,,,77.750,-0.04,9.8,-0.1,0.0,9.8,0.0,0.0,-6.1E-4
77.800,-0.05,9.8,-0.2,-0.1,9.8,0.0,0.0,0.0,,,,,,,,,,,,,,,,,,,77.800,-0.03,9.8,0.0,0.0,9.8,0.0,0.0,-6.1E-4,,,,,,,,,,77.800,-0.05,9.8,-0.1,0.0,9.8,0.0,0.0,-6.1E-4
77.850,-0.04,9.8,-0.2,-0.1,9.8,0.0,0.0,0.0,,,,,,,,,,,,,,,,,,,77.850,-0.02,9.8,0.0,0.0,9.8,0.0,0.0,-6.1E-4,,,,,,,,,,77.850,-0.04,9.8,-0.1,0.0,9.8,0.0,0.0,-6.1E-4
77.900,-0.05,9.8,-0.3,-0.1,9.8,0.0,0.0,0.0,,,,,,,,,,,,,,,,,,,77.900,-0.02,9.8,-0.1,0.0,9.8,0.0,0.0,6.1E-4,,,,,,,,,,77.900,-0.04,9.8,-0.1,0.0,9.8,0.0,0.0,6.1E-4
77.950,-0.05,9.8,-0.3,-0.1,9.8,0.0,0.0,0.0,,,,,,,,,,,,,,,,,,,77.950,-0.03,9.8,0.0,0.0,9.8,0.0,0.0,-6.1E-4,,,,,,,,,,77.950,-0.05,9.8,-0.1,0.0,9.8,0.0,0.0,6.1E-4
78.000,-0.06,9.8,-0.2,-0.1,9.8,0.0,0.0,0.0,,,,,,,,,,,,,,,,,,,78.000,-0.03,9.8,0.0,0.0,9.8,0.0,0.0,-6.1E-4,,,,,,,,,,78.000,-0.04,9.8,-0.1,0.0,9.8,0.0,0.0,-6.1E-4
78.050,-0.05,9.9,-0.2,0.0,9.9,0.0,0.0,0.0,,,,,,,,,,,,,,,,,,,78.050,-0.02,9.8,-0.1,0.0,9.8,0.0,0.0,0.0,,,,,,,,,,78.050,-0.04,9.8,-0.1,0.0,9.8,0.0,0.0,-6.1E-4
78.100,-0.05,9.8,-0.4,-0.1,9.8,0.0,0.0,0.0,,,,,,,,,,,,,,,,,,,78.100,-0.02,9.8,-0.1,0.0,9.8,0.0,0.0,-6.1E-4,,,,,,,,,,78.100,-0.04,9.8,0.0,0.0,9.8,0.0,0.0,-6.1E-4
78.150,-0.06,9.9,-0.2,-0.1,9.9,0.0,0.0,0.0,,,,,,,,,,,,,,,,,,,78.150,-0.03,9.8,-0.1,0.0,9.8,0.0,0.0,0.0,,,,,,,,,,78.150,-0.04,9.8,-0.1,0.0,9.8,0.0,0.0,-6.1E-4
78.200,-0.05,9.8,-0.3,-0.1,9.8,0.0,0.0,0.0,,,,,,,,,,,,,,,,,,,78.200,-0.03,9.8,0.0,0.0,9.8,0.0,0.0,6.1E-4,,,,,,,,,,78.200,-0.04,9.8,-0.1,0.0,9.8,0.0,0.0,-6.1E-4
78.250,-0.05,9.8,-0.2,-0.1,9.8,0.0,0.0,0.0,,,,,,,,,,,,,,,,,,,78.250,-0.04,9.8,-0.1,0.0,9.8,0.0,0.0,0.0,,,,,,,,,,78.250,-0.05,9.8,-0.1,0.0,9.8,0.0,0.0,6.1E-4
78.300,-0.03,9.8,-0.2,-0.1,9.8,0.0,0.0,-6.1E-4,,,,,,,,,,,,,,,,,,,78.300,-0.04,9.8,0.0,0.0,9.8,0.0,0.0,-6.1E-4,,,,,,,,,,78.300,-0.05,9.8,-0.1,0.0,9.8,0.0,0.0,6.1E-4
78.350,-0.05,9.8,-0.3,-0.1,9.8,0.0,0.0,0.0,,,,,,,,,,,,,,,,,,,78.350,-0.04,9.8,0.0,0.0,9.8,0.0,0.0,6.1E-4,,,,,,,,,,78.350,-0.04,9.8,-0.1,0.0,9.8,0.0,0.0,-6.1E-4
78.400,-0.04,9.8,-0.3,-0.1,9.8,0.0,0.0,0.0,,,,,,,,,,,,,,,,,,,78.400,-0.03,9.8,0.0,0.0,9.8,0.0,0.0,-6.1E-4,,,,,,,,,,78.400,-0.05,9.8,-0.1,0.0,9.8,0.0,0.0,-6.1E-4
78.450,-0.04,9.9,-0.2,-0.1,9.9,0.0,0.0,0.0,,,,,,,,,,,,,,,,,,,78.450,-0.03,9.8,-0.1,0.0,9.8,0.0,0.0,-6.1E-4,,,,,,,,,,78.450,-0.06,9.8,-0.1,0.0,9.8,0.0,0.0,6.1E-4
78.500,-0.04,9.8,-0.2,-0.1,9.8,0.0,0.0,0.0,,,,,,,,,,,,,,,,,,,78.500,-0.02,9.8,0.0,0.0,9.8,0.0,0.0,-6.1E-4,,,,,,,,,,78.500,-0.05,9.8,-0.1,0.0,9.8,0.0,0.0,-6.1E-4
78.550,-0.04,9.8,-0.4,-0.1,9.9,0.0,0.0,0.0,,,,,,,,,,,,,,,,,,,78.550,-0.03,9.8,-0.1,0.0,9.8,0.0,0.0,-6.1E-4,,,,,,,,,,78.550,-0.05,9.8,-0.1,0.0,9.8,0.0,0.0,6.1E-4
78.600,-0.04,9.8,-0.2,-0.1,9.8,0.0,0.0,0.0,,,,,,,,,,,,,,,,,,,78.600,-0.02,9.8,-0.1,0.0,9.8,0.0,0.0,-6.1E-4,,,,,,,,,,78.600,-0.05,9.8,-0.1,0.0,9.8,0.0,0.0,-6.1E-4
78.650,-0.03,9.9,-0.2,-0.1,9.9,0.0,0.0,0.0,,,,,,,,,,,,,,,,,,,78.650,-0.04,9.8,0.0,0.0,9.8,0.0,0.0,-6.1E-4,,,,,,,,,,78.650,-0.05,9.8,-0.1,0.0,9.8,0.0,0.0,-6.1E-4
78.700,-0.04,9.7,-0.2,-0.1,9.7,0.0,0.0,-6.1E-4,,,,,,,,,,,,,,,,,,,78.700,-0.04,9.8,-0.1,0.0,9.8,0.0,0.0,6.1E-4,,,,,,,,,,78.700,-0.06,9.8,-0.1,0.0,9.8,0.0,0.0,-6.1E-4
78.750,-0.04,10.0,-0.2,-0.1,10.0,0.0,0.0,0.0,,,,,,,,,,,,,,,,,,,78.750,-0.03,9.8,-0.1,0.0,9.8,0.0,0.0,6.1E-4,,,,,,,,,,78.750,-0.05,9.8,0.0,0.0,9.8,0.0,0.0,-6.1E-4
78.800,-0.04,9.8,-0.2,-0.2,9.8,0.0,0.0,0.0,,,,,,,,,,,,,,,,,,,78.800,-0.04,9.8,0.0,0.0,9.8,0.0,0.0,0.0,,,,,,,,,,78.800,-0.05,9.8,-0.1,0.0,9.8,0.0,0.0,0.0
78.850,-0.04,10.0,-0.3,0.0,10.0,0.0,0.0,0.0,,,,,,,,,,,,,,,,,,,78.850,-0.04,9.8,-0.1,0.0,9.8,0.0,0.0,-6.1E-4,,,,,,,,,,78.850,-0.07,9.8,-0.1,0.0,9.8,0.0,0.0,0.0
78.900,-0.04,9.7,-0.3,-0.2,9.7,0.0,0.0,0.0,,,,,,,,,,,,,,,,,,,78.900,-0.03,9.8,0.0,0.0,9.8,0.0,0.0,-6.1E-4,,,,,,,,,,78.900,-0.06,9.8,-0.1,0.0,9.8,0.0,0.0,-6.1E-4
78.950,-0.04,9.9,-0.2,0.0,9.9,0.0,0.0,0.0,,,,,,,,,,,,,,,,,,,78.950,-0.03,9.8,-0.1,0.0,9.8,0.0,0.0,6.1E-4,,,,,,,,,,78.950,-0.06,9.8,-0.1,0.0,9.8,0.0,0.0,-6.1E-4
79.000,-0.05,9.8,-0.2,-0.1,9.8,0.0,0.0,0.0,,,,,,,,,,,,,,,,,,,79.000,-0.03,9.8,-0.1,0.0,9.8,0.0,0.0,-6.1E-4,,,,,,,,,,79.000,-0.05,9.8,-0.1,0.0,9.8,0.0,0.0,6.1E-4
79.050,-0.04,9.9,-0.3,-0.1,9.9,0.0,0.0,0.0,,,,,,,,,,,,,,,,,,,79.050,-0.04,9.8,0.0,0.0,9.8,0.0,0.0,-6.1E-4,,,,,,,,,,79.050,-0.05,9.8,-0.1,0.0,9.8,0.0,0.0,-6.1E-4
79.100,-0.04,9.7,-0.2,-0.1,9.7,0.0,0.0,0.0,,,,,,,,,,,,,,,,,,,79.100,-0.05,9.8,0.0,0.0,9.8,0.0,0.0,-6.1E-4,,,,,,,,,,79.100,-0.06,9.8,-0.1,0.0,9.8,0.0,0.0,-6.1E-4
79.150,-0.03,9.9,-0.3,0.0,9.9,0.0,0.0,6.1E-4,,,,,,,,,,,,,,,,,,,79.150,-0.03,9.8,0.0,0.0,9.8,0.0,0.0,-6.1E-4,,,,,,,,,,79.150,-0.06,9.8,-0.1,0.0,9.8,0.0,0.0,6.1E-4
79.200,-0.03,9.8,-0.2,-0.1,9.8,0.0,0.0,0.0,,,,,,,,,,,,,,,,,,,79.200,-0.01,9.8,0.0,0.0,9.8,0.0,0.0,-6.1E-4,,,,,,,,,,79.200,-0.07,9.8,-0.1,0.0,9.8,0.0,0.0,-6.1E-4
79.250,-0.03,9.8,-0.1,-0.1,9.8,0.0,0.0,0.0,,,,,,,,,,,,,,,,,,,79.250,-0.03,9.8,-0.1,0.0,9.8,0.0,0.0,6.1E-4,,,,,,,,,,79.250,-0.06,9.8,-0.1,0.0,9.8,0.0,0.0,-6.1E-4
79.300,-0.02,9.9,-0.3,0.0,9.9,0.0,0.0,0.0,,,,,,,,,,,,,,,,,,,79.300,-0.03,9.8,0.0,0.0,9.8,0.0,0.0,-6.1E-4,,,,,,,,,,79.300,-0.06,9.8,0.0,0.0,9.8,0.0,0.0,-6.1E-4
79.350,-0.03,9.8,-0.3,-0.1,9.8,0.0,0.0,0.0,,,,,,,,,,,,,,,,,,,79.350,-0.02,9.8,0.0,0.0,9.8,0.0,0.0,-6.1E-4,,,,,,,,,,79.350,-0.06,9.8,-0.1,0.0,9.8,0.0,0.0,6.1E-4
79.400,-0.02,9.9,-0.1,0.0,9.9,0.0,0.0,0.0,,,,,,,,,,,,,,,,,,,79.400,-0.03,9.8,0.0,0.0,9.8,0.0,0.0,-6.1E-4,,,,,,,,,,79.400,-0.06,9.8,-0.1,0.0,9.8,0.0,0.0,0.0
79.450,-0.02,9.8,-0.3,0.0,9.8,0.0,0.0,0.0,,,,,,,,,,,,,,,,,,,79.450,-0.03,9.8,-0.1,0.0,9.8,0.0,0.0,6.1E-4,,,,,,,,,,79.450,-0.06,9.8,-0.1,0.0,9.8,0.0,0.0,-6.1E-4
79.500,-0.03,9.8,-0.3,0.0,9.9,0.0,0.0,0.0,,,,,,,,,,,,,,,,,,,79.500,-0.04,9.8,0.0,0.0,9.8,0.0,0.0,6.1E-4,,,,,,,,,,79.500,-0.06,9.8,0.0,0.0,9.8,0.0,0.0,6.1E-4
79.550,-0.04,9.8,-0.1,0.0,9.8,0.0,0.0,0.0,,,,,,,,,,,,,,,,,,,79.550,-0.02,9.8,-0.1,0.0,9.8,0.0,0.0,-6.1E-4,,,,,,,,,,79.550,-0.06,9.8,-0.1,0.0,9.8,0.0,0.0,6.1E-4
79.600,-0.04,9.8,-0.2,0.0,9.8,0.0,0.0,0.0,,,,,,,,,,,,,,,,,,,79.600,-0.02,9.8,0.0,0.0,9.8,0.0,0.0,6.1E-4,,,,,,,,,,79.600,-0.06,9.8,-0.1,0.0,9.8,0.0,0.0,0.0
79.650,-0.04,9.9,-0.2,0.0,9.9,0.0,0.0,6.1E-4,,,,,,,,,,,,,,,,,,,79.650,-0.02,9.8,-0.1,0.0,9.8,0.0,0.0,6.1E-4,,,,,,,,,,79.650,-0.07,9.8,-0.1,0.0,9.8,0.0,0.0,-6.1E-4
79.700,-0.04,9.8,-0.2,-0.1,9.8,0.0,0.0,0.0,,,,,,,,,,,,,,,,,,,79.700,-0.04,9.8,-0.1,0.0,9.8,0.0,0.0,-6.1E-4,,,,,,,,,,79.700,-0.06,9.8,-0.1,0.0,9.8,0.0,0.0,0.0
79.750,-0.04,9.9,-0.2,0.0,9.9,0.0,0.0,0.0,,,,,,,,,,,,,,,,,,,79.750,-0.02,9.8,0.0,0.0,9.8,0.0,0.0,6.1E-4,,,,,,,,,,79.750,-0.07,9.8,-0.1,0.0,9.8,0.0,0.0,-6.1E-4
79.800,-0.03,9.8,-0.2,0.0,9.8,0.0,0.0,0.0,,,,,,,,,,,,,,,,,,,79.800,-0.03,9.8,0.0,0.0,9.8,0.0,0.0,-6.1E-4,,,,,,,,,,79.800,-0.06,9.8,-0.1,0.0,9.8,0.0,0.0,-6.1E-4
79.850,-0.03,9.8,-0.3,0.0,9.8,0.0,0.0,0.0,,,,,,,,,,,,,,,,,,,79.850,-0.03,9.8,-0.1,0.0,9.8,0.0,0.0,-6.1E-4,,,,,,,,,,79.850,-0.06,9.8,-0.1,0.0,9.8,0.0,0.0,-6.1E-4
79.900,-0.03,9.9,-0.1,0.0,9.9,0.0,0.0,0.0,,,,,,,,,,,,,,,,,,,79.900,-0.01,9.8,-0.1,0.0,9.8,0.0,0.0,-6.1E-4,,,,,,,,,,79.900,-0.07,9.8,-0.1,0.0,9.8,0.0,0.0,0.0
79.950,-0.04,9.9,-0.3,0.0,9.9,0.0,0.0,6.1E-4,,,,,,,,,,,,,,,,,,,79.950,-0.02,9.8,-0.1,0.0,9.8,0.0,0.0,-6.1E-4,,,,,,,,,,79.950,-0.05,9.8,0.0,0.0,9.8,0.0,0.0,-6.1E-4
80.000,-0.05,9.8,-0.1,-0.1,9.8,0.0,0.0,0.0,,,,,,,,,,,,,,,,,,,80.000,-0.01,9.8,0.0,0.0,9.8,0.0,0.0,6.1E-4,,,,,,,,,,80.000,-0.06,9.8,-0.1,0.0,9.8,0.0,0.0,6.1E-4
80.050,-0.04,9.9,-0.1,0.1,9.9,0.0,0.0,0.0,,,,,,,,,,,,,,,,,,,80.050,-0.02,9.8,0.0,0.0,9.8,0.0,0.0,-6.1E-4,,,,,,,,,,80.050,-0.06,9.8,-0.1,0.0,9.8,0.0,0.0,-6.1E-4
80.100,-0.05,9.7,-0.2,-0.1,9.7,0.0,0.0,0.0,,,,,,,,,,,,,,,,,,,80.100,-0.03,9.8,-0.1,0.0,9.8,0.0,0.0,-6.1E-4,,,,,,,,,,80.100,-0.06,9.8,0.0,0.0,9.8,0.0,0.0,-6.1E-4
80.150,-0.04,9.9,-0.2,0.0,9.9,0.0,0.0,0.0,,,,,,,,,,,,,,,,,,,80.150,-0.02,9.8,0.0,0.0,9.8,0.0,0.0,0.0,,,,,,,,,,80.150,-0.06,9.8,-0.1,0.0,9.8,0.0,0.0,-6.1E-4
80.200,-0.02,9.8,-0.3,0.0,9.8,0.0,0.0,0.0,,,,,,,,,,,,,,,,,,,80.200,-0.02,9.8,0.0,0.0,9.8,0.0,0.0,-6.1E-4,,,,,,,,,,80.200,-0.06,9.8,-0.1,0.0,9.8,0.0,0.0,6.1E-4
80.250,-0.02,9.9,-0.1,0.0,9.9,0.0,0.0,0.0,,,,,,,,,,,,,,,,,,,80.250,-0.01,9.8,-0.1,0.0,9.8,0.0,0.0,-6.1E-4,,,,,,,,,,80.250,-0.05,9.8,-0.1,0.0,9.8,0.0,0.0,6.1E-4
80.300,-0.04,9.9,-0.3,0.0,9.9,0.0,0.0,0.0,,,,,,,,,,,,,,,,,,,80.300,-0.01,9.8,-0.1,0.0,9.8,0.0,0.0,-6.1E-4,,,,,,,,,,80.300,-0.05,9.8,-0.1,0.0,9.8,0.0,0.0,6.1E-4
80.350,-0.04,9.7,-0.1,-0.1,9.7,0.0,0.0,0.0,,,,,,,,,,,,,,,,,,,80.350,-0.01,9.8,-0.1,0.0,9.8,0.0,0.0,-6.1E-4,,,,,,,,,,80.350,-0.06,9.8,-0.1,0.0,9.8,0.0,0.0,-6.1E-4
80.400,-0.03,9.9,-0.2,0.0,9.9,0.0,0.0,0.0,,,,,,,,,,,,,,,,,,,80.400,-7.51E-10,9.9,0.0,0.0,9.9,0.0,0.0,6.1E-4,,,,,,,,,,80.400,-0.05,9.8,-0.1,0.0,9.8,0.0,0.0,-6.1E-4
80.450,-0.04,9.8,-0.2,0.0,9.8,0.0,0.0,0.0,,,,,,,,,,,,,,,,,,,80.450,-0.01,9.8,-0.1,0.0,9.8,0.0,0.0,-6.1E-4,,,,,,,,,,80.450,-0.04,9.8,-0.1,0.0,9.8,0.0,0.0,-6.1E-4
80.500,-0.04,9.9,-0.1,0.0,9.9,0.0,0.0,0.0,,,,,,,,,,,,,,,,,,,80.500,0.00,9.8,-0.1,0.0,9.8,0.0,0.0,-6.1E-4,,,,,,,,,,80.500,-0.05,9.8,-0.1,0.1,9.8,0.0,0.0,-6.1E-4
80.550,-0.05,9.8,-0.3,-0.1,9.9,0.0,0.0,0.0,,,,,,,,,,,,,,,,,,,80.550,-0.01,9.8,0.0,0.0,9.8,0.0,0.0,-6.1E-4,,,,,,,,,,80.550,-0.05,9.8,-0.1,0.0,9.8,0.0,0.0,6.1E-4
80.600,-0.04,9.9,-0.1,0.0,9.9,0.0,-0.1,0.0,,,,,,,,,,,,,,,,,,,80.600,-0.03,9.8,0.0,0.0,9.8,0.0,0.0,-6.1E-4,,,,,,,,,,80.600,-0.04,9.8,-0.1,0.0,9.8,0.0,0.0,-6.1E-4
80.650,-0.05,9.8,1.9E-4,-0.2,9.8,0.0,0.0,0.0,,,,,,,,,,,,,,,,,,,80.650,-0.03,9.8,-0.1,0.0,9.8,0.0,0.0,6.1E-4,,,,,,,,,,80.650,-0.05,9.8,-0.1,0.0,9.8,0.0,0.0,0.0
80.700,-0.03,9.9,-0.3,0.1,9.9,0.1,0.0,-6.1E-4,,,,,,,,,,,,,,,,,,,80.700,-0.04,9.8,0.0,0.0,9.8,0.0,0.0,-6.1E-4,,,,,,,,,,80.700,-0.04,9.8,0.0,0.0,9.8,0.0,0.0,6.1E-4
80.750,-0.04,9.8,-0.5,-0.1,9.8,0.0,0.0,0.0,,,,,,,,,,,,,,,,,,,80.750,-0.03,9.8,0.0,0.0,9.8,0.0,0.0,0.0,,,,,,,,,,80.750,-0.05,9.8,-0.1,0.0,9.8,0.0,0.0,-6.1E-4
80.800,-0.04,9.8,-0.1,0.1,9.8,0.0,0.0,0.0,,,,,,,,,,,,,,,,,,,80.800,-0.03,9.8,0.0,0.0,9.8,0.0,0.0,-6.1E-4,,,,,,,,,,80.800,-0.05,9.8,-0.1,0.0,9.8,0.0,0.0,-6.1E-4
80.850,-0.04,9.9,-0.3,-0.1,9.9,0.0,0.0,0.0,,,,,,,,,,,,,,,,,,,80.850,-0.02,9.8,-0.1,0.0,9.8,0.0,0.0,-6.1E-4,,,,,,,,,,80.850,-0.05,9.8,-0.1,0.0,9.8,0.0,0.0,0.0
80.900,-0.05,9.9,0.1,-0.1,9.9,0.0,0.0,0.0,,,,,,,,,,,,,,,,,,,80.900,-0.02,9.8,-0.1,0.0,9.8,0.0,0.0,-6.1E-4,,,,,,,,,,80.900,-0.06,9.8,0.0,0.0,9.8,0.0,0.0,6.1E-4
80.950,-0.04,9.8,-0.4,-0.1,9.8,0.0,0.0,0.0,,,,,,,,,,,,,,,,,,,80.950,-0.02,9.8,-0.1,0.0,9.8,0.0,0.0,-6.1E-4,,,,,,,,,,80.950,-0.05,9.8,-0.1,0.0,9.8,0.0,0.0,-6.1E-4
81.000,-0.04,9.8,-0.6,0.0,9.8,-0.1,0.0,0.0,,,,,,,,,,,,,,,,,,,81.000,-0.01,9.8,0.0,0.0,9.8,0.0,0.0,-6.1E-4,,,,,,,,,,81.000,-0.04,9.8,-0.1,0.0,9.8,0.0,0.0,6.1E-4
81.050,-0.05,9.9,0.3,-0.1,9.9,-0.1,0.0,0.0,,,,,,,,,,,,,,,,,,,81.050,-0.02,9.8,-0.1,0.0,9.8,0.0,0.0,-6.1E-4,,,,,,,,,,81.050,-0.04,9.8,-0.1,0.0,9.8,0.0,0.0,0.0
81.100,-0.03,9.9,-0.3,0.0,9.9,0.1,0.0,0.0,,,,,,,,,,,,,,,,,,,81.100,-0.03,9.8,-0.1,0.0,9.8,0.0,0.0,6.1E-4,,,,,,,,,,81.100,-0.05,9.8,-0.1,0.0,9.8,0.0,0.0,-6.1E-4
81.150,-0.04,9.9,0.0,-0.3,9.9,0.0,0.0,6.1E-4,,,,,,,,,,,,,,,,,,,81.150,-0.01,9.8,-0.1,0.0,9.8,0.0,0.0,6.1E-4,,,,,,,,,,81.150,-0.05,9.8,-0.1,0.0,9.8,0.0,0.0,0.0
81.200,-0.03,10.0,-0.3,0.1,10.0,0.0,0.0,0.0,,,,,,,,,,,,,,,,,,,81.200,-0.02,9.8,0.0,0.0,9.8,0.0,0.0,0.0,,,,,,,,,,81.200,-0.05,9.8,-0.1,0.0,9.8,0.0,0.0,-6.1E-4
81.250,-0.05,9.5,-0.3,-0.2,9.5,0.0,0.0,0.0,,,,,,,,,,,,,,,,,,,81.250,-0.02,9.8,-0.1,0.0,9.8,0.0,0.0,-6.1E-4,,,,,,,,,,81.250,-0.04,9.8,-0.1,0.0,9.8,0.0,0.0,0.0
81.300,-0.04,10.1,-0.3,0.1,10.1,0.0,0.0,0.0,,,,,,,,,,,,,,,,,,,81.300,-0.02,9.8,-0.1,0.0,9.8,0.0,0.0,-6.1E-4,,,,,,,,,,81.300,-0.04,9.8,-0.1,0.0,9.8,0.0,0.0,-6.1E-4
81.350,-0.03,9.7,-0.4,-0.2,9.8,0.0,0.0,0.0,,,,,,,,,,,,,,,,,,,81.350,-0.02,9.8,0.0,0.0,9.8,0.0,0.0,-6.1E-4,,,,,,,,,,81.350,-0.06,9.8,-0.1,0.0,9.8,0.0,0.0,0.0
81.400,-0.03,9.8,0.0,0.1,9.8,0.0,0.0,0.0,,,,,,,,,,,,,,,,,,,81.400,-0.01,9.8,0.0,0.0,9.8,0.0,0.0,0.0,,,,,,,,,,81.400,-0.05,9.8,-0.1,0.0,9.8,0.0,0.0,-6.1E-4
81.450,-0.03,9.8,-0.5,-0.2,9.8,0.0,0.0,0.0,,,,,,,,,,,,,,,,,,,81.450,-0.02,9.8,-0.1,0.0,9.8,0.0,0.0,-6.1E-4,,,,,,,,,,81.450,-0.05,9.8,-0.1,0.0,9.8,0.0,0.0,6.1E-4
81.500,-0.03,9.9,-0.2,0.1,9.9,0.0,0.0,0.0,,,,,,,,,,,,,,,,,,,81.500,-0.03,9.8,-0.1,0.0,9.8,0.0,0.0,0.0,,,,,,,,,,81.500,-0.05,9.8,-0.1,0.0,9.8,0.0,0.0,6.1E-4
81.550,-0.05,9.8,0.0,-0.2,9.8,-0.1,0.0,0.0,,,,,,,,,,,,,,,,,,,81.550,-0.02,9.8,0.0,0.0,9.8,0.0,0.0,6.1E-4,,,,,,,,,,81.550,-0.05,9.8,-0.1,0.0,9.8,0.0,0.0,6.1E-4
81.600,-0.04,9.8,-0.2,0.0,9.8,0.0,0.0,0.0,,,,,,,,,,,,,,,,,,,81.600,-0.01,9.8,0.0,0.0,9.8,0.0,0.0,-6.1E-4,,,,,,,,,,81.600,-0.06,9.8,-0.1,0.0,9.8,0.0,0.0,-6.1E-4
81.650,-0.05,9.9,-0.4,-0.1,9.9,0.0,0.0,0.0,,,,,,,,,,,,,,,,,,,81.650,-0.02,9.8,-0.1,0.0,9.8,0.0,0.0,0.0,,,,,,,,,,81.650,-0.04,9.8,-0.1,0.0,9.8,0.0,0.0,0.0
81.700,-0.04,9.8,-0.3,0.0,9.8,0.0,0.0,0.0,,,,,,,,,,,,,,,,,,,81.700,-0.04,9.8,0.0,0.0,9.8,0.0,0.0,0.0,,,,,,,,,,81.700,-0.05,9.8,-0.1,0.0,9.8,0.0,0.0,-6.1E-4
81.750,-0.04,9.8,-0.4,0.0,9.8,0.0,0.0,0.0,,,,,,,,,,,,,,,,,,,81.750,-0.03,9.8,-0.1,0.0,9.8,0.0,0.0,0.0,,,,,,,,,,81.750,-0.06,9.8,-0.1,0.0,9.8,0.0,0.0,0.0
81.800,-0.04,9.8,0.1,-0.2,9.8,0.0,0.0,0.0,,,,,,,,,,,,,,,,,,,81.800,-0.03,9.8,0.0,0.0,9.8,0.0,0.0,-6.1E-4,,,,,,,,,,81.800,-0.05,9.8,-0.1,0.0,9.8,0.0,0.0,6.1E-4
81.850,-0.04,9.9,-0.1,0.0,9.9,0.0,0.0,0.0,,,,,,,,,,,,,,,,,,,81.850,-0.03,9.8,-0.1,0.0,9.8,0.0,0.0,-6.1E-4,,,,,,,,,,81.850,-0.04,9.8,-0.1,0.0,9.8,0.0,0.0,-6.1E-4
81.900,-0.04,9.8,-0.7,-0.1,9.8,0.0,0.0,0.0,,,,,,,,,,,,,,,,,,,81.900,-0.03,9.8,-0.1,0.0,9.8,0.0,0.0,-6.1E-4,,,,,,,,,,81.900,-0.03,9.8,-0.1,0.0,9.8,0.0,0.0,-6.1E-4
81.950,-0.04,9.8,-0.2,0.0,9.8,-0.1,0.0,0.0,,,,,,,,,,,,,,,,,,,81.950,-0.04,9.8,0.0,0.0,9.8,0.0,0.0,6.1E-4,,,,,,,,,,81.950,-0.05,9.8,-0.1,0.0,9.8,0.0,0.0,-6.1E-4
82.000,-0.05,9.8,-0.1,-0.1,9.8,0.0,0.0,0.0,,,,,,,,,,,,,,,,,,,82.000,-0.03,9.8,-0.1,0.0,9.8,0.0,0.0,6.1E-4,,,,,,,,,,82.000,-0.05,9.8,-0.1,0.0,9.8,0.0,0.0,-6.1E-4
82.050,-0.04,9.9,-0.1,0.0,9.9,0.0,0.0,0.0,,,,,,,,,,,,,,,,,,,82.050,-0.04,9.8,-0.1,0.0,9.8,0.0,0.0,6.1E-4,,,,,,,,,,82.050,-0.04,9.8,-0.1,0.0,9.8,0.0,0.0,-6.1E-4
82.100,-0.04,9.8,-0.2,-0.1,9.8,0.0,0.0,-6.1E-4,,,,,,,,,,,,,,,,,,,82.100,-0.03,9.8,-0.1,0.0,9.8,0.0,0.0,0.0,,,,,,,,,,82.100,-0.06,9.8,-0.1,0.0,9.8,0.0,0.0,-6.1E-4
82.150,-0.03,9.9,-0.2,0.0,9.9,0.0,0.0,0.0,,,,,,,,,,,,,,,,,,,82.150,-0.02,9.8,0.0,0.0,9.8,0.0,0.0,6.1E-4,,,,,,,,,,82.150,-0.05,9.8,-0.1,0.0,9.8,0.0,0.0,6.1E-4
82.200,-0.04,9.8,-0.1,-0.1,9.8,0.0,0.0,0.0,,,,,,,,,,,,,,,,,,,82.200,-0.03,9.8,-0.1,0.0,9.8,0.0,0.0,-6.1E-4,,,,,,,,,,82.200,-0.05,9.8,-0.1,0.0,9.8,0.0,0.0,0.0
82.250,-0.05,9.8,-0.4,0.0,9.8,0.0,0.0,0.0,,,,,,,,,,,,,,,,,,,82.250,-0.02,9.8,-0.1,0.0,9.8,0.0,0.0,-6.1E-4,,,,,,,,,,82.250,-0.05,9.8,-0.1,0.0,9.8,0.0,0.0,6.1E-4
82.300,-0.04,9.8,-0.5,0.0,9.8,-0.1,0.0,0.0,,,,,,,,,,,,,,,,,,,82.300,-0.02,9.8,-0.1,0.0,9.8,0.0,0.0,-6.1E-4,,,,,,,,,,82.300,-0.05,9.8,-0.1,0.0,9.8,0.0,0.0,-6.1E-4
82.350,-0.05,9.9,0.1,-0.1,9.9,0.0,0.0,0.0,,,,,,,,,,,,,,,,,,,82.350,-0.02,9.8,0.0,0.0,9.8,0.0,0.0,0.0,,,,,,,,,,82.350,-0.04,9.8,-0.1,0.0,9.8,0.0,0.0,-6.1E-4
82.400,-0.04,9.9,-0.3,0.0,9.9,0.0,0.0,0.0,,,,,,,,,,,,,,,,,,,82.400,-0.03,9.8,0.0,0.0,9.8,0.0,0.0,6.1E-4,,,,,,,,,,82.400,-0.04,9.8,-0.1,0.0,9.8,0.0,0.0,6.1E-4
82.450,-0.05,9.8,-0.4,0.0,9.8,0.0,0.0,6.1E-4,,,,,,,,,,,,,,,,,,,82.450,-0.04,9.8,0.0,0.0,9.8,0.0,0.0,0.0,,,,,,,,,,82.450,-0.05,9.8,-0.1,0.0,9.8,0.0,0.0,-6.1E-4
82.500,-0.05,9.9,-0.2,-0.1,9.9,0.0,0.0,6.1E-4,,,,,,,,,,,,,,,,,,,82.500,-0.02,9.8,-0.1,0.0,9.8,0.0,0.0,-6.1E-4,,,,,,,,,,82.500,-0.06,9.8,-0.1,0.0,9.8,0.0,0.0,-6.1E-4
82.550,-0.04,9.8,-0.1,-0.1,9.8,0.0,0.0,0.0,,,,,,,,,,,,,,,,,,,82.550,-0.03,9.8,0.0,0.0,9.8,0.0,0.0,6.1E-4,,,,,,,,,,82.550,-0.05,9.8,-0.1,0.0,9.8,0.0,0.0,6.1E-4
82.600,-0.05,9.8,-0.3,-0.1,9.8,0.0,0.0,0.0,,,,,,,,,,,,,,,,,,,82.600,-0.03,9.8,-0.1,0.0,9.8,0.0,0.0,0.0,,,,,,,,,,82.600,-0.06,9.8,-0.1,0.0,9.8,0.0,0.0,6.1E-4
82.650,-0.05,9.8,-0.3,0.0,9.9,0.0,0.0,0.0,,,,,,,,,,,,,,,,,,,82.650,-0.04,9.8,0.0,0.0,9.8,0.0,0.0,-6.1E-4,,,,,,,,,,82.650,-0.06,9.8,-0.1,0.0,9.8,0.0,0.0,-6.1E-4
82.700,-0.05,9.8,-0.1,-0.1,9.8,0.0,0.0,0.0,,,,,,,,,,,,,,,,,,,82.700,-0.02,9.8,-0.1,0.0,9.8,0.0,0.0,6.1E-4,,,,,,,,,,82.700,-0.05,9.8,-0.1,0.0,9.8,0.0,0.0,-6.1E-4
82.750,-0.05,9.9,-0.4,0.0,9.9,0.0,0.0,0.0,,,,,,,,,,,,,,,,,,,82.750,-0.04,9.9,0.0,0.0,9.9,0.0,0.0,-6.1E-4,,,,,,,,,,82.750,-0.05,9.8,-0.1,0.0,9.8,0.0,0.0,-6.1E-4
82.800,-0.05,9.8,-0.2,-0.1,9.8,0.0,0.0,6.1E-4,,,,,,,,,,,,,,,,,,,82.800,-0.01,9.8,0.0,0.0,9.8,0.0,0.0,-6.1E-4,,,,,,,,,,82.800,-0.04,9.8,-0.1,0.0,9.8,0.0,0.0,-6.1E-4
82.850,-0.06,9.8,-0.2,-0.1,9.8,0.0,0.0,6.1E-4,,,,,,,,,,,,,,,,,,,82.850,-0.03,9.8,-0.1,0.0,9.8,0.0,0.0,0.0,,,,,,,,,,82.850,-0.05,9.8,-0.1,0.0,9.8,0.0,0.0,-6.1E-4
82.900,-0.05,9.8,-0.3,-0.1,9.8,0.0,0.0,0.0,,,,,,,,,,,,,,,,,,,82.900,-0.03,9.8,-0.1,0.0,9.8,0.0,0.0,6.1E-4,,,,,,,,,,82.900,-0.06,9.8,-0.1,0.0,9.8,0.0,0.0,-6.1E-4
82.950,-0.05,9.8,-0.2,-0.1,9.8,0.0,0.0,0.0,,,,,,,,,,,,,,,,,,,82.950,-0.01,9.8,0.0,0.0,9.8,0.0,0.0,0.0,,,,,,,,,,82.950,-0.06,9.8,-0.1,0.0,9.8,0.0,0.0,-6.1E-4
83.000,-0.05,9.8,-0.2,-0.1,9.8,-1.2E-4,0.0,0.0,,,,,,,,,,,,,,,,,,,83.000,-0.01,9.8,-0.1,0.0,9.8,0.0,0.0,-6.1E-4,,,,,,,,,,83.000,-0.06,9.8,-0.1,0.0,9.8,0.0,0.0,-6.1E-4
83.050,-0.06,9.8,-0.2,-0.1,9.8,0.0,0.0,6.1E-4,,,,,,,,,,,,,,,,,,,83.050,-0.02,9.8,-0.1,0.0,9.8,0.0,0.0,-6.1E-4,,,,,,,,,,83.050,-0.05,9.8,-0.1,0.0,9.8,0.0,0.0,-6.1E-4
83.100,-0.05,9.8,-0.3,-0.1,9.9,0.0,0.0,0.0,,,,,,,,,,,,,,,,,,,83.100,-0.02,9.8,0.0,0.0,9.8,0.0,0.0,6.1E-4,,,,,,,,,,83.100,-0.06,9.8,0.0,0.0,9.8,0.0,0.0,-6.1E-4
83.150,-0.05,9.8,-0.2,-0.1,9.8,0.0,0.0,6.1E-4,,,,,,,,,,,,,,,,,,,83.150,-0.03,9.9,0.0,0.0,9.9,0.0,0.0,0.0,,,,,,,,,,83.150,-0.05,9.8,-0.1,0.0,9.8,0.0,0.0,0.0
83.200,-0.05,9.8,-0.2,-0.1,9.8,-1.2E-4,0.0,0.0,,,,,,,,,,,,,,,,,,,83.200,-0.02,9.8,-0.1,0.0,9.8,0.0,0.0,0.0,,,,,,,,,,83.200,-0.06,9.8,-0.1,0.0,9.8,0.0,0.0,6.1E-4
83.250,-0.05,9.8,-0.3,-0.1,9.8,0.0,0.0,0.0,,,,,,,,,,,,,,,,,,,83.250,-0.03,9.8,-0.1,0.0,9.8,0.0,0.0,-6.1E-4,,,,,,,,,,83.250,-0.05,9.8,-0.1,0.0,9.8,0.0,0.0,6.1E-4
83.300,-0.05,9.8,-0.2,-0.1,9.8,0.0,0.0,-6.1E-4,,,,,,,,,,,,,,,,,,,83.300,-0.03,9.8,0.0,0.0,9.8,0.0,0.0,6.1E-4,,,,,,,,,,83.300,-0.06,9.8,-0.1,0.0,9.8,0.0,0.0,6.1E-4
83.350,-0.05,9.8,-0.2,-0.1,9.8,0.0,0.0,0.0,,,,,,,,,,,,,,,,,,,83.350,-0.02,9.8,0.0,0.0,9.8,0.0,0.0,-6.1E-4,,,,,,,,,,83.350,-0.06,9.8,-0.1,0.0,9.8,0.0,0.0,-6.1E-4
83.400,-0.06,9.8,-0.2,-0.1,9.8,0.0,0.0,-6.1E-4,,,,,,,,,,,,,,,,,,,83.400,-0.02,9.8,-0.1,0.0,9.8,0.0,0.0,6.1E-4,,,,,,,,,,83.400,-0.06,9.8,-0.1,0.0,9.8,0.0,0.0,-6.1E-4
83.450,-0.06,9.8,-0.2,-0.1,9.8,0.0,0.0,-6.1E-4,,,,,,,,,,,,,,,,,,,83.450,-0.01,9.8,-0.1,0.0,9.8,0.0,0.0,6.1E-4,,,,,,,,,,83.450,-0.06,9.8,-0.1,0.0,9.8,0.0,0.0,-6.1E-4
83.500,-0.05,9.8,-0.2,-0.1,9.8,0.0,0.0,0.0,,,,,,,,,,,,,,,,,,,83.500,-0.01,9.8,0.0,0.0,9.8,0.0,0.0,6.1E-4,,,,,,,,,,83.500,-0.06,9.8,-0.1,0.0,9.8,0.0,0.0,0.0
83.550,-0.05,9.8,-0.3,-0.1,9.8,0.0,0.0,6.1E-4,,,,,,,,,,,,,,,,,,,83.550,-0.01,9.8,0.0,0.0,9.8,0.0,0.0,-6.1E-4,,,,,,,,,,83.550,-0.07,9.8,0.0,0.0,9.8,0.0,0.0,-6.1E-4
83.600,-0.05,9.8,-0.2,-0.1,9.8,0.0,0.0,0.0,,,,,,,,,,,,,,,,,,,83.600,0.00,9.8,-0.1,0.0,9.8,0.0,0.0,0.0,,,,,,,,,,83.600,-0.06,9.8,-0.1,0.0,9.8,0.0,0.0,-6.1E-4
83.650,-0.05,9.8,-0.2,-0.1,9.8,0.0,0.0,-6.1E-4,,,,,,,,,,,,,,,,,,,83.650,-0.02,9.8,-0.1,0.0,9.8,0.0,0.0,6.1E-4,,,,,,,,,,83.650,-0.06,9.8,-0.1,0.0,9.8,0.0,0.0,6.1E-4
83.700,-0.05,9.8,-0.2,-0.1,9.8,0.0,0.0,0.0,,,,,,,,,,,,,,,,,,,83.700,-0.01,9.8,0.0,0.0,9.8,0.0,0.0,-6.1E-4,,,,,,,,,,83.700,-0.06,9.8,-0.1,0.0,9.8,0.0,0.0,6.1E-4
83.750,-0.05,9.8,-0.2,-0.1,9.8,0.0,0.0,-6.1E-4,,,,,,,,,,,,,,,,,,,83.750,-0.02,9.8,-0.1,0.0,9.8,0.0,0.0,-6.1E-4,,,,,,,,,,83.750,-0.06,9.8,-0.1,0.0,9.8,0.0,0.0,-6.1E-4
83.800,-0.06,9.8,-0.3,-0.1,9.8,0.0,0.0,0.0,,,,,,,,,,,,,,,,,,,83.800,-0.04,9.8,-0.1,0.0,9.8,0.0,0.0,-6.1E-4,,,,,,,,,,83.800,-0.07,9.8,-0.1,0.0,9.8,0.0,0.0,-6.1E-4
83.850,-0.05,9.8,-0.2,-0.1,9.8,0.0,0.0,0.0,,,,,,,,,,,,,,,,,,,83.850,-0.02,9.8,-0.1,0.0,9.8,0.0,0.0,-6.1E-4,,,,,,,,,,83.850,-0.06,9.8,-0.1,0.0,9.8,0.0,0.0,-6.1E-4
83.900,-0.05,9.8,-0.2,-0.1,9.8,0.0,0.0,-6.1E-4,,,,,,,,,,,,,,,,,,,83.900,-0.03,9.8,0.0,0.0,9.8,0.0,0.0,6.1E-4,,,,,,,,,,83.900,-0.06,9.8,-0.1,0.0,9.8,0.0,0.0,-6.1E-4
83.950,-0.05,9.8,-0.2,-0.1,9.8,0.0,0.0,0.0,,,,,,,,,,,,,,,,,,,83.950,-0.04,9.8,0.0,0.0,9.8,0.0,0.0,6.1E-4,,,,,,,,,,83.950,-0.06,9.8,-0.1,0.0,9.8,0.0,0.0,-6.1E-4
84.000,-0.06,9.9,-0.3,-0.1,9.9,0.0,0.0,-6.1E-4,,,,,,,,,,,,,,,,,,,84.000,-0.04,9.8,-0.1,0.0,9.8,0.0,0.0,-6.1E-4,,,,,,,,,,84.000,-0.06,9.8,-0.1,0.0,9.8,0.0,0.0,0.0
84.050,-0.05,9.8,-0.2,-0.1,9.8,0.0,0.0,0.0,,,,,,,,,,,,,,,,,,,84.050,-0.02,9.8,-0.1,0.0,9.8,0.0,0.0,-6.1E-4,,,,,,,,,,84.050,-0.05,9.8,-0.1,0.0,9.8,0.0,0.0,-6.1E-4
84.100,-0.04,9.8,-0.2,-0.1,9.8,0.0,0.0,-6.1E-4,,,,,,,,,,,,,,,,,,,84.100,-0.03,9.8,0.0,0.0,9.8,0.0,0.0,-6.1E-4,,,,,,,,,,84.100,-0.06,9.8,-0.1,0.0,9.8,0.0,0.0,6.1E-4
84.150,-0.04,9.8,-0.3,0.0,9.8,0.0,0.0,0.0,,,,,,,,,,,,,,,,,,,84.150,-0.03,9.8,0.0,0.0,9.8,0.0,0.0,0.0,,,,,,,,,,84.150,-0.06,9.8,-0.1,0.0,9.8,0.0,0.0,0.0
84.200,-0.04,9.8,-0.2,-0.1,9.8,0.0,0.0,-6.1E-4,,,,,,,,,,,,,,,,,,,84.200,-0.04,9.8,-0.1,0.0,9.8,0.0,0.0,-6.1E-4,,,,,,,,,,84.200,-0.06,9.8,-0.1,0.0,9.8,0.0,0.0,-6.1E-4
84.250,-0.05,9.8,-0.2,-0.1,9.8,0.0,0.0,-6.1E-4,,,,,,,,,,,,,,,,,,,84.250,-0.02,9.8,-0.1,0.0,9.8,0.0,0.0,-6.1E-4,,,,,,,,,,84.250,-0.07,9.8,-0.1,0.0,9.8,0.0,0.0,-6.1E-4
84.300,-0.05,9.8,-0.2,-0.1,9.8,0.0,0.0,0.0,,,,,,,,,,,,,,,,,,,84.300,-0.03,9.8,0.0,0.0,9.8,0.0,0.0,0.0,,,,,,,,,,84.300,-0.06,9.8,-0.1,0.0,9.8,0.0,0.0,6.1E-4
84.350,-0.04,9.8,-0.2,-0.1,9.8,0.0,0.0,-6.1E-4,,,,,,,,,,,,,,,,,,,84.350,-0.03,9.9,0.0,0.0,9.9,0.0,0.0,0.0,,,,,,,,,,84.350,-0.06,9.8,-0.1,0.0,9.8,0.0,0.0,-6.1E-4
84.400,-0.05,9.8,-0.2,-0.1,9.8,0.0,0.0,-6.1E-4,,,,,,,,,,,,,,,,,,,84.400,-0.02,9.8,-0.1,0.0,9.8,0.0,0.0,-6.1E-4,,,,,,,,,,84.400,-0.06,9.8,-0.1,0.0,9.8,0.0,0.0,6.1E-4
84.450,-0.03,9.9,-0.3,0.0,9.9,0.0,0.0,0.0,,,,,,,,,,,,,,,,,,,84.450,-0.03,9.8,-0.1,0.0,9.8,0.0,0.0,-6.1E-4,,,,,,,,,,84.450,-0.06,9.8,-0.1,0.0,9.8,0.0,0.0,-6.1E-4
84.500,-0.04,9.8,-0.2,-0.1,9.8,0.0,0.0,-6.1E-4,,,,,,,,,,,,,,,,,,,84.500,-0.04,9.8,0.0,0.0,9.8,0.0,0.0,-6.1E-4,,,,,,,,,,84.500,-0.06,9.8,-0.1,0.0,9.8,0.0,0.0,-6.1E-4
84.550,-0.05,9.8,-0.2,-0.1,9.8,0.0,0.0,-6.1E-4,,,,,,,,,,,,,,,,,,,84.550,-0.03,9.8,0.0,0.0,9.8,0.0,0.0,-6.1E-4,,,,,,,,,,84.550,-0.06,9.8,-0.1,0.0,9.8,0.0,0.0,-6.1E-4
84.600,-0.04,9.8,-0.3,-0.1,9.8,0.0,0.0,0.0,,,,,,,,,,,,,,,,,,,84.600,-0.03,9.8,-0.1,0.0,9.8,0.0,0.0,-6.1E-4,,,,,,,,,,84.600,-0.06,9.8,-0.1,0.0,9.8,0.0,0.0,-6.1E-4
84.650,-0.05,9.8,-0.2,-0.1,9.8,0.0,0.0,-6.1E-4,,,,,,,,,,,,,,,,,,,84.650,-0.03,9.8,-0.1,0.0,9.8,0.0,0.0,6.1E-4,,,,,,,,,,84.650,-0.05,9.8,-0.1,0.0,9.8,0.0,0.0,-6.1E-4
84.700,-0.04,9.8,-0.2,-0.1,9.8,0.0,0.0,0.0,,,,,,,,,,,,,,,,,,,84.700,-0.04,9.9,0.0,0.0,9.9,0.0,0.0,-6.1E-4,,,,,,,,,,84.700,-0.05,9.8,-0.1,0.0,9.8,0.0,0.0,-6.1E-4
84.750,-0.05,9.8,-0.3,-0.1,9.8,0.0,0.0,0.0,,,,,,,,,,,,,,,,,,,84.750,-0.02,9.8,0.0,0.0,9.8,0.0,0.0,-6.1E-4,,,,,,,,,,84.750,-0.05,9.8,-0.1,0.0,9.8,0.0,0.0,-6.1E-4
84.800,-0.04,9.8,-0.2,-0.1,9.8,0.0,0.0,6.1E-4,,,,,,,,,,,,,,,,,,,84.800,-0.02,9.8,-0.1,0.0,9.8,0.0,0.0,6.1E-4,,,,,,,,,,84.800,-0.04,9.8,-0.1,0.0,9.8,0.0,0.0,-6.1E-4
84.850,-0.04,9.8,-0.2,-0.1,9.8,0.0,0.0,-6.1E-4,,,,,,,,,,,,,,,,,,,84.850,-0.03,9.8,-0.1,0.0,9.8,0.0,0.0,-6.1E-4,,,,,,,,,,84.850,-0.05,9.8,-0.1,0.0,9.8,0.0,0.0,-6.1E-4
84.900,-0.05,9.8,-0.2,-0.1,9.8,0.0,0.0,0.0,,,,,,,,,,,,,,,,,,,84.900,-0.02,9.8,0.0,0.0,9.8,0.0,0.0,-6.1E-4,,,,,,,,,,84.900,-0.05,9.8,-0.1,0.0,9.8,0.0,0.0,-6.1E-4
84.950,-0.06,9.9,-0.3,-0.1,9.9,0.0,0.0,0.0,,,,,,,,,,,,,,,,,,,84.950,-0.02,9.9,1.9E-4,0.0,9.9,0.0,0.0,-6.1E-4,,,,,,,,,,84.950,-0.06,9.8,-0.1,0.0,9.8,0.0,0.0,-6.1E-4
85.000,-0.05,9.8,-0.2,-0.1,9.8,0.0,0.0,0.0,,,,,,,,,,,,,,,,,,,85.000,-0.03,9.8,-0.1,0.0,9.8,0.0,0.0,-6.1E-4,,,,,,,,,,85.000,-0.05,9.8,-0.1,0.0,9.8,0.0,0.0,6.1E-4
85.050,-0.05,9.8,-0.2,-0.1,9.8,0.0,0.0,-6.1E-4,,,,,,,,,,,,,,,,,,,85.050,-0.03,9.8,-0.1,0.0,9.8,0.0,0.0,0.0,,,,,,,,,,85.050,-0.05,9.8,0.0,0.0,9.8,0.0,0.0,-6.1E-4
85.100,-0.05,9.8,-0.3,-0.1,9.8,0.0,0.0,-6.1E-4,,,,,,,,,,,,,,,,,,,85.100,-0.02,9.8,0.0,0.0,9.8,0.0,0.0,6.1E-4,,,,,,,,,,85.100,-0.05,9.8,-0.1,0.0,9.8,0.0,0.0,6.1E-4
85.150,-0.05,9.8,-0.2,-0.1,9.8,0.0,0.0,-6.1E-4,,,,,,,,,,,,,,,,,,,85.150,-0.03,9.8,-0.1,0.0,9.8,0.0,0.0,-6.1E-4,,,,,,,,,,85.150,-0.05,9.8,-0.1,0.0,9.8,0.0,0.0,6.1E-4
85.200,-0.04,9.8,-0.2,-0.1,9.8,0.0,0.0,0.0,,,,,,,,,,,,,,,,,,,85.200,-0.04,9.8,-0.1,0.0,9.8,0.0,0.0,-6.1E-4,,,,,,,,,,85.200,-0.06,9.8,-0.1,0.0,9.8,0.0,0.0,-6.1E-4
85.250,-0.04,9.8,-0.2,-0.1,9.8,0.0,0.0,-6.1E-4,,,,,,,,,,,,,,,,,,,85.250,-0.04,9.8,-0.1,0.0,9.8,0.0,0.0,0.0,,,,,,,,,,85.250,-0.04,9.8,-0.1,0.0,9.8,0.0,0.0,-6.1E-4
85.300,-0.05,9.8,-0.2,-0.1,9.8,0.0,0.0,-6.1E-4,,,,,,,,,,,,,,,,,,,85.300,-0.05,9.8,1.9E-4,0.0,9.8,0.0,0.0,-6.1E-4,,,,,,,,,,85.300,-0.05,9.8,-0.1,0.0,9.8,0.0,0.0,6.1E-4
85.350,-0.05,9.8,-0.2,-0.1,9.8,0.0,0.0,0.0,,,,,,,,,,,,,,,,,,,85.350,-0.05,9.8,-0.1,0.0,9.8,0.0,0.0,-6.1E-4,,,,,,,,,,85.350,-0.05,9.8,-0.1,0.0,9.8,0.0,0.0,-6.1E-4
85.400,-0.05,9.8,-0.2,-0.1,9.8,0.0,0.0,6.1E-4,,,,,,,,,,,,,,,,,,,85.400,-0.05,9.8,-0.1,0.0,9.8,0.0,0.0,-6.1E-4,,,,,,,,,,85.400,-0.05,9.8,-0.1,0.0,9.8,0.0,0.0,0.0
85.450,-0.04,9.8,-0.2,-0.1,9.8,0.0,0.0,-6.1E-4,,,,,,,,,,,,,,,,,,,85.450,-0.05,9.8,-0.1,0.0,9.8,0.0,0.0,0.0,,,,,,,,,,85.450,-0.05,9.8,-0.1,0.0,9.8,0.0,0.0,6.1E-4
85.500,-0.05,9.8,-0.2,-0.1,9.8,0.0,0.0,0.0,,,,,,,,,,,,,,,,,,,85.500,-0.03,9.8,0.0,0.0,9.8,0.0,0.0,6.1E-4,,,,,,,,,,85.500,-0.04,9.8,-0.1,0.0,9.8,0.0,0.0,-6.1E-4
85.550,-0.05,9.8,-0.2,-0.1,9.8,0.0,0.0,-6.1E-4,,,,,,,,,,,,,,,,,,,85.550,-0.03,9.8,0.0,0.0,9.8,0.0,0.0,-6.1E-4,,,,,,,,,,85.550,-0.04,9.8,-0.1,0.0,9.8,0.0,0.0,-6.1E-4
85.600,-0.04,9.8,-0.2,-0.1,9.8,0.0,0.0,-6.1E-4,,,,,,,,,,,,,,,,,,,85.600,-0.02,9.8,-0.1,0.0,9.8,0.0,0.0,-6.1E-4,,,,,,,,,,85.600,-0.04,9.8,-0.1,0.0,9.8,0.0,0.0,-6.1E-4
85.650,-0.03,9.8,-0.2,-0.1,9.8,0.0,0.0,6.1E-4,,,,,,,,,,,,,,,,,,,85.650,-0.04,9.8,-0.1,0.0,9.8,0.0,0.0,-6.1E-4,,,,,,,,,,85.650,-0.04,9.8,-0.1,0.0,9.8,0.0,0.0,-6.1E-4
85.700,-0.05,9.8,-0.3,0.0,9.8,0.0,0.0,0.0,,,,,,,,,,,,,,,,,,,85.700,-0.04,9.8,0.0,0.0,9.8,0.0,0.0,6.1E-4,,,,,,,,,,85.700,-0.05,9.8,-0.1,0.0,9.8,0.0,0.0,6.1E-4
85.750,-0.04,9.9,-0.4,0.0,9.9,0.0,0.0,0.0,,,,,,,,,,,,,,,,,,,85.750,-0.04,9.8,0.0,0.0,9.8,0.0,0.0,6.1E-4,,,,,,,,,,85.750,-0.05,9.8,-0.1,0.0,9.8,0.0,0.0,6.1E-4
85.800,-0.04,9.8,0.0,-0.1,9.8,0.0,0.0,0.0,,,,,,,,,,,,,,,,,,,85.800,-0.03,9.8,-0.1,0.0,9.8,0.0,0.0,0.0,,,,,,,,,,85.800,-0.05,9.8,-0.1,0.0,9.8,0.0,0.0,6.1E-4
85.850,-0.04,9.9,-0.3,-0.1,9.9,0.0,0.0,0.0,,,,,,,,,,,,,,,,,,,85.850,-0.04,9.8,0.0,0.0,9.8,0.0,0.0,0.0,,,,,,,,,,85.850,-0.04,9.8,-0.1,0.0,9.8,0.0,0.0,6.1E-4
85.900,-0.03,9.8,-0.3,-0.1,9.8,0.0,0.0,0.0,,,,,,,,,,,,,,,,,,,85.900,-0.04,9.8,0.0,0.0,9.8,0.0,0.0,6.1E-4,,,,,,,,,,85.900,-0.05,9.8,-0.1,0.0,9.8,0.0,0.0,-6.1E-4
85.950,-0.05,9.8,-0.2,-0.1,9.8,0.0,0.0,0.0,,,,,,,,,,,,,,,,,,,85.950,-0.03,9.8,-0.1,0.0,9.8,0.0,0.0,-6.1E-4,,,,,,,,,,85.950,-0.06,9.8,-0.1,0.0,9.8,0.0,0.0,0.0
86.000,-0.04,9.8,-0.2,-0.1,9.8,0.0,0.0,0.0,,,,,,,,,,,,,,,,,,,86.000,-0.02,9.8,0.0,0.0,9.8,0.0,0.0,-6.1E-4,,,,,,,,,,86.000,-0.06,9.8,-0.1,0.0,9.8,0.0,0.0,-6.1E-4
86.050,-0.05,9.8,-0.2,0.0,9.8,0.0,0.0,-6.1E-4,,,,,,,,,,,,,,,,,,,86.050,-0.03,9.8,0.0,0.0,9.8,0.0,0.0,-6.1E-4,,,,,,,,,,86.050,-0.06,9.8,-0.1,0.0,9.8,0.0,0.0,0.0
86.100,-0.04,9.9,-0.3,0.0,9.9,0.0,0.0,-6.1E-4,,,,,,,,,,,,,,,,,,,86.100,-0.04,9.8,0.0,0.0,9.8,0.0,0.0,-6.1E-4,,,,,,,,,,86.100,-0.05,9.8,-0.1,0.0,9.8,0.0,0.0,-6.1E-4
86.150,-0.05,9.8,-0.2,0.0,9.8,0.0,0.0,0.0,,,,,,,,,,,,,,,,,,,86.150,-0.03,9.8,-0.1,0.0,9.8,0.0,0.0,-6.1E-4,,,,,,,,,,86.150,-0.06,9.8,-0.1,0.0,9.8,0.0,0.0,-6.1E-4
86.200,-0.04,9.8,-0.2,-0.1,9.8,0.0,0.0,0.0,,,,,,,,,,,,,,,,,,,86.200,-0.04,9.8,-0.1,0.0,9.8,0.0,0.0,-6.1E-4,,,,,,,,,,86.200,-0.06,9.8,-0.1,0.0,9.8,0.0,0.0,0.0
86.250,-0.05,9.8,-0.3,-0.1,9.8,0.0,0.0,0.0,,,,,,,,,,,,,,,,,,,86.250,-0.04,9.8,0.0,0.0,9.8,0.0,0.0,0.0,,,,,,,,,,86.250,-0.05,9.8,-0.1,0.0,9.8,0.0,0.0,0.0
86.300,-0.05,9.8,-0.2,-0.1,9.8,0.0,0.0,6.1E-4,,,,,,,,,,,,,,,,,,,86.300,-0.03,9.8,0.0,0.0,9.8,0.0,0.0,6.1E-4,,,,,,,,,,86.300,-0.07,9.8,-0.1,0.0,9.8,0.0,0.0,-6.1E-4
86.350,-0.05,9.8,-0.3,-0.1,9.8,0.0,0.0,0.0,,,,,,,,,,,,,,,,,,,86.350,-0.04,9.8,-0.1,0.0,9.8,0.0,0.0,-6.1E-4,,,,,,,,,,86.350,-0.05,9.8,-0.1,0.0,9.8,0.0,0.0,6.1E-4
86.400,-0.05,9.8,-0.2,-0.1,9.8,0.0,0.0,0.0,,,,,,,,,,,,,,,,,,,86.400,-0.04,9.8,-0.1,0.0,9.8,0.0,0.0,-6.1E-4,,,,,,,,,,86.400,-0.04,9.8,-0.1,0.0,9.8,0.0,0.0,-6.1E-4
86.450,-0.04,9.8,-0.2,-0.1,9.8,0.0,0.0,-6.1E-4,,,,,,,,,,,,,,,,,,,86.450,-0.04,9.8,0.0,0.0,9.8,0.0,0.0,-6.1E-4,,,,,,,,,,86.450,-0.05,9.8,-0.1,0.0,9.8,0.0,0.0,-6.1E-4
86.500,-0.03,9.8,-0.3,0.0,9.8,0.0,0.0,0.0,,,,,,,,,,,,,,,,,,,86.500,-0.03,9.9,0.0,0.1,9.9,0.0,0.0,-6.1E-4,,,,,,,,,,86.500,-0.05,9.8,-0.1,0.0,9.8,0.0,0.0,6.1E-4
86.550,-0.04,9.8,-0.2,-0.1,9.8,0.0,0.0,6.1E-4,,,,,,,,,,,,,,,,,,,86.550,-0.04,9.8,-0.1,0.0,9.8,0.0,0.0,-6.1E-4,,,,,,,,,,86.550,-0.05,9.8,-0.1,0.0,9.8,0.0,0.0,6.1E-4
86.600,-0.05,9.8,-0.2,-0.1,9.8,0.0,0.0,0.0,,,,,,,,,,,,,,,,,,,86.600,-0.02,9.8,0.0,0.0,9.8,0.0,0.0,-6.1E-4,,,,,,,,,,86.600,-0.05,9.8,-0.1,0.0,9.8,0.0,0.0,6.1E-4
86.650,-0.05,9.8,-0.2,-0.1,9.8,0.0,0.0,6.1E-4,,,,,,,,,,,,,,,,,,,86.650,-0.02,9.8,0.0,0.0,9.8,0.0,0.0,0.0,,,,,,,,,,86.650,-0.05,9.8,-0.1,0.0,9.8,0.0,0.0,-6.1E-4
86.700,-0.05,9.8,-0.3,-0.1,9.9,0.0,0.0,0.0,,,,,,,,,,,,,,,,,,,86.700,-0.02,9.8,0.0,0.0,9.8,0.0,0.0,-6.1E-4,,,,,,,,,,86.700,-0.04,9.8,-0.1,0.0,9.8,0.0,0.0,6.1E-4
86.750,-0.04,9.8,-0.2,-0.1,9.8,0.0,0.0,-6.1E-4,,,,,,,,,,,,,,,,,,,86.750,-0.02,9.8,-0.1,0.0,9.8,0.0,0.0,-6.1E-4,,,,,,,,,,86.750,-0.05,9.8,-0.1,0.0,9.8,0.0,0.0,0.0
86.800,-0.04,9.8,-0.3,0.0,9.8,0.0,0.0,0.0,,,,,,,,,,,,,,,,,,,86.800,0.00,9.8,0.0,0.0,9.8,0.0,0.0,-6.1E-4,,,,,,,,,,86.800,-0.05,9.8,0.0,0.0,9.8,0.0,0.0,6.1E-4
86.850,-0.05,9.8,-0.2,-0.1,9.8,-1.2E-4,0.0,0.0,,,,,,,,,,,,,,,,,,,86.850,-0.02,9.9,0.0,0.0,9.9,0.0,0.0,-6.1E-4,,,,,,,,,,86.850,-0.04,9.8,-0.1,0.0,9.8,0.0,0.0,-6.1E-4
86.900,-0.05,9.8,-0.2,-0.1,9.8,0.0,0.0,-6.1E-4,,,,,,,,,,,,,,,,,,,86.900,-0.02,9.9,0.0,0.0,9.9,0.0,0.0,-6.1E-4,,,,,,,,,,86.900,-0.04,9.8,-0.1,0.0,9.8,0.0,0.0,0.0
86.950,-0.06,9.8,-0.3,-0.1,9.8,0.0,0.0,0.0,,,,,,,,,,,,,,,,,,,86.950,-0.02,9.8,-0.1,0.0,9.8,0.0,0.0,-6.1E-4,,,,,,,,,,86.950,-0.04,9.8,-0.1,0.0,9.8,0.0,0.0,6.1E-4
87.000,-0.05,9.8,-0.4,-0.1,9.8,0.0,0.0,6.1E-4,,,,,,,,,,,,,,,,,,,87.000,-0.02,9.8,-0.1,0.0,9.8,0.0,0.0,-6.1E-4,,,,,,,,,,87.000,-0.04,9.8,-0.1,0.0,9.8,0.0,0.0,-6.1E-4
87.050,-0.05,9.8,-0.2,-0.1,9.8,-0.1,0.0,0.0,,,,,,,,,,,,,,,,,,,87.050,-0.02,9.8,0.0,0.0,9.8,0.0,0.0,-6.1E-4,,,,,,,,,,87.050,-0.04,9.8,-0.1,0.0,9.8,0.0,0.0,-6.1E-4
87.100,-0.05,9.8,0.0,-0.1,9.8,0.0,0.0,0.0,,,,,,,,,,,,,,,,,,,87.100,-0.02,9.8,-0.1,0.0,9.8,0.0,0.0,6.1E-4,,,,,,,,,,87.100,-0.05,9.8,-0.1,0.0,9.8,0.0,0.0,6.1E-4
87.150,-0.05,9.9,-0.4,0.0,9.9,0.0,0.0,0.0,,,,,,,,,,,,,,,,,,,87.150,-0.03,9.8,-0.1,0.0,9.8,0.0,0.0,-6.1E-4,,,,,,,,,,87.150,-0.04,9.8,-0.1,0.0,9.8,0.0,0.0,-6.1E-4
87.200,-0.05,9.8,-0.2,-0.1,9.8,0.0,0.0,-6.1E-4,,,,,,,,,,,,,,,,,,,87.200,-0.02,9.9,0.0,0.0,9.9,0.0,0.0,6.1E-4,,,,,,,,,,87.200,-0.04,9.8,-0.1,0.0,9.8,0.0,0.0,0.0
87.250,-0.05,9.8,-0.2,-0.1,9.8,0.0,0.0,-6.1E-4,,,,,,,,,,,,,,,,,,,87.250,-0.03,9.8,-0.1,0.0,9.8,0.0,0.0,-6.1E-4,,,,,,,,,,87.250,-0.04,9.8,-0.1,0.0,9.8,0.0,0.0,0.0
87.300,-0.05,9.8,-0.2,-0.1,9.8,0.0,0.0,0.0,,,,,,,,,,,,,,,,,,,87.300,-0.02,9.8,0.0,0.0,9.8,0.0,0.0,-6.1E-4,,,,,,,,,,87.300,-0.05,9.8,-0.1,0.0,9.8,0.0,0.0,6.1E-4
87.350,-0.04,9.8,-0.2,-0.1,9.8,0.0,0.0,-6.1E-4,,,,,,,,,,,,,,,,,,,87.350,-0.01,9.8,0.0,0.0,9.8,0.0,0.0,0.0,,,,,,,,,,87.350,-0.05,9.8,-0.1,0.0,9.8,0.0,0.0,-6.1E-4
87.400,-0.05,9.8,-0.2,-0.1,9.8,0.0,0.0,0.0,,,,,,,,,,,,,,,,,,,87.400,-0.02,9.8,0.0,0.0,9.8,0.0,0.0,0.0,,,,,,,,,,87.400,-0.05,9.8,-0.1,0.0,9.8,0.0,0.0,6.1E-4
87.450,-0.05,9.8,-0.3,-0.1,9.8,0.0,0.0,-6.1E-4,,,,,,,,,,,,,,,,,,,87.450,-0.02,9.8,0.0,0.0,9.8,0.0,0.0,0.0,,,,,,,,,,87.450,-0.05,9.8,-0.1,0.0,9.8,0.0,0.0,-6.1E-4
87.500,-0.05,9.9,-0.3,0.0,9.9,0.0,0.0,-6.1E-4,,,,,,,,,,,,,,,,,,,87.500,-0.02,9.9,0.0,0.0,9.9,0.0,0.0,-6.1E-4,,,,,,,,,,87.500,-0.05,9.8,-0.1,0.0,9.8,0.0,0.0,-6.1E-4
87.550,-0.05,9.8,-0.1,-0.1,9.8,0.0,0.0,-6.1E-4,,,,,,,,,,,,,,,,,,,87.550,-0.01,9.8,-0.1,0.0,9.8,0.0,0.0,0.0,,,,,,,,,,87.550,-0.05,9.8,-0.1,0.0,9.8,0.0,0.0,6.1E-4
87.600,-0.04,9.9,-0.3,-0.1,9.9,0.0,0.0,0.0,,,,,,,,,,,,,,,,,,,87.600,-0.01,9.8,0.0,0.0,9.8,0.0,0.0,6.1E-4,,,,,,,,,,87.600,-0.05,9.8,-0.1,0.0,9.8,0.0,0.0,-6.1E-4
87.650,-0.04,9.8,-0.2,-0.1,9.8,0.0,0.0,-6.1E-4,,,,,,,,,,,,,,,,,,,87.650,-0.01,9.8,0.0,0.0,9.8,0.0,0.0,-6.1E-4,,,,,,,,,,87.650,-0.04,9.8,-0.1,0.0,9.8,0.0,0.0,6.1E-4
87.700,-0.04,9.8,-0.2,-0.1,9.8,0.0,0.0,0.0,,,,,,,,,,,,,,,,,,,87.700,-0.02,9.8,0.0,0.0,9.8,0.0,0.0,6.1E-4,,,,,,,,,,87.700,-0.05,9.8,-0.1,0.0,9.8,0.0,0.0,-6.1E-4
87.750,-0.03,9.8,-0.2,-0.1,9.8,0.0,0.0,0.0,,,,,,,,,,,,,,,,,,,87.750,-0.02,9.8,-0.1,0.0,9.8,0.0,0.0,0.0,,,,,,,,,,87.750,-0.05,9.8,-0.1,0.0,9.8,0.0,0.0,-6.1E-4
87.800,-0.05,9.8,-0.2,-0.1,9.8,-1.2E-4,0.0,0.0,,,,,,,,,,,,,,,,,,,87.800,-0.03,9.8,0.0,0.0,9.8,0.0,0.0,0.0,,,,,,,,,,87.800,-0.04,9.8,-0.1,0.0,9.8,0.0,0.0,0.0
87.850,-0.05,9.8,-0.3,-0.1,9.8,0.0,0.0,0.0,,,,,,,,,,,,,,,,,,,87.850,-0.02,9.8,-0.1,0.0,9.8,0.0,0.0,0.0,,,,,,,,,,87.850,-0.05,9.8,-0.1,0.0,9.8,0.0,0.0,-6.1E-4
87.900,-0.05,9.8,-0.3,0.0,9.8,0.0,0.0,-6.1E-4,,,,,,,,,,,,,,,,,,,87.900,-0.03,9.8,-0.2,0.0,9.8,0.0,0.0,-6.1E-4,,,,,,,,,,87.900,-0.05,9.8,0.0,0.0,9.8,0.0,0.0,-6.1E-4
87.950,-0.06,9.8,-0.3,-0.1,9.8,0.0,0.0,0.0,,,,,,,,,,,,,,,,,,,87.950,0.00,9.9,0.1,0.0,9.9,0.0,0.0,0.0,,,,,,,,,,87.950,-0.05,9.8,-0.1,0.0,9.8,0.0,0.0,6.1E-4
88.000,-0.05,9.8,-0.3,-0.1,9.8,-0.1,0.0,0.0,,,,,,,,,,,,,,,,,,,88.000,-0.01,9.8,0.0,0.1,9.8,0.0,0.0,0.0,,,,,,,,,,88.000,-0.06,9.8,-0.1,0.0,9.8,0.0,0.0,6.1E-4
88.050,-0.05,9.9,-0.1,-0.1,9.9,0.0,0.0,0.0,,,,,,,,,,,,,,,,,,,88.050,0.00,9.8,-0.1,0.0,9.8,0.0,0.0,6.1E-4,,,,,,,,,,88.050,-0.05,9.8,-0.1,0.0,9.8,0.0,0.0,-6.1E-4
88.100,-0.05,9.8,-0.2,0.0,9.8,0.0,0.0,6.1E-4,,,,,,,,,,,,,,,,,,,88.100,-0.02,9.8,-0.1,0.0,9.8,0.0,0.0,0.0,,,,,,,,,,88.100,-0.06,9.8,0.0,0.0,9.8,0.0,0.0,-6.1E-4
88.150,-0.05,9.8,-0.3,-0.1,9.8,-1.2E-4,0.0,0.0,,,,,,,,,,,,,,,,,,,88.150,-0.01,9.9,0.0,0.1,9.9,0.0,0.0,6.1E-4,,,,,,,,,,88.150,-0.05,9.8,-0.1,0.0,9.8,0.0,0.0,6.1E-4
88.200,-0.05,9.8,-0.4,0.0,9.8,0.0,0.0,0.0,,,,,,,,,,,,,,,,,,,88.200,-0.01,9.9,0.0,0.0,9.9,0.0,0.0,-6.1E-4,,,,,,,,,,88.200,-0.05,9.8,-0.1,0.0,9.8,0.0,0.0,-6.1E-4
88.250,-0.05,9.9,-0.2,-0.1,9.9,0.0,0.0,0.0,,,,,,,,,,,,,,,,,,,88.250,-0.02,9.8,0.0,0.0,9.8,0.0,0.0,6.1E-4,,,,,,,,,,88.250,-0.06,9.8,-0.1,0.0,9.8,0.0,0.0,6.1E-4
88.300,-0.05,9.8,0.0,0.0,9.8,0.0,0.0,0.0,,,,,,,,,,,,,,,,,,,88.300,-0.01,9.8,-0.2,0.0,9.8,0.0,0.0,0.0,,,,,,,,,,88.300,-0.06,9.8,-0.1,0.0,9.8,0.0,0.0,6.1E-4
88.350,-0.04,9.9,-0.2,-0.1,9.9,0.1,0.0,0.0,,,,,,,,,,,,,,,,,,,88.350,-0.02,9.8,0.1,0.0,9.8,0.0,0.0,6.1E-4,,,,,,,,,,88.350,-0.05,9.8,-0.1,0.0,9.8,0.0,0.0,-6.1E-4
88.400,-0.05,9.9,-0.4,0.0,9.9,0.1,0.0,0.0,,,,,,,,,,,,,,,,,,,88.400,-0.01,9.8,0.0,0.0,9.8,0.0,0.0,6.1E-4,,,,,,,,,,88.400,-0.05,9.8,-0.1,0.0,9.8,0.0,0.0,6.1E-4
88.450,-0.04,9.9,-0.3,-0.2,9.9,0.1,0.0,0.0,,,,,,,,,,,,,,,,,,,88.450,-0.02,9.8,-0.1,0.0,9.8,0.0,0.0,-6.1E-4,,,,,,,,,,88.450,-0.05,9.8,-0.1,0.0,9.8,0.0,0.0,0.0
88.500,-0.05,9.8,-0.3,0.0,9.8,0.0,0.0,0.0,,,,,,,,,,,,,,,,,,,88.500,-0.03,9.8,-0.1,-0.1,9.8,0.0,0.0,0.0,,,,,,,,,,88.500,-0.05,9.8,-0.1,0.0,9.8,0.0,0.0,-6.1E-4
88.550,-0.04,9.8,-0.2,-0.1,9.8,0.0,0.0,0.0,,,,,,,,,,,,,,,,,,,88.550,-0.03,9.9,0.0,0.0,9.9,0.0,0.0,-6.1E-4,,,,,,,,,,88.550,-0.05,9.8,-0.1,0.0,9.8,0.0,0.0,6.1E-4
88.600,-0.04,9.8,-0.3,-0.1,9.8,0.0,0.0,0.0,,,,,,,,,,,,,,,,,,,88.600,-0.04,9.8,0.0,0.0,9.8,0.0,0.0,-6.1E-4,,,,,,,,,,88.600,-0.05,9.8,-0.1,0.0,9.8,0.0,0.0,6.1E-4
88.650,-0.05,9.8,-0.3,-0.1,9.8,0.0,0.0,0.0,,,,,,,,,,,,,,,,,,,88.650,-0.03,9.8,0.0,0.0,9.8,0.0,0.0,-6.1E-4,,,,,,,,,,88.650,-0.05,9.8,-0.1,0.0,9.8,0.0,0.0,-6.1E-4
88.700,-0.05,9.8,-0.2,-0.1,9.8,0.0,0.0,0.0,,,,,,,,,,,,,,,,,,,88.700,-0.02,9.8,-0.1,0.0,9.8,0.0,0.0,0.0,,,,,,,,,,88.700,-0.05,9.8,-0.1,0.0,9.8,0.0,0.0,6.1E-4
88.750,-0.05,9.9,-0.3,0.0,9.9,0.0,0.0,0.0,,,,,,,,,,,,,,,,,,,88.750,-0.03,9.9,0.0,0.0,9.9,0.0,0.0,6.1E-4,,,,,,,,,,88.750,-0.05,9.8,-0.1,0.0,9.8,0.0,0.0,6.1E-4
88.800,-0.05,9.8,-0.1,-0.1,9.8,0.0,0.0,0.0,,,,,,,,,,,,,,,,,,,88.800,-0.02,9.9,0.0,0.0,9.9,0.0,0.0,6.1E-4,,,,,,,,,,88.800,-0.05,9.8,-0.1,0.0,9.8,0.0,0.0,6.1E-4
88.850,-0.05,9.8,-0.2,0.0,9.8,0.0,0.0,0.0,,,,,,,,,,,,,,,,,,,88.850,-0.02,9.8,0.0,0.0,9.8,0.0,0.0,6.1E-4,,,,,,,,,,88.850,-0.05,9.8,-0.1,0.0,9.8,0.0,0.0,-6.1E-4
88.900,-0.05,9.8,-0.2,-0.2,9.8,0.0,0.0,0.0,,,,,,,,,,,,,,,,,,,88.900,-0.02,9.8,-0.1,0.0,9.8,0.0,0.0,0.0,,,,,,,,,,88.900,-0.04,9.8,-0.1,0.0,9.8,0.0,0.0,-6.1E-4
88.950,-0.05,9.9,-0.1,0.0,9.9,0.0,0.0,-6.1E-4,,,,,,,,,,,,,,,,,,,88.950,-0.03,9.9,0.0,0.0,9.9,0.0,0.0,6.1E-4,,,,,,,,,,88.950,-0.05,9.8,-0.1,0.0,9.8,0.0,0.0,6.1E-4
89.000,-0.04,9.8,-0.2,-0.1,9.8,0.0,0.0,0.0,,,,,,,,,,,,,,,,,,,89.000,-0.03,9.8,0.0,0.0,9.8,0.0,0.0,-6.1E-4,,,,,,,,,,89.000,-0.05,9.8,0.0,0.0,9.8,0.0,0.0,-6.1E-4
89.050,-0.03,9.9,-0.3,0.0,9.9,0.0,0.0,0.0,,,,,,,,,,,,,,,,,,,89.050,-0.04,9.8,-0.1,0.0,9.8,0.0,0.0,6.1E-4,,,,,,,,,,89.050,-0.05,9.8,-0.1,0.0,9.8,0.0,0.0,-6.1E-4
89.100,-0.04,9.8,-0.2,-0.1,9.8,0.0,0.0,0.0,,,,,,,,,,,,,,,,,,,89.100,-0.04,9.8,-0.1,0.0,9.8,0.0,0.0,-6.1E-4,,,,,,,,,,89.100,-0.05,9.8,-0.1,0.0,9.8,0.0,0.0,6.1E-4
89.150,-0.04,9.8,-0.2,-0.1,9.8,0.0,0.0,0.0,,,,,,,,,,,,,,,,,,,89.150,-0.04,9.9,0.0,0.0,9.9,0.0,0.0,-6.1E-4,,,,,,,,,,89.150,-0.06,9.8,-0.1,0.0,9.8,0.0,0.0,-6.1E-4
89.200,-0.05,9.8,-0.2,-0.1,9.8,0.0,0.0,0.0,,,,,,,,,,,,,,,,,,,89.200,-0.03,9.9,0.0,0.0,9.9,0.0,0.0,0.0,,,,,,,,,,89.200,-0.06,9.8,-0.1,0.0,9.8,0.0,0.0,6.1E-4
89.250,-0.04,9.8,-0.2,-0.1,9.8,0.0,0.0,0.0,,,,,,,,,,,,,,,,,,,89.250,-0.03,9.8,-0.1,0.0,9.8,0.0,0.0,-6.1E-4,,,,,,,,,,89.250,-0.06,9.8,-0.1,0.0,9.8,0.0,0.0,-6.1E-4
89.300,-0.05,9.8,-0.2,-0.1,9.8,0.0,0.0,0.0,,,,,,,,,,,,,,,,,,,89.300,-0.04,9.8,0.0,0.0,9.8,0.0,0.0,-6.1E-4,,,,,,,,,,89.300,-0.05,9.8,-0.1,0.0,9.8,0.0,0.0,-6.1E-4
89.350,-0.04,9.8,-0.2,-0.1,9.8,0.0,0.0,0.0,,,,,,,,,,,,,,,,,,,89.350,-0.04,9.8,0.0,0.0,9.8,0.0,0.0,6.1E-4,,,,,,,,,,89.350,-0.05,9.8,-0.1,0.0,9.8,0.0,0.0,-6.1E-4
89.400,-0.04,9.8,-0.1,-0.1,9.8,0.0,0.0,0.0,,,,,,,,,,,,,,,,,,,89.400,-0.04,9.8,0.0,0.0,9.8,0.0,0.0,-6.1E-4,,,,,,,,,,89.400,-0.05,9.8,0.0,0.0,9.8,0.0,0.0,6.1E-4
89.450,-0.05,9.8,-0.1,-0.1,9.8,0.0,0.0,0.0,,,,,,,,,,,,,,,,,,,89.450,-0.03,9.8,-0.1,0.0,9.8,0.0,0.0,6.1E-4,,,,,,,,,,89.450,-0.05,9.8,-0.1,0.0,9.8,0.0,0.0,-6.1E-4
89.500,-0.06,9.8,-0.2,0.0,9.8,0.0,0.0,0.0,,,,,,,,,,,,,,,,,,,89.500,-0.03,9.8,0.0,0.0,9.8,0.0,0.0,6.1E-4,,,,,,,,,,89.500,-0.04,9.8,-0.1,0.0,9.8,0.0,0.0,-6.1E-4
89.550,-0.05,9.8,-0.2,-0.1,9.8,0.0,0.0,0.0,,,,,,,,,,,,,,,,,,,89.550,-0.03,9.8,0.0,0.0,9.8,0.0,0.0,0.0,,,,,,,,,,89.550,-0.05,9.8,-0.1,0.0,9.8,0.0,0.0,6.1E-4
89.600,-0.05,9.9,-0.2,0.0,9.9,-1.2E-4,0.0,0.0,,,,,,,,,,,,,,,,,,,89.600,-0.04,9.8,0.0,0.0,9.8,0.0,0.0,-6.1E-4,,,,,,,,,,89.600,-0.05,9.8,0.0,0.0,9.8,0.0,0.0,6.1E-4
89.650,-0.05,9.8,-0.2,-0.1,9.8,0.0,0.0,0.0,,,,,,,,,,,,,,,,,,,89.650,-0.04,9.8,0.0,0.0,9.8,0.0,0.0,-6.1E-4,,,,,,,,,,89.650,-0.05,9.8,-0.1,0.0,9.8,0.0,0.0,6.1E-4
89.700,-0.06,9.8,-0.1,-0.1,9.8,0.0,0.0,-6.1E-4,,,,,,,,,,,,,,,,,,,89.700,-0.03,9.8,-0.1,0.0,9.8,0.0,0.0,-6.1E-4,,,,,,,,,,89.700,-0.05,9.8,-0.1,0.0,9.8,0.0,0.0,-6.1E-4
89.750,-0.05,9.8,-0.3,0.0,9.8,0.0,0.0,0.0,,,,,,,,,,,,,,,,,,,89.750,-0.04,9.8,0.0,0.0,9.8,0.0,0.0,6.1E-4,,,,,,,,,,89.750,-0.05,9.8,-0.1,0.0,9.8,0.0,0.0,-6.1E-4
89.800,-0.05,9.8,-0.2,-0.1,9.8,0.0,0.0,0.0,,,,,,,,,,,,,,,,,,,89.800,-0.01,9.8,0.0,0.0,9.8,0.0,0.0,0.0,,,,,,,,,,89.800,-0.05,9.8,-0.1,0.0,9.8,0.0,0.0,-6.1E-4
89.850,-0.06,9.8,-0.2,-0.1,9.8,0.0,0.0,0.0,,,,,,,,,,,,,,,,,,,89.850,-0.03,9.8,-0.1,0.0,9.8,0.0,0.0,6.1E-4,,,,,,,,,,89.850,-0.05,9.8,-0.1,0.0,9.8,0.0,0.0,-6.1E-4
89.900,-0.06,9.9,-0.2,-0.1,9.9,0.0,0.0,0.0,,,,,,,,,,,,,,,,,,,89.900,-0.03,9.8,0.0,0.0,9.8,0.0,0.0,-6.1E-4,,,,,,,,,,89.900,-0.05,9.8,-0.1,0.0,9.8,0.0,0.0,-6.1E-4
89.950,-0.06,9.8,-0.2,0.0,9.8,0.0,0.0,-6.1E-4,,,,,,,,,,,,,,,,,,,89.950,-0.04,9.9,0.0,0.0,9.9,0.0,0.0,6.1E-4,,,,,,,,,,89.950,-0.05,9.8,-0.1,0.0,9.8,0.0,0.0,-6.1E-4
90.000,-0.06,9.8,-0.1,-0.1,9.8,0.0,0.0,0.0,,,,,,,,,,,,,,,,,,,90.000,-0.05,9.8,-0.1,0.0,9.8,0.0,0.0,-6.1E-4,,,,,,,,,,90.000,-0.05,9.8,0.0,0.0,9.8,0.0,0.0,6.1E-4
90.050,-0.06,9.8,-0.2,-0.1,9.8,0.0,0.0,-6.1E-4,,,,,,,,,,,,,,,,,,,90.050,-0.05,9.8,0.0,0.0,9.8,0.0,0.0,-6.1E-4,,,,,,,,,,90.050,-0.04,9.8,-0.1,0.0,9.8,0.0,0.0,6.1E-4
90.100,-0.05,9.8,-0.2,-0.1,9.8,0.0,0.0,0.0,,,,,,,,,,,,,,,,,,,90.100,-0.05,9.8,0.0,0.0,9.8,0.0,0.0,0.0,,,,,,,,,,90.100,-0.04,9.8,-0.1,0.0,9.8,0.0,0.0,6.1E-4
90.150,-0.05,9.8,-0.2,-0.1,9.8,0.0,0.0,0.0,,,,,,,,,,,,,,,,,,,90.150,-0.05,9.8,0.0,0.0,9.8,0.0,0.0,-6.1E-4,,,,,,,,,,90.150,-0.05,9.8,-0.1,0.0,9.8,0.0,0.0,-6.1E-4
90.200,-0.05,9.9,-0.1,-0.1,9.9,0.0,0.0,0.0,,,,,,,,,,,,,,,,,,,90.200,-0.03,9.8,-0.1,0.0,9.8,0.0,0.0,6.1E-4,,,,,,,,,,90.200,-0.04,9.8,0.0,0.0,9.8,0.0,0.0,6.1E-4
90.250,-0.05,9.8,-0.2,-0.1,9.8,0.0,0.0,6.1E-4,,,,,,,,,,,,,,,,,,,90.250,-0.05,9.8,-0.1,0.0,9.8,0.0,0.0,0.0,,,,,,,,,,90.250,-0.04,9.8,-0.1,0.0,9.8,0.0,0.0,-6.1E-4
90.300,-0.06,9.8,-0.2,-0.1,9.8,0.0,0.0,0.0,,,,,,,,,,,,,,,,,,,90.300,-0.05,9.8,0.0,0.0,9.8,0.0,0.0,6.1E-4,,,,,,,,,,90.300,-0.05,9.8,-0.1,0.0,9.8,0.0,0.0,-6.1E-4
90.350,-0.05,9.8,-0.1,-0.1,9.8,0.0,0.0,0.0,,,,,,,,,,,,,,,,,,,90.350,-0.04,9.9,1.9E-4,0.0,9.9,0.0,0.0,6.1E-4,,,,,,,,,,90.350,-0.04,9.8,-0.1,0.0,9.8,0.0,0.0,-6.1E-4
90.400,-0.05,9.8,-0.2,-0.1,9.8,-1.2E-4,0.0,-6.1E-4,,,,,,,,,,,,,,,,,,,90.400,-0.05,9.8,0.0,0.0,9.8,0.0,0.0,6.1E-4,,,,,,,,,,90.400,-0.04,9.8,-0.1,0.0,9.8,0.0,0.0,6.1E-4
90.450,-0.05,9.8,-0.2,-0.1,9.8,0.0,0.0,0.0,,,,,,,,,,,,,,,,,,,90.450,-0.04,9.8,0.0,0.0,9.8,0.0,0.0,0.0,,,,,,,,,,90.450,-0.05,9.8,-0.1,0.0,9.8,0.0,0.0,-6.1E-4
90.500,-0.05,9.8,-0.2,-0.1,9.8,0.0,0.0,0.0,,,,,,,,,,,,,,,,,,,90.500,-0.05,9.8,0.0,0.0,9.8,0.0,0.0,-6.1E-4,,,,,,,,,,90.500,-0.06,9.8,-0.1,0.0,9.8,0.0,0.0,6.1E-4
90.550,-0.05,9.8,-0.2,-0.1,9.8,-1.2E-4,0.0,0.0,,,,,,,,,,,,,,,,,,,90.550,-0.04,9.8,-0.1,0.0,9.8,0.0,0.0,-6.1E-4,,,,,,,,,,90.550,-0.07,9.8,-0.1,0.0,9.8,0.0,0.0,6.1E-4
90.600,-0.05,9.8,-0.2,-0.1,9.8,0.0,0.0,0.0,,,,,,,,,,,,,,,,,,,90.600,-0.04,9.8,0.0,0.0,9.8,0.0,0.0,-6.1E-4,,,,,,,,,,90.600,-0.06,9.8,-0.1,0.0,9.8,0.0,0.0,6.1E-4
90.650,-0.05,9.8,-0.2,0.0,9.8,0.0,0.0,0.0,,,,,,,,,,,,,,,,,,,90.650,-0.04,9.8,-0.1,0.0,9.8,0.0,0.0,6.1E-4,,,,,,,,,,90.650,-0.06,9.8,-0.1,0.0,9.8,0.0,0.0,-6.1E-4
90.700,-0.04,9.9,-0.2,0.0,9.9,0.0,0.0,0.0,,,,,,,,,,,,,,,,,,,90.700,-0.04,9.8,0.0,0.0,9.8,0.0,0.0,-6.1E-4,,,,,,,,,,90.700,-0.05,9.8,-0.1,0.0,9.8,0.0,0.0,-6.1E-4
90.750,-0.05,9.8,-0.1,-0.1,9.8,0.0,0.0,0.0,,,,,,,,,,,,,,,,,,,90.750,-0.05,9.8,-0.1,0.0,9.8,0.0,0.0,-6.1E-4,,,,,,,,,,90.750,-0.05,9.8,-0.1,0.0,9.8,0.0,0.0,-6.1E-4
90.800,-0.05,9.8,-0.1,-0.1,9.8,0.0,0.0,6.1E-4,,,,,,,,,,,,,,,,,,,90.800,-0.05,9.8,-0.1,0.0,9.8,0.0,0.0,-6.1E-4,,,,,,,,,,90.800,-0.06,9.8,-0.1,0.0,9.8,0.0,0.0,6.1E-4
90.850,-0.05,9.8,-0.2,-0.1,9.8,0.0,0.0,0.0,,,,,,,,,,,,,,,,,,,90.850,-0.04,9.8,0.0,0.0,9.8,0.0,0.0,-6.1E-4,,,,,,,,,,90.850,-0.06,9.8,-0.1,0.0,9.8,0.0,0.0,-6.1E-4
90.900,-0.06,9.9,-0.2,-0.1,9.9,0.0,0.0,0.0,,,,,,,,,,,,,,,,,,,90.900,-0.04,9.8,0.0,0.0,9.8,0.0,0.0,-6.1E-4,,,,,,,,,,90.900,-0.05,9.8,-0.1,0.0,9.8,0.0,0.0,6.1E-4
90.950,-0.05,9.8,-0.3,0.0,9.8,0.0,0.0,0.0,,,,,,,,,,,,,,,,,,,90.950,-0.04,9.8,-0.1,0.0,9.8,0.0,0.0,-6.1E-4,,,,,,,,,,90.950,-0.06,9.8,-0.1,0.0,9.8,0.0,0.0,-6.1E-4
91.000,-0.05,9.9,-0.2,-0.1,9.9,0.0,0.0,0.0,,,,,,,,,,,,,,,,,,,91.000,-0.04,9.8,-0.1,0.0,9.8,0.0,0.0,6.1E-4,,,,,,,,,,91.000,-0.06,9.8,-0.1,0.0,9.8,0.0,0.0,-6.1E-4
91.050,-0.04,9.7,-0.2,-0.1,9.7,0.0,0.0,0.0,,,,,,,,,,,,,,,,,,,91.050,-0.04,9.8,-0.1,0.0,9.8,0.0,0.0,6.1E-4,,,,,,,,,,91.050,-0.05,9.8,-0.1,0.0,9.8,0.0,0.0,6.1E-4
91.100,-0.04,9.8,-0.2,-0.1,9.8,0.0,0.0,0.0,,,,,,,,,,,,,,,,,,,91.100,-0.02,9.8,0.0,0.0,9.8,0.0,0.0,-6.1E-4,,,,,,,,,,91.100,-0.05,9.8,-0.1,0.0,9.8,0.0,0.0,-6.1E-4
91.150,-0.03,9.8,-0.2,-0.1,9.8,0.0,0.0,0.0,,,,,,,,,,,,,,,,,,,91.150,-0.03,9.8,0.0,0.0,9.8,0.0,0.0,-6.1E-4,,,,,,,,,,91.150,-0.06,9.8,-0.1,0.0,9.8,0.0,0.0,6.1E-4
91.200,-0.04,9.9,-0.1,-0.1,9.9,0.0,0.0,0.0,,,,,,,,,,,,,,,,,,,91.200,-0.02,9.8,0.0,0.0,9.8,0.0,0.0,-6.1E-4,,,,,,,,,,91.200,-0.05,9.8,-0.1,0.0,9.8,0.0,0.0,6.1E-4
91.250,-0.04,10.0,-0.3,0.2,10.0,-1.2E-4,0.0,0.0,,,,,,,,,,,,,,,,,,,91.250,-0.02,9.8,-0.1,0.0,9.8,0.0,0.0,6.1E-4,,,,,,,,,,91.250,-0.05,9.8,-0.1,0.0,9.8,0.0,0.0,6.1E-4
91.300,-0.05,9.8,-0.2,-0.1,9.8,0.0,0.0,0.0,,,,,,,,,,,,,,,,,,,91.300,-0.04,9.8,0.0,0.0,9.8,0.0,0.0,-6.1E-4,,,,,,,,,,91.300,-0.05,9.8,-0.1,0.0,9.8,0.0,0.0,-6.1E-4
91.350,-0.04,9.8,-0.1,-0.2,9.8,0.0,0.0,0.0,,,,,,,,,,,,,,,,,,,91.350,-0.02,9.8,-0.1,0.0,9.8,0.0,0.0,-6.1E-4,,,,,,,,,,91.350,-0.04,9.8,-0.1,0.0,9.8,0.0,0.0,-6.1E-4
91.400,-0.03,9.9,-0.4,0.1,9.9,0.0,0.0,0.0,,,,,,,,,,,,,,,,,,,91.400,-0.03,9.8,-0.1,0.0,9.8,0.0,0.0,-6.1E-4,,,,,,,,,,91.400,-0.04,9.8,-0.1,0.0,9.8,0.0,0.0,6.1E-4
91.450,-0.04,9.8,-0.1,-0.1,9.8,0.0,0.0,0.0,,,,,,,,,,,,,,,,,,,91.450,-0.02,9.9,1.9E-4,0.0,9.9,0.0,0.0,-6.1E-4,,,,,,,,,,91.450,-0.06,9.8,-0.1,0.0,9.8,0.0,0.0,6.1E-4
91.500,-0.03,9.8,-0.2,-0.1,9.8,0.0,0.0,0.0,,,,,,,,,,,,,,,,,,,91.500,-0.03,9.8,-0.1,0.0,9.8,0.0,0.0,-6.1E-4,,,,,,,,,,91.500,-0.04,9.8,-0.1,0.0,9.8,0.0,0.0,-6.1E-4
91.550,-0.05,9.9,-0.2,0.0,9.9,0.0,0.0,-6.1E-4,,,,,,,,,,,,,,,,,,,91.550,-0.02,9.8,-0.1,0.0,9.8,0.0,0.0,6.1E-4,,,,,,,,,,91.550,-0.05,9.8,-0.1,0.0,9.8,0.0,0.0,-6.1E-4
91.600,-0.06,9.8,-0.3,-0.1,9.8,0.0,0.0,0.0,,,,,,,,,,,,,,,,,,,91.600,-0.04,9.8,0.0,0.0,9.8,0.0,0.0,-6.1E-4,,,,,,,,,,91.600,-0.04,9.8,-0.1,0.0,9.8,0.0,0.0,-6.1E-4
91.650,-0.05,9.8,-0.3,-0.1,9.8,0.0,0.0,0.0,,,,,,,,,,,,,,,,,,,91.650,-0.03,9.8,-0.1,0.0,9.8,0.0,0.0,6.1E-4,,,,,,,,,,91.650,-0.04,9.8,-0.1,0.0,9.8,0.0,0.0,6.1E-4
91.700,-0.04,9.8,-0.4,0.0,9.8,-0.1,0.0,0.0,,,,,,,,,,,,,,,,,,,91.700,-0.04,9.8,-0.1,0.0,9.8,0.0,0.0,-6.1E-4,,,,,,,,,,91.700,-0.05,9.8,-0.1,0.0,9.8,0.0,0.0,-6.1E-4
91.750,-0.06,9.9,0.0,-0.1,9.9,-0.1,0.0,0.0,,,,,,,,,,,,,,,,,,,91.750,-0.03,9.8,-0.1,0.0,9.8,0.0,0.0,-6.1E-4,,,,,,,,,,91.750,-0.05,9.8,-0.1,0.0,9.8,0.0,0.0,-6.1E-4
91.800,-0.05,9.8,-0.2,-0.1,9.8,0.0,0.0,0.0,,,,,,,,,,,,,,,,,,,91.800,-0.03,9.8,0.0,0.0,9.8,0.0,0.0,-6.1E-4,,,,,,,,,,91.800,-0.04,9.8,-0.1,0.0,9.8,0.0,0.0,-6.1E-4
91.850,-0.04,9.9,1.9E-4,0.0,9.9,0.0,0.0,6.1E-4,,,,,,,,,,,,,,,,,,,91.850,-0.04,9.8,0.0,0.0,9.8,0.0,0.0,6.1E-4,,,,,,,,,,91.850,-0.05,9.8,-0.1,0.0,9.8,0.0,0.0,6.1E-4
91.900,-0.04,9.8,-0.2,-0.1,9.8,0.1,0.0,0.0,,,,,,,,,,,,,,,,,,,91.900,-0.03,9.8,-0.1,0.0,9.8,0.0,0.0,-6.1E-4,,,,,,,,,,91.900,-0.04,9.8,-0.1,0.0,9.8,0.0,0.0,-6.1E-4
91.950,-0.05,9.9,-0.4,0.0,9.9,0.0,0.0,0.0,,,,,,,,,,,,,,,,,,,91.950,-0.04,9.8,0.0,0.0,9.8,0.0,0.0,0.0,,,,,,,,,,91.950,-0.05,9.8,-0.1,0.0,9.8,0.0,0.0,6.1E-4
92.000,-0.04,9.8,0.1,-0.2,9.8,0.0,0.0,0.0,,,,,,,,,,,,,,,,,,,92.000,-0.04,9.9,0.0,0.0,9.9,0.0,0.0,6.1E-4,,,,,,,,,,92.000,-0.05,9.8,-0.1,0.0,9.8,0.0,0.0,-6.1E-4
92.050,-0.04,9.8,-0.5,0.1,9.8,0.0,0.0,0.0,,,,,,,,,,,,,,,,,,,92.050,-0.03,9.8,-0.1,0.0,9.8,0.0,0.0,-6.1E-4,,,,,,,,,,92.050,-0.05,9.8,-0.1,0.0,9.8,0.0,0.0,-6.1E-4
92.100,-0.04,9.8,-0.5,-0.1,9.8,-0.1,0.0,0.0,,,,,,,,,,,,,,,,,,,92.100,-0.05,9.8,0.0,0.0,9.8,0.0,0.0,6.1E-4,,,,,,,,,,92.100,-0.06,9.8,-0.1,0.0,9.8,0.0,0.0,-6.1E-4
92.150,-0.04,9.9,0.3,0.0,9.9,0.0,0.0,0.0,,,,,,,,,,,,,,,,,,,92.150,-0.04,9.8,-0.1,0.0,9.8,0.0,0.0,6.1E-4,,,,,,,,,,92.150,-0.06,9.8,-0.1,0.0,9.8,0.0,0.0,-6.1E-4
92.200,-0.05,9.9,-0.5,-0.1,9.9,0.0,0.0,0.0,,,,,,,,,,,,,,,,,,,92.200,-0.04,9.8,-0.1,0.0,9.8,0.0,0.0,0.0,,,,,,,,,,92.200,-0.06,9.8,-0.1,0.0,9.8,0.0,0.0,6.1E-4
92.250,-0.04,9.8,-0.5,-0.1,9.8,0.0,0.0,0.0,,,,,,,,,,,,,,,,,,,92.250,-0.05,9.9,0.0,0.0,9.9,0.0,0.0,0.0,,,,,,,,,,92.250,-0.05,9.8,-0.1,0.0,9.8,0.0,0.0,-6.1E-4
92.300,-0.05,9.9,-0.2,0.1,9.9,-0.1,0.0,0.0,,,,,,,,,,,,,,,,,,,92.300,-0.05,9.9,0.0,0.1,9.9,0.0,0.0,-6.1E-4,,,,,,,,,,92.300,-0.05,9.8,-0.1,0.0,9.8,0.0,0.0,0.0
92.350,-0.04,9.8,-0.2,-0.2,9.8,0.0,0.0,0.0,,,,,,,,,,,,,,,,,,,92.350,-0.05,9.8,-0.1,0.0,9.8,0.0,0.0,6.1E-4,,,,,,,,,,92.350,-0.05,9.8,-0.1,0.0,9.8,0.0,0.0,6.1E-4
92.400,-0.04,9.9,-0.4,0.1,9.9,0.0,0.0,0.0,,,,,,,,,,,,,,,,,,,92.400,-0.05,9.8,-0.1,0.0,9.8,0.0,0.0,0.0,,,,,,,,,,92.400,-0.05,9.8,-0.1,0.0,9.8,0.0,0.0,-6.1E-4
92.450,-0.05,9.8,-0.2,-0.2,9.8,-0.1,0.0,0.0,,,,,,,,,,,,,,,,,,,92.450,-0.05,9.9,0.0,0.1,9.9,0.0,0.0,-6.1E-4,,,,,,,,,,92.450,-0.04,9.8,-0.1,0.0,9.8,0.0,0.0,-6.1E-4
92.500,-0.04,9.9,-0.2,0.1,9.9,0.0,0.0,0.0,,,,,,,,,,,,,,,,,,,92.500,-0.05,9.9,0.0,0.0,9.9,0.0,0.0,6.1E-4,,,,,,,,,,92.500,-0.04,9.8,-0.1,0.0,9.8,0.0,0.0,-6.1E-4
92.550,-0.04,9.7,-0.2,-0.3,9.7,0.0,0.0,0.0,,,,,,,,,,,,,,,,,,,92.550,-0.04,9.8,-0.1,0.0,9.8,0.0,0.0,-6.1E-4,,,,,,,,,,92.550,-0.04,9.8,-0.1,0.0,9.8,0.0,0.0,-6.1E-4
92.600,-0.04,9.9,-0.5,0.1,9.9,0.0,0.0,0.0,,,,,,,,,,,,,,,,,,,92.600,-0.04,9.8,-0.1,0.0,9.8,0.0,0.0,0.0,,,,,,,,,,92.600,-0.04,9.8,-0.1,0.0,9.8,0.0,0.0,6.1E-4
92.650,-0.04,9.7,-0.5,-0.2,9.7,0.0,0.0,0.0,,,,,,,,,,,,,,,,,,,92.650,-0.04,9.8,0.0,0.0,9.8,0.0,0.0,6.1E-4,,,,,,,,,,92.650,-0.05,9.8,-0.1,0.0,9.8,0.0,0.0,-6.1E-4
92.700,-0.04,9.9,-0.3,0.1,9.9,-0.1,0.0,0.0,,,,,,,,,,,,,,,,,,,92.700,-0.04,9.8,0.0,0.0,9.8,0.0,0.0,-6.1E-4,,,,,,,,,,92.700,-0.05,9.8,-0.1,0.0,9.8,0.0,0.0,6.1E-4
92.750,-0.04,9.8,-0.5,-0.2,9.8,0.0,0.0,0.0,,,,,,,,,,,,,,,,,,,92.750,-0.02,9.8,-0.1,0.0,9.8,0.0,0.0,-6.1E-4,,,,,,,,,,92.750,-0.04,9.8,-0.1,0.0,9.8,0.0,0.0,6.1E-4
92.800,-0.03,9.9,-0.3,0.0,9.9,0.0,0.0,0.0,,,,,,,,,,,,,,,,,,,92.800,-0.03,9.8,0.0,0.0,9.8,0.0,0.0,-6.1E-4,,,,,,,,,,92.800,-0.05,9.8,-0.1,0.0,9.8,0.0,0.0,-6.1E-4
92.850,-0.04,9.8,-0.3,-0.2,9.8,0.0,0.0,0.0,,,,,,,,,,,,,,,,,,,92.850,-0.04,9.9,0.0,0.0,9.9,0.0,0.0,-6.1E-4,,,,,,,,,,92.850,-0.04,9.8,-0.1,0.0,9.8,0.0,0.0,-6.1E-4
92.900,-0.04,9.8,-0.5,0.0,9.8,0.0,0.0,0.0,,,,,,,,,,,,,,,,,,,92.900,-0.03,9.8,-0.1,0.0,9.8,0.0,0.0,6.1E-4,,,,,,,,,,92.900,-0.04,9.8,-0.1,0.0,9.8,0.0,0.0,-6.1E-4
92.950,-0.02,9.8,-0.2,-0.1,9.8,0.0,0.0,0.0,,,,,,,,,,,,,,,,,,,92.950,-0.05,9.8,-0.1,0.0,9.8,0.0,0.0,0.0,,,,,,,,,,92.950,-0.04,9.8,-0.1,0.0,9.8,0.0,0.0,6.1E-4
93.000,-0.02,9.9,-0.4,-0.1,9.9,0.0,0.0,0.0,,,,,,,,,,,,,,,,,,,93.000,-0.05,9.8,0.0,0.0,9.8,0.0,0.0,-6.1E-4,,,,,,,,,,93.000,-0.06,9.8,-0.1,0.0,9.8,0.0,0.0,-6.1E-4
93.050,-0.04,9.8,-0.2,0.0,9.8,0.0,0.0,0.0,,,,,,,,,,,,,,,,,,,93.050,-0.05,9.9,0.0,0.0,9.9,0.0,0.0,6.1E-4,,,,,,,,,,93.050,-0.06,9.8,-0.1,0.0,9.8,0.0,0.0,0.0
93.100,-0.04,9.9,-0.4,-0.1,9.9,0.0,0.0,0.0,,,,,,,,,,,,,,,,,,,93.100,-0.04,9.8,0.0,0.0,9.8,0.0,0.0,-6.1E-4,,,,,,,,,,93.100,-0.05,9.8,-0.1,0.0,9.8,0.0,0.0,-6.1E-4
93.150,-0.04,9.8,-0.7,0.0,9.8,0.0,0.0,0.0,,,,,,,,,,,,,,,,,,,93.150,-0.03,9.8,-0.1,0.0,9.8,0.0,0.0,0.0,,,,,,,,,,93.150,-0.05,9.8,-0.1,0.0,9.8,0.0,0.0,6.1E-4
93.200,-0.04,9.9,-0.2,-0.2,9.9,0.0,0.0,0.0,,,,,,,,,,,,,,,,,,,93.200,-0.03,9.8,0.0,0.0,9.8,0.0,0.0,-6.1E-4,,,,,,,,,,93.200,-0.05,9.8,-0.1,0.0,9.8,0.0,0.0,-6.1E-4
93.250,-0.03,9.8,-0.6,0.0,9.8,0.0,0.0,6.1E-4,,,,,,,,,,,,,,,,,,,93.250,-0.03,9.8,0.0,0.0,9.8,0.0,0.0,-6.1E-4,,,,,,,,,,93.250,-0.05,9.8,-0.1,0.0,9.8,0.0,0.0,-6.1E-4
93.300,-0.04,9.8,-0.3,-0.2,9.8,0.0,0.0,0.0,,,,,,,,,,,,,,,,,,,93.300,-0.03,9.8,-0.1,0.0,9.8,0.0,0.0,0.0,,,,,,,,,,93.300,-0.05,9.8,-0.1,0.0,9.8,0.0,0.0,0.0
93.350,-0.03,9.8,-0.5,0.1,9.9,0.0,0.0,0.0,,,,,,,,,,,,,,,,,,,93.350,-0.03,9.8,-0.1,0.0,9.8,0.0,0.0,0.0,,,,,,,,,,93.350,-0.05,9.8,-0.1,0.0,9.8,0.0,0.0,6.1E-4
93.400,-0.03,9.8,-0.1,-0.2,9.8,0.0,0.0,0.0,,,,,,,,,,,,,,,,,,,93.400,-0.02,9.8,0.0,0.0,9.8,0.0,0.0,-6.1E-4,,,,,,,,,,93.400,-0.05,9.8,-0.1,0.0,9.8,0.0,0.0,-6.1E-4
93.450,-0.03,9.9,-0.7,0.1,9.9,0.0,0.0,0.0,,,,,,,,,,,,,,,,,,,93.450,-0.04,9.8,0.0,0.0,9.8,0.0,0.0,6.1E-4,,,,,,,,,,93.450,-0.06,9.8,-0.1,0.0,9.8,0.0,0.0,0.0
93.500,-0.04,9.7,-0.4,-0.1,9.8,-0.1,0.0,0.0,,,,,,,,,,,,,,,,,,,93.500,-0.03,9.8,-0.1,0.0,9.8,0.0,0.0,-6.1E-4,,,,,,,,,,93.500,-0.05,9.8,-0.1,0.0,9.8,0.0,0.0,6.1E-4
93.550,-0.03,9.9,-0.4,0.1,9.9,-0.1,0.0,0.0,,,,,,,,,,,,,,,,,,,93.550,-0.04,9.8,-0.1,0.0,9.8,0.0,0.0,6.1E-4,,,,,,,,,,93.550,-0.06,9.8,-0.1,0.0,9.8,0.0,0.0,-6.1E-4
93.600,-0.04,9.7,-0.1,-0.2,9.7,-0.1,0.0,0.0,,,,,,,,,,,,,,,,,,,93.600,-0.02,9.9,1.9E-4,0.0,9.9,0.0,0.0,-6.1E-4,,,,,,,,,,93.600,-0.06,9.8,-0.1,0.0,9.8,0.0,0.0,6.1E-4
93.650,-0.03,9.9,-0.5,0.1,9.9,0.0,0.0,0.0,,,,,,,,,,,,,,,,,,,93.650,-0.03,9.9,0.0,0.0,9.9,0.0,0.0,-6.1E-4,,,,,,,,,,93.650,-0.06,9.8,-0.1,0.0,9.8,0.0,0.0,-6.1E-4
93.700,-0.03,9.7,-0.2,-0.2,9.7,0.0,0.0,-6.1E-4,,,,,,,,,,,,,,,,,,,93.700,-0.04,9.8,-0.1,0.0,9.8,0.0,0.0,-6.1E-4,,,,,,,,,,93.700,-0.06,9.8,-0.1,0.0,9.8,0.0,0.0,6.1E-4
93.750,-0.03,9.9,-0.4,0.1,9.9,0.0,0.0,0.0,,,,,,,,,,,,,,,,,,,93.750,-0.04,9.8,0.0,0.0,9.8,0.0,0.0,-6.1E-4,,,,,,,,,,93.750,-0.07,9.8,-0.1,0.0,9.8,0.0,0.0,0.0
93.800,-0.02,9.8,-0.3,-0.1,9.8,0.0,0.0,0.0,,,,,,,,,,,,,,,,,,,93.800,-0.03,9.8,0.0,0.0,9.8,0.0,0.0,6.1E-4,,,,,,,,,,93.800,-0.07,9.8,-0.1,0.0,9.8,0.0,0.0,0.0
93.850,-0.04,9.8,-0.4,0.0,9.8,0.0,0.0,0.0,,,,,,,,,,,,,,,,,,,93.850,-0.04,9.8,-0.1,0.0,9.8,0.0,0.0,-6.1E-4,,,,,,,,,,93.850,-0.06,9.8,-0.1,0.0,9.8,0.0,0.0,-6.1E-4
93.900,-0.02,9.9,-0.5,0.0,9.9,0.0,0.0,0.0,,,,,,,,,,,,,,,,,,,93.900,-0.01,9.8,-0.1,0.0,9.8,0.0,0.0,6.1E-4,,,,,,,,,,93.900,-0.06,9.8,-0.1,0.0,9.8,0.0,0.0,6.1E-4
93.950,-0.04,9.8,-0.3,-0.1,9.8,0.0,0.0,0.0,,,,,,,,,,,,,,,,,,,93.950,-0.02,9.8,0.0,0.0,9.8,0.0,0.0,6.1E-4,,,,,,,,,,93.950,-0.05,9.8,-0.1,0.0,9.8,0.0,0.0,-6.1E-4
94.000,-0.04,9.9,-0.4,0.0,9.9,0.0,0.0,0.0,,,,,,,,,,,,,,,,,,,94.000,-0.03,9.8,-0.1,0.0,9.8,0.0,0.0,0.0,,,,,,,,,,94.000,-0.05,9.8,-0.1,0.0,9.8,0.0,0.0,6.1E-4
94.050,-0.04,9.8,-0.1,-0.1,9.8,0.0,0.0,0.0,,,,,,,,,,,,,,,,,,,94.050,-0.04,9.8,-0.1,0.0,9.8,0.0,0.0,-6.1E-4,,,,,,,,,,94.050,-0.05,9.8,-0.1,0.0,9.8,0.0,0.0,-6.1E-4
94.100,-0.03,9.9,-0.4,0.0,9.9,0.0,0.0,0.0,,,,,,,,,,,,,,,,,,,94.100,-0.03,9.8,-0.1,0.0,9.8,0.0,0.0,-6.1E-4,,,,,,,,,,94.100,-0.05,9.8,-0.1,0.0,9.8,0.0,0.0,-6.1E-4
94.150,-0.04,9.8,-0.4,-0.1,9.8,0.0,0.0,0.0,,,,,,,,,,,,,,,,,,,94.150,-0.03,9.9,1.9E-4,0.0,9.9,0.0,0.0,6.1E-4,,,,,,,,,,94.150,-0.04,9.8,-0.1,0.0,9.8,0.0,0.0,-6.1E-4
94.200,-0.05,9.8,-0.3,0.0,9.8,0.0,0.0,0.0,,,,,,,,,,,,,,,,,,,94.200,-0.03,9.9,1.9E-4,0.0,9.9,0.0,0.0,6.1E-4,,,,,,,,,,94.200,-0.05,9.8,-0.1,0.0,9.8,0.0,0.0,-6.1E-4
94.250,-0.04,9.8,-0.3,-0.1,9.8,0.0,0.0,0.0,,,,,,,,,,,,,,,,,,,94.250,-0.03,9.8,0.0,0.0,9.8,0.0,0.0,-6.1E-4,,,,,,,,,,94.250,-0.05,9.8,-0.1,0.0,9.8,0.0,0.0,0.0
94.300,-0.05,9.8,-0.4,0.0,9.8,0.0,0.0,0.0,,,,,,,,,,,,,,,,,,,94.300,-0.02,9.8,-0.1,0.0,9.8,0.0,0.0,-6.1E-4,,,,,,,,,,94.300,-0.04,9.8,-0.1,0.0,9.8,0.0,0.0,6.1E-4
94.350,-0.04,9.8,-0.2,-0.1,9.8,0.0,0.0,0.0,,,,,,,,,,,,,,,,,,,94.350,-0.04,9.8,0.0,0.0,9.8,0.0,0.0,-6.1E-4,,,,,,,,,,94.350,-0.06,9.8,-0.1,0.0,9.8,0.0,0.0,-6.1E-4
94.400,-0.06,9.8,-0.4,0.0,9.8,0.0,0.0,0.0,,,,,,,,,,,,,,,,,,,94.400,-0.02,9.8,0.0,0.0,9.8,0.0,0.0,-6.1E-4,,,,,,,,,,94.400,-0.05,9.8,-0.1,0.0,9.8,0.0,0.0,-6.1E-4
94.450,-0.05,9.8,-0.3,-0.1,9.8,0.0,0.0,-6.1E-4,,,,,,,,,,,,,,,,,,,94.450,-0.03,9.8,-0.1,0.0,9.8,0.0,0.0,-6.1E-4,,,,,,,,,,94.450,-0.05,9.8,-0.1,0.0,9.8,0.0,0.0,-6.1E-4
94.500,-0.05,9.8,-0.3,-0.1,9.8,0.0,0.0,0.0,,,,,,,,,,,,,,,,,,,94.500,-0.04,9.8,0.0,0.0,9.8,0.0,0.0,-6.1E-4,,,,,,,,,,94.500,-0.05,9.8,-0.1,0.0,9.8,0.0,0.0,6.1E-4
94.550,-0.04,9.8,-0.4,-0.1,9.8,0.0,0.0,0.0,,,,,,,,,,,,,,,,,,,94.550,-0.04,9.8,0.0,0.0,9.8,0.0,0.0,-6.1E-4,,,,,,,,,,94.550,-0.05,9.8,-0.1,0.0,9.8,0.0,0.0,6.1E-4
94.600,-0.04,9.9,-0.3,-0.1,9.9,0.0,0.0,-6.1E-4,,,,,,,,,,,,,,,,,,,94.600,-0.04,9.8,-0.1,0.0,9.8,0.0,0.0,6.1E-4,,,,,,,,,,94.600,-0.06,9.8,-0.1,0.0,9.8,0.0,0.0,-6.1E-4
94.650,-0.05,9.8,-0.3,-0.1,9.9,0.0,0.0,-6.1E-4,,,,,,,,,,,,,,,,,,,94.650,-0.04,9.8,0.0,0.0,9.8,0.0,0.0,0.0,,,,,,,,,,94.650,-0.05,9.8,-0.1,0.0,9.8,0.0,0.0,6.1E-4
94.700,-0.05,9.8,-0.6,0.0,9.8,-0.1,0.0,0.0,,,,,,,,,,,,,,,,,,,94.700,-0.05,9.8,-0.1,0.0,9.8,0.0,0.0,6.1E-4,,,,,,,,,,94.700,-0.05,9.8,-0.1,0.0,9.8,0.0,0.0,6.1E-4
94.750,-0.04,9.9,0.0,-0.1,9.9,-0.1,0.0,0.0,,,,,,,,,,,,,,,,,,,94.750,-0.04,9.8,-0.1,0.0,9.8,0.0,0.0,0.0,,,,,,,,,,94.750,-0.05,9.8,-0.1,0.0,9.8,0.0,0.0,6.1E-4
94.800,-0.05,9.8,-0.3,0.0,9.8,0.0,0.0,0.0,,,,,,,,,,,,,,,,,,,94.800,-0.05,9.8,-0.1,0.0,9.8,0.0,0.0,0.0,,,,,,,,,,94.800,-0.05,9.8,-0.1,0.0,9.8,0.0,0.0,6.1E-4
94.850,-0.05,9.9,-0.3,0.0,9.9,0.0,0.0,0.0,,,,,,,,,,,,,,,,,,,94.850,-0.04,9.8,-0.1,0.0,9.8,0.0,0.0,-6.1E-4,,,,,,,,,,94.850,-0.05,9.8,-0.1,0.0,9.8,0.0,0.0,-6.1E-4
94.900,-0.05,9.8,-0.4,0.0,9.8,0.0,0.0,6.1E-4,,,,,,,,,,,,,,,,,,,94.900,-0.04,9.8,0.0,0.0,9.8,0.0,0.0,6.1E-4,,,,,,,,,,94.900,-0.05,9.8,-0.1,0.0,9.8,0.0,0.0,-6.1E-4
94.950,-0.05,9.9,-0.3,-0.1,9.9,0.0,0.0,0.0,,,,,,,,,,,,,,,,,,,94.950,-0.03,9.8,-0.1,0.0,9.8,0.0,0.0,-6.1E-4,,,,,,,,,,94.950,-0.05,9.8,-0.1,0.0,9.8,0.0,0.0,0.0
95.000,-0.05,9.8,-0.3,0.0,9.8,0.0,0.0,0.0,,,,,,,,,,,,,,,,,,,95.000,-0.05,9.8,-0.1,0.0,9.8,0.0,0.0,-6.1E-4,,,,,,,,,,95.000,-0.05,9.8,-0.1,0.0,9.8,0.0,0.0,-6.1E-4
95.050,-0.04,9.8,-0.5,0.0,9.8,0.0,0.0,0.0,,,,,,,,,,,,,,,,,,,95.050,-0.05,9.8,0.0,0.0,9.8,0.0,0.0,-6.1E-4,,,,,,,,,,95.050,-0.05,9.8,-0.1,0.0,9.8,0.0,0.0,6.1E-4
95.100,-0.04,9.8,-0.6,-0.1,9.9,0.0,0.0,0.0,,,,,,,,,,,,,,,,,,,95.100,-0.05,9.8,-0.1,0.0,9.8,0.0,0.0,6.1E-4,,,,,,,,,,95.100,-0.05,9.8,-0.1,0.0,9.8,0.0,0.0,6.1E-4
95.150,-0.04,9.8,-0.2,-0.1,9.8,-0.1,0.0,0.0,,,,,,,,,,,,,,,,,,,95.150,-0.04,9.8,0.0,0.0,9.8,0.0,0.0,6.1E-4,,,,,,,,,,95.150,-0.05,9.8,-0.1,0.0,9.8,0.0,0.0,-6.1E-4
95.200,-0.05,9.8,-0.3,0.0,9.9,0.0,0.0,0.0,,,,,,,,,,,,,,,,,,,95.200,-0.04,9.8,0.0,0.0,9.8,0.0,0.0,-6.1E-4,,,,,,,,,,95.200,-0.05,9.8,-0.1,0.0,9.8,0.0,0.0,-6.1E-4
95.250,-0.06,9.8,-0.4,-0.1,9.8,0.0,0.0,0.0,,,,,,,,,,,,,,,,,,,95.250,-0.05,9.8,0.0,0.0,9.8,0.0,0.0,-6.1E-4,,,,,,,,,,95.250,-0.05,9.8,-0.1,0.0,9.8,0.0,0.0,-6.1E-4
95.300,-0.04,9.8,-0.4,0.0,9.8,0.0,0.0,0.0,,,,,,,,,,,,,,,,,,,95.300,-0.05,9.8,0.0,0.0,9.8,0.0,0.0,6.1E-4,,,,,,,,,,95.300,-0.04,9.8,-0.1,0.0,9.8,0.0,0.0,-6.1E-4
95.350,-0.05,9.9,-0.4,-0.1,9.9,0.0,0.0,0.0,,,,,,,,,,,,,,,,,,,95.350,-0.04,9.8,-0.1,0.0,9.8,0.0,0.0,0.0,,,,,,,,,,95.350,-0.04,9.8,-0.1,0.0,9.8,0.0,0.0,-6.1E-4
95.400,-0.04,9.8,-0.2,-0.1,9.8,0.0,0.0,6.1E-4,,,,,,,,,,,,,,,,,,,95.400,-0.04,9.8,0.0,0.0,9.8,0.0,0.0,0.0,,,,,,,,,,95.400,-0.04,9.8,-0.1,0.0,9.8,0.0,0.0,-6.1E-4
95.450,-0.03,9.8,-0.5,0.0,9.8,0.0,0.0,0.0,,,,,,,,,,,,,,,,,,,95.450,-0.04,9.8,-0.1,0.0,9.8,0.0,0.0,0.0,,,,,,,,,,95.450,-0.05,9.8,-0.1,0.0,9.8,0.0,0.0,6.1E-4
95.500,-0.05,9.7,-0.3,-0.1,9.7,0.0,0.0,0.0,,,,,,,,,,,,,,,,,,,95.500,-0.04,9.8,0.0,0.0,9.8,0.0,0.0,-6.1E-4,,,,,,,,,,95.500,-0.03,9.8,0.0,0.0,9.8,0.0,0.0,-6.1E-4
95.550,-0.04,9.8,-0.6,-0.1,9.9,0.0,0.0,0.0,,,,,,,,,,,,,,,,,,,95.550,-0.03,9.8,0.0,0.0,9.8,0.0,0.0,6.1E-4,,,,,,,,,,95.550,-0.04,9.8,-0.1,0.0,9.8,0.0,0.0,6.1E-4
95.600,-0.04,9.8,-0.5,0.0,9.9,-0.1,0.0,0.0,,,,,,,,,,,,,,,,,,,95.600,-0.02,9.8,-0.1,0.0,9.8,0.0,0.0,-6.1E-4,,,,,,,,,,95.600,-0.05,9.8,-0.1,0.0,9.8,0.0,0.0,-6.1E-4
95.650,-0.04,9.8,-0.2,-0.1,9.8,-0.1,0.0,0.0,,,,,,,,,,,,,,,,,,,95.650,-0.02,9.8,-0.1,0.0,9.8,0.0,0.0,6.1E-4,,,,,,,,,,95.650,-0.05,9.8,-0.1,0.0,9.8,0.0,0.0,0.0
95.700,-0.03,9.8,-0.3,0.0,9.8,0.0,0.0,0.0,,,,,,,,,,,,,,,,,,,95.700,-0.03,9.8,0.0,0.0,9.8,0.0,0.0,6.1E-4,,,,,,,,,,95.700,-0.06,9.8,-0.1,0.0,9.8,0.0,0.0,0.0
95.750,-0.04,9.8,-0.3,-0.1,9.8,0.0,0.0,0.0,,,,,,,,,,,,,,,,,,,95.750,-0.04,9.8,0.0,0.0,9.8,0.0,0.0,-6.1E-4,,,,,,,,,,95.750,-0.06,9.8,-0.1,0.0,9.8,0.0,0.0,-6.1E-4
95.800,-0.04,9.9,-0.5,0.1,9.9,0.0,0.0,0.0,,,,,,,,,,,,,,,,,,,95.800,-0.03,9.8,-0.1,0.0,9.8,0.0,0.0,-6.1E-4,,,,,,,,,,95.800,-0.05,9.8,-0.1,0.0,9.8,0.0,0.0,6.1E-4
95.850,-0.04,9.8,-0.4,-0.1,9.8,0.0,0.0,0.0,,,,,,,,,,,,,,,,,,,95.850,-0.03,9.8,-0.1,0.0,9.8,0.0,0.0,-6.1E-4,,,,,,,,,,95.850,-0.06,9.8,-0.1,0.0,9.8,0.0,0.0,0.0
95.900,-0.05,9.9,-0.4,0.0,9.9,0.0,0.0,0.0,,,,,,,,,,,,,,,,,,,95.900,-0.04,9.8,0.0,0.0,9.8,0.0,0.0,6.1E-4,,,,,,,,,,95.900,-0.05,9.8,-0.1,0.0,9.8,0.0,0.0,0.0
95.950,-0.04,9.8,-0.4,-0.1,9.8,0.0,0.0,0.0,,,,,,,,,,,,,,,,,,,95.950,-0.04,9.8,-0.1,0.0,9.8,0.0,0.0,-6.1E-4,,,,,,,,,,95.950,-0.06,9.8,-0.1,0.0,9.8,0.0,0.0,-6.1E-4
96.000,-0.05,9.9,-0.4,0.0,9.9,0.0,0.0,0.0,,,,,,,,,,,,,,,,,,,96.000,-0.04,9.8,0.0,0.0,9.8,0.0,0.0,-6.1E-4,,,,,,,,,,96.000,-0.05,9.8,-0.1,0.0,9.8,0.0,0.0,-6.1E-4
96.050,-0.05,9.8,-0.5,0.0,9.8,0.0,0.0,0.0,,,,,,,,,,,,,,,,,,,96.050,-0.04,9.8,0.0,0.0,9.8,0.0,0.0,-6.1E-4,,,,,,,,,,96.050,-0.05,9.8,-0.1,0.0,9.8,0.0,0.0,-6.1E-4
96.100,-0.04,9.8,-0.4,0.0,9.8,0.0,0.0,0.0,,,,,,,,,,,,,,,,,,,96.100,-0.03,9.8,0.0,0.0,9.8,0.0,0.0,-6.1E-4,,,,,,,,,,96.100,-0.04,9.8,-0.1,0.0,9.8,0.0,0.0,6.1E-4
96.150,-0.05,9.8,-0.6,0.0,9.8,0.0,0.0,0.0,,,,,,,,,,,,,,,,,,,96.150,-0.03,9.8,-0.1,0.0,9.8,0.0,0.0,6.1E-4,,,,,,,,,,96.150,-0.05,9.8,-0.1,0.0,9.8,0.0,0.0,-6.1E-4
96.200,-0.05,9.8,-0.4,-0.1,9.8,0.0,0.0,0.0,,,,,,,,,,,,,,,,,,,96.200,-0.03,9.8,-0.1,0.0,9.8,0.0,0.0,-6.1E-4,,,,,,,,,,96.200,-0.04,9.8,-0.1,0.0,9.8,0.0,0.0,-6.1E-4
96.250,-0.04,9.7,-0.5,0.0,9.7,0.0,0.0,0.0,,,,,,,,,,,,,,,,,,,96.250,-0.03,9.8,0.0,0.0,9.8,0.0,0.0,6.1E-4,,,,,,,,,,96.250,-0.04,9.8,-0.1,0.0,9.8,0.0,0.0,-6.1E-4
96.300,-0.04,9.9,-0.5,0.0,9.9,-0.1,0.0,0.0,,,,,,,,,,,,,,,,,,,96.300,-0.03,9.8,-0.1,0.0,9.8,0.0,0.0,-6.1E-4,,,,,,,,,,96.300,-0.04,9.8,-0.1,0.0,9.8,0.0,0.0,-6.1E-4
96.350,-0.03,9.8,-0.4,0.0,9.8,0.0,0.0,0.0,,,,,,,,,,,,,,,,,,,96.350,-0.02,9.8,0.0,0.0,9.8,0.0,0.0,6.1E-4,,,,,,,,,,96.350,-0.05,9.8,-0.1,0.0,9.8,0.0,0.0,-6.1E-4
96.400,-0.06,9.8,-0.5,-0.1,9.8,0.0,0.0,0.0,,,,,,,,,,,,,,,,,,,96.400,-0.02,9.9,1.9E-4,0.0,9.9,0.0,0.0,6.1E-4,,,,,,,,,,96.400,-0.04,9.8,-0.1,0.0,9.8,0.0,0.0,6.1E-4
96.450,-0.04,9.9,-0.5,0.0,9.9,0.0,0.0,0.0,,,,,,,,,,,,,,,,,,,96.450,-0.02,9.8,-0.1,0.0,9.8,0.0,0.0,6.1E-4,,,,,,,,,,96.450,-0.05,9.8,-0.1,0.0,9.8,0.0,0.0,-6.1E-4
96.500,-0.03,9.8,-0.3,-0.1,9.8,0.0,0.0,0.0,,,,,,,,,,,,,,,,,,,96.500,-0.01,9.8,0.0,0.0,9.8,0.0,0.0,-6.1E-4,,,,,,,,,,96.500,-0.03,9.8,-0.1,0.0,9.8,0.0,0.0,6.1E-4
96.550,-0.06,9.9,-0.4,0.0,9.9,0.0,0.0,0.0,,,,,,,,,,,,,,,,,,,96.550,-0.02,9.8,-0.1,0.0,9.8,0.0,0.0,6.1E-4,,,,,,,,,,96.550,-0.04,9.8,-0.1,0.0,9.8,0.0,0.0,-6.1E-4
96.600,-0.05,9.8,-0.2,-0.1,9.8,0.0,0.0,0.0,,,,,,,,,,,,,,,,,,,96.600,-0.02,9.8,0.0,0.0,9.8,0.0,0.0,6.1E-4,,,,,,,,,,96.600,-0.04,9.8,-0.1,0.0,9.8,0.0,0.0,-6.1E-4
96.650,-0.05,9.8,-0.3,0.0,9.8,0.1,0.0,0.0,,,,,,,,,,,,,,,,,,,96.650,-0.04,9.8,0.0,0.0,9.8,-1.2E-4,0.0,0.0,,,,,,,,,,96.650,-0.04,9.8,-0.1,0.0,9.8,0.0,0.0,-6.1E-4
96.700,-0.05,9.8,-0.7,0.0,9.8,0.0,0.0,0.0,,,,,,,,,,,,,,,,,,,96.700,-0.03,9.8,-0.1,0.0,9.8,0.0,0.0,-6.1E-4,,,,,,,,,,96.700,-0.05,9.8,-0.1,0.0,9.8,0.0,0.0,6.1E-4
96.750,-0.05,9.8,-0.4,-0.1,9.8,0.0,0.0,0.0,,,,,,,,,,,,,,,,,,,96.750,-0.04,9.8,0.0,0.0,9.8,0.0,0.0,0.0,,,,,,,,,,96.750,-0.05,9.8,-0.1,0.0,9.8,0.0,0.0,-6.1E-4
96.800,-0.04,9.8,-0.1,0.0,9.8,0.0,0.0,0.0,,,,,,,,,,,,,,,,,,,96.800,-0.04,9.8,0.0,0.0,9.8,0.0,0.0,-6.1E-4,,,,,,,,,,96.800,-0.05,9.8,-0.1,0.0,9.8,0.0,0.0,-6.1E-4
96.850,-0.03,9.8,-0.5,-0.2,9.8,0.1,0.0,0.0,,,,,,,,,,,,,,,,,,,96.850,-0.04,9.8,-0.1,0.0,9.8,0.0,0.0,-6.1E-4,,,,,,,,,,96.850,-0.04,9.8,-0.1,0.0,9.8,0.0,0.0,-6.1E-4
96.900,-0.04,9.8,-0.4,0.1,9.8,0.1,0.0,0.0,,,,,,,,,,,,,,,,,,,96.900,-0.04,9.8,-0.1,0.0,9.8,0.0,0.0,-6.1E-4,,,,,,,,,,96.900,-0.04,9.8,-0.1,0.0,9.8,0.0,0.0,6.1E-4
96.950,-0.05,9.8,-0.5,-0.2,9.8,0.0,0.0,-6.1E-4,,,,,,,,,,,,,,,,,,,96.950,-0.04,9.8,-0.1,0.0,9.8,0.0,0.0,-6.1E-4,,,,,,,,,,96.950,-0.04,9.8,-0.1,0.0,9.8,0.0,0.0,0.0
97.000,-0.05,9.9,-0.4,0.0,9.9,0.0,0.0,0.0,,,,,,,,,,,,,,,,,,,97.000,-0.04,9.8,0.0,0.0,9.8,0.0,0.0,0.0,,,,,,,,,,97.000,-0.05,9.8,-0.1,0.0,9.8,0.0,0.0,6.1E-4
97.050,-0.05,9.7,-0.4,-0.2,9.7,0.0,0.0,0.0,,,,,,,,,,,,,,,,,,,97.050,-0.05,9.8,-0.1,0.0,9.8,0.0,0.0,6.1E-4,,,,,,,,,,97.050,-0.05,9.8,-0.1,0.0,9.8,0.0,0.0,-6.1E-4
97.100,-0.06,9.9,-0.4,0.0,9.9,0.0,0.0,0.0,,,,,,,,,,,,,,,,,,,97.100,-0.05,9.8,0.0,0.0,9.8,0.0,0.0,0.0,,,,,,,,,,97.100,-0.05,9.8,-0.1,0.0,9.8,0.0,0.0,6.1E-4
97.150,-0.05,9.8,-0.3,-0.1,9.8,0.0,0.0,0.0,,,,,,,,,,,,,,,,,,,97.150,-0.04,9.8,0.0,0.0,9.8,0.0,0.0,6.1E-4,,,,,,,,,,97.150,-0.06,9.8,-0.1,0.0,9.8,0.0,0.0,-6.1E-4
97.200,-0.05,9.9,-0.4,0.0,9.9,0.0,0.0,0.0,,,,,,,,,,,,,,,,,,,97.200,-0.04,9.8,-0.1,0.0,9.8,0.0,0.0,0.0,,,,,,,,,,97.200,-0.05,9.8,-0.1,0.0,9.8,0.0,0.0,-6.1E-4
97.250,-0.05,9.8,-0.4,-0.1,9.8,0.0,0.0,0.0,,,,,,,,,,,,,,,,,,,97.250,-0.03,9.8,0.0,0.0,9.8,0.0,0.0,-6.1E-4,,,,,,,,,,97.250,-0.04,9.8,-0.1,0.0,9.8,0.0,0.0,0.0
97.300,-0.04,9.8,-0.4,0.0,9.8,0.0,0.0,0.0,,,,,,,,,,,,,,,,,,,97.300,-0.02,9.8,0.0,0.0,9.8,0.0,0.0,-6.1E-4,,,,,,,,,,97.300,-0.04,9.8,-0.1,0.0,9.8,0.0,0.0,0.0
97.350,-0.04,9.8,-0.4,-0.1,9.8,0.0,0.0,0.0,,,,,,,,,,,,,,,,,,,97.350,-0.02,9.9,0.0,0.1,9.9,0.0,0.0,6.1E-4,,,,,,,,,,97.350,-0.05,9.8,-0.1,0.0,9.8,0.0,0.0,-6.1E-4
97.400,-0.05,9.8,-0.3,-0.1,9.8,0.0,0.0,0.0,,,,,,,,,,,,,,,,,,,97.400,-0.03,9.8,-0.1,-0.1,9.8,0.0,0.0,0.0,,,,,,,,,,97.400,-0.05,9.8,-0.1,0.0,9.8,0.0,0.0,6.1E-4
97.450,-0.04,9.8,-0.4,-0.1,9.8,0.0,0.0,0.0,,,,,,,,,,,,,,,,,,,97.450,-0.03,9.8,-0.1,0.0,9.8,0.0,0.0,-6.1E-4,,,,,,,,,,97.450,-0.05,9.8,-0.1,0.0,9.8,0.0,0.0,-6.1E-4
97.500,-0.04,9.8,-0.4,-0.1,9.8,0.0,0.0,0.0,,,,,,,,,,,,,,,,,,,97.500,-0.03,9.9,0.0,0.1,9.9,0.0,0.0,0.0,,,,,,,,,,97.500,-0.06,9.8,0.0,0.0,9.8,0.0,0.0,-6.1E-4
97.550,-0.04,9.8,-0.2,-0.1,9.9,0.0,0.0,-6.1E-4,,,,,,,,,,,,,,,,,,,97.550,-0.03,9.9,1.9E-4,0.0,9.9,0.0,0.0,6.1E-4,,,,,,,,,,97.550,-0.05,9.8,-0.1,0.0,9.8,0.0,0.0,-6.1E-4
97.600,-0.05,9.8,-0.3,-0.1,9.8,0.0,0.0,0.0,,,,,,,,,,,,,,,,,,,97.600,-0.03,9.8,-0.1,0.0,9.8,0.0,0.0,-6.1E-4,,,,,,,,,,97.600,-0.05,9.8,-0.1,0.0,9.8,0.0,0.0,6.1E-4
97.650,-0.06,9.8,-0.6,-0.1,9.8,0.0,0.0,0.0,,,,,,,,,,,,,,,,,,,97.650,-0.03,9.8,-0.1,0.0,9.8,0.0,0.0,0.0,,,,,,,,,,97.650,-0.05,9.8,-0.1,0.0,9.8,0.0,0.0,-6.1E-4
97.700,-0.05,9.8,-0.3,-0.1,9.8,0.0,0.0,0.0,,,,,,,,,,,,,,,,,,,97.700,-0.02,9.9,0.1,0.0,9.9,0.0,0.0,6.1E-4,,,,,,,,,,97.700,-0.05,9.8,-0.1,0.0,9.8,0.0,0.0,-6.1E-4
97.750,-0.04,9.9,-0.3,0.0,9.9,0.0,0.0,0.0,,,,,,,,,,,,,,,,,,,97.750,-0.02,9.8,0.0,0.0,9.8,0.0,0.0,-6.1E-4,,,,,,,,,,97.750,-0.05,9.8,-0.1,0.0,9.8,0.0,0.0,0.0
97.800,-0.04,9.8,-0.4,-0.1,9.8,0.0,0.0,0.0,,,,,,,,,,,,,,,,,,,97.800,-0.04,9.8,-0.1,0.0,9.8,0.0,0.0,-6.1E-4,,,,,,,,,,97.800,-0.04,9.8,-0.1,0.0,9.8,0.0,0.0,-6.1E-4
97.850,-0.04,9.9,-0.3,0.0,9.9,0.0,0.0,0.0,,,,,,,,,,,,,,,,,,,97.850,-0.04,9.8,-0.1,0.0,9.8,0.0,0.0,-6.1E-4,,,,,,,,,,97.850,-0.04,9.8,-0.1,0.0,9.8,0.0,0.0,6.1E-4
97.900,-0.04,9.8,-0.4,-0.1,9.8,0.0,0.0,0.0,,,,,,,,,,,,,,,,,,,97.900,-0.04,9.9,0.0,0.0,9.9,0.0,0.0,6.1E-4,,,,,,,,,,97.900,-0.05,9.8,-0.1,0.0,9.8,0.0,0.0,6.1E-4
97.950,-0.05,9.9,-0.4,0.0,9.9,-1.2E-4,0.0,0.0,,,,,,,,,,,,,,,,,,,97.950,-0.04,9.8,0.1,0.0,9.8,0.0,0.0,-6.1E-4,,,,,,,,,,97.950,-0.05,9.8,-0.1,0.0,9.8,0.0,0.0,-6.1E-4
98.000,-0.03,9.8,-0.4,-0.1,9.8,0.0,0.0,-6.1E-4,,,,,,,,,,,,,,,,,,,98.000,-0.03,9.8,-0.1,0.0,9.8,0.0,0.0,0.0,,,,,,,,,,98.000,-0.07,9.8,-0.1,0.0,9.8,0.0,0.0,-6.1E-4
98.050,-0.05,9.9,-0.3,0.0,9.9,0.0,0.0,0.0,,,,,,,,,,,,,,,,,,,98.050,-0.03,9.8,-0.1,0.0,9.8,0.0,0.0,6.1E-4,,,,,,,,,,98.050,-0.05,9.8,-0.1,0.0,9.8,0.0,0.0,-6.1E-4
98.100,-0.05,9.8,-0.4,-0.1,9.8,0.0,0.0,0.0,,,,,,,,,,,,,,,,,,,98.100,-0.04,9.9,0.0,0.0,9.9,0.0,0.0,-6.1E-4,,,,,,,,,,98.100,-0.06,9.8,-0.1,0.0,9.8,0.0,0.0,0.0
98.150,-0.05,9.8,-0.4,0.0,9.8,0.0,0.0,0.0,,,,,,,,,,,,,,,,,,,98.150,-0.04,9.9,0.0,0.0,9.9,0.0,0.0,-6.1E-4,,,,,,,,,,98.150,-0.05,9.8,-0.1,0.0,9.8,0.0,0.0,-6.1E-4
98.200,-0.05,9.8,-0.4,-0.1,9.8,0.0,0.0,0.0,,,,,,,,,,,,,,,,,,,98.200,-0.03,9.8,-0.1,0.0,9.8,0.0,0.0,6.1E-4,,,,,,,,,,98.200,-0.05,9.8,-0.1,0.0,9.8,0.0,0.0,-6.1E-4
98.250,-0.05,9.8,-0.4,-0.1,9.8,0.0,0.0,-6.1E-4,,,,,,,,,,,,,,,,,,,98.250,-0.03,9.8,-0.1,0.0,9.8,-1.2E-4,0.0,-6.1E-4,,,,,,,,,,98.250,-0.05,9.8,-0.1,0.0,9.8,0.0,0.0,0.0
98.300,-0.05,9.8,-0.4,-0.1,9.8,0.0,0.0,0.0,,,,,,,,,,,,,,,,,,,98.300,-0.03,9.8,0.0,0.0,9.8,0.0,0.0,-6.1E-4,,,,,,,,,,98.300,-0.05,9.8,-0.1,0.0,9.8,0.0,0.0,6.1E-4
98.350,-0.05,9.8,-0.3,-0.1,9.8,0.0,0.0,6.1E-4,,,,,,,,,,,,,,,,,,,98.350,-0.03,9.9,0.0,0.0,9.9,0.0,0.0,6.1E-4,,,,,,,,,,98.350,-0.05,9.8,-0.1,0.0,9.8,0.0,0.0,-6.1E-4
98.400,-0.05,9.8,-0.4,-0.1,9.8,0.0,0.0,0.0,,,,,,,,,,,,,,,,,,,98.400,-0.03,9.8,0.0,0.0,9.8,0.0,0.0,6.1E-4,,,,,,,,,,98.400,-0.04,9.8,-0.1,0.0,9.8,0.0,0.0,-6.1E-4
98.450,-0.04,9.8,-0.5,0.0,9.8,0.0,0.0,6.1E-4,,,,,,,,,,,,,,,,,,,98.450,-0.04,9.8,-0.1,0.0,9.8,0.0,0.0,-6.1E-4,,,,,,,,,,98.450,-0.05,9.8,-0.1,0.0,9.8,0.0,0.0,-6.1E-4
98.500,-0.04,9.8,-0.2,-0.1,9.8,0.0,0.0,0.0,,,,,,,,,,,,,,,,,,,98.500,-0.03,9.8,0.0,0.0,9.8,0.0,0.0,0.0,,,,,,,,,,98.500,-0.06,9.8,-0.1,0.0,9.8,0.0,0.0,6.1E-4
98.550,-0.04,9.8,-0.3,-0.1,9.8,0.0,0.0,0.0,,,,,,,,,,,,,,,,,,,98.550,-7.51E-10,9.8,-0.1,0.0,9.8,0.0,0.0,-6.1E-4,,,,,,,,,,98.550,-0.06,9.8,-0.1,0.0,9.8,0.0,0.0,-6.1E-4
98.600,-0.04,9.8,-0.5,-0.1,9.9,0.0,0.0,0.0,,,,,,,,,,,,,,,,,,,98.600,-0.02,9.8,-0.1,0.0,9.8,0.0,0.0,6.1E-4,,,,,,,,,,98.600,-0.06,9.8,-0.1,0.0,9.8,0.0,0.0,6.1E-4
98.650,-0.02,9.8,-0.3,-0.1,9.8,0.0,0.0,6.1E-4,,,,,,,,,,,,,,,,,,,98.650,-0.04,9.8,-0.1,0.0,9.8,0.0,0.0,0.0,,,,,,,,,,98.650,-0.05,9.8,-0.1,0.0,9.8,0.0,0.0,6.1E-4
98.700,-0.01,9.8,-0.2,-0.1,9.8,0.0,0.0,-6.1E-4,,,,,,,,,,,,,,,,,,,98.700,-0.03,9.8,-0.1,0.0,9.8,0.0,0.0,-6.1E-4,,,,,,,,,,98.700,-0.05,9.8,-0.1,0.0,9.8,0.0,0.0,-6.1E-4
98.750,-0.02,9.8,-0.5,-0.1,9.8,0.0,0.0,0.0,,,,,,,,,,,,,,,,,,,98.750,-0.04,9.8,0.0,0.0,9.8,-1.2E-4,0.0,0.0,,,,,,,,,,98.750,-0.04,9.8,-0.1,0.0,9.8,0.0,0.0,-6.1E-4
98.800,-0.01,9.8,-0.1,-0.1,9.8,0.0,0.0,0.0,,,,,,,,,,,,,,,,,,,98.800,-0.03,9.8,-0.1,0.0,9.8,0.0,0.0,6.1E-4,,,,,,,,,,98.800,-0.04,9.8,-0.1,0.0,9.8,0.0,0.0,0.0
98.850,-0.02,9.8,-0.4,-0.1,9.8,0.0,0.0,0.0,,,,,,,,,,,,,,,,,,,98.850,-0.04,9.8,0.0,0.0,9.8,0.0,0.0,0.0,,,,,,,,,,98.850,-0.05,9.8,-0.1,0.0,9.8,0.0,0.0,6.1E-4
98.900,-0.02,9.9,-0.4,0.0,9.9,0.0,0.0,0.0,,,,,,,,,,,,,,,,,,,98.900,-0.02,9.8,-0.1,0.0,9.8,0.0,0.0,-6.1E-4,,,,,,,,,,98.900,-0.04,9.8,-0.1,0.0,9.8,0.0,0.0,-6.1E-4
98.950,-0.02,9.8,-0.4,-0.1,9.8,0.0,0.0,0.0,,,,,,,,,,,,,,,,,,,98.950,-0.04,9.9,0.0,0.1,9.9,0.0,0.0,-6.1E-4,,,,,,,,,,98.950,-0.05,9.8,-0.1,0.0,9.8,0.0,0.0,-6.1E-4
99.000,-0.02,9.8,-0.1,-0.1,9.8,0.0,0.0,0.0,,,,,,,,,,,,,,,,,,,99.000,-0.03,9.8,-0.1,-0.1,9.8,0.0,0.0,0.0,,,,,,,,,,99.000,-0.05,9.8,-0.1,0.0,9.8,0.0,0.0,-6.1E-4
99.050,-0.03,9.8,-0.3,-0.1,9.8,0.0,0.0,0.0,,,,,,,,,,,,,,,,,,,99.050,-0.04,9.8,-0.1,0.0,9.8,0.0,0.0,0.0,,,,,,,,,,99.050,-0.05,9.8,-0.1,0.0,9.8,0.0,0.0,-6.1E-4
99.100,-0.03,9.9,-0.5,0.0,9.9,0.0,0.0,0.0,,,,,,,,,,,,,,,,,,,99.100,-0.05,9.8,-0.1,0.0,9.8,0.0,0.0,-6.1E-4,,,,,,,,,,99.100,-0.05,9.8,-0.1,0.0,9.8,0.0,0.0,-6.1E-4
99.150,-0.04,9.8,-0.3,-0.1,9.8,0.0,0.0,0.0,,,,,,,,,,,,,,,,,,,99.150,-0.04,9.9,0.0,0.0,9.9,0.0,0.0,0.0,,,,,,,,,,99.150,-0.05,9.8,-0.1,0.0,9.8,0.0,0.0,-6.1E-4
99.200,-0.02,9.9,-0.2,0.0,9.9,0.0,0.0,0.0,,,,,,,,,,,,,,,,,,,99.200,-0.04,9.8,-0.1,0.0,9.8,0.0,0.0,-6.1E-4,,,,,,,,,,99.200,-0.05,9.8,-0.1,0.0,9.8,0.0,0.0,6.1E-4
99.250,-0.04,9.8,-0.4,-0.1,9.8,0.0,0.0,0.0,,,,,,,,,,,,,,,,,,,99.250,-0.03,9.9,1.9E-4,0.0,9.9,0.0,0.0,-6.1E-4,,,,,,,,,,99.250,-0.05,9.8,-0.1,0.0,9.8,0.0,0.0,0.0
99.300,-0.02,9.9,-0.1,-0.1,9.9,0.0,0.0,0.0,,,,,,,,,,,,,,,,,,,99.300,-0.03,9.8,-0.1,0.0,9.8,0.0,0.0,-6.1E-4,,,,,,,,,,99.300,-0.05,9.8,0.0,0.0,9.8,0.0,0.0,-6.1E-4
99.350,-0.04,9.9,-0.4,0.0,9.9,0.0,0.0,0.0,,,,,,,,,,,,,,,,,,,99.350,-0.02,9.8,0.0,0.0,9.8,0.0,0.0,-6.1E-4,,,,,,,,,,99.350,-0.04,9.8,-0.1,0.0,9.8,0.0,0.0,-6.1E-4
99.400,-0.04,9.8,-0.3,-0.1,9.8,0.0,0.0,0.0,,,,,,,,,,,,,,,,,,,99.400,-0.03,9.8,-0.1,0.0,9.8,0.0,0.0,-6.1E-4,,,,,,,,,,99.400,-0.04,9.8,-0.1,0.0,9.8,0.0,0.0,-6.1E-4
99.450,-0.04,9.9,-0.1,0.0,9.9,0.0,0.0,0.0,,,,,,,,,,,,,,,,,,,99.450,-0.04,9.8,0.0,0.0,9.8,0.0,0.0,6.1E-4,,,,,,,,,,99.450,-0.04,9.8,-0.1,0.0,9.8,0.0,0.0,-6.1E-4
99.500,-0.06,9.8,-0.3,-0.1,9.8,0.0,0.0,0.0,,,,,,,,,,,,,,,,,,,99.500,-0.03,9.8,0.0,0.0,9.8,0.0,0.0,-6.1E-4,,,,,,,,,,99.500,-0.05,9.8,-0.1,0.0,9.8,0.0,0.0,-6.1E-4
99.550,-0.05,9.8,-0.2,0.0,9.8,0.0,0.0,0.0,,,,,,,,,,,,,,,,,,,99.550,-0.03,9.8,0.0,0.0,9.8,0.0,0.0,0.0,,,,,,,,,,99.550,-0.05,9.8,-0.1,0.0,9.8,0.0,0.0,6.1E-4
99.600,-0.03,9.8,-0.2,-0.1,9.8,0.0,0.0,0.0,,,,,,,,,,,,,,,,,,,99.600,-0.02,9.8,-0.1,0.0,9.8,0.0,0.0,-6.1E-4,,,,,,,,,,99.600,-0.06,9.8,-0.1,0.0,9.8,0.0,0.0,-6.1E-4
99.650,-0.04,9.8,-0.3,-0.1,9.8,0.0,0.0,0.0,,,,,,,,,,,,,,,,,,,99.650,-0.02,9.8,0.0,0.0,9.8,0.0,0.0,0.0,,,,,,,,,,99.650,-0.05,9.8,-0.1,0.0,9.8,0.0,0.0,-6.1E-4
99.700,-0.03,9.8,-0.2,0.0,9.8,0.0,0.0,0.0,,,,,,,,,,,,,,,,,,,99.700,-0.03,9.9,0.0,0.0,9.9,0.0,0.0,-6.1E-4,,,,,,,,,,99.700,-0.05,9.8,-0.1,0.0,9.8,0.0,0.0,0.0
99.750,-0.02,9.8,-0.4,-0.1,9.8,0.0,0.0,0.0,,,,,,,,,,,,,,,,,,,99.750,-0.04,9.8,0.0,0.0,9.8,0.0,0.0,-6.1E-4,,,,,,,,,,99.750,-0.04,9.8,-0.1,0.0,9.8,0.0,0.0,0.0
99.800,-0.03,9.8,-0.1,-0.1,9.8,0.0,0.0,0.0,,,,,,,,,,,,,,,,,,,99.800,-0.03,9.8,0.0,0.0,9.8,0.0,0.0,6.1E-4,,,,,,,,,,99.800,-0.05,9.8,-0.1,0.0,9.8,0.0,0.0,-6.1E-4
99.850,-0.04,9.8,-0.3,-0.1,9.8,0.0,0.0,0.0,,,,,,,,,,,,,,,,,,,99.850,-0.03,9.8,0.0,0.0,9.8,0.0,0.0,0.0,,,,,,,,,,99.850,-0.05,9.8,-0.1,0.0,9.8,0.0,0.0,-6.1E-4
99.900,-0.05,9.8,-0.2,-0.1,9.8,0.0,0.0,0.0,,,,,,,,,,,,,,,,,,,99.900,-0.03,9.8,-0.1,0.0,9.8,0.0,0.0,-6.1E-4,,,,,,,,,,99.900,-0.06,9.8,-0.1,0.0,9.8,0.0,0.0,6.1E-4
99.950,-0.03,9.8,-0.2,-0.1,9.8,0.0,0.0,0.0,,,,,,,,,,,,,,,,,,,99.950,-0.02,9.8,0.0,0.0,9.8,0.0,0.0,0.0,,,,,,,,,,99.950,-0.04,9.8,-0.1,0.0,9.8,0.0,0.0,0.0
100.000,-0.04,9.8,-0.1,-0.1,9.8,0.0,0.0,0.0,,,,,,,,,,,,,,,,,,,100.000,-0.04,9.9,0.0,0.0,9.9,0.0,0.0,6.1E-4,,,,,,,,,,100.000,-0.04,9.8,-0.1,0.0,9.8,0.0,0.0,6.1E-4
100.050,-0.04,9.8,-0.1,-0.1,9.8,0.0,0.0,0.0,,,,,,,,,,,,,,,,,,,100.050,-0.03,9.8,-0.1,0.0,9.8,0.0,0.0,0.0,,,,,,,,,,100.050,-0.04,9.8,-0.1,0.0,9.8,0.0,0.0,-6.1E-4
100.100,-0.03,9.8,-0.4,0.0,9.9,0.0,0.0,0.0,,,,,,,,,,,,,,,,,,,100.100,-0.03,9.8,0.0,0.0,9.8,0.0,0.0,-6.1E-4,,,,,,,,,,100.100,-0.04,9.8,-0.1,0.0,9.8,0.0,0.0,-6.1E-4
100.150,-0.04,9.9,-0.2,0.0,9.9,0.0,0.0,0.0,,,,,,,,,,,,,,,,,,,100.150,-0.04,9.9,0.0,0.0,9.9,0.0,0.0,0.0,,,,,,,,,,100.150,-0.05,9.8,-0.1,0.0,9.8,0.0,0.0,-6.1E-4
100.200,-0.05,9.8,-0.4,0.0,9.8,0.0,0.0,0.0,,,,,,,,,,,,,,,,,,,100.200,-0.03,9.8,-0.1,0.0,9.8,0.0,0.0,-6.1E-4,,,,,,,,,,100.200,-0.04,9.8,0.0,0.0,9.8,0.0,0.0,-6.1E-4
100.250,-0.05,9.9,0.1,-0.1,9.9,-0.1,0.0,0.0,,,,,,,,,,,,,,,,,,,100.250,-0.03,9.8,0.0,0.0,9.8,0.0,0.0,-6.1E-4,,,,,,,,,,100.250,-0.05,9.8,-0.1,0.0,9.8,0.0,0.0,6.1E-4
100.300,-0.06,9.7,-0.1,-0.1,9.7,0.0,0.0,0.0,,,,,,,,,,,,,,,,,,,100.300,-0.04,9.9,0.0,0.1,9.9,0.0,0.0,-6.1E-4,,,,,,,,,,100.300,-0.04,9.8,-0.1,0.0,9.8,0.0,0.0,-6.1E-4
100.350,-0.05,9.8,0.0,-0.2,9.8,0.0,0.0,0.0,,,,,,,,,,,,,,,,,,,100.350,-0.04,9.8,-0.1,0.0,9.8,0.0,0.0,-6.1E-4,,,,,,,,,,100.350,-0.05,9.8,-0.1,0.0,9.8,0.0,0.0,6.1E-4
100.400,-0.05,9.8,-0.1,-0.1,9.8,0.0,0.0,0.0,,,,,,,,,,,,,,,,,,,100.400,-0.04,9.8,-0.1,0.0,9.8,0.0,0.0,-6.1E-4,,,,,,,,,,100.400,-0.05,9.8,-0.1,0.0,9.8,0.0,0.0,-6.1E-4
100.450,-0.05,9.8,-0.2,-0.1,9.8,0.0,0.0,6.1E-4,,,,,,,,,,,,,,,,,,,100.450,-0.04,9.8,-0.1,0.0,9.8,0.0,0.0,-6.1E-4,,,,,,,,,,100.450,-0.03,9.8,-0.1,0.0,9.8,0.0,0.0,-6.1E-4
100.500,-0.05,9.8,-0.1,-0.1,9.8,0.0,0.0,0.0,,,,,,,,,,,,,,,,,,,100.500,-0.04,9.9,0.0,0.0,9.9,0.0,0.0,6.1E-4,,,,,,,,,,100.500,-0.04,9.8,-0.1,0.0,9.8,0.0,0.0,-6.1E-4
100.550,-0.05,10.0,-0.3,0.4,10.0,0.0,0.0,0.0,,,,,,,,,,,,,,,,,,,100.550,-0.04,9.8,0.0,0.0,9.8,0.0,0.0,-6.1E-4,,,,,,,,,,100.550,-0.05,9.8,-0.1,0.0,9.8,0.0,0.0,-6.1E-4
100.600,-0.05,9.7,0.1,-0.2,9.7,0.0,0.0,-6.1E-4,,,,,,,,,,,,,,,,,,,100.600,-0.04,9.8,-0.1,0.0,9.8,0.0,0.0,6.1E-4,,,,,,,,,,100.600,-0.04,9.8,-0.1,0.0,9.8,0.0,0.0,-6.1E-4
100.650,-0.04,9.9,-0.2,0.0,9.9,0.0,0.0,0.0,,,,,,,,,,,,,,,,,,,100.650,-0.03,9.8,0.0,0.0,9.8,0.0,0.0,-6.1E-4,,,,,,,,,,100.650,-0.05,9.8,-0.1,0.0,9.8,0.0,0.0,6.1E-4
100.700,-0.05,9.8,-0.1,0.0,9.8,0.0,-0.1,0.0,,,,,,,,,,,,,,,,,,,100.700,-0.02,9.9,0.0,0.0,9.9,0.0,0.0,6.1E-4,,,,,,,,,,100.700,-0.05,9.8,-0.1,0.0,9.8,0.0,0.0,-6.1E-4
100.750,-0.05,9.7,-0.2,-0.1,9.7,0.0,0.0,0.0,,,,,,,,,,,,,,,,,,,100.750,-0.04,9.8,0.0,0.0,9.8,0.0,0.0,-6.1E-4,,,,,,,,,,100.750,-0.05,9.8,0.0,0.0,9.8,0.0,0.0,-6.1E-4
100.800,-0.04,10.0,0.1,0.1,10.0,0.0,0.0,0.0,,,,,,,,,,,,,,,,,,,100.800,-0.03,9.8,-0.1,0.0,9.8,0.0,0.0,-6.1E-4,,,,,,,,,,100.800,-0.05,9.8,-0.1,0.0,9.8,0.0,0.0,-6.1E-4
100.850,-0.04,9.7,1.9E-4,-0.2,9.7,0.1,0.0,0.0,,,,,,,,,,,,,,,,,,,100.850,-0.01,9.8,-0.1,0.0,9.8,0.0,0.0,-6.1E-4,,,,,,,,,,100.850,-0.05,9.8,-0.1,0.0,9.8,0.0,0.0,6.1E-4
100.900,-0.05,10.0,-0.2,0.1,10.0,0.0,0.0,0.0,,,,,,,,,,,,,,,,,,,100.900,-0.02,9.8,0.0,0.0,9.8,0.0,0.0,-6.1E-4,,,,,,,,,,100.900,-0.04,9.8,-0.1,0.0,9.8,0.0,0.0,6.1E-4
100.950,-0.05,9.7,0.0,-0.1,9.7,0.0,0.0,0.0,,,,,,,,,,,,,,,,,,,100.950,-0.03,9.9,0.0,0.0,9.9,0.0,0.0,-6.1E-4,,,,,,,,,,100.950,-0.05,9.8,-0.1,0.0,9.8,0.0,0.0,-6.1E-4
101.000,-0.04,9.9,0.0,0.1,9.9,0.0,0.0,0.0,,,,,,,,,,,,,,,,,,,101.000,-0.04,9.8,-0.1,0.0,9.8,0.0,0.0,-6.1E-4,,,,,,,,,,101.000,-0.05,9.8,-0.1,0.0,9.8,0.0,0.0,0.0
101.050,-0.05,9.8,-0.2,-0.1,9.8,0.0,0.0,0.0,,,,,,,,,,,,,,,,,,,101.050,-0.02,9.8,-0.1,0.0,9.8,0.0,0.0,6.1E-4,,,,,,,,,,101.050,-0.05,9.8,-0.1,0.0,9.8,0.0,0.0,-6.1E-4
101.100,-0.05,9.9,-0.2,-0.1,9.9,0.0,0.0,0.0,,,,,,,,,,,,,,,,,,,101.100,-0.02,9.8,0.0,0.0,9.8,0.0,0.0,6.1E-4,,,,,,,,,,101.100,-0.05,9.8,-0.1,0.0,9.8,0.0,0.0,-6.1E-4
101.150,-0.04,9.8,-0.1,0.1,9.8,0.0,-0.1,0.0,,,,,,,,,,,,,,,,,,,101.150,-0.02,9.8,0.0,0.0,9.8,0.0,0.0,6.1E-4,,,,,,,,,,101.150,-0.04,9.8,0.0,0.0,9.8,0.0,0.0,6.1E-4
101.200,-0.06,9.8,0.3,-0.2,9.8,0.0,0.0,0.0,,,,,,,,,,,,,,,,,,,101.200,-0.01,9.8,-0.1,0.0,9.8,0.0,0.0,-6.1E-4,,,,,,,,,,101.200,-0.05,9.8,-0.1,0.0,9.8,0.0,0.0,-6.1E-4
101.250,-0.05,9.9,-0.4,0.1,9.9,0.0,0.0,0.0,,,,,,,,,,,,,,,,,,,101.250,-0.02,9.8,-0.1,0.0,9.8,0.0,0.0,0.0,,,,,,,,,,101.250,-0.06,9.8,-0.1,0.0,9.8,0.0,0.0,6.1E-4
101.300,-0.05,9.8,-0.1,-0.1,9.8,0.0,0.0,0.0,,,,,,,,,,,,,,,,,,,101.300,-0.03,9.8,0.0,0.0,9.8,0.0,0.0,6.1E-4,,,,,,,,,,101.300,-0.05,9.8,-0.1,0.0,9.8,0.0,0.0,0.0
101.350,-0.06,9.9,-0.2,0.0,9.9,0.0,0.0,0.0,,,,,,,,,,,,,,,,,,,101.350,-0.04,9.8,-0.1,0.0,9.8,0.0,0.0,-6.1E-4,,,,,,,,,,101.350,-0.05,9.8,-0.1,0.0,9.8,0.0,0.0,0.0
101.400,-0.03,9.8,0.0,-0.1,9.8,-0.1,0.0,0.0,,,,,,,,,,,,,,,,,,,101.400,-0.03,9.8,0.0,0.0,9.8,0.0,0.0,-6.1E-4,,,,,,,,,,101.400,-0.05,9.8,-0.1,0.0,9.8,0.0,0.0,-6.1E-4
101.450,-0.05,9.8,0.0,0.0,9.8,0.0,0.0,0.0,,,,,,,,,,,,,,,,,,,101.450,-0.04,9.8,0.0,0.0,9.8,0.0,0.0,-6.1E-4,,,,,,,,,,101.450,-0.04,9.8,-0.1,0.0,9.8,0.0,0.0,6.1E-4
101.500,-0.04,9.8,-0.4,0.0,9.8,0.0,0.0,0.0,,,,,,,,,,,,,,,,,,,101.500,-0.04,9.8,0.0,0.0,9.8,0.0,0.0,0.0,,,,,,,,,,101.500,-0.04,9.8,-0.1,0.0,9.8,0.0,0.0,-6.1E-4
101.550,-0.04,9.8,-0.1,-0.1,9.8,-0.1,0.0,6.1E-4,,,,,,,,,,,,,,,,,,,101.550,-0.03,9.8,0.0,0.0,9.8,0.0,0.0,0.0,,,,,,,,,,101.550,-0.05,9.8,-0.1,0.0,9.8,0.0,0.0,6.1E-4
101.600,-0.05,9.9,-0.1,0.0,9.9,-0.1,0.0,0.0,,,,,,,,,,,,,,,,,,,101.600,-0.04,9.8,-0.1,0.0,9.8,0.0,0.0,0.0,,,,,,,,,,101.600,-0.04,9.8,-0.1,0.0,9.8,0.0,0.0,0.0
101.650,-0.05,9.9,-0.1,-0.1,9.9,0.0,0.0,0.0,,,,,,,,,,,,,,,,,,,101.650,-0.04,9.8,0.0,0.0,9.8,0.0,0.0,6.1E-4,,,,,,,,,,101.650,-0.04,9.8,-0.1,0.0,9.8,0.0,0.0,-6.1E-4
101.700,-0.05,9.8,0.0,0.0,9.8,0.0,0.0,0.0,,,,,,,,,,,,,,,,,,,101.700,-0.04,9.9,0.0,0.0,9.9,0.0,0.0,-6.1E-4,,,,,,,,,,101.700,-0.05,9.8,-0.1,0.0,9.8,0.0,0.0,-6.1E-4
101.750,-0.05,9.8,-0.3,-0.1,9.8,0.0,0.0,0.0,,,,,,,,,,,,,,,,,,,101.750,-0.03,9.9,0.0,0.0,9.9,0.0,0.0,6.1E-4,,,,,,,,,,101.750,-0.04,9.8,-0.1,0.0,9.8,0.0,0.0,-6.1E-4
101.800,-0.04,9.9,-0.2,0.0,9.9,0.0,0.0,0.0,,,,,,,,,,,,,,,,,,,101.800,-0.03,9.8,-0.1,0.0,9.8,0.0,0.0,-6.1E-4,,,,,,,,,,101.800,-0.05,9.8,-0.1,0.0,9.8,0.0,0.0,-6.1E-4
101.850,-0.04,9.8,0.0,-0.1,9.8,0.0,0.0,0.0,,,,,,,,,,,,,,,,,,,101.850,-0.04,9.8,0.0,0.0,9.8,0.0,0.0,6.1E-4,,,,,,,,,,101.850,-0.05,9.8,-0.1,0.0,9.8,0.0,0.0,-6.1E-4
101.900,-0.03,9.9,-0.3,0.0,9.9,0.0,0.0,-6.1E-4,,,,,,,,,,,,,,,,,,,101.900,-0.04,9.8,-0.1,0.0,9.8,0.0,0.0,6.1E-4,,,,,,,,,,101.900,-0.04,9.8,-0.1,0.0,9.8,0.0,0.0,0.0
101.950,-0.04,9.8,-0.2,-0.1,9.8,0.0,0.0,0.0,,,,,,,,,,,,,,,,,,,101.950,-0.04,9.8,-0.1,0.0,9.8,0.0,0.0,0.0,,,,,,,,,,101.950,-0.04,9.8,0.0,0.0,9.8,0.0,0.0,-6.1E-4
102.000,-0.05,9.9,0.1,0.0,9.9,-0.1,0.0,0.0,,,,,,,,,,,,,,,,,,,102.000,-0.04,9.8,-0.1,-0.1,9.8,0.0,0.0,6.1E-4,,,,,,,,,,102.000,-0.04,9.8,-0.1,0.0,9.8,0.0,0.0,0.0
102.050,-0.04,9.8,-0.3,-0.1,9.8,0.0,0.0,0.0,,,,,,,,,,,,,,,,,,,102.050,-0.03,9.8,0.0,0.0,9.8,0.0,0.0,-6.1E-4,,,,,,,,,,102.050,-0.04,9.8,-0.1,0.0,9.8,0.0,0.0,6.1E-4
102.100,-0.04,9.8,-0.4,0.0,9.8,-0.1,0.0,0.0,,,,,,,,,,,,,,,,,,,102.100,-0.03,9.8,0.0,0.0,9.8,0.0,0.0,6.1E-4,,,,,,,,,,102.100,-0.04,9.8,-0.1,0.0,9.8,0.0,0.0,-6.1E-4
102.150,-0.04,9.8,-0.1,-0.1,9.8,-0.1,0.0,0.0,,,,,,,,,,,,,,,,,,,102.150,-0.03,9.8,-0.1,0.0,9.8,0.0,0.0,-6.1E-4,,,,,,,,,,102.150,-0.03,9.8,0.0,0.0,9.8,0.0,0.0,0.0
102.200,-0.04,9.9,-0.2,0.1,9.9,-0.1,0.0,0.0,,,,,,,,,,,,,,,,,,,102.200,-0.04,9.8,0.0,0.0,9.8,0.0,0.0,-6.1E-4,,,,,,,,,,102.200,-0.04,9.8,-0.1,0.0,9.8,0.0,0.0,-6.1E-4
102.250,-0.05,9.8,0.1,-0.1,9.8,0.0,0.0,0.0,,,,,,,,,,,,,,,,,,,102.250,-0.03,9.9,0.0,0.0,9.9,0.0,0.0,0.0,,,,,,,,,,102.250,-0.04,9.8,-0.1,0.0,9.8,0.0,0.0,-6.1E-4
102.300,-0.05,9.9,0.0,0.0,9.9,0.0,0.0,0.0,,,,,,,,,,,,,,,,,,,102.300,-0.02,9.8,0.0,0.0,9.8,0.0,0.0,0.0,,,,,,,,,,102.300,-0.03,9.8,-0.1,0.0,9.8,0.0,0.0,0.0
102.350,-0.05,9.8,-0.3,-0.1,9.8,0.0,0.0,0.0,,,,,,,,,,,,,,,,,,,102.350,-0.04,9.8,0.0,0.0,9.8,0.0,0.0,0.0,,,,,,,,,,102.350,-0.03,9.8,-0.1,0.0,9.8,0.0,0.0,6.1E-4
102.400,-0.04,9.8,-0.4,0.0,9.8,0.0,0.0,0.0,,,,,,,,,,,,,,,,,,,102.400,-0.03,9.8,-0.1,0.0,9.8,-1.2E-4,0.0,0.0,,,,,,,,,,102.400,-0.05,9.8,-0.1,0.0,9.8,0.0,0.0,6.1E-4
102.450,-0.04,9.8,-0.1,-0.1,9.8,-0.1,0.0,0.0,,,,,,,,,,,,,,,,,,,102.450,-0.04,9.8,0.0,0.0,9.8,0.0,0.0,6.1E-4,,,,,,,,,,102.450,-0.04,9.8,-0.1,0.0,9.8,0.0,0.0,6.1E-4
102.500,-0.04,9.8,-0.2,0.0,9.8,-1.2E-4,0.0,0.0,,,,,,,,,,,,,,,,,,,102.500,-0.03,9.8,0.0,0.0,9.8,0.0,0.0,-6.1E-4,,,,,,,,,,102.500,-0.04,9.8,-0.1,0.0,9.8,0.0,0.0,-6.1E-4
102.550,-0.05,9.8,-0.3,-0.1,9.8,0.0,0.0,0.0,,,,,,,,,,,,,,,,,,,102.550,-0.03,9.9,0.0,0.0,9.9,0.0,0.0,-6.1E-4,,,,,,,,,,102.550,-0.04,9.8,0.0,0.0,9.8,0.0,0.0,6.1E-4
102.600,-0.05,9.9,-0.1,0.0,9.9,0.0,0.0,0.0,,,,,,,,,,,,,,,,,,,102.600,-0.04,9.8,-0.1,-0.1,9.8,0.0,0.0,-6.1E-4,,,,,,,,,,102.600,-0.05,9.8,-0.1,0.0,9.8,0.0,0.0,-6.1E-4
102.650,-0.05,9.8,-0.2,-0.1,9.8,0.0,0.0,0.0,,,,,,,,,,,,,,,,,,,102.650,-0.04,9.9,0.0,0.0,9.9,0.0,0.0,0.0,,,,,,,,,,102.650,-0.04,9.8,-0.1,0.0,9.8,0.0,0.0,-6.1E-4
102.700,-0.05,9.8,-0.3,0.1,9.8,0.0,0.0,0.0,,,,,,,,,,,,,,,,,,,102.700,-0.03,9.8,0.0,0.0,9.8,0.0,0.0,0.0,,,,,,,,,,102.700,-0.03,9.8,-0.1,0.0,9.8,0.0,0.0,-6.1E-4
102.750,-0.05,9.8,-0.2,-0.1,9.8,0.0,0.0,0.0,,,,,,,,,,,,,,,,,,,102.750,-0.03,9.9,0.0,0.0,9.9,0.0,0.0,-6.1E-4,,,,,,,,,,102.750,-0.04,9.8,-0.1,0.0,9.8,0.0,0.0,6.1E-4
102.800,-0.05,9.8,0.0,0.0,9.8,0.0,0.0,0.0,,,,,,,,,,,,,,,,,,,102.800,-0.03,9.8,-0.1,-0.1,9.8,0.0,0.0,-6.1E-4,,,,,,,,,,102.800,-0.04,9.8,-0.1,0.0,9.8,0.0,0.0,-6.1E-4
102.850,-0.04,9.8,-0.2,0.0,9.8,0.0,0.0,0.0,,,,,,,,,,,,,,,,,,,102.850,-0.03,9.8,0.0,0.0,9.8,0.0,0.0,6.1E-4,,,,,,,,,,102.850,-0.04,9.8,-0.1,0.0,9.8,0.0,0.0,-6.1E-4
102.900,-0.05,9.8,-0.2,0.0,9.8,0.1,0.0,0.0,,,,,,,,,,,,,,,,,,,102.900,-0.02,9.8,-0.1,0.0,9.8,0.0,0.0,6.1E-4,,,,,,,,,,102.900,-0.05,9.8,-0.1,0.0,9.8,0.0,0.0,-6.1E-4
102.950,-0.05,9.9,-0.3,0.0,9.9,0.0,0.0,0.0,,,,,,,,,,,,,,,,,,,102.950,-0.04,9.8,0.0,0.0,9.8,0.0,0.0,0.0,,,,,,,,,,102.950,-0.05,9.8,-0.1,0.0,9.8,0.0,0.0,6.1E-4
103.000,-0.05,9.8,-0.2,0.0,9.8,0.0,0.0,0.0,,,,,,,,,,,,,,,,,,,103.000,-0.05,9.8,-0.1,0.0,9.8,0.0,0.0,6.1E-4,,,,,,,,,,103.000,-0.04,9.8,-0.1,0.0,9.8,0.0,0.0,6.1E-4
103.050,-0.05,9.8,-0.2,0.0,9.8,0.0,0.0,0.0,,,,,,,,,,,,,,,,,,,103.050,-0.04,9.8,-0.1,0.0,9.8,0.0,0.0,-6.1E-4,,,,,,,,,,103.050,-0.04,9.8,-0.1,0.0,9.8,0.0,0.0,-6.1E-4
103.100,-0.05,9.9,0.0,0.0,9.9,0.0,0.0,0.0,,,,,,,,,,,,,,,,,,,103.100,-0.02,9.8,-0.1,0.0,9.8,0.0,0.0,6.1E-4,,,,,,,,,,103.100,-0.04,9.8,-0.1,0.0,9.8,0.0,0.0,0.0
103.150,-0.05,9.7,-0.6,0.0,9.8,0.0,0.0,0.0,,,,,,,,,,,,,,,,,,,103.150,-0.03,9.8,0.0,0.0,9.8,0.0,0.0,-6.1E-4,,,,,,,,,,103.150,-0.04,9.8,-0.1,0.0,9.8,0.0,0.0,-6.1E-4
103.200,-0.05,9.9,-0.1,0.0,9.9,-0.1,0.0,6.1E-4,,,,,,,,,,,,,,,,,,,103.200,-0.03,9.8,-0.1,0.0,9.8,0.0,0.0,-6.1E-4,,,,,,,,,,103.200,-0.04,9.8,-0.1,0.0,9.8,0.0,0.0,-6.1E-4
103.250,-0.04,9.8,0.0,-0.1,9.8,0.0,0.0,0.0,,,,,,,,,,,,,,,,,,,103.250,-0.03,9.8,-0.1,0.0,9.8,0.0,0.0,-6.1E-4,,,,,,,,,,103.250,-0.04,9.8,-0.1,0.0,9.8,0.0,0.0,6.1E-4
103.300,-0.04,9.9,-0.3,0.0,9.9,0.0,0.0,0.0,,,,,,,,,,,,,,,,,,,103.300,-0.03,9.8,-0.1,0.0,9.8,0.0,0.0,-6.1E-4,,,,,,,,,,103.300,-0.05,9.8,-0.1,0.0,9.8,0.0,0.0,-6.1E-4
103.350,-0.05,9.8,-0.3,-0.1,9.8,0.0,0.0,0.0,,,,,,,,,,,,,,,,,,,103.350,-0.04,9.9,0.0,0.1,9.9,0.0,0.0,-6.1E-4,,,,,,,,,,103.350,-0.03,9.8,0.0,0.0,9.8,0.0,0.0,6.1E-4
103.400,-0.05,9.9,-0.1,0.0,9.9,0.0,0.0,6.1E-4,,,,,,,,,,,,,,,,,,,103.400,-0.04,9.8,0.0,0.0,9.8,0.0,0.0,6.1E-4,,,,,,,,,,103.400,-0.04,9.8,-0.1,0.0,9.8,0.0,0.0,-6.1E-4
103.450,-0.05,9.8,-0.2,-0.1,9.8,0.0,0.0,0.0,,,,,,,,,,,,,,,,,,,103.450,-0.04,9.8,-0.1,-0.1,9.8,0.0,0.0,-6.1E-4,,,,,,,,,,103.450,-0.04,9.8,-0.1,0.0,9.8,0.0,0.0,0.0
103.500,-0.04,9.9,-0.3,0.0,9.9,0.0,0.0,-6.1E-4,,,,,,,,,,,,,,,,,,,103.500,-0.02,9.9,0.0,0.1,9.9,0.0,0.0,0.0,,,,,,,,,,103.500,-0.03,9.8,-0.1,0.0,9.8,0.0,0.0,-6.1E-4
103.550,-0.04,9.8,-0.1,-0.1,9.8,0.0,0.0,-6.1E-4,,,,,,,,,,,,,,,,,,,103.550,-0.03,9.9,0.0,0.0,9.9,0.0,0.0,-6.1E-4,,,,,,,,,,103.550,-0.04,9.8,0.0,0.0,9.8,0.0,0.0,6.1E-4
103.600,-0.05,9.8,-0.1,0.0,9.8,0.0,0.0,0.0,,,,,,,,,,,,,,,,,,,103.600,-0.04,9.8,0.0,0.0,9.8,0.0,0.0,0.0,,,,,,,,,,103.600,-0.05,9.8,-0.1,0.0,9.8,0.0,0.0,-6.1E-4
103.650,-0.05,9.8,-0.2,-0.1,9.8,0.0,0.0,0.0,,,,,,,,,,,,,,,,,,,103.650,-0.04,9.8,-0.2,0.0,9.8,0.0,0.0,-6.1E-4,,,,,,,,,,103.650,-0.04,9.8,-0.1,0.0,9.8,0.0,0.0,6.1E-4
103.700,-0.04,9.8,-0.2,0.0,9.8,0.0,0.0,0.0,,,,,,,,,,,,,,,,,,,103.700,-0.02,9.8,0.0,0.0,9.8,0.0,0.0,0.0,,,,,,,,,,103.700,-0.05,9.8,-0.1,0.0,9.8,0.0,0.0,-6.1E-4
103.750,-0.04,9.8,-0.2,-0.1,9.8,0.0,0.0,-6.1E-4,,,,,,,,,,,,,,,,,,,103.750,-0.03,9.8,0.1,0.0,9.8,0.0,0.0,0.0,,,,,,,,,,103.750,-0.05,9.8,-0.1,0.0,9.8,0.0,0.0,6.1E-4
103.800,-0.05,9.8,-0.2,0.0,9.8,0.0,0.0,-6.1E-4,,,,,,,,,,,,,,,,,,,103.800,-0.04,9.8,-0.2,0.0,9.8,0.0,0.0,0.0,,,,,,,,,,103.800,-0.05,9.8,-0.1,0.0,9.8,0.0,0.0,0.0
103.850,-0.05,9.8,-0.2,-0.1,9.8,0.0,0.0,-6.1E-4,,,,,,,,,,,,,,,,,,,103.850,-0.03,9.8,-0.1,-0.1,9.8,0.0,0.0,6.1E-4,,,,,,,,,,103.850,-0.05,9.8,-0.1,0.0,9.8,0.0,0.0,-6.1E-4
103.900,-0.05,9.8,-0.2,-0.1,9.8,0.0,0.0,0.0,,,,,,,,,,,,,,,,,,,103.900,-0.03,9.8,0.0,0.1,9.8,0.0,0.0,0.0,,,,,,,,,,103.900,-0.05,9.8,-0.1,0.0,9.8,0.0,0.0,-6.1E-4
103.950,-0.05,9.8,-0.2,-0.1,9.8,0.0,0.0,0.0,,,,,,,,,,,,,,,,,,,103.950,-0.02,9.9,0.0,0.0,9.9,0.0,0.0,6.1E-4,,,,,,,,,,103.950,-0.04,9.8,-0.1,0.0,9.8,0.0,0.0,6.1E-4
104.000,-0.06,9.8,-0.2,-0.1,9.8,0.0,0.0,6.1E-4,,,,,,,,,,,,,,,,,,,104.000,-0.02,9.8,-0.1,0.0,9.8,0.0,0.0,-6.1E-4,,,,,,,,,,104.000,-0.05,9.8,-0.1,0.0,9.8,0.0,0.0,-6.1E-4
104.050,-0.05,9.8,-0.2,-0.1,9.8,0.0,0.0,0.0,,,,,,,,,,,,,,,,,,,104.050,-0.01,9.8,-0.1,0.0,9.8,0.0,0.0,-6.1E-4,,,,,,,,,,104.050,-0.05,9.8,-0.1,0.0,9.8,0.0,0.0,-6.1E-4
104.100,-0.05,9.8,-0.2,-0.1,9.8,0.0,0.0,-6.1E-4,,,,,,,,,,,,,,,,,,,104.100,-0.02,9.9,0.0,0.1,9.9,0.0,0.0,0.0,,,,,,,,,,104.100,-0.05,9.8,-0.1,0.0,9.8,0.0,0.0,-6.1E-4
104.150,-0.05,9.8,-0.2,-0.1,9.8,0.0,0.0,0.0,,,,,,,,,,,,,,,,,,,104.150,-0.03,9.8,0.1,0.0,9.8,0.0,0.0,0.0,,,,,,,,,,104.150,-0.05,9.8,-0.1,0.0,9.8,0.0,0.0,6.1E-4
104.200,-0.04,9.8,-0.2,-0.1,9.8,0.0,0.0,-6.1E-4,,,,,,,,,,,,,,,,,,,104.200,-0.04,9.8,-0.2,-0.1,9.8,0.0,0.0,0.0,,,,,,,,,,104.200,-0.05,9.8,-0.1,0.0,9.8,0.0,0.0,0.0
104.250,-0.04,9.8,-0.3,0.0,9.8,0.0,0.0,0.0,,,,,,,,,,,,,,,,,,,104.250,-0.02,9.8,-0.1,0.0,9.8,0.0,0.0,-6.1E-4,,,,,,,,,,104.250,-0.05,9.8,-0.1,0.0,9.8,0.0,0.0,-6.1E-4
104.300,-0.04,9.8,-0.2,-0.1,9.8,0.0,0.0,0.0,,,,,,,,,,,,,,,,,,,104.300,-0.01,9.8,0.1,0.0,9.8,0.0,0.0,-6.1E-4,,,,,,,,,,104.300,-0.05,9.8,-0.1,0.0,9.8,0.0,0.0,6.1E-4
104.350,-0.04,9.8,-0.2,0.0,9.8,0.0,0.0,0.0,,,,,,,,,,,,,,,,,,,104.350,-0.01,9.8,0.0,0.0,9.8,0.0,0.0,0.0,,,,,,,,,,104.350,-0.05,9.8,0.0,0.0,9.8,0.0,0.0,-6.1E-4
104.400,-0.05,9.8,-0.2,-0.1,9.8,0.0,0.0,-6.1E-4,,,,,,,,,,,,,,,,,,,104.400,-0.02,9.8,-0.2,0.0,9.8,0.0,0.0,6.1E-4,,,,,,,,,,104.400,-0.04,9.8,-0.1,0.0,9.8,0.0,0.0,-6.1E-4
104.450,-0.05,9.8,-0.2,-0.1,9.8,0.0,0.0,0.0,,,,,,,,,,,,,,,,,,,104.450,-0.03,9.8,-0.1,-0.1,9.8,0.0,0.0,0.0,,,,,,,,,,104.450,-0.05,9.8,-0.1,0.0,9.8,0.0,0.0,-6.1E-4
104.500,-0.05,9.8,-0.2,-0.1,9.8,0.0,0.0,0.0,,,,,,,,,,,,,,,,,,,104.500,-0.04,9.9,0.1,0.1,9.9,0.0,0.0,6.1E-4,,,,,,,,,,104.500,-0.05,9.8,-0.1,0.0,9.8,0.0,0.0,0.0
104.550,-0.05,9.8,-0.2,0.0,9.8,0.0,0.0,0.0,,,,,,,,,,,,,,,,,,,104.550,-0.03,9.8,0.1,0.1,9.8,0.0,0.0,6.1E-4,,,,,,,,,,104.550,-0.04,9.8,-0.1,0.0,9.8,0.0,0.0,6.1E-4
104.600,-0.05,9.8,-0.2,-0.1,9.8,0.0,0.0,-6.1E-4,,,,,,,,,,,,,,,,,,,104.600,-0.04,9.8,-0.2,-0.1,9.8,-1.2E-4,0.0,-6.1E-4,,,,,,,,,,104.600,-0.04,9.8,-0.1,0.0,9.8,0.0,0.0,6.1E-4
104.650,-0.05,9.8,-0.2,0.0,9.8,0.0,0.0,-6.1E-4,,,,,,,,,,,,,,,,,,,104.650,-0.02,9.8,-0.1,-0.1,9.8,0.0,0.0,0.0,,,,,,,,,,104.650,-0.04,9.8,-0.1,0.0,9.8,0.0,0.0,-6.1E-4
104.700,-0.05,9.8,-0.2,-0.1,9.8,-1.2E-4,0.0,0.0,,,,,,,,,,,,,,,,,,,104.700,-0.02,9.9,0.1,0.1,9.9,0.0,0.0,-6.1E-4,,,,,,,,,,104.700,-0.04,9.8,-0.1,0.0,9.8,0.0,0.0,-6.1E-4
104.750,-0.04,9.8,-0.2,-0.1,9.8,0.0,0.0,6.1E-4,,,,,,,,,,,,,,,,,,,104.750,-0.03,9.8,0.0,0.0,9.8,0.0,0.0,6.1E-4,,,,,,,,,,104.750,-0.04,9.8,-0.1,0.0,9.8,0.0,0.0,-6.1E-4
104.800,-0.04,9.9,-0.1,0.0,9.9,0.0,0.0,0.0,,,,,,,,,,,,,,,,,,,104.800,-0.02,9.8,-0.1,-0.1,9.8,0.0,0.0,-6.1E-4,,,,,,,,,,104.800,-0.04,9.8,-0.1,0.0,9.8,0.0,0.0,-6.1E-4
104.850,-0.05,9.8,-0.2,-0.1,9.8,0.0,0.0,6.1E-4,,,,,,,,,,,,,,,,,,,104.850,-0.02,9.8,0.0,0.0,9.8,0.0,0.0,0.0,,,,,,,,,,104.850,-0.04,9.8,-0.1,0.0,9.8,0.0,0.0,-6.1E-4
104.900,-0.04,9.8,-0.2,-0.1,9.8,0.0,0.0,0.0,,,,,,,,,,,,,,,,,,,104.900,-0.02,9.9,0.0,0.1,9.9,0.0,0.0,-6.1E-4,,,,,,,,,,104.900,-0.03,9.8,-0.1,0.0,9.8,0.0,0.0,-6.1E-4
104.950,-0.05,9.8,-0.1,-0.1,9.8,0.0,0.0,6.1E-4,,,,,,,,,,,,,,,,,,,104.950,-0.02,9.8,0.1,-0.1,9.8,0.0,0.0,6.1E-4,,,,,,,,,,104.950,-0.04,9.8,0.0,0.0,9.8,0.0,0.0,6.1E-4
105.000,-0.05,9.8,-0.2,-0.1,9.8,-1.2E-4,0.0,0.0,,,,,,,,,,,,,,,,,,,105.000,-0.02,9.8,-0.2,0.0,9.8,0.0,0.0,-6.1E-4,,,,,,,,,,105.000,-0.03,9.8,-0.1,0.0,9.8,0.0,0.0,0.0
105.050,-0.05,9.8,-0.2,-0.1,9.8,0.0,0.0,-6.1E-4,,,,,,,,,,,,,,,,,,,105.050,-0.01,9.8,-0.2,0.0,9.8,0.0,0.0,0.0,,,,,,,,,,105.050,-0.03,9.8,-0.1,0.0,9.8,0.0,0.0,0.0
105.100,-0.05,9.8,-0.2,0.0,9.8,0.0,0.0,0.0,,,,,,,,,,,,,,,,,,,105.100,-0.02,9.8,0.2,0.0,9.8,0.0,0.0,0.0,,,,,,,,,,105.100,-0.04,9.8,-0.1,0.0,9.8,0.0,0.0,-6.1E-4
105.150,-0.05,9.8,-0.2,-0.1,9.8,0.0,0.0,0.0,,,,,,,,,,,,,,,,,,,105.150,-0.02,9.8,0.0,0.0,9.8,0.0,0.0,0.0,,,,,,,,,,105.150,-0.05,9.8,0.0,0.0,9.8,0.0,0.0,-6.1E-4
105.200,-0.05,9.8,-0.2,0.0,9.8,0.0,0.0,0.0,,,,,,,,,,,,,,,,,,,105.200,-0.01,9.8,-0.2,0.0,9.8,0.0,0.0,0.0,,,,,,,,,,105.200,-0.05,9.8,-0.1,0.0,9.8,0.0,0.0,-6.1E-4
105.250,-0.05,9.8,-0.1,-0.1,9.8,0.0,0.0,-6.1E-4,,,,,,,,,,,,,,,,,,,105.250,-0.02,9.8,-0.1,-0.1,9.8,0.0,0.0,0.0,,,,,,,,,,105.250,-0.04,9.8,-0.1,0.0,9.8,0.0,0.0,-6.1E-4
105.300,-0.05,9.8,-0.2,0.0,9.8,0.0,0.0,0.0,,,,,,,,,,,,,,,,,,,105.300,-0.02,9.9,0.1,0.1,9.9,0.0,0.0,6.1E-4,,,,,,,,,,105.300,-0.04,9.8,-0.1,0.0,9.8,0.0,0.0,0.0
105.350,-0.06,9.8,-0.2,-0.1,9.8,0.0,0.0,0.0,,,,,,,,,,,,,,,,,,,105.350,-0.03,9.8,0.0,0.0,9.8,0.0,0.0,6.1E-4,,,,,,,,,,105.350,-0.04,9.8,-0.1,0.0,9.8,0.0,0.0,6.1E-4
105.400,-0.06,9.8,-0.2,0.0,9.8,0.0,0.0,-6.1E-4,,,,,,,,,,,,,,,,,,,105.400,-0.04,9.8,-0.1,-0.1,9.8,0.0,0.0,-6.1E-4,,,,,,,,,,105.400,-0.04,9.8,-0.1,0.0,9.8,0.0,0.0,-6.1E-4
105.450,-0.06,9.8,-0.2,0.0,9.8,0.0,0.0,-6.1E-4,,,,,,,,,,,,,,,,,,,105.450,-0.04,9.8,-0.1,0.0,9.8,0.0,0.0,6.1E-4,,,,,,,,,,105.450,-0.03,9.8,-0.1,0.0,9.8,0.0,0.0,-6.1E-4
105.500,-0.05,9.8,-0.2,-0.1,9.8,0.0,0.0,-6.1E-4,,,,,,,,,,,,,,,,,,,105.500,-0.03,9.9,1.9E-4,0.1,9.9,0.0,0.0,-6.1E-4,,,,,,,,,,105.500,-0.04,9.8,-0.1,0.0,9.8,0.0,0.0,-6.1E-4
105.550,-0.06,9.8,-0.2,-0.1,9.8,0.0,0.0,0.0,,,,,,,,,,,,,,,,,,,105.550,-0.04,9.9,0.0,0.0,9.9,0.0,0.0,6.1E-4,,,,,,,,,,105.550,-0.05,9.8,-0.1,0.0,9.8,0.0,0.0,6.1E-4
105.600,-0.07,9.8,-0.2,0.0,9.8,0.0,0.0,0.0,,,,,,,,,,,,,,,,,,,105.600,-0.03,9.8,-0.1,-0.1,9.8,-1.2E-4,0.0,-6.1E-4,,,,,,,,,,105.600,-0.06,9.8,-0.1,0.0,9.8,0.0,0.0,0.0
105.650,-0.05,9.8,-0.2,-0.1,9.8,0.0,0.0,0.0,,,,,,,,,,,,,,,,,,,105.650,-0.03,9.8,-0.1,0.0,9.8,0.0,0.0,0.0,,,,,,,,,,105.650,-0.05,9.8,-0.1,0.0,9.8,0.0,0.0,-6.1E-4
105.700,-0.05,9.8,-0.2,-0.1,9.8,0.0,0.0,6.1E-4,,,,,,,,,,,,,,,,,,,105.700,-0.04,9.8,0.1,0.0,9.8,0.0,0.0,-6.1E-4,,,,,,,,,,105.700,-0.05,9.8,-0.1,0.0,9.8,0.0,0.0,6.1E-4
105.750,-0.05,9.8,-0.2,0.0,9.8,0.0,0.0,0.0,,,,,,,,,,,,,,,,,,,105.750,-0.03,9.9,0.0,0.0,9.9,0.0,0.0,-6.1E-4,,,,,,,,,,105.750,-0.04,9.8,-0.1,0.0,9.8,0.0,0.0,-6.1E-4
105.800,-0.05,9.8,-0.2,-0.1,9.8,0.0,0.0,-6.1E-4,,,,,,,,,,,,,,,,,,,105.800,-0.04,9.8,-0.2,0.0,9.8,0.0,0.0,0.0,,,,,,,,,,105.800,-0.06,9.8,-0.1,0.0,9.8,0.0,0.0,-6.1E-4
105.850,-0.06,9.9,-0.2,0.0,9.9,0.0,0.0,-6.1E-4,,,,,,,,,,,,,,,,,,,105.850,-0.04,9.8,-0.1,0.0,9.8,0.0,0.0,6.1E-4,,,,,,,,,,105.850,-0.05,9.8,-0.1,0.0,9.8,0.0,0.0,0.0
105.900,-0.06,9.8,-0.2,-0.1,9.8,-1.2E-4,0.0,-6.1E-4,,,,,,,,,,,,,,,,,,,105.900,-0.03,9.8,0.1,0.0,9.8,0.0,0.0,6.1E-4,,,,,,,,,,105.900,-0.06,9.8,-0.1,0.0,9.8,0.0,0.0,6.1E-4
105.950,-0.06,9.8,-0.2,-0.1,9.8,0.0,0.0,-6.1E-4,,,,,,,,,,,,,,,,,,,105.950,-0.04,9.8,0.0,0.0,9.8,0.0,0.0,-6.1E-4,,,,,,,,,,105.950,-0.05,9.8,-0.1,0.0,9.8,0.0,0.0,-6.1E-4
106.000,-0.06,9.8,-0.1,-0.1,9.8,0.0,0.0,0.0,,,,,,,,,,,,,,,,,,,106.000,-0.03,9.9,-0.1,0.0,9.9,0.0,0.0,-6.1E-4,,,,,,,,,,106.000,-0.05,9.8,-0.1,0.0,9.8,0.0,0.0,-6.1E-4
106.050,-0.04,9.8,-0.2,0.0,9.8,0.0,0.0,-6.1E-4,,,,,,,,,,,,,,,,,,,106.050,-0.02,9.8,-0.1,0.0,9.8,0.0,0.0,-6.1E-4,,,,,,,,,,106.050,-0.06,9.8,-0.1,0.0,9.8,0.0,0.0,0.0
106.100,-0.06,9.8,-0.2,-0.1,9.8,0.0,0.0,0.0,,,,,,,,,,,,,,,,,,,106.100,-0.01,9.8,0.1,0.0,9.8,0.0,0.0,-6.1E-4,,,,,,,,,,106.100,-0.05,9.8,-0.1,0.0,9.8,0.0,0.0,6.1E-4
106.150,-0.06,9.9,-0.2,0.0,9.9,0.0,0.0,0.0,,,,,,,,,,,,,,,,,,,106.150,-0.03,9.9,0.0,0.0,9.9,0.0,0.0,6.1E-4,,,,,,,,,,106.150,-0.05,9.8,-0.1,0.0,9.8,0.0,0.0,-6.1E-4
106.200,-0.06,9.8,-0.2,-0.1,9.8,-1.2E-4,0.0,0.0,,,,,,,,,,,,,,,,,,,106.200,-0.03,9.8,-0.1,0.0,9.8,0.0,0.0,-6.1E-4,,,,,,,,,,106.200,-0.05,9.8,-0.1,0.0,9.8,0.0,0.0,-6.1E-4
106.250,-0.05,9.8,-0.2,0.0,9.8,0.0,0.0,-6.1E-4,,,,,,,,,,,,,,,,,,,106.250,-0.02,9.8,-0.1,0.0,9.8,0.0,0.0,0.0,,,,,,,,,,106.250,-0.05,9.8,-0.1,0.0,9.8,0.0,0.0,-6.1E-4
106.300,-0.06,9.8,-0.2,-0.1,9.8,0.0,0.0,0.0,,,,,,,,,,,,,,,,,,,106.300,-0.03,9.9,0.0,0.0,9.9,0.0,0.0,-6.1E-4,,,,,,,,,,106.300,-0.05,9.8,-0.1,0.0,9.8,0.0,0.0,0.0
106.350,-0.06,9.8,-0.2,0.0,9.8,0.0,0.0,-6.1E-4,,,,,,,,,,,,,,,,,,,106.350,-0.05,9.8,0.0,0.0,9.8,0.0,0.0,-6.1E-4,,,,,,,,,,106.350,-0.05,9.8,-0.1,0.0,9.8,0.0,0.0,-6.1E-4
106.400,-0.05,9.8,-0.2,-0.1,9.8,0.0,0.0,0.0,,,,,,,,,,,,,,,,,,,106.400,-0.04,9.8,-0.1,0.0,9.8,0.0,0.0,0.0,,,,,,,,,,106.400,-0.06,9.8,-0.1,0.0,9.8,0.0,0.0,6.1E-4
106.450,-0.06,9.8,-0.2,0.0,9.8,0.0,0.0,0.0,,,,,,,,,,,,,,,,,,,106.450,-0.03,9.8,-0.1,0.0,9.8,0.0,0.0,-6.1E-4,,,,,,,,,,106.450,-0.05,9.8,-0.1,0.0,9.8,0.0,0.0,-6.1E-4
106.500,-0.05,9.8,-0.2,-0.1,9.8,0.0,0.0,-6.1E-4,,,,,,,,,,,,,,,,,,,106.500,-0.03,9.8,0.0,0.0,9.8,0.0,0.0,6.1E-4,,,,,,,,,,106.500,-0.06,9.8,-0.1,0.0,9.8,0.0,0.0,0.0
106.550,-0.06,9.8,-0.2,-0.1,9.8,0.0,0.0,0.0,,,,,,,,,,,,,,,,,,,106.550,-0.03,9.9,0.0,0.0,9.9,0.0,0.0,-6.1E-4,,,,,,,,,,106.550,-0.05,9.8,-0.1,0.0,9.8,0.0,0.0,0.0
106.600,-0.06,9.8,-0.2,-0.1,9.8,0.0,0.0,-6.1E-4,,,,,,,,,,,,,,,,,,,106.600,-0.03,9.8,-0.1,0.0,9.8,0.0,0.0,-6.1E-4,,,,,,,,,,106.600,-0.05,9.8,-0.1,0.0,9.8,0.0,0.0,-6.1E-4
106.650,-0.05,9.8,-0.2,-0.1,9.8,0.0,0.0,-6.1E-4,,,,,,,,,,,,,,,,,,,106.650,-0.03,9.8,-0.1,0.0,9.8,0.0,0.0,-6.1E-4,,,,,,,,,,106.650,-0.05,9.8,-0.1,0.0,9.8,0.0,0.0,-6.1E-4
106.700,-0.06,9.8,-0.2,0.0,9.8,0.0,0.0,0.0,,,,,,,,,,,,,,,,,,,106.700,-0.03,9.8,0.0,0.0,9.8,0.0,0.0,-6.1E-4,,,,,,,,,,106.700,-0.05,9.8,-0.1,0.0,9.8,0.0,0.0,-6.1E-4
106.750,-0.05,9.8,-0.2,-0.1,9.8,0.0,0.0,-6.1E-4,,,,,,,,,,,,,,,,,,,106.750,-0.02,9.8,-0.1,0.0,9.8,0.0,0.0,-6.1E-4,,,,,,,,,,106.750,-0.06,9.8,-0.1,0.0,9.8,0.0,0.0,-6.1E-4
106.800,-0.05,9.8,-0.2,0.0,9.8,0.0,0.0,0.0,,,,,,,,,,,,,,,,,,,106.800,-0.02,9.8,-0.1,0.0,9.8,0.0,0.0,-6.1E-4,,,,,,,,,,106.800,-0.06,9.8,-0.1,0.0,9.8,0.0,0.0,-6.1E-4
106.850,-0.05,9.8,-0.2,-0.1,9.8,0.0,0.0,-6.1E-4,,,,,,,,,,,,,,,,,,,106.850,-0.02,9.8,-0.1,0.0,9.8,0.0,0.0,0.0,,,,,,,,,,106.850,-0.05,9.8,-0.1,0.0,9.8,0.0,0.0,-6.1E-4
106.900,-0.05,9.8,-0.2,0.0,9.8,0.0,0.0,0.0,,,,,,,,,,,,,,,,,,,106.900,-0.01,9.9,0.0,0.0,9.9,0.0,0.0,6.1E-4,,,,,,,,,,106.900,-0.05,9.8,-0.1,0.0,9.8,0.0,0.0,0.0
106.950,-0.05,9.8,-0.2,-0.1,9.8,0.0,0.0,6.1E-4,,,,,,,,,,,,,,,,,,,106.950,-0.02,9.8,-0.1,0.0,9.8,0.0,0.0,0.0,,,,,,,,,,106.950,-0.04,9.8,-0.1,0.0,9.8,0.0,0.0,6.1E-4
107.000,-0.06,9.8,-0.2,0.0,9.8,0.0,0.0,0.0,,,,,,,,,,,,,,,,,,,107.000,-0.02,9.8,-0.1,0.0,9.8,0.0,0.0,6.1E-4,,,,,,,,,,107.000,-0.04,9.8,-0.1,0.0,9.8,0.0,0.0,-6.1E-4
107.050,-0.06,9.8,-0.2,-0.1,9.8,0.0,0.0,0.0,,,,,,,,,,,,,,,,,,,107.050,-0.03,9.9,0.0,0.0,9.9,0.0,0.0,-6.1E-4,,,,,,,,,,107.050,-0.04,9.8,-0.1,0.0,9.8,0.0,0.0,-6.1E-4
107.100,-0.06,9.8,-0.2,-0.1,9.8,0.0,0.0,0.0,,,,,,,,,,,,,,,,,,,107.100,-0.04,9.8,0.0,0.0,9.8,0.0,0.0,6.1E-4,,,,,,,,,,107.100,-0.06,9.8,-0.1,0.0,9.8,0.0,0.0,-6.1E-4
107.150,-0.06,9.8,-0.2,-0.1,9.8,0.0,0.0,-6.1E-4,,,,,,,,,,,,,,,,,,,107.150,-0.04,9.8,-0.1,0.0,9.8,0.0,0.0,-6.1E-4,,,,,,,,,,107.150,-0.05,9.8,-0.1,0.0,9.8,0.0,0.0,-6.1E-4
107.200,-0.06,9.8,-0.2,0.0,9.8,0.0,0.0,-6.1E-4,,,,,,,,,,,,,,,,,,,107.200,-0.03,9.8,0.0,0.0,9.8,0.0,0.0,0.0,,,,,,,,,,107.200,-0.05,9.8,-0.1,0.0,9.8,0.0,0.0,-6.1E-4
107.250,-0.06,9.8,-0.2,-0.1,9.8,0.0,0.0,0.0,,,,,,,,,,,,,,,,,,,107.250,-0.02,9.8,-0.1,0.0,9.8,0.0,0.0,-6.1E-4,,,,,,,,,,107.250,-0.06,9.8,-0.1,0.0,9.8,0.0,0.0,-6.1E-4
107.300,-0.05,9.8,-0.2,-0.1,9.8,0.0,0.0,-6.1E-4,,,,,,,,,,,,,,,,,,,107.300,-0.03,9.9,0.0,0.0,9.9,0.0,0.0,-6.1E-4,,,,,,,,,,107.300,-0.06,9.8,-0.1,0.0,9.8,0.0,0.0,-6.1E-4
107.350,-0.06,9.8,-0.2,-0.1,9.8,0.0,0.0,0.0,,,,,,,,,,,,,,,,,,,107.350,-0.04,9.8,-0.1,0.0,9.8,0.0,0.0,-6.1E-4,,,,,,,,,,107.350,-0.06,9.8,-0.1,0.0,9.8,0.0,0.0,0.0
107.400,-0.06,9.8,-0.2,-0.1,9.8,0.0,0.0,-6.1E-4,,,,,,,,,,,,,,,,,,,107.400,-0.03,9.8,0.0,0.0,9.8,0.0,0.0,-6.1E-4,,,,,,,,,,107.400,-0.05,9.8,-0.1,0.0,9.8,0.0,0.0,6.1E-4
107.450,-0.05,9.8,-0.2,-0.1,9.8,0.0,0.0,0.0,,,,,,,,,,,,,,,,,,,107.450,-0.03,9.8,0.0,0.0,9.8,0.0,0.0,6.1E-4,,,,,,,,,,107.450,-0.05,9.8,-0.1,0.0,9.8,0.0,0.0,-6.1E-4
107.500,-0.06,9.8,-0.2,0.0,9.8,0.0,0.0,-6.1E-4,,,,,,,,,,,,,,,,,,,107.500,-0.01,9.9,0.0,0.0,9.9,-1.2E-4,0.0,-6.1E-4,,,,,,,,,,107.500,-0.04,9.8,-0.1,0.0,9.8,0.0,0.0,6.1E-4
107.550,-0.05,9.8,-0.2,-0.1,9.8,0.0,0.0,0.0,,,,,,,,,,,,,,,,,,,107.550,-0.01,9.8,-0.1,0.0,9.8,0.0,0.0,-6.1E-4,,,,,,,,,,107.550,-0.05,9.8,-0.1,0.0,9.8,0.0,0.0,6.1E-4
107.600,-0.04,9.8,-0.2,-0.1,9.8,0.0,0.0,0.0,,,,,,,,,,,,,,,,,,,107.600,-0.03,9.8,0.0,0.0,9.8,0.0,0.0,6.1E-4,,,,,,,,,,107.600,-0.05,9.8,-0.1,0.0,9.8,0.0,0.0,-6.1E-4
107.650,-0.05,9.8,-0.2,-0.1,9.8,0.0,0.0,-6.1E-4,,,,,,,,,,,,,,,,,,,107.650,-0.03,9.9,0.0,0.0,9.9,0.0,0.0,-6.1E-4,,,,,,,,,,107.650,-0.06,9.8,-0.1,0.0,9.8,0.0,0.0,-6.1E-4
107.700,-0.07,9.8,-0.2,0.0,9.8,0.0,0.0,0.0,,,,,,,,,,,,,,,,,,,107.700,-0.01,9.8,-0.1,0.0,9.8,0.0,0.0,6.1E-4,,,,,,,,,,107.700,-0.07,9.8,-0.1,0.0,9.8,0.0,0.0,-6.1E-4
107.750,-0.05,9.8,-0.2,0.0,9.8,0.0,0.0,0.0,,,,,,,,,,,,,,,,,,,107.750,-0.02,9.8,-0.1,0.0,9.8,0.0,0.0,6.1E-4,,,,,,,,,,107.750,-0.05,9.8,-0.1,0.0,9.8,0.0,0.0,-6.1E-4
107.800,-0.05,9.8,-0.1,-0.1,9.8,0.0,0.0,6.1E-4,,,,,,,,,,,,,,,,,,,107.800,-0.03,9.9,0.0,0.0,9.9,0.0,0.0,-6.1E-4,,,,,,,,,,107.800,-0.05,9.8,-0.1,0.0,9.8,0.0,0.0,6.1E-4
107.850,-0.04,9.8,-0.2,0.0,9.8,0.0,0.0,0.0,,,,,,,,,,,,,,,,,,,107.850,-0.02,9.8,0.0,0.0,9.8,0.0,0.0,6.1E-4,,,,,,,,,,107.850,-0.05,9.8,0.0,0.0,9.8,0.0,0.0,-6.1E-4
107.900,-0.05,9.8,-0.2,-0.1,9.8,0.0,0.0,-6.1E-4,,,,,,,,,,,,,,,,,,,107.900,-0.01,9.8,-0.1,0.0,9.8,0.0,0.0,0.0,,,,,,,,,,107.900,-0.05,9.8,0.0,0.1,9.8,0.0,0.0,6.1E-4
107.950,-0.05,9.8,-0.2,-0.1,9.8,0.0,0.0,0.0,,,,,,,,,,,,,,,,,,,107.950,-0.02,9.8,0.0,0.0,9.8,0.0,0.0,-6.1E-4,,,,,,,,,,107.950,-0.06,9.8,-0.1,0.0,9.8,0.0,0.0,6.1E-4
108.000,-0.05,9.8,-0.2,-0.1,9.8,0.0,0.0,6.1E-4,,,,,,,,,,,,,,,,,,,108.000,-0.01,9.8,0.0,0.0,9.8,0.0,0.0,0.0,,,,,,,,,,108.000,-0.06,9.8,-0.1,0.0,9.8,0.0,0.0,-6.1E-4
108.050,-0.05,9.8,-0.2,-0.1,9.8,0.0,0.0,-6.1E-4,,,,,,,,,,,,,,,,,,,108.050,-0.02,9.8,0.0,0.0,9.8,0.0,0.0,-6.1E-4,,,,,,,,,,108.050,-0.06,9.8,-0.1,0.0,9.8,0.0,0.0,-6.1E-4
108.100,-0.05,9.8,-0.2,0.0,9.8,0.0,0.0,-6.1E-4,,,,,,,,,,,,,,,,,,,108.100,-0.04,9.8,-0.1,0.0,9.8,0.0,0.0,6.1E-4,,,,,,,,,,108.100,-0.05,9.8,-0.1,0.0,9.8,0.0,0.0,0.0
108.150,-0.06,9.9,-0.2,-0.1,9.9,0.0,0.0,-6.1E-4,,,,,,,,,,,,,,,,,,,108.150,-0.01,9.8,-0.1,0.0,9.8,0.0,0.0,0.0,,,,,,,,,,108.150,-0.06,9.8,-0.1,0.0,9.8,0.0,0.0,6.1E-4
108.200,-0.05,9.8,-0.2,0.0,9.8,0.0,0.0,0.0,,,,,,,,,,,,,,,,,,,108.200,-0.03,9.8,0.0,0.0,9.8,0.0,0.0,-6.1E-4,,,,,,,,,,108.200,-0.04,9.8,-0.1,0.0,9.8,0.0,0.0,0.0
108.250,-0.05,9.8,-0.2,-0.1,9.8,0.0,0.0,-6.1E-4,,,,,,,,,,,,,,,,,,,108.250,-0.03,9.8,0.0,0.0,9.8,0.0,0.0,-6.1E-4,,,,,,,,,,108.250,-0.05,9.8,0.0,0.0,9.8,0.0,0.0,-6.1E-4
108.300,-0.05,9.8,-0.2,0.0,9.8,0.0,0.0,0.0,,,,,,,,,,,,,,,,,,,108.300,-0.02,9.8,-0.1,0.0,9.8,0.0,0.0,0.0,,,,,,,,,,108.300,-0.05,9.8,-0.1,0.0,9.8,0.0,0.0,6.1E-4
108.350,-0.05,9.8,-0.2,-0.1,9.8,0.0,0.0,0.0,,,,,,,,,,,,,,,,,,,108.350,-0.01,9.8,-0.1,0.0,9.8,0.0,0.0,6.1E-4,,,,,,,,,,108.350,-0.03,9.8,-0.1,0.0,9.8,0.0,0.0,0.0
108.400,-0.06,9.8,-0.2,0.0,9.8,0.0,0.0,0.0,,,,,,,,,,,,,,,,,,,108.400,-0.03,9.8,-0.1,0.0,9.8,0.0,0.0,0.0,,,,,,,,,,108.400,-0.05,9.8,-0.1,0.0,9.8,0.0,0.0,6.1E-4
108.450,-0.05,9.8,-0.2,0.0,9.8,0.0,0.0,0.0,,,,,,,,,,,,,,,,,,,108.450,-0.03,9.9,0.0,-0.1,9.9,0.0,0.0,0.0,,,,,,,,,,108.450,-0.06,9.8,-0.1,0.0,9.8,0.0,0.0,0.0
108.500,-0.05,9.9,-0.1,0.0,9.9,0.0,0.0,0.0,,,,,,,,,,,,,,,,,,,108.500,-0.03,9.8,0.0,0.1,9.8,0.0,0.0,0.0,,,,,,,,,,108.500,-0.05,9.9,0.0,0.0,9.9,0.0,0.0,0.0
108.550,-0.04,9.9,-0.3,-0.1,9.9,0.0,0.0,0.0,,,,,,,,,,,,,,,,,,,108.550,-0.02,9.9,0.0,0.1,9.9,0.0,0.0,0.0,,,,,,,,,,108.550,-0.05,9.8,-0.1,0.0,9.8,-1.2E-4,0.0,0.0
108.600,-0.04,9.8,-0.1,-0.1,9.8,0.0,0.0,0.0,,,,,,,,,,,,,,,,,,,108.600,-0.02,9.8,0.0,-0.1,9.8,-1.2E-4,0.0,0.0,,,,,,,,,,108.600,-0.04,9.8,-0.1,0.0,9.8,0.0,0.0,0.0
108.650,-0.05,9.9,0.1,-0.1,9.9,0.1,0.0,0.0,,,,,,,,,,,,,,,,,,,108.650,-0.03,9.8,-0.1,0.0,9.8,0.0,0.0,-6.1E-4,,,,,,,,,,108.650,-0.05,9.8,-0.1,0.0,9.8,0.0,0.0,6.1E-4
108.700,-0.06,9.7,-0.7,0.0,9.8,0.0,0.0,0.0,,,,,,,,,,,,,,,,,,,108.700,-0.01,9.8,-0.1,0.0,9.8,0.0,0.0,0.0,,,,,,,,,,108.700,-0.04,9.8,0.0,0.0,9.8,0.0,0.0,-6.1E-4
108.750,-0.05,9.9,1.9E-4,0.0,9.9,-0.1,0.0,-6.1E-4,,,,,,,,,,,,,,,,,,,108.750,-0.04,9.8,0.1,-0.1,9.8,0.0,0.0,6.1E-4,,,,,,,,,,108.750,-0.05,9.8,0.0,0.1,9.8,0.0,0.0,0.0
108.800,-0.04,9.8,-0.3,-0.1,9.8,0.0,0.0,0.0,,,,,,,,,,,,,,,,,,,108.800,-0.02,9.8,-0.1,0.0,9.8,0.0,0.0,-6.1E-4,,,,,,,,,,108.800,-0.03,9.9,-0.1,-0.1,9.9,0.0,0.0,0.0
108.850,-0.04,9.9,-0.1,0.0,9.9,0.0,0.0,6.1E-4,,,,,,,,,,,,,,,,,,,108.850,-0.03,9.8,-0.1,0.0,9.8,0.0,0.0,0.0,,,,,,,,,,108.850,-0.05,9.8,-0.1,0.1,9.8,0.0,0.0,0.0
108.900,-0.04,9.8,-0.1,-0.1,9.8,0.0,0.0,0.0,,,,,,,,,,,,,,,,,,,108.900,-0.04,9.8,0.1,-0.1,9.8,0.0,0.0,0.0,,,,,,,,,,108.900,-0.04,9.8,-0.1,0.1,9.8,0.0,0.0,6.1E-4
108.950,-0.04,9.8,-0.2,0.0,9.8,0.0,0.0,6.1E-4,,,,,,,,,,,,,,,,,,,108.950,-0.04,9.8,0.0,0.1,9.8,0.0,0.0,6.1E-4,,,,,,,,,,108.950,-0.05,10.0,-0.1,0.0,10.0,0.0,0.0,-6.1E-4
109.000,-0.05,9.9,-0.1,-0.1,9.9,0.0,0.0,0.0,,,,,,,,,,,,,,,,,,,109.000,-0.04,9.8,-0.2,0.0,9.8,0.0,0.0,0.0,,,,,,,,,,109.000,-0.05,9.7,0.0,-0.1,9.7,0.0,0.0,0.0
109.050,-0.05,9.8,0.0,0.0,9.8,0.0,0.0,0.0,,,,,,,,,,,,,,,,,,,109.050,-0.02,9.8,1.9E-4,-0.1,9.8,0.0,0.0,0.0,,,,,,,,,,109.050,-0.03,9.9,-0.3,0.2,9.9,0.0,0.0,6.1E-4
109.100,-0.05,9.8,-0.1,-0.1,9.8,0.0,0.0,0.0,,,,,,,,,,,,,,,,,,,109.100,-0.03,9.8,0.1,0.1,9.8,0.0,0.0,0.0,,,,,,,,,,109.100,-0.05,9.9,0.0,0.0,9.9,0.0,0.0,0.0
109.150,-0.05,9.8,-0.2,0.0,9.8,0.0,0.0,0.0,,,,,,,,,,,,,,,,,,,109.150,-0.04,9.8,-0.2,0.1,9.8,0.0,0.0,-6.1E-4,,,,,,,,,,109.150,-0.04,9.8,0.3,0.0,9.8,0.0,0.0,0.0
109.200,-0.04,9.8,-0.1,0.0,9.8,-0.1,0.0,0.0,,,,,,,,,,,,,,,,,,,109.200,-0.03,9.9,0.1,-0.1,9.9,0.0,0.0,-6.1E-4,,,,,,,,,,109.200,-0.04,9.8,-0.4,0.1,9.8,0.0,0.0,0.0
109.250,-0.04,9.8,-0.1,0.0,9.8,0.0,0.0,0.0,,,,,,,,,,,,,,,,,,,109.250,-0.02,9.8,0.0,0.0,9.8,0.0,0.0,-6.1E-4,,,,,,,,,,109.250,-0.05,9.9,-0.1,0.1,9.9,0.0,0.0,6.1E-4
109.300,-0.05,9.8,-0.1,-0.1,9.8,0.0,0.0,6.1E-4,,,,,,,,,,,,,,,,,,,109.300,-0.04,9.8,-0.1,0.1,9.8,0.0,0.0,0.0,,,,,,,,,,109.300,-0.04,9.8,0.1,0.0,9.8,0.0,0.0,-6.1E-4
109.350,-0.04,9.8,0.0,0.0,9.8,0.0,0.0,0.0,,,,,,,,,,,,,,,,,,,109.350,-0.04,9.8,0.0,0.0,9.8,0.0,0.0,0.0,,,,,,,,,,109.350,-0.05,9.9,-0.1,0.1,9.9,0.0,0.0,0.0
109.400,-0.06,9.8,-0.2,-0.1,9.8,0.0,0.0,-6.1E-4,,,,,,,,,,,,,,,,,,,109.400,-0.03,9.8,0.0,0.0,9.8,0.0,0.0,6.1E-4,,,,,,,,,,109.400,-0.05,9.8,-0.3,-0.1,9.8,0.0,0.0,0.0
109.450,-0.06,9.8,-0.1,0.0,9.8,0.0,0.0,0.0,,,,,,,,,,,,,,,,,,,109.450,-0.04,9.8,-0.1,0.0,9.8,0.0,0.0,-6.1E-4,,,,,,,,,,109.450,-0.05,9.8,0.1,-0.1,9.8,0.0,0.0,0.0
109.500,-0.05,9.8,-0.1,-0.1,9.8,0.0,0.0,0.0,,,,,,,,,,,,,,,,,,,109.500,-0.05,9.9,0.0,0.0,9.9,0.0,0.0,-6.1E-4,,,,,,,,,,109.500,-0.03,9.8,0.0,0.1,9.8,0.0,0.0,-6.1E-4
109.550,-0.05,9.9,-0.1,0.0,9.9,0.1,0.0,0.0,,,,,,,,,,,,,,,,,,,109.550,-0.04,9.8,0.0,-0.1,9.8,0.0,0.0,6.1E-4,,,,,,,,,,109.550,-0.05,9.8,-0.2,0.0,9.8,0.0,0.0,0.0
109.600,-0.05,9.8,-0.2,0.0,9.8,0.1,0.0,0.0,,,,,,,,,,,,,,,,,,,109.600,-0.05,9.8,1.9E-4,0.1,9.8,0.0,0.0,-6.1E-4,,,,,,,,,,109.600,-0.05,9.8,-0.1,-0.1,9.8,0.0,0.0,0.0
109.650,-0.05,9.8,-0.2,0.0,9.8,0.0,0.0,0.0,,,,,,,,,,,,,,,,,,,109.650,-0.04,9.8,-0.1,0.0,9.8,0.0,0.0,-6.1E-4,,,,,,,,,,109.650,-0.06,9.8,0.0,0.0,9.8,0.0,0.0,0.0
109.700,-0.05,9.8,-0.2,-0.1,9.8,0.0,0.0,0.0,,,,,,,,,,,,,,,,,,,109.700,-0.04,9.8,0.1,-0.1,9.8,0.0,0.0,-6.1E-4,,,,,,,,,,109.700,-0.06,9.9,-0.2,0.1,9.9,0.0,0.0,0.0
109.750,-0.06,9.8,-0.2,-0.1,9.8,0.0,0.0,0.0,,,,,,,,,,,,,,,,,,,109.750,-0.04,9.8,0.0,0.0,9.8,0.0,0.0,6.1E-4,,,,,,,,,,109.750,-0.06,9.8,0.0,-0.1,9.8,0.0,0.0,0.0
109.800,-0.05,9.9,-0.2,0.0,9.9,0.0,0.0,0.0,,,,,,,,,,,,,,,,,,,109.800,-0.04,9.8,-0.2,0.0,9.8,0.0,0.0,0.0,,,,,,,,,,109.800,-0.05,9.8,-0.1,0.0,9.8,0.0,0.0,0.0
109.850,-0.05,9.8,0.0,0.0,9.8,0.0,0.0,6.1E-4,,,,,,,,,,,,,,,,,,,109.850,-0.05,9.8,0.1,0.0,9.8,0.0,0.0,0.0,,,,,,,,,,109.850,-0.06,9.8,-0.2,0.0,9.8,0.0,0.0,-6.1E-4
109.900,-0.05,9.9,-0.1,-0.1,9.9,0.0,0.0,0.0,,,,,,,,,,,,,,,,,,,109.900,-0.05,9.8,0.0,0.1,9.8,-1.2E-4,0.0,-6.1E-4,,,,,,,,,,109.900,-0.05,9.9,0.1,0.0,9.9,0.0,0.0,6.1E-4
109.950,-0.05,9.8,-0.3,0.0,9.9,0.0,0.0,0.0,,,,,,,,,,,,,,,,,,,109.950,-0.05,9.9,0.0,0.0,9.9,0.0,0.0,0.0,,,,,,,,,,109.950,-0.05,9.8,0.0,0.0,9.8,0.0,0.0,0.0
110.000,-0.05,9.8,-0.2,-0.1,9.8,-0.1,0.0,6.1E-4,,,,,,,,,,,,,,,,,,,110.000,-0.04,9.9,0.0,-0.1,9.9,0.0,0.0,0.0,,,,,,,,,,110.000,-0.04,9.8,-0.2,0.1,9.8,0.0,0.0,0.0
110.050,-0.05,9.8,0.0,-0.1,9.8,0.0,0.0,0.0,,,,,,,,,,,,,,,,,,,110.050,-0.04,9.8,-0.1,0.1,9.8,0.0,0.0,0.0,,,,,,,,,,110.050,-0.05,9.8,-0.1,-0.1,9.8,0.0,0.0,0.0
110.100,-0.05,9.9,0.1,0.0,9.9,0.0,0.0,0.0,,,,,,,,,,,,,,,,,,,110.100,-0.04,9.8,0.0,0.1,9.8,0.0,0.0,6.1E-4,,,,,,,,,,110.100,-0.05,9.9,0.1,0.1,9.9,0.0,0.0,6.1E-4
110.150,-0.06,9.8,0.0,-0.1,9.8,0.0,0.0,0.0,,,,,,,,,,,,,,,,,,,110.150,-0.05,9.8,0.1,-0.1,9.8,0.0,0.0,0.0,,,,,,,,,,110.150,-0.05,9.8,-0.2,0.0,9.8,0.0,0.0,6.1E-4
110.200,-0.05,9.9,0.0,0.0,9.9,0.1,0.0,0.0,,,,,,,,,,,,,,,,,,,110.200,-0.04,9.8,1.9E-4,0.0,9.8,0.0,0.0,0.0,,,,,,,,,,110.200,-0.05,9.8,-0.2,0.0,9.8,0.0,0.0,0.0
110.250,-0.06,9.9,-0.2,0.0,9.9,0.0,0.0,0.0,,,,,,,,,,,,,,,,,,,110.250,-0.04,9.8,-0.2,0.1,9.8,0.0,0.0,0.0,,,,,,,,,,110.250,-0.04,9.8,0.0,0.0,9.8,0.0,0.0,6.1E-4
110.300,-0.06,9.8,0.0,-0.1,9.8,0.0,0.0,0.0,,,,,,,,,,,,,,,,,,,110.300,-0.04,9.8,0.0,0.0,9.8,0.0,0.0,0.0,,,,,,,,,,110.300,-0.03,9.8,-0.1,0.1,9.8,-1.2E-4,0.0,6.1E-4
110.350,-0.05,9.9,-0.1,0.0,9.9,0.0,0.0,0.0,,,,,,,,,,,,,,,,,,,110.350,-0.04,9.8,-0.1,0.0,9.8,0.0,0.0,0.0,,,,,,,,,,110.350,-0.04,9.8,-0.1,0.0,9.8,0.0,0.0,-6.1E-4
110.400,-0.05,9.8,-0.1,-0.1,9.8,0.0,0.0,0.0,,,,,,,,,,,,,,,,,,,110.400,-0.04,9.8,0.0,0.1,9.8,-1.2E-4,0.0,-6.1E-4,,,,,,,,,,110.400,-0.05,9.8,-0.1,0.0,9.8,0.0,0.0,6.1E-4
110.450,-0.05,9.8,-0.1,0.0,9.8,0.0,0.0,0.0,,,,,,,,,,,,,,,,,,,110.450,-0.05,9.8,-0.1,0.0,9.8,0.0,0.0,0.0,,,,,,,,,,110.450,-0.05,9.8,-0.1,0.1,9.8,0.0,0.0,0.0
110.500,-0.06,9.8,-0.1,-0.1,9.8,0.0,0.0,0.0,,,,,,,,,,,,,,,,,,,110.500,-0.04,9.8,-0.1,0.0,9.8,0.0,0.0,0.0,,,,,,,,,,110.500,-0.05,9.8,0.0,0.0,9.8,0.0,0.0,6.1E-4
110.550,-0.05,9.8,-0.2,0.0,9.8,0.0,0.0,0.0,,,,,,,,,,,,,,,,,,,110.550,-0.04,9.8,1.9E-4,0.0,9.8,0.0,0.0,0.0,,,,,,,,,,110.550,-0.05,9.8,0.0,0.0,9.8,0.0,0.0,6.1E-4
110.600,-0.05,9.8,0.0,0.0,9.8,0.0,0.0,0.0,,,,,,,,,,,,,,,,,,,110.600,-0.04,9.9,1.9E-4,0.1,9.9,0.0,0.0,0.0,,,,,,,,,,110.600,-0.04,9.8,-0.2,0.0,9.8,0.0,0.0,-6.1E-4
110.650,-0.05,9.8,-0.1,-0.1,9.8,0.0,0.0,0.0,,,,,,,,,,,,,,,,,,,110.650,-0.04,9.8,-0.1,-0.1,9.8,0.0,0.0,6.1E-4,,,,,,,,,,110.650,-0.06,9.8,-0.1,0.0,9.8,0.0,0.0,-6.1E-4
110.700,-0.06,9.9,0.0,0.0,9.9,0.0,0.0,0.0,,,,,,,,,,,,,,,,,,,110.700,-0.05,9.8,0.0,0.0,9.8,0.0,0.0,6.1E-4,,,,,,,,,,110.700,-0.06,9.8,1.9E-4,0.0,9.8,0.0,0.0,6.1E-4
110.750,-0.05,9.8,-0.1,-0.1,9.8,0.0,0.0,0.0,,,,,,,,,,,,,,,,,,,110.750,-0.04,9.8,0.0,0.0,9.8,0.0,0.0,0.0,,,,,,,,,,110.750,-0.06,9.8,-0.1,0.0,9.8,-1.2E-4,0.0,-6.1E-4
110.800,-0.06,9.8,-0.1,0.0,9.8,0.0,0.0,0.0,,,,,,,,,,,,,,,,,,,110.800,-0.04,9.8,0.0,0.0,9.8,0.0,0.0,0.0,,,,,,,,,,110.800,-0.05,9.8,-0.2,0.0,9.8,0.0,0.0,0.0
110.850,-0.05,9.9,-0.1,-0.1,9.9,0.0,0.0,0.0,,,,,,,,,,,,,,,,,,,110.850,-0.04,9.8,-0.1,0.0,9.8,0.0,0.0,0.0,,,,,,,,,,110.850,-0.06,9.9,1.9E-4,0.0,9.9,0.0,0.0,0.0
110.900,-0.06,9.8,-0.2,0.0,9.8,0.0,0.0,0.0,,,,,,,,,,,,,,,,,,,110.900,-0.04,9.8,-0.1,0.0,9.8,0.0,0.0,6.1E-4,,,,,,,,,,110.900,-0.05,9.9,0.0,0.0,9.9,-1.2E-4,0.0,6.1E-4
110.950,-0.04,9.8,0.0,-0.1,9.8,0.0,0.0,0.0,,,,,,,,,,,,,,,,,,,110.950,-0.04,9.8,-0.1,0.0,9.8,0.0,0.0,-6.1E-4,,,,,,,,,,110.950,-0.05,9.8,-0.1,0.0,9.8,0.0,0.0,0.0
111.000,-0.05,9.9,-0.1,0.0,9.9,0.0,0.0,-6.1E-4,,,,,,,,,,,,,,,,,,,111.000,-0.04,9.8,0.0,0.0,9.8,0.0,0.0,0.0,,,,,,,,,,111.000,-0.05,9.8,-0.1,0.0,9.8,0.0,0.0,-6.1E-4
111.050,-0.06,9.8,0.0,-0.1,9.8,0.0,0.0,0.0,,,,,,,,,,,,,,,,,,,111.050,-0.04,9.8,-0.1,0.0,9.8,0.0,0.0,-6.1E-4,,,,,,,,,,111.050,-0.04,9.8,-0.1,0.0,9.8,0.0,0.0,-6.1E-4
111.100,-0.06,9.8,-0.2,0.0,9.8,0.0,0.0,0.0,,,,,,,,,,,,,,,,,,,111.100,-0.05,9.8,-0.1,0.0,9.8,0.0,0.0,-6.1E-4,,,,,,,,,,111.100,-0.04,9.8,-0.1,0.0,9.8,0.0,0.0,-6.1E-4
111.150,-0.05,9.9,0.0,0.0,9.9,0.0,0.0,6.1E-4,,,,,,,,,,,,,,,,,,,111.150,-0.05,9.9,1.9E-4,0.1,9.9,0.0,0.0,6.1E-4,,,,,,,,,,111.150,-0.05,9.8,-0.1,0.0,9.8,0.0,0.0,6.1E-4
111.200,-0.06,9.8,0.0,-0.1,9.8,-1.2E-4,0.0,0.0,,,,,,,,,,,,,,,,,,,111.200,-0.05,9.8,-0.1,0.0,9.8,0.0,0.0,-6.1E-4,,,,,,,,,,111.200,-0.05,9.8,-0.1,0.0,9.8,0.0,0.0,0.0
111.250,-0.05,9.8,-0.1,0.0,9.8,0.0,0.0,0.0,,,,,,,,,,,,,,,,,,,111.250,-0.04,9.8,0.0,0.0,9.8,0.0,0.0,-6.1E-4,,,,,,,,,,111.250,-0.05,9.8,-0.1,0.1,9.8,0.0,0.0,-6.1E-4
111.300,-0.06,9.9,-0.1,0.0,9.9,0.0,0.0,0.0,,,,,,,,,,,,,,,,,,,111.300,-0.05,9.8,-0.1,0.0,9.8,0.0,0.0,-6.1E-4,,,,,,,,,,111.300,-0.06,9.8,-0.1,0.0,9.8,0.0,0.0,6.1E-4
111.350,-0.06,9.8,0.0,-0.1,9.8,0.0,0.0,0.0,,,,,,,,,,,,,,,,,,,111.350,-0.04,9.8,0.0,0.0,9.8,0.0,0.0,0.0,,,,,,,,,,111.350,-0.05,9.8,0.0,0.0,9.8,0.0,0.0,0.0
111.400,-0.06,9.9,-0.1,0.0,9.9,0.0,0.0,0.0,,,,,,,,,,,,,,,,,,,111.400,-0.05,9.8,0.0,-0.1,9.8,0.0,0.0,0.0,,,,,,,,,,111.400,-0.06,9.8,-0.2,0.1,9.8,0.0,0.0,0.0
111.450,-0.05,9.8,0.0,-0.1,9.8,0.0,0.0,0.0,,,,,,,,,,,,,,,,,,,111.450,-0.04,9.8,-0.1,0.0,9.8,-1.2E-4,0.0,-6.1E-4,,,,,,,,,,111.450,-0.06,9.8,0.0,0.0,9.8,0.0,0.0,-6.1E-4
111.500,-0.05,9.8,-0.1,0.0,9.8,0.0,0.0,0.0,,,,,,,,,,,,,,,,,,,111.500,-0.05,9.8,0.0,0.0,9.8,0.0,0.0,-6.1E-4,,,,,,,,,,111.500,-0.06,9.9,0.0,0.0,9.9,0.0,0.0,0.0
111.550,-0.05,9.8,0.0,-0.1,9.8,0.0,0.0,0.0,,,,,,,,,,,,,,,,,,,111.550,-0.05,9.8,0.0,0.0,9.8,0.0,0.0,-6.1E-4,,,,,,,,,,111.550,-0.06,9.8,-0.2,0.0,9.8,0.0,0.0,0.0
111.600,-0.05,9.9,0.0,0.0,9.9,0.0,0.0,0.0,,,,,,,,,,,,,,,,,,,111.600,-0.05,9.8,0.0,0.0,9.8,0.0,0.0,-6.1E-4,,,,,,,,,,111.600,-0.06,9.8,-0.1,0.0,9.8,0.0,0.0,-6.1E-4
111.650,-0.06,9.8,-0.1,0.0,9.8,0.0,0.0,0.0,,,,,,,,,,,,,,,,,,,111.650,-0.05,9.8,0.0,0.0,9.8,0.0,0.0,-6.1E-4,,,,,,,,,,111.650,-0.05,9.9,0.0,0.0,9.9,0.0,0.0,0.0
111.700,-0.05,9.8,0.0,0.0,9.8,0.0,0.0,0.0,,,,,,,,,,,,,,,,,,,111.700,-0.05,9.8,-0.1,0.0,9.8,0.0,0.0,0.0,,,,,,,,,,111.700,-0.05,9.8,-0.1,0.1,9.8,0.0,0.0,0.0
111.750,-0.05,9.9,-0.1,0.0,9.9,0.0,0.0,0.0,,,,,,,,,,,,,,,,,,,111.750,-0.05,9.8,0.0,0.0,9.8,0.0,0.0,6.1E-4,,,,,,,,,,111.750,-0.06,9.8,-0.1,0.0,9.8,0.0,0.0,-6.1E-4
111.800,-0.05,9.8,0.0,-0.1,9.8,0.0,0.0,0.0,,,,,,,,,,,,,,,,,,,111.800,-0.05,9.9,0.0,0.0,9.9,0.0,0.0,0.0,,,,,,,,,,111.800,-0.06,9.8,0.0,0.0,9.8,0.0,0.0,0.0
111.850,-0.05,9.8,-0.1,0.0,9.8,0.0,0.0,0.0,,,,,,,,,,,,,,,,,,,111.850,-0.06,9.8,-0.1,0.0,9.8,0.0,0.0,6.1E-4,,,,,,,,,,111.850,-0.06,9.8,-0.1,0.1,9.8,0.0,0.0,-6.1E-4
111.900,-0.05,9.8,0.0,-0.1,9.8,0.0,0.0,0.0,,,,,,,,,,,,,,,,,,,111.900,-0.05,9.8,-0.1,0.0,9.8,0.0,0.0,-6.1E-4,,,,,,,,,,111.900,-0.06,9.8,-0.1,0.0,9.8,0.0,0.0,-6.1E-4
111.950,-0.05,9.8,0.0,0.0,9.8,0.0,0.0,0.0,,,,,,,,,,,,,,,,,,,111.950,-0.05,9.8,-0.1,0.0,9.8,0.0,0.0,6.1E-4,,,,,,,,,,111.950,-0.07,9.8,0.0,-0.1,9.8,0.0,0.0,-6.1E-4
112.000,-0.05,9.8,-0.1,-0.1,9.8,0.0,0.0,0.0,,,,,,,,,,,,,,,,,,,112.000,-0.04,9.9,1.9E-4,0.1,9.9,0.0,0.0,-6.1E-4,,,,,,,,,,112.000,-0.07,9.8,-0.1,0.0,9.8,-1.2E-4,0.0,0.0
112.050,-0.05,9.8,0.0,0.0,9.8,0.0,0.0,0.0,,,,,,,,,,,,,,,,,,,112.050,-0.03,9.8,-0.1,0.0,9.8,0.0,0.0,0.0,,,,,,,,,,112.050,-0.06,9.8,-0.1,0.0,9.8,0.0,0.0,-6.1E-4
112.100,-0.04,9.8,-0.1,-0.1,9.8,0.0,0.0,0.0,,,,,,,,,,,,,,,,,,,112.100,-0.04,9.8,-0.1,0.0,9.8,0.0,0.0,0.0,,,,,,,,,,112.100,-0.06,9.8,-0.1,0.0,9.8,0.0,0.0,0.0
112.150,-0.05,9.9,0.0,-0.1,9.9,0.0,0.0,0.0,,,,,,,,,,,,,,,,,,,112.150,-0.03,9.8,-0.1,0.0,9.8,0.0,0.0,-6.1E-4,,,,,,,,,,112.150,-0.06,9.8,-0.1,0.0,9.8,0.0,0.0,6.1E-4
112.200,-0.05,9.9,0.0,0.0,9.9,0.0,0.0,0.0,,,,,,,,,,,,,,,,,,,112.200,-0.04,9.9,0.0,0.0,9.9,0.0,0.0,-6.1E-4,,,,,,,,,,112.200,-0.06,9.8,-0.1,0.0,9.8,0.0,0.0,0.0
112.250,-0.04,9.8,0.0,0.0,9.8,0.0,0.0,0.0,,,,,,,,,,,,,,,,,,,112.250,-0.04,9.8,-0.1,0.0,9.8,0.0,0.0,-6.1E-4,,,,,,,,,,112.250,-0.06,9.8,0.0,0.0,9.8,0.0,0.0,6.1E-4
112.300,-0.05,9.8,0.0,0.0,9.8,0.0,0.0,0.0,,,,,,,,,,,,,,,,,,,112.300,-0.04,9.8,-0.1,0.0,9.8,0.0,0.0,-6.1E-4,,,,,,,,,,112.300,-0.05,9.8,-0.1,0.0,9.8,0.0,0.0,6.1E-4
112.350,-0.04,9.9,0.0,0.0,9.9,0.0,0.0,0.0,,,,,,,,,,,,,,,,,,,112.350,-0.03,9.8,-0.1,0.0,9.8,0.0,0.0,6.1E-4,,,,,,,,,,112.350,-0.05,9.8,-0.1,0.0,9.8,0.0,0.0,0.0
112.400,-0.04,9.8,0.0,0.0,9.8,0.0,0.0,0.0,,,,,,,,,,,,,,,,,,,112.400,-0.04,9.9,0.0,0.0,9.9,0.0,0.0,-6.1E-4,,,,,,,,,,112.400,-0.04,9.8,-0.1,0.0,9.8,0.0,0.0,-6.1E-4
112.450,-0.05,9.9,-0.1,-0.1,9.9,0.0,0.0,0.0,,,,,,,,,,,,,,,,,,,112.450,-0.05,9.8,0.0,0.0,9.8,0.0,0.0,-6.1E-4,,,,,,,,,,112.450,-0.05,9.8,-0.1,0.0,9.8,0.0,0.0,6.1E-4
112.500,-0.05,9.9,0.0,0.0,9.9,0.0,0.0,0.0,,,,,,,,,,,,,,,,,,,112.500,-0.05,9.8,-0.1,0.0,9.8,0.0,0.0,-6.1E-4,,,,,,,,,,112.500,-0.05,9.8,-0.1,0.0,9.8,0.0,0.0,0.0
112.550,-0.05,9.9,0.0,-0.1,9.9,0.0,0.0,0.0,,,,,,,,,,,,,,,,,,,112.550,-0.04,9.9,0.0,0.1,9.9,0.0,0.0,-6.1E-4,,,,,,,,,,112.550,-0.05,9.8,-0.1,0.0,9.8,0.0,0.0,0.0
112.600,-0.05,9.8,0.1,-0.1,9.8,0.0,0.0,0.0,,,,,,,,,,,,,,,,,,,112.600,-0.04,9.8,0.0,0.0,9.8,0.0,0.0,6.1E-4,,,,,,,,,,112.600,-0.05,9.8,-0.1,0.0,9.8,0.0,0.0,6.1E-4
112.650,-0.05,9.9,0.0,0.0,9.9,0.0,0.0,0.0,,,,,,,,,,,,,,,,,,,112.650,-0.05,9.8,0.0,0.0,9.8,0.0,0.0,-6.1E-4,,,,,,,,,,112.650,-0.04,9.8,-0.1,0.0,9.8,0.0,0.0,6.1E-4
112.700,-0.04,9.8,0.0,-0.1,9.8,0.0,0.0,0.0,,,,,,,,,,,,,,,,,,,112.700,-0.04,9.8,0.0,0.0,9.8,0.0,0.0,6.1E-4,,,,,,,,,,112.700,-0.04,9.8,-0.1,0.0,9.8,0.0,0.0,6.1E-4
112.750,-0.05,9.9,0.0,0.0,9.9,0.0,0.0,0.0,,,,,,,,,,,,,,,,,,,112.750,-0.05,9.8,0.0,0.0,9.8,0.0,0.0,-6.1E-4,,,,,,,,,,112.750,-0.04,9.8,-0.1,0.0,9.8,0.0,0.0,-6.1E-4
112.800,-0.05,9.8,0.4,-0.1,9.8,0.0,0.0,0.0,,,,,,,,,,,,,,,,,,,112.800,-0.05,9.8,-0.1,0.0,9.8,0.0,0.0,6.1E-4,,,,,,,,,,112.800,-0.04,9.8,-0.1,0.0,9.8,0.0,0.0,-6.1E-4
112.850,-0.05,9.9,-0.4,0.0,9.9,0.0,0.0,0.0,,,,,,,,,,,,,,,,,,,112.850,-0.05,9.8,-0.1,0.0,9.8,0.0,0.0,0.0,,,,,,,,,,112.850,-0.05,9.8,-0.1,0.0,9.8,0.0,0.0,6.1E-4
112.900,-0.05,9.8,0.4,-0.1,9.8,-0.1,0.0,0.0,,,,,,,,,,,,,,,,,,,112.900,-0.04,9.8,0.0,0.0,9.8,0.0,0.0,6.1E-4,,,,,,,,,,112.900,-0.04,9.8,-0.1,0.0,9.8,0.0,0.0,-6.1E-4
112.950,-0.06,9.9,-0.1,0.1,9.9,0.0,0.0,0.0,,,,,,,,,,,,,,,,,,,112.950,-0.05,9.8,-0.1,0.0,9.8,0.0,0.0,-6.1E-4,,,,,,,,,,112.950,-0.05,9.8,-0.1,0.0,9.8,0.0,0.0,0.0
113.000,-0.05,9.8,-0.1,-0.1,9.8,-0.1,0.0,0.0,,,,,,,,,,,,,,,,,,,113.000,-0.03,9.8,0.0,0.0,9.8,0.0,0.0,-6.1E-4,,,,,,,,,,113.000,-0.06,9.8,-0.1,0.0,9.8,0.0,0.0,-6.1E-4
113.050,-0.05,9.9,0.2,0.1,9.9,0.0,0.0,0.0,,,,,,,,,,,,,,,,,,,113.050,-0.04,9.8,-0.1,0.0,9.8,0.0,0.0,-6.1E-4,,,,,,,,,,113.050,-0.06,9.8,0.0,0.0,9.8,0.0,0.0,0.0
113.100,-0.05,9.7,-0.2,-0.1,9.7,0.0,0.0,0.0,,,,,,,,,,,,,,,,,,,113.100,-0.04,9.8,-0.1,0.0,9.8,0.0,0.0,-6.1E-4,,,,,,,,,,113.100,-0.06,9.8,-0.1,0.0,9.8,0.0,0.0,-6.1E-4
113.150,-0.05,9.8,0.2,0.0,9.8,0.0,0.0,0.0,,,,,,,,,,,,,,,,,,,113.150,-0.04,9.8,0.0,0.0,9.8,0.0,0.0,-6.1E-4,,,,,,,,,,113.150,-0.07,9.8,-0.1,0.0,9.8,0.0,0.0,0.0
113.200,-0.06,9.8,-0.2,-0.1,9.8,0.0,0.0,0.0,,,,,,,,,,,,,,,,,,,113.200,-0.05,9.8,-0.1,0.0,9.8,0.0,0.0,-6.1E-4,,,,,,,,,,113.200,-0.07,9.8,-0.1,0.0,9.8,0.0,0.0,-6.1E-4
113.250,-0.06,9.8,-0.1,-0.1,9.8,0.0,0.0,0.0,,,,,,,,,,,,,,,,,,,113.250,-0.04,9.8,0.0,0.0,9.8,0.0,0.0,-6.1E-4,,,,,,,,,,113.250,-0.06,9.8,-0.1,0.0,9.8,0.0,0.0,6.1E-4
113.300,-0.05,9.9,0.1,0.0,9.9,0.0,0.0,6.1E-4,,,,,,,,,,,,,,,,,,,113.300,-0.03,9.8,-0.1,0.0,9.8,0.0,0.0,-6.1E-4,,,,,,,,,,113.300,-0.06,9.8,-0.1,0.0,9.8,0.0,0.0,-6.1E-4
113.350,-0.05,9.8,-0.1,-0.1,9.8,0.0,0.0,0.0,,,,,,,,,,,,,,,,,,,113.350,-0.04,9.9,0.0,0.0,9.9,0.0,0.0,-6.1E-4,,,,,,,,,,113.350,-0.07,9.8,-0.1,0.0,9.8,0.0,0.0,6.1E-4
113.400,-0.06,9.9,0.0,-0.1,9.9,0.0,0.0,-6.1E-4,,,,,,,,,,,,,,,,,,,113.400,-0.03,9.8,-0.1,0.0,9.8,0.0,0.0,-6.1E-4,,,,,,,,,,113.400,-0.07,9.8,-0.1,0.0,9.8,0.0,0.0,-6.1E-4
113.450,-0.05,9.9,0.0,0.0,9.9,0.0,0.0,0.0,,,,,,,,,,,,,,,,,,,113.450,-0.04,9.8,0.0,0.0,9.8,0.0,0.0,6.1E-4,,,,,,,,,,113.450,-0.07,9.8,-0.1,0.0,9.8,0.0,0.0,-6.1E-4
113.500,-0.05,9.8,0.0,-0.1,9.8,0.0,0.0,6.1E-4,,,,,,,,,,,,,,,,,,,113.500,-0.05,9.9,0.0,0.0,9.9,0.0,0.0,-6.1E-4,,,,,,,,,,113.500,-0.06,9.8,-0.1,0.0,9.8,0.0,0.0,6.1E-4
113.550,-0.05,9.8,-0.1,-0.1,9.8,0.0,0.0,0.0,,,,,,,,,,,,,,,,,,,113.550,-0.03,9.8,-0.1,0.0,9.8,0.0,0.0,0.0,,,,,,,,,,113.550,-0.06,9.8,-0.1,0.0,9.8,-1.2E-4,0.0,-6.1E-4
113.600,-0.05,9.9,0.0,0.0,9.9,0.0,0.0,0.0,,,,,,,,,,,,,,,,,,,113.600,-0.04,9.8,-0.1,0.0,9.8,0.0,0.0,-6.1E-4,,,,,,,,,,113.600,-0.06,9.8,-0.1,0.0,9.8,0.0,0.0,-6.1E-4
113.650,-0.05,9.8,0.0,-0.1,9.8,0.0,0.0,0.0,,,,,,,,,,,,,,,,,,,113.650,-0.04,9.8,0.0,0.0,9.8,0.0,0.0,6.1E-4,,,,,,,,,,113.650,-0.06,9.8,-0.1,0.0,9.8,0.0,0.0,-6.1E-4
113.700,-0.05,9.8,0.0,0.0,9.8,0.0,0.0,0.0,,,,,,,,,,,,,,,,,,,113.700,-0.04,9.8,-0.1,0.0,9.8,0.0,0.0,-6.1E-4,,,,,,,,,,113.700,-0.06,9.8,-0.1,0.0,9.8,0.0,0.0,-6.1E-4
113.750,-0.04,9.8,-0.1,-0.1,9.8,0.0,0.0,-6.1E-4,,,,,,,,,,,,,,,,,,,113.750,-0.05,9.8,0.0,0.0,9.8,0.0,0.0,6.1E-4,,,,,,,,,,113.750,-0.06,9.8,-0.1,0.0,9.8,0.0,0.0,0.0
113.800,-0.04,9.8,-0.1,-0.1,9.8,0.0,0.0,0.0,,,,,,,,,,,,,,,,,,,113.800,-0.05,9.8,-0.1,0.0,9.8,0.0,0.0,0.0,,,,,,,,,,113.800,-0.06,9.8,-0.1,0.0,9.8,0.0,0.0,-6.1E-4
113.850,-0.04,9.8,0.0,0.0,9.8,0.0,0.0,0.0,,,,,,,,,,,,,,,,,,,113.850,-0.04,9.8,0.1,0.0,9.8,0.0,0.0,6.1E-4,,,,,,,,,,113.850,-0.04,9.8,-0.1,0.0,9.8,0.0,0.0,-6.1E-4
113.900,-0.04,9.8,-0.1,0.0,9.8,0.0,0.0,-6.1E-4,,,,,,,,,,,,,,,,,,,113.900,-0.04,9.8,-0.1,0.0,9.8,0.0,0.0,-6.1E-4,,,,,,,,,,113.900,-0.06,9.8,-0.1,0.0,9.8,0.0,0.0,0.0
113.950,-0.02,9.8,-0.1,-0.1,9.8,0.0,0.0,0.0,,,,,,,,,,,,,,,,,,,113.950,-0.03,9.8,0.1,0.0,9.8,-1.2E-4,0.0,6.1E-4,,,,,,,,,,113.950,-0.05,9.8,-0.1,0.0,9.8,0.0,0.0,-6.1E-4
114.000,-0.04,9.8,0.0,-0.1,9.8,0.0,0.0,0.0,,,,,,,,,,,,,,,,,,,114.000,-0.02,9.8,-0.1,0.0,9.8,0.0,0.0,6.1E-4,,,,,,,,,,114.000,-0.06,9.8,0.0,0.0,9.8,0.0,0.0,6.1E-4
114.050,-0.04,9.8,0.0,-0.1,9.8,0.0,0.0,0.0,,,,,,,,,,,,,,,,,,,114.050,-0.03,9.8,0.0,0.0,9.8,0.0,0.0,-6.1E-4,,,,,,,,,,114.050,-0.06,9.8,-0.1,0.0,9.8,0.0,0.0,0.0
114.100,-0.06,9.8,-0.1,-0.1,9.8,0.0,0.0,0.0,,,,,,,,,,,,,,,,,,,114.100,-0.04,9.8,0.0,0.0,9.8,0.0,0.0,6.1E-4,,,,,,,,,,114.100,-0.06,9.8,-0.1,0.0,9.8,0.0,0.0,0.0
114.150,-0.05,9.8,0.0,0.0,9.8,0.0,0.0,0.0,,,,,,,,,,,,,,,,,,,114.150,-0.04,9.9,0.0,0.1,9.9,0.0,0.0,0.0,,,,,,,,,,114.150,-0.07,9.8,-0.1,0.0,9.8,0.0,0.0,-6.1E-4
114.200,-0.04,9.8,-0.1,-0.1,9.8,0.0,0.0,0.0,,,,,,,,,,,,,,,,,,,114.200,-0.03,9.8,0.0,-0.1,9.8,0.0,0.0,0.0,,,,,,,,,,114.200,-0.06,9.8,-0.1,0.0,9.8,0.0,0.0,-6.1E-4
114.250,-0.04,9.8,-0.1,0.0,9.8,0.0,0.0,6.1E-4,,,,,,,,,,,,,,,,,,,114.250,-0.03,9.8,-0.1,0.0,9.8,-1.2E-4,0.0,0.0,,,,,,,,,,114.250,-0.05,9.8,-0.1,0.0,9.8,0.0,0.0,-6.1E-4
114.300,-0.05,9.8,0.0,-0.1,9.8,0.0,0.0,0.0,,,,,,,,,,,,,,,,,,,114.300,-0.04,9.8,0.0,0.0,9.8,0.0,0.0,-6.1E-4,,,,,,,,,,114.300,-0.06,9.8,-0.1,0.0,9.8,0.0,0.0,6.1E-4
114.350,-0.05,9.8,-0.1,0.0,9.8,0.0,0.0,0.0,,,,,,,,,,,,,,,,,,,114.350,-0.03,9.8,0.1,0.0,9.8,0.0,0.0,6.1E-4,,,,,,,,,,114.350,-0.06,9.8,-0.1,0.0,9.8,0.0,0.0,-6.1E-4
114.400,-0.05,9.9,0.0,0.0,9.9,0.0,0.0,0.0,,,,,,,,,,,,,,,,,,,114.400,-0.04,9.8,-0.1,0.0,9.8,0.0,0.0,0.0,,,,,,,,,,114.400,-0.06,9.8,-0.1,0.0,9.8,0.0,0.0,6.1E-4
114.450,-0.06,9.8,-0.1,-0.1,9.8,0.0,0.0,0.0,,,,,,,,,,,,,,,,,,,114.450,-0.03,9.8,-0.1,0.0,9.8,0.0,0.0,0.0,,,,,,,,,,114.450,-0.07,9.8,-0.1,0.0,9.8,0.0,0.0,-6.1E-4
114.500,-0.05,9.9,-0.1,0.0,9.9,0.0,0.0,6.1E-4,,,,,,,,,,,,,,,,,,,114.500,-0.04,9.8,0.0,0.0,9.8,0.0,0.0,-6.1E-4,,,,,,,,,,114.500,-0.06,9.8,-0.1,0.0,9.8,0.0,0.0,0.0
114.550,-0.06,9.8,0.0,-0.1,9.8,0.0,0.0,6.1E-4,,,,,,,,,,,,,,,,,,,114.550,-0.04,9.8,0.1,0.0,9.8,0.0,0.0,6.1E-4,,,,,,,,,,114.550,-0.05,9.8,-0.1,0.0,9.8,0.0,0.0,6.1E-4
114.600,-0.05,9.8,-0.1,0.0,9.8,0.0,0.0,6.1E-4,,,,,,,,,,,,,,,,,,,114.600,-7.51E-10,9.9,-0.1,0.0,9.9,-1.2E-4,0.0,-6.1E-4,,,,,,,,,,114.600,-0.05,9.8,0.0,0.0,9.8,0.0,0.0,-6.1E-4
114.650,-0.05,9.8,-0.1,-0.1,9.8,-1.2E-4,0.0,6.1E-4,,,,,,,,,,,,,,,,,,,114.650,-0.02,9.8,-0.1,-0.1,9.8,0.0,0.0,0.0,,,,,,,,,,114.650,-0.06,9.8,0.0,0.0,9.8,-1.2E-4,0.0,0.0
114.700,-0.03,9.9,-0.1,0.0,9.9,0.0,0.0,-6.1E-4,,,,,,,,,,,,,,,,,,,114.700,-0.03,9.8,0.1,0.0,9.8,0.0,0.0,0.0,,,,,,,,,,114.700,-0.06,9.8,-0.1,0.0,9.8,0.0,0.0,-6.1E-4
114.750,-0.05,9.8,-0.1,0.0,9.8,0.0,0.0,0.0,,,,,,,,,,,,,,,,,,,114.750,-0.04,9.8,1.9E-4,0.0,9.8,0.0,0.0,6.1E-4,,,,,,,,,,114.750,-0.06,9.8,-0.1,0.0,9.8,0.0,0.0,0.0
114.800,-0.05,9.8,-0.1,-0.1,9.8,0.0,0.0,0.0,,,,,,,,,,,,,,,,,,,114.800,-0.03,9.9,-0.1,0.0,9.9,0.0,0.0,-6.1E-4,,,,,,,,,,114.800,-0.08,9.8,-0.1,0.0,9.8,0.0,0.0,6.1E-4
114.850,-0.05,9.8,-0.1,-0.1,9.8,0.0,0.0,0.0,,,,,,,,,,,,,,,,,,,114.850,-0.04,9.8,-0.1,0.0,9.8,0.0,0.0,0.0,,,,,,,,,,114.850,-0.06,9.8,-0.1,0.0,9.8,0.0,0.0,0.0
114.900,-0.03,9.8,-0.1,-0.1,9.8,0.0,0.0,-6.1E-4,,,,,,,,,,,,,,,,,,,114.900,-0.03,9.9,0.0,0.1,9.9,0.0,0.0,0.0,,,,,,,,,,114.900,-0.05,9.8,-0.1,0.0,9.8,0.0,0.0,-6.1E-4
114.950,-0.04,9.8,-0.1,0.0,9.8,0.0,0.0,-6.1E-4,,,,,,,,,,,,,,,,,,,114.950,-0.03,9.9,1.9E-4,0.0,9.9,0.0,0.0,6.1E-4,,,,,,,,,,114.950,-0.06,9.8,-0.1,0.0,9.8,0.0,0.0,-6.1E-4
115.000,-0.04,9.8,-0.1,-0.1,9.8,0.0,0.0,-6.1E-4,,,,,,,,,,,,,,,,,,,115.000,-0.03,9.8,-0.1,0.0,9.8,0.0,0.0,0.0,,,,,,,,,,115.000,-0.06,9.8,-0.1,0.0,9.8,0.0,0.0,6.1E-4
115.050,-0.05,9.8,-0.1,0.0,9.8,0.0,0.0,0.0,,,,,,,,,,,,,,,,,,,115.050,-0.04,9.8,-0.1,0.0,9.8,0.0,0.0,-6.1E-4,,,,,,,,,,115.050,-0.06,9.8,-0.1,0.0,9.8,0.0,0.0,0.0
115.100,-0.05,9.8,-0.2,-0.1,9.8,0.0,0.0,6.1E-4,,,,,,,,,,,,,,,,,,,115.100,-0.03,9.9,0.0,0.0,9.9,0.0,0.0,-6.1E-4,,,,,,,,,,115.100,-0.07,9.8,-0.1,0.0,9.8,0.0,0.0,6.1E-4
115.150,-0.05,9.8,1.9E-4,0.0,9.8,0.0,0.0,6.1E-4,,,,,,,,,,,,,,,,,,,115.150,-0.05,9.8,0.0,0.0,9.8,-1.2E-4,0.0,-6.1E-4,,,,,,,,,,115.150,-0.08,9.8,-0.1,0.0,9.8,0.0,0.0,-6.1E-4
115.200,-0.04,9.9,-0.1,0.0,9.9,0.0,0.0,0.0,,,,,,,,,,,,,,,,,,,115.200,-0.04,9.9,-0.1,0.0,9.9,0.0,0.0,-6.1E-4,,,,,,,,,,115.200,-0.07,9.8,-0.1,0.0,9.8,0.0,0.0,-6.1E-4
115.250,-0.05,9.9,0.0,-0.1,9.9,0.0,0.0,0.0,,,,,,,,,,,,,,,,,,,115.250,-0.03,9.8,-0.1,0.0,9.8,0.0,0.0,-6.1E-4,,,,,,,,,,115.250,-0.07,9.8,-0.1,0.0,9.8,-1.2E-4,0.0,-6.1E-4
115.300,-0.04,9.8,0.0,-0.1,9.8,0.0,0.0,6.1E-4,,,,,,,,,,,,,,,,,,,115.300,-0.04,9.8,0.0,0.0,9.8,0.0,0.0,6.1E-4,,,,,,,,,,115.300,-0.08,9.8,-0.1,0.0,9.8,0.0,0.0,-6.1E-4
115.350,-0.04,9.8,-0.2,0.0,9.8,0.0,0.0,-6.1E-4,,,,,,,,,,,,,,,,,,,115.350,-0.04,9.9,0.0,0.0,9.9,0.0,0.0,-6.1E-4,,,,,,,,,,115.350,-0.09,9.8,-0.1,0.0,9.8,0.0,0.0,6.1E-4
115.400,-0.05,9.9,1.9E-4,-0.1,9.9,0.0,0.0,0.0,,,,,,,,,,,,,,,,,,,115.400,-0.04,9.8,-0.1,0.0,9.8,0.0,0.0,0.0,,,,,,,,,,115.400,-0.08,9.8,-0.1,0.0,9.8,0.0,0.0,0.0
115.450,-0.05,9.8,-0.1,0.0,9.8,0.0,0.0,0.0,,,,,,,,,,,,,,,,,,,115.450,-0.03,9.8,-0.1,0.0,9.8,0.0,0.0,0.0,,,,,,,,,,115.450,-0.08,9.8,-0.1,0.0,9.8,0.0,0.0,-6.1E-4
115.500,-0.06,9.8,-0.2,-0.1,9.8,0.0,0.0,-6.1E-4,,,,,,,,,,,,,,,,,,,115.500,-0.03,9.8,0.1,0.1,9.8,0.0,0.0,0.0,,,,,,,,,,115.500,-0.08,9.8,-0.1,0.0,9.8,0.0,0.0,-6.1E-4
115.550,-0.06,9.8,0.0,0.0,9.8,0.0,0.0,-6.1E-4,,,,,,,,,,,,,,,,,,,115.550,-0.02,9.8,0.0,0.0,9.8,-1.2E-4,0.0,-6.1E-4,,,,,,,,,,115.550,-0.07,9.8,-0.1,0.0,9.8,0.0,0.0,-6.1E-4
115.600,-0.06,9.8,-0.1,-0.1,9.8,0.0,0.0,6.1E-4,,,,,,,,,,,,,,,,,,,115.600,-0.03,9.8,-0.1,0.0,9.8,0.0,0.0,0.0,,,,,,,,,,115.600,-0.07,9.8,-0.1,0.0,9.8,0.0,0.0,6.1E-4
115.650,-0.05,9.8,-0.1,0.0,9.8,0.0,0.0,0.0,,,,,,,,,,,,,,,,,,,115.650,-0.02,9.9,0.0,0.1,9.9,0.0,0.0,6.1E-4,,,,,,,,,,115.650,-0.06,9.8,-0.1,0.0,9.8,0.0,0.0,0.0
115.700,-0.05,9.8,0.0,-0.1,9.8,-1.2E-4,0.0,0.0,,,,,,,,,,,,,,,,,,,115.700,-0.04,9.8,0.0,0.0,9.8,0.0,0.0,6.1E-4,,,,,,,,,,115.700,-0.06,9.8,-0.1,0.0,9.8,0.0,0.0,6.1E-4
115.750,-0.05,9.9,0.0,0.0,9.9,0.0,0.0,0.0,,,,,,,,,,,,,,,,,,,115.750,-0.04,9.8,-0.1,0.0,9.8,-1.2E-4,0.0,6.1E-4,,,,,,,,,,115.750,-0.07,9.8,-0.1,0.0,9.8,-1.2E-4,0.0,-6.1E-4
115.800,-0.04,9.8,-0.1,-0.1,9.8,0.0,0.0,-6.1E-4,,,,,,,,,,,,,,,,,,,115.800,-0.03,9.8,-0.1,0.0,9.8,0.0,0.0,-6.1E-4,,,,,,,,,,115.800,-0.07,9.8,-0.1,0.0,9.8,0.0,0.0,6.1E-4
115.850,-0.04,9.8,-0.2,0.0,9.8,0.0,0.0,-6.1E-4,,,,,,,,,,,,,,,,,,,115.850,-0.05,9.8,0.1,0.0,9.8,0.0,0.0,-6.1E-4,,,,,,,,,,115.850,-0.08,9.8,-0.1,0.0,9.8,0.0,0.0,-6.1E-4
115.900,-0.06,9.8,0.0,-0.1,9.8,0.0,0.0,0.0,,,,,,,,,,,,,,,,,,,115.900,-0.06,9.8,-0.1,0.0,9.8,0.0,0.0,6.1E-4,,,,,,,,,,115.900,-0.07,9.8,0.0,0.0,9.8,-1.2E-4,0.0,0.0
115.950,-0.05,9.9,-0.1,0.0,9.9,0.0,0.0,6.1E-4,,,,,,,,,,,,,,,,,,,115.950,-0.05,9.8,0.0,0.0,9.8,0.0,0.0,-6.1E-4,,,,,,,,,,115.950,-0.08,9.8,-0.2,0.0,9.8,0.0,0.0,-6.1E-4
116.000,-0.05,9.8,-0.1,-0.1,9.8,-1.2E-4,0.0,0.0,,,,,,,,,,,,,,,,,,,116.000,-0.04,9.8,-0.1,0.0,9.8,0.0,0.0,6.1E-4,,,,,,,,,,116.000,-0.08,9.9,0.0,0.0,9.9,0.0,0.0,6.1E-4
116.050,-0.05,9.8,-0.2,0.0,9.8,0.0,0.0,0.0,,,,,,,,,,,,,,,,,,,116.050,-0.05,9.9,0.0,0.0,9.9,0.0,0.0,0.0,,,,,,,,,,116.050,-0.07,9.8,-0.1,0.0,9.8,0.0,0.0,-6.1E-4
116.100,-0.05,9.8,0.0,0.0,9.8,0.0,0.0,0.0,,,,,,,,,,,,,,,,,,,116.100,-0.04,9.9,0.0,0.0,9.9,0.0,0.0,0.0,,,,,,,,,,116.100,-0.08,9.8,-0.1,0.0,9.8,0.0,0.0,-6.1E-4
116.150,-0.04,9.8,0.0,-0.1,9.8,0.0,0.0,-6.1E-4,,,,,,,,,,,,,,,,,,,116.150,-0.05,9.8,-0.1,0.0,9.8,0.0,0.0,0.0,,,,,,,,,,116.150,-0.07,9.8,-0.1,0.0,9.8,0.0,0.0,-6.1E-4
116.200,-0.04,9.8,-0.1,-0.1,9.8,0.0,0.0,0.0,,,,,,,,,,,,,,,,,,,116.200,-0.05,9.8,-0.1,0.0,9.8,0.0,0.0,6.1E-4,,,,,,,,,,116.200,-0.07,9.8,-0.1,0.0,9.8,0.0,0.0,-6.1E-4
116.250,-0.05,9.8,-0.1,0.0,9.8,0.0,0.0,0.0,,,,,,,,,,,,,,,,,,,116.250,-0.05,9.8,0.0,0.0,9.8,0.0,0.0,0.0,,,,,,,,,,116.250,-0.07,9.8,-0.1,0.0,9.8,0.0,0.0,6.1E-4
116.300,-0.06,9.8,-0.1,-0.1,9.8,0.0,0.0,6.1E-4,,,,,,,,,,,,,,,,,,,116.300,-0.05,9.9,0.0,0.0,9.9,0.0,0.0,6.1E-4,,,,,,,,,,116.300,-0.06,9.8,-0.1,0.0,9.8,0.0,0.0,-6.1E-4
116.350,-0.04,9.8,-0.1,-0.1,9.8,0.0,0.0,0.0,,,,,,,,,,,,,,,,,,,116.350,-0.05,9.8,-0.1,0.0,9.8,0.0,0.0,0.0,,,,,,,,,,116.350,-0.07,9.8,-0.1,0.0,9.8,0.0,0.0,0.0
116.400,-0.04,9.8,-0.1,0.0,9.8,-1.2E-4,0.0,6.1E-4,,,,,,,,,,,,,,,,,,,116.400,-0.05,9.8,-0.1,0.0,9.8,0.0,0.0,-6.1E-4,,,,,,,,,,116.400,-0.07,9.8,-0.1,0.0,9.8,0.0,0.0,-6.1E-4
116.450,-0.05,9.8,0.0,-0.1,9.8,0.0,0.0,0.0,,,,,,,,,,,,,,,,,,,116.450,-0.05,9.9,0.0,0.0,9.9,0.0,0.0,6.1E-4,,,,,,,,,,116.450,-0.07,9.8,-0.1,0.0,9.8,0.0,0.0,-6.1E-4
116.500,-0.06,9.8,-0.1,0.0,9.8,0.0,0.0,6.1E-4,,,,,,,,,,,,,,,,,,,116.500,-0.05,9.9,0.0,0.1,9.9,0.0,0.0,0.0,,,,,,,,,,116.500,-0.07,9.8,-0.1,0.0,9.8,0.0,0.0,-6.1E-4
116.550,-0.06,9.8,-0.1,-0.1,9.8,0.0,0.0,0.0,,,,,,,,,,,,,,,,,,,116.550,-0.05,9.8,-0.1,0.0,9.8,0.0,0.0,-6.1E-4,,,,,,,,,,116.550,-0.07,9.8,-0.1,0.0,9.8,0.0,0.0,-6.1E-4
116.600,-0.05,9.8,-0.1,-0.1,9.8,0.0,0.0,0.0,,,,,,,,,,,,,,,,,,,116.600,-0.05,9.8,0.0,0.0,9.8,0.0,0.0,6.1E-4,,,,,,,,,,116.600,-0.07,9.8,-0.1,0.0,9.8,0.0,0.0,6.1E-4
116.650,-0.04,9.8,0.0,-0.1,9.8,0.0,0.0,-6.1E-4,,,,,,,,,,,,,,,,,,,116.650,-0.05,9.8,0.0,0.0,9.8,0.0,0.0,-6.1E-4,,,,,,,,,,116.650,-0.08,9.8,-0.1,-0.1,9.8,0.0,0.0,0.0
116.700,-0.05,9.8,-0.2,0.0,9.8,0.0,0.0,0.0,,,,,,,,,,,,,,,,,,,116.700,-0.05,9.8,0.0,0.0,9.8,0.0,0.0,-6.1E-4,,,,,,,,,,116.700,-0.08,9.8,0.0,0.0,9.8,0.0,0.0,0.0
116.750,-0.05,9.8,0.0,-0.1,9.8,0.0,0.0,0.0,,,,,,,,,,,,,,,,,,,116.750,-0.05,9.8,0.0,-0.1,9.8,0.0,0.0,6.1E-4,,,,,,,,,,116.750,-0.07,9.9,-0.3,0.1,9.9,0.0,0.0,0.0
116.800,-0.04,9.8,-0.1,0.0,9.8,0.0,0.0,6.1E-4,,,,,,,,,,,,,,,,,,,116.800,-0.04,9.9,0.0,0.0,9.9,0.0,0.0,6.1E-4,,,,,,,,,,116.800,-0.07,9.8,0.1,-0.1,9.8,0.0,0.0,0.0
116.850,-0.04,9.8,-0.1,0.0,9.8,-1.2E-4,0.0,0.0,,,,,,,,,,,,,,,,,,,116.850,-0.04,9.8,-0.1,0.0,9.8,0.0,0.0,0.0,,,,,,,,,,116.850,-0.06,9.8,0.1,0.0,9.8,0.0,0.0,0.0
116.900,-0.05,9.8,-0.1,0.0,9.8,0.0,0.0,0.0,,,,,,,,,,,,,,,,,,,116.900,-0.04,9.8,0.0,0.0,9.8,0.0,0.0,6.1E-4,,,,,,,,,,116.900,-0.06,9.8,-0.3,0.1,9.8,0.0,0.0,0.0
116.950,-0.05,9.8,0.0,0.0,9.8,0.0,0.0,-6.1E-4,,,,,,,,,,,,,,,,,,,116.950,-0.05,9.8,0.0,0.0,9.8,0.0,0.0,6.1E-4,,,,,,,,,,116.950,-0.06,9.9,0.0,-0.1,9.9,0.0,0.0,0.0
117.000,-0.05,9.9,-0.1,-0.1,9.9,0.0,0.0,-6.1E-4,,,,,,,,,,,,,,,,,,,117.000,-0.04,9.8,-0.1,0.0,9.8,0.0,0.0,-6.1E-4,,,,,,,,,,117.000,-0.07,9.8,0.0,0.0,9.8,0.0,0.0,0.0
117.050,-0.05,9.8,-0.1,-0.1,9.8,0.0,0.0,0.0,,,,,,,,,,,,,,,,,,,117.050,-0.04,9.8,0.0,0.0,9.8,0.0,0.0,-6.1E-4,,,,,,,,,,117.050,-0.06,9.8,-0.2,0.1,9.8,0.0,0.0,-6.1E-4
117.100,-0.05,9.8,-0.1,0.0,9.8,-1.2E-4,0.0,0.0,,,,,,,,,,,,,,,,,,,117.100,-0.05,9.9,0.0,0.0,9.9,0.0,0.0,6.1E-4,,,,,,,,,,117.100,-0.06,9.8,-0.1,0.0,9.8,0.0,0.0,-6.1E-4
117.150,-0.05,9.8,-0.1,-0.1,9.8,0.0,0.0,0.0,,,,,,,,,,,,,,,,,,,117.150,-0.04,9.8,-0.1,0.0,9.8,0.0,0.0,-6.1E-4,,,,,,,,,,117.150,-0.05,9.9,0.0,0.0,9.9,0.0,0.0,-6.1E-4
117.200,-0.06,9.8,-0.1,-0.1,9.8,0.0,0.0,0.0,,,,,,,,,,,,,,,,,,,117.200,-0.04,9.8,-0.1,0.0,9.8,0.0,0.0,-6.1E-4,,,,,,,,,,117.200,-0.05,9.8,-0.2,0.1,9.8,0.0,0.0,-6.1E-4
117.250,-0.06,9.8,-0.1,0.0,9.8,0.0,0.0,0.0,,,,,,,,,,,,,,,,,,,117.250,-0.03,9.9,0.0,0.0,9.9,0.0,0.0,-6.1E-4,,,,,,,,,,117.250,-0.05,9.8,0.0,0.0,9.8,0.0,0.0,-6.1E-4
117.300,-0.06,9.8,0.0,0.0,9.8,0.0,0.0,0.0,,,,,,,,,,,,,,,,,,,117.300,-0.04,9.8,0.0,0.0,9.8,0.0,0.0,-6.1E-4,,,,,,,,,,117.300,-0.06,9.8,0.0,0.0,9.8,0.0,0.0,6.1E-4
117.350,-0.06,9.8,-0.1,-0.1,9.8,0.0,0.0,-6.1E-4,,,,,,,,,,,,,,,,,,,117.350,-0.04,9.8,0.0,0.0,9.8,0.0,0.0,6.1E-4,,,,,,,,,,117.350,-0.06,9.8,-0.2,0.1,9.8,0.0,0.0,6.1E-4
117.400,-0.05,9.9,-0.1,0.0,9.9,0.0,0.0,-6.1E-4,,,,,,,,,,,,,,,,,,,117.400,-0.04,9.8,-0.1,0.0,9.8,0.0,0.0,-6.1E-4,,,,,,,,,,117.400,-0.07,9.8,-0.2,0.0,9.8,0.0,0.0,-6.1E-4
117.450,-0.06,9.8,0.0,-0.1,9.8,0.0,0.0,-6.1E-4,,,,,,,,,,,,,,,,,,,117.450,-0.04,9.9,0.0,0.1,9.9,0.0,0.0,0.0,,,,,,,,,,117.450,-0.07,9.9,0.0,0.0,9.9,0.0,0.0,0.0
117.500,-0.07,9.9,-0.1,0.0,9.9,0.0,0.0,0.0,,,,,,,,,,,,,,,,,,,117.500,-0.05,9.8,-0.1,0.0,9.8,0.0,0.0,-6.1E-4,,,,,,,,,,117.500,-0.07,9.8,-0.1,0.1,9.8,0.0,0.0,0.0
117.550,-0.06,9.8,-0.1,-0.1,9.8,0.0,0.0,0.0,,,,,,,,,,,,,,,,,,,117.550,-0.05,9.8,0.0,0.0,9.8,0.0,0.0,-6.1E-4,,,,,,,,,,117.550,-0.06,9.8,-0.2,0.0,9.8,0.0,0.0,-6.1E-4
117.600,-0.06,9.8,-0.1,0.0,9.8,0.0,0.0,-6.1E-4,,,,,,,,,,,,,,,,,,,117.600,-0.04,9.8,0.0,0.0,9.8,0.0,0.0,-6.1E-4,,,,,,,,,,117.600,-0.06,9.9,0.0,0.0,9.9,0.0,0.0,6.1E-4
117.650,-0.06,9.8,0.1,-0.1,9.8,0.0,0.0,0.0,,,,,,,,,,,,,,,,,,,117.650,-0.04,9.8,0.0,0.0,9.8,0.0,0.0,0.0,,,,,,,,,,117.650,-0.06,9.8,-0.1,0.0,9.8,0.0,0.0,-6.1E-4
117.700,-0.07,9.9,-0.1,0.0,9.9,0.0,0.0,0.0,,,,,,,,,,,,,,,,,,,117.700,-0.03,9.8,0.0,0.0,9.8,0.0,0.0,-6.1E-4,,,,,,,,,,117.700,-0.07,9.8,-0.2,0.0,9.8,0.0,0.0,0.0
117.750,-0.06,9.8,-0.2,-0.1,9.8,0.0,0.0,-6.1E-4,,,,,,,,,,,,,,,,,,,117.750,-0.04,9.9,0.0,0.0,9.9,0.0,0.0,-6.1E-4,,,,,,,,,,117.750,-0.06,9.8,0.1,-0.1,9.8,0.0,0.0,6.1E-4
117.800,-0.06,9.8,-0.1,0.0,9.8,0.0,0.0,-6.1E-4,,,,,,,,,,,,,,,,,,,117.800,-0.04,9.8,-0.1,0.0,9.8,0.0,0.0,-6.1E-4,,,,,,,,,,117.800,-0.05,9.8,-0.1,0.1,9.8,0.0,0.0,-6.1E-4
117.850,-0.06,9.8,0.0,-0.1,9.8,0.0,0.0,-6.1E-4,,,,,,,,,,,,,,,,,,,117.850,-0.04,9.9,0.0,0.0,9.9,0.0,0.0,-6.1E-4,,,,,,,,,,117.850,-0.06,9.8,-0.1,0.0,9.8,0.0,0.0,-6.1E-4
117.900,-0.06,9.8,-0.1,-0.1,9.8,0.0,0.0,0.0,,,,,,,,,,,,,,,,,,,117.900,-0.04,9.8,-0.1,0.0,9.8,0.0,0.0,-6.1E-4,,,,,,,,,,117.900,-0.06,9.8,0.0,0.0,9.8,0.0,0.0,-6.1E-4
117.950,-0.05,9.8,-0.1,0.0,9.8,0.0,0.0,0.0,,,,,,,,,,,,,,,,,,,117.950,-0.04,9.8,-0.1,0.0,9.8,0.0,0.0,-6.1E-4,,,,,,,,,,117.950,-0.06,9.8,-0.1,0.0,9.8,0.0,0.0,-6.1E-4
118.000,-0.05,9.8,-0.2,-0.1,9.8,0.0,0.0,0.0,,,,,,,,,,,,,,,,,,,118.000,-0.05,9.8,-0.1,0.0,9.8,0.0,0.0,6.1E-4,,,,,,,,,,118.000,-0.06,9.8,-0.1,0.0,9.8,0.0,0.0,-6.1E-4
118.050,-0.05,9.8,-0.1,0.0,9.8,0.0,0.0,0.0,,,,,,,,,,,,,,,,,,,118.050,-0.04,9.8,0.0,0.0,9.8,0.0,0.0,-6.1E-4,,,,,,,,,,118.050,-0.06,9.8,0.0,0.0,9.8,0.0,0.0,0.0
118.100,-0.06,9.8,0.0,-0.1,9.8,0.0,0.0,6.1E-4,,,,,,,,,,,,,,,,,,,118.100,-0.04,9.8,0.0,0.0,9.8,0.0,0.0,-6.1E-4,,,,,,,,,,118.100,-0.06,9.8,-0.1,0.0,9.8,0.0,0.0,6.1E-4
118.150,-0.05,9.8,-0.2,0.0,9.8,0.0,0.0,-6.1E-4,,,,,,,,,,,,,,,,,,,118.150,-0.05,9.8,-0.1,0.0,9.8,0.0,0.0,-6.1E-4,,,,,,,,,,118.150,-0.08,9.9,-0.1,0.1,9.9,0.0,0.0,0.0
118.200,-0.05,9.8,1.9E-4,-0.1,9.8,0.0,0.0,0.0,,,,,,,,,,,,,,,,,,,118.200,-0.05,9.8,-0.1,0.0,9.8,0.0,0.0,6.1E-4,,,,,,,,,,118.200,-0.06,9.8,0.0,-0.1,9.8,0.0,0.0,-6.1E-4
118.250,-0.06,9.8,-0.1,0.0,9.8,0.0,0.0,0.0,,,,,,,,,,,,,,,,,,,118.250,-0.05,9.8,0.0,0.0,9.8,0.0,0.0,-6.1E-4,,,,,,,,,,118.250,-0.06,9.9,0.0,0.0,9.9,-1.2E-4,0.0,6.1E-4
118.300,-0.05,9.8,-0.1,-0.1,9.8,0.0,0.0,0.0,,,,,,,,,,,,,,,,,,,118.300,-0.04,9.8,0.0,0.0,9.8,0.0,0.0,6.1E-4,,,,,,,,,,118.300,-0.07,9.9,-0.1,0.0,9.9,0.0,0.0,0.0
118.350,-0.06,9.9,-0.1,0.0,9.9,0.0,0.0,0.0,,,,,,,,,,,,,,,,,,,118.350,-0.04,9.8,-0.1,0.0,9.8,0.0,0.0,-6.1E-4,,,,,,,,,,118.350,-0.07,9.8,-0.1,0.0,9.8,0.0,0.0,6.1E-4
118.400,-0.06,9.8,-0.1,0.0,9.8,0.0,0.0,0.0,,,,,,,,,,,,,,,,,,,118.400,-0.03,9.8,0.0,0.0,9.8,0.0,0.0,-6.1E-4,,,,,,,,,,118.400,-0.05,9.8,-0.1,0.0,9.8,0.0,0.0,6.1E-4
118.450,-0.06,9.8,-0.1,0.0,9.8,0.0,0.0,-6.1E-4,,,,,,,,,,,,,,,,,,,118.450,-0.05,9.8,-0.1,0.0,9.8,0.0,0.0,-6.1E-4,,,,,,,,,,118.450,-0.06,9.8,-0.1,0.0,9.8,-1.2E-4,0.0,0.0
118.500,-0.05,9.8,-0.1,-0.1,9.8,0.0,0.0,0.0,,,,,,,,,,,,,,,,,,,118.500,-0.04,9.9,0.0,0.0,9.9,0.0,0.0,-6.1E-4,,,,,,,,,,118.500,-0.07,9.8,-0.1,0.0,9.8,0.0,0.0,-6.1E-4
118.550,-0.06,9.8,-0.1,0.0,9.8,0.0,0.0,6.1E-4,,,,,,,,,,,,,,,,,,,118.550,-0.04,9.8,-0.1,0.0,9.8,0.0,0.0,-6.1E-4,,,,,,,,,,118.550,-0.07,9.8,0.0,0.0,9.8,0.0,0.0,-6.1E-4
118.600,-0.06,9.9,-0.1,0.0,9.9,0.0,0.0,0.0,,,,,,,,,,,,,,,,,,,118.600,-0.05,9.8,-0.1,0.0,9.8,0.0,0.0,-6.1E-4,,,,,,,,,,118.600,-0.06,9.8,-0.1,0.1,9.8,0.0,0.0,-6.1E-4
118.650,-0.05,9.8,-0.1,-0.1,9.8,0.0,0.0,0.0,,,,,,,,,,,,,,,,,,,118.650,-0.04,9.8,0.0,0.0,9.8,0.0,0.0,-6.1E-4,,,,,,,,,,118.650,-0.07,9.8,-0.1,0.0,9.8,0.0,0.0,-6.1E-4
118.700,-0.05,9.8,-0.1,-0.1,9.8,0.0,0.0,0.0,,,,,,,,,,,,,,,,,,,118.700,-0.04,9.9,0.0,0.0,9.9,0.0,0.0,0.0,,,,,,,,,,118.700,-0.07,9.9,0.0,0.0,9.9,0.0,0.0,-6.1E-4
118.750,-0.06,9.8,0.0,-0.1,9.8,0.0,0.0,0.0,,,,,,,,,,,,,,,,,,,118.750,-0.04,9.8,-0.1,0.0,9.8,0.0,0.0,0.0,,,,,,,,,,118.750,-0.08,9.8,-0.1,0.0,9.8,0.0,0.0,6.1E-4
118.800,-0.07,9.8,-0.1,0.0,9.8,0.0,0.0,6.1E-4,,,,,,,,,,,,,,,,,,,118.800,-0.05,9.8,0.0,0.0,9.8,0.0,0.0,-6.1E-4,,,,,,,,,,118.800,-0.07,9.8,-0.1,0.0,9.8,0.0,0.0,0.0
118.850,-0.06,9.8,-0.1,-0.1,9.8,0.0,0.0,-6.1E-4,,,,,,,,,,,,,,,,,,,118.850,-0.03,9.8,0.0,0.0,9.8,0.0,0.0,-6.1E-4,,,,,,,,,,118.850,-0.07,9.8,-0.1,0.0,9.8,0.0,0.0,6.1E-4
118.900,-0.06,9.8,-0.1,0.0,9.8,0.0,0.0,-6.1E-4,,,,,,,,,,,,,,,,,,,118.900,-0.04,9.9,0.0,0.0,9.9,0.0,0.0,-6.1E-4,,,,,,,,,,118.900,-0.06,9.8,-0.1,0.0,9.8,0.0,0.0,0.0
118.950,-0.05,9.8,-0.1,-0.1,9.8,0.0,0.0,-6.1E-4,,,,,,,,,,,,,,,,,,,118.950,-0.04,9.8,-0.1,0.0,9.8,0.0,0.0,0.0,,,,,,,,,,118.950,-0.06,9.8,0.0,0.0,9.8,0.0,0.0,-6.1E-4
119.000,-0.07,9.8,-0.1,0.0,9.8,0.0,0.0,0.0,,,,,,,,,,,,,,,,,,,119.000,-0.04,9.8,-0.1,0.0,9.8,0.0,0.0,-6.1E-4,,,,,,,,,,119.000,-0.07,9.8,-0.1,0.0,9.8,0.0,0.0,-6.1E-4
119.050,-0.06,9.8,-0.1,-0.1,9.8,0.0,0.0,6.1E-4,,,,,,,,,,,,,,,,,,,119.050,-0.04,9.8,0.0,0.0,9.8,0.0,0.0,-6.1E-4,,,,,,,,,,119.050,-0.07,9.8,-0.1,0.0,9.8,0.0,0.0,-6.1E-4
119.100,-0.06,9.8,-0.1,0.0,9.8,0.0,0.0,-6.1E-4,,,,,,,,,,,,,,,,,,,119.100,-0.04,9.8,0.0,0.0,9.8,0.0,0.0,6.1E-4,,,,,,,,,,119.100,-0.07,9.8,-0.1,0.0,9.8,0.0,0.0,0.0
119.150,-0.07,9.8,-0.1,-0.1,9.8,0.0,0.0,-6.1E-4,,,,,,,,,,,,,,,,,,,119.150,-0.05,9.8,-0.1,0.0,9.8,0.0,0.0,-6.1E-4,,,,,,,,,,119.150,-0.06,9.8,0.0,0.0,9.8,0.0,0.0,-6.1E-4
119.200,-0.07,9.8,-0.2,0.0,9.8,0.0,0.0,0.0,,,,,,,,,,,,,,,,,,,119.200,-0.05,9.8,-0.1,0.0,9.8,0.0,0.0,-6.1E-4,,,,,,,,,,119.200,-0.06,9.8,-0.1,0.0,9.8,0.0,0.0,6.1E-4
119.250,-0.05,9.8,0.0,-0.1,9.8,0.0,0.0,-6.1E-4,,,,,,,,,,,,,,,,,,,119.250,-0.04,9.8,0.0,0.0,9.8,0.0,0.0,-6.1E-4,,,,,,,,,,119.250,-0.08,9.8,-0.2,0.0,9.8,0.0,0.0,-6.1E-4
119.300,-0.05,9.8,-0.1,0.0,9.8,0.0,0.0,0.0,,,,,,,,,,,,,,,,,,,119.300,-0.04,9.8,0.0,0.0,9.8,0.0,0.0,6.1E-4,,,,,,,,,,119.300,-0.07,9.8,-0.1,0.0,9.8,0.0,0.0,-6.1E-4
119.350,-0.06,9.8,-0.1,-0.1,9.8,0.0,0.0,0.0,,,,,,,,,,,,,,,,,,,119.350,-0.04,9.8,-0.1,0.0,9.8,0.0,0.0,6.1E-4,,,,,,,,,,119.350,-0.08,9.9,0.0,0.0,9.9,0.0,0.0,6.1E-4
119.400,-0.07,9.8,-0.1,-0.1,9.8,0.0,0.0,-6.1E-4,,,,,,,,,,,,,,,,,,,119.400,-0.05,9.8,-0.1,0.0,9.8,0.0,0.0,-6.1E-4,,,,,,,,,,119.400,-0.08,9.8,-0.1,0.0,9.8,0.0,0.0,-6.1E-4
119.450,-0.05,9.8,0.0,-0.1,9.8,0.0,0.0,0.0,,,,,,,,,,,,,,,,,,,119.450,-0.04,9.9,0.0,0.0,9.9,0.0,0.0,-6.1E-4,,,,,,,,,,119.450,-0.07,9.8,-0.1,0.0,9.8,0.0,0.0,-6.1E-4
119.500,-0.05,9.8,-0.1,-0.1,9.8,0.0,0.0,-6.1E-4,,,,,,,,,,,,,,,,,,,119.500,-0.04,9.8,-0.1,0.0,9.8,0.0,0.0,0.0,,,,,,,,,,119.500,-0.07,9.9,0.0,0.1,9.9,0.0,0.0,6.1E-4
119.550,-0.05,9.8,-0.1,-0.1,9.8,0.0,0.0,0.0,,,,,,,,,,,,,,,,,,,119.550,-0.03,9.9,1.9E-4,0.0,9.9,0.0,0.0,6.1E-4,,,,,,,,,,119.550,-0.08,9.8,-0.1,0.0,9.8,0.0,0.0,0.0
119.600,-0.06,9.8,-0.1,-0.1,9.8,0.0,0.0,0.0,,,,,,,,,,,,,,,,,,,119.600,-0.03,9.8,-0.1,0.0,9.8,0.0,0.0,-6.1E-4,,,,,,,,,,119.600,-0.07,9.8,-0.1,0.0,9.8,0.0,0.0,0.0
119.650,-0.07,9.8,-0.1,0.0,9.8,0.0,0.0,-6.1E-4,,,,,,,,,,,,,,,,,,,119.650,-0.03,9.8,0.0,0.0,9.8,0.0,0.0,0.0,,,,,,,,,,119.650,-0.08,9.8,-0.1,0.0,9.8,0.0,0.0,0.0
119.700,-0.06,9.8,0.0,-0.1,9.8,0.0,0.0,0.0,,,,,,,,,,,,,,,,,,,119.700,-0.04,9.8,0.0,0.0,9.8,0.0,0.0,-6.1E-4,,,,,,,,,,119.700,-0.06,9.9,-0.2,0.1,9.9,0.0,0.0,6.1E-4
119.750,-0.07,9.8,-0.1,0.0,9.8,0.0,0.0,0.0,,,,,,,,,,,,,,,,,,,119.750,-0.05,9.9,0.0,0.0,9.9,0.0,0.0,6.1E-4,,,,,,,,,,119.750,-0.07,9.8,0.0,-0.1,9.8,0.0,0.0,6.1E-4
119.800,-0.05,9.8,-0.1,-0.1,9.8,0.0,0.0,0.0,,,,,,,,,,,,,,,,,,,119.800,-0.04,9.8,0.0,0.0,9.8,0.0,0.0,-6.1E-4,,,,,,,,,,119.800,-0.05,9.9,0.0,0.0,9.9,0.0,0.0,0.0
119.850,-0.05,9.9,0.0,0.0,9.9,0.0,0.0,6.1E-4,,,,,,,,,,,,,,,,,,,119.850,-0.04,9.8,0.0,0.0,9.8,0.0,0.0,-6.1E-4,,,,,,,,,,119.850,-0.05,9.8,-0.2,0.0,9.8,0.0,0.0,0.0
119.900,-0.06,9.8,-0.1,-0.1,9.8,0.0,0.0,0.0,,,,,,,,,,,,,,,,,,,119.900,-0.04,9.8,0.0,0.0,9.8,0.0,0.0,6.1E-4,,,,,,,,,,119.900,-0.07,9.8,0.0,0.0,9.8,0.0,0.0,6.1E-4
119.950,-0.06,9.9,-0.1,0.0,9.9,0.0,0.0,0.0,,,,,,,,,,,,,,,,,,,119.950,-0.05,9.8,-0.1,0.0,9.8,0.0,0.0,-6.1E-4,,,,,,,,,,119.950,-0.07,9.8,0.0,0.0,9.8,0.0,0.0,-6.1E-4
120.000,-0.07,9.8,-0.1,-0.1,9.8,0.0,0.0,0.0,,,,,,,,,,,,,,,,,,,120.000,-0.05,9.8,0.0,0.0,9.8,0.0,0.0,6.1E-4,,,,,,,,,,120.000,-0.07,9.8,-0.1,0.0,9.8,0.0,0.0,-6.1E-4
120.050,-0.06,9.9,0.0,0.0,9.9,0.0,0.0,0.0,,,,,,,,,,,,,,,,,,,120.050,-0.05,9.8,-0.1,0.0,9.8,0.0,0.0,0.0,,,,,,,,,,120.050,-0.06,9.8,-0.2,0.0,9.8,0.0,0.0,0.0
120.100,-0.06,9.8,-0.1,-0.1,9.8,0.0,0.0,0.0,,,,,,,,,,,,,,,,,,,120.100,-0.05,9.8,0.0,0.0,9.8,0.0,0.0,-6.1E-4,,,,,,,,,,120.100,-0.08,9.9,0.0,0.0,9.9,0.0,0.0,0.0
120.150,-0.06,9.8,0.0,-0.1,9.8,0.0,0.0,6.1E-4,,,,,,,,,,,,,,,,,,,120.150,-0.05,9.8,0.0,0.0,9.8,0.0,0.0,-6.1E-4,,,,,,,,,,120.150,-0.06,9.8,-0.1,0.1,9.8,0.0,0.0,0.0
120.200,-0.06,9.8,-0.1,-0.1,9.8,0.0,0.0,0.0,,,,,,,,,,,,,,,,,,,120.200,-0.04,9.8,0.0,0.0,9.8,0.0,0.0,-6.1E-4,,,,,,,,,,120.200,-0.07,9.8,-0.1,0.0,9.8,0.0,0.0,6.1E-4
120.250,-0.05,9.9,-0.2,0.0,9.9,0.0,0.0,0.0,,,,,,,,,,,,,,,,,,,120.250,-0.05,9.8,-0.1,0.0,9.8,0.0,0.0,-6.1E-4,,,,,,,,,,120.250,-0.06,9.8,0.0,-0.1,9.8,0.0,0.0,0.0
120.300,-0.04,9.8,0.0,-0.1,9.8,0.0,0.0,0.0,,,,,,,,,,,,,,,,,,,120.300,-0.05,9.8,0.0,0.0,9.8,0.0,0.0,6.1E-4,,,,,,,,,,120.300,-0.07,9.8,0.0,0.1,9.8,0.0,0.0,6.1E-4
120.350,-0.06,9.8,0.0,0.0,9.8,-1.2E-4,0.0,-6.1E-4,,,,,,,,,,,,,,,,,,,120.350,-0.05,9.8,0.0,0.0,9.8,0.0,0.0,-6.1E-4,,,,,,,,,,120.350,-0.06,9.8,-0.2,0.0,9.8,0.0,0.0,0.0
120.400,-0.05,9.9,-0.1,-0.1,9.9,0.0,0.0,0.0,,,,,,,,,,,,,,,,,,,120.400,-0.04,9.8,0.0,0.0,9.8,0.0,0.0,-6.1E-4,,,,,,,,,,120.400,-0.06,9.8,0.1,-0.1,9.8,0.0,0.0,0.0
120.450,-0.06,9.8,0.0,-0.1,9.8,0.0,0.0,-6.1E-4,,,,,,,,,,,,,,,,,,,120.450,-0.05,9.8,-0.1,0.0,9.8,0.0,0.0,6.1E-4,,,,,,,,,,120.450,-0.06,9.8,-0.1,0.1,9.8,0.0,0.0,0.0
120.500,-0.06,9.8,-0.1,0.0,9.8,0.0,0.0,0.0,,,,,,,,,,,,,,,,,,,120.500,-0.05,9.8,0.0,0.0,9.8,0.0,0.0,-6.1E-4,,,,,,,,,,120.500,-0.05,9.8,-0.1,0.0,9.8,0.0,0.0,6.1E-4
120.550,-0.06,9.8,-0.1,-0.1,9.8,0.0,0.0,6.1E-4,,,,,,,,,,,,,,,,,,,120.550,-0.05,9.8,-0.1,0.0,9.8,0.0,0.0,-6.1E-4,,,,,,,,,,120.550,-0.06,9.8,0.0,-0.1,9.8,0.0,0.0,-6.1E-4
120.600,-0.04,9.8,-0.1,0.0,9.8,0.0,0.0,-6.1E-4,,,,,,,,,,,,,,,,,,,120.600,-0.05,9.8,0.0,0.0,9.8,0.0,0.0,-6.1E-4,,,,,,,,,,120.600,-0.05,9.8,-0.1,0.0,9.8,0.0,0.0,0.0
120.650,-0.05,9.8,-0.1,0.0,9.8,0.0,0.0,0.0,,,,,,,,,,,,,,,,,,,120.650,-0.04,9.8,-0.1,0.0,9.8,0.0,0.0,6.1E-4,,,,,,,,,,120.650,-0.06,9.8,-0.1,0.0,9.8,0.0,0.0,0.0
120.700,-0.06,9.9,-0.1,0.0,9.9,0.0,0.0,0.0,,,,,,,,,,,,,,,,,,,120.700,-0.05,9.8,0.0,0.0,9.8,0.0,0.0,-6.1E-4,,,,,,,,,,120.700,-0.06,9.8,0.0,0.0,9.8,0.0,0.0,0.0
120.750,-0.04,9.8,0.0,-0.1,9.8,0.0,0.0,6.1E-4,,,,,,,,,,,,,,,,,,,120.750,-0.04,9.8,0.0,0.0,9.8,0.0,0.0,-6.1E-4,,,,,,,,,,120.750,-0.06,9.8,-0.1,0.0,9.8,0.0,0.0,0.0
120.800,-0.06,9.9,-0.1,0.0,9.9,0.0,0.0,0.0,,,,,,,,,,,,,,,,,,,120.800,-0.05,9.8,0.0,0.0,9.8,0.0,0.0,6.1E-4,,,,,,,,,,120.800,-0.06,9.9,-0.1,0.1,9.9,0.0,0.0,-6.1E-4
120.850,-0.05,9.8,-0.1,-0.1,9.8,0.0,0.0,0.0,,,,,,,,,,,,,,,,,,,120.850,-0.05,9.8,-0.1,0.0,9.8,0.0,0.0,-6.1E-4,,,,,,,,,,120.850,-0.06,9.8,-0.1,0.0,9.8,0.0,0.0,0.0
120.900,-0.05,9.8,-0.1,0.0,9.8,0.0,0.0,0.0,,,,,,,,,,,,,,,,,,,120.900,-0.05,9.8,0.0,0.0,9.8,0.0,0.0,6.1E-4,,,,,,,,,,120.900,-0.06,9.8,0.0,0.0,9.8,0.0,0.0,6.1E-4
120.950,-0.06,9.8,0.0,0.0,9.8,0.0,0.0,-6.1E-4,,,,,,,,,,,,,,,,,,,120.950,-0.04,9.8,0.0,0.0,9.8,0.0,0.0,0.0,,,,,,,,,,120.950,-0.06,9.8,-0.1,0.0,9.8,0.0,0.0,0.0
121.000,-0.05,9.9,-0.1,0.0,9.9,0.0,0.0,0.0,,,,,,,,,,,,,,,,,,,121.000,-0.03,9.8,0.0,0.0,9.8,0.0,0.0,-6.1E-4,,,,,,,,,,121.000,-0.06,9.8,-0.1,0.0,9.8,0.0,0.0,6.1E-4
121.050,-0.06,9.8,0.0,-0.1,9.8,0.0,0.0,0.0,,,,,,,,,,,,,,,,,,,121.050,-0.03,9.8,-0.1,0.0,9.8,0.0,0.0,6.1E-4,,,,,,,,,,121.050,-0.07,9.8,-0.1,0.0,9.8,0.0,0.0,6.1E-4
121.100,-0.06,9.8,-0.1,0.0,9.8,0.0,0.0,0.0,,,,,,,,,,,,,,,,,,,121.100,-0.03,9.8,0.0,0.0,9.8,0.0,0.0,0.0,,,,,,,,,,121.100,-0.06,9.8,-0.1,0.0,9.8,0.0,0.0,-6.1E-4
121.150,-0.06,9.8,-0.1,-0.1,9.8,0.0,0.0,0.0,,,,,,,,,,,,,,,,,,,121.150,-0.04,9.8,0.0,0.0,9.8,0.0,0.0,6.1E-4,,,,,,,,,,121.150,-0.06,9.8,-0.1,0.0,9.8,0.0,0.0,-6.1E-4
121.200,-0.05,9.8,0.0,-0.1,9.8,0.0,0.0,0.0,,,,,,,,,,,,,,,,,,,121.200,-0.04,9.8,-0.1,0.0,9.8,0.0,0.0,6.1E-4,,,,,,,,,,121.200,-0.06,9.8,-0.1,0.0,9.8,0.0,0.0,6.1E-4
121.250,-0.04,9.8,-0.1,-0.1,9.8,0.0,0.0,0.0,,,,,,,,,,,,,,,,,,,121.250,-0.05,9.8,-0.1,0.0,9.8,0.0,0.0,-6.1E-4,,,,,,,,,,121.250,-0.07,9.8,-0.1,0.0,9.8,0.0,0.0,-6.1E-4
121.300,-0.06,9.9,-0.1,0.0,9.9,0.0,0.0,-6.1E-4,,,,,,,,,,,,,,,,,,,121.300,-0.03,9.8,-0.1,0.0,9.8,0.0,0.0,6.1E-4,,,,,,,,,,121.300,-0.06,9.8,-0.1,0.0,9.8,0.0,0.0,-6.1E-4
121.350,-0.06,9.8,0.0,-0.1,9.8,0.0,0.0,6.1E-4,,,,,,,,,,,,,,,,,,,121.350,-0.03,9.8,0.0,0.0,9.8,0.0,0.0,6.1E-4,,,,,,,,,,121.350,-0.07,9.8,-0.1,0.0,9.8,0.0,0.0,0.0
121.400,-0.06,9.8,0.0,0.0,9.8,0.0,0.0,0.0,,,,,,,,,,,,,,,,,,,121.400,-0.04,9.8,-0.1,0.0,9.8,0.0,0.0,-6.1E-4,,,,,,,,,,121.400,-0.07,9.8,-0.1,0.0,9.8,0.0,0.0,6.1E-4
121.450,-0.06,9.8,-0.2,-0.1,9.8,0.0,0.0,0.0,,,,,,,,,,,,,,,,,,,121.450,-0.05,9.8,-0.1,0.0,9.8,0.0,0.0,0.0,,,,,,,,,,121.450,-0.06,9.8,-0.1,0.0,9.8,0.0,0.0,6.1E-4
121.500,-0.05,9.8,-0.1,-0.1,9.8,0.0,0.0,-6.1E-4,,,,,,,,,,,,,,,,,,,121.500,-0.04,9.8,0.0,0.0,9.8,0.0,0.0,-6.1E-4,,,,,,,,,,121.500,-0.07,9.8,-0.1,0.0,9.8,0.0,0.0,6.1E-4
121.550,-0.06,9.9,0.0,0.0,9.9,0.0,0.0,0.0,,,,,,,,,,,,,,,,,,,121.550,-0.04,9.8,0.0,0.0,9.8,0.0,0.0,-6.1E-4,,,,,,,,,,121.550,-0.07,9.8,-0.1,0.0,9.8,-1.2E-4,0.0,-6.1E-4
121.600,-0.05,9.8,-0.1,-0.1,9.8,0.0,0.0,0.0,,,,,,,,,,,,,,,,,,,121.600,-0.04,9.8,0.0,0.0,9.8,0.0,0.0,-6.1E-4,,,,,,,,,,121.600,-0.07,9.8,-0.1,0.0,9.8,0.0,0.0,-6.1E-4
121.650,-0.05,9.8,-0.1,-0.1,9.8,0.0,0.0,0.0,,,,,,,,,,,,,,,,,,,121.650,-0.04,9.8,-0.1,0.0,9.8,0.0,0.0,-6.1E-4,,,,,,,,,,121.650,-0.07,9.8,-0.1,0.0,9.8,0.0,0.0,-6.1E-4
121.700,-0.05,9.8,-0.1,-0.1,9.8,0.0,0.0,-6.1E-4,,,,,,,,,,,,,,,,,,,121.700,-0.04,9.8,0.0,0.0,9.8,0.0,0.0,-6.1E-4,,,,,,,,,,121.700,-0.06,9.8,-0.1,0.0,9.8,0.0,0.0,-6.1E-4
121.750,-0.06,9.8,-0.1,0.0,9.8,0.0,0.0,0.0,,,,,,,,,,,,,,,,,,,121.750,-0.04,9.8,-0.1,0.0,9.8,0.0,0.0,6.1E-4,,,,,,,,,,121.750,-0.06,9.8,-0.1,0.0,9.8,0.0,0.0,-6.1E-4
121.800,-0.05,9.8,0.0,-0.1,9.8,0.0,0.0,0.0,,,,,,,,,,,,,,,,,,,121.800,-0.05,9.8,0.0,0.0,9.8,0.0,0.0,6.1E-4,,,,,,,,,,121.800,-0.06,9.8,-0.1,0.0,9.8,0.0,0.0,6.1E-4
121.850,-0.05,9.9,-0.1,0.0,9.9,0.0,0.0,0.0,,,,,,,,,,,,,,,,,,,121.850,-0.05,9.8,-0.1,0.0,9.8,0.0,0.0,6.1E-4,,,,,,,,,,121.850,-0.07,9.8,-0.1,0.0,9.8,0.0,0.0,-6.1E-4
121.900,-0.04,9.8,-0.1,-0.1,9.8,0.0,0.0,0.0,,,,,,,,,,,,,,,,,,,121.900,-0.05,9.8,0.0,0.0,9.8,0.0,0.0,6.1E-4,,,,,,,,,,121.900,-0.06,9.8,-0.1,0.0,9.8,0.0,0.0,-6.1E-4
121.950,-0.04,9.8,0.0,-0.1,9.8,0.0,0.0,-6.1E-4,,,,,,,,,,,,,,,,,,,121.950,-0.05,9.9,0.0,0.0,9.9,0.0,0.0,6.1E-4,,,,,,,,,,121.950,-0.06,9.8,0.0,0.0,9.8,0.0,0.0,0.0
122.000,-0.04,9.8,-0.1,-0.1,9.8,0.0,0.0,0.0,,,,,,,,,,,,,,,,,,,122.000,-0.03,9.8,0.0,0.0,9.8,0.0,0.0,0.0,,,,,,,,,,122.000,-0.06,9.8,-0.1,0.0,9.8,0.0,0.0,-6.1E-4
122.050,-0.04,9.8,-0.1,0.0,9.8,0.0,0.0,-6.1E-4,,,,,,,,,,,,,,,,,,,122.050,-0.05,9.8,-0.1,0.0,9.8,0.0,0.0,0.0,,,,,,,,,,122.050,-0.06,9.8,-0.1,0.0,9.8,0.0,0.0,-6.1E-4
122.100,-0.04,9.8,-0.1,-0.1,9.8,0.0,0.0,0.0,,,,,,,,,,,,,,,,,,,122.100,-0.03,9.9,0.0,0.0,9.9,0.0,0.0,0.0,,,,,,,,,,122.100,-0.06,9.8,-0.1,0.0,9.8,0.0,0.0,0.0
122.150,-0.05,9.8,-0.1,0.0,9.8,0.0,0.0,0.0,,,,,,,,,,,,,,,,,,,122.150,-0.04,9.8,-0.1,0.0,9.8,0.0,0.0,6.1E-4,,,,,,,,,,122.150,-0.07,9.8,-0.1,0.0,9.8,0.0,0.0,6.1E-4
122.200,-0.06,9.8,-0.1,-0.1,9.8,0.0,0.0,-6.1E-4,,,,,,,,,,,,,,,,,,,122.200,-0.04,9.8,0.0,0.0,9.8,0.0,0.0,-6.1E-4,,,,,,,,,,122.200,-0.05,9.8,-0.1,0.0,9.8,0.0,0.0,-6.1E-4
122.250,-0.05,9.8,0.0,-0.1,9.8,0.0,0.0,-6.1E-4,,,,,,,,,,,,,,,,,,,122.250,-0.03,9.8,-0.1,0.0,9.8,0.0,0.0,6.1E-4,,,,,,,,,,122.250,-0.05,9.8,-0.1,0.0,9.8,0.0,0.0,6.1E-4
122.300,-0.06,9.8,-0.1,-0.1,9.8,0.0,0.0,0.0,,,,,,,,,,,,,,,,,,,122.300,-0.04,9.9,0.0,0.0,9.9,0.0,0.0,-6.1E-4,,,,,,,,,,122.300,-0.05,9.8,-0.1,0.0,9.8,0.0,0.0,0.0
122.350,-0.04,9.9,-0.1,0.0,9.9,0.0,0.0,-6.1E-4,,,,,,,,,,,,,,,,,,,122.350,-0.04,9.8,0.0,0.0,9.8,0.0,0.0,-6.1E-4,,,,,,,,,,122.350,-0.06,9.8,-0.1,0.0,9.8,0.0,0.0,6.1E-4
122.400,-0.05,9.8,0.0,-0.1,9.8,0.0,0.0,-6.1E-4,,,,,,,,,,,,,,,,,,,122.400,-0.03,9.8,-0.1,0.0,9.8,0.0,0.0,-6.1E-4,,,,,,,,,,122.400,-0.05,9.8,-0.1,0.0,9.8,0.0,0.0,6.1E-4
122.450,-0.04,9.8,-0.1,0.0,9.8,-1.2E-4,0.0,-6.1E-4,,,,,,,,,,,,,,,,,,,122.450,-0.03,9.8,-0.1,0.0,9.8,0.0,0.0,-6.1E-4,,,,,,,,,,122.450,-0.05,9.8,-0.1,0.0,9.8,0.0,0.0,-6.1E-4
122.500,-0.05,9.8,-0.1,-0.1,9.8,0.0,0.0,0.0,,,,,,,,,,,,,,,,,,,122.500,-0.05,9.8,0.0,0.0,9.8,0.0,0.0,-6.1E-4,,,,,,,,,,122.500,-0.05,9.8,-0.1,0.0,9.8,0.0,0.0,0.0
122.550,-0.05,9.8,-0.1,-0.1,9.8,0.0,0.0,-6.1E-4,,,,,,,,,,,,,,,,,,,122.550,-0.04,9.8,-0.1,0.0,9.8,0.0,0.0,0.0,,,,,,,,,,122.550,-0.05,9.8,0.0,0.0,9.8,0.0,0.0,-6.1E-4
122.600,-0.05,9.8,-0.1,-0.1,9.8,0.0,0.0,0.0,,,,,,,,,,,,,,,,,,,122.600,-0.04,9.8,-0.1,0.0,9.8,0.0,0.0,-6.1E-4,,,,,,,,,,122.600,-0.05,9.8,0.0,0.0,9.8,0.0,0.0,0.0
122.650,-0.04,9.8,-0.1,-0.1,9.8,0.0,0.0,-6.1E-4,,,,,,,,,,,,,,,,,,,122.650,-0.04,9.8,0.0,0.0,9.8,0.0,0.0,-6.1E-4,,,,,,,,,,122.650,-0.05,9.8,-0.1,0.0,9.8,0.0,0.0,6.1E-4
122.700,-0.04,9.8,-0.1,-0.1,9.8,0.0,0.0,0.0,,,,,,,,,,,,,,,,,,,122.700,-0.03,9.8,0.0,0.0,9.8,0.0,0.0,6.1E-4,,,,,,,,,,122.700,-0.05,9.8,-0.2,0.0,9.8,0.0,0.0,0.0
122.750,-0.05,9.8,-0.1,-0.1,9.8,0.0,0.0,-6.1E-4,,,,,,,,,,,,,,,,,,,122.750,-0.03,9.8,-0.1,0.0,9.8,0.0,0.0,-6.1E-4,,,,,,,,,,122.750,-0.05,9.8,0.0,0.0,9.8,0.0,0.0,0.0
122.800,-0.03,9.8,-0.1,-0.1,9.8,0.0,0.0,0.0,,,,,,,,,,,,,,,,,,,122.800,-0.03,9.9,0.0,0.0,9.9,0.0,0.0,6.1E-4,,,,,,,,,,122.800,-0.05,9.8,-0.1,0.0,9.8,0.0,0.0,-6.1E-4
122.850,-0.04,9.8,0.0,0.0,9.8,0.0,0.0,0.0,,,,,,,,,,,,,,,,,,,122.850,-0.03,9.8,0.0,0.0,9.8,0.0,0.0,-6.1E-4,,,,,,,,,,122.850,-0.05,9.8,-0.1,0.0,9.8,0.0,0.0,-6.1E-4
122.900,-0.04,9.8,-0.1,0.0,9.8,0.0,0.0,-6.1E-4,,,,,,,,,,,,,,,,,,,122.900,-0.03,9.8,0.0,0.0,9.8,0.0,0.0,-6.1E-4,,,,,,,,,,122.900,-0.04,9.8,-0.1,0.0,9.8,0.0,0.0,0.0
122.950,-0.05,9.8,-0.1,-0.1,9.8,0.0,0.0,0.0,,,,,,,,,,,,,,,,,,,122.950,-0.03,9.8,0.0,0.0,9.8,0.0,0.0,0.0,,,,,,,,,,122.950,-0.05,9.8,0.0,0.0,9.8,0.0,0.0,6.1E-4
123.000,-0.05,9.8,0.0,0.0,9.8,0.0,0.0,-6.1E-4,,,,,,,,,,,,,,,,,,,123.000,-0.03,9.8,-0.1,0.0,9.8,0.0,0.0,-6.1E-4,,,,,,,,,,123.000,-0.05,9.8,-0.1,0.0,9.8,0.0,0.0,-6.1E-4
123.050,-0.05,9.8,-0.1,-0.1,9.8,0.0,0.0,0.0,,,,,,,,,,,,,,,,,,,123.050,-0.04,9.8,-0.1,0.0,9.8,0.0,0.0,-6.1E-4,,,,,,,,,,123.050,-0.05,9.8,-0.1,0.0,9.8,0.0,0.0,6.1E-4
123.100,-0.05,9.8,-0.1,-0.1,9.8,0.0,0.0,-6.1E-4,,,,,,,,,,,,,,,,,,,123.100,-0.05,9.8,-0.1,0.0,9.8,0.0,0.0,6.1E-4,,,,,,,,,,123.100,-0.06,9.8,0.0,0.0,9.8,0.0,0.0,-6.1E-4
123.150,-0.05,9.8,0.0,0.0,9.8,0.0,0.0,0.0,,,,,,,,,,,,,,,,,,,123.150,-0.04,9.9,0.0,0.1,9.9,0.0,0.0,-6.1E-4,,,,,,,,,,123.150,-0.05,9.8,-0.1,0.0,9.8,0.0,0.0,6.1E-4
123.200,-0.04,9.8,-0.1,0.0,9.8,0.0,0.0,0.0,,,,,,,,,,,,,,,,,,,123.200,-0.04,9.8,-0.1,0.0,9.8,0.0,0.0,-6.1E-4,,,,,,,,,,123.200,-0.05,9.8,-0.1,0.0,9.8,-1.2E-4,0.0,-6.1E-4
123.250,-0.05,9.8,-0.1,0.0,9.8,0.0,0.0,-6.1E-4,,,,,,,,,,,,,,,,,,,123.250,-0.03,9.9,0.0,-0.1,9.9,0.0,0.0,6.1E-4,,,,,,,,,,123.250,-0.05,9.8,-0.1,0.0,9.8,0.0,0.0,6.1E-4
123.300,-0.06,9.8,0.0,-0.1,9.8,0.0,0.0,-6.1E-4,,,,,,,,,,,,,,,,,,,123.300,-0.02,9.8,0.0,0.0,9.8,0.0,0.0,-6.1E-4,,,,,,,,,,123.300,-0.06,9.9,0.0,0.1,9.9,-1.2E-4,0.0,0.0
123.350,-0.05,9.8,-0.1,0.0,9.8,-1.2E-4,0.0,0.0,,,,,,,,,,,,,,,,,,,123.350,-0.03,9.8,-0.2,0.0,9.8,0.0,0.0,0.0,,,,,,,,,,123.350,-0.06,9.8,-0.1,0.0,9.8,0.0,0.0,6.1E-4
123.400,-0.06,9.8,-0.1,-0.1,9.8,0.0,0.0,-6.1E-4,,,,,,,,,,,,,,,,,,,123.400,-0.03,9.8,0.1,0.0,9.8,0.0,0.0,0.0,,,,,,,,,,123.400,-0.05,9.8,-0.1,0.0,9.8,0.0,0.0,-6.1E-4
123.450,-0.05,9.8,0.0,0.0,9.8,0.0,0.0,0.0,,,,,,,,,,,,,,,,,,,123.450,-0.04,9.8,-0.1,0.0,9.8,0.0,0.0,6.1E-4,,,,,,,,,,123.450,-0.06,9.8,-0.1,0.0,9.8,0.0,0.0,6.1E-4
123.500,-0.05,9.8,-0.1,-0.1,9.8,-1.2E-4,0.0,-6.1E-4,,,,,,,,,,,,,,,,,,,123.500,-0.04,9.8,-0.1,0.0,9.8,0.0,0.0,0.0,,,,,,,,,,123.500,-0.06,9.8,0.0,0.0,9.8,0.0,0.0,0.0
123.550,-0.05,9.8,-0.1,-0.1,9.8,0.0,0.0,-6.1E-4,,,,,,,,,,,,,,,,,,,123.550,-0.04,9.8,0.0,0.0,9.8,0.0,0.0,6.1E-4,,,,,,,,,,123.550,-0.04,9.8,0.0,0.0,9.8,0.0,0.0,-6.1E-4
123.600,-0.06,9.8,0.0,-0.1,9.8,0.0,0.0,-6.1E-4,,,,,,,,,,,,,,,,,,,123.600,-0.05,9.9,0.0,0.0,9.9,0.0,0.0,-6.1E-4,,,,,,,,,,123.600,-0.05,9.8,-0.1,0.0,9.8,0.0,0.0,-6.1E-4
123.650,-0.06,9.8,-0.1,-0.1,9.8,0.0,0.0,0.0,,,,,,,,,,,,,,,,,,,123.650,-0.05,9.8,-0.1,0.0,9.8,0.0,0.0,0.0,,,,,,,,,,123.650,-0.05,9.8,-0.1,0.0,9.8,0.0,0.0,-6.1E-4
123.700,-0.05,9.8,-0.1,-0.1,9.8,0.0,0.0,-6.1E-4,,,,,,,,,,,,,,,,,,,123.700,-0.04,9.9,0.0,0.0,9.9,0.0,0.0,6.1E-4,,,,,,,,,,123.700,-0.05,9.8,0.0,0.0,9.8,0.0,0.0,6.1E-4
123.750,-0.05,9.8,-0.1,-0.1,9.8,0.0,0.0,-6.1E-4,,,,,,,,,,,,,,,,,,,123.750,-0.04,9.8,-0.1,0.0,9.8,-1.2E-4,0.0,0.0,,,,,,,,,,123.750,-0.04,9.8,-0.1,0.0,9.8,0.0,0.0,6.1E-4
123.800,-0.06,9.8,0.0,-0.1,9.8,0.0,0.0,0.0,,,,,,,,,,,,,,,,,,,123.800,-0.05,9.8,-0.1,0.0,9.8,0.0,0.0,-6.1E-4,,,,,,,,,,123.800,-0.06,9.8,-0.1,0.0,9.8,0.0,0.0,-6.1E-4
123.850,-0.06,9.8,-0.1,-0.1,9.8,0.0,0.0,0.0,,,,,,,,,,,,,,,,,,,123.850,-0.04,9.9,0.0,0.0,9.9,0.0,0.0,6.1E-4,,,,,,,,,,123.850,-0.05,9.8,-0.1,0.0,9.8,0.0,0.0,6.1E-4
123.900,-0.05,9.8,-0.1,0.0,9.8,0.0,0.0,-6.1E-4,,,,,,,,,,,,,,,,,,,123.900,-0.03,9.9,0.0,0.0,9.9,0.0,0.0,-6.1E-4,,,,,,,,,,123.900,-0.06,9.8,-0.1,0.0,9.8,0.0,0.0,-6.1E-4
123.950,-0.06,9.8,-0.1,0.0,9.8,0.0,0.0,0.0,,,,,,,,,,,,,,,,,,,123.950,-0.03,9.8,-0.1,0.1,9.8,0.0,0.0,0.0,,,,,,,,,,123.950,-0.05,9.8,-0.1,0.0,9.8,0.0,0.0,-6.1E-4
124.000,-0.05,9.9,-0.1,0.0,9.9,0.0,0.0,0.0,,,,,,,,,,,,,,,,,,,124.000,-0.05,9.8,0.0,-0.1,9.8,0.0,0.0,0.0,,,,,,,,,,124.000,-0.07,9.8,-0.1,0.0,9.8,0.0,0.0,6.1E-4
124.050,-0.05,9.8,0.0,-0.1,9.8,0.0,0.0,-6.1E-4,,,,,,,,,,,,,,,,,,,124.050,-0.04,9.9,0.0,0.0,9.9,0.0,0.0,-6.1E-4,,,,,,,,,,124.050,-0.06,9.8,-0.1,0.0,9.8,0.0,0.0,6.1E-4
124.100,-0.06,9.8,-0.1,0.0,9.8,0.0,0.0,0.0,,,,,,,,,,,,,,,,,,,124.100,-0.03,9.8,0.0,0.0,9.8,0.0,0.0,-6.1E-4,,,,,,,,,,124.100,-0.06,9.8,-0.1,0.0,9.8,0.0,0.0,0.0
124.150,-0.06,9.9,-0.1,0.0,9.9,0.0,0.0,0.0,,,,,,,,,,,,,,,,,,,124.150,-0.04,9.8,-0.1,0.0,9.8,0.0,0.0,0.0,,,,,,,,,,124.150,-0.06,9.8,-0.1,0.0,9.8,0.0,0.0,-6.1E-4
124.200,-0.05,9.8,-0.1,-0.1,9.8,0.0,0.0,-6.1E-4,,,,,,,,,,,,,,,,,,,124.200,-0.04,9.8,0.1,0.0,9.8,0.0,0.0,6.1E-4,,,,,,,,,,124.200,-0.06,9.8,-0.1,0.0,9.8,0.0,0.0,0.0
124.250,-0.05,9.8,0.0,-0.1,9.8,0.0,0.0,0.0,,,,,,,,,,,,,,,,,,,124.250,-0.04,9.8,-0.1,0.0,9.8,0.0,0.0,0.0,,,,,,,,,,124.250,-0.07,9.8,-0.1,-0.1,9.8,0.0,0.0,6.1E-4
124.300,-0.05,9.8,-0.1,-0.1,9.8,0.0,0.0,-6.1E-4,,,,,,,,,,,,,,,,,,,124.300,-0.02,9.8,0.0,0.0,9.8,0.0,0.0,-6.1E-4,,,,,,,,,,124.300,-0.06,9.8,-0.1,0.0,9.8,0.0,0.0,-6.1E-4
124.350,-0.05,9.8,-0.1,-0.1,9.8,0.0,0.0,0.0,,,,,,,,,,,,,,,,,,,124.350,-0.03,9.8,0.0,-0.1,9.8,0.0,0.0,-6.1E-4,,,,,,,,,,124.350,-0.05,9.8,-0.1,0.0,9.8,0.0,0.0,0.0
124.400,-0.05,9.8,0.0,-0.1,9.8,0.0,0.0,0.0,,,,,,,,,,,,,,,,,,,124.400,-0.03,9.8,0.1,0.1,9.8,0.0,0.0,-6.1E-4,,,,,,,,,,124.400,-0.05,9.8,-0.1,0.0,9.8,0.0,0.0,0.0
124.450,-0.05,9.8,-0.1,-0.1,9.8,0.0,0.0,-6.1E-4,,,,,,,,,,,,,,,,,,,124.450,-0.03,9.8,-0.1,0.0,9.8,0.0,0.0,6.1E-4,,,,,,,,,,124.450,-0.06,9.8,-0.1,0.0,9.8,0.0,0.0,6.1E-4
124.500,-0.06,9.9,-0.1,0.0,9.9,0.0,0.0,0.0,,,,,,,,,,,,,,,,,,,124.500,-0.03,9.9,0.0,0.0,9.9,0.0,0.0,0.0,,,,,,,,,,124.500,-0.06,9.8,-0.1,0.0,9.8,0.0,0.0,0.0
124.550,-0.06,9.8,0.0,-0.1,9.8,0.0,0.0,0.0,,,,,,,,,,,,,,,,,,,124.550,-0.04,9.8,-0.1,0.0,9.8,0.0,0.0,0.0,,,,,,,,,,124.550,-0.06,9.8,-0.1,0.0,9.8,0.0,0.0,6.1E-4
124.600,-0.06,9.8,-0.1,0.0,9.8,0.0,0.0,0.0,,,,,,,,,,,,,,,,,,,124.600,-0.04,9.9,0.0,0.1,9.9,0.0,0.0,-6.1E-4,,,,,,,,,,124.600,-0.06,9.8,0.0,0.0,9.8,0.0,0.0,6.1E-4
124.650,-0.06,9.8,-0.1,-0.1,9.8,0.0,0.0,6.1E-4,,,,,,,,,,,,,,,,,,,124.650,-0.03,9.8,-0.1,0.0,9.8,0.0,0.0,-6.1E-4,,,,,,,,,,124.650,-0.06,9.8,-0.1,0.0,9.8,0.0,0.0,-6.1E-4
124.700,-0.06,9.8,-0.1,-0.1,9.8,0.0,0.0,0.0,,,,,,,,,,,,,,,,,,,124.700,-0.04,9.9,0.0,0.0,9.9,0.0,0.0,0.0,,,,,,,,,,124.700,-0.06,9.8,-0.1,0.0,9.8,0.0,0.0,-6.1E-4
124.750,-0.05,9.8,-0.1,-0.1,9.8,0.0,0.0,0.0,,,,,,,,,,,,,,,,,,,124.750,-0.04,9.8,0.0,0.0,9.8,0.0,0.0,6.1E-4,,,,,,,,,,124.750,-0.05,9.8,0.0,0.0,9.8,0.0,0.0,6.1E-4
124.800,-0.05,9.8,-0.1,-0.1,9.8,0.0,0.0,0.0,,,,,,,,,,,,,,,,,,,124.800,-0.04,9.9,0.0,0.0,9.9,0.0,0.0,0.0,,,,,,,,,,124.800,-0.06,9.8,-0.1,0.0,9.8,0.0,0.0,6.1E-4
124.850,-0.05,9.8,0.0,-0.1,9.8,0.0,0.0,0.0,,,,,,,,,,,,,,,,,,,124.850,-0.04,9.8,0.0,-0.1,9.8,0.0,0.0,0.0,,,,,,,,,,124.850,-0.05,9.8,-0.1,0.0,9.8,0.0,0.0,6.1E-4
124.900,-0.06,9.8,-0.1,-0.1,9.8,0.0,0.0,-6.1E-4,,,,,,,,,,,,,,,,,,,124.900,-0.05,9.8,-0.1,0.0,9.8,0.0,0.0,0.0,,,,,,,,,,124.900,-0.06,9.8,-0.1,0.0,9.8,0.0,0.0,-6.1E-4
124.950,-0.05,9.8,-0.1,-0.1,9.8,0.0,0.0,0.0,,,,,,,,,,,,,,,,,,,124.950,-0.03,9.8,0.0,0.0,9.8,0.0,0.0,-6.1E-4,,,,,,,,,,124.950,-0.06,9.8,0.0,0.0,9.8,0.0,0.0,6.1E-4
125.000,-0.06,9.8,-0.1,-0.1,9.8,0.0,0.0,0.0,,,,,,,,,,,,,,,,,,,125.000,-0.04,9.8,1.9E-4,0.0,9.8,0.0,0.0,-6.1E-4,,,,,,,,,,125.000,-0.05,9.8,-0.1,0.0,9.8,0.0,0.0,0.0
125.050,-0.05,9.8,0.0,-0.1,9.8,0.0,0.0,0.0,,,,,,,,,,,,,,,,,,,125.050,-0.05,9.8,0.0,0.0,9.8,0.0,0.0,6.1E-4,,,,,,,,,,125.050,-0.05,9.8,-0.1,0.0,9.8,0.0,0.0,6.1E-4
125.100,-0.04,9.8,-0.1,-0.1,9.8,-1.2E-4,0.0,0.0,,,,,,,,,,,,,,,,,,,125.100,-0.04,9.8,-0.1,0.0,9.8,0.0,0.0,0.0,,,,,,,,,,125.100,-0.05,9.8,-0.1,0.0,9.8,0.0,0.0,-6.1E-4
125.150,-0.05,9.8,-0.1,-0.1,9.8,0.0,0.0,-6.1E-4,,,,,,,,,,,,,,,,,,,125.150,-0.04,9.8,0.0,0.0,9.8,0.0,0.0,0.0,,,,,,,,,,125.150,-0.06,9.8,0.0,0.0,9.8,0.0,0.0,-6.1E-4
125.200,-0.05,9.8,0.0,-0.1,9.8,0.0,0.0,-6.1E-4,,,,,,,,,,,,,,,,,,,125.200,-0.02,9.9,0.0,0.0,9.9,0.0,0.0,6.1E-4,,,,,,,,,,125.200,-0.07,9.8,-0.1,0.0,9.8,0.0,0.0,-6.1E-4
125.250,-0.05,9.8,-0.1,-0.1,9.8,0.0,0.0,6.1E-4,,,,,,,,,,,,,,,,,,,125.250,-0.03,9.8,-0.1,0.0,9.8,0.0,0.0,0.0,,,,,,,,,,125.250,-0.06,9.8,-0.1,0.0,9.8,0.0,0.0,-6.1E-4
125.300,-0.04,9.8,-0.2,0.0,9.8,0.0,0.0,0.0,,,,,,,,,,,,,,,,,,,125.300,-0.04,9.8,-0.1,-0.1,9.8,0.0,0.0,-6.1E-4,,,,,,,,,,125.300,-0.05,9.8,-0.1,0.0,9.8,0.0,0.0,0.0
125.350,-0.04,9.8,0.0,-0.1,9.8,0.0,0.0,6.1E-4,,,,,,,,,,,,,,,,,,,125.350,-0.03,9.9,0.0,0.0,9.9,0.0,0.0,-6.1E-4,,,,,,,,,,125.350,-0.06,9.8,-0.1,0.0,9.8,0.0,0.0,-6.1E-4
125.400,-0.04,9.8,-0.1,0.0,9.8,0.0,0.0,-6.1E-4,,,,,,,,,,,,,,,,,,,125.400,-0.03,9.8,0.0,0.0,9.8,0.0,0.0,-6.1E-4,,,,,,,,,,125.400,-0.05,9.8,-0.1,0.0,9.8,0.0,0.0,-6.1E-4
125.450,-0.04,9.8,-0.1,-0.1,9.8,0.0,0.0,-6.1E-4,,,,,,,,,,,,,,,,,,,125.450,-0.03,9.8,-0.1,0.0,9.8,0.0,0.0,-6.1E-4,,,,,,,,,,125.450,-0.05,9.8,-0.1,0.0,9.8,0.0,0.0,6.1E-4
125.500,-0.05,9.8,-0.1,-0.1,9.8,0.0,0.0,0.0,,,,,,,,,,,,,,,,,,,125.500,-0.03,9.8,0.0,-0.1,9.8,0.0,0.0,6.1E-4,,,,,,,,,,125.500,-0.06,9.8,-0.1,0.0,9.8,0.0,0.0,0.0
125.550,-0.04,9.8,0.0,-0.1,9.8,0.0,0.0,-6.1E-4,,,,,,,,,,,,,,,,,,,125.550,-0.04,9.8,0.0,0.0,9.8,0.0,0.0,6.1E-4,,,,,,,,,,125.550,-0.06,9.8,0.0,0.0,9.8,0.0,0.0,6.1E-4
125.600,-0.04,9.8,-0.1,-0.1,9.8,0.0,0.0,0.0,,,,,,,,,,,,,,,,,,,125.600,-0.03,9.8,0.0,0.0,9.8,0.0,0.0,-6.1E-4,,,,,,,,,,125.600,-0.06,9.8,-0.1,0.0,9.8,0.0,0.0,-6.1E-4
125.650,-0.04,9.8,-0.1,-0.1,9.8,0.0,0.0,0.0,,,,,,,,,,,,,,,,,,,125.650,-0.03,9.8,0.0,-0.1,9.8,0.0,0.0,6.1E-4,,,,,,,,,,125.650,-0.07,9.8,-0.1,0.0,9.8,0.0,0.0,6.1E-4
125.700,-0.04,9.9,0.0,-0.1,9.9,0.0,0.0,0.0,,,,,,,,,,,,,,,,,,,125.700,-0.03,9.8,-0.1,0.0,9.8,0.0,0.0,-6.1E-4,,,,,,,,,,125.700,-0.06,9.8,-0.1,0.0,9.8,0.0,0.0,0.0
125.750,-0.05,9.8,-0.1,-0.1,9.8,0.0,0.0,0.0,,,,,,,,,,,,,,,,,,,125.750,-0.04,9.8,-0.1,0.0,9.8,0.0,0.0,-6.1E-4,,,,,,,,,,125.750,-0.06,9.8,-0.1,0.0,9.8,0.0,0.0,-6.1E-4
125.800,-0.05,9.8,-0.1,-0.1,9.8,0.0,0.0,0.0,,,,,,,,,,,,,,,,,,,125.800,-0.04,9.8,0.0,0.0,9.8,0.0,0.0,0.0,,,,,,,,,,125.800,-0.07,9.8,-0.1,0.0,9.8,0.0,0.0,-6.1E-4
125.850,-0.05,9.8,0.0,-0.1,9.8,0.0,0.0,-6.1E-4,,,,,,,,,,,,,,,,,,,125.850,-0.03,9.8,0.0,0.0,9.8,0.0,0.0,-6.1E-4,,,,,,,,,,125.850,-0.07,9.8,-0.1,0.0,9.8,0.0,0.0,-6.1E-4
125.900,-0.05,9.8,-0.1,-0.1,9.8,0.0,0.0,0.0,,,,,,,,,,,,,,,,,,,125.900,-0.03,9.8,-0.1,0.0,9.8,0.0,0.0,0.0,,,,,,,,,,125.900,-0.06,9.8,-0.1,0.0,9.8,0.0,0.0,-6.1E-4
125.950,-0.06,9.9,-0.1,0.0,9.9,0.0,0.0,0.0,,,,,,,,,,,,,,,,,,,125.950,-0.04,9.8,-0.1,0.0,9.8,0.0,0.0,6.1E-4,,,,,,,,,,125.950,-0.08,9.8,-0.1,0.0,9.8,0.0,0.0,-6.1E-4
126.000,-0.05,9.8,-0.1,-0.1,9.8,0.0,0.0,6.1E-4,,,,,,,,,,,,,,,,,,,126.000,-0.04,9.8,0.1,0.0,9.8,0.0,0.0,-6.1E-4,,,,,,,,,,126.000,-0.08,9.8,-0.1,0.0,9.8,0.0,0.0,-6.1E-4
126.050,-0.04,9.8,-0.1,0.0,9.8,0.0,0.0,0.0,,,,,,,,,,,,,,,,,,,126.050,-0.04,9.8,-0.1,0.0,9.8,0.0,0.0,6.1E-4,,,,,,,,,,126.050,-0.07,9.8,-0.1,0.0,9.8,0.0,0.0,-6.1E-4
126.100,-0.05,9.8,-0.1,-0.1,9.8,0.0,0.0,6.1E-4,,,,,,,,,,,,,,,,,,,126.100,-0.03,9.8,-0.1,0.0,9.8,0.0,0.0,-6.1E-4,,,,,,,,,,126.100,-0.06,9.8,-0.1,0.0,9.8,0.0,0.0,-6.1E-4
126.150,-0.05,9.8,-0.1,0.0,9.8,0.0,0.0,0.0,,,,,,,,,,,,,,,,,,,126.150,-0.03,9.8,0.0,0.0,9.8,0.0,0.0,6.1E-4,,,,,,,,,,126.150,-0.07,9.9,0.0,0.1,9.9,0.0,0.0,-6.1E-4
126.200,-0.05,9.8,0.0,0.0,9.8,0.0,0.0,-6.1E-4,,,,,,,,,,,,,,,,,,,126.200,-0.04,9.8,0.0,0.0,9.8,0.0,0.0,-6.1E-4,,,,,,,,,,126.200,-0.06,9.8,-0.1,0.0,9.8,0.0,0.0,-6.1E-4
126.250,-0.05,9.8,-0.1,0.0,9.8,0.0,0.0,0.0,,,,,,,,,,,,,,,,,,,126.250,-0.04,9.8,-0.1,0.0,9.8,0.0,0.0,6.1E-4,,,,,,,,,,126.250,-0.08,9.8,0.0,-0.1,9.8,0.0,0.0,0.0
126.300,-0.05,9.8,-0.2,0.0,9.8,0.0,0.0,0.0,,,,,,,,,,,,,,,,,,,126.300,-0.03,9.8,0.0,0.0,9.8,0.0,0.0,-6.1E-4,,,,,,,,,,126.300,-0.07,9.8,0.0,0.1,9.8,0.0,0.0,0.0
126.350,-0.05,9.8,0.0,-0.1,9.8,0.0,0.0,0.0,,,,,,,,,,,,,,,,,,,126.350,-0.04,9.8,0.0,0.0,9.8,0.0,0.0,0.0,,,,,,,,,,126.350,-0.07,9.8,-0.2,0.0,9.8,0.0,0.0,6.1E-4
126.400,-0.06,9.8,-0.1,-0.1,9.8,0.0,0.0,0.0,,,,,,,,,,,,,,,,,,,126.400,-0.05,9.8,0.0,0.0,9.8,0.0,0.0,-6.1E-4,,,,,,,,,,126.400,-0.07,9.8,0.0,0.0,9.8,-1.2E-4,0.0,0.0
126.450,-0.06,9.9,-0.1,0.0,9.9,0.0,0.0,0.0,,,,,,,,,,,,,,,,,,,126.450,-0.03,9.8,0.0,0.0,9.8,0.0,0.0,6.1E-4,,,,,,,,,,126.450,-0.07,9.8,-0.1,0.0,9.8,0.0,0.0,6.1E-4
126.500,-0.05,9.8,0.0,-0.1,9.8,0.0,0.0,0.0,,,,,,,,,,,,,,,,,,,126.500,-0.03,9.8,0.0,0.0,9.8,0.0,0.0,-6.1E-4,,,,,,,,,,126.500,-0.07,9.8,-0.1,0.0,9.8,0.0,0.0,0.0
126.550,-0.05,9.8,0.0,-0.1,9.8,-1.2E-4,0.0,-6.1E-4,,,,,,,,,,,,,,,,,,,126.550,-0.04,9.8,-0.1,0.0,9.8,0.0,0.0,-6.1E-4,,,,,,,,,,126.550,-0.06,9.8,0.0,0.0,9.8,0.0,0.0,0.0
126.600,-0.05,9.9,-0.1,0.0,9.9,0.0,0.0,6.1E-4,,,,,,,,,,,,,,,,,,,126.600,-0.03,9.9,0.0,0.0,9.9,0.0,0.0,6.1E-4,,,,,,,,,,126.600,-0.06,9.8,0.0,0.0,9.8,0.0,0.0,-6.1E-4
126.650,-0.05,9.8,-0.1,-0.1,9.8,0.0,0.0,-6.1E-4,,,,,,,,,,,,,,,,,,,126.650,-0.03,9.9,0.0,0.0,9.9,0.0,0.0,0.0,,,,,,,,,,126.650,-0.05,9.9,-0.1,0.1,9.9,0.0,0.0,6.1E-4
126.700,-0.04,9.8,-0.1,-0.1,9.8,-1.2E-4,0.0,0.0,,,,,,,,,,,,,,,,,,,126.700,-0.03,9.8,-0.1,0.0,9.8,0.0,0.0,-6.1E-4,,,,,,,,,,126.700,-0.05,9.8,-0.1,0.0,9.8,0.0,0.0,0.0
126.750,-0.03,9.8,-0.2,0.0,9.8,0.0,0.0,-6.1E-4,,,,,,,,,,,,,,,,,,,126.750,-0.04,9.8,0.0,0.0,9.8,0.0,0.0,-6.1E-4,,,,,,,,,,126.750,-0.06,9.8,0.0,0.0,9.8,0.0,0.0,6.1E-4
126.800,-0.04,9.8,-0.1,-0.1,9.8,0.0,0.0,6.1E-4,,,,,,,,,,,,,,,,,,,126.800,-0.04,9.9,0.0,0.0,9.9,0.0,0.0,-6.1E-4,,,,,,,,,,126.800,-0.07,9.8,-0.1,0.0,9.8,0.0,0.0,0.0
126.850,-0.04,9.9,0.0,0.0,9.9,0.0,0.0,-6.1E-4,,,,,,,,,,,,,,,,,,,126.850,-0.03,9.8,-0.1,0.0,9.8,0.0,0.0,6.1E-4,,,,,,,,,,126.850,-0.06,9.8,-0.1,0.0,9.8,0.0,0.0,6.1E-4
126.900,-0.04,9.9,-0.2,0.0,9.9,0.0,0.0,0.0,,,,,,,,,,,,,,,,,,,126.900,-0.04,9.8,-0.1,0.0,9.8,0.0,0.0,-6.1E-4,,,,,,,,,,126.900,-0.06,9.8,-0.1,0.0,9.8,0.0,0.0,-6.1E-4
126.950,-0.03,9.8,-0.1,-0.1,9.8,0.0,0.0,0.0,,,,,,,,,,,,,,,,,,,126.950,-0.03,9.9,0.0,0.0,9.9,0.0,0.0,6.1E-4,,,,,,,,,,126.950,-0.06,9.8,-0.1,0.1,9.8,0.0,0.0,6.1E-4
127.000,-0.03,9.8,0.0,0.0,9.8,0.0,0.0,-6.1E-4,,,,,,,,,,,,,,,,,,,127.000,-0.04,9.8,-0.1,0.0,9.8,0.0,0.0,0.0,,,,,,,,,,127.000,-0.08,9.8,-0.1,0.0,9.8,0.0,0.0,-6.1E-4
127.050,-0.03,9.8,-0.2,0.0,9.8,0.0,0.0,0.0,,,,,,,,,,,,,,,,,,,127.050,-0.04,9.9,0.0,0.0,9.9,0.0,0.0,0.0,,,,,,,,,,127.050,-0.08,9.8,-0.1,0.0,9.8,0.0,0.0,6.1E-4
127.100,-0.05,9.8,-0.1,-0.1,9.8,0.0,0.0,0.0,,,,,,,,,,,,,,,,,,,127.100,-0.04,9.8,-0.1,0.0,9.8,0.0,0.0,-6.1E-4,,,,,,,,,,127.100,-0.07,9.8,-0.1,0.0,9.8,0.0,0.0,0.0
127.150,-0.03,9.8,0.0,0.0,9.8,0.0,0.0,0.0,,,,,,,,,,,,,,,,,,,127.150,-0.03,9.8,-0.1,0.0,9.8,0.0,0.0,6.1E-4,,,,,,,,,,127.150,-0.07,9.8,-0.1,0.0,9.8,0.0,0.0,-6.1E-4
127.200,-0.04,9.8,-0.2,0.0,9.8,0.0,0.0,0.0,,,,,,,,,,,,,,,,,,,127.200,-0.03,9.8,0.0,0.0,9.8,0.0,0.0,-6.1E-4,,,,,,,,,,127.200,-0.07,9.8,-0.1,0.0,9.8,0.0,0.0,0.0
127.250,-0.04,9.8,-0.1,-0.1,9.8,0.0,0.0,6.1E-4,,,,,,,,,,,,,,,,,,,127.250,-0.03,9.8,-0.1,0.0,9.8,0.0,0.0,-6.1E-4,,,,,,,,,,127.250,-0.06,9.8,-0.1,0.0,9.8,0.0,0.0,0.0
127.300,-0.04,9.8,0.1,-0.1,9.8,0.0,0.0,-6.1E-4,,,,,,,,,,,,,,,,,,,127.300,-0.04,9.8,-0.1,0.0,9.8,0.0,0.0,-6.1E-4,,,,,,,,,,127.300,-0.07,9.8,-0.1,0.0,9.8,0.0,0.0,0.0
127.350,-0.04,9.8,-0.2,0.0,9.8,0.0,0.0,-6.1E-4,,,,,,,,,,,,,,,,,,,127.350,-0.03,9.8,0.0,0.0,9.8,0.0,0.0,-6.1E-4,,,,,,,,,,127.350,-0.07,9.8,0.0,0.0,9.8,0.0,0.0,6.1E-4
127.400,-0.03,9.8,-0.2,-0.1,9.8,0.0,0.0,-6.1E-4,,,,,,,,,,,,,,,,,,,127.400,-0.02,9.9,0.0,0.0,9.9,0.0,0.0,-6.1E-4,,,,,,,,,,127.400,-0.06,9.8,-0.1,0.0,9.8,0.0,0.0,0.0
127.450,-0.03,9.8,0.0,-0.1,9.8,0.0,0.0,0.0,,,,,,,,,,,,,,,,,,,127.450,-0.04,9.8,-0.1,0.0,9.8,0.0,0.0,-6.1E-4,,,,,,,,,,127.450,-0.07,9.8,-0.1,0.0,9.8,0.0,0.0,6.1E-4
127.500,-0.05,9.8,-0.1,0.0,9.8,0.0,0.0,0.0,,,,,,,,,,,,,,,,,,,127.500,-0.03,9.8,0.0,0.0,9.8,0.0,0.0,6.1E-4,,,,,,,,,,127.500,-0.06,9.8,0.0,0.0,9.8,0.0,0.0,0.0
127.550,-0.04,9.8,-0.1,-0.1,9.8,0.0,0.0,0.0,,,,,,,,,,,,,,,,,,,127.550,-0.03,9.8,-0.1,0.0,9.8,0.0,0.0,0.0,,,,,,,,,,127.550,-0.06,9.8,-0.1,0.0,9.8,0.0,0.0,0.0
127.600,-0.03,9.8,-0.1,0.0,9.8,0.0,0.0,0.0,,,,,,,,,,,,,,,,,,,127.600,-0.02,9.8,0.0,0.0,9.8,0.0,0.0,6.1E-4,,,,,,,,,,127.600,-0.06,9.8,-0.1,0.0,9.8,0.0,0.0,0.0
127.650,-0.04,9.8,-0.1,-0.1,9.8,0.0,0.0,-6.1E-4,,,,,,,,,,,,,,,,,,,127.650,-0.02,9.8,0.0,0.0,9.8,0.0,0.0,-6.1E-4,,,,,,,,,,127.650,-0.06,9.8,-0.1,0.0,9.8,0.0,0.0,6.1E-4
127.700,-0.04,9.8,-0.1,-0.1,9.8,0.0,0.0,-6.1E-4,,,,,,,,,,,,,,,,,,,127.700,-0.03,9.8,-0.1,0.0,9.8,0.0,0.0,6.1E-4,,,,,,,,,,127.700,-0.06,9.8,0.0,0.0,9.8,0.0,0.0,0.0
127.750,-0.04,9.9,0.0,0.0,9.9,0.0,0.0,0.0,,,,,,,,,,,,,,,,,,,127.750,-0.03,9.8,-0.1,0.0,9.8,0.0,0.0,0.0,,,,,,,,,,127.750,-0.06,9.8,-0.1,0.0,9.8,0.0,0.0,0.0
127.800,-0.04,9.9,0.0,0.1,9.9,0.0,0.0,-6.1E-4,,,,,,,,,,,,,,,,,,,127.800,-0.02,9.8,0.0,0.0,9.8,0.0,0.0,-6.1E-4,,,,,,,,,,127.800,-0.06,9.8,-0.1,0.0,9.8,0.0,0.0,0.0
127.850,-0.04,9.8,-0.2,-0.1,9.8,0.0,0.0,0.0,,,,,,,,,,,,,,,,,,,127.850,-0.04,9.8,0.0,0.0,9.8,0.0,0.0,6.1E-4,,,,,,,,,,127.850,-0.06,9.8,-0.1,0.0,9.8,0.0,0.0,6.1E-4
127.900,-0.02,9.8,0.0,-0.1,9.8,0.0,0.0,-6.1E-4,,,,,,,,,,,,,,,,,,,127.900,-0.03,9.8,-0.1,0.0,9.8,0.0,0.0,-6.1E-4,,,,,,,,,,127.900,-0.06,9.8,-0.1,0.0,9.8,0.0,0.0,-6.1E-4
127.950,-0.04,9.9,-0.2,0.0,9.9,0.0,0.0,0.0,,,,,,,,,,,,,,,,,,,127.950,-0.02,9.8,-0.1,0.0,9.8,0.0,0.0,6.1E-4,,,,,,,,,,127.950,-0.07,9.8,-0.1,0.0,9.8,0.0,0.0,0.0
128.000,-0.02,9.8,-0.1,0.0,9.8,0.0,0.0,6.1E-4,,,,,,,,,,,,,,,,,,,128.000,-0.02,9.8,0.0,0.0,9.8,0.0,0.0,-6.1E-4,,,,,,,,,,128.000,-0.07,9.8,-0.1,0.0,9.8,0.0,0.0,-6.1E-4
128.050,-0.04,9.8,0.0,-0.1,9.8,0.0,0.0,6.1E-4,,,,,,,,,,,,,,,,,,,128.050,-0.03,9.8,0.0,0.0,9.8,0.0,0.0,6.1E-4,,,,,,,,,,128.050,-0.07,9.8,0.0,0.0,9.8,0.0,0.0,-6.1E-4
128.100,-0.05,9.9,0.1,0.0,9.9,0.0,0.0,0.0,,,,,,,,,,,,,,,,,,,128.100,-0.03,9.8,0.0,0.0,9.8,0.0,0.0,6.1E-4,,,,,,,,,,128.100,-0.06,9.8,-0.1,0.0,9.8,0.0,0.0,0.0
128.150,-0.03,9.8,-0.4,0.0,9.8,0.0,0.0,-6.1E-4,,,,,,,,,,,,,,,,,,,128.150,-0.03,9.8,-0.1,0.0,9.8,0.0,0.0,6.1E-4,,,,,,,,,,128.150,-0.07,9.8,0.0,0.0,9.8,0.0,0.0,6.1E-4
128.200,-0.04,9.9,0.0,0.0,9.9,0.0,0.0,-6.1E-4,,,,,,,,,,,,,,,,,,,128.200,-0.02,9.8,-0.1,0.0,9.8,0.0,0.0,-6.1E-4,,,,,,,,,,128.200,-0.07,9.8,-0.1,0.0,9.8,0.0,0.0,-6.1E-4
128.250,-0.04,9.8,0.2,-0.1,9.8,0.0,0.0,6.1E-4,,,,,,,,,,,,,,,,,,,128.250,-0.02,9.9,0.1,0.0,9.9,0.0,0.0,0.0,,,,,,,,,,128.250,-0.09,9.8,-0.1,0.0,9.8,0.0,0.0,6.1E-4
128.300,-0.05,9.9,-0.3,0.0,9.9,0.0,0.0,0.0,,,,,,,,,,,,,,,,,,,128.300,-0.03,9.8,0.0,0.0,9.8,0.0,0.0,-6.1E-4,,,,,,,,,,128.300,-0.07,9.8,-0.1,0.0,9.8,0.0,0.0,0.0
128.350,-0.04,9.8,-0.1,0.0,9.8,-0.1,0.0,0.0,,,,,,,,,,,,,,,,,,,128.350,-0.04,9.8,-0.1,0.0,9.8,0.0,0.0,6.1E-4,,,,,,,,,,128.350,-0.08,9.8,-0.1,0.0,9.8,0.0,0.0,6.1E-4
128.400,-0.04,9.8,0.1,-0.1,9.8,0.0,0.0,0.0,,,,,,,,,,,,,,,,,,,128.400,-0.03,9.8,0.0,0.0,9.8,0.0,0.0,-6.1E-4,,,,,,,,,,128.400,-0.07,9.8,-0.1,0.0,9.8,0.0,0.0,-6.1E-4
128.450,-0.04,9.8,-0.2,0.0,9.8,0.0,0.0,6.1E-4,,,,,,,,,,,,,,,,,,,128.450,-0.04,9.9,0.0,0.0,9.9,0.0,0.0,6.1E-4,,,,,,,,,,128.450,-0.07,9.8,-0.1,0.0,9.8,0.0,0.0,-6.1E-4
128.500,-0.04,9.8,0.0,-0.1,9.8,0.0,0.0,0.0,,,,,,,,,,,,,,,,,,,128.500,-0.04,9.8,-0.1,0.0,9.8,0.0,0.0,0.0,,,,,,,,,,128.500,-0.07,9.8,-0.1,0.0,9.8,0.0,0.0,-6.1E-4
128.550,-0.03,9.9,-0.1,0.1,9.9,0.0,0.0,0.0,,,,,,,,,,,,,,,,,,,128.550,-0.03,9.8,-0.1,0.0,9.8,0.0,0.0,-6.1E-4,,,,,,,,,,128.550,-0.07,9.8,0.0,0.0,9.8,0.0,0.0,-6.1E-4
128.600,-0.04,9.8,0.0,-0.1,9.8,0.0,0.0,0.0,,,,,,,,,,,,,,,,,,,128.600,-0.04,9.8,0.0,0.0,9.8,0.0,0.0,-6.1E-4,,,,,,,,,,128.600,-0.07,9.8,0.0,0.0,9.8,0.0,0.0,-6.1E-4
128.650,-0.04,9.8,-0.2,0.0,9.8,0.0,0.0,0.0,,,,,,,,,,,,,,,,,,,128.650,-0.03,9.9,0.0,0.1,9.9,0.0,0.0,-6.1E-4,,,,,,,,,,128.650,-0.06,9.8,-0.1,0.0,9.8,0.0,0.0,-6.1E-4
128.700,-0.03,9.8,0.0,-0.1,9.8,0.0,0.0,0.0,,,,,,,,,,,,,,,,,,,128.700,-0.03,9.8,-0.1,0.0,9.8,0.0,0.0,-6.1E-4,,,,,,,,,,128.700,-0.07,9.8,-0.1,0.0,9.8,0.0,0.0,0.0
128.750,-0.05,9.8,-0.2,0.0,9.8,0.0,0.0,0.0,,,,,,,,,,,,,,,,,,,128.750,-0.04,9.9,0.0,0.0,9.9,0.0,0.0,6.1E-4,,,,,,,,,,128.750,-0.07,9.8,-0.1,0.0,9.8,0.0,0.0,6.1E-4
128.800,-0.04,9.8,0.0,-0.1,9.8,0.0,0.0,0.0,,,,,,,,,,,,,,,,,,,128.800,-0.02,9.8,-0.1,0.0,9.8,0.0,0.0,0.0,,,,,,,,,,128.800,-0.08,9.8,-0.1,0.0,9.8,0.0,0.0,0.0
128.850,-0.04,9.8,-0.1,-0.1,9.8,0.0,0.0,0.0,,,,,,,,,,,,,,,,,,,128.850,-0.04,9.9,0.0,0.0,9.9,0.0,0.0,-6.1E-4,,,,,,,,,,128.850,-0.08,9.8,-0.1,0.0,9.8,0.0,0.0,-6.1E-4
128.900,-0.05,9.8,0.0,0.0,9.8,0.0,0.0,0.0,,,,,,,,,,,,,,,,,,,128.900,-0.04,9.8,0.0,0.0,9.8,0.0,0.0,6.1E-4,,,,,,,,,,128.900,-0.06,9.8,-0.1,0.0,9.8,0.0,0.0,-6.1E-4
128.950,-0.04,9.8,-0.2,0.0,9.8,0.0,0.0,0.0,,,,,,,,,,,,,,,,,,,128.950,-0.03,9.8,0.0,0.0,9.8,0.0,0.0,0.0,,,,,,,,,,128.950,-0.07,9.8,0.0,0.0,9.8,0.0,0.0,-6.1E-4
129.000,-0.05,9.9,0.2,-0.1,9.9,0.0,0.0,0.0,,,,,,,,,,,,,,,,,,,129.000,-0.04,9.8,-0.1,0.0,9.8,0.0,0.0,-6.1E-4,,,,,,,,,,129.000,-0.06,9.8,-0.1,0.0,9.8,0.0,0.0,-6.1E-4
129.050,-0.05,9.9,-0.3,0.0,9.9,0.0,0.0,0.0,,,,,,,,,,,,,,,,,,,129.050,-0.02,9.8,0.0,0.0,9.8,0.0,0.0,0.0,,,,,,,,,,129.050,-0.07,9.8,-0.1,0.0,9.8,0.0,0.0,6.1E-4
129.100,-0.04,9.8,-0.2,-0.1,9.8,-0.1,0.0,0.0,,,,,,,,,,,,,,,,,,,129.100,-0.02,9.8,0.0,0.0,9.8,0.0,0.0,-6.1E-4,,,,,,,,,,129.100,-0.07,9.8,-0.1,0.0,9.8,0.0,0.0,0.0
129.150,-0.04,9.9,0.2,0.0,9.9,0.0,0.0,0.0,,,,,,,,,,,,,,,,,,,129.150,-0.04,9.9,0.0,0.0,9.9,-1.2E-4,0.0,-6.1E-4,,,,,,,,,,129.150,-0.07,9.8,0.0,0.0,9.8,0.0,0.0,6.1E-4
129.200,-0.03,9.8,0.0,-0.1,9.8,0.0,0.0,6.1E-4,,,,,,,,,,,,,,,,,,,129.200,-0.04,9.8,-0.1,0.0,9.8,0.0,0.0,6.1E-4,,,,,,,,,,129.200,-0.07,9.8,-0.1,0.0,9.8,0.0,0.0,0.0
129.250,-0.04,9.8,0.0,0.0,9.8,0.0,0.0,0.0,,,,,,,,,,,,,,,,,,,129.250,-0.02,9.8,0.0,0.0,9.8,0.0,0.0,0.0,,,,,,,,,,129.250,-0.08,9.8,-0.1,0.0,9.8,0.0,0.0,-6.1E-4
129.300,-0.05,9.9,0.1,0.0,9.9,0.0,0.0,0.0,,,,,,,,,,,,,,,,,,,129.300,-0.04,9.8,0.0,0.0,9.8,0.0,0.0,-6.1E-4,,,,,,,,,,129.300,-0.07,9.8,-0.1,0.0,9.8,0.0,0.0,-6.1E-4
129.350,-0.05,9.8,0.0,-0.1,9.8,0.0,0.0,0.0,,,,,,,,,,,,,,,,,,,129.350,-0.03,9.9,0.0,0.0,9.9,0.0,0.0,-6.1E-4,,,,,,,,,,129.350,-0.08,9.8,0.0,0.0,9.8,0.0,0.0,-6.1E-4
129.400,-0.05,9.9,0.1,0.0,9.9,0.0,0.0,0.0,,,,,,,,,,,,,,,,,,,129.400,-0.02,9.8,-0.1,0.0,9.8,0.0,0.0,6.1E-4,,,,,,,,,,129.400,-0.07,9.8,-0.1,0.0,9.8,0.0,0.0,6.1E-4
129.450,-0.05,9.8,-0.1,0.0,9.8,0.0,0.0,0.0,,,,,,,,,,,,,,,,,,,129.450,-0.04,9.8,0.0,0.0,9.8,0.0,0.0,0.0,,,,,,,,,,129.450,-0.07,9.8,-0.1,0.0,9.8,0.0,0.0,6.1E-4
129.500,-0.04,9.8,0.1,-0.1,9.8,0.0,0.0,0.0,,,,,,,,,,,,,,,,,,,129.500,-0.04,9.8,0.0,0.0,9.8,0.0,0.0,-6.1E-4,,,,,,,,,,129.500,-0.07,9.8,-0.1,0.0,9.8,0.0,0.0,6.1E-4
129.550,-0.04,9.8,-0.2,0.0,9.8,0.0,0.0,0.0,,,,,,,,,,,,,,,,,,,129.550,-0.03,9.8,0.0,0.0,9.8,0.0,0.0,6.1E-4,,,,,,,,,,129.550,-0.08,9.8,0.0,0.0,9.8,0.0,0.0,6.1E-4
129.600,-0.03,9.8,0.1,0.0,9.8,0.0,0.0,0.0,,,,,,,,,,,,,,,,,,,129.600,-0.03,9.8,-0.1,0.0,9.8,0.0,0.0,-6.1E-4,,,,,,,,,,129.600,-0.08,9.8,-0.1,0.0,9.8,0.0,0.0,-6.1E-4
129.650,-0.04,9.8,0.0,0.0,9.8,0.0,0.0,0.0,,,,,,,,,,,,,,,,,,,129.650,-0.04,9.8,0.0,0.0,9.8,0.0,0.0,6.1E-4,,,,,,,,,,129.650,-0.07,9.8,-0.1,0.0,9.8,0.0,0.0,6.1E-4
129.700,-0.03,9.8,0.1,-0.1,9.8,0.0,0.0,0.0,,,,,,,,,,,,,,,,,,,129.700,-0.04,9.8,0.0,0.1,9.8,0.0,0.0,0.0,,,,,,,,,,129.700,-0.07,9.8,-0.1,0.0,9.8,0.0,0.0,-6.1E-4
129.750,-0.03,9.9,0.1,0.1,9.9,0.0,0.0,0.0,,,,,,,,,,,,,,,,,,,129.750,-0.03,9.8,0.0,-0.1,9.8,0.0,0.0,0.0,,,,,,,,,,129.750,-0.07,9.8,0.0,0.0,9.8,0.0,0.0,-6.1E-4
129.800,-0.04,9.8,0.0,-0.1,9.8,0.0,0.0,0.0,,,,,,,,,,,,,,,,,,,129.800,-0.04,9.9,0.0,0.1,9.9,0.0,0.0,-6.1E-4,,,,,,,,,,129.800,-0.08,9.8,-0.1,0.0,9.8,0.0,0.0,0.0
129.850,-0.03,9.9,0.0,0.0,9.9,0.0,0.0,0.0,,,,,,,,,,,,,,,,,,,129.850,-0.04,9.8,-0.2,0.0,9.8,0.0,0.0,6.1E-4,,,,,,,,,,129.850,-0.08,9.8,-0.1,0.0,9.8,0.0,0.0,6.1E-4
129.900,-0.03,9.8,-0.2,-0.1,9.8,0.0,0.0,0.0,,,,,,,,,,,,,,,,,,,129.900,-0.04,9.9,0.0,0.0,9.9,0.0,0.0,6.1E-4,,,,,,,,,,129.900,-0.07,9.8,-0.1,0.0,9.8,0.0,0.0,-6.1E-4
129.950,-0.04,9.8,0.0,0.0,9.8,-0.1,0.0,0.0,,,,,,,,,,,,,,,,,,,129.950,-0.05,9.8,0.0,0.0,9.8,-1.2E-4,0.0,6.1E-4,,,,,,,,,,129.950,-0.06,9.8,-0.1,0.0,9.8,0.0,0.0,-6.1E-4
130.000,-0.04,9.9,0.1,-0.1,9.9,0.0,0.0,0.0,,,,,,,,,,,,,,,,,,,130.000,-0.03,9.8,-0.1,0.0,9.8,0.0,0.0,-6.1E-4,,,,,,,,,,130.000,-0.06,9.8,-0.1,0.0,9.8,0.0,0.0,-6.1E-4
130.050,-0.04,9.8,0.1,0.0,9.8,0.0,0.0,0.0,,,,,,,,,,,,,,,,,,,130.050,-0.04,9.8,-0.1,0.0,9.8,0.0,0.0,0.0,,,,,,,,,,130.050,-0.06,9.8,-0.1,0.0,9.8,0.0,0.0,-6.1E-4
130.100,-0.04,9.9,1.9E-4,0.0,9.9,0.0,0.0,0.0,,,,,,,,,,,,,,,,,,,130.100,-0.05,9.8,0.0,0.0,9.8,0.0,0.0,0.0,,,,,,,,,,130.100,-0.06,9.8,-0.1,0.0,9.8,0.0,0.0,6.1E-4
130.150,-0.05,9.8,-0.1,-0.1,9.8,0.0,0.0,0.0,,,,,,,,,,,,,,,,,,,130.150,-0.05,9.8,0.0,0.1,9.8,0.0,0.0,0.0,,,,,,,,,,130.150,-0.08,9.8,-0.1,0.0,9.8,0.0,0.0,6.1E-4
130.200,-0.04,9.9,0.2,0.0,9.9,-0.1,0.0,0.0,,,,,,,,,,,,,,,,,,,130.200,-0.03,9.8,-0.1,0.0,9.8,0.0,0.0,6.1E-4,,,,,,,,,,130.200,-0.07,9.8,-0.1,0.0,9.8,0.0,0.0,-6.1E-4
130.250,-0.04,9.8,-0.1,0.0,9.8,-0.1,0.0,-0.1,,,,,,,,,,,,,,,,,,,130.250,-0.04,9.8,-0.1,0.0,9.8,0.0,0.0,-6.1E-4,,,,,,,,,,130.250,-0.06,9.8,-0.1,0.0,9.8,0.0,0.0,0.0
130.300,-0.04,9.8,0.3,0.0,9.8,-0.2,0.0,-0.3,,,,,,,,,,,,,,,,,,,130.300,-0.03,9.8,0.0,0.0,9.8,0.0,0.0,0.0,,,,,,,,,,130.300,-0.07,9.8,-0.1,0.0,9.8,0.0,0.0,-6.1E-4
130.350,-0.04,9.8,0.3,0.0,9.8,0.0,0.0,0.0,,,,,,,,,,,,,,,,,,,130.350,-0.04,9.9,0.0,0.1,9.9,0.0,0.0,-6.1E-4,,,,,,,,,,130.350,-0.07,9.8,-0.1,0.0,9.8,0.0,0.0,-6.1E-4
130.400,-0.04,9.8,-0.1,-0.1,9.8,0.0,0.0,0.1,,,,,,,,,,,,,,,,,,,130.400,-0.04,9.8,0.0,0.0,9.8,0.0,0.0,6.1E-4,,,,,,,,,,130.400,-0.07,9.8,-0.1,0.0,9.8,0.0,0.0,6.1E-4
130.450,-0.04,9.9,0.4,0.0,9.9,0.0,0.0,0.0,,,,,,,,,,,,,,,,,,,130.450,-0.05,9.8,-0.1,0.0,9.8,0.0,0.0,-6.1E-4,,,,,,,,,,130.450,-0.06,9.8,-0.1,0.0,9.8,0.0,0.0,6.1E-4
130.500,-0.04,9.8,-0.2,0.0,9.8,0.0,0.0,0.1,,,,,,,,,,,,,,,,,,,130.500,-0.05,9.8,0.0,0.0,9.8,0.0,0.0,0.0,,,,,,,,,,130.500,-0.08,9.8,-0.1,0.0,9.8,0.0,0.0,6.1E-4
130.550,-0.04,9.8,0.3,-0.1,9.8,-0.1,0.0,0.0,,,,,,,,,,,,,,,,,,,130.550,-0.05,9.9,0.0,0.0,9.9,0.0,0.0,0.0,,,,,,,,,,130.550,-0.08,9.8,-0.1,0.0,9.8,0.0,0.0,6.1E-4
130.600,-0.04,9.7,0.5,0.0,9.7,0.0,0.0,0.0,,,,,,,,,,,,,,,,,,,130.600,-0.03,9.8,0.0,0.0,9.8,0.0,0.0,0.0,,,,,,,,,,130.600,-0.08,9.8,-0.1,0.0,9.8,0.0,0.0,6.1E-4
130.650,-0.04,10.0,0.3,-0.1,10.0,0.0,0.0,0.0,,,,,,,,,,,,,,,,,,,130.650,-0.05,9.8,-0.1,0.0,9.8,0.0,0.0,-6.1E-4,,,,,,,,,,130.650,-0.08,9.8,-0.1,0.0,9.8,0.0,0.0,-6.1E-4
130.700,-0.04,9.8,0.0,0.0,9.8,0.0,0.0,0.0,,,,,,,,,,,,,,,,,,,130.700,-0.05,9.8,0.0,-0.1,9.8,0.0,0.0,-6.1E-4,,,,,,,,,,130.700,-0.08,9.8,-0.1,0.0,9.8,0.0,0.0,-6.1E-4
130.750,-0.04,9.8,0.1,-0.1,9.8,0.0,0.0,0.0,,,,,,,,,,,,,,,,,,,130.750,-0.04,9.8,0.0,0.0,9.8,0.0,0.0,-6.1E-4,,,,,,,,,,130.750,-0.08,9.8,-0.1,0.0,9.8,0.0,0.0,6.1E-4
130.800,-0.04,9.8,0.1,0.0,9.8,0.0,0.0,0.0,,,,,,,,,,,,,,,,,,,130.800,-0.04,9.8,-0.2,0.0,9.8,0.0,0.0,-6.1E-4,,,,,,,,,,130.800,-0.08,9.8,-0.1,0.0,9.8,0.0,0.0,-6.1E-4
130.850,-0.04,9.8,0.5,-0.1,9.8,0.0,0.0,0.0,,,,,,,,,,,,,,,,,,,130.850,-0.03,9.8,-0.1,0.0,9.8,0.0,0.0,-6.1E-4,,,,,,,,,,130.850,-0.08,9.8,-0.1,0.0,9.8,0.0,0.0,6.1E-4
130.900,-0.04,9.9,-0.1,0.0,9.9,0.1,0.0,-6.1E-4,,,,,,,,,,,,,,,,,,,130.900,-0.03,9.9,0.0,0.0,9.9,0.0,0.0,-6.1E-4,,,,,,,,,,130.900,-0.07,9.8,-0.1,0.0,9.8,0.0,0.0,-6.1E-4
130.950,-0.04,9.8,0.1,-0.1,9.8,0.0,0.0,0.0,,,,,,,,,,,,,,,,,,,130.950,-0.02,9.9,1.9E-4,0.1,9.9,0.0,0.0,-6.1E-4,,,,,,,,,,130.950,-0.07,9.8,-0.1,0.0,9.8,0.0,0.0,6.1E-4
131.000,-0.04,9.8,-0.3,0.0,9.8,-0.1,0.0,6.1E-4,,,,,,,,,,,,,,,,,,,131.000,-0.03,9.8,-0.1,0.0,9.8,0.0,0.0,0.0,,,,,,,,,,131.000,-0.08,9.8,-0.1,0.0,9.8,0.0,0.0,0.0
131.050,-0.04,9.9,0.3,0.0,9.9,-0.1,0.0,0.0,,,,,,,,,,,,,,,,,,,131.050,-0.04,9.8,0.0,0.0,9.8,0.0,0.0,6.1E-4,,,,,,,,,,131.050,-0.09,9.8,-0.1,0.0,9.8,0.0,0.0,6.1E-4
131.100,-0.05,9.8,0.2,-0.1,9.8,-0.1,0.0,0.0,,,,,,,,,,,,,,,,,,,131.100,-0.04,9.9,0.0,0.1,9.9,0.0,0.0,0.0,,,,,,,,,,131.100,-0.07,9.8,-0.1,0.0,9.8,0.0,0.0,0.0
131.150,-0.04,9.8,0.1,-0.1,9.8,0.0,0.0,-6.1E-4,,,,,,,,,,,,,,,,,,,131.150,-0.03,9.8,0.0,0.0,9.8,0.0,0.0,0.0,,,,,,,,,,131.150,-0.08,9.8,-0.1,0.0,9.8,0.0,0.0,-6.1E-4
131.200,-0.04,9.8,0.3,0.0,9.8,0.0,0.0,0.0,,,,,,,,,,,,,,,,,,,131.200,-0.03,9.8,-0.1,0.0,9.8,0.0,0.0,0.0,,,,,,,,,,131.200,-0.07,9.8,-0.1,0.0,9.8,0.0,0.0,6.1E-4
131.250,-0.04,9.8,0.0,-0.1,9.8,0.0,0.0,0.0,,,,,,,,,,,,,,,,,,,131.250,-0.03,9.8,0.0,0.0,9.8,0.0,0.0,-6.1E-4,,,,,,,,,,131.250,-0.08,9.8,-0.1,0.0,9.8,0.0,0.0,6.1E-4
131.300,-0.04,9.8,0.1,0.0,9.8,0.0,0.0,6.1E-4,,,,,,,,,,,,,,,,,,,131.300,-0.03,9.8,0.0,0.0,9.8,0.0,0.0,-6.1E-4,,,,,,,,,,131.300,-0.08,9.8,-0.1,0.0,9.8,0.0,0.0,6.1E-4
131.350,-0.03,9.8,0.4,-0.1,9.8,0.0,0.0,0.0,,,,,,,,,,,,,,,,,,,131.350,-0.03,9.8,0.0,0.0,9.8,0.0,0.0,-6.1E-4,,,,,,,,,,131.350,-0.07,9.8,-0.1,0.0,9.8,0.0,0.0,6.1E-4
131.400,-0.04,9.8,0.1,0.0,9.8,0.0,0.0,6.1E-4,,,,,,,,,,,,,,,,,,,131.400,-0.03,9.8,-0.1,0.0,9.8,0.0,0.0,6.1E-4,,,,,,,,,,131.400,-0.08,9.8,-0.1,0.0,9.8,0.0,0.0,-6.1E-4
131.450,-0.04,9.8,0.1,-0.1,9.8,0.0,0.0,0.0,,,,,,,,,,,,,,,,,,,131.450,-0.04,9.8,0.0,0.0,9.8,0.0,0.0,-6.1E-4,,,,,,,,,,131.450,-0.07,9.8,-0.1,0.0,9.8,0.0,0.0,0.0
131.500,-0.04,9.8,0.2,0.0,9.8,0.0,0.0,-6.1E-4,,,,,,,,,,,,,,,,,,,131.500,-0.03,9.9,0.0,0.0,9.9,0.0,0.0,6.1E-4,,,,,,,,,,131.500,-0.06,9.8,-0.1,0.0,9.8,0.0,0.0,0.0
131.550,-0.05,9.8,0.1,-0.1,9.8,0.0,0.0,0.0,,,,,,,,,,,,,,,,,,,131.550,-0.04,9.8,0.0,0.0,9.8,0.0,0.0,-6.1E-4,,,,,,,,,,131.550,-0.06,9.8,-0.1,0.0,9.8,0.0,0.0,-6.1E-4
131.600,-0.05,9.8,0.2,0.0,9.8,0.0,0.0,0.0,,,,,,,,,,,,,,,,,,,131.600,-0.04,9.8,-0.1,0.0,9.8,0.0,0.0,6.1E-4,,,,,,,,,,131.600,-0.06,9.8,-0.1,0.0,9.8,0.0,0.0,6.1E-4
131.650,-0.05,9.8,0.2,-0.1,9.8,0.0,0.0,-6.1E-4,,,,,,,,,,,,,,,,,,,131.650,-0.05,9.8,0.0,0.0,9.8,0.0,0.0,6.1E-4,,,,,,,,,,131.650,-0.07,9.8,-0.1,0.0,9.8,0.0,0.0,6.1E-4
131.700,-0.05,9.8,0.1,0.0,9.8,-1.2E-4,0.0,-6.1E-4,,,,,,,,,,,,,,,,,,,131.700,-0.04,9.8,0.0,0.0,9.8,0.0,0.0,6.1E-4,,,,,,,,,,131.700,-0.06,9.8,0.0,0.0,9.8,0.0,0.0,6.1E-4
131.750,-0.05,9.8,0.1,0.0,9.8,0.0,0.0,6.1E-4,,,,,,,,,,,,,,,,,,,131.750,-0.04,9.8,-0.1,0.0,9.8,0.0,0.0,6.1E-4,,,,,,,,,,131.750,-0.07,9.8,-0.1,0.0,9.8,0.0,0.0,-6.1E-4
131.800,-0.04,9.8,0.3,-0.1,9.8,0.0,0.0,0.0,,,,,,,,,,,,,,,,,,,131.800,-0.03,9.8,0.0,0.0,9.8,0.0,0.0,-6.1E-4,,,,,,,,,,131.800,-0.05,9.8,-0.1,0.0,9.8,0.0,0.0,6.1E-4
131.850,-0.04,9.8,0.0,0.0,9.8,0.0,0.0,0.0,,,,,,,,,,,,,,,,,,,131.850,-0.04,9.8,0.0,0.0,9.8,0.0,0.0,0.0,,,,,,,,,,131.850,-0.06,9.8,-0.1,0.0,9.8,0.0,0.0,-6.1E-4
131.900,-0.05,9.9,0.1,-0.1,9.9,0.0,0.0,0.0,,,,,,,,,,,,,,,,,,,131.900,-0.05,9.8,0.0,0.1,9.8,0.0,0.0,-6.1E-4,,,,,,,,,,131.900,-0.06,9.8,-0.1,0.0,9.8,0.0,0.0,-6.1E-4
131.950,-0.05,9.8,0.2,0.0,9.8,0.0,0.0,0.0,,,,,,,,,,,,,,,,,,,131.950,-0.04,9.8,-0.1,0.0,9.8,0.0,0.0,-6.1E-4,,,,,,,,,,131.950,-0.06,9.8,0.0,0.0,9.8,0.0,0.0,-6.1E-4
132.000,-0.06,9.8,0.2,-0.1,9.8,0.0,0.0,0.0,,,,,,,,,,,,,,,,,,,132.000,-0.03,9.8,-0.1,0.0,9.8,0.0,0.0,0.0,,,,,,,,,,132.000,-0.06,9.8,-0.1,0.0,9.8,0.0,0.0,6.1E-4
132.050,-0.04,9.9,0.1,0.0,9.9,0.0,0.0,0.0,,,,,,,,,,,,,,,,,,,132.050,-0.04,9.8,0.0,0.0,9.8,0.0,0.0,-6.1E-4,,,,,,,,,,132.050,-0.07,9.8,-0.1,0.0,9.8,0.0,0.0,-6.1E-4
132.100,-0.05,9.8,0.2,-0.1,9.8,0.0,0.0,0.0,,,,,,,,,,,,,,,,,,,132.100,-0.04,9.9,0.0,0.0,9.9,0.0,0.0,-6.1E-4,,,,,,,,,,132.100,-0.07,9.8,-0.1,0.0,9.8,0.0,0.0,-6.1E-4
132.150,-0.04,9.9,-0.1,0.1,9.9,0.0,0.0,0.0,,,,,,,,,,,,,,,,,,,132.150,-0.05,9.8,0.0,0.0,9.8,0.0,0.0,0.0,,,,,,,,,,132.150,-0.08,9.8,-0.1,0.0,9.8,0.0,0.0,-6.1E-4
132.200,-0.05,9.8,0.3,-0.1,9.8,0.0,0.0,0.0,,,,,,,,,,,,,,,,,,,132.200,-0.04,9.8,-0.1,0.0,9.8,0.0,0.0,-6.1E-4,,,,,,,,,,132.200,-0.07,9.8,-0.1,0.0,9.8,0.0,0.0,-6.1E-4
132.250,-0.05,9.9,0.1,0.0,9.9,0.0,0.0,0.0,,,,,,,,,,,,,,,,,,,132.250,-0.04,9.9,0.0,0.0,9.9,0.0,0.0,0.0,,,,,,,,,,132.250,-0.08,9.8,-0.1,0.0,9.8,0.0,0.0,-6.1E-4
132.300,-0.06,9.8,0.1,-0.1,9.8,0.0,0.0,0.0,,,,,,,,,,,,,,,,,,,132.300,-0.04,9.8,0.0,0.0,9.8,0.0,0.0,6.1E-4,,,,,,,,,,132.300,-0.08,9.8,0.0,0.0,9.8,0.0,0.0,6.1E-4
132.350,-0.04,9.9,0.1,-0.1,9.9,0.0,0.0,0.0,,,,,,,,,,,,,,,,,,,132.350,-0.05,9.8,0.0,0.0,9.8,0.0,0.0,-6.1E-4,,,,,,,,,,132.350,-0.07,9.8,-0.1,0.0,9.8,0.0,0.0,0.0
132.400,-0.05,9.9,0.5,-0.1,9.9,0.0,0.0,0.0,,,,,,,,,,,,,,,,,,,132.400,-0.03,9.8,-0.1,0.0,9.8,0.0,0.0,-6.1E-4,,,,,,,,,,132.400,-0.08,9.8,-0.1,0.0,9.8,0.0,0.0,0.0
132.450,-0.04,9.8,-0.2,-0.1,9.8,0.0,0.0,0.0,,,,,,,,,,,,,,,,,,,132.450,-0.04,9.8,-0.1,0.0,9.8,0.0,0.0,6.1E-4,,,,,,,,,,132.450,-0.08,9.9,0.0,0.0,9.9,0.0,0.0,-6.1E-4
132.500,-0.04,9.8,0.0,0.0,9.8,0.0,0.0,0.0,,,,,,,,,,,,,,,,,,,132.500,-0.05,9.8,0.0,0.0,9.8,0.0,0.0,6.1E-4,,,,,,,,,,132.500,-0.07,9.8,-0.1,0.0,9.8,0.0,0.0,-6.1E-4
132.550,-0.04,9.8,0.4,-0.1,9.8,0.0,0.0,6.1E-4,,,,,,,,,,,,,,,,,,,132.550,-0.04,9.8,-0.1,0.0,9.8,0.0,0.0,-6.1E-4,,,,,,,,,,132.550,-0.08,9.8,-0.1,0.0,9.8,0.0,0.0,-6.1E-4
132.600,-0.05,9.8,-0.2,0.0,9.8,0.0,0.0,0.0,,,,,,,,,,,,,,,,,,,132.600,-0.03,9.8,0.0,0.0,9.8,0.0,0.0,-6.1E-4,,,,,,,,,,132.600,-0.07,9.8,-0.1,0.0,9.8,0.0,0.0,0.0
132.650,-0.04,9.8,0.3,-0.1,9.8,0.0,0.0,0.0,,,,,,,,,,,,,,,,,,,132.650,-0.04,9.8,-0.1,0.0,9.8,0.0,0.0,6.1E-4,,,,,,,,,,132.650,-0.06,9.8,0.0,0.0,9.8,0.0,0.0,-6.1E-4
132.700,-0.04,9.9,0.1,0.0,9.9,0.0,0.0,0.0,,,,,,,,,,,,,,,,,,,132.700,-0.05,9.8,0.0,0.0,9.8,0.0,0.0,-6.1E-4,,,,,,,,,,132.700,-0.08,9.8,0.0,0.0,9.8,0.0,0.0,6.1E-4
132.750,-0.05,9.8,0.3,-0.1,9.8,0.0,0.0,0.0,,,,,,,,,,,,,,,,,,,132.750,-0.05,9.8,-0.1,0.0,9.8,0.0,0.0,-6.1E-4,,,,,,,,,,132.750,-0.07,9.8,-0.1,0.0,9.8,0.0,0.0,-6.1E-4
132.800,-0.04,9.9,-0.2,0.0,9.9,0.0,0.0,6.1E-4,,,,,,,,,,,,,,,,,,,132.800,-0.05,9.8,-0.1,0.0,9.8,0.0,0.0,-6.1E-4,,,,,,,,,,132.800,-0.07,9.8,-0.1,0.0,9.8,0.0,0.0,-6.1E-4
132.850,-0.03,9.8,-0.1,-0.1,9.8,0.0,0.0,0.0,,,,,,,,,,,,,,,,,,,132.850,-0.04,9.8,0.0,0.0,9.8,0.0,0.0,-6.1E-4,,,,,,,,,,132.850,-0.07,9.8,-0.1,0.0,9.8,0.0,0.0,-6.1E-4
132.900,-0.03,9.8,0.2,0.0,9.8,0.0,0.0,0.0,,,,,,,,,,,,,,,,,,,132.900,-0.04,9.8,0.0,0.0,9.8,0.0,0.0,-6.1E-4,,,,,,,,,,132.900,-0.07,9.8,-0.1,0.0,9.8,0.0,0.0,6.1E-4
132.950,-0.04,9.9,0.2,0.0,9.9,0.0,0.0,0.0,,,,,,,,,,,,,,,,,,,132.950,-0.03,9.8,-0.1,0.0,9.8,0.0,0.0,-6.1E-4,,,,,,,,,,132.950,-0.08,9.8,-0.1,0.0,9.8,0.0,0.0,6.1E-4
133.000,-0.03,9.8,0.1,-0.1,9.8,0.0,0.0,-6.1E-4,,,,,,,,,,,,,,,,,,,133.000,-0.04,9.8,-0.1,0.0,9.8,0.0,0.0,-6.1E-4,,,,,,,,,,133.000,-0.07,9.8,-0.1,0.0,9.8,0.0,0.0,0.0
133.050,-0.04,9.9,0.3,0.0,9.9,0.0,0.0,-6.1E-4,,,,,,,,,,,,,,,,,,,133.050,-0.02,9.8,0.0,0.0,9.8,0.0,0.0,-6.1E-4,,,,,,,,,,133.050,-0.08,9.8,0.0,0.0,9.8,0.0,0.0,6.1E-4
133.100,-0.04,9.8,0.0,-0.1,9.8,0.0,0.0,0.0,,,,,,,,,,,,,,,,,,,133.100,-0.05,9.9,0.0,0.0,9.9,0.0,0.0,-6.1E-4,,,,,,,,,,133.100,-0.07,9.8,-0.1,0.0,9.8,0.0,0.0,0.0
133.150,-0.04,9.8,0.1,0.0,9.8,0.0,0.0,0.0,,,,,,,,,,,,,,,,,,,133.150,-0.04,9.8,-0.1,0.0,9.8,0.0,0.0,0.0,,,,,,,,,,133.150,-0.08,9.8,-0.1,0.0,9.8,0.0,0.0,-6.1E-4
133.200,-0.04,9.8,0.3,-0.1,9.8,0.0,0.0,6.1E-4,,,,,,,,,,,,,,,,,,,133.200,-0.04,9.8,0.0,0.0,9.8,0.0,0.0,6.1E-4,,,,,,,,,,133.200,-0.07,9.8,0.0,0.0,9.8,0.0,0.0,6.1E-4
133.250,-0.04,9.8,-0.2,-0.1,9.8,0.0,0.0,0.0,,,,,,,,,,,,,,,,,,,133.250,-0.02,9.8,0.0,0.0,9.8,0.0,0.0,-6.1E-4,,,,,,,,,,133.250,-0.06,9.8,-0.1,0.0,9.8,0.0,0.0,-6.1E-4
133.300,-0.04,9.9,0.1,0.0,9.9,0.0,0.0,0.0,,,,,,,,,,,,,,,,,,,133.300,-0.04,9.8,0.0,0.0,9.8,0.0,0.0,-6.1E-4,,,,,,,,,,133.300,-0.06,9.8,-0.1,0.0,9.8,0.0,0.0,-6.1E-4
133.350,-0.03,9.8,0.1,-0.1,9.8,0.0,0.0,0.0,,,,,,,,,,,,,,,,,,,133.350,-0.04,9.8,-0.1,0.0,9.8,0.0,0.0,6.1E-4,,,,,,,,,,133.350,-0.07,9.8,-0.1,0.0,9.8,0.0,0.0,0.0
133.400,-0.03,9.8,0.1,0.0,9.8,0.0,0.0,0.0,,,,,,,,,,,,,,,,,,,133.400,-0.04,9.8,-0.1,0.0,9.8,0.0,0.0,-6.1E-4,,,,,,,,,,133.400,-0.06,9.8,0.0,0.0,9.8,0.0,0.0,-6.1E-4
133.450,-0.03,9.8,0.1,-0.1,9.8,0.0,0.0,0.0,,,,,,,,,,,,,,,,,,,133.450,-0.04,9.8,0.0,0.0,9.8,0.0,0.0,-6.1E-4,,,,,,,,,,133.450,-0.06,9.8,-0.1,0.0,9.8,0.0,0.0,6.1E-4
133.500,-0.04,9.8,0.1,-0.1,9.8,0.0,0.0,0.0,,,,,,,,,,,,,,,,,,,133.500,-0.03,9.8,-0.1,0.0,9.8,0.0,0.0,6.1E-4,,,,,,,,,,133.500,-0.07,9.8,-0.1,0.0,9.8,0.0,0.0,-6.1E-4
133.550,-0.04,9.8,0.0,0.0,9.8,0.0,0.0,0.0,,,,,,,,,,,,,,,,,,,133.550,-0.03,9.8,-0.1,0.0,9.8,0.0,0.0,6.1E-4,,,,,,,,,,133.550,-0.07,9.8,-0.1,0.0,9.8,0.0,0.0,0.0
133.600,-0.03,9.8,0.1,0.0,9.8,-0.1,0.0,0.0,,,,,,,,,,,,,,,,,,,133.600,-0.03,9.8,0.0,0.0,9.8,0.0,0.0,-6.1E-4,,,,,,,,,,133.600,-0.08,9.8,0.0,0.0,9.8,0.0,0.0,6.1E-4
133.650,-0.03,9.8,0.1,-0.1,9.8,0.0,0.0,0.0,,,,,,,,,,,,,,,,,,,133.650,-0.03,9.8,-0.1,0.0,9.8,0.0,0.0,-6.1E-4,,,,,,,,,,133.650,-0.07,9.8,-0.1,0.0,9.8,0.0,0.0,6.1E-4
133.700,-0.03,9.8,-0.1,0.0,9.8,0.0,0.0,0.0,,,,,,,,,,,,,,,,,,,133.700,-0.03,9.8,0.0,0.0,9.8,0.0,0.0,-6.1E-4,,,,,,,,,,133.700,-0.07,9.8,-0.1,0.0,9.8,0.0,0.0,-6.1E-4
133.750,-0.05,9.8,0.2,-0.1,9.8,0.0,0.0,0.0,,,,,,,,,,,,,,,,,,,133.750,-0.03,9.9,0.0,0.0,9.9,0.0,0.0,-6.1E-4,,,,,,,,,,133.750,-0.08,9.8,-0.1,0.0,9.8,0.0,0.0,0.0
133.800,-0.05,9.8,0.2,-0.1,9.8,0.1,0.0,0.2,,,,,,,,,,,,,,,,,,,133.800,-0.03,9.8,-0.1,0.0,9.8,0.0,0.0,-6.1E-4,,,,,,,,,,133.800,-0.08,9.8,-0.1,0.0,9.8,0.0,0.0,0.0
133.850,-0.05,9.8,-0.1,0.0,9.8,0.1,0.0,0.2,,,,,,,,,,,,,,,,,,,133.850,-0.02,9.8,-0.1,0.0,9.8,0.0,0.0,6.1E-4,,,,,,,,,,133.850,-0.07,9.8,-0.1,0.0,9.8,0.0,0.0,6.1E-4
133.900,-0.04,9.9,-0.5,-0.1,9.9,0.1,0.0,0.0,,,,,,,,,,,,,,,,,,,133.900,-0.04,9.8,-0.1,0.0,9.8,0.0,0.0,0.0,,,,,,,,,,133.900,-0.07,9.8,-0.1,0.0,9.8,0.0,0.0,6.1E-4
133.950,-0.04,9.8,-0.2,-0.1,9.8,0.0,0.0,0.0,,,,,,,,,,,,,,,,,,,133.950,-0.03,9.9,0.0,0.0,9.9,0.0,0.0,-6.1E-4,,,,,,,,,,133.950,-0.05,9.8,0.0,0.0,9.8,0.0,0.0,6.1E-4
134.000,-0.04,9.8,0.0,-0.1,9.8,0.0,0.0,0.0,,,,,,,,,,,,,,,,,,,134.000,-0.04,9.8,-0.1,0.0,9.8,0.0,0.0,-6.1E-4,,,,,,,,,,134.000,-0.07,9.8,-0.1,0.0,9.8,0.0,0.0,0.0
134.050,-0.05,9.9,-0.1,0.1,9.9,0.0,0.0,0.0,,,,,,,,,,,,,,,,,,,134.050,-0.05,9.8,-0.1,0.0,9.8,0.0,0.0,0.0,,,,,,,,,,134.050,-0.07,9.8,-0.1,0.0,9.8,0.0,0.0,6.1E-4
134.100,-0.05,9.8,-0.1,-0.2,9.8,0.0,0.0,0.0,,,,,,,,,,,,,,,,,,,134.100,-0.04,9.8,0.0,0.0,9.8,0.0,0.0,6.1E-4,,,,,,,,,,134.100,-0.07,9.8,-0.1,0.0,9.8,0.0,0.0,-6.1E-4
134.150,-0.03,9.9,-0.1,0.1,9.9,0.0,0.0,0.0,,,,,,,,,,,,,,,,,,,134.150,-0.04,9.9,0.0,0.0,9.9,0.0,0.0,-6.1E-4,,,,,,,,,,134.150,-0.08,9.8,-0.1,0.0,9.8,0.0,0.0,-6.1E-4
134.200,-0.04,9.9,-0.4,-0.1,9.9,0.0,0.0,-0.1,,,,,,,,,,,,,,,,,,,134.200,-0.03,9.8,-0.1,0.0,9.8,-1.2E-4,0.0,-6.1E-4,,,,,,,,,,134.200,-0.05,9.8,-0.1,0.0,9.8,0.0,0.0,-6.1E-4
134.250,-0.05,9.8,0.1,-0.1,9.8,0.0,0.0,0.0,,,,,,,,,,,,,,,,,,,134.250,-0.03,9.8,-0.1,0.0,9.8,0.0,0.0,-6.1E-4,,,,,,,,,,134.250,-0.07,9.8,-0.1,0.0,9.8,0.0,0.0,6.1E-4
134.300,-0.05,9.9,-0.1,-0.1,9.9,0.0,0.0,0.0,,,,,,,,,,,,,,,,,,,134.300,-0.03,9.9,0.0,0.0,9.9,0.0,0.0,-6.1E-4,,,,,,,,,,134.300,-0.06,9.8,-0.1,0.0,9.8,0.0,0.0,-6.1E-4
134.350,-0.05,9.8,0.0,-0.1,9.8,0.0,0.0,0.0,,,,,,,,,,,,,,,,,,,134.350,-0.02,9.8,0.0,0.0,9.8,0.0,0.0,-6.1E-4,,,,,,,,,,134.350,-0.06,9.8,-0.1,0.0,9.8,0.0,0.0,-6.1E-4
134.400,-0.05,9.9,0.0,0.0,9.9,0.0,0.0,0.0,,,,,,,,,,,,,,,,,,,134.400,-0.02,9.8,-0.1,0.0,9.8,0.0,0.0,-6.1E-4,,,,,,,,,,134.400,-0.06,9.8,-0.1,0.0,9.8,0.0,0.0,0.0
134.450,-0.05,9.8,0.0,-0.1,9.8,0.0,0.0,0.0,,,,,,,,,,,,,,,,,,,134.450,-0.03,9.8,-0.1,0.0,9.8,0.0,0.0,6.1E-4,,,,,,,,,,134.450,-0.06,9.8,-0.1,0.0,9.8,0.0,0.0,-6.1E-4
134.500,-0.04,9.9,0.0,0.1,9.9,0.0,0.0,0.0,,,,,,,,,,,,,,,,,,,134.500,-0.03,9.9,0.0,0.0,9.9,0.0,0.0,-6.1E-4,,,,,,,,,,134.500,-0.05,9.8,-0.1,0.0,9.8,0.0,0.0,6.1E-4
134.550,-0.06,9.8,-0.2,-0.1,9.8,-1.2E-4,0.0,0.0,,,,,,,,,,,,,,,,,,,134.550,-0.03,9.8,0.0,0.0,9.8,0.0,0.0,6.1E-4,,,,,,,,,,134.550,-0.07,9.8,-0.1,0.0,9.8,0.0,0.0,-6.1E-4
134.600,-0.05,9.8,-0.2,0.0,9.8,-0.1,0.0,0.0,,,,,,,,,,,,,,,,,,,134.600,-0.04,9.8,-0.1,0.0,9.8,0.0,0.0,-6.1E-4,,,,,,,,,,134.600,-0.05,9.8,-0.1,0.0,9.8,0.0,0.0,-6.1E-4
134.650,-0.05,9.8,0.0,-0.1,9.8,-0.1,0.0,0.0,,,,,,,,,,,,,,,,,,,134.650,-0.03,9.8,0.0,0.0,9.8,0.0,0.0,0.0,,,,,,,,,,134.650,-0.07,9.8,-0.1,0.0,9.8,0.0,0.0,-6.1E-4
134.700,-0.05,9.8,0.0,0.0,9.8,-0.1,0.0,0.0,,,,,,,,,,,,,,,,,,,134.700,-0.04,9.8,0.0,0.0,9.8,0.0,0.0,6.1E-4,,,,,,,,,,134.700,-0.06,9.8,-0.1,0.0,9.8,0.0,0.0,-6.1E-4
134.750,-0.04,9.8,0.4,-0.1,9.9,0.0,0.0,0.0,,,,,,,,,,,,,,,,,,,134.750,-0.04,9.9,0.0,0.0,9.9,0.0,0.0,0.0,,,,,,,,,,134.750,-0.06,9.8,-0.1,0.0,9.8,0.0,0.0,-6.1E-4
134.800,-0.05,9.8,-0.2,0.0,9.8,0.0,0.0,0.0,,,,,,,,,,,,,,,,,,,134.800,-0.04,9.8,-0.1,0.0,9.8,0.0,0.0,0.0,,,,,,,,,,134.800,-0.08,9.8,-0.1,0.0,9.8,0.0,0.0,6.1E-4
134.850,-0.06,9.9,0.0,-0.1,9.9,0.0,0.0,-6.1E-4,,,,,,,,,,,,,,,,,,,134.850,-0.05,9.8,0.0,0.0,9.8,0.0,0.0,-6.1E-4,,,,,,,,,,134.850,-0.08,9.8,-0.1,0.0,9.8,0.0,0.0,-6.1E-4
134.900,-0.05,9.9,-0.4,0.0,9.9,0.0,0.0,-6.1E-4,,,,,,,,,,,,,,,,,,,134.900,-0.04,9.8,0.0,0.0,9.8,0.0,0.0,0.0,,,,,,,,,,134.900,-0.05,9.8,0.0,0.0,9.8,0.0,0.0,6.1E-4
134.950,-0.05,9.8,-0.1,-0.1,9.8,-0.1,0.0,0.0,,,,,,,,,,,,,,,,,,,134.950,-0.03,9.8,0.0,0.0,9.8,0.0,0.0,6.1E-4,,,,,,,,,,134.950,-0.06,9.8,-0.1,0.0,9.8,0.0,0.0,-6.1E-4
135.000,-0.06,9.9,0.2,0.0,9.9,0.0,0.0,-6.1E-4,,,,,,,,,,,,,,,,,,,135.000,-0.03,9.8,-0.1,0.0,9.8,0.0,0.0,-6.1E-4,,,,,,,,,,135.000,-0.06,9.8,-0.1,0.0,9.8,0.0,0.0,6.1E-4
135.050,-0.06,9.8,0.2,-0.2,9.8,0.0,0.0,0.0,,,,,,,,,,,,,,,,,,,135.050,-0.03,9.8,-0.1,0.0,9.8,0.0,0.0,-6.1E-4,,,,,,,,,,135.050,-0.06,9.8,-0.1,0.0,9.8,0.0,0.0,6.1E-4
135.100,-0.05,9.9,-0.3,0.0,9.9,0.1,0.0,0.0,,,,,,,,,,,,,,,,,,,135.100,-0.04,9.8,0.0,0.0,9.8,0.0,0.0,-6.1E-4,,,,,,,,,,135.100,-0.07,9.8,-0.1,0.0,9.8,0.0,0.0,-6.1E-4
135.150,-0.05,9.8,-0.2,0.0,9.8,0.0,0.0,-6.1E-4,,,,,,,,,,,,,,,,,,,135.150,-0.03,9.9,0.0,0.0,9.9,0.0,0.0,-6.1E-4,,,,,,,,,,135.150,-0.07,9.8,-0.1,0.0,9.8,0.0,0.0,-6.1E-4
135.200,-0.05,9.9,0.1,-0.1,9.9,0.0,0.0,6.1E-4,,,,,,,,,,,,,,,,,,,135.200,-0.04,9.8,-0.1,0.0,9.8,0.0,0.0,0.0,,,,,,,,,,135.200,-0.07,9.8,-0.1,0.0,9.8,0.0,0.0,-6.1E-4
135.250,-0.05,9.9,0.0,-0.1,9.9,0.0,0.0,0.0,,,,,,,,,,,,,,,,,,,135.250,-0.04,9.8,0.0,0.0,9.8,0.0,0.0,-6.1E-4,,,,,,,,,,135.250,-0.06,9.8,-0.1,0.0,9.8,0.0,0.0,-6.1E-4
135.300,-0.06,9.9,-0.1,0.0,9.9,0.0,0.0,6.1E-4,,,,,,,,,,,,,,,,,,,135.300,-0.05,9.8,0.0,0.0,9.8,0.0,0.0,-6.1E-4,,,,,,,,,,135.300,-0.06,9.8,-0.1,0.0,9.8,0.0,0.0,-6.1E-4
135.350,-0.05,9.8,0.0,0.0,9.8,0.0,0.0,0.0,,,,,,,,,,,,,,,,,,,135.350,-0.05,9.9,0.0,0.0,9.9,0.0,0.0,6.1E-4,,,,,,,,,,135.350,-0.06,9.8,-0.1,0.0,9.8,0.0,0.0,-6.1E-4
135.400,-0.06,9.9,0.0,-0.1,9.9,0.0,0.0,6.1E-4,,,,,,,,,,,,,,,,,,,135.400,-0.03,9.8,-0.1,0.0,9.8,0.0,0.0,0.0,,,,,,,,,,135.400,-0.06,9.8,-0.1,0.0,9.8,0.0,0.0,6.1E-4
135.450,-0.05,9.8,-0.1,-0.1,9.8,0.0,0.0,-6.1E-4,,,,,,,,,,,,,,,,,,,135.450,-0.04,9.8,0.0,0.0,9.8,0.0,0.0,-6.1E-4,,,,,,,,,,135.450,-0.07,9.8,-0.1,0.0,9.8,0.0,0.0,-6.1E-4
135.500,-0.05,9.8,0.0,-0.1,9.8,0.0,0.0,0.0,,,,,,,,,,,,,,,,,,,135.500,-0.04,9.9,0.0,0.0,9.9,0.0,0.0,0.0,,,,,,,,,,135.500,-0.06,9.8,0.0,0.0,9.8,0.0,0.0,-6.1E-4
135.550,-0.04,9.8,-0.1,-0.1,9.8,0.0,0.0,-6.1E-4,,,,,,,,,,,,,,,,,,,135.550,-0.04,9.8,0.0,0.0,9.8,0.0,0.0,6.1E-4,,,,,,,,,,135.550,-0.07,9.8,-0.1,0.0,9.8,0.0,0.0,0.0
135.600,-0.06,9.8,-0.4,-0.1,9.8,-0.1,0.0,0.0,,,,,,,,,,,,,,,,,,,135.600,-0.04,9.8,0.0,0.0,9.8,0.0,0.0,-6.1E-4,,,,,,,,,,135.600,-0.05,9.8,-0.1,0.0,9.8,0.0,0.0,-6.1E-4
135.650,-0.06,9.9,0.7,-0.1,9.9,0.0,0.0,6.1E-4,,,,,,,,,,,,,,,,,,,135.650,-0.04,9.8,0.0,0.0,9.8,0.0,0.0,6.1E-4,,,,,,,,,,135.650,-0.06,9.8,-0.1,0.0,9.8,0.0,0.0,6.1E-4
135.700,-0.06,9.8,-0.4,-0.1,9.8,0.0,0.0,0.0,,,,,,,,,,,,,,,,,,,135.700,-0.04,9.8,0.0,0.0,9.8,0.0,0.0,-6.1E-4,,,,,,,,,,135.700,-0.05,9.8,-0.1,0.0,9.8,0.0,0.0,-6.1E-4
135.750,-0.07,9.9,1.9E-4,0.0,9.9,-0.1,0.0,0.0,,,,,,,,,,,,,,,,,,,135.750,-0.02,9.8,0.0,0.0,9.8,0.0,0.0,-6.1E-4,,,,,,,,,,135.750,-0.06,9.8,-0.1,0.0,9.8,0.0,0.0,6.1E-4
135.800,-0.07,9.8,0.1,-0.1,9.8,0.0,0.0,0.0,,,,,,,,,,,,,,,,,,,135.800,-0.03,9.8,-0.1,0.0,9.8,0.0,0.0,-6.1E-4,,,,,,,,,,135.800,-0.06,9.8,-0.1,0.0,9.8,0.0,0.0,-6.1E-4
135.850,-0.05,9.8,-0.1,0.0,9.8,0.0,0.0,0.0,,,,,,,,,,,,,,,,,,,135.850,-0.04,9.9,0.0,0.0,9.9,0.0,0.0,-6.1E-4,,,,,,,,,,135.850,-0.06,9.8,-0.1,0.0,9.8,0.0,0.0,-6.1E-4
135.900,-0.05,9.8,-0.1,0.0,9.8,0.0,0.0,6.1E-4,,,,,,,,,,,,,,,,,,,135.900,-0.04,9.8,0.0,0.0,9.8,0.0,0.0,0.0,,,,,,,,,,135.900,-0.06,9.8,-0.1,0.0,9.8,0.0,0.0,6.1E-4
135.950,-0.06,9.8,-0.1,-0.1,9.8,0.0,0.0,0.0,,,,,,,,,,,,,,,,,,,135.950,-0.04,9.8,0.0,0.0,9.8,0.0,0.0,6.1E-4,,,,,,,,,,135.950,-0.05,9.8,-0.1,0.0,9.8,0.0,0.0,6.1E-4
136.000,-0.06,9.8,-0.1,-0.1,9.8,0.0,0.0,0.0,,,,,,,,,,,,,,,,,,,136.000,-0.04,9.8,-0.1,0.0,9.8,0.0,0.0,-6.1E-4,,,,,,,,,,136.000,-0.05,9.8,-0.1,0.0,9.8,0.0,0.0,6.1E-4
136.050,-0.04,9.9,0.0,0.0,9.9,0.0,0.0,0.0,,,,,,,,,,,,,,,,,,,136.050,-0.04,9.8,0.0,0.0,9.8,0.0,0.0,-6.1E-4,,,,,,,,,,136.050,-0.04,9.8,-0.1,0.0,9.8,0.0,0.0,-6.1E-4
136.100,-0.05,9.8,-0.1,-0.1,9.8,0.0,0.0,0.0,,,,,,,,,,,,,,,,,,,136.100,-0.04,9.9,1.9E-4,0.1,9.9,0.0,0.0,-6.1E-4,,,,,,,,,,136.100,-0.04,9.8,-0.1,0.0,9.8,-1.2E-4,0.0,6.1E-4
136.150,-0.05,9.8,-0.1,-0.1,9.8,0.0,0.0,0.0,,,,,,,,,,,,,,,,,,,136.150,-0.04,9.8,0.0,0.0,9.8,0.0,0.0,-6.1E-4,,,,,,,,,,136.150,-0.04,9.8,-0.1,0.0,9.8,0.0,0.0,6.1E-4
136.200,-0.04,9.8,-0.1,0.0,9.8,0.0,0.0,0.0,,,,,,,,,,,,,,,,,,,136.200,-0.04,9.8,-0.1,0.0,9.8,0.0,0.0,0.0,,,,,,,,,,136.200,-0.05,9.8,-0.1,0.0,9.8,0.0,0.0,-6.1E-4
136.250,-0.05,9.8,-0.1,-0.1,9.8,0.0,0.0,0.0,,,,,,,,,,,,,,,,,,,136.250,-0.02,9.8,-0.1,0.0,9.8,0.0,0.0,-6.1E-4,,,,,,,,,,136.250,-0.05,9.9,0.0,0.0,9.9,0.0,0.0,-6.1E-4
136.300,-0.06,9.8,-0.2,0.0,9.8,0.0,0.0,0.0,,,,,,,,,,,,,,,,,,,136.300,-0.03,9.9,0.0,0.0,9.9,0.0,0.0,6.1E-4,,,,,,,,,,136.300,-0.06,9.8,-0.1,0.0,9.8,0.0,0.0,-6.1E-4
136.350,-0.05,9.8,-0.1,-0.1,9.8,0.0,0.0,0.0,,,,,,,,,,,,,,,,,,,136.350,-0.02,9.9,0.0,0.0,9.9,0.0,0.0,6.1E-4,,,,,,,,,,136.350,-0.06,9.8,-0.1,0.0,9.8,0.0,0.0,-6.1E-4
136.400,-0.05,9.8,-0.2,-0.1,9.8,0.0,0.0,0.0,,,,,,,,,,,,,,,,,,,136.400,-0.04,9.8,-0.1,0.0,9.8,0.0,0.0,0.0,,,,,,,,,,136.400,-0.06,9.8,-0.1,0.0,9.8,0.0,0.0,0.0
136.450,-0.05,9.9,0.0,-0.1,9.9,0.0,0.0,0.0,,,,,,,,,,,,,,,,,,,136.450,-0.03,9.8,0.0,0.0,9.8,0.0,0.0,-6.1E-4,,,,,,,,,,136.450,-0.04,9.8,0.0,0.0,9.8,0.0,0.0,0.0
136.500,-0.06,9.8,-0.2,-0.1,9.8,0.0,0.0,0.0,,,,,,,,,,,,,,,,,,,136.500,-0.04,9.9,0.0,0.0,9.9,0.0,0.0,-6.1E-4,,,,,,,,,,136.500,-0.05,9.8,-0.1,0.0,9.8,0.0,0.0,-6.1E-4
136.550,-0.06,9.8,0.0,-0.1,9.8,0.0,0.0,0.0,,,,,,,,,,,,,,,,,,,136.550,-0.04,9.8,-0.1,0.0,9.8,0.0,0.0,6.1E-4,,,,,,,,,,136.550,-0.05,9.8,-0.1,0.0,9.8,0.0,0.0,6.1E-4
136.600,-0.05,9.8,-0.2,-0.1,9.8,0.0,0.0,0.0,,,,,,,,,,,,,,,,,,,136.600,-0.05,9.8,-0.1,0.0,9.8,0.0,0.0,-6.1E-4,,,,,,,,,,136.600,-0.05,9.8,-0.1,0.0,9.8,0.0,0.0,6.1E-4
136.650,-0.05,9.8,-0.1,-0.1,9.8,0.0,0.0,0.0,,,,,,,,,,,,,,,,,,,136.650,-0.04,9.8,0.0,0.0,9.8,0.0,0.0,0.0,,,,,,,,,,136.650,-0.06,9.8,-0.1,0.0,9.8,0.0,0.0,-6.1E-4
136.700,-0.05,9.9,-0.2,-0.1,9.9,0.0,0.0,0.0,,,,,,,,,,,,,,,,,,,136.700,-0.04,9.9,1.9E-4,0.0,9.9,0.0,0.0,-6.1E-4,,,,,,,,,,136.700,-0.06,9.8,-0.1,0.0,9.8,0.0,0.0,0.0
136.750,-0.07,9.8,-0.2,0.0,9.8,0.0,0.0,0.0,,,,,,,,,,,,,,,,,,,136.750,-0.02,9.9,0.0,0.0,9.9,0.0,0.0,-6.1E-4,,,,,,,,,,136.750,-0.06,9.8,-0.1,0.0,9.8,0.0,0.0,6.1E-4
136.800,-0.07,9.9,-0.1,-0.1,9.9,0.0,0.0,-6.1E-4,,,,,,,,,,,,,,,,,,,136.800,-0.04,9.8,0.0,0.0,9.8,0.0,0.0,6.1E-4,,,,,,,,,,136.800,-0.05,9.8,-0.1,0.0,9.8,0.0,0.0,6.1E-4
136.850,-0.05,9.8,-0.2,-0.1,9.8,0.0,0.0,0.0,,,,,,,,,,,,,,,,,,,136.850,-0.04,9.8,0.0,0.0,9.8,0.0,0.0,-6.1E-4,,,,,,,,,,136.850,-0.06,9.8,-0.1,0.0,9.8,0.0,0.0,6.1E-4
136.900,-0.05,9.8,-0.1,-0.1,9.8,0.0,0.0,0.0,,,,,,,,,,,,,,,,,,,136.900,-0.05,9.9,0.0,0.0,9.9,0.0,0.0,6.1E-4,,,,,,,,,,136.900,-0.06,9.8,-0.1,0.0,9.8,0.0,0.0,-6.1E-4
136.950,-0.06,9.8,-0.2,-0.1,9.8,0.0,0.0,0.0,,,,,,,,,,,,,,,,,,,136.950,-0.05,9.9,0.0,0.0,9.9,0.0,0.0,0.0,,,,,,,,,,136.950,-0.07,9.8,-0.1,0.0,9.8,0.0,0.0,-6.1E-4
137.000,-0.05,9.8,-0.2,-0.1,9.8,0.0,0.0,0.0,,,,,,,,,,,,,,,,,,,137.000,-0.04,9.8,-0.1,0.0,9.8,0.0,0.0,-6.1E-4,,,,,,,,,,137.000,-0.07,9.8,-0.1,0.0,9.8,0.0,0.0,6.1E-4
137.050,-0.04,9.8,0.0,0.0,9.8,0.0,0.0,0.0,,,,,,,,,,,,,,,,,,,137.050,-0.05,9.8,-0.1,0.0,9.8,0.0,0.0,-6.1E-4,,,,,,,,,,137.050,-0.06,9.8,0.0,0.0,9.8,0.0,0.0,-6.1E-4
137.100,-0.04,9.8,-0.2,-0.1,9.8,0.0,0.0,0.0,,,,,,,,,,,,,,,,,,,137.100,-0.05,9.9,0.0,0.0,9.9,0.0,0.0,0.0,,,,,,,,,,137.100,-0.06,9.8,-0.1,0.0,9.8,0.0,0.0,-6.1E-4
137.150,-0.05,9.9,-0.1,0.0,9.9,0.0,0.0,0.0,,,,,,,,,,,,,,,,,,,137.150,-0.04,9.8,-0.1,0.0,9.8,-1.2E-4,0.0,6.1E-4,,,,,,,,,,137.150,-0.08,9.8,-0.1,0.0,9.8,0.0,0.0,-6.1E-4
137.200,-0.06,9.8,-0.2,-0.1,9.8,0.0,0.0,0.0,,,,,,,,,,,,,,,,,,,137.200,-0.03,9.8,-0.1,0.0,9.8,0.0,0.0,6.1E-4,,,,,,,,,,137.200,-0.06,9.8,-0.1,0.0,9.8,0.0,0.0,-6.1E-4
137.250,-0.06,9.8,-0.1,-0.1,9.8,0.0,0.0,0.0,,,,,,,,,,,,,,,,,,,137.250,-0.03,9.8,-0.1,0.0,9.8,0.0,0.0,0.0,,,,,,,,,,137.250,-0.06,9.8,-0.1,0.0,9.8,0.0,0.0,0.0
137.300,-0.04,9.9,-0.3,0.0,9.9,0.0,0.0,0.0,,,,,,,,,,,,,,,,,,,137.300,-0.05,9.9,0.0,0.1,9.9,0.0,0.0,6.1E-4,,,,,,,,,,137.300,-0.06,9.8,0.0,0.0,9.8,0.0,0.0,-6.1E-4
137.350,-0.04,9.8,0.0,-0.1,9.8,0.0,0.0,0.0,,,,,,,,,,,,,,,,,,,137.350,-0.04,9.8,-0.1,0.0,9.8,0.0,0.0,0.0,,,,,,,,,,137.350,-0.06,9.8,0.0,0.0,9.8,0.0,0.0,6.1E-4
137.400,-0.05,9.9,-0.2,0.0,9.9,0.0,0.0,0.0,,,,,,,,,,,,,,,,,,,137.400,-0.03,9.8,0.0,0.0,9.8,0.0,0.0,6.1E-4,,,,,,,,,,137.400,-0.06,9.8,-0.2,0.0,9.8,0.0,0.0,6.1E-4
137.450,-0.05,9.8,0.0,-0.1,9.8,0.0,0.0,0.0,,,,,,,,,,,,,,,,,,,137.450,-0.02,9.8,-0.1,0.0,9.8,0.0,0.0,0.0,,,,,,,,,,137.450,-0.06,9.8,-0.1,0.0,9.8,0.0,0.0,-6.1E-4
137.500,-0.05,9.8,0.0,-0.1,9.8,0.0,0.0,0.0,,,,,,,,,,,,,,,,,,,137.500,-0.03,9.8,0.0,0.0,9.8,0.0,0.0,0.0,,,,,,,,,,137.500,-0.06,9.8,0.0,0.0,9.8,0.0,0.0,-6.1E-4
137.550,-0.05,9.8,-0.2,0.0,9.8,0.0,0.0,-6.1E-4,,,,,,,,,,,,,,,,,,,137.550,-0.03,9.8,-0.1,0.0,9.8,0.0,0.0,-6.1E-4,,,,,,,,,,137.550,-0.06,9.8,-0.1,0.0,9.8,-1.2E-4,0.0,-6.1E-4
137.600,-0.05,9.8,-0.1,-0.1,9.8,0.0,0.0,0.0,,,,,,,,,,,,,,,,,,,137.600,-0.03,9.8,-0.1,0.0,9.8,0.0,0.0,-6.1E-4,,,,,,,,,,137.600,-0.06,9.8,-0.1,0.0,9.8,0.0,0.0,-6.1E-4
137.650,-0.06,9.8,-0.1,0.0,9.8,0.0,0.0,0.0,,,,,,,,,,,,,,,,,,,137.650,-0.04,9.8,-0.1,0.0,9.8,0.0,0.0,0.0,,,,,,,,,,137.650,-0.05,9.8,0.0,0.0,9.8,0.0,0.0,6.1E-4
137.700,-0.05,9.9,-0.1,-0.1,9.9,0.0,0.0,0.0,,,,,,,,,,,,,,,,,,,137.700,-0.03,9.8,0.1,0.0,9.8,0.0,0.0,0.0,,,,,,,,,,137.700,-0.05,9.8,-0.1,0.0,9.8,0.0,0.0,0.0
137.750,-0.06,9.8,-0.2,0.0,9.8,0.0,0.0,0.0,,,,,,,,,,,,,,,,,,,137.750,-0.04,9.8,-0.1,0.0,9.8,0.0,0.0,-6.1E-4,,,,,,,,,,137.750,-0.04,9.8,-0.1,0.0,9.8,0.0,0.0,-6.1E-4
137.800,-0.05,9.8,-0.1,-0.1,9.8,0.0,0.0,6.1E-4,,,,,,,,,,,,,,,,,,,137.800,-0.04,9.8,-0.1,0.0,9.8,0.0,0.0,-6.1E-4,,,,,,,,,,137.800,-0.06,9.8,-0.1,0.0,9.8,0.0,0.0,6.1E-4
137.850,-0.06,9.8,-0.1,-0.1,9.8,0.0,0.0,0.0,,,,,,,,,,,,,,,,,,,137.850,-0.03,9.8,0.0,0.0,9.8,0.0,0.0,-6.1E-4,,,,,,,,,,137.850,-0.05,9.8,0.0,0.1,9.8,0.0,0.0,6.1E-4
137.900,-0.05,9.9,-0.2,0.0,9.9,0.0,0.0,6.1E-4,,,,,,,,,,,,,,,,,,,137.900,-0.03,9.8,0.1,0.0,9.8,0.0,0.0,-6.1E-4,,,,,,,,,,137.900,-0.05,9.8,-0.2,0.0,9.8,0.0,0.0,0.0
137.950,-0.05,9.8,-0.1,-0.1,9.8,0.0,0.0,0.0,,,,,,,,,,,,,,,,,,,137.950,-0.03,9.8,-0.1,0.0,9.8,0.0,0.0,-6.1E-4,,,,,,,,,,137.950,-0.05,9.8,0.0,0.0,9.8,0.0,0.0,-6.1E-4
138.000,-0.04,9.8,-0.2,0.0,9.8,0.0,0.0,-6.1E-4,,,,,,,,,,,,,,,,,,,138.000,-0.03,9.8,-0.1,-0.1,9.8,0.0,0.0,-6.1E-4,,,,,,,,,,138.000,-0.05,9.8,-0.1,0.0,9.8,-1.2E-4,0.0,-6.1E-4
138.050,-0.05,9.8,0.1,-0.1,9.8,0.0,0.0,0.0,,,,,,,,,,,,,,,,,,,138.050,-0.03,9.9,0.0,0.1,9.9,0.0,0.0,-6.1E-4,,,,,,,,,,138.050,-0.05,9.8,-0.1,0.0,9.8,0.0,0.0,0.0
138.100,-0.06,9.8,-0.3,0.0,9.8,0.0,0.0,0.0,,,,,,,,,,,,,,,,,,,138.100,-0.03,9.8,0.0,0.0,9.8,0.0,0.0,0.0,,,,,,,,,,138.100,-0.04,9.8,0.0,0.0,9.8,0.0,0.0,6.1E-4
138.150,-0.05,9.8,-0.1,-0.1,9.8,0.0,0.0,0.0,,,,,,,,,,,,,,,,,,,138.150,-0.02,9.8,-0.1,0.0,9.8,0.0,0.0,0.0,,,,,,,,,,138.150,-0.05,9.9,-0.1,0.0,9.9,0.0,0.0,-6.1E-4
138.200,-0.06,9.8,0.1,-0.1,9.8,0.0,0.0,0.0,,,,,,,,,,,,,,,,,,,138.200,-0.03,9.8,-0.1,0.0,9.8,0.0,0.0,-6.1E-4,,,,,,,,,,138.200,-0.05,9.8,0.0,0.0,9.8,0.0,0.0,6.1E-4
138.250,-0.05,9.9,-0.2,-0.1,9.9,0.0,0.0,0.0,,,,,,,,,,,,,,,,,,,138.250,-0.02,9.9,0.0,0.1,9.9,0.0,0.0,-6.1E-4,,,,,,,,,,138.250,-0.06,9.8,-0.1,0.0,9.8,0.0,0.0,-6.1E-4
138.300,-0.05,9.8,-0.1,-0.1,9.8,0.0,0.0,0.0,,,,,,,,,,,,,,,,,,,138.300,-0.02,9.8,1.9E-4,0.0,9.8,0.0,0.0,6.1E-4,,,,,,,,,,138.300,-0.06,9.8,-0.1,0.0,9.8,0.0,0.0,6.1E-4
138.350,-0.05,9.8,0.0,0.0,9.8,0.0,0.0,0.0,,,,,,,,,,,,,,,,,,,138.350,-0.03,9.8,-0.1,0.0,9.8,0.0,0.0,-6.1E-4,,,,,,,,,,138.350,-0.07,9.8,-0.1,0.0,9.8,0.0,0.0,-6.1E-4
138.400,-0.05,9.8,-0.1,-0.1,9.8,0.0,0.0,0.0,,,,,,,,,,,,,,,,,,,138.400,-0.04,9.8,-0.1,0.0,9.8,0.0,0.0,6.1E-4,,,,,,,,,,138.400,-0.06,9.8,0.0,0.0,9.8,0.0,0.0,6.1E-4
138.450,-0.06,9.8,-0.2,0.0,9.8,0.0,0.0,0.0,,,,,,,,,,,,,,,,,,,138.450,-0.01,9.8,1.9E-4,0.0,9.8,0.0,0.0,0.0,,,,,,,,,,138.450,-0.05,9.8,-0.1,0.0,9.8,0.0,0.0,6.1E-4
138.500,-0.06,9.8,0.0,-0.1,9.8,0.0,0.0,0.0,,,,,,,,,,,,,,,,,,,138.500,-0.02,9.9,0.0,0.0,9.9,0.0,0.0,0.0,,,,,,,,,,138.500,-0.06,9.8,-0.1,0.0,9.8,-1.2E-4,0.0,-6.1E-4
138.550,-0.05,9.8,0.0,0.0,9.8,0.0,0.0,6.1E-4,,,,,,,,,,,,,,,,,,,138.550,-0.02,9.8,-0.1,0.0,9.8,0.0,0.0,-6.1E-4,,,,,,,,,,138.550,-0.07,9.8,-0.1,0.0,9.8,0.0,0.0,-6.1E-4
138.600,-0.06,9.8,-0.2,-0.1,9.8,0.0,0.0,0.0,,,,,,,,,,,,,,,,,,,138.600,-0.03,9.8,0.0,0.0,9.8,0.0,0.0,0.0,,,,,,,,,,138.600,-0.06,9.8,-0.1,0.0,9.8,0.0,0.0,6.1E-4
138.650,-0.06,9.9,0.0,0.0,9.9,0.0,0.0,0.0,,,,,,,,,,,,,,,,,,,138.650,-0.02,9.8,0.0,0.0,9.8,0.0,0.0,6.1E-4,,,,,,,,,,138.650,-0.07,9.8,-0.1,0.0,9.8,0.0,0.0,-6.1E-4
138.700,-0.05,9.8,-0.1,-0.1,9.8,0.0,0.0,0.0,,,,,,,,,,,,,,,,,,,138.700,-0.02,9.9,1.9E-4,0.1,9.9,0.0,0.0,6.1E-4,,,,,,,,,,138.700,-0.07,9.8,-0.1,0.0,9.8,0.0,0.0,6.1E-4
138.750,-0.06,9.8,0.0,0.0,9.8,-1.2E-4,0.0,0.0,,,,,,,,,,,,,,,,,,,138.750,0.00,9.8,-0.1,0.0,9.8,0.0,0.0,-6.1E-4,,,,,,,,,,138.750,-0.06,9.8,-0.1,0.0,9.8,0.0,0.0,-6.1E-4
138.800,-0.06,9.8,0.0,-0.1,9.8,0.0,0.0,0.0,,,,,,,,,,,,,,,,,,,138.800,-0.02,9.8,0.0,0.0,9.8,0.0,0.0,0.0,,,,,,,,,,138.800,-0.07,9.8,0.0,0.0,9.8,0.0,0.0,6.1E-4
138.850,-0.06,9.9,-0.1,0.0,9.9,-1.2E-4,0.0,0.0,,,,,,,,,,,,,,,,,,,138.850,-0.02,9.8,0.0,0.0,9.8,0.0,0.0,-6.1E-4,,,,,,,,,,138.850,-0.06,9.8,-0.1,0.0,9.8,0.0,0.0,-6.1E-4
138.900,-0.06,9.9,1.9E-4,0.0,9.9,0.0,0.0,-6.1E-4,,,,,,,,,,,,,,,,,,,138.900,-0.03,9.9,0.0,0.0,9.9,0.0,0.0,6.1E-4,,,,,,,,,,138.900,-0.05,9.8,-0.1,0.0,9.8,0.0,0.0,-6.1E-4
138.950,-0.05,9.8,0.1,-0.1,9.8,0.0,0.0,0.0,,,,,,,,,,,,,,,,,,,138.950,-0.02,9.8,-0.1,0.0,9.8,0.0,0.0,0.0,,,,,,,,,,138.950,-0.06,9.8,-0.1,0.0,9.8,0.0,0.0,-6.1E-4
139.000,-0.05,9.9,0.0,0.0,9.9,0.0,0.0,0.0,,,,,,,,,,,,,,,,,,,139.000,-0.04,9.8,0.0,0.0,9.8,0.0,0.0,0.0,,,,,,,,,,139.000,-0.06,9.8,-0.1,0.0,9.8,0.0,0.0,6.1E-4
139.050,-0.05,9.8,-0.1,-0.1,9.8,0.0,0.0,0.0,,,,,,,,,,,,,,,,,,,139.050,-0.04,9.9,0.0,0.0,9.9,0.0,0.0,-6.1E-4,,,,,,,,,,139.050,-0.05,9.8,-0.1,0.0,9.8,0.0,0.0,0.0
139.100,-0.05,9.9,-0.1,0.0,9.9,0.0,0.0,0.0,,,,,,,,,,,,,,,,,,,139.100,-0.04,9.9,0.0,0.0,9.9,0.0,0.0,-6.1E-4,,,,,,,,,,139.100,-0.06,9.8,-0.1,0.0,9.8,0.0,0.0,-6.1E-4
139.150,-0.06,9.8,0.0,-0.1,9.8,0.0,0.0,0.0,,,,,,,,,,,,,,,,,,,139.150,-0.03,9.8,-0.1,0.0,9.8,0.0,0.0,-6.1E-4,,,,,,,,,,139.150,-0.06,9.8,-0.1,0.0,9.8,0.0,0.0,0.0
139.200,-0.05,9.8,-0.1,0.0,9.8,0.0,0.0,0.0,,,,,,,,,,,,,,,,,,,139.200,-0.04,9.8,-0.1,0.0,9.8,0.0,0.0,-6.1E-4,,,,,,,,,,139.200,-0.06,9.8,0.0,0.0,9.8,0.0,0.0,6.1E-4
139.250,-0.06,9.8,0.0,-0.1,9.8,0.0,0.0,0.0,,,,,,,,,,,,,,,,,,,139.250,-0.04,9.8,0.1,0.0,9.8,0.0,0.0,6.1E-4,,,,,,,,,,139.250,-0.06,9.8,-0.1,0.0,9.8,0.0,0.0,6.1E-4
139.300,-0.06,9.9,0.0,0.0,9.9,0.0,0.0,0.0,,,,,,,,,,,,,,,,,,,139.300,-0.03,9.9,0.0,0.0,9.9,0.0,0.0,-6.1E-4,,,,,,,,,,139.300,-0.06,9.8,-0.1,0.0,9.8,0.0,0.0,6.1E-4
139.350,-0.05,9.8,0.0,-0.1,9.8,0.0,0.0,-6.1E-4,,,,,,,,,,,,,,,,,,,139.350,-0.04,9.8,-0.2,0.0,9.8,0.0,0.0,0.0,,,,,,,,,,139.350,-0.06,9.8,-0.1,0.0,9.8,0.0,0.0,-6.1E-4
139.400,-0.05,9.8,-0.1,0.0,9.8,0.0,0.0,0.0,,,,,,,,,,,,,,,,,,,139.400,-0.04,9.9,1.9E-4,0.0,9.9,0.0,0.0,-6.1E-4,,,,,,,,,,139.400,-0.06,9.8,-0.1,0.0,9.8,0.0,0.0,0.0
139.450,-0.06,9.8,0.0,0.0,9.8,0.0,0.0,0.0,,,,,,,,,,,,,,,,,,,139.450,-0.04,9.9,1.9E-4,0.1,9.9,0.0,0.0,-6.1E-4,,,,,,,,,,139.450,-0.06,9.8,-0.1,0.0,9.8,0.0,0.0,6.1E-4
139.500,-0.06,9.8,0.0,-0.1,9.8,0.0,0.0,0.0,,,,,,,,,,,,,,,,,,,139.500,-0.04,9.8,-0.1,0.0,9.8,0.0,0.0,-6.1E-4,,,,,,,,,,139.500,-0.07,9.8,-0.1,0.0,9.8,0.0,0.0,6.1E-4
139.550,-0.06,9.8,0.0,-0.1,9.8,0.0,0.0,6.1E-4,,,,,,,,,,,,,,,,,,,139.550,-0.03,9.8,0.0,-0.1,9.8,0.0,0.0,0.0,,,,,,,,,,139.550,-0.07,9.8,-0.1,0.0,9.8,0.0,0.0,6.1E-4
139.600,-0.06,9.9,0.0,0.0,9.9,0.0,0.0,0.0,,,,,,,,,,,,,,,,,,,139.600,-0.04,9.8,-0.1,0.0,9.8,0.0,0.0,-6.1E-4,,,,,,,,,,139.600,-0.08,9.8,-0.1,0.0,9.8,0.0,0.0,-6.1E-4
139.650,-0.06,9.8,0.0,0.0,9.8,0.0,0.0,0.0,,,,,,,,,,,,,,,,,,,139.650,-0.04,9.9,1.9E-4,0.1,9.9,0.0,0.0,-6.1E-4,,,,,,,,,,139.650,-0.07,9.8,0.0,0.0,9.8,0.0,0.0,6.1E-4
139.700,-0.06,9.8,0.0,-0.1,9.8,0.0,0.0,0.0,,,,,,,,,,,,,,,,,,,139.700,-0.05,9.8,-0.1,0.0,9.8,0.0,0.0,-6.1E-4,,,,,,,,,,139.700,-0.07,9.8,-0.1,0.0,9.8,-1.2E-4,0.0,-6.1E-4
139.750,-0.05,9.8,0.0,0.0,9.8,0.0,0.0,0.0,,,,,,,,,,,,,,,,,,,139.750,-0.04,9.8,0.0,0.0,9.8,0.0,0.0,-6.1E-4,,,,,,,,,,139.750,-0.07,9.8,-0.1,0.0,9.8,0.0,0.0,-6.1E-4
139.800,-0.05,9.8,0.0,-0.1,9.8,0.0,0.0,6.1E-4,,,,,,,,,,,,,,,,,,,139.800,-0.05,9.8,-0.1,0.0,9.8,0.0,0.0,-6.1E-4,,,,,,,,,,139.800,-0.06,9.8,-0.1,0.0,9.8,0.0,0.0,-6.1E-4
139.850,-0.06,9.8,-0.1,0.0,9.8,0.0,0.0,0.0,,,,,,,,,,,,,,,,,,,139.850,-0.05,9.9,0.0,0.0,9.9,0.0,0.0,-6.1E-4,,,,,,,,,,139.850,-0.06,9.8,0.0,0.0,9.8,0.0,0.0,-6.1E-4
139.900,-0.05,9.8,0.0,0.0,9.8,0.0,0.0,0.0,,,,,,,,,,,,,,,,,,,139.900,-0.04,9.8,0.0,0.0,9.8,0.0,0.0,0.0,,,,,,,,,,139.900,-0.08,9.8,-0.1,0.0,9.8,0.0,0.0,-6.1E-4
139.950,-0.05,9.9,0.0,0.0,9.9,0.0,0.0,0.0,,,,,,,,,,,,,,,,,,,139.950,-0.04,9.9,-0.2,0.0,9.9,0.0,0.0,0.0,,,,,,,,,,139.950,-0.07,9.9,-0.1,0.0,9.9,0.0,0.0,0.0
140.000,-0.05,9.8,0.0,0.0,9.8,0.0,0.0,0.0,,,,,,,,,,,,,,,,,,,140.000,-0.05,9.7,0.1,0.0,9.7,0.0,0.0,0.0,,,,,,,,,,140.000,-0.07,9.8,-0.1,0.0,9.8,0.0,0.0,-6.1E-4
140.050,-0.05,9.8,0.0,-0.1,9.8,0.0,0.0,0.0,,,,,,,,,,,,,,,,,,,140.050,-0.04,9.8,-0.1,0.1,9.8,0.0,0.0,0.0,,,,,,,,,,140.050,-0.06,9.8,-0.1,0.0,9.8,0.0,0.0,6.1E-4
140.100,-0.04,9.9,0.1,0.1,9.9,0.0,0.0,0.0,,,,,,,,,,,,,,,,,,,140.100,-0.04,9.8,0.1,0.0,9.8,0.0,0.0,6.1E-4,,,,,,,,,,140.100,-0.06,9.8,-0.1,0.0,9.8,0.0,0.0,6.1E-4
140.150,-0.04,9.8,0.0,-0.1,9.8,0.0,0.0,0.0,,,,,,,,,,,,,,,,,,,140.150,-0.06,9.8,-0.2,0.0,9.8,0.0,0.0,0.0,,,,,,,,,,140.150,-0.07,9.8,-0.1,0.0,9.8,0.0,0.0,-6.1E-4
140.200,-0.04,9.9,0.0,0.0,9.9,0.0,0.0,0.0,,,,,,,,,,,,,,,,,,,140.200,-0.05,9.8,0.1,0.1,9.8,0.0,0.0,-6.1E-4,,,,,,,,,,140.200,-0.06,9.8,-0.1,0.0,9.8,0.0,0.0,-6.1E-4
140.250,-0.05,9.8,0.0,-0.1,9.8,0.0,0.0,0.0,,,,,,,,,,,,,,,,,,,140.250,-0.04,9.8,-0.1,-0.1,9.8,0.0,0.0,0.0,,,,,,,,,,140.250,-0.07,9.8,-0.1,0.0,9.8,0.0,0.0,6.1E-4
140.300,-0.05,9.9,0.0,0.0,9.9,-1.2E-4,0.0,-6.1E-4,,,,,,,,,,,,,,,,,,,140.300,-0.04,9.8,-0.1,0.0,9.8,0.0,0.0,0.0,,,,,,,,,,140.300,-0.08,9.8,-0.1,0.0,9.8,0.0,0.0,-6.1E-4
140.350,-0.04,9.9,0.0,0.0,9.9,0.0,0.0,0.0,,,,,,,,,,,,,,,,,,,140.350,-0.04,9.8,-0.1,-0.1,9.8,0.0,0.0,-6.1E-4,,,,,,,,,,140.350,-0.06,9.8,-0.1,0.0,9.8,0.0,0.0,-6.1E-4
140.400,-0.05,9.8,0.0,0.0,9.8,0.0,0.0,-6.1E-4,,,,,,,,,,,,,,,,,,,140.400,-0.04,9.9,0.1,0.1,9.9,0.0,0.0,6.1E-4,,,,,,,,,,140.400,-0.07,9.8,-0.1,0.0,9.8,0.0,0.0,0.0
140.450,-0.04,9.9,0.0,0.0,9.9,0.0,0.0,0.0,,,,,,,,,,,,,,,,,,,140.450,-0.04,9.8,-0.1,-0.1,9.8,0.0,0.0,0.0,,,,,,,,,,140.450,-0.06,9.8,-0.1,0.0,9.8,0.0,0.0,6.1E-4
140.500,-0.05,9.8,0.0,-0.1,9.8,0.0,0.0,0.0,,,,,,,,,,,,,,,,,,,140.500,-0.04,9.8,0.0,0.1,9.8,0.0,0.0,6.1E-4,,,,,,,,,,140.500,-0.06,9.8,0.0,0.0,9.8,0.0,0.0,6.1E-4
140.550,-0.05,9.9,0.0,0.0,9.9,0.0,0.0,0.0,,,,,,,,,,,,,,,,,,,140.550,-0.04,9.8,-0.1,-0.1,9.8,0.0,0.0,0.0,,,,,,,,,,140.550,-0.06,9.8,-0.1,0.0,9.8,0.0,0.0,-6.1E-4
140.600,-0.05,9.8,0.1,0.0,9.8,0.0,0.0,0.0,,,,,,,,,,,,,,,,,,,140.600,-0.04,9.8,0.1,0.1,9.8,0.0,0.0,-6.1E-4,,,,,,,,,,140.600,-0.06,9.8,-0.1,0.0,9.8,0.0,0.0,6.1E-4
140.650,-0.05,9.9,0.0,0.0,9.9,0.0,0.0,0.0,,,,,,,,,,,,,,,,,,,140.650,-0.04,9.8,-0.1,-0.1,9.8,0.0,0.0,-6.1E-4,,,,,,,,,,140.650,-0.08,9.8,-0.1,0.0,9.8,0.0,0.0,6.1E-4
140.700,-0.05,9.8,-0.1,0.0,9.8,0.0,0.0,6.1E-4,,,,,,,,,,,,,,,,,,,140.700,-0.04,9.9,0.0,0.1,9.9,0.0,0.0,-6.1E-4,,,,,,,,,,140.700,-0.07,9.8,-0.1,0.0,9.8,0.0,0.0,-6.1E-4
140.750,-0.05,9.9,0.0,0.0,9.9,0.0,0.0,0.0,,,,,,,,,,,,,,,,,,,140.750,-0.04,9.8,-0.1,0.0,9.8,0.0,0.0,-6.1E-4,,,,,,,,,,140.750,-0.08,9.8,-0.1,0.0,9.8,0.0,0.0,-6.1E-4
140.800,-0.05,9.8,0.0,0.0,9.8,0.0,0.0,0.0,,,,,,,,,,,,,,,,,,,140.800,-0.03,9.8,0.1,0.0,9.8,0.0,0.0,6.1E-4,,,,,,,,,,140.800,-0.07,9.8,-0.1,0.0,9.8,0.0,0.0,0.0
140.850,-0.05,9.8,0.1,-0.1,9.8,0.0,0.0,0.0,,,,,,,,,,,,,,,,,,,140.850,-0.04,9.8,-0.1,0.0,9.8,0.0,0.0,0.0,,,,,,,,,,140.850,-0.06,9.8,-0.1,0.0,9.8,0.0,0.0,-6.1E-4
140.900,-0.05,9.8,-0.1,0.0,9.8,0.0,0.0,0.0,,,,,,,,,,,,,,,,,,,140.900,-0.04,9.8,0.0,0.0,9.8,0.0,0.0,0.0,,,,,,,,,,140.900,-0.06,9.8,-0.1,0.0,9.8,0.0,0.0,-6.1E-4
140.950,-0.04,9.9,0.1,0.0,9.9,0.0,0.0,0.0,,,,,,,,,,,,,,,,,,,140.950,-0.03,9.9,0.0,0.0,9.9,0.0,0.0,0.0,,,,,,,,,,140.950,-0.06,9.8,-0.1,0.0,9.8,0.0,0.0,-6.1E-4
141.000,-0.05,9.8,0.1,0.0,9.8,0.0,0.0,0.0,,,,,,,,,,,,,,,,,,,141.000,-0.04,9.8,0.1,0.0,9.8,0.0,0.0,0.0,,,,,,,,,,141.000,-0.06,9.8,-0.1,0.0,9.8,0.0,0.0,-6.1E-4
141.050,-0.05,9.8,0.1,-0.1,9.8,0.0,0.0,0.0,,,,,,,,,,,,,,,,,,,141.050,-0.04,9.8,-0.2,0.0,9.8,0.0,0.0,0.0,,,,,,,,,,141.050,-0.07,9.8,-0.1,0.0,9.8,0.0,0.0,6.1E-4
141.100,-0.06,9.8,0.0,0.0,9.8,0.0,0.0,0.0,,,,,,,,,,,,,,,,,,,141.100,-0.04,9.8,0.0,-0.1,9.8,0.0,0.0,0.0,,,,,,,,,,141.100,-0.06,9.8,-0.1,0.0,9.8,0.0,0.0,6.1E-4
141.150,-0.06,9.9,0.1,-0.1,9.9,0.0,0.0,0.0,,,,,,,,,,,,,,,,,,,141.150,-0.04,9.8,0.0,0.0,9.8,0.0,0.0,0.0,,,,,,,,,,141.150,-0.08,9.8,-0.1,0.0,9.8,0.0,0.0,0.0
141.200,-0.06,9.8,0.0,0.0,9.8,0.0,0.0,0.0,,,,,,,,,,,,,,,,,,,141.200,-0.06,9.8,0.1,0.0,9.8,0.0,0.0,6.1E-4,,,,,,,,,,141.200,-0.07,9.8,-0.1,0.0,9.8,0.0,0.0,-6.1E-4
141.250,-0.05,9.9,0.1,0.0,9.9,0.0,0.0,0.0,,,,,,,,,,,,,,,,,,,141.250,-0.05,9.9,-0.1,0.0,9.9,0.0,0.0,-6.1E-4,,,,,,,,,,141.250,-0.06,9.8,-0.1,0.0,9.8,0.0,0.0,-6.1E-4
141.300,-0.05,9.8,0.0,0.0,9.8,0.0,0.0,6.1E-4,,,,,,,,,,,,,,,,,,,141.300,-0.04,9.8,0.0,0.0,9.8,0.0,0.0,0.0,,,,,,,,,,141.300,-0.06,9.8,-0.1,0.0,9.8,0.0,0.0,6.1E-4
141.350,-0.06,9.8,0.1,-0.1,9.8,0.0,0.0,0.0,,,,,,,,,,,,,,,,,,,141.350,-0.04,9.9,1.9E-4,0.0,9.9,0.0,0.0,6.1E-4,,,,,,,,,,141.350,-0.06,9.8,-0.1,0.0,9.8,0.0,0.0,0.0
141.400,-0.05,9.9,0.0,0.0,9.9,0.0,0.0,0.0,,,,,,,,,,,,,,,,,,,141.400,-0.04,9.8,0.1,0.0,9.8,-1.2E-4,0.0,-6.1E-4,,,,,,,,,,141.400,-0.06,9.8,-0.1,0.0,9.8,0.0,0.0,6.1E-4
141.450,-0.05,9.9,0.0,0.0,9.9,0.0,0.0,6.1E-4,,,,,,,,,,,,,,,,,,,141.450,-0.04,9.9,-0.1,0.0,9.9,0.0,0.0,-6.1E-4,,,,,,,,,,141.450,-0.07,9.8,-0.1,0.0,9.8,0.0,0.0,-6.1E-4
141.500,-0.05,9.8,0.0,0.0,9.8,0.0,0.0,0.0,,,,,,,,,,,,,,,,,,,141.500,-0.02,9.8,-0.1,0.0,9.8,0.0,0.0,6.1E-4,,,,,,,,,,141.500,-0.07,9.8,-0.1,0.0,9.8,0.0,0.0,-6.1E-4
141.550,-0.06,9.9,0.0,0.0,9.9,0.0,0.0,0.0,,,,,,,,,,,,,,,,,,,141.550,-0.05,9.8,0.0,0.0,9.8,0.0,0.0,-6.1E-4,,,,,,,,,,141.550,-0.06,9.8,-0.1,0.0,9.8,0.0,0.0,-6.1E-4
141.600,-0.05,9.7,0.0,0.0,9.7,-0.1,0.0,0.0,,,,,,,,,,,,,,,,,,,141.600,-0.03,9.8,0.1,0.1,9.8,0.0,0.0,6.1E-4,,,,,,,,,,141.600,-0.05,9.8,-0.1,0.0,9.8,0.0,0.0,-6.1E-4
141.650,-0.05,9.9,0.0,0.0,9.9,0.0,0.0,0.0,,,,,,,,,,,,,,,,,,,141.650,-0.04,9.8,-0.1,-0.1,9.8,0.0,0.0,0.0,,,,,,,,,,141.650,-0.06,9.8,-0.1,0.0,9.8,0.0,0.0,6.1E-4
141.700,-0.07,9.8,0.0,0.0,9.8,0.0,0.0,0.0,,,,,,,,,,,,,,,,,,,141.700,-0.04,9.8,-0.1,0.0,9.8,0.0,0.0,-6.1E-4,,,,,,,,,,141.700,-0.07,9.8,-0.1,0.0,9.8,0.0,0.0,-6.1E-4
141.750,-0.08,9.8,0.1,-0.1,9.8,0.0,0.0,0.0,,,,,,,,,,,,,,,,,,,141.750,-0.04,9.8,-0.1,0.0,9.8,0.0,0.0,-6.1E-4,,,,,,,,,,141.750,-0.06,9.8,-0.1,0.0,9.8,0.0,0.0,-6.1E-4
141.800,-0.07,9.9,0.0,0.0,9.9,0.0,0.0,0.0,,,,,,,,,,,,,,,,,,,141.800,-0.04,9.8,0.1,0.1,9.8,0.0,0.0,6.1E-4,,,,,,,,,,141.800,-0.07,9.8,-0.1,0.0,9.8,0.0,0.0,6.1E-4
141.850,-0.05,9.9,0.0,-0.1,9.9,-1.2E-4,0.0,0.0,,,,,,,,,,,,,,,,,,,141.850,-0.04,9.8,-0.1,-0.1,9.8,-1.2E-4,0.0,6.1E-4,,,,,,,,,,141.850,-0.05,9.8,-0.1,0.0,9.8,0.0,0.0,-6.1E-4
141.900,-0.04,9.8,-0.2,0.0,9.8,0.0,0.0,0.0,,,,,,,,,,,,,,,,,,,141.900,-0.04,9.8,-0.1,0.0,9.8,0.0,0.0,-6.1E-4,,,,,,,,,,141.900,-0.06,9.8,-0.1,0.0,9.8,0.0,0.0,6.1E-4
141.950,-0.06,9.9,1.9E-4,-0.1,9.9,-1.2E-4,0.0,0.0,,,,,,,,,,,,,,,,,,,141.950,-0.03,9.8,-0.1,0.0,9.8,0.0,0.0,0.0,,,,,,,,,,141.950,-0.07,9.8,-0.1,0.0,9.8,0.0,0.0,0.0
142.000,-0.05,9.8,-0.1,0.1,9.8,0.0,0.0,0.0,,,,,,,,,,,,,,,,,,,142.000,-0.05,9.8,0.1,0.0,9.8,0.0,0.0,6.1E-4,,,,,,,,,,142.000,-0.06,9.8,-0.1,0.0,9.8,0.0,0.0,6.1E-4
142.050,-0.05,9.8,0.1,-0.1,9.8,0.0,0.0,0.0,,,,,,,,,,,,,,,,,,,142.050,-0.05,9.8,-0.1,0.0,9.8,0.0,0.0,-6.1E-4,,,,,,,,,,142.050,-0.06,9.8,-0.1,0.0,9.8,0.0,0.0,-6.1E-4
142.100,-0.05,9.9,0.0,0.0,9.9,0.0,0.0,0.0,,,,,,,,,,,,,,,,,,,142.100,-0.04,9.8,-0.1,0.0,9.8,0.0,0.0,0.0,,,,,,,,,,142.100,-0.06,9.8,-0.1,0.0,9.8,0.0,0.0,6.1E-4
142.150,-0.06,9.8,-0.1,-0.1,9.8,0.0,0.0,0.0,,,,,,,,,,,,,,,,,,,142.150,-0.03,9.8,-0.1,0.0,9.8,0.0,0.0,0.0,,,,,,,,,,142.150,-0.06,9.8,-0.1,0.0,9.8,0.0,0.0,-6.1E-4
142.200,-0.05,9.9,0.1,0.0,9.9,0.0,0.0,0.0,,,,,,,,,,,,,,,,,,,142.200,-0.03,9.8,0.0,0.0,9.8,0.0,0.0,0.0,,,,,,,,,,142.200,-0.05,9.8,-0.1,0.0,9.8,0.0,0.0,0.0
142.250,-0.06,9.8,0.1,-0.1,9.8,0.0,0.0,0.0,,,,,,,,,,,,,,,,,,,142.250,-0.03,9.8,0.0,0.0,9.8,0.0,0.0,0.0,,,,,,,,,,142.250,-0.05,9.8,-0.1,0.0,9.8,0.0,0.0,-6.1E-4
142.300,-0.05,9.9,-0.1,0.0,9.9,0.0,0.0,6.1E-4,,,,,,,,,,,,,,,,,,,142.300,-0.04,9.8,0.0,0.0,9.8,0.0,0.0,0.0,,,,,,,,,,142.300,-0.06,9.8,-0.1,0.0,9.8,0.0,0.0,6.1E-4
142.350,-0.05,9.9,0.1,0.0,9.9,0.0,0.0,0.0,,,,,,,,,,,,,,,,,,,142.350,-0.04,9.9,-0.1,0.0,9.9,0.0,0.0,-6.1E-4,,,,,,,,,,142.350,-0.05,9.8,-0.1,0.0,9.8,0.0,0.0,-6.1E-4
142.400,-0.05,9.7,-0.1,-0.2,9.7,0.0,0.0,0.0,,,,,,,,,,,,,,,,,,,142.400,-0.03,9.8,0.0,0.0,9.8,0.0,0.0,-6.1E-4,,,,,,,,,,142.400,-0.05,9.8,-0.1,0.0,9.8,0.0,0.0,-6.1E-4
142.450,-0.06,9.9,0.1,0.1,9.9,-0.1,0.0,0.0,,,,,,,,,,,,,,,,,,,142.450,-0.03,9.8,0.0,0.0,9.8,0.0,0.0,-6.1E-4,,,,,,,,,,142.450,-0.05,9.8,-0.1,0.0,9.8,0.0,0.0,-6.1E-4
142.500,-0.07,9.8,-0.1,-0.1,9.8,0.0,0.0,0.0,,,,,,,,,,,,,,,,,,,142.500,-0.04,9.8,0.0,0.0,9.8,-1.2E-4,0.0,0.0,,,,,,,,,,142.500,-0.06,9.8,-0.1,0.0,9.8,0.0,0.0,6.1E-4
142.550,-0.07,9.9,0.1,0.1,9.9,0.0,0.0,0.0,,,,,,,,,,,,,,,,,,,142.550,-0.04,9.8,-0.1,0.0,9.8,0.0,0.0,-6.1E-4,,,,,,,,,,142.550,-0.06,9.8,-0.1,0.0,9.8,0.0,0.0,6.1E-4
142.600,-0.06,9.8,-0.2,-0.1,9.8,0.0,0.0,0.0,,,,,,,,,,,,,,,,,,,142.600,-0.03,9.8,0.0,0.0,9.8,0.0,0.0,0.0,,,,,,,,,,142.600,-0.06,9.8,-0.1,0.0,9.8,0.0,0.0,-6.1E-4
142.650,-0.06,9.8,0.1,0.0,9.8,0.0,0.0,6.1E-4,,,,,,,,,,,,,,,,,,,142.650,-0.04,9.8,0.0,0.0,9.8,0.0,0.0,-6.1E-4,,,,,,,,,,142.650,-0.06,9.8,-0.1,0.0,9.8,0.0,0.0,6.1E-4
142.700,-0.06,9.8,0.0,-0.1,9.8,0.0,0.0,6.1E-4,,,,,,,,,,,,,,,,,,,142.700,-0.03,9.9,0.0,0.0,9.9,0.0,0.0,-6.1E-4,,,,,,,,,,142.700,-0.05,9.8,-0.1,0.0,9.8,0.0,0.0,-6.1E-4
142.750,-0.05,9.8,0.0,-0.1,9.8,0.0,0.0,0.0,,,,,,,,,,,,,,,,,,,142.750,-0.04,9.8,0.0,0.0,9.8,0.0,0.0,-6.1E-4,,,,,,,,,,142.750,-0.06,9.8,-0.1,0.0,9.8,0.0,0.0,-6.1E-4
142.800,-0.06,9.9,0.0,0.0,9.9,0.0,0.0,0.0,,,,,,,,,,,,,,,,,,,142.800,-0.04,9.8,-0.1,0.0,9.8,0.0,0.0,-6.1E-4,,,,,,,,,,142.800,-0.06,9.8,-0.1,0.0,9.8,0.0,0.0,-6.1E-4
142.850,-0.07,9.8,-0.1,-0.1,9.8,0.0,0.0,0.0,,,,,,,,,,,,,,,,,,,142.850,-0.04,9.8,0.0,0.0,9.8,0.0,0.0,-6.1E-4,,,,,,,,,,142.850,-0.07,9.8,-0.1,0.0,9.8,0.0,0.0,-6.1E-4
142.900,-0.07,9.9,0.0,0.1,9.9,0.0,0.0,-6.1E-4,,,,,,,,,,,,,,,,,,,142.900,-0.03,9.8,0.0,0.0,9.8,0.0,0.0,6.1E-4,,,,,,,,,,142.900,-0.07,9.8,-0.1,0.0,9.8,0.0,0.0,-6.1E-4
142.950,-0.06,9.8,-0.1,-0.1,9.8,0.0,0.0,0.0,,,,,,,,,,,,,,,,,,,142.950,-0.04,9.8,-0.1,0.0,9.8,0.0,0.0,6.1E-4,,,,,,,,,,142.950,-0.07,9.8,-0.1,0.0,9.8,0.0,0.0,-6.1E-4
143.000,-0.07,9.9,1.9E-4,0.1,9.9,-1.2E-4,0.0,0.0,,,,,,,,,,,,,,,,,,,143.000,-0.04,9.8,-0.1,0.0,9.8,0.0,0.0,6.1E-4,,,,,,,,,,143.000,-0.08,9.8,-0.1,0.0,9.8,0.0,0.0,-6.1E-4
143.050,-0.07,9.8,-0.1,-0.2,9.8,0.0,0.0,0.0,,,,,,,,,,,,,,,,,,,143.050,-0.04,9.8,-0.1,0.0,9.8,0.0,0.0,-6.1E-4,,,,,,,,,,143.050,-0.08,9.8,-0.1,0.0,9.8,0.0,0.0,-6.1E-4
143.100,-0.06,9.9,0.0,0.1,9.9,0.0,0.0,0.0,,,,,,,,,,,,,,,,,,,143.100,-0.04,9.8,0.0,0.0,9.8,0.0,0.0,0.0,,,,,,,,,,143.100,-0.09,9.8,-0.1,0.0,9.8,0.0,0.0,-6.1E-4
143.150,-0.06,9.8,0.0,-0.2,9.8,0.0,0.0,0.0,,,,,,,,,,,,,,,,,,,143.150,-0.04,9.9,0.0,0.0,9.9,0.0,0.0,6.1E-4,,,,,,,,,,143.150,-0.07,9.8,-0.1,0.0,9.8,0.0,0.0,0.0
143.200,-0.06,9.9,-0.1,0.1,9.9,0.0,0.0,0.0,,,,,,,,,,,,,,,,,,,143.200,-0.04,9.8,-0.1,0.0,9.8,0.0,0.0,-6.1E-4,,,,,,,,,,143.200,-0.07,9.8,-0.1,0.0,9.8,0.0,0.0,-6.1E-4
143.250,-0.06,9.7,0.0,-0.2,9.7,0.0,0.0,-6.1E-4,,,,,,,,,,,,,,,,,,,143.250,-0.04,9.8,-0.1,0.0,9.8,0.0,0.0,-6.1E-4,,,,,,,,,,143.250,-0.06,9.8,-0.1,0.0,9.8,0.0,0.0,6.1E-4
143.300,-0.05,9.9,0.0,0.1,9.9,0.0,0.0,0.0,,,,,,,,,,,,,,,,,,,143.300,-0.04,9.9,0.0,0.1,9.9,0.0,0.0,0.0,,,,,,,,,,143.300,-0.06,9.8,-0.1,0.0,9.8,0.0,0.0,-6.1E-4
143.350,-0.05,9.8,0.0,-0.1,9.8,0.0,0.0,0.0,,,,,,,,,,,,,,,,,,,143.350,-0.03,9.9,0.0,0.0,9.9,0.0,0.0,6.1E-4,,,,,,,,,,143.350,-0.07,9.8,-0.1,0.0,9.8,0.0,0.0,-6.1E-4
143.400,-0.06,9.9,0.0,0.1,9.9,0.0,0.0,0.0,,,,,,,,,,,,,,,,,,,143.400,-0.03,9.8,-0.1,0.0,9.8,0.0,0.0,6.1E-4,,,,,,,,,,143.400,-0.07,9.8,-0.1,0.0,9.8,0.0,0.0,-6.1E-4
143.450,-0.06,9.8,0.0,-0.1,9.8,0.0,0.0,0.0,,,,,,,,,,,,,,,,,,,143.450,-0.04,9.8,-0.1,0.0,9.8,0.0,0.0,0.0,,,,,,,,,,143.450,-0.07,9.8,-0.1,0.0,9.8,0.0,0.0,-6.1E-4
143.500,-0.06,9.9,0.1,0.0,9.9,0.0,0.0,0.0,,,,,,,,,,,,,,,,,,,143.500,-0.03,9.8,0.0,0.0,9.8,0.0,0.0,-6.1E-4,,,,,,,,,,143.500,-0.07,9.8,-0.1,0.0,9.8,0.0,0.0,-6.1E-4
143.550,-0.06,9.8,0.0,-0.1,9.8,0.0,0.0,0.0,,,,,,,,,,,,,,,,,,,143.550,-0.04,9.9,0.0,0.0,9.9,0.0,0.0,-6.1E-4,,,,,,,,,,143.550,-0.08,9.8,-0.1,0.0,9.8,0.0,0.0,6.1E-4
143.600,-0.07,9.8,0.0,0.0,9.8,0.0,0.0,0.0,,,,,,,,,,,,,,,,,,,143.600,-0.04,9.9,0.0,0.0,9.9,0.0,0.0,-6.1E-4,,,,,,,,,,143.600,-0.08,9.8,-0.1,0.0,9.8,0.0,0.0,-6.1E-4
143.650,-0.06,9.8,0.0,0.0,9.8,0.0,0.0,0.0,,,,,,,,,,,,,,,,,,,143.650,-0.05,9.8,-0.1,0.0,9.8,0.0,0.0,-6.1E-4,,,,,,,,,,143.650,-0.08,9.8,-0.1,0.0,9.8,0.0,0.0,-6.1E-4
143.700,-0.06,9.8,0.1,-0.1,9.8,0.0,0.0,-6.1E-4,,,,,,,,,,,,,,,,,,,143.700,-0.05,9.8,-0.1,0.0,9.8,0.0,0.0,0.0,,,,,,,,,,143.700,-0.07,9.8,-0.1,0.0,9.8,0.0,0.0,0.0
143.750,-0.05,9.8,0.0,0.0,9.8,0.0,0.0,0.0,,,,,,,,,,,,,,,,,,,143.750,-0.04,9.9,0.0,0.0,9.9,0.0,0.0,6.1E-4,,,,,,,,,,143.750,-0.07,9.8,-0.1,0.0,9.8,0.0,0.0,-6.1E-4
143.800,-0.05,9.8,0.0,-0.1,9.8,0.0,0.0,0.0,,,,,,,,,,,,,,,,,,,143.800,-0.05,9.9,0.0,0.0,9.9,0.0,0.0,6.1E-4,,,,,,,,,,143.800,-0.08,9.8,-0.1,0.0,9.8,0.0,0.0,-6.1E-4
143.850,-0.05,9.9,0.1,0.0,9.9,0.0,0.0,0.0,,,,,,,,,,,,,,,,,,,143.850,-0.04,9.8,-0.1,0.0,9.8,0.0,0.0,6.1E-4,,,,,,,,,,143.850,-0.07,9.8,-0.1,0.0,9.8,0.0,0.0,-6.1E-4
143.900,-0.06,9.8,0.0,-0.1,9.8,0.0,0.0,-6.1E-4,,,,,,,,,,,,,,,,,,,143.900,-0.04,9.8,-0.1,0.0,9.8,0.0,0.0,0.0,,,,,,,,,,143.900,-0.07,9.8,-0.1,0.0,9.8,0.0,0.0,-6.1E-4
143.950,-0.06,9.9,0.0,0.0,9.9,0.0,0.0,0.0,,,,,,,,,,,,,,,,,,,143.950,-0.05,9.9,0.0,0.1,9.9,0.0,0.0,6.1E-4,,,,,,,,,,143.950,-0.06,9.8,-0.1,0.0,9.8,0.0,0.0,6.1E-4
144.000,-0.06,9.8,0.0,-0.2,9.8,0.0,0.0,6.1E-4,,,,,,,,,,,,,,,,,,,144.000,-0.05,9.9,0.0,0.0,9.9,0.0,0.0,-6.1E-4,,,,,,,,,,144.000,-0.06,9.8,-0.1,0.0,9.8,0.0,0.0,-6.1E-4
144.050,-0.06,9.9,0.0,0.1,9.9,0.0,0.0,0.0,,,,,,,,,,,,,,,,,,,144.050,-0.04,9.8,-0.1,0.0,9.8,0.0,0.0,6.1E-4,,,,,,,,,,144.050,-0.06,9.8,-0.1,0.0,9.8,0.0,0.0,-6.1E-4
144.100,-0.06,9.8,0.0,-0.1,9.8,0.0,0.0,-6.1E-4,,,,,,,,,,,,,,,,,,,144.100,-0.04,9.8,-0.1,0.0,9.8,0.0,0.0,0.0,,,,,,,,,,144.100,-0.06,9.8,-0.1,0.0,9.8,0.0,0.0,-6.1E-4
144.150,-0.06,9.9,0.0,0.1,9.9,0.0,0.0,0.0,,,,,,,,,,,,,,,,,,,144.150,-0.03,9.9,0.0,0.0,9.9,0.0,0.0,6.1E-4,,,,,,,,,,144.150,-0.07,9.8,-0.1,0.0,9.8,0.0,0.0,-6.1E-4
144.200,-0.05,9.8,0.0,-0.1,9.8,0.0,0.0,0.0,,,,,,,,,,,,,,,,,,,144.200,-0.04,9.8,0.0,0.0,9.8,0.0,0.0,6.1E-4,,,,,,,,,,144.200,-0.07,9.8,-0.1,0.0,9.8,0.0,0.0,-6.1E-4
144.250,-0.05,9.9,1.9E-4,0.1,9.9,0.0,0.0,-6.1E-4,,,,,,,,,,,,,,,,,,,144.250,-0.04,9.8,-0.1,0.0,9.8,0.0,0.0,-6.1E-4,,,,,,,,,,144.250,-0.07,9.8,-0.1,0.0,9.8,0.0,0.0,-6.1E-4
144.300,-0.06,9.8,0.0,-0.1,9.8,0.0,0.0,0.0,,,,,,,,,,,,,,,,,,,144.300,-0.03,9.8,-0.1,0.0,9.8,0.0,0.0,-6.1E-4,,,,,,,,,,144.300,-0.07,9.8,0.0,0.0,9.8,0.0,0.0,0.0
144.350,-0.07,9.9,0.0,0.0,9.9,0.0,0.0,6.1E-4,,,,,,,,,,,,,,,,,,,144.350,-0.04,9.8,0.0,0.0,9.8,0.0,0.0,-6.1E-4,,,,,,,,,,144.350,-0.07,9.8,-0.1,0.0,9.8,0.0,0.0,-6.1E-4
144.400,-0.06,9.8,0.0,-0.1,9.8,0.0,0.0,0.0,,,,,,,,,,,,,,,,,,,144.400,-0.04,9.8,0.0,0.0,9.8,0.0,0.0,6.1E-4,,,,,,,,,,144.400,-0.06,9.8,-0.1,0.0,9.8,0.0,0.0,-6.1E-4
144.450,-0.06,9.9,0.0,0.0,9.9,0.0,0.0,0.0,,,,,,,,,,,,,,,,,,,144.450,-0.05,9.8,-0.1,0.0,9.8,0.0,0.0,-6.1E-4,,,,,,,,,,144.450,-0.07,9.8,-0.1,0.0,9.8,0.0,0.0,-6.1E-4
144.500,-0.07,9.9,0.0,-0.1,9.9,0.0,0.0,0.0,,,,,,,,,,,,,,,,,,,144.500,-0.05,9.8,0.0,0.0,9.8,0.0,0.0,-6.1E-4,,,,,,,,,,144.500,-0.06,9.9,0.0,0.0,9.9,0.0,0.0,6.1E-4
144.550,-0.06,9.8,0.0,0.0,9.8,0.0,0.0,-6.1E-4,,,,,,,,,,,,,,,,,,,144.550,-0.03,9.8,-0.1,0.0,9.8,0.0,0.0,-6.1E-4,,,,,,,,,,144.550,-0.07,9.8,-0.1,0.0,9.8,0.0,0.0,0.0
144.600,-0.07,9.8,0.0,-0.1,9.8,0.0,0.0,0.0,,,,,,,,,,,,,,,,,,,144.600,-0.05,9.9,0.0,0.0,9.9,0.0,0.0,0.0,,,,,,,,,,144.600,-0.07,9.8,-0.1,0.0,9.8,0.0,0.0,0.0
144.650,-0.06,9.8,0.0,0.0,9.8,0.0,0.0,-6.1E-4,,,,,,,,,,,,,,,,,,,144.650,-0.04,9.8,-0.1,0.0,9.8,0.0,0.0,6.1E-4,,,,,,,,,,144.650,-0.08,9.8,0.0,0.0,9.8,0.0,0.0,0.0
144.700,-0.06,9.8,0.0,0.0,9.8,0.0,0.0,0.0,,,,,,,,,,,,,,,,,,,144.700,-0.04,9.8,-0.1,0.0,9.8,0.0,0.0,-6.1E-4,,,,,,,,,,144.700,-0.07,9.9,0.0,0.1,9.9,0.0,0.0,6.1E-4
144.750,-0.06,9.8,0.0,-0.1,9.8,0.0,0.0,6.1E-4,,,,,,,,,,,,,,,,,,,144.750,-0.05,9.8,0.0,0.0,9.8,0.0,0.0,6.1E-4,,,,,,,,,,144.750,-0.08,9.8,-0.1,0.0,9.8,0.0,0.0,-6.1E-4
144.800,-0.06,9.9,0.0,0.0,9.9,0.0,0.0,0.0,,,,,,,,,,,,,,,,,,,144.800,-0.05,9.9,0.0,0.0,9.9,0.0,0.0,0.0,,,,,,,,,,144.800,-0.08,9.8,-0.1,0.0,9.8,0.0,0.0,-6.1E-4
144.850,-0.07,9.8,0.0,-0.1,9.8,0.0,0.0,0.0,,,,,,,,,,,,,,,,,,,144.850,-0.06,9.8,0.0,0.0,9.8,0.0,0.0,6.1E-4,,,,,,,,,,144.850,-0.07,9.8,-0.1,0.0,9.8,0.0,0.0,-6.1E-4
144.900,-0.08,9.8,0.0,0.0,9.8,0.0,0.0,-6.1E-4,,,,,,,,,,,,,,,,,,,144.900,-0.04,9.8,-0.1,0.0,9.8,0.0,0.0,0.0,,,,,,,,,,144.900,-0.06,9.8,-0.1,0.0,9.8,0.0,0.0,0.0
144.950,-0.07,9.8,0.0,-0.1,9.8,0.0,0.0,0.0,,,,,,,,,,,,,,,,,,,144.950,-0.04,9.8,0.0,0.0,9.8,0.0,0.0,-6.1E-4,,,,,,,,,,144.950,-0.07,9.8,-0.1,0.0,9.8,0.0,0.0,-6.1E-4
145.000,-0.07,9.9,0.0,0.0,9.9,0.0,0.0,-6.1E-4,,,,,,,,,,,,,,,,,,,145.000,-0.05,9.8,0.0,0.0,9.8,0.0,0.0,-6.1E-4,,,,,,,,,,145.000,-0.08,9.8,-0.1,0.0,9.8,0.0,0.0,-6.1E-4
145.050,-0.07,9.8,0.0,-0.1,9.8,0.0,0.0,0.0,,,,,,,,,,,,,,,,,,,145.050,-0.05,9.8,0.0,0.0,9.8,0.0,0.0,-6.1E-4,,,,,,,,,,145.050,-0.07,9.8,-0.1,0.0,9.8,0.0,0.0,-6.1E-4
145.100,-0.07,9.9,0.0,0.0,9.9,0.0,0.0,-6.1E-4,,,,,,,,,,,,,,,,,,,145.100,-0.05,9.8,-0.1,0.0,9.8,0.0,0.0,-6.1E-4,,,,,,,,,,145.100,-0.06,9.8,-0.1,0.0,9.8,0.0,0.0,-6.1E-4
145.150,-0.06,9.8,0.0,-0.1,9.8,0.0,0.0,-6.1E-4,,,,,,,,,,,,,,,,,,,145.150,-0.04,9.8,0.0,0.0,9.8,0.0,0.0,-6.1E-4,,,,,,,,,,145.150,-0.06,9.8,-0.1,0.0,9.8,0.0,0.0,-6.1E-4
145.200,-0.07,9.9,0.0,0.0,9.9,0.0,0.0,-6.1E-4,,,,,,,,,,,,,,,,,,,145.200,-0.05,9.9,0.0,0.0,9.9,0.0,0.0,0.0,,,,,,,,,,145.200,-0.06,9.8,-0.1,0.0,9.8,0.0,0.0,0.0
145.250,-0.06,9.8,0.0,-0.1,9.8,0.0,0.0,0.0,,,,,,,,,,,,,,,,,,,145.250,-0.03,9.8,0.0,0.0,9.8,0.0,0.0,6.1E-4,,,,,,,,,,145.250,-0.07,9.8,-0.1,0.0,9.8,0.0,0.0,-6.1E-4
145.300,-0.07,9.9,0.0,0.0,9.9,0.0,0.0,6.1E-4,,,,,,,,,,,,,,,,,,,145.300,-0.05,9.8,-0.1,-0.1,9.8,0.0,0.0,6.1E-4,,,,,,,,,,145.300,-0.06,9.8,-0.1,0.0,9.8,0.0,0.0,-6.1E-4
145.350,-0.07,9.8,0.0,-0.1,9.8,0.0,0.0,0.0,,,,,,,,,,,,,,,,,,,145.350,-0.04,9.9,0.0,0.1,9.9,0.0,0.0,-6.1E-4,,,,,,,,,,145.350,-0.05,9.8,-0.1,0.0,9.8,0.0,0.0,6.1E-4
145.400,-0.08,9.9,1.9E-4,0.0,9.9,0.0,0.0,-6.1E-4,,,,,,,,,,,,,,,,,,,145.400,-0.05,9.8,-0.1,-0.1,9.8,0.0,0.0,-6.1E-4,,,,,,,,,,145.400,-0.05,9.8,-0.1,0.0,9.8,0.0,0.0,-6.1E-4
145.450,-0.07,9.9,0.0,-0.1,9.9,0.0,0.0,0.0,,,,,,,,,,,,,,,,,,,145.450,-0.05,9.9,0.0,0.0,9.9,0.0,0.0,-6.1E-4,,,,,,,,,,145.450,-0.06,9.8,-0.1,0.0,9.8,0.0,0.0,-6.1E-4
145.500,-0.07,9.8,0.0,-0.1,9.8,0.0,0.0,-6.1E-4,,,,,,,,,,,,,,,,,,,145.500,-0.05,9.8,-0.1,0.0,9.8,0.0,0.0,6.1E-4,,,,,,,,,,145.500,-0.06,9.8,-0.1,0.0,9.8,0.0,0.0,0.0
145.550,-0.08,9.9,1.9E-4,0.0,9.9,0.0,0.0,-6.1E-4,,,,,,,,,,,,,,,,,,,145.550,-0.05,9.9,0.0,0.0,9.9,0.0,0.0,-6.1E-4,,,,,,,,,,145.550,-0.07,9.8,-0.1,0.0,9.8,0.0,0.0,-6.1E-4
145.600,-0.07,9.9,0.0,0.0,9.9,0.0,0.0,-6.1E-4,,,,,,,,,,,,,,,,,,,145.600,-0.05,9.9,0.0,0.0,9.9,0.0,0.0,6.1E-4,,,,,,,,,,145.600,-0.06,9.8,-0.1,0.0,9.8,0.0,0.0,6.1E-4
145.650,-0.05,9.8,0.0,0.0,9.8,0.0,0.0,0.0,,,,,,,,,,,,,,,,,,,145.650,-0.04,9.8,0.0,0.0,9.8,-1.2E-4,0.0,-6.1E-4,,,,,,,,,,145.650,-0.05,9.8,-0.1,0.0,9.8,0.0,0.0,-6.1E-4
145.700,-0.06,9.8,0.0,-0.1,9.8,0.0,0.0,6.1E-4,,,,,,,,,,,,,,,,,,,145.700,-0.05,9.8,-0.1,0.0,9.8,0.0,0.0,-6.1E-4,,,,,,,,,,145.700,-0.06,9.8,-0.1,0.0,9.8,0.0,0.0,-6.1E-4
145.750,-0.06,9.9,0.0,0.0,9.9,0.0,0.0,0.0,,,,,,,,,,,,,,,,,,,145.750,-0.04,9.9,0.0,0.0,9.9,0.0,0.0,6.1E-4,,,,,,,,,,145.750,-0.06,9.8,-0.1,0.0,9.8,0.0,0.0,-6.1E-4
145.800,-0.07,9.9,0.0,-0.1,9.9,0.0,0.0,0.0,,,,,,,,,,,,,,,,,,,145.800,-0.04,9.8,-0.1,0.0,9.8,0.0,0.0,0.0,,,,,,,,,,145.800,-0.05,9.8,-0.1,0.0,9.8,0.0,0.0,-6.1E-4
145.850,-0.06,9.9,0.0,0.0,9.9,0.0,0.0,-6.1E-4,,,,,,,,,,,,,,,,,,,145.850,-0.04,9.9,1.9E-4,0.0,9.9,0.0,0.0,-6.1E-4,,,,,,,,,,145.850,-0.06,9.8,-0.1,0.0,9.8,0.0,0.0,0.0
145.900,-0.06,9.8,1.9E-4,-0.1,9.8,0.0,0.0,-6.1E-4,,,,,,,,,,,,,,,,,,,145.900,-0.04,9.8,0.0,0.0,9.8,0.0,0.0,-6.1E-4,,,,,,,,,,145.900,-0.05,9.8,-0.1,0.0,9.8,0.0,0.0,-6.1E-4
145.950,-0.06,9.8,0.0,0.0,9.8,0.0,0.0,0.0,,,,,,,,,,,,,,,,,,,145.950,-0.05,9.8,0.0,0.0,9.8,0.0,0.0,-6.1E-4,,,,,,,,,,145.950,-0.06,9.8,-0.1,0.0,9.8,0.0,0.0,6.1E-4
146.000,-0.07,9.8,0.0,-0.1,9.8,0.0,0.0,-6.1E-4,,,,,,,,,,,,,,,,,,,146.000,-0.05,9.8,0.0,0.0,9.8,0.0,0.0,-6.1E-4,,,,,,,,,,146.000,-0.06,9.8,-0.1,0.0,9.8,0.0,0.0,-6.1E-4
146.050,-0.06,9.9,0.0,0.0,9.9,0.0,0.0,0.0,,,,,,,,,,,,,,,,,,,146.050,-0.06,9.8,0.0,0.0,9.8,0.0,0.0,6.1E-4,,,,,,,,,,146.050,-0.06,9.8,-0.1,0.0,9.8,0.0,0.0,-6.1E-4
146.100,-0.07,9.8,0.0,-0.1,9.8,0.0,0.0,0.0,,,,,,,,,,,,,,,,,,,146.100,-0.05,9.8,0.0,0.0,9.8,0.0,0.0,0.0,,,,,,,,,,146.100,-0.07,9.8,-0.1,0.0,9.8,0.0,0.0,-6.1E-4
146.150,-0.06,9.9,0.0,0.0,9.9,0.0,0.0,-6.1E-4,,,,,,,,,,,,,,,,,,,146.150,-0.05,9.8,0.0,0.0,9.8,0.0,0.0,6.1E-4,,,,,,,,,,146.150,-0.07,9.8,0.0,0.0,9.8,0.0,0.0,6.1E-4
146.200,-0.06,9.8,0.0,-0.1,9.8,0.0,0.0,0.0,,,,,,,,,,,,,,,,,,,146.200,-0.04,9.8,0.0,0.0,9.8,0.0,0.0,6.1E-4,,,,,,,,,,146.200,-0.06,9.8,-0.1,0.0,9.8,0.0,0.0,-6.1E-4
146.250,-0.06,9.8,0.0,-0.1,9.8,0.0,0.0,-6.1E-4,,,,,,,,,,,,,,,,,,,146.250,-0.04,9.8,-0.1,0.0,9.8,0.0,0.0,0.0,,,,,,,,,,146.250,-0.05,9.8,-0.1,0.0,9.8,0.0,0.0,-6.1E-4
146.300,-0.07,9.8,0.0,-0.1,9.8,0.0,0.0,-6.1E-4,,,,,,,,,,,,,,,,,,,146.300,-0.04,9.8,0.0,0.0,9.8,0.0,0.0,6.1E-4,,,,,,,,,,146.300,-0.05,9.8,-0.1,0.0,9.8,0.0,0.0,6.1E-4
146.350,-0.06,9.9,0.0,0.0,9.9,0.0,0.0,-6.1E-4,,,,,,,,,,,,,,,,,,,146.350,-0.04,9.8,-0.1,0.0,9.8,0.0,0.0,-6.1E-4,,,,,,,,,,146.350,-0.05,9.8,-0.1,0.0,9.8,0.0,0.0,-6.1E-4
146.400,-0.07,9.8,-0.1,-0.1,9.8,0.0,0.0,0.0,,,,,,,,,,,,,,,,,,,146.400,-0.05,9.8,0.0,0.0,9.8,0.0,0.0,-6.1E-4,,,,,,,,,,146.400,-0.05,9.8,-0.1,0.0,9.8,0.0,0.0,6.1E-4
146.450,-0.06,9.8,0.0,-0.1,9.8,0.0,0.0,6.1E-4,,,,,,,,,,,,,,,,,,,146.450,-0.05,9.8,-0.1,0.0,9.8,0.0,0.0,0.0,,,,,,,,,,146.450,-0.05,9.8,-0.1,0.0,9.8,0.0,0.0,0.0
146.500,-0.06,9.9,0.0,0.0,9.9,-1.2E-4,0.0,0.0,,,,,,,,,,,,,,,,,,,146.500,-0.05,9.8,0.0,0.0,9.8,0.0,0.0,-6.1E-4,,,,,,,,,,146.500,-0.06,9.8,0.0,0.0,9.8,0.0,0.0,-6.1E-4
146.550,-0.06,9.8,0.0,-0.1,9.8,0.0,0.0,-6.1E-4,,,,,,,,,,,,,,,,,,,146.550,-0.05,9.8,0.0,0.0,9.8,0.0,0.0,6.1E-4,,,,,,,,,,146.550,-0.05,9.8,-0.1,0.0,9.8,0.0,0.0,-6.1E-4
146.600,-0.06,9.8,0.0,0.0,9.8,0.0,0.0,0.0,,,,,,,,,,,,,,,,,,,146.600,-0.04,9.8,0.0,0.0,9.8,0.0,0.0,-6.1E-4,,,,,,,,,,146.600,-0.05,9.8,-0.1,0.0,9.8,0.0,0.0,-6.1E-4
146.650,-0.07,9.8,0.0,-0.1,9.8,0.0,0.0,0.0,,,,,,,,,,,,,,,,,,,146.650,-0.05,9.8,0.0,0.0,9.8,0.0,0.0,-6.1E-4,,,,,,,,,,146.650,-0.06,9.8,-0.1,0.0,9.8,0.0,0.0,0.0
146.700,-0.06,9.9,0.0,0.0,9.9,0.0,0.0,0.0,,,,,,,,,,,,,,,,,,,146.700,-0.05,9.8,-0.1,0.0,9.8,0.0,0.0,6.1E-4,,,,,,,,,,146.700,-0.05,9.8,0.0,0.0,9.8,0.0,0.0,-6.1E-4
146.750,-0.06,9.8,0.1,-0.1,9.8,0.0,0.0,6.1E-4,,,,,,,,,,,,,,,,,,,146.750,-0.05,9.8,-0.1,0.0,9.8,0.0,0.0,0.0,,,,,,,,,,146.750,-0.05,9.8,-0.1,0.0,9.8,0.0,0.0,-6.1E-4
146.800,-0.06,9.9,0.0,0.0,9.9,0.0,0.0,0.0,,,,,,,,,,,,,,,,,,,146.800,-0.05,9.8,0.0,0.0,9.8,0.0,0.0,6.1E-4,,,,,,,,,,146.800,-0.06,9.8,-0.1,0.0,9.8,0.0,0.0,6.1E-4
146.850,-0.07,9.8,0.0,-0.1,9.8,0.0,0.0,0.0,,,,,,,,,,,,,,,,,,,146.850,-0.04,9.8,-0.1,0.0,9.8,0.0,0.0,0.0,,,,,,,,,,146.850,-0.07,9.8,-0.1,0.0,9.8,0.0,0.0,0.0
146.900,-0.07,9.8,0.0,-0.1,9.8,0.0,0.0,0.0,,,,,,,,,,,,,,,,,,,146.900,-0.04,9.9,0.0,0.0,9.9,0.0,0.0,-6.1E-4,,,,,,,,,,146.900,-0.06,9.8,0.0,0.0,9.8,0.0,0.0,6.1E-4
146.950,-0.06,9.9,0.0,-0.1,9.9,0.0,0.0,-6.1E-4,,,,,,,,,,,,,,,,,,,146.950,-0.04,9.8,-0.1,-0.1,9.8,0.0,0.0,0.0,,,,,,,,,,146.950,-0.06,9.8,-0.1,0.0,9.8,0.0,0.0,6.1E-4
147.000,-0.06,9.9,0.0,0.0,9.9,-1.2E-4,0.0,0.0,,,,,,,,,,,,,,,,,,,147.000,-0.04,9.9,0.0,0.0,9.9,-1.2E-4,0.0,0.0,,,,,,,,,,147.000,-0.06,9.8,-0.1,0.0,9.8,0.0,0.0,6.1E-4
147.050,-0.06,9.8,-0.1,-0.1,9.8,0.0,0.0,0.0,,,,,,,,,,,,,,,,,,,147.050,-0.04,9.8,0.0,0.0,9.8,0.0,0.0,0.0,,,,,,,,,,147.050,-0.06,9.8,-0.1,0.0,9.8,0.0,0.0,0.0
147.100,-0.06,9.8,0.1,-0.1,9.8,0.0,0.0,-6.1E-4,,,,,,,,,,,,,,,,,,,147.100,-0.04,9.9,0.0,0.0,9.9,-1.2E-4,0.0,0.0,,,,,,,,,,147.100,-0.06,9.8,-0.1,0.0,9.8,0.0,0.0,-6.1E-4
147.150,-0.06,9.8,0.1,0.0,9.8,0.0,0.0,0.0,,,,,,,,,,,,,,,,,,,147.150,-0.05,9.8,-0.1,0.0,9.8,0.0,0.0,6.1E-4,,,,,,,,,,147.150,-0.06,9.8,-0.1,0.0,9.8,0.0,0.0,6.1E-4
147.200,-0.06,9.8,-0.1,-0.1,9.8,0.0,0.0,0.0,,,,,,,,,,,,,,,,,,,147.200,-0.04,9.8,-0.1,0.0,9.8,0.0,0.0,-6.1E-4,,,,,,,,,,147.200,-0.06,9.8,-0.1,0.0,9.8,0.0,0.0,-6.1E-4
147.250,-0.06,9.8,1.9E-4,0.0,9.8,0.0,0.0,-6.1E-4,,,,,,,,,,,,,,,,,,,147.250,-0.04,9.8,0.0,0.0,9.8,0.0,0.0,6.1E-4,,,,,,,,,,147.250,-0.06,9.8,-0.1,0.0,9.8,0.0,0.0,-6.1E-4
147.300,-0.05,9.8,0.0,0.0,9.8,0.0,0.0,0.0,,,,,,,,,,,,,,,,,,,147.300,-0.04,9.8,0.0,0.0,9.8,0.0,0.0,6.1E-4,,,,,,,,,,147.300,-0.06,9.8,-0.1,0.0,9.8,0.0,0.0,6.1E-4
147.350,-0.06,9.9,1.9E-4,0.0,9.9,0.0,0.0,-6.1E-4,,,,,,,,,,,,,,,,,,,147.350,-0.04,9.8,-0.1,-0.1,9.8,0.0,0.0,6.1E-4,,,,,,,,,,147.350,-0.06,9.8,0.0,0.0,9.8,0.0,0.0,6.1E-4
147.400,-0.06,9.8,0.0,-0.1,9.8,0.0,0.0,-6.1E-4,,,,,,,,,,,,,,,,,,,147.400,-0.05,9.8,0.0,0.0,9.8,0.0,0.0,0.0,,,,,,,,,,147.400,-0.06,9.8,-0.1,0.0,9.8,0.0,0.0,-6.1E-4
147.450,-0.06,9.8,-0.1,0.0,9.8,0.0,0.0,-6.1E-4,,,,,,,,,,,,,,,,,,,147.450,-0.04,9.8,0.0,0.0,9.8,0.0,0.0,0.0,,,,,,,,,,147.450,-0.07,9.8,-0.1,0.0,9.8,0.0,0.0,0.0
147.500,-0.07,9.8,-0.1,-0.1,9.8,0.0,0.0,-6.1E-4,,,,,,,,,,,,,,,,,,,147.500,-0.05,9.8,0.0,0.0,9.8,0.0,0.0,0.0,,,,,,,,,,147.500,-0.07,9.8,-0.1,0.0,9.8,0.0,0.0,6.1E-4
147.550,-0.06,9.8,0.1,0.0,9.8,0.0,0.0,0.0,,,,,,,,,,,,,,,,,,,147.550,-0.04,9.8,-0.1,0.0,9.8,0.0,0.0,6.1E-4,,,,,,,,,,147.550,-0.07,9.8,-0.1,0.0,9.8,0.0,0.0,6.1E-4
147.600,-0.07,9.8,0.0,-0.1,9.8,0.0,0.0,-6.1E-4,,,,,,,,,,,,,,,,,,,147.600,-0.04,9.8,-0.1,0.0,9.8,0.0,0.0,0.0,,,,,,,,,,147.600,-0.06,9.8,-0.1,0.0,9.8,0.0,0.0,-6.1E-4
147.650,-0.07,9.8,-0.1,0.0,9.8,0.0,0.0,0.0,,,,,,,,,,,,,,,,,,,147.650,-0.04,9.8,0.0,0.0,9.8,0.0,0.0,0.0,,,,,,,,,,147.650,-0.06,9.8,-0.1,0.0,9.8,0.0,0.0,-6.1E-4
147.700,-0.06,9.8,0.0,-0.1,9.8,0.0,0.0,-6.1E-4,,,,,,,,,,,,,,,,,,,147.700,-0.04,9.8,0.0,0.0,9.8,-1.2E-4,0.0,0.0,,,,,,,,,,147.700,-0.07,9.8,-0.1,0.0,9.8,0.0,0.0,6.1E-4
147.750,-0.06,9.9,0.1,0.0,9.9,0.0,0.0,0.0,,,,,,,,,,,,,,,,,,,147.750,-0.04,9.8,0.0,0.0,9.8,0.0,0.0,0.0,,,,,,,,,,147.750,-0.07,9.8,-0.1,0.0,9.8,0.0,0.0,6.1E-4
147.800,-0.06,9.8,0.0,-0.1,9.8,0.0,0.0,0.0,,,,,,,,,,,,,,,,,,,147.800,-0.04,9.8,0.0,0.0,9.8,0.0,0.0,0.0,,,,,,,,,,147.800,-0.06,9.8,-0.1,0.0,9.8,0.0,0.0,-6.1E-4
147.850,-0.06,9.9,0.0,-0.1,9.9,0.0,0.0,-6.1E-4,,,,,,,,,,,,,,,,,,,147.850,-0.04,9.8,0.0,0.0,9.8,0.0,0.0,6.1E-4,,,,,,,,,,147.850,-0.06,9.8,-0.1,0.0,9.8,0.0,0.0,-6.1E-4
147.900,-0.06,9.8,-0.1,-0.1,9.8,0.0,0.0,0.0,,,,,,,,,,,,,,,,,,,147.900,-0.04,9.8,0.0,0.0,9.8,-1.2E-4,0.0,0.0,,,,,,,,,,147.900,-0.07,9.8,-0.1,0.0,9.8,0.0,0.0,6.1E-4
147.950,-0.06,9.8,0.0,0.0,9.8,0.0,0.0,-6.1E-4,,,,,,,,,,,,,,,,,,,147.950,-0.02,9.8,0.0,0.0,9.8,0.0,0.0,-6.1E-4,,,,,,,,,,147.950,-0.06,9.8,-0.1,0.0,9.8,0.0,0.0,-6.1E-4
148.000,-0.05,9.8,0.1,-0.1,9.8,0.0,0.0,-6.1E-4,,,,,,,,,,,,,,,,,,,148.000,-0.05,9.8,-0.1,0.0,9.8,0.0,0.0,-6.1E-4,,,,,,,,,,148.000,-0.06,9.8,-0.1,0.0,9.8,0.0,0.0,6.1E-4
148.050,-0.06,9.8,0.0,0.0,9.8,0.0,0.0,0.0,,,,,,,,,,,,,,,,,,,148.050,-0.04,9.9,0.0,0.0,9.9,0.0,0.0,-6.1E-4,,,,,,,,,,148.050,-0.05,9.8,-0.1,0.0,9.8,0.0,0.0,-6.1E-4
148.100,-0.06,9.8,-0.1,-0.1,9.8,0.0,0.0,0.0,,,,,,,,,,,,,,,,,,,148.100,-0.03,9.8,0.0,0.0,9.8,0.0,0.0,-6.1E-4,,,,,,,,,,148.100,-0.06,9.8,-0.1,0.0,9.8,0.0,0.0,6.1E-4
148.150,-0.06,9.9,0.0,-0.1,9.9,0.0,0.0,-6.1E-4,,,,,,,,,,,,,,,,,,,148.150,-0.03,9.8,-0.1,0.0,9.8,0.0,0.0,-6.1E-4,,,,,,,,,,148.150,-0.07,9.8,-0.1,0.0,9.8,0.0,0.0,-6.1E-4
148.200,-0.06,9.8,0.0,0.0,9.8,0.0,0.0,0.0,,,,,,,,,,,,,,,,,,,148.200,-0.03,9.8,-0.1,0.0,9.8,0.0,0.0,0.0,,,,,,,,,,148.200,-0.06,9.8,-0.1,0.0,9.8,0.0,0.0,6.1E-4
148.250,-0.06,9.8,-0.1,-0.1,9.8,0.0,0.0,6.1E-4,,,,,,,,,,,,,,,,,,,148.250,-0.03,9.9,1.9E-4,0.1,9.9,0.0,0.0,0.0,,,,,,,,,,148.250,-0.06,9.8,-0.1,0.0,9.8,0.0,0.0,-6.1E-4
148.300,-0.05,9.8,0.1,0.0,9.8,0.0,0.0,0.0,,,,,,,,,,,,,,,,,,,148.300,-0.04,9.8,-0.1,0.0,9.8,0.0,0.0,0.0,,,,,,,,,,148.300,-0.06,9.8,-0.1,0.0,9.8,0.0,0.0,-6.1E-4
148.350,-0.05,9.8,0.0,-0.1,9.8,0.0,0.0,6.1E-4,,,,,,,,,,,,,,,,,,,148.350,-0.04,9.9,0.0,0.1,9.9,0.0,0.0,6.1E-4,,,,,,,,,,148.350,-0.05,9.8,-0.1,0.0,9.8,0.0,0.0,-6.1E-4
148.400,-0.04,9.9,-0.1,0.0,9.9,0.0,0.0,0.0,,,,,,,,,,,,,,,,,,,148.400,-0.05,9.8,-0.1,0.0,9.8,0.0,0.0,0.0,,,,,,,,,,148.400,-0.05,9.8,-0.1,0.0,9.8,0.0,0.0,-6.1E-4
148.450,-0.05,9.8,0.1,-0.1,9.8,0.0,0.0,6.1E-4,,,,,,,,,,,,,,,,,,,148.450,-0.04,9.8,0.0,0.0,9.8,0.0,0.0,-6.1E-4,,,,,,,,,,148.450,-0.06,9.8,-0.1,0.0,9.8,0.0,0.0,0.0
148.500,-0.04,9.9,0.1,0.0,9.9,0.0,0.0,0.0,,,,,,,,,,,,,,,,,,,148.500,-0.03,9.8,0.0,0.0,9.8,0.0,0.0,0.0,,,,,,,,,,148.500,-0.05,9.8,-0.1,0.0,9.8,0.0,0.0,-6.1E-4
148.550,-0.05,9.8,0.0,-0.1,9.8,0.0,0.0,0.0,,,,,,,,,,,,,,,,,,,148.550,-0.02,9.8,0.0,0.0,9.8,0.0,0.0,6.1E-4,,,,,,,,,,148.550,-0.05,9.8,-0.1,0.0,9.8,0.0,0.0,-6.1E-4
148.600,-0.05,9.9,0.0,0.0,9.9,0.0,0.0,6.1E-4,,,,,,,,,,,,,,,,,,,148.600,-0.04,9.8,-0.1,0.0,9.8,0.0,0.0,0.0,,,,,,,,,,148.600,-0.04,9.8,-0.1,0.0,9.8,0.0,0.0,0.0
148.650,-0.05,9.8,0.0,0.0,9.8,0.0,0.0,0.0,,,,,,,,,,,,,,,,,,,148.650,-0.03,9.8,0.0,0.0,9.8,0.0,0.0,-6.1E-4,,,,,,,,,,148.650,-0.06,9.8,-0.1,0.0,9.8,0.0,0.0,-6.1E-4
148.700,-0.05,9.8,-0.1,0.0,9.8,0.0,0.0,-6.1E-4,,,,,,,,,,,,,,,,,,,148.700,-0.04,9.9,0.0,0.0,9.9,0.0,0.0,6.1E-4,,,,,,,,,,148.700,-0.06,9.8,-0.1,0.0,9.8,0.0,0.0,-6.1E-4
148.750,-0.05,9.9,0.0,-0.1,9.9,0.0,0.0,0.0,,,,,,,,,,,,,,,,,,,148.750,-0.03,9.8,-0.1,0.0,9.8,0.0,0.0,6.1E-4,,,,,,,,,,148.750,-0.05,9.8,0.0,0.0,9.8,0.0,0.0,0.0
148.800,-0.05,9.8,1.9E-4,0.0,9.8,0.0,0.0,0.0,,,,,,,,,,,,,,,,,,,148.800,-0.03,9.8,-0.1,0.0,9.8,0.0,0.0,0.0,,,,,,,,,,148.800,-0.07,9.8,-0.2,0.0,9.8,0.0,0.0,0.0
148.850,-0.05,9.8,-0.1,-0.1,9.8,0.0,0.0,0.0,,,,,,,,,,,,,,,,,,,148.850,-0.04,9.8,0.0,0.0,9.8,0.0,0.0,0.0,,,,,,,,,,148.850,-0.06,9.8,0.0,0.0,9.8,0.0,0.0,0.0
148.900,-0.05,9.8,0.0,-0.1,9.8,0.0,0.0,0.0,,,,,,,,,,,,,,,,,,,148.900,-0.03,9.9,0.0,0.0,9.9,0.0,0.0,0.0,,,,,,,,,,148.900,-0.05,9.8,0.0,0.0,9.8,0.0,0.0,0.0
148.950,-0.06,9.8,0.0,0.0,9.8,0.0,0.0,0.0,,,,,,,,,,,,,,,,,,,148.950,-0.02,9.8,-0.1,0.0,9.8,0.0,0.0,0.0,,,,,,,,,,148.950,-0.06,9.8,-0.1,0.0,9.8,0.0,0.0,0.0
149.000,-0.07,9.8,0.0,-0.1,9.8,0.0,0.0,-6.1E-4,,,,,,,,,,,,,,,,,,,149.000,-0.01,9.8,-0.1,0.0,9.8,0.0,0.0,6.1E-4,,,,,,,,,,149.000,-0.06,9.8,0.0,-0.1,9.8,0.0,0.0,-6.1E-4
149.050,-0.06,9.9,0.0,-0.1,9.9,0.0,0.0,6.1E-4,,,,,,,,,,,,,,,,,,,149.050,-0.03,9.9,0.0,0.0,9.9,0.0,0.0,0.0,,,,,,,,,,149.050,-0.06,9.8,-0.1,0.0,9.8,0.0,0.0,6.1E-4
149.100,-0.06,9.8,0.0,-0.1,9.8,0.0,0.0,0.0,,,,,,,,,,,,,,,,,,,149.100,-0.03,9.9,0.0,0.0,9.9,0.0,0.0,-6.1E-4,,,,,,,,,,149.100,-0.06,9.8,-0.1,0.0,9.8,0.0,0.0,0.0
149.150,-0.06,9.8,0.0,0.0,9.8,0.0,0.0,-6.1E-4,,,,,,,,,,,,,,,,,,,149.150,-0.03,9.8,-0.1,0.0,9.8,0.0,0.0,-6.1E-4,,,,,,,,,,149.150,-0.05,9.8,0.0,0.0,9.8,0.0,0.0,6.1E-4
149.200,-0.07,9.8,0.0,-0.1,9.8,0.0,0.0,-6.1E-4,,,,,,,,,,,,,,,,,,,149.200,-0.03,9.8,-0.1,0.0,9.8,0.0,0.0,-6.1E-4,,,,,,,,,,149.200,-0.06,9.8,-0.1,0.0,9.8,0.0,0.0,-6.1E-4
149.250,-0.06,9.8,0.0,0.0,9.8,0.0,0.0,-6.1E-4,,,,,,,,,,,,,,,,,,,149.250,-0.02,9.8,0.0,0.0,9.8,0.0,0.0,-6.1E-4,,,,,,,,,,149.250,-0.07,9.8,-0.1,0.0,9.8,0.0,0.0,0.0
149.300,-0.06,9.8,-0.1,-0.1,9.8,0.0,0.0,0.0,,,,,,,,,,,,,,,,,,,149.300,-0.03,9.8,0.0,0.0,9.8,0.0,0.0,6.1E-4,,,,,,,,,,149.300,-0.06,9.8,-0.1,0.0,9.8,0.0,0.0,0.0
149.350,-0.06,9.9,0.1,0.0,9.9,0.0,0.0,-6.1E-4,,,,,,,,,,,,,,,,,,,149.350,-0.03,9.8,0.0,0.0,9.8,-1.2E-4,0.0,0.0,,,,,,,,,,149.350,-0.06,9.8,-0.1,0.0,9.8,0.0,0.0,0.0
149.400,-0.06,9.9,0.0,-0.1,9.9,0.0,0.0,0.0,,,,,,,,,,,,,,,,,,,149.400,-0.03,9.8,-0.1,0.0,9.8,0.0,0.0,0.0,,,,,,,,,,149.400,-0.06,9.8,-0.1,0.0,9.8,0.0,0.0,-6.1E-4
149.450,-0.06,9.8,-0.1,0.0,9.8,0.0,0.0,0.0,,,,,,,,,,,,,,,,,,,149.450,-0.02,9.9,0.0,0.0,9.9,0.0,0.0,0.0,,,,,,,,,,149.450,-0.06,9.8,-0.1,0.0,9.8,0.0,0.0,0.0
149.500,-0.06,9.8,0.0,-0.1,9.8,0.0,0.0,-6.1E-4,,,,,,,,,,,,,,,,,,,149.500,-0.01,9.8,0.0,0.0,9.8,0.0,0.0,-6.1E-4,,,,,,,,,,149.500,-0.07,9.8,0.0,0.0,9.8,0.0,0.0,-6.1E-4
149.550,-0.06,9.9,0.0,0.0,9.9,0.0,0.0,0.0,,,,,,,,,,,,,,,,,,,149.550,-0.02,9.8,0.0,0.0,9.8,0.0,0.0,6.1E-4,,,,,,,,,,149.550,-0.06,9.8,-0.1,0.0,9.8,0.0,0.0,0.0
149.600,-0.07,9.8,0.0,-0.1,9.8,0.0,0.0,0.0,,,,,,,,,,,,,,,,,,,149.600,-0.02,9.8,0.0,0.0,9.8,0.0,0.0,0.0,,,,,,,,,,149.600,-0.06,9.8,-0.1,0.0,9.8,0.0,0.0,0.0
149.650,-0.06,9.8,0.0,-0.1,9.8,0.0,0.0,-6.1E-4,,,,,,,,,,,,,,,,,,,149.650,-0.03,9.8,0.0,0.0,9.8,0.0,0.0,6.1E-4,,,,,,,,,,149.650,-0.06,9.8,-0.1,0.0,9.8,0.0,0.0,6.1E-4
149.700,-0.05,9.8,0.0,-0.1,9.8,0.0,0.0,0.0,,,,,,,,,,,,,,,,,,,149.700,-0.03,9.8,-0.1,0.0,9.8,0.0,0.0,0.0,,,,,,,,,,149.700,-0.05,9.8,-0.1,0.0,9.8,0.0,0.0,0.0
149.750,-0.06,9.8,0.0,0.0,9.8,0.0,0.0,-6.1E-4,,,,,,,,,,,,,,,,,,,149.750,-0.05,9.8,0.0,0.0,9.8,0.0,0.0,6.1E-4,,,,,,,,,,149.750,-0.05,9.8,-0.1,0.0,9.8,0.0,0.0,6.1E-4
149.800,-0.06,9.8,0.0,-0.1,9.8,0.0,0.0,-6.1E-4,,,,,,,,,,,,,,,,,,,149.800,-0.04,9.8,-0.1,0.0,9.8,0.0,0.0,-6.1E-4,,,,,,,,,,149.800,-0.06,9.8,-0.1,0.0,9.8,0.0,0.0,0.0
149.850,-0.07,9.9,0.0,0.0,9.9,0.0,0.0,-6.1E-4,,,,,,,,,,,,,,,,,,,149.850,-0.03,9.8,-0.1,0.0,9.8,0.0,0.0,-6.1E-4,,,,,,,,,,149.850,-0.06,9.8,-0.1,0.0,9.8,0.0,0.0,0.0
149.900,-0.07,9.8,-0.1,-0.1,9.8,-1.2E-4,0.0,0.0,,,,,,,,,,,,,,,,,,,149.900,-0.04,9.9,0.0,0.0,9.9,0.0,0.0,6.1E-4,,,,,,,,,,149.900,-0.05,9.8,-0.1,0.0,9.8,0.0,0.0,0.0
149.950,-0.07,9.8,0.0,-0.1,9.8,0.0,0.0,-6.1E-4,,,,,,,,,,,,,,,,,,,149.950,-0.05,9.8,-0.1,0.0,9.8,0.0,0.0,6.1E-4,,,,,,,,,,149.950,-0.06,9.8,-0.1,0.0,9.8,0.0,0.0,0.0
150.000,-0.05,9.9,0.0,0.0,9.9,0.0,0.0,0.0,,,,,,,,,,,,,,,,,,,150.000,-0.05,9.8,-0.1,0.0,9.8,0.0,0.0,-6.1E-4,,,,,,,,,,150.000,-0.06,9.8,-0.1,0.0,9.8,0.0,0.0,0.0
150.050,-0.07,9.9,0.0,0.0,9.9,0.0,0.0,-6.1E-4,,,,,,,,,,,,,,,,,,,150.050,-0.04,9.8,-0.1,0.0,9.8,0.0,0.0,-6.1E-4,,,,,,,,,,150.050,-0.06,9.8,-0.1,0.0,9.8,0.0,0.0,6.1E-4
150.100,-0.06,9.9,0.0,-0.1,9.9,0.0,0.0,-6.1E-4,,,,,,,,,,,,,,,,,,,150.100,-0.03,9.8,0.0,0.0,9.8,0.0,0.0,0.0,,,,,,,,,,150.100,-0.05,9.8,-0.1,0.0,9.8,0.0,0.0,0.0
150.150,-0.06,9.9,1.9E-4,0.0,9.9,0.0,0.0,-6.1E-4,,,,,,,,,,,,,,,,,,,150.150,-0.04,9.8,0.0,0.0,9.8,0.0,0.0,6.1E-4,,,,,,,,,,150.150,-0.05,9.8,-0.1,0.0,9.8,0.0,0.0,6.1E-4
150.200,-0.06,9.8,0.0,-0.1,9.8,0.0,0.0,0.0,,,,,,,,,,,,,,,,,,,150.200,-0.04,9.8,-0.1,0.0,9.8,0.0,0.0,0.0,,,,,,,,,,150.200,-0.06,9.8,-0.1,0.0,9.8,0.0,0.0,-6.1E-4
150.250,-0.06,9.8,0.0,-0.1,9.8,0.0,0.0,0.0,,,,,,,,,,,,,,,,,,,150.250,-0.03,9.8,-0.1,0.0,9.8,0.0,0.0,-6.1E-4,,,,,,,,,,150.250,-0.06,9.8,0.0,0.0,9.8,0.0,0.0,6.1E-4
150.300,-0.05,9.9,0.0,0.0,9.9,0.0,0.0,-6.1E-4,,,,,,,,,,,,,,,,,,,150.300,-0.03,9.9,0.0,0.0,9.9,0.0,0.0,0.0,,,,,,,,,,150.300,-0.06,9.8,-0.1,0.0,9.8,-1.2E-4,0.0,0.0
150.350,-0.05,9.8,0.0,-0.1,9.8,0.0,0.0,0.0,,,,,,,,,,,,,,,,,,,150.350,-0.03,9.8,0.0,0.0,9.8,0.0,0.0,6.1E-4,,,,,,,,,,150.350,-0.05,9.8,-0.1,0.0,9.8,0.0,0.0,6.1E-4
150.400,-0.07,9.8,0.0,-0.1,9.8,0.0,0.0,-6.1E-4,,,,,,,,,,,,,,,,,,,150.400,-0.03,9.8,-0.1,0.0,9.8,0.0,0.0,-6.1E-4,,,,,,,,,,150.400,-0.04,9.8,-0.1,0.0,9.8,0.0,0.0,-6.1E-4
150.450,-0.06,9.8,0.0,-0.1,9.8,0.0,0.0,6.1E-4,,,,,,,,,,,,,,,,,,,150.450,-0.03,9.8,0.0,0.0,9.8,0.0,0.0,-6.1E-4,,,,,,,,,,150.450,-0.04,9.8,0.0,0.0,9.8,0.0,0.0,-6.1E-4
150.500,-0.07,9.8,-0.1,-0.1,9.8,0.0,0.0,0.0,,,,,,,,,,,,,,,,,,,150.500,-0.05,9.8,0.0,0.0,9.8,0.0,0.0,6.1E-4,,,,,,,,,,150.500,-0.05,9.8,-0.1,0.0,9.8,0.0,0.0,0.0
150.550,-0.06,9.8,0.0,-0.1,9.8,0.0,0.0,6.1E-4,,,,,,,,,,,,,,,,,,,150.550,-0.05,9.9,0.0,0.0,9.9,0.0,0.0,-6.1E-4,,,,,,,,,,150.550,-0.06,9.8,-0.1,0.0,9.8,0.0,0.0,6.1E-4
150.600,-0.06,9.9,0.0,0.0,9.9,0.0,0.0,0.0,,,,,,,,,,,,,,,,,,,150.600,-0.04,9.8,-0.1,0.0,9.8,0.0,0.0,-6.1E-4,,,,,,,,,,150.600,-0.06,9.8,-0.1,0.0,9.8,0.0,0.0,0.0
150.650,-0.06,9.8,-0.1,-0.1,9.8,0.0,0.0,-6.1E-4,,,,,,,,,,,,,,,,,,,150.650,-0.04,9.8,0.0,0.0,9.8,0.0,0.0,0.0,,,,,,,,,,150.650,-0.06,9.8,-0.1,0.0,9.8,0.0,0.0,0.0
150.700,-0.06,9.8,0.0,-0.1,9.8,0.0,0.0,-6.1E-4,,,,,,,,,,,,,,,,,,,150.700,-0.04,9.8,0.0,0.0,9.8,0.0,0.0,0.0,,,,,,,,,,150.700,-0.06,9.8,-0.1,0.0,9.8,0.0,0.0,0.0
150.750,-0.06,9.9,0.0,0.0,9.9,0.0,0.0,0.0,,,,,,,,,,,,,,,,,,,150.750,-0.04,9.9,1.9E-4,0.1,9.9,0.0,0.0,0.0,,,,,,,,,,150.750,-0.04,9.8,-0.1,0.0,9.8,0.0,0.0,-6.1E-4
150.800,-0.06,9.8,-0.1,-0.1,9.8,0.0,0.0,-6.1E-4,,,,,,,,,,,,,,,,,,,150.800,-0.04,9.8,-0.1,0.0,9.8,0.0,0.0,0.0,,,,,,,,,,150.800,-0.05,9.8,-0.1,0.0,9.8,0.0,0.0,-6.1E-4
150.850,-0.05,9.9,0.1,-0.1,9.9,0.0,0.0,6.1E-4,,,,,,,,,,,,,,,,,,,150.850,-0.04,9.8,-0.1,0.0,9.8,0.0,0.0,0.0,,,,,,,,,,150.850,-0.05,9.8,0.0,0.0,9.8,0.0,0.0,6.1E-4
150.900,-0.05,9.8,0.0,0.0,9.8,0.0,0.0,0.0,,,,,,,,,,,,,,,,,,,150.900,-0.03,9.8,0.0,0.0,9.8,0.0,0.0,-6.1E-4,,,,,,,,,,150.900,-0.05,9.8,-0.1,0.0,9.8,0.0,0.0,-6.1E-4
150.950,-0.05,9.9,-0.1,0.0,9.9,0.0,0.0,6.1E-4,,,,,,,,,,,,,,,,,,,150.950,-0.05,9.9,0.0,0.0,9.9,-1.2E-4,0.0,6.1E-4,,,,,,,,,,150.950,-0.05,9.8,-0.1,0.0,9.8,0.0,0.0,6.1E-4
151.000,-0.06,9.8,0.0,-0.1,9.8,0.0,0.0,0.0,,,,,,,,,,,,,,,,,,,151.000,-0.04,9.8,-0.1,0.0,9.8,0.0,0.0,-6.1E-4,,,,,,,,,,151.000,-0.05,9.8,-0.1,0.0,9.8,0.0,0.0,0.0
151.050,-0.06,9.9,0.0,0.0,9.9,-1.2E-4,0.0,0.0,,,,,,,,,,,,,,,,,,,151.050,-0.04,9.9,0.0,0.0,9.9,0.0,0.0,6.1E-4,,,,,,,,,,151.050,-0.05,9.8,0.0,0.0,9.8,0.0,0.0,6.1E-4
151.100,-0.06,9.8,0.0,-0.1,9.8,0.0,0.0,0.0,,,,,,,,,,,,,,,,,,,151.100,-0.04,9.8,0.0,0.0,9.8,0.0,0.0,-6.1E-4,,,,,,,,,,151.100,-0.05,9.8,-0.1,0.0,9.8,0.0,0.0,-6.1E-4
151.150,-0.07,9.9,0.0,0.0,9.9,0.0,0.0,-6.1E-4,,,,,,,,,,,,,,,,,,,151.150,-0.04,9.9,0.0,0.0,9.9,0.0,0.0,6.1E-4,,,,,,,,,,151.150,-0.05,9.8,-0.1,0.0,9.8,0.0,0.0,-6.1E-4
151.200,-0.06,9.8,0.0,0.0,9.8,0.0,0.0,0.0,,,,,,,,,,,,,,,,,,,151.200,-0.03,9.8,-0.1,0.0,9.8,0.0,0.0,0.0,,,,,,,,,,151.200,-0.05,9.8,-0.1,0.0,9.8,0.0,0.0,-6.1E-4
151.250,-0.06,9.8,0.0,0.0,9.8,0.0,0.0,0.0,,,,,,,,,,,,,,,,,,,151.250,-0.04,9.8,-0.1,0.0,9.8,0.0,0.0,6.1E-4,,,,,,,,,,151.250,-0.05,9.8,-0.1,0.0,9.8,0.0,0.0,-6.1E-4
151.300,-0.07,9.8,0.0,-0.1,9.8,0.0,0.0,0.0,,,,,,,,,,,,,,,,,,,151.300,-0.03,9.8,0.0,0.0,9.8,0.0,0.0,-6.1E-4,,,,,,,,,,151.300,-0.03,9.8,-0.1,0.0,9.8,0.0,0.0,6.1E-4
151.350,-0.06,9.9,0.0,0.0,9.9,0.0,0.0,6.1E-4,,,,,,,,,,,,,,,,,,,151.350,-0.02,9.8,0.0,0.0,9.8,0.0,0.0,0.0,,,,,,,,,,151.350,-0.04,9.8,-0.1,0.0,9.8,0.0,0.0,-6.1E-4
151.400,-0.05,9.8,0.0,-0.1,9.8,0.0,0.0,0.0,,,,,,,,,,,,,,,,,,,151.400,-0.03,9.9,0.0,0.1,9.9,0.0,0.0,6.1E-4,,,,,,,,,,151.400,-0.04,9.8,-0.1,0.0,9.8,0.0,0.0,-6.1E-4
151.450,-0.06,9.8,0.0,-0.1,9.8,0.0,0.0,-6.1E-4,,,,,,,,,,,,,,,,,,,151.450,-0.02,9.8,-0.1,0.0,9.8,0.0,0.0,-6.1E-4,,,,,,,,,,151.450,-0.04,9.8,-0.1,0.0,9.8,0.0,0.0,-6.1E-4
151.500,-0.05,9.8,0.0,-0.1,9.8,0.0,0.0,0.0,,,,,,,,,,,,,,,,,,,151.500,-0.02,9.8,0.0,0.0,9.8,0.0,0.0,-6.1E-4,,,,,,,,,,151.500,-0.05,9.8,-0.1,0.0,9.8,0.0,0.0,6.1E-4
151.550,-0.05,9.8,-0.1,0.0,9.8,0.0,0.0,0.0,,,,,,,,,,,,,,,,,,,151.550,-0.04,9.9,0.0,0.0,9.9,0.0,0.0,-6.1E-4,,,,,,,,,,151.550,-0.05,9.8,-0.1,0.0,9.8,0.0,0.0,0.0
151.600,-0.06,9.9,0.0,-0.1,9.9,0.0,0.0,-6.1E-4,,,,,,,,,,,,,,,,,,,151.600,-0.04,9.8,0.0,0.0,9.8,0.0,0.0,0.0,,,,,,,,,,151.600,-0.04,9.8,-0.1,0.0,9.8,0.0,0.0,-6.1E-4
151.650,-0.06,9.8,0.0,-0.1,9.8,-1.2E-4,0.0,0.0,,,,,,,,,,,,,,,,,,,151.650,-0.04,9.8,-0.1,0.0,9.8,0.0,0.0,0.0,,,,,,,,,,151.650,-0.05,9.8,-0.1,0.0,9.8,0.0,0.0,-6.1E-4
151.700,-0.06,9.8,0.0,-0.1,9.8,0.0,0.0,6.1E-4,,,,,,,,,,,,,,,,,,,151.700,-0.04,9.9,0.0,0.0,9.9,0.0,0.0,-6.1E-4,,,,,,,,,,151.700,-0.05,9.8,-0.1,0.0,9.8,0.0,0.0,6.1E-4
151.750,-0.06,9.8,0.0,-0.1,9.8,0.0,0.0,-6.1E-4,,,,,,,,,,,,,,,,,,,151.750,-0.04,9.8,-0.1,0.0,9.8,-1.2E-4,0.0,0.0,,,,,,,,,,151.750,-0.06,9.8,-0.1,0.0,9.8,0.0,0.0,0.0
151.800,-0.07,9.9,0.0,0.0,9.9,0.0,0.0,-6.1E-4,,,,,,,,,,,,,,,,,,,151.800,-0.04,9.8,-0.1,0.0,9.8,0.0,0.0,6.1E-4,,,,,,,,,,151.800,-0.04,9.8,-0.1,0.0,9.8,0.0,0.0,0.0
151.850,-0.06,9.8,0.0,-0.1,9.8,0.0,0.0,-6.1E-4,,,,,,,,,,,,,,,,,,,151.850,-0.04,9.9,1.9E-4,0.0,9.9,0.0,0.0,-6.1E-4,,,,,,,,,,151.850,-0.05,9.8,-0.1,0.0,9.8,0.0,0.0,-6.1E-4
151.900,-0.05,9.9,0.0,0.0,9.9,0.0,0.0,-6.1E-4,,,,,,,,,,,,,,,,,,,151.900,-0.04,9.8,-0.1,0.0,9.8,0.0,0.0,-6.1E-4,,,,,,,,,,151.900,-0.05,9.8,-0.1,0.0,9.8,0.0,0.0,6.1E-4
151.950,-0.06,9.8,0.0,-0.1,9.8,-1.2E-4,0.0,-6.1E-4,,,,,,,,,,,,,,,,,,,151.950,-0.04,9.8,0.0,0.0,9.8,0.0,0.0,6.1E-4,,,,,,,,,,151.950,-0.05,9.8,-0.1,0.0,9.8,0.0,0.0,6.1E-4
152.000,-0.06,9.8,-0.1,-0.1,9.8,0.0,0.0,0.0,,,,,,,,,,,,,,,,,,,152.000,-0.04,9.8,0.0,0.0,9.8,0.0,0.0,0.0,,,,,,,,,,152.000,-0.05,9.8,-0.1,0.0,9.8,0.0,0.0,-6.1E-4
152.050,-0.06,9.8,0.0,-0.1,9.8,0.0,0.0,-6.1E-4,,,,,,,,,,,,,,,,,,,152.050,-0.04,9.9,0.0,0.1,9.9,-1.2E-4,0.0,0.0,,,,,,,,,,152.050,-0.05,9.8,-0.1,0.0,9.8,0.0,0.0,0.0
152.100,-0.06,9.9,0.0,-0.1,9.9,0.0,0.0,-6.1E-4,,,,,,,,,,,,,,,,,,,152.100,-0.04,9.8,0.0,0.0,9.8,0.0,0.0,6.1E-4,,,,,,,,,,152.100,-0.05,9.8,0.0,0.0,9.8,0.0,0.0,-6.1E-4
152.150,-0.06,9.8,0.0,-0.1,9.8,0.0,0.0,-6.1E-4,,,,,,,,,,,,,,,,,,,152.150,-0.02,9.9,0.0,0.0,9.9,0.0,0.0,0.0,,,,,,,,,,152.150,-0.05,9.8,-0.1,0.0,9.8,0.0,0.0,6.1E-4
152.200,-0.05,9.9,0.0,-0.1,9.9,0.0,0.0,6.1E-4,,,,,,,,,,,,,,,,,,,152.200,-0.04,9.8,-0.1,0.0,9.8,0.0,0.0,6.1E-4,,,,,,,,,,152.200,-0.05,9.9,-0.1,0.0,9.9,0.0,0.0,0.0
152.250,-0.05,9.8,0.0,-0.1,9.8,0.0,0.0,0.0,,,,,,,,,,,,,,,,,,,152.250,-0.04,9.8,0.0,0.0,9.8,0.0,0.0,0.0,,,,,,,,,,152.250,-0.05,9.8,-0.1,0.0,9.8,0.0,0.0,0.0
152.300,-0.05,9.8,0.0,-0.1,9.8,0.0,0.0,6.1E-4,,,,,,,,,,,,,,,,,,,152.300,-0.03,9.8,0.0,0.0,9.8,0.0,0.0,6.1E-4,,,,,,,,,,152.300,-0.05,9.8,1.9E-4,0.0,9.8,0.0,0.0,6.1E-4
152.350,-0.04,9.9,0.0,0.0,9.9,0.0,0.0,0.0,,,,,,,,,,,,,,,,,,,152.350,-0.03,9.8,0.0,0.0,9.8,0.0,0.0,-6.1E-4,,,,,,,,,,152.350,-0.06,9.8,-0.1,0.0,9.8,0.0,0.0,-6.1E-4
152.400,-0.05,9.8,0.0,-0.1,9.8,0.0,0.0,-6.1E-4,,,,,,,,,,,,,,,,,,,152.400,-0.04,9.8,-0.1,0.0,9.8,0.0,0.0,0.0,,,,,,,,,,152.400,-0.06,9.8,-0.1,0.0,9.8,0.0,0.0,6.1E-4
152.450,-0.04,9.8,0.0,-0.1,9.8,0.0,0.0,-6.1E-4,,,,,,,,,,,,,,,,,,,152.450,-0.04,9.8,-0.1,0.0,9.8,0.0,0.0,6.1E-4,,,,,,,,,,152.450,-0.06,9.8,-0.1,0.0,9.8,0.0,0.0,-6.1E-4
152.500,-0.04,9.8,0.0,0.0,9.8,0.0,0.0,-6.1E-4,,,,,,,,,,,,,,,,,,,152.500,-0.04,9.8,0.0,0.0,9.8,-1.2E-4,0.0,0.0,,,,,,,,,,152.500,-0.06,9.8,-0.1,0.0,9.8,0.0,0.0,0.0
152.550,-0.05,9.8,0.0,-0.1,9.8,0.0,0.0,0.0,,,,,,,,,,,,,,,,,,,152.550,-0.04,9.9,1.9E-4,0.0,9.9,0.0,0.0,6.1E-4,,,,,,,,,,152.550,-0.06,9.8,-0.1,0.0,9.8,0.0,0.0,6.1E-4
152.600,-0.05,9.8,0.0,0.0,9.8,0.0,0.0,-6.1E-4,,,,,,,,,,,,,,,,,,,152.600,-0.05,9.8,-0.1,0.0,9.8,0.0,0.0,0.0,,,,,,,,,,152.600,-0.05,9.8,-0.1,0.0,9.8,0.0,0.0,-6.1E-4
152.650,-0.04,9.8,0.0,-0.1,9.8,0.0,0.0,0.0,,,,,,,,,,,,,,,,,,,152.650,-0.05,9.8,0.0,0.0,9.8,0.0,0.0,-6.1E-4,,,,,,,,,,152.650,-0.06,9.8,0.0,0.0,9.8,0.0,0.0,0.0
152.700,-0.05,9.8,0.0,-0.1,9.8,0.0,0.0,-6.1E-4,,,,,,,,,,,,,,,,,,,152.700,-0.04,9.8,-0.1,0.0,9.8,0.0,0.0,6.1E-4,,,,,,,,,,152.700,-0.04,9.8,-0.1,0.0,9.8,0.0,0.0,-6.1E-4
152.750,-0.05,9.9,0.0,-0.1,9.9,0.0,0.0,0.0,,,,,,,,,,,,,,,,,,,152.750,-0.04,9.8,0.0,0.0,9.8,0.0,0.0,6.1E-4,,,,,,,,,,152.750,-0.04,9.8,-0.1,0.0,9.8,0.0,0.0,0.0
152.800,-0.05,9.9,0.0,0.0,9.9,0.0,0.0,6.1E-4,,,,,,,,,,,,,,,,,,,152.800,-0.04,9.8,0.0,0.0,9.8,0.0,0.0,6.1E-4,,,,,,,,,,152.800,-0.05,9.8,0.0,0.0,9.8,0.0,0.0,6.1E-4
152.850,-0.05,9.8,-0.1,-0.1,9.8,0.0,0.0,-6.1E-4,,,,,,,,,,,,,,,,,,,152.850,-0.04,9.8,-0.1,0.0,9.8,0.0,0.0,-6.1E-4,,,,,,,,,,152.850,-0.05,9.8,-0.1,0.0,9.8,0.0,0.0,-6.1E-4
152.900,-0.06,9.9,0.0,-0.1,9.9,0.0,0.0,-6.1E-4,,,,,,,,,,,,,,,,,,,152.900,-0.02,9.8,0.0,0.0,9.8,0.0,0.0,6.1E-4,,,,,,,,,,152.900,-0.05,9.9,-0.1,0.0,9.9,0.0,0.0,6.1E-4
152.950,-0.05,9.9,0.0,0.0,9.9,0.0,0.0,-6.1E-4,,,,,,,,,,,,,,,,,,,152.950,-0.02,9.8,0.0,0.0,9.8,0.0,0.0,-6.1E-4,,,,,,,,,,152.950,-0.06,9.8,-0.1,0.0,9.8,0.0,0.0,0.0
153.000,-0.05,9.8,0.0,-0.1,9.8,0.0,0.0,6.1E-4,,,,,,,,,,,,,,,,,,,153.000,-0.01,9.8,0.0,0.0,9.8,0.0,0.0,-6.1E-4,,,,,,,,,,153.000,-0.05,9.8,-0.1,0.0,9.8,0.0,0.0,-6.1E-4
153.050,-0.06,9.8,0.0,-0.1,9.8,0.0,0.0,0.0,,,,,,,,,,,,,,,,,,,153.050,-0.03,9.8,-0.1,0.0,9.8,0.0,0.0,-6.1E-4,,,,,,,,,,153.050,-0.06,9.8,-0.1,0.0,9.8,0.0,0.0,0.0
153.100,-0.06,9.9,0.0,0.0,9.9,0.0,0.0,-6.1E-4,,,,,,,,,,,,,,,,,,,153.100,-0.04,9.8,0.0,0.0,9.8,0.0,0.0,6.1E-4,,,,,,,,,,153.100,-0.05,9.8,-0.1,0.0,9.8,0.0,0.0,-6.1E-4
153.150,-0.05,9.8,0.0,-0.1,9.8,0.0,0.0,0.0,,,,,,,,,,,,,,,,,,,153.150,-0.04,9.8,0.0,0.0,9.8,0.0,0.0,0.0,,,,,,,,,,153.150,-0.06,9.8,-0.1,0.0,9.8,0.0,0.0,0.0
153.200,-0.06,9.8,0.0,-0.1,9.8,0.0,0.0,-6.1E-4,,,,,,,,,,,,,,,,,,,153.200,-0.03,9.9,0.0,0.0,9.9,0.0,0.0,-6.1E-4,,,,,,,,,,153.200,-0.05,9.9,0.0,0.0,9.9,0.0,0.0,6.1E-4
153.250,-0.06,9.8,0.0,-0.1,9.8,0.0,0.0,0.0,,,,,,,,,,,,,,,,,,,153.250,-0.03,9.8,0.0,-0.1,9.8,0.0,0.0,0.0,,,,,,,,,,153.250,-0.06,9.8,-0.1,0.0,9.8,0.0,0.0,-6.1E-4
153.300,-0.06,9.9,0.0,0.0,9.9,0.0,0.0,-6.1E-4,,,,,,,,,,,,,,,,,,,153.300,-0.03,9.8,-0.1,0.0,9.8,0.0,0.0,0.0,,,,,,,,,,153.300,-0.06,9.8,-0.1,0.0,9.8,0.0,0.0,6.1E-4
153.350,-0.05,9.8,0.0,-0.1,9.8,0.0,0.0,0.0,,,,,,,,,,,,,,,,,,,153.350,-0.04,9.8,0.0,0.1,9.8,0.0,0.0,0.0,,,,,,,,,,153.350,-0.06,9.8,-0.1,0.0,9.8,0.0,0.0,0.0
153.400,-0.05,9.9,0.0,-0.1,9.9,0.0,0.0,0.0,,,,,,,,,,,,,,,,,,,153.400,-0.03,9.8,0.0,0.0,9.8,0.0,0.0,0.0,,,,,,,,,,153.400,-0.05,9.8,0.0,0.0,9.8,0.0,0.0,6.1E-4
153.450,-0.06,9.8,0.0,-0.1,9.8,0.0,0.0,-6.1E-4,,,,,,,,,,,,,,,,,,,153.450,-0.04,9.9,1.9E-4,0.0,9.9,0.0,0.0,0.0,,,,,,,,,,153.450,-0.05,9.8,-0.1,0.0,9.8,0.0,0.0,-6.1E-4
153.500,-0.06,9.9,0.0,-0.1,9.9,0.0,0.0,0.0,,,,,,,,,,,,,,,,,,,153.500,-0.04,9.8,-0.1,0.0,9.8,0.0,0.0,-6.1E-4,,,,,,,,,,153.500,-0.06,9.8,-0.1,0.0,9.8,0.0,0.0,-6.1E-4
153.550,-0.05,9.9,0.0,0.0,9.9,0.0,0.0,0.0,,,,,,,,,,,,,,,,,,,153.550,-0.02,9.8,-0.1,0.0,9.8,0.0,0.0,-6.1E-4,,,,,,,,,,153.550,-0.05,9.8,-0.1,0.0,9.8,0.0,0.0,-6.1E-4
153.600,-0.06,9.8,-0.1,-0.1,9.8,0.0,0.0,0.0,,,,,,,,,,,,,,,,,,,153.600,-0.04,9.8,0.0,0.0,9.8,0.0,0.0,6.1E-4,,,,,,,,,,,,,,,,,,
153.650,-0.06,9.8,0.0,-0.1,9.8,0.0,0.0,0.0,,,,,,,,,,,,,,,,,,,153.650,-0.03,9.8,0.0,0.0,9.8,0.0,0.0,-6.1E-4,,,,,,,,,,,,,,,,,,
153.700,-0.05,9.8,0.0,0.0,9.8,0.0,0.0,0.0,,,,,,,,,,,,,,,,,,,153.700,-0.04,9.8,-0.1,0.0,9.8,0.0,0.0,0.0,,,,,,,,,,,,,,,,,,
153.750,-0.04,9.8,0.0,-0.1,9.8,0.0,0.0,-6.1E-4,,,,,,,,,,,,,,,,,,,153.750,-0.04,9.8,-0.1,0.0,9.8,0.0,0.0,6.1E-4,,,,,,,,,,,,,,,,,,
153.800,-0.05,9.8,0.0,-0.1,9.8,0.0,0.0,-6.1E-4,,,,,,,,,,,,,,,,,,,153.800,-0.05,9.8,0.0,0.0,9.8,0.0,0.0,0.0,,,,,,,,,,,,,,,,,,
153.850,-0.05,9.8,0.0,0.0,9.8,0.0,0.0,-6.1E-4,,,,,,,,,,,,,,,,,,,153.850,-0.05,9.9,0.0,0.0,9.9,0.0,0.0,6.1E-4,,,,,,,,,,,,,,,,,,
153.900,-0.05,9.8,0.0,0.0,9.8,0.0,0.0,-6.1E-4,,,,,,,,,,,,,,,,,,,153.900,-0.04,9.8,-0.1,0.0,9.8,0.0,0.0,0.0,,,,,,,,,,,,,,,,,,
153.950,-0.04,9.9,0.0,0.0,9.9,0.0,0.0,-6.1E-4,,,,,,,,,,,,,,,,,,,153.950,-0.05,9.8,-0.1,0.0,9.8,0.0,0.0,0.0,,,,,,,,,,,,,,,,,,
154.000,-0.05,9.9,0.0,-0.1,9.9,0.0,0.0,-6.1E-4,,,,,,,,,,,,,,,,,,,154.000,-0.04,9.9,0.0,0.0,9.9,0.0,0.0,0.0,,,,,,,,,,,,,,,,,,
154.050,-0.05,9.9,0.0,0.0,9.9,0.0,0.0,0.0,,,,,,,,,,,,,,,,,,,154.050,-0.05,9.8,0.0,0.0,9.8,0.0,0.0,6.1E-4,,,,,,,,,,,,,,,,,,
154.100,-0.05,9.8,-0.1,0.0,9.8,0.0,0.0,-6.1E-4,,,,,,,,,,,,,,,,,,,154.100,-0.04,9.8,0.0,0.0,9.8,0.0,0.0,0.0,,,,,,,,,,,,,,,,,,
154.150,-0.05,9.8,0.0,-0.1,9.8,0.0,0.0,6.1E-4,,,,,,,,,,,,,,,,,,,154.150,-0.05,9.8,-0.1,0.0,9.8,0.0,0.0,0.0,,,,,,,,,,,,,,,,,,
154.200,-0.06,9.9,0.0,0.0,9.9,0.0,0.0,0.0,,,,,,,,,,,,,,,,,,,154.200,-0.05,9.8,-0.1,0.0,9.8,0.0,0.0,-6.1E-4,,,,,,,,,,,,,,,,,,
154.250,-0.05,9.8,0.0,-0.1,9.8,0.0,0.0,-6.1E-4,,,,,,,,,,,,,,,,,,,154.250,-0.04,9.8,0.0,0.0,9.8,0.0,0.0,-6.1E-4,,,,,,,,,,,,,,,,,,
154.300,-0.05,9.8,0.0,-0.1,9.8,0.0,0.0,0.0,,,,,,,,,,,,,,,,,,,154.300,-0.03,9.8,-0.1,0.0,9.8,0.0,0.0,6.1E-4,,,,,,,,,,,,,,,,,,
154.350,-0.05,9.9,0.0,-0.1,9.9,0.0,0.0,-6.1E-4,,,,,,,,,,,,,,,,,,,154.350,-0.04,9.8,0.0,0.0,9.8,0.0,0.0,-6.1E-4,,,,,,,,,,,,,,,,,,
154.400,-0.05,9.8,0.0,0.0,9.8,0.0,0.0,0.0,,,,,,,,,,,,,,,,,,,154.400,-0.04,9.8,0.0,0.0,9.8,0.0,0.0,0.0,,,,,,,,,,,,,,,,,,
154.450,-0.05,9.9,0.0,-0.1,9.9,0.0,0.0,-6.1E-4,,,,,,,,,,,,,,,,,,,154.450,-0.04,9.8,-0.1,0.0,9.8,0.0,0.0,0.0,,,,,,,,,,,,,,,,,,
154.500,-0.05,9.9,0.0,-0.1,9.9,0.0,0.0,0.0,,,,,,,,,,,,,,,,,,,154.500,-0.04,9.8,0.0,0.0,9.8,0.0,0.0,0.0,,,,,,,,,,,,,,,,,,
154.550,-0.05,9.8,0.0,-0.1,9.8,0.0,0.0,0.0,,,,,,,,,,,,,,,,,,,154.550,-0.04,9.8,-0.1,0.0,9.8,0.0,0.0,0.0,,,,,,,,,,,,,,,,,,
154.600,-0.05,9.9,0.0,-0.1,9.9,0.0,0.0,0.0,,,,,,,,,,,,,,,,,,,154.600,-0.04,9.8,1.9E-4,0.0,9.8,0.0,0.0,-6.1E-4,,,,,,,,,,,,,,,,,,
154.650,-0.06,9.9,0.0,0.0,9.9,0.0,0.0,-6.1E-4,,,,,,,,,,,,,,,,,,,154.650,-0.04,9.9,0.0,0.0,9.9,0.0,0.0,0.0,,,,,,,,,,,,,,,,,,
154.700,-0.05,9.8,0.0,-0.1,9.8,0.0,0.0,-6.1E-4,,,,,,,,,,,,,,,,,,,154.700,-0.03,9.8,-0.1,0.0,9.8,0.0,0.0,0.0,,,,,,,,,,,,,,,,,,
154.750,-0.06,9.9,0.0,0.0,9.9,0.0,0.0,0.0,,,,,,,,,,,,,,,,,,,154.750,-0.04,9.8,-0.1,0.0,9.8,0.0,0.0,-6.1E-4,,,,,,,,,,,,,,,,,,
154.800,-0.05,9.9,1.9E-4,-0.1,9.9,0.0,0.0,-6.1E-4,,,,,,,,,,,,,,,,,,,154.800,-0.04,9.8,-0.1,0.0,9.8,0.0,0.0,0.0,,,,,,,,,,,,,,,,,,
154.850,-0.06,9.8,0.0,0.0,9.8,0.0,0.0,0.0,,,,,,,,,,,,,,,,,,,154.850,-0.04,9.8,0.0,0.0,9.8,0.0,0.0,6.1E-4,,,,,,,,,,,,,,,,,,
154.900,-0.06,9.8,0.0,-0.1,9.8,0.0,0.0,-6.1E-4,,,,,,,,,,,,,,,,,,,154.900,-0.05,9.8,-0.1,0.0,9.8,0.0,0.0,-6.1E-4,,,,,,,,,,,,,,,,,,
154.950,-0.06,9.8,0.0,-0.1,9.8,0.0,0.0,0.0,,,,,,,,,,,,,,,,,,,154.950,-0.06,9.9,0.0,0.0,9.9,0.0,0.0,-6.1E-4,,,,,,,,,,,,,,,,,,
155.000,-0.06,9.8,0.0,-0.1,9.8,-1.2E-4,0.0,0.0,,,,,,,,,,,,,,,,,,,155.000,-0.05,9.8,-0.1,0.0,9.8,0.0,0.0,-6.1E-4,,,,,,,,,,,,,,,,,,
155.050,-0.04,9.8,0.0,-0.1,9.8,0.0,0.0,0.0,,,,,,,,,,,,,,,,,,,155.050,-0.05,9.9,0.0,0.0,9.9,0.0,0.0,0.0,,,,,,,,,,,,,,,,,,
155.100,-0.05,9.8,0.1,-0.1,9.8,0.0,0.0,-6.1E-4,,,,,,,,,,,,,,,,,,,155.100,-0.05,9.8,0.0,0.0,9.8,0.0,0.0,6.1E-4,,,,,,,,,,,,,,,,,,
155.150,-0.05,9.8,0.0,-0.1,9.8,0.0,0.0,-6.1E-4,,,,,,,,,,,,,,,,,,,155.150,-0.06,9.8,-0.1,0.0,9.8,0.0,0.0,0.0,,,,,,,,,,,,,,,,,,
155.200,-0.06,9.8,-0.1,0.0,9.8,0.0,0.0,6.1E-4,,,,,,,,,,,,,,,,,,,155.200,-0.05,9.8,0.0,0.0,9.8,0.0,0.0,6.1E-4,,,,,,,,,,,,,,,,,,
155.250,-0.05,9.9,1.9E-4,-0.1,9.9,0.0,0.0,0.0,,,,,,,,,,,,,,,,,,,155.250,-0.05,9.8,-0.1,0.0,9.8,0.0,0.0,-6.1E-4,,,,,,,,,,,,,,,,,,
155.300,-0.06,9.8,0.0,-0.1,9.8,-1.2E-4,0.0,0.0,,,,,,,,,,,,,,,,,,,155.300,-0.05,9.8,-0.1,0.0,9.8,0.0,0.0,-6.1E-4,,,,,,,,,,,,,,,,,,
155.350,-0.06,9.8,-0.1,-0.1,9.8,0.0,0.0,-6.1E-4,,,,,,,,,,,,,,,,,,,155.350,-0.05,9.9,0.0,0.0,9.9,0.0,0.0,-6.1E-4,,,,,,,,,,,,,,,,,,
155.400,-0.06,9.9,0.0,0.0,9.9,0.0,0.0,0.0,,,,,,,,,,,,,,,,,,,155.400,-0.04,9.8,0.0,0.0,9.8,0.0,0.0,-6.1E-4,,,,,,,,,,,,,,,,,,
155.450,-0.06,9.9,0.0,0.0,9.9,0.0,0.0,0.0,,,,,,,,,,,,,,,,,,,155.450,-0.05,9.8,-0.1,0.0,9.8,0.0,0.0,-6.1E-4,,,,,,,,,,,,,,,,,,
155.500,-0.06,9.8,0.0,-0.1,9.8,0.0,0.0,0.0,,,,,,,,,,,,,,,,,,,155.500,-0.04,9.8,0.0,0.0,9.8,0.0,0.0,6.1E-4,,,,,,,,,,,,,,,,,,
155.550,-0.07,9.8,0.0,-0.1,9.8,0.0,0.0,-6.1E-4,,,,,,,,,,,,,,,,,,,155.550,-0.04,9.9,0.0,0.0,9.9,0.0,0.0,6.1E-4,,,,,,,,,,,,,,,,,,
155.600,-0.06,9.9,0.0,0.0,9.9,0.0,0.0,-6.1E-4,,,,,,,,,,,,,,,,,,,155.600,-0.04,9.8,0.0,0.0,9.8,0.0,0.0,0.0,,,,,,,,,,,,,,,,,,
155.650,-0.06,9.8,0.0,-0.1,9.8,0.0,0.0,-6.1E-4,,,,,,,,,,,,,,,,,,,155.650,-0.04,9.8,-0.1,0.0,9.8,0.0,0.0,6.1E-4,,,,,,,,,,,,,,,,,,
155.700,-0.06,9.8,0.0,-0.1,9.8,0.0,0.0,-6.1E-4,,,,,,,,,,,,,,,,,,,155.700,-0.04,9.8,-0.1,0.0,9.8,0.0,0.0,0.0,,,,,,,,,,,,,,,,,,
155.750,-0.06,9.8,0.0,-0.1,9.8,0.0,0.0,-6.1E-4,,,,,,,,,,,,,,,,,,,155.750,-0.04,9.9,0.0,0.0,9.9,0.0,0.0,6.1E-4,,,,,,,,,,,,,,,,,,
155.800,-0.06,9.8,-0.1,0.0,9.8,0.0,0.0,-6.1E-4,,,,,,,,,,,,,,,,,,,155.800,-0.04,9.9,0.0,0.1,9.9,-1.2E-4,0.0,0.0,,,,,,,,,,,,,,,,,,
155.850,-0.06,9.9,0.0,0.0,9.9,0.0,0.0,-6.1E-4,,,,,,,,,,,,,,,,,,,155.850,-0.05,9.8,-0.1,0.0,9.8,0.0,0.0,6.1E-4,,,,,,,,,,,,,,,,,,
155.900,-0.05,9.9,0.0,0.0,9.9,0.0,0.0,-6.1E-4,,,,,,,,,,,,,,,,,,,155.900,-0.05,9.8,-0.1,0.0,9.8,0.0,0.0,6.1E-4,,,,,,,,,,,,,,,,,,
155.950,-0.06,9.8,-0.1,-0.1,9.8,0.0,0.0,0.0,,,,,,,,,,,,,,,,,,,155.950,-0.04,9.9,0.0,0.0,9.9,0.0,0.0,-6.1E-4,,,,,,,,,,,,,,,,,,
156.000,-0.05,9.8,0.0,-0.1,9.8,0.0,0.0,-6.1E-4,,,,,,,,,,,,,,,,,,,156.000,-0.04,9.8,0.0,0.0,9.8,0.0,0.0,-6.1E-4,,,,,,,,,,,,,,,,,,
156.050,-0.05,9.8,0.0,0.0,9.8,0.0,0.0,-6.1E-4,,,,,,,,,,,,,,,,,,,156.050,-0.04,9.8,-0.1,0.0,9.8,0.0,0.0,-6.1E-4,,,,,,,,,,,,,,,,,,
156.100,-0.05,9.8,0.0,0.0,9.8,0.0,0.0,0.0,,,,,,,,,,,,,,,,,,,156.100,-0.05,9.8,-0.1,0.0,9.8,0.0,0.0,6.1E-4,,,,,,,,,,,,,,,,,,
156.150,-0.05,9.9,0.0,-0.1,9.9,0.0,0.0,6.1E-4,,,,,,,,,,,,,,,,,,,156.150,-0.05,9.9,0.0,0.1,9.9,0.0,0.0,0.0,,,,,,,,,,,,,,,,,,
156.200,-0.06,9.8,0.0,-0.1,9.8,0.0,0.0,0.0,,,,,,,,,,,,,,,,,,,156.200,-0.05,9.9,0.0,0.0,9.9,0.0,0.0,6.1E-4,,,,,,,,,,,,,,,,,,
156.250,-0.06,9.8,-0.1,0.0,9.8,0.0,0.0,-6.1E-4,,,,,,,,,,,,,,,,,,,156.250,-0.04,9.8,-0.1,0.0,9.8,0.0,0.0,0.0,,,,,,,,,,,,,,,,,,
156.300,-0.06,9.8,0.0,-0.1,9.8,0.0,0.0,6.1E-4,,,,,,,,,,,,,,,,,,,156.300,-0.04,9.8,-0.1,0.0,9.8,0.0,0.0,6.1E-4,,,,,,,,,,,,,,,,,,
156.350,-0.05,9.9,0.0,0.0,9.9,0.0,0.0,-6.1E-4,,,,,,,,,,,,,,,,,,,156.350,-0.05,9.8,-0.1,0.0,9.8,0.0,0.0,-6.1E-4,,,,,,,,,,,,,,,,,,
156.400,-0.05,9.8,-0.1,0.0,9.8,0.0,0.0,0.0,,,,,,,,,,,,,,,,,,,156.400,-0.05,9.8,0.0,0.0,9.8,0.0,0.0,6.1E-4,,,,,,,,,,,,,,,,,,
156.450,-0.05,9.9,0.0,0.0,9.9,0.0,0.0,-6.1E-4,,,,,,,,,,,,,,,,,,,156.450,-0.05,9.8,0.0,0.1,9.8,0.0,0.0,0.0,,,,,,,,,,,,,,,,,,
156.500,-0.05,9.9,0.0,-0.1,9.9,0.0,0.0,0.0,,,,,,,,,,,,,,,,,,,156.500,-0.05,9.8,-0.1,0.0,9.8,0.0,0.0,6.1E-4,,,,,,,,,,,,,,,,,,
156.550,-0.05,9.8,-0.1,0.0,9.8,0.0,0.0,0.0,,,,,,,,,,,,,,,,,,,156.550,-0.03,9.9,0.0,0.0,9.9,0.0,0.0,-6.1E-4,,,,,,,,,,,,,,,,,,
156.600,-0.05,9.8,0.0,-0.1,9.8,0.0,0.0,-6.1E-4,,,,,,,,,,,,,,,,,,,156.600,-0.04,9.9,0.0,0.0,9.9,0.0,0.0,0.0,,,,,,,,,,,,,,,,,,
156.650,-0.05,9.9,0.0,0.0,9.9,0.0,0.0,0.0,,,,,,,,,,,,,,,,,,,156.650,-0.04,9.8,-0.1,0.0,9.8,0.0,0.0,-6.1E-4,,,,,,,,,,,,,,,,,,
156.700,-0.06,9.8,0.0,-0.1,9.8,0.0,0.0,0.0,,,,,,,,,,,,,,,,,,,156.700,-0.04,9.8,0.0,0.0,9.8,0.0,0.0,6.1E-4,,,,,,,,,,,,,,,,,,
156.750,-0.05,9.9,0.0,-0.1,9.9,0.0,0.0,-6.1E-4,,,,,,,,,,,,,,,,,,,156.750,-0.06,9.8,0.0,0.0,9.8,0.0,0.0,-6.1E-4,,,,,,,,,,,,,,,,,,
156.800,-0.05,9.8,0.0,-0.1,9.8,0.0,0.0,0.0,,,,,,,,,,,,,,,,,,,156.800,-0.04,9.8,0.0,0.0,9.8,0.0,0.0,6.1E-4,,,,,,,,,,,,,,,,,,
156.850,-0.05,9.8,-0.1,-0.1,9.8,0.0,0.0,0.0,,,,,,,,,,,,,,,,,,,156.850,-0.05,9.8,1.9E-4,0.0,9.8,0.0,0.0,-6.1E-4,,,,,,,,,,,,,,,,,,
156.900,-0.06,9.8,0.0,-0.1,9.8,0.0,0.0,0.0,,,,,,,,,,,,,,,,,,,156.900,-0.04,9.8,-0.1,0.0,9.8,0.0,0.0,-6.1E-4,,,,,,,,,,,,,,,,,,
156.950,-0.06,9.8,0.0,0.0,9.8,-1.2E-4,0.0,0.0,,,,,,,,,,,,,,,,,,,156.950,-0.05,9.8,0.0,0.0,9.8,0.0,0.0,-6.1E-4,,,,,,,,,,,,,,,,,,
157.000,-0.06,9.8,-0.1,-0.1,9.8,0.0,0.0,0.0,,,,,,,,,,,,,,,,,,,157.000,-0.04,9.9,0.0,0.0,9.9,0.0,0.0,0.0,,,,,,,,,,,,,,,,,,
157.050,-0.06,9.9,0.0,-0.1,9.9,0.0,0.0,6.1E-4,,,,,,,,,,,,,,,,,,,157.050,-0.06,9.8,-0.1,0.0,9.8,0.0,0.0,6.1E-4,,,,,,,,,,,,,,,,,,
157.100,-0.06,9.8,0.0,0.0,9.8,0.0,0.0,0.0,,,,,,,,,,,,,,,,,,,157.100,-0.05,9.8,-0.1,0.0,9.8,0.0,0.0,-6.1E-4,,,,,,,,,,,,,,,,,,
157.150,-0.05,9.8,-0.1,0.0,9.8,0.0,0.0,-6.1E-4,,,,,,,,,,,,,,,,,,,157.150,-0.05,9.8,0.0,0.0,9.8,0.0,0.0,-6.1E-4,,,,,,,,,,,,,,,,,,
157.200,-0.05,9.9,0.0,-0.1,9.9,0.0,0.0,6.1E-4,,,,,,,,,,,,,,,,,,,157.200,-0.04,9.9,0.0,0.0,9.9,0.0,0.0,6.1E-4,,,,,,,,,,,,,,,,,,
157.250,-0.06,9.9,0.0,0.0,9.9,0.0,0.0,0.0,,,,,,,,,,,,,,,,,,,157.250,-0.05,9.8,0.0,0.0,9.8,0.0,0.0,-6.1E-4,,,,,,,,,,,,,,,,,,
157.300,-0.05,9.8,-0.1,-0.1,9.8,0.0,0.0,0.0,,,,,,,,,,,,,,,,,,,157.300,-0.06,9.8,-0.1,0.0,9.8,0.0,0.0,-6.1E-4,,,,,,,,,,,,,,,,,,
157.350,-0.05,9.9,0.0,0.0,9.9,0.0,0.0,-6.1E-4,,,,,,,,,,,,,,,,,,,157.350,-0.05,9.8,-0.1,0.0,9.8,0.0,0.0,0.0,,,,,,,,,,,,,,,,,,
157.400,-0.05,9.8,0.0,-0.1,9.8,-1.2E-4,0.0,0.0,,,,,,,,,,,,,,,,,,,157.400,-0.06,9.8,0.0,0.0,9.8,0.0,0.0,-6.1E-4,,,,,,,,,,,,,,,,,,
157.450,-0.05,9.8,-0.1,0.0,9.8,0.0,0.0,0.0,,,,,,,,,,,,,,,,,,,157.450,-0.05,9.8,0.0,0.0,9.8,0.0,0.0,-6.1E-4,,,,,,,,,,,,,,,,,,
157.500,-0.04,9.8,0.1,-0.1,9.8,0.0,0.0,-6.1E-4,,,,,,,,,,,,,,,,,,,157.500,-0.05,9.8,-0.1,0.0,9.8,0.0,0.0,0.0,,,,,,,,,,,,,,,,,,
157.550,-0.04,9.8,0.0,-0.1,9.8,0.0,0.0,-6.1E-4,,,,,,,,,,,,,,,,,,,157.550,-0.05,9.8,-0.1,0.0,9.8,0.0,0.0,-6.1E-4,,,,,,,,,,,,,,,,,,
157.600,-0.04,9.8,-0.1,-0.1,9.8,0.0,0.0,0.0,,,,,,,,,,,,,,,,,,,157.600,-0.05,9.9,0.0,0.0,9.9,0.0,0.0,-6.1E-4,,,,,,,,,,,,,,,,,,
157.650,-0.04,9.8,0.0,-0.1,9.8,0.0,0.0,-6.1E-4,,,,,,,,,,,,,,,,,,,157.650,-0.05,9.8,0.0,0.0,9.8,0.0,0.0,-6.1E-4,,,,,,,,,,,,,,,,,,
157.700,-0.05,9.9,0.0,0.0,9.9,-1.2E-4,0.0,-6.1E-4,,,,,,,,,,,,,,,,,,,157.700,-0.06,9.8,0.0,0.0,9.8,0.0,0.0,-6.1E-4,,,,,,,,,,,,,,,,,,
157.750,-0.05,9.8,-0.1,-0.1,9.8,0.0,0.0,-6.1E-4,,,,,,,,,,,,,,,,,,,157.750,-0.06,9.8,0.0,0.0,9.8,0.0,0.0,0.0,,,,,,,,,,,,,,,,,,
157.800,-0.05,9.8,0.0,-0.1,9.8,0.0,0.0,0.0,,,,,,,,,,,,,,,,,,,157.800,-0.05,9.8,0.0,0.0,9.8,0.0,0.0,6.1E-4,,,,,,,,,,,,,,,,,,
157.850,-0.05,9.9,0.0,0.0,9.9,0.0,0.0,-6.1E-4,,,,,,,,,,,,,,,,,,,157.850,-0.05,9.9,1.9E-4,0.0,9.9,0.0,0.0,0.0,,,,,,,,,,,,,,,,,,
157.900,-0.06,9.8,0.0,-0.1,9.8,0.0,0.0,0.0,,,,,,,,,,,,,,,,,,,157.900,-0.05,9.8,0.0,0.0,9.8,0.0,0.0,6.1E-4,,,,,,,,,,,,,,,,,,
157.950,-0.04,9.8,0.0,-0.1,9.8,0.0,0.0,6.1E-4,,,,,,,,,,,,,,,,,,,157.950,-0.04,9.8,-0.1,0.0,9.8,0.0,0.0,6.1E-4,,,,,,,,,,,,,,,,,,
158.000,-0.05,9.8,0.0,-0.1,9.8,0.0,0.0,-6.1E-4,,,,,,,,,,,,,,,,,,,158.000,-0.05,9.9,0.0,0.0,9.9,0.0,0.0,6.1E-4,,,,,,,,,,,,,,,,,,
158.050,-0.05,9.8,0.0,0.0,9.8,0.0,0.0,6.1E-4,,,,,,,,,,,,,,,,,,,158.050,-0.05,9.8,0.0,0.0,9.8,0.0,0.0,0.0,,,,,,,,,,,,,,,,,,
158.100,-0.04,9.8,0.0,-0.1,9.8,0.0,0.0,6.1E-4,,,,,,,,,,,,,,,,,,,158.100,-0.05,9.8,0.0,0.0,9.8,0.0,0.0,-6.1E-4,,,,,,,,,,,,,,,,,,
158.150,-0.04,9.8,0.0,-0.1,9.8,0.0,0.0,0.0,,,,,,,,,,,,,,,,,,,158.150,-0.05,9.9,0.0,0.0,9.9,0.0,0.0,6.1E-4,,,,,,,,,,,,,,,,,,
158.200,-0.04,9.8,0.0,-0.1,9.8,0.0,0.0,-6.1E-4,,,,,,,,,,,,,,,,,,,158.200,-0.05,9.8,-0.1,0.0,9.8,0.0,0.0,0.0,,,,,,,,,,,,,,,,,,
158.250,-0.04,9.9,0.0,-0.1,9.9,0.0,0.0,-6.1E-4,,,,,,,,,,,,,,,,,,,158.250,-0.05,9.8,0.0,0.0,9.8,0.0,0.0,6.1E-4,,,,,,,,,,,,,,,,,,
158.300,-0.04,9.8,0.0,-0.1,9.8,0.0,0.0,-6.1E-4,,,,,,,,,,,,,,,,,,,158.300,-0.04,9.9,0.0,0.0,9.9,0.0,0.0,6.1E-4,,,,,,,,,,,,,,,,,,
158.350,-0.05,9.9,0.0,0.0,9.9,0.0,0.0,0.0,,,,,,,,,,,,,,,,,,,158.350,-0.04,9.8,-0.1,0.0,9.8,0.0,0.0,0.0,,,,,,,,,,,,,,,,,,
158.400,-0.03,9.8,0.0,0.0,9.8,0.0,0.0,0.0,,,,,,,,,,,,,,,,,,,158.400,-0.05,9.8,-0.1,0.0,9.8,0.0,0.0,-6.1E-4,,,,,,,,,,,,,,,,,,
158.450,-0.05,9.8,0.0,-0.1,9.8,0.0,0.0,-6.1E-4,,,,,,,,,,,,,,,,,,,158.450,-0.05,9.9,0.0,0.1,9.9,0.0,0.0,-6.1E-4,,,,,,,,,,,,,,,,,,
158.500,-0.05,9.8,0.0,0.0,9.8,0.0,0.0,-6.1E-4,,,,,,,,,,,,,,,,,,,158.500,-0.04,9.8,0.0,0.0,9.8,0.0,0.0,6.1E-4,,,,,,,,,,,,,,,,,,
158.550,-0.04,9.8,-0.1,-0.1,9.8,0.0,0.0,0.0,,,,,,,,,,,,,,,,,,,158.550,-0.04,9.8,0.0,0.0,9.8,0.0,0.0,6.1E-4,,,,,,,,,,,,,,,,,,
158.600,-0.05,9.9,1.9E-4,-0.1,9.9,0.0,0.0,0.0,,,,,,,,,,,,,,,,,,,158.600,-0.05,9.8,-0.1,0.0,9.8,0.0,0.0,0.0,,,,,,,,,,,,,,,,,,
158.650,-0.05,9.8,0.0,-0.1,9.8,0.0,0.0,0.0,,,,,,,,,,,,,,,,,,,158.650,-0.05,9.9,0.0,0.0,9.9,0.0,0.0,0.0,,,,,,,,,,,,,,,,,,
158.700,-0.05,9.8,0.0,-0.1,9.8,0.0,0.0,-6.1E-4,,,,,,,,,,,,,,,,,,,158.700,-0.06,9.8,-0.1,0.0,9.8,0.0,0.0,-6.1E-4,,,,,,,,,,,,,,,,,,
158.750,-0.05,9.9,0.0,0.0,9.9,0.0,0.0,-6.1E-4,,,,,,,,,,,,,,,,,,,158.750,-0.06,9.8,0.0,0.0,9.8,0.0,0.0,-6.1E-4,,,,,,,,,,,,,,,,,,
158.800,-0.05,9.8,0.0,-0.1,9.8,0.0,0.0,-6.1E-4,,,,,,,,,,,,,,,,,,,158.800,-0.06,9.8,0.0,0.0,9.8,0.0,0.0,-6.1E-4,,,,,,,,,,,,,,,,,,
158.850,-0.05,9.9,0.0,0.0,9.9,0.0,0.0,0.0,,,,,,,,,,,,,,,,,,,158.850,-0.05,9.8,0.0,0.0,9.8,0.0,0.0,6.1E-4,,,,,,,,,,,,,,,,,,
158.900,-0.05,9.9,0.0,0.0,9.9,0.0,0.0,0.0,,,,,,,,,,,,,,,,,,,158.900,-0.05,9.8,-0.1,0.0,9.8,0.0,0.0,0.0,,,,,,,,,,,,,,,,,,
158.950,-0.06,9.8,0.0,-0.1,9.8,0.0,0.0,0.0,,,,,,,,,,,,,,,,,,,158.950,-0.06,9.9,1.9E-4,0.0,9.9,0.0,0.0,0.0,,,,,,,,,,,,,,,,,,
159.000,-0.05,9.9,0.0,0.0,9.9,0.0,0.0,0.0,,,,,,,,,,,,,,,,,,,159.000,-0.05,9.8,0.0,0.0,9.8,0.0,0.0,-6.1E-4,,,,,,,,,,,,,,,,,,
159.050,-0.05,9.8,0.0,-0.1,9.8,0.0,0.0,0.0,,,,,,,,,,,,,,,,,,,159.050,-0.06,9.9,0.0,0.0,9.9,0.0,0.0,0.0,,,,,,,,,,,,,,,,,,
159.100,-0.05,9.9,0.0,0.0,9.9,0.0,0.0,6.1E-4,,,,,,,,,,,,,,,,,,,159.100,-0.06,9.8,-0.1,0.0,9.8,0.0,0.0,-6.1E-4,,,,,,,,,,,,,,,,,,
159.150,-0.04,9.8,0.0,-0.1,9.8,0.0,0.0,-6.1E-4,,,,,,,,,,,,,,,,,,,159.150,-0.06,9.8,-0.1,0.0,9.8,0.0,0.0,6.1E-4,,,,,,,,,,,,,,,,,,
159.200,-0.05,9.9,0.0,0.0,9.9,0.0,0.0,-6.1E-4,,,,,,,,,,,,,,,,,,,159.200,-0.06,9.9,0.0,0.0,9.9,0.0,0.0,0.0,,,,,,,,,,,,,,,,,,
159.250,-0.04,9.8,0.0,-0.1,9.8,0.0,0.0,6.1E-4,,,,,,,,,,,,,,,,,,,159.250,-0.05,9.9,1.9E-4,0.0,9.9,0.0,0.0,6.1E-4,,,,,,,,,,,,,,,,,,
159.300,-0.05,9.8,0.0,0.0,9.8,0.0,0.0,0.0,,,,,,,,,,,,,,,,,,,159.300,-0.05,9.8,0.0,0.0,9.8,0.0,0.0,0.0,,,,,,,,,,,,,,,,,,
159.350,-0.05,9.8,0.0,-0.1,9.8,0.0,0.0,-6.1E-4,,,,,,,,,,,,,,,,,,,159.350,-0.04,9.8,-0.1,0.0,9.8,0.0,0.0,6.1E-4,,,,,,,,,,,,,,,,,,
159.400,-0.05,9.9,0.0,0.0,9.9,0.0,0.0,0.0,,,,,,,,,,,,,,,,,,,159.400,-0.04,9.8,0.0,0.0,9.8,0.0,0.0,0.0,,,,,,,,,,,,,,,,,,
159.450,-0.05,9.9,0.0,-0.1,9.9,0.0,0.0,-6.1E-4,,,,,,,,,,,,,,,,,,,159.450,-0.04,9.8,0.0,0.0,9.8,0.0,0.0,0.0,,,,,,,,,,,,,,,,,,
159.500,-0.05,9.8,-0.1,0.0,9.8,0.0,0.0,-6.1E-4,,,,,,,,,,,,,,,,,,,159.500,-0.04,9.8,-0.1,0.0,9.8,0.0,0.0,-6.1E-4,,,,,,,,,,,,,,,,,,
159.550,-0.05,9.8,0.0,-0.1,9.8,0.0,0.0,-6.1E-4,,,,,,,,,,,,,,,,,,,159.550,-0.03,9.8,-0.1,0.0,9.8,0.0,0.0,-6.1E-4,,,,,,,,,,,,,,,,,,
159.600,-0.06,9.9,0.0,0.0,9.9,0.0,0.0,-6.1E-4,,,,,,,,,,,,,,,,,,,159.600,-0.04,9.8,0.0,0.0,9.8,0.0,0.0,-6.1E-4,,,,,,,,,,,,,,,,,,
159.650,-0.06,9.8,0.0,-0.1,9.8,0.0,0.0,-6.1E-4,,,,,,,,,,,,,,,,,,,159.650,-0.04,9.8,0.0,0.0,9.8,0.0,0.0,0.0,,,,,,,,,,,,,,,,,,
159.700,-0.05,9.8,-0.1,0.0,9.8,0.0,0.0,-6.1E-4,,,,,,,,,,,,,,,,,,,159.700,-0.02,9.8,0.0,0.0,9.8,0.0,0.0,-6.1E-4,,,,,,,,,,,,,,,,,,
159.750,-0.05,9.9,0.0,-0.1,9.9,0.0,0.0,0.0,,,,,,,,,,,,,,,,,,,159.750,-0.04,9.8,0.0,0.0,9.8,0.0,0.0,-6.1E-4,,,,,,,,,,,,,,,,,,
159.800,-0.05,9.8,0.0,0.0,9.8,0.0,0.0,-6.1E-4,,,,,,,,,,,,,,,,,,,159.800,-0.03,9.8,0.0,0.0,9.8,0.0,0.0,6.1E-4,,,,,,,,,,,,,,,,,,
159.850,-0.04,9.8,-0.1,-0.1,9.8,0.0,0.0,-6.1E-4,,,,,,,,,,,,,,,,,,,159.850,-0.02,9.8,0.0,0.0,9.8,0.0,0.0,-6.1E-4,,,,,,,,,,,,,,,,,,
159.900,-0.05,9.8,0.1,-0.1,9.8,0.0,0.0,6.1E-4,,,,,,,,,,,,,,,,,,,159.900,-0.02,9.9,0.0,0.0,9.9,0.0,0.0,6.1E-4,,,,,,,,,,,,,,,,,,
159.950,-0.06,9.8,-0.1,-0.1,9.8,0.0,0.0,0.0,,,,,,,,,,,,,,,,,,,159.950,-0.04,9.8,-0.1,0.0,9.8,0.0,0.0,-6.1E-4,,,,,,,,,,,,,,,,,,
160.000,-0.05,9.8,0.0,-0.1,9.8,0.0,0.0,-6.1E-4,,,,,,,,,,,,,,,,,,,160.000,-0.03,9.8,0.0,0.0,9.8,0.0,0.0,-6.1E-4,,,,,,,,,,,,,,,,,,
160.050,-0.04,9.8,0.1,-0.1,9.8,0.0,0.0,0.0,,,,,,,,,,,,,,,,,,,160.050,-0.04,9.8,0.0,0.0,9.8,0.0,0.0,6.1E-4,,,,,,,,,,,,,,,,,,
160.100,-0.04,9.8,-0.1,0.0,9.8,0.0,0.0,-6.1E-4,,,,,,,,,,,,,,,,,,,160.100,-0.03,9.8,-0.1,0.0,9.8,0.0,0.0,6.1E-4,,,,,,,,,,,,,,,,,,
160.150,-0.04,9.8,0.0,-0.1,9.8,0.0,0.0,0.0,,,,,,,,,,,,,,,,,,,160.150,-0.03,9.8,-0.1,0.0,9.8,0.0,0.0,0.0,,,,,,,,,,,,,,,,,,
160.200,-0.05,9.9,0.0,-0.1,9.9,0.0,0.0,-6.1E-4,,,,,,,,,,,,,,,,,,,160.200,-0.02,9.9,1.9E-4,0.0,9.9,0.0,0.0,6.1E-4,,,,,,,,,,,,,,,,,,
160.250,-0.04,9.8,0.0,-0.1,9.8,0.0,0.0,0.0,,,,,,,,,,,,,,,,,,,160.250,-0.03,9.8,-0.1,0.0,9.8,0.0,0.0,0.0,,,,,,,,,,,,,,,,,,
160.300,-0.05,9.8,0.1,-0.1,9.8,0.0,0.0,0.0,,,,,,,,,,,,,,,,,,,160.300,-0.04,9.8,0.0,0.0,9.8,0.0,0.0,6.1E-4,,,,,,,,,,,,,,,,,,
160.350,-0.05,9.8,-0.2,-0.1,9.8,0.0,0.0,0.0,,,,,,,,,,,,,,,,,,,160.350,-0.04,9.8,-0.1,0.0,9.8,0.0,0.0,0.0,,,,,,,,,,,,,,,,,,
160.400,-0.03,9.8,0.1,-0.1,9.8,0.0,0.0,0.0,,,,,,,,,,,,,,,,,,,160.400,-0.04,9.8,0.0,0.0,9.8,0.0,0.0,0.0,,,,,,,,,,,,,,,,,,
160.450,-0.04,9.8,0.0,0.0,9.8,0.0,0.0,-6.1E-4,,,,,,,,,,,,,,,,,,,160.450,-0.04,9.8,-0.1,0.0,9.8,0.0,0.0,6.1E-4,,,,,,,,,,,,,,,,,,
160.500,-0.04,9.8,-0.1,-0.1,9.8,0.0,0.0,0.0,,,,,,,,,,,,,,,,,,,160.500,-0.03,9.9,0.0,0.0,9.9,0.0,0.0,-6.1E-4,,,,,,,,,,,,,,,,,,
160.550,-0.05,9.8,0.1,-0.1,9.8,0.0,0.0,6.1E-4,,,,,,,,,,,,,,,,,,,160.550,-0.04,9.8,-0.1,0.0,9.8,0.0,0.0,6.1E-4,,,,,,,,,,,,,,,,,,
160.600,-0.04,9.8,-0.1,0.0,9.8,0.0,0.0,0.0,,,,,,,,,,,,,,,,,,,160.600,-0.04,9.9,0.0,0.0,9.9,0.0,0.0,-6.1E-4,,,,,,,,,,,,,,,,,,
160.650,-0.04,9.8,0.0,-0.1,9.8,0.0,0.0,0.0,,,,,,,,,,,,,,,,,,,160.650,-0.04,9.8,0.0,0.0,9.8,0.0,0.0,-6.1E-4,,,,,,,,,,,,,,,,,,
160.700,-0.05,9.9,0.0,0.0,9.9,0.0,0.0,0.0,,,,,,,,,,,,,,,,,,,160.700,-0.04,9.8,0.0,0.0,9.8,0.0,0.0,6.1E-4,,,,,,,,,,,,,,,,,,
160.750,-0.05,9.9,0.0,-0.1,9.9,0.0,0.0,0.0,,,,,,,,,,,,,,,,,,,160.750,-0.05,9.8,0.0,0.0,9.8,0.0,0.0,6.1E-4,,,,,,,,,,,,,,,,,,
160.800,-0.05,9.8,0.0,0.0,9.8,0.0,0.0,-6.1E-4,,,,,,,,,,,,,,,,,,,160.800,-0.05,9.8,-0.1,0.0,9.8,0.0,0.0,-6.1E-4,,,,,,,,,,,,,,,,,,
160.850,-0.06,9.9,0.0,-0.1,9.9,0.0,0.0,0.0,,,,,,,,,,,,,,,,,,,160.850,-0.04,9.8,0.0,0.0,9.8,0.0,0.0,-6.1E-4,,,,,,,,,,,,,,,,,,
160.900,-0.06,9.8,0.1,-0.1,9.8,0.0,0.0,-6.1E-4,,,,,,,,,,,,,,,,,,,160.900,-0.05,9.9,1.9E-4,0.0,9.9,0.0,0.0,-6.1E-4,,,,,,,,,,,,,,,,,,
160.950,-0.05,9.8,-0.2,-0.1,9.8,0.0,0.0,0.0,,,,,,,,,,,,,,,,,,,160.950,-0.05,9.8,0.0,0.0,9.8,0.0,0.0,0.0,,,,,,,,,,,,,,,,,,
161.000,-0.05,9.8,0.0,-0.1,9.8,0.0,0.0,-6.1E-4,,,,,,,,,,,,,,,,,,,161.000,-0.05,9.8,-0.1,0.0,9.8,0.0,0.0,-6.1E-4,,,,,,,,,,,,,,,,,,
161.050,-0.05,9.9,0.0,-0.1,9.9,0.0,0.0,-6.1E-4,,,,,,,,,,,,,,,,,,,161.050,-0.04,9.8,-0.1,0.0,9.8,0.0,0.0,-6.1E-4,,,,,,,,,,,,,,,,,,
161.100,-0.05,9.8,0.0,0.0,9.8,0.0,0.0,0.0,,,,,,,,,,,,,,,,,,,161.100,-0.05,9.8,0.0,0.0,9.8,0.0,0.0,-6.1E-4,,,,,,,,,,,,,,,,,,
161.150,-0.05,9.8,0.0,0.0,9.8,0.0,0.0,-6.1E-4,,,,,,,,,,,,,,,,,,,161.150,-0.05,9.9,1.9E-4,0.0,9.9,0.0,0.0,6.1E-4,,,,,,,,,,,,,,,,,,
161.200,-0.05,9.9,0.0,-0.1,9.9,0.0,0.0,-6.1E-4,,,,,,,,,,,,,,,,,,,161.200,-0.03,9.8,-0.1,0.0,9.8,0.0,0.0,0.0,,,,,,,,,,,,,,,,,,
161.250,-0.04,9.8,0.0,0.0,9.8,0.0,0.0,-6.1E-4,,,,,,,,,,,,,,,,,,,161.250,-0.04,9.8,-0.1,0.0,9.8,0.0,0.0,-6.1E-4,,,,,,,,,,,,,,,,,,
161.300,-0.05,9.8,-0.1,-0.1,9.8,0.0,0.0,-6.1E-4,,,,,,,,,,,,,,,,,,,161.300,-0.05,9.8,-0.1,0.0,9.8,0.0,0.0,-6.1E-4,,,,,,,,,,,,,,,,,,
161.350,-0.05,9.8,0.1,-0.1,9.8,0.0,0.0,0.0,,,,,,,,,,,,,,,,,,,161.350,-0.04,9.9,0.0,0.1,9.9,0.0,0.0,-6.1E-4,,,,,,,,,,,,,,,,,,
161.400,-0.05,9.9,1.9E-4,0.0,9.9,0.0,0.0,6.1E-4,,,,,,,,,,,,,,,,,,,161.400,-0.04,9.8,-0.1,0.0,9.8,0.0,0.0,-6.1E-4,,,,,,,,,,,,,,,,,,
161.450,-0.05,9.8,-0.1,-0.1,9.8,0.0,0.0,-6.1E-4,,,,,,,,,,,,,,,,,,,161.450,-0.04,9.9,0.0,0.0,9.9,0.0,0.0,-6.1E-4,,,,,,,,,,,,,,,,,,
161.500,-0.05,9.8,0.1,-0.1,9.8,0.0,0.0,-6.1E-4,,,,,,,,,,,,,,,,,,,161.500,-0.02,9.8,0.0,0.0,9.8,0.0,0.0,0.0,,,,,,,,,,,,,,,,,,
161.550,-0.05,9.8,-0.1,0.0,9.8,0.0,0.0,-6.1E-4,,,,,,,,,,,,,,,,,,,161.550,-0.02,9.8,-0.1,0.0,9.8,0.0,0.0,-6.1E-4,,,,,,,,,,,,,,,,,,
161.600,-0.05,9.8,0.0,-0.1,9.8,0.0,0.0,0.0,,,,,,,,,,,,,,,,,,,161.600,-0.02,9.9,0.0,0.0,9.9,0.0,0.0,6.1E-4,,,,,,,,,,,,,,,,,,
161.650,-0.05,9.8,0.1,0.0,9.8,0.0,0.0,-6.1E-4,,,,,,,,,,,,,,,,,,,161.650,-0.03,9.8,-0.1,0.0,9.8,0.0,0.0,6.1E-4,,,,,,,,,,,,,,,,,,
161.700,-0.05,9.9,0.0,0.0,9.9,0.0,0.0,0.0,,,,,,,,,,,,,,,,,,,161.700,-0.03,9.8,0.0,0.0,9.8,0.0,0.0,-6.1E-4,,,,,,,,,,,,,,,,,,
161.750,-0.05,9.8,-0.1,0.0,9.8,0.0,0.0,0.0,,,,,,,,,,,,,,,,,,,161.750,-0.04,9.9,0.0,0.0,9.9,0.0,0.0,-6.1E-4,,,,,,,,,,,,,,,,,,
161.800,-0.04,9.8,0.0,-0.1,9.8,0.0,0.0,0.0,,,,,,,,,,,,,,,,,,,161.800,-0.04,9.8,-0.1,0.0,9.8,0.0,0.0,-6.1E-4,,,,,,,,,,,,,,,,,,
161.850,-0.04,9.9,0.0,0.0,9.9,0.0,0.0,0.0,,,,,,,,,,,,,,,,,,,161.850,-0.04,9.8,0.0,0.0,9.8,0.0,0.0,6.1E-4,,,,,,,,,,,,,,,,,,
161.900,-0.04,9.9,-0.1,-0.1,9.9,0.0,0.0,0.0,,,,,,,,,,,,,,,,,,,161.900,-0.04,9.9,0.0,0.1,9.9,0.0,0.0,-6.1E-4,,,,,,,,,,,,,,,,,,
161.950,-0.04,9.8,0.1,-0.1,9.8,0.0,0.0,-6.1E-4,,,,,,,,,,,,,,,,,,,161.950,-0.03,9.8,0.0,0.0,9.8,0.0,0.0,6.1E-4,,,,,,,,,,,,,,,,,,
162.000,-0.04,9.8,0.0,0.0,9.8,0.0,0.0,-6.1E-4,,,,,,,,,,,,,,,,,,,162.000,-0.03,9.8,-0.1,0.0,9.8,0.0,0.0,-6.1E-4,,,,,,,,,,,,,,,,,,
162.050,-0.05,9.8,-0.1,0.0,9.8,0.0,0.0,-6.1E-4,,,,,,,,,,,,,,,,,,,162.050,-0.04,9.9,1.9E-4,0.0,9.9,0.0,0.0,-6.1E-4,,,,,,,,,,,,,,,,,,
162.100,-0.05,9.8,0.0,-0.1,9.8,0.0,0.0,0.0,,,,,,,,,,,,,,,,,,,162.100,-0.03,9.8,-0.1,0.0,9.8,0.0,0.0,6.1E-4,,,,,,,,,,,,,,,,,,
162.150,-0.04,9.8,0.0,0.0,9.8,-1.2E-4,0.0,0.0,,,,,,,,,,,,,,,,,,,162.150,-0.04,9.8,0.0,0.0,9.8,0.0,0.0,0.0,,,,,,,,,,,,,,,,,,
162.200,-0.05,9.8,-0.1,0.0,9.8,0.0,0.0,-6.1E-4,,,,,,,,,,,,,,,,,,,162.200,-0.04,9.8,-0.1,0.0,9.8,0.0,0.0,6.1E-4,,,,,,,,,,,,,,,,,,
162.250,-0.03,9.9,0.0,-0.1,9.9,0.0,0.0,-6.1E-4,,,,,,,,,,,,,,,,,,,162.250,-0.04,9.8,-0.1,0.0,9.8,0.0,0.0,0.0,,,,,,,,,,,,,,,,,,
162.300,-0.04,9.9,0.0,-0.1,9.9,0.0,0.0,0.0,,,,,,,,,,,,,,,,,,,162.300,-0.04,9.8,0.0,0.0,9.8,0.0,0.0,-6.1E-4,,,,,,,,,,,,,,,,,,
162.350,-0.05,9.8,0.0,0.0,9.8,0.0,0.0,-6.1E-4,,,,,,,,,,,,,,,,,,,162.350,-0.03,9.8,-0.1,0.0,9.8,0.0,0.0,-6.1E-4,,,,,,,,,,,,,,,,,,
162.400,-0.05,9.9,0.0,-0.1,9.9,0.0,0.0,-6.1E-4,,,,,,,,,,,,,,,,,,,162.400,-0.05,9.8,0.0,0.0,9.8,0.0,0.0,-6.1E-4,,,,,,,,,,,,,,,,,,
162.450,-0.06,9.8,1.9E-4,-0.1,9.8,0.0,0.0,0.0,,,,,,,,,,,,,,,,,,,162.450,-0.06,9.8,0.0,0.0,9.8,0.0,0.0,6.1E-4,,,,,,,,,,,,,,,,,,
162.500,-0.05,9.8,-0.1,-0.1,9.8,0.0,0.0,0.0,,,,,,,,,,,,,,,,,,,162.500,-0.05,9.8,-0.1,0.0,9.8,0.0,0.0,-6.1E-4,,,,,,,,,,,,,,,,,,
162.550,-0.05,9.9,0.0,-0.1,9.9,0.0,0.0,0.0,,,,,,,,,,,,,,,,,,,162.550,-0.04,9.8,0.0,0.0,9.8,0.0,0.0,6.1E-4,,,,,,,,,,,,,,,,,,
162.600,-0.06,9.8,0.0,-0.1,9.8,0.0,0.0,-6.1E-4,,,,,,,,,,,,,,,,,,,162.600,-0.04,9.8,-0.1,0.0,9.8,0.0,0.0,6.1E-4,,,,,,,,,,,,,,,,,,
162.650,-0.06,9.9,0.0,0.0,9.9,0.0,0.0,0.0,,,,,,,,,,,,,,,,,,,162.650,-0.04,9.8,0.0,0.0,9.8,0.0,0.0,-6.1E-4,,,,,,,,,,,,,,,,,,
162.700,-0.05,9.8,1.9E-4,0.0,9.8,0.0,0.0,6.1E-4,,,,,,,,,,,,,,,,,,,162.700,-0.04,9.8,0.0,0.0,9.8,0.0,0.0,-6.1E-4,,,,,,,,,,,,,,,,,,
162.750,-0.05,9.8,0.0,-0.1,9.8,0.0,0.0,0.0,,,,,,,,,,,,,,,,,,,162.750,-0.04,9.8,0.0,0.0,9.8,0.0,0.0,-6.1E-4,,,,,,,,,,,,,,,,,,
162.800,-0.06,9.8,0.0,0.0,9.8,0.0,0.0,0.0,,,,,,,,,,,,,,,,,,,162.800,-0.04,9.8,0.0,0.0,9.8,0.0,0.0,6.1E-4,,,,,,,,,,,,,,,,,,
162.850,-0.05,9.8,0.0,0.0,9.8,0.0,0.0,0.0,,,,,,,,,,,,,,,,,,,162.850,-0.05,9.8,0.0,0.0,9.8,0.0,0.0,-6.1E-4,,,,,,,,,,,,,,,,,,
162.900,-0.06,9.9,0.0,-0.1,9.9,0.0,0.0,-6.1E-4,,,,,,,,,,,,,,,,,,,162.900,-0.05,9.8,0.0,0.0,9.8,0.0,0.0,-6.1E-4,,,,,,,,,,,,,,,,,,
162.950,-0.05,9.8,0.0,0.0,9.8,0.0,0.0,-6.1E-4,,,,,,,,,,,,,,,,,,,162.950,-0.04,9.8,0.0,0.0,9.8,0.0,0.0,6.1E-4,,,,,,,,,,,,,,,,,,
163.000,-0.05,9.8,-0.1,0.0,9.8,0.0,0.0,0.0,,,,,,,,,,,,,,,,,,,163.000,-0.03,9.9,1.9E-4,0.0,9.9,0.0,0.0,0.0,,,,,,,,,,,,,,,,,,
163.050,-0.05,9.9,0.0,-0.1,9.9,0.0,0.0,-6.1E-4,,,,,,,,,,,,,,,,,,,163.050,-0.05,9.8,-0.1,0.0,9.8,0.0,0.0,6.1E-4,,,,,,,,,,,,,,,,,,
163.100,-0.05,9.8,0.0,0.0,9.8,0.0,0.0,0.0,,,,,,,,,,,,,,,,,,,163.100,-0.04,9.8,0.0,0.0,9.8,0.0,0.0,-6.1E-4,,,,,,,,,,,,,,,,,,
163.150,-0.05,9.8,0.0,0.0,9.8,0.0,0.0,-6.1E-4,,,,,,,,,,,,,,,,,,,163.150,-0.04,9.8,0.0,0.0,9.8,0.0,0.0,-6.1E-4,,,,,,,,,,,,,,,,,,
163.200,-0.04,9.8,0.0,-0.1,9.8,0.0,0.0,-6.1E-4,,,,,,,,,,,,,,,,,,,163.200,-0.04,9.9,1.9E-4,0.1,9.9,0.0,0.0,-6.1E-4,,,,,,,,,,,,,,,,,,
163.250,-0.05,9.9,0.0,-0.1,9.9,0.0,0.0,0.0,,,,,,,,,,,,,,,,,,,163.250,-0.05,9.8,-0.1,0.0,9.8,0.0,0.0,-6.1E-4,,,,,,,,,,,,,,,,,,
163.300,-0.04,9.8,0.0,0.0,9.8,0.0,0.0,-6.1E-4,,,,,,,,,,,,,,,,,,,163.300,-0.04,9.9,0.0,0.0,9.9,0.0,0.0,6.1E-4,,,,,,,,,,,,,,,,,,
163.350,-0.04,9.8,-0.1,0.0,9.8,0.0,0.0,0.0,,,,,,,,,,,,,,,,,,,163.350,-0.03,9.8,-0.1,0.0,9.8,0.0,0.0,-6.1E-4,,,,,,,,,,,,,,,,,,
163.400,-0.04,9.8,0.0,-0.1,9.8,0.0,0.0,6.1E-4,,,,,,,,,,,,,,,,,,,163.400,-0.03,9.8,0.0,0.0,9.8,0.0,0.0,6.1E-4,,,,,,,,,,,,,,,,,,
163.450,-0.03,9.8,0.0,-0.1,9.8,0.0,0.0,6.1E-4,,,,,,,,,,,,,,,,,,,163.450,-0.04,9.8,-0.1,0.0,9.8,0.0,0.0,-6.1E-4,,,,,,,,,,,,,,,,,,
163.500,-0.05,9.9,0.0,-0.1,9.9,0.0,0.0,-6.1E-4,,,,,,,,,,,,,,,,,,,163.500,-0.04,9.8,-0.1,0.0,9.8,0.0,0.0,0.0,,,,,,,,,,,,,,,,,,
163.550,-0.04,9.9,0.0,0.0,9.9,0.0,0.0,-6.1E-4,,,,,,,,,,,,,,,,,,,163.550,-0.04,9.9,0.0,0.0,9.9,0.0,0.0,-6.1E-4,,,,,,,,,,,,,,,,,,
163.600,-0.03,9.9,0.0,0.0,9.9,0.0,0.0,0.0,,,,,,,,,,,,,,,,,,,163.600,-0.04,9.8,0.0,0.1,9.8,-1.2E-4,0.0,-6.1E-4,,,,,,,,,,,,,,,,,,
163.650,-0.03,9.9,0.0,-0.1,9.9,0.0,0.0,-6.1E-4,,,,,,,,,,,,,,,,,,,163.650,-0.04,9.8,-0.1,0.0,9.8,0.0,0.0,0.0,,,,,,,,,,,,,,,,,,
163.700,-0.04,9.8,0.0,-0.1,9.8,0.0,0.0,0.0,,,,,,,,,,,,,,,,,,,163.700,-0.04,9.9,0.0,0.0,9.9,0.0,0.0,0.0,,,,,,,,,,,,,,,,,,
163.750,-0.04,9.8,-0.1,0.0,9.8,0.0,0.0,0.0,,,,,,,,,,,,,,,,,,,163.750,-0.04,9.8,0.0,0.0,9.8,-1.2E-4,0.0,-6.1E-4,,,,,,,,,,,,,,,,,,
163.800,-0.03,9.8,0.0,-0.1,9.8,0.0,0.0,6.1E-4,,,,,,,,,,,,,,,,,,,163.800,-0.05,9.8,-0.1,0.0,9.8,0.0,0.0,-6.1E-4,,,,,,,,,,,,,,,,,,
163.850,-0.03,9.8,0.1,-0.1,9.8,0.0,0.0,0.0,,,,,,,,,,,,,,,,,,,163.850,-0.05,9.9,0.0,0.0,9.9,0.0,0.0,-6.1E-4,,,,,,,,,,,,,,,,,,
163.900,-0.04,9.8,0.0,0.0,9.8,0.0,0.0,-6.1E-4,,,,,,,,,,,,,,,,,,,163.900,-0.04,9.8,-0.1,0.0,9.8,0.0,0.0,6.1E-4,,,,,,,,,,,,,,,,,,
163.950,-0.03,9.8,-0.1,0.0,9.8,0.0,0.0,0.0,,,,,,,,,,,,,,,,,,,163.950,-0.04,9.8,-0.1,0.0,9.8,-1.2E-4,0.0,-6.1E-4,,,,,,,,,,,,,,,,,,
164.000,-0.04,9.8,0.1,-0.1,9.8,0.0,0.0,-6.1E-4,,,,,,,,,,,,,,,,,,,164.000,-0.05,9.8,0.0,0.0,9.8,0.0,0.0,6.1E-4,,,,,,,,,,,,,,,,,,
164.050,-0.03,9.9,0.0,0.0,9.9,0.0,0.0,0.0,,,,,,,,,,,,,,,,,,,164.050,-0.05,9.9,0.0,0.1,9.9,0.0,0.0,0.0,,,,,,,,,,,,,,,,,,
164.100,-0.04,9.8,-0.1,0.0,9.8,0.0,0.0,0.0,,,,,,,,,,,,,,,,,,,164.100,-0.05,9.9,1.9E-4,0.0,9.9,0.0,0.0,6.1E-4,,,,,,,,,,,,,,,,,,
164.150,-0.04,9.8,0.0,-0.1,9.8,0.0,0.0,0.0,,,,,,,,,,,,,,,,,,,164.150,-0.04,9.8,0.0,0.0,9.8,0.0,0.0,-6.1E-4,,,,,,,,,,,,,,,,,,
164.200,-0.03,9.9,0.0,0.0,9.9,0.0,0.0,0.0,,,,,,,,,,,,,,,,,,,164.200,-0.05,9.8,0.0,0.0,9.8,0.0,0.0,6.1E-4,,,,,,,,,,,,,,,,,,
164.250,-0.04,9.8,-0.1,0.0,9.8,0.0,0.0,6.1E-4,,,,,,,,,,,,,,,,,,,164.250,-0.05,9.9,0.0,0.0,9.9,0.0,0.0,-6.1E-4,,,,,,,,,,,,,,,,,,
164.300,-0.04,9.9,0.0,-0.1,9.9,0.0,0.0,0.0,,,,,,,,,,,,,,,,,,,164.300,-0.05,9.8,-0.1,0.0,9.8,0.0,0.0,-6.1E-4,,,,,,,,,,,,,,,,,,
164.350,-0.03,9.9,0.1,0.0,9.9,0.0,0.0,6.1E-4,,,,,,,,,,,,,,,,,,,164.350,-0.05,9.8,-0.1,0.0,9.8,0.0,0.0,0.0,,,,,,,,,,,,,,,,,,
164.400,-0.03,9.8,-0.2,-0.1,9.8,0.0,0.0,0.0,,,,,,,,,,,,,,,,,,,164.400,-0.03,9.8,0.0,0.0,9.8,0.0,0.0,-6.1E-4,,,,,,,,,,,,,,,,,,
164.450,-0.04,9.8,0.1,-0.1,9.8,0.0,0.0,0.0,,,,,,,,,,,,,,,,,,,164.450,-0.03,9.8,0.0,0.0,9.8,0.0,0.0,-6.1E-4,,,,,,,,,,,,,,,,,,
164.500,-0.03,9.9,0.0,0.0,9.9,0.0,0.0,0.0,,,,,,,,,,,,,,,,,,,164.500,-0.04,9.8,-0.1,0.0,9.8,0.0,0.0,-6.1E-4,,,,,,,,,,,,,,,,,,
164.550,-0.04,9.8,-0.1,-0.1,9.8,0.0,0.0,6.1E-4,,,,,,,,,,,,,,,,,,,164.550,-0.04,9.8,0.0,0.0,9.8,0.0,0.0,6.1E-4,,,,,,,,,,,,,,,,,,
164.600,-0.03,9.8,0.0,-0.1,9.8,0.0,0.0,0.0,,,,,,,,,,,,,,,,,,,164.600,-0.05,9.9,1.9E-4,0.1,9.9,0.0,0.0,0.0,,,,,,,,,,,,,,,,,,
164.650,-0.03,9.8,0.1,0.0,9.8,0.0,0.0,-6.1E-4,,,,,,,,,,,,,,,,,,,164.650,-0.05,9.9,0.0,0.0,9.9,0.0,0.0,6.1E-4,,,,,,,,,,,,,,,,,,
164.700,-0.04,9.8,-0.1,-0.1,9.8,-1.2E-4,0.0,0.0,,,,,,,,,,,,,,,,,,,164.700,-0.05,9.8,-0.1,0.0,9.8,0.0,0.0,-6.1E-4,,,,,,,,,,,,,,,,,,
164.750,-0.04,9.8,0.0,-0.1,9.8,0.0,0.0,0.0,,,,,,,,,,,,,,,,,,,164.750,-0.05,9.8,-0.1,0.0,9.8,0.0,0.0,-6.1E-4,,,,,,,,,,,,,,,,,,
164.800,-0.03,9.8,-0.1,0.0,9.8,0.0,0.0,0.0,,,,,,,,,,,,,,,,,,,164.800,-0.04,9.9,0.0,0.0,9.9,0.0,0.0,-6.1E-4,,,,,,,,,,,,,,,,,,
164.850,-0.04,9.8,-0.1,0.0,9.8,0.0,0.0,0.0,,,,,,,,,,,,,,,,,,,164.850,-0.04,9.8,0.0,0.0,9.8,0.0,0.0,-6.1E-4,,,,,,,,,,,,,,,,,,
164.900,-0.04,9.9,0.1,-0.1,9.9,0.0,0.0,6.1E-4,,,,,,,,,,,,,,,,,,,164.900,-0.04,9.8,-0.2,0.0,9.8,0.0,0.0,-6.1E-4,,,,,,,,,,,,,,,,,,
164.950,-0.04,9.8,0.0,0.0,9.8,0.0,0.0,0.0,,,,,,,,,,,,,,,,,,,164.950,-0.04,9.8,0.0,0.0,9.8,0.0,0.0,6.1E-4,,,,,,,,,,,,,,,,,,
165.000,-0.04,9.8,-0.2,0.0,9.8,0.0,0.0,0.0,,,,,,,,,,,,,,,,,,,165.000,-0.04,9.8,0.0,0.0,9.8,0.0,0.0,6.1E-4,,,,,,,,,,,,,,,,,,
165.050,-0.04,9.9,0.1,-0.1,9.9,0.0,0.0,-6.1E-4,,,,,,,,,,,,,,,,,,,165.050,-0.05,9.8,-0.1,0.0,9.8,0.0,0.0,0.0,,,,,,,,,,,,,,,,,,
165.100,-0.03,9.8,0.1,-0.1,9.8,0.0,0.0,-6.1E-4,,,,,,,,,,,,,,,,,,,165.100,-0.06,9.8,0.0,-0.1,9.8,0.0,0.0,6.1E-4,,,,,,,,,,,,,,,,,,
165.150,-0.03,9.8,-0.1,0.0,9.8,0.0,0.0,0.0,,,,,,,,,,,,,,,,,,,165.150,-0.05,9.8,0.1,0.0,9.8,0.0,0.0,0.0,,,,,,,,,,,,,,,,,,
165.200,-0.04,9.8,-0.1,-0.1,9.8,0.0,0.0,-6.1E-4,,,,,,,,,,,,,,,,,,,165.200,-0.05,9.8,0.0,0.0,9.8,0.0,0.0,0.0,,,,,,,,,,,,,,,,,,
165.250,-0.04,9.9,0.2,0.0,9.9,0.0,0.0,-6.1E-4,,,,,,,,,,,,,,,,,,,165.250,-0.04,9.8,-0.1,0.0,9.8,0.0,0.0,-6.1E-4,,,,,,,,,,,,,,,,,,
165.300,-0.04,9.8,-0.1,0.0,9.8,0.0,0.0,-6.1E-4,,,,,,,,,,,,,,,,,,,165.300,-0.04,9.8,-0.1,0.0,9.8,0.0,0.0,6.1E-4,,,,,,,,,,,,,,,,,,
165.350,-0.03,9.8,-0.1,-0.1,9.8,0.0,0.0,6.1E-4,,,,,,,,,,,,,,,,,,,165.350,-0.04,9.9,0.0,0.1,9.9,0.0,0.0,0.0,,,,,,,,,,,,,,,,,,
165.400,-0.04,9.8,0.1,0.0,9.8,0.0,0.0,0.0,,,,,,,,,,,,,,,,,,,165.400,-0.05,9.9,0.0,0.0,9.9,0.0,0.0,-6.1E-4,,,,,,,,,,,,,,,,,,
165.450,-0.04,9.8,0.0,0.0,9.8,0.0,0.0,-6.1E-4,,,,,,,,,,,,,,,,,,,165.450,-0.05,9.8,-0.1,0.1,9.8,0.0,0.0,0.0,,,,,,,,,,,,,,,,,,
165.500,-0.03,9.9,-0.1,-0.1,9.9,0.0,0.0,0.0,,,,,,,,,,,,,,,,,,,165.500,-0.06,9.8,0.0,-0.1,9.8,0.0,0.0,0.0,,,,,,,,,,,,,,,,,,
165.550,-0.04,9.8,0.1,0.0,9.8,0.0,0.0,6.1E-4,,,,,,,,,,,,,,,,,,,165.550,-0.05,9.9,0.1,0.0,9.9,0.0,0.0,-6.1E-4,,,,,,,,,,,,,,,,,,
165.600,-0.05,9.8,0.0,0.0,9.8,0.0,0.0,0.0,,,,,,,,,,,,,,,,,,,165.600,-0.05,9.8,-0.1,0.0,9.8,-1.2E-4,0.0,0.0,,,,,,,,,,,,,,,,,,
165.650,-0.04,9.9,-0.1,-0.1,9.9,0.0,0.0,-6.1E-4,,,,,,,,,,,,,,,,,,,165.650,-0.05,9.8,-0.1,-0.1,9.8,0.0,0.0,-6.1E-4,,,,,,,,,,,,,,,,,,
165.700,-0.05,9.8,0.1,0.0,9.8,0.0,0.0,6.1E-4,,,,,,,,,,,,,,,,,,,165.700,-0.05,9.8,0.0,0.0,9.8,0.0,0.0,-6.1E-4,,,,,,,,,,,,,,,,,,
165.750,-0.04,9.8,-0.1,0.0,9.8,0.0,0.0,0.0,,,,,,,,,,,,,,,,,,,165.750,-0.05,9.8,0.0,0.1,9.8,0.0,0.0,0.0,,,,,,,,,,,,,,,,,,
165.800,-0.03,9.8,0.0,-0.1,9.8,0.0,0.0,6.1E-4,,,,,,,,,,,,,,,,,,,165.800,-0.05,9.8,0.0,0.0,9.8,0.0,0.0,6.1E-4,,,,,,,,,,,,,,,,,,
165.850,-0.04,9.8,0.1,-0.1,9.8,0.0,0.0,0.0,,,,,,,,,,,,,,,,,,,165.850,-0.05,9.8,0.0,0.0,9.8,0.0,0.0,6.1E-4,,,,,,,,,,,,,,,,,,
165.900,-0.04,9.8,0.0,0.0,9.8,0.0,0.0,0.0,,,,,,,,,,,,,,,,,,,165.900,-0.05,9.8,-0.2,0.0,9.8,0.0,0.0,-6.1E-4,,,,,,,,,,,,,,,,,,
165.950,-0.03,9.8,-0.1,-0.1,9.8,0.0,0.0,0.0,,,,,,,,,,,,,,,,,,,165.950,-0.05,9.8,0.0,0.0,9.8,0.0,0.0,-6.1E-4,,,,,,,,,,,,,,,,,,
166.000,-0.03,9.8,0.2,-0.1,9.8,0.0,0.0,0.0,,,,,,,,,,,,,,,,,,,166.000,-0.05,9.8,0.1,0.0,9.8,0.0,0.0,6.1E-4,,,,,,,,,,,,,,,,,,
166.050,-0.04,9.8,-0.1,0.0,9.8,0.0,0.0,0.0,,,,,,,,,,,,,,,,,,,166.050,-0.05,9.8,-0.1,0.0,9.8,0.0,0.0,6.1E-4,,,,,,,,,,,,,,,,,,
166.100,-0.04,9.8,-0.1,-0.1,9.8,0.0,0.0,0.0,,,,,,,,,,,,,,,,,,,166.100,-0.05,9.8,-0.1,0.0,9.8,0.0,0.0,-6.1E-4,,,,,,,,,,,,,,,,,,
166.150,-0.03,9.9,0.1,0.0,9.9,0.0,0.0,6.1E-4,,,,,,,,,,,,,,,,,,,166.150,-0.06,9.8,0.0,0.0,9.8,0.0,0.0,0.0,,,,,,,,,,,,,,,,,,
166.200,-0.04,9.8,0.0,0.0,9.8,0.0,0.0,-6.1E-4,,,,,,,,,,,,,,,,,,,166.200,-0.05,9.8,-0.1,0.1,9.8,-1.2E-4,0.0,0.0,,,,,,,,,,,,,,,,,,
166.250,-0.04,9.8,-0.1,-0.1,9.8,0.0,0.0,0.0,,,,,,,,,,,,,,,,,,,166.250,-0.06,9.8,0.1,-0.1,9.8,0.0,0.0,0.0,,,,,,,,,,,,,,,,,,
166.300,-0.05,9.9,0.1,-0.1,9.9,0.0,0.0,0.0,,,,,,,,,,,,,,,,,,,166.300,-0.06,9.9,0.0,0.1,9.9,-1.2E-4,0.0,0.0,,,,,,,,,,,,,,,,,,
166.350,-0.05,9.8,0.0,0.0,9.8,0.0,0.0,0.0,,,,,,,,,,,,,,,,,,,166.350,-0.06,9.8,-0.1,0.0,9.8,0.0,0.0,0.0,,,,,,,,,,,,,,,,,,
166.400,-0.05,9.8,-0.1,-0.1,9.8,0.0,0.0,-6.1E-4,,,,,,,,,,,,,,,,,,,166.400,-0.05,9.8,0.0,-0.1,9.8,0.0,0.0,-6.1E-4,,,,,,,,,,,,,,,,,,
166.450,-0.04,9.9,0.0,-0.1,9.9,0.0,0.0,0.0,,,,,,,,,,,,,,,,,,,166.450,-0.05,9.8,0.0,0.0,9.8,0.0,0.0,-6.1E-4,,,,,,,,,,,,,,,,,,
166.500,-0.04,9.8,-0.1,0.0,9.8,0.0,0.0,-6.1E-4,,,,,,,,,,,,,,,,,,,166.500,-0.04,9.8,-0.1,0.0,9.8,0.0,0.0,0.0,,,,,,,,,,,,,,,,,,
166.550,-0.04,9.8,-0.1,0.0,9.8,0.0,0.0,0.0,,,,,,,,,,,,,,,,,,,166.550,-0.04,9.8,0.0,0.0,9.8,0.0,0.0,6.1E-4,,,,,,,,,,,,,,,,,,
166.600,-0.04,9.9,0.1,-0.1,9.9,0.0,0.0,-6.1E-4,,,,,,,,,,,,,,,,,,,166.600,-0.04,9.9,0.0,0.0,9.9,0.0,0.0,-6.1E-4,,,,,,,,,,,,,,,,,,
166.650,-0.04,9.8,0.0,0.0,9.8,0.0,0.0,-6.1E-4,,,,,,,,,,,,,,,,,,,166.650,-0.05,9.8,0.0,0.0,9.8,0.0,0.0,-6.1E-4,,,,,,,,,,,,,,,,,,
166.700,-0.04,9.8,-0.1,0.0,9.8,0.0,0.0,0.0,,,,,,,,,,,,,,,,,,,166.700,-0.06,9.8,-0.1,-0.1,9.8,0.0,0.0,-6.1E-4,,,,,,,,,,,,,,,,,,
166.750,-0.04,9.9,0.1,-0.1,9.9,0.0,0.0,-6.1E-4,,,,,,,,,,,,,,,,,,,166.750,-0.05,9.9,0.0,0.1,9.9,0.0,0.0,0.0,,,,,,,,,,,,,,,,,,
166.800,-0.04,9.9,1.9E-4,0.0,9.9,0.0,0.0,0.0,,,,,,,,,,,,,,,,,,,166.800,-0.05,9.8,-0.1,0.0,9.8,0.0,0.0,0.0,,,,,,,,,,,,,,,,,,
166.850,-0.04,9.8,0.0,-0.1,9.8,0.0,0.0,6.1E-4,,,,,,,,,,,,,,,,,,,166.850,-0.05,9.8,0.0,0.0,9.8,0.0,0.0,-6.1E-4,,,,,,,,,,,,,,,,,,
166.900,-0.04,9.8,-0.1,0.0,9.8,0.0,0.0,-6.1E-4,,,,,,,,,,,,,,,,,,,166.900,-0.05,9.8,-0.1,-0.1,9.8,0.0,0.0,-6.1E-4,,,,,,,,,,,,,,,,,,
166.950,-0.05,9.8,0.0,-0.1,9.8,0.0,0.0,0.0,,,,,,,,,,,,,,,,,,,166.950,-0.04,9.9,0.0,0.1,9.9,0.0,0.0,0.0,,,,,,,,,,,,,,,,,,
167.000,-0.05,9.9,0.0,0.0,9.9,0.0,0.0,6.1E-4,,,,,,,,,,,,,,,,,,,167.000,-0.05,9.8,0.0,0.0,9.8,0.0,0.0,0.0,,,,,,,,,,,,,,,,,,
167.050,-0.03,9.8,-0.1,-0.1,9.8,0.0,0.0,0.0,,,,,,,,,,,,,,,,,,,167.050,-0.04,9.9,0.0,0.0,9.9,0.0,0.0,-6.1E-4,,,,,,,,,,,,,,,,,,
167.100,-0.04,9.8,-0.1,0.0,9.8,0.0,0.0,6.1E-4,,,,,,,,,,,,,,,,,,,167.100,-0.04,9.8,-0.1,0.0,9.8,0.0,0.0,-6.1E-4,,,,,,,,,,,,,,,,,,
167.150,-0.06,9.9,0.0,-0.1,9.9,0.0,0.0,-6.1E-4,,,,,,,,,,,,,,,,,,,167.150,-0.04,9.9,0.0,0.1,9.9,0.0,0.0,-6.1E-4,,,,,,,,,,,,,,,,,,
167.200,-0.04,9.8,0.0,0.0,9.8,0.0,0.0,-6.1E-4,,,,,,,,,,,,,,,,,,,167.200,-0.04,9.8,0.0,0.0,9.8,0.0,0.0,-6.1E-4,,,,,,,,,,,,,,,,,,
167.250,-0.03,9.8,-0.1,-0.1,9.8,0.0,0.0,0.0,,,,,,,,,,,,,,,,,,,167.250,-0.05,9.8,-0.1,0.0,9.8,0.0,0.0,-6.1E-4,,,,,,,,,,,,,,,,,,
167.300,-0.04,9.9,0.1,0.0,9.9,0.0,0.0,0.0,,,,,,,,,,,,,,,,,,,167.300,-0.03,9.8,-0.1,0.0,9.8,0.0,0.0,6.1E-4,,,,,,,,,,,,,,,,,,
167.350,-0.03,9.8,0.0,-0.1,9.8,0.0,0.0,0.0,,,,,,,,,,,,,,,,,,,167.350,-0.04,9.8,-0.1,0.0,9.8,0.0,0.0,-6.1E-4,,,,,,,,,,,,,,,,,,
167.400,-0.04,9.8,-0.1,-0.1,9.8,0.0,0.0,-6.1E-4,,,,,,,,,,,,,,,,,,,167.400,-0.05,9.9,0.0,0.1,9.9,0.0,0.0,-6.1E-4,,,,,,,,,,,,,,,,,,
167.450,-0.05,9.9,0.0,0.0,9.9,0.0,0.0,0.0,,,,,,,,,,,,,,,,,,,167.450,-0.04,9.9,0.0,0.0,9.9,0.0,0.0,6.1E-4,,,,,,,,,,,,,,,,,,
167.500,-0.05,9.9,0.0,0.0,9.9,0.0,0.0,6.1E-4,,,,,,,,,,,,,,,,,,,167.500,-0.03,9.8,-0.1,0.0,9.8,0.0,0.0,0.0,,,,,,,,,,,,,,,,,,
167.550,-0.05,9.8,0.0,-0.1,9.8,0.0,0.0,-6.1E-4,,,,,,,,,,,,,,,,,,,167.550,-0.04,9.8,-0.1,0.0,9.8,0.0,0.0,6.1E-4,,,,,,,,,,,,,,,,,,
167.600,-0.05,9.9,0.0,-0.1,9.9,0.0,0.0,6.1E-4,,,,,,,,,,,,,,,,,,,167.600,-0.05,9.8,0.0,0.0,9.8,0.0,0.0,0.0,,,,,,,,,,,,,,,,,,
167.650,-0.04,9.9,0.0,0.0,9.9,0.0,0.0,0.0,,,,,,,,,,,,,,,,,,,167.650,-0.04,9.8,0.0,0.0,9.8,0.0,0.0,6.1E-4,,,,,,,,,,,,,,,,,,
167.700,-0.03,9.8,0.0,-0.1,9.8,0.0,0.0,6.1E-4,,,,,,,,,,,,,,,,,,,167.700,-0.06,9.8,-0.1,0.0,9.8,0.0,0.0,-6.1E-4,,,,,,,,,,,,,,,,,,
167.750,-0.04,9.9,0.0,0.0,9.9,-1.2E-4,0.0,0.0,,,,,,,,,,,,,,,,,,,167.750,-0.04,9.8,-0.1,0.0,9.8,0.0,0.0,0.0,,,,,,,,,,,,,,,,,,
167.800,-0.03,9.8,0.0,-0.1,9.8,0.0,0.0,-6.1E-4,,,,,,,,,,,,,,,,,,,167.800,-0.06,9.9,0.0,0.1,9.9,0.0,0.0,6.1E-4,,,,,,,,,,,,,,,,,,
167.850,-0.03,9.8,0.0,0.0,9.8,0.0,0.0,-6.1E-4,,,,,,,,,,,,,,,,,,,167.850,-0.05,9.8,-0.1,0.0,9.8,0.0,0.0,6.1E-4,,,,,,,,,,,,,,,,,,
167.900,-0.05,9.8,0.1,-0.1,9.8,0.0,0.0,-6.1E-4,,,,,,,,,,,,,,,,,,,167.900,-0.05,9.9,0.0,0.0,9.9,0.0,0.0,0.0,,,,,,,,,,,,,,,,,,
167.950,-0.05,9.8,-0.1,0.0,9.8,0.0,0.0,0.0,,,,,,,,,,,,,,,,,,,167.950,-0.04,9.8,-0.1,0.0,9.8,0.0,0.0,-6.1E-4,,,,,,,,,,,,,,,,,,
168.000,-0.05,9.8,0.0,-0.1,9.8,0.0,0.0,-6.1E-4,,,,,,,,,,,,,,,,,,,168.000,-0.04,9.9,0.0,0.1,9.9,0.0,0.0,-6.1E-4,,,,,,,,,,,,,,,,,,
168.050,-0.05,9.9,0.0,0.0,9.9,0.0,0.0,0.0,,,,,,,,,,,,,,,,,,,168.050,-0.05,9.8,0.0,0.0,9.8,0.0,0.0,-6.1E-4,,,,,,,,,,,,,,,,,,
168.100,-0.04,9.8,0.0,-0.1,9.8,0.0,0.0,0.0,,,,,,,,,,,,,,,,,,,168.100,-0.04,9.8,-0.1,0.0,9.8,0.0,0.0,-6.1E-4,,,,,,,,,,,,,,,,,,
168.150,-0.04,9.8,0.0,-0.1,9.8,0.0,0.0,-6.1E-4,,,,,,,,,,,,,,,,,,,168.150,-0.05,9.8,0.0,0.0,9.8,0.0,0.0,6.1E-4,,,,,,,,,,,,,,,,,,
168.200,-0.04,9.8,0.1,-0.1,9.8,0.0,0.0,0.0,,,,,,,,,,,,,,,,,,,168.200,-0.05,9.9,0.0,0.1,9.9,0.0,0.0,6.1E-4,,,,,,,,,,,,,,,,,,
168.250,-0.04,9.8,0.0,0.0,9.8,0.0,0.0,-6.1E-4,,,,,,,,,,,,,,,,,,,168.250,-0.05,9.8,0.0,0.0,9.8,0.0,0.0,6.1E-4,,,,,,,,,,,,,,,,,,
168.300,-0.03,9.8,0.0,-0.1,9.8,0.0,0.0,-6.1E-4,,,,,,,,,,,,,,,,,,,168.300,-0.04,9.9,0.0,0.0,9.9,0.0,0.0,0.0,,,,,,,,,,,,,,,,,,
168.350,-0.04,9.9,0.0,0.0,9.9,0.0,0.0,-6.1E-4,,,,,,,,,,,,,,,,,,,168.350,-0.05,9.8,-0.1,0.0,9.8,0.0,0.0,6.1E-4,,,,,,,,,,,,,,,,,,
168.400,-0.03,9.8,0.0,-0.1,9.8,0.0,0.0,0.0,,,,,,,,,,,,,,,,,,,168.400,-0.04,9.9,0.0,0.0,9.9,0.0,0.0,-6.1E-4,,,,,,,,,,,,,,,,,,
168.450,-0.03,9.8,-0.1,-0.1,9.8,0.0,0.0,-6.1E-4,,,,,,,,,,,,,,,,,,,168.450,-0.04,9.8,0.0,0.0,9.8,0.0,0.0,-6.1E-4,,,,,,,,,,,,,,,,,,
168.500,-0.04,9.9,1.9E-4,0.0,9.9,0.0,0.0,-6.1E-4,,,,,,,,,,,,,,,,,,,168.500,-0.05,9.8,-0.1,0.0,9.8,0.0,0.0,-6.1E-4,,,,,,,,,,,,,,,,,,
168.550,-0.04,9.8,0.0,-0.1,9.8,0.0,0.0,6.1E-4,,,,,,,,,,,,,,,,,,,168.550,-0.05,9.8,-0.1,0.0,9.8,0.0,0.0,-6.1E-4,,,,,,,,,,,,,,,,,,
168.600,-0.03,9.8,-0.1,0.0,9.8,0.0,0.0,-6.1E-4,,,,,,,,,,,,,,,,,,,168.600,-0.04,9.8,0.0,0.0,9.8,0.0,0.0,6.1E-4,,,,,,,,,,,,,,,,,,
168.650,-0.04,9.8,0.0,-0.1,9.8,0.0,0.0,-6.1E-4,,,,,,,,,,,,,,,,,,,168.650,-0.05,9.8,-0.1,0.0,9.8,0.0,0.0,-6.1E-4,,,,,,,,,,,,,,,,,,
168.700,-0.05,9.9,0.0,0.0,9.9,0.0,0.0,-6.1E-4,,,,,,,,,,,,,,,,,,,168.700,-0.03,9.8,-0.1,0.0,9.8,0.0,0.0,-6.1E-4,,,,,,,,,,,,,,,,,,
168.750,-0.04,9.8,0.0,-0.1,9.8,-1.2E-4,0.0,-6.1E-4,,,,,,,,,,,,,,,,,,,168.750,-0.04,9.8,0.0,0.0,9.8,0.0,0.0,-6.1E-4,,,,,,,,,,,,,,,,,,
168.800,-0.05,9.8,0.0,-0.1,9.8,0.0,0.0,-6.1E-4,,,,,,,,,,,,,,,,,,,168.800,-0.04,9.8,0.0,0.0,9.8,0.0,0.0,-6.1E-4,,,,,,,,,,,,,,,,,,
168.850,-0.04,9.8,0.0,-0.1,9.8,0.0,0.0,0.0,,,,,,,,,,,,,,,,,,,168.850,-0.04,9.8,-0.1,0.0,9.8,0.0,0.0,6.1E-4,,,,,,,,,,,,,,,,,,
168.900,-0.05,9.9,0.0,0.0,9.9,0.0,0.0,-6.1E-4,,,,,,,,,,,,,,,,,,,168.900,-0.04,9.8,-0.1,0.0,9.8,0.0,0.0,0.0,,,,,,,,,,,,,,,,,,
168.950,-0.05,9.8,0.0,-0.1,9.8,0.0,0.0,0.0,,,,,,,,,,,,,,,,,,,168.950,-0.03,9.9,0.0,0.0,9.9,0.0,0.0,6.1E-4,,,,,,,,,,,,,,,,,,
169.000,-0.05,9.9,0.0,0.0,9.9,0.0,0.0,-6.1E-4,,,,,,,,,,,,,,,,,,,169.000,-0.04,9.8,-0.1,0.0,9.8,-1.2E-4,0.0,0.0,,,,,,,,,,,,,,,,,,
169.050,-0.04,9.8,-0.1,0.0,9.8,-1.2E-4,0.0,0.0,,,,,,,,,,,,,,,,,,,169.050,-0.04,9.8,-0.1,0.0,9.8,0.0,0.0,6.1E-4,,,,,,,,,,,,,,,,,,
169.100,-0.05,9.8,0.0,0.0,9.8,0.0,0.0,6.1E-4,,,,,,,,,,,,,,,,,,,169.100,-0.04,9.8,0.0,0.0,9.8,0.0,0.0,0.0,,,,,,,,,,,,,,,,,,
169.150,-0.04,9.8,0.0,0.0,9.8,0.0,0.0,0.0,,,,,,,,,,,,,,,,,,,169.150,-0.04,9.8,0.0,0.0,9.8,0.0,0.0,6.1E-4,,,,,,,,,,,,,,,,,,
169.200,-0.04,9.8,0.0,-0.1,9.8,0.0,0.0,-6.1E-4,,,,,,,,,,,,,,,,,,,169.200,-0.04,9.8,0.0,0.0,9.8,0.0,0.0,0.0,,,,,,,,,,,,,,,,,,
169.250,-0.04,9.9,0.0,0.0,9.9,0.0,0.0,-6.1E-4,,,,,,,,,,,,,,,,,,,169.250,-0.04,9.8,-0.1,0.0,9.8,0.0,0.0,6.1E-4,,,,,,,,,,,,,,,,,,
169.300,-0.04,9.9,0.0,-0.1,9.9,0.0,0.0,-6.1E-4,,,,,,,,,,,,,,,,,,,169.300,-0.03,9.8,0.0,0.0,9.8,0.0,0.0,0.0,,,,,,,,,,,,,,,,,,
169.350,-0.05,9.8,0.0,-0.1,9.8,0.0,0.0,6.1E-4,,,,,,,,,,,,,,,,,,,169.350,-0.04,9.8,0.0,0.0,9.8,0.0,0.0,0.0,,,,,,,,,,,,,,,,,,
169.400,-0.05,9.9,0.0,-0.1,9.9,0.0,0.0,0.0,,,,,,,,,,,,,,,,,,,169.400,-0.04,9.8,-0.1,0.0,9.8,0.0,0.0,0.0,,,,,,,,,,,,,,,,,,
169.450,-0.04,9.9,0.0,0.0,9.9,0.0,0.0,-6.1E-4,,,,,,,,,,,,,,,,,,,169.450,-0.05,9.8,0.0,0.0,9.8,0.0,0.0,6.1E-4,,,,,,,,,,,,,,,,,,
169.500,-0.05,9.7,0.0,-0.1,9.7,0.0,0.0,0.0,,,,,,,,,,,,,,,,,,,169.500,-0.04,9.9,0.0,0.0,9.9,-1.2E-4,0.0,0.0,,,,,,,,,,,,,,,,,,
169.550,-0.05,9.9,0.0,0.0,9.9,0.0,0.0,-6.1E-4,,,,,,,,,,,,,,,,,,,169.550,-0.05,9.8,-0.1,0.0,9.8,0.0,0.0,6.1E-4,,,,,,,,,,,,,,,,,,
169.600,-0.05,9.8,-0.1,-0.1,9.8,0.0,0.0,-6.1E-4,,,,,,,,,,,,,,,,,,,169.600,-0.04,9.8,0.0,0.0,9.8,0.0,0.0,-6.1E-4,,,,,,,,,,,,,,,,,,
169.650,-0.05,9.8,0.1,-0.1,9.8,0.0,0.0,-6.1E-4,,,,,,,,,,,,,,,,,,,169.650,-0.04,9.8,0.0,0.0,9.8,0.0,0.0,-6.1E-4,,,,,,,,,,,,,,,,,,
169.700,-0.04,9.8,-0.1,0.0,9.8,0.0,0.0,-6.1E-4,,,,,,,,,,,,,,,,,,,169.700,-0.05,9.8,0.0,0.0,9.8,0.0,0.0,0.0,,,,,,,,,,,,,,,,,,
169.750,-0.03,9.8,-0.1,0.0,9.8,0.0,0.0,0.0,,,,,,,,,,,,,,,,,,,169.750,-0.05,9.8,0.0,0.0,9.8,0.0,0.0,-6.1E-4,,,,,,,,,,,,,,,,,,
169.800,-0.03,9.9,0.1,-0.1,9.9,0.0,0.0,0.0,,,,,,,,,,,,,,,,,,,169.800,-0.05,9.8,-0.1,0.0,9.8,0.0,0.0,6.1E-4,,,,,,,,,,,,,,,,,,
169.850,-0.04,9.8,0.0,0.0,9.8,0.0,0.0,-6.1E-4,,,,,,,,,,,,,,,,,,,169.850,-0.04,9.8,0.0,0.0,9.8,0.0,0.0,-6.1E-4,,,,,,,,,,,,,,,,,,
169.900,-0.05,9.8,-0.1,-0.1,9.8,0.0,0.0,0.0,,,,,,,,,,,,,,,,,,,169.900,-0.05,9.8,-0.1,0.0,9.8,0.0,0.0,6.1E-4,,,,,,,,,,,,,,,,,,
169.950,-0.04,9.9,0.0,-0.1,9.9,0.0,0.0,6.1E-4,,,,,,,,,,,,,,,,,,,169.950,-0.05,9.8,-0.1,0.0,9.8,0.0,0.0,0.0,,,,,,,,,,,,,,,,,,
170.000,-0.05,9.8,0.1,-0.1,9.8,0.0,0.0,0.0,,,,,,,,,,,,,,,,,,,170.000,-0.04,9.8,-0.1,0.0,9.8,0.0,0.0,6.1E-4,,,,,,,,,,,,,,,,,,
170.050,-0.04,9.8,-0.1,-0.1,9.8,0.0,0.0,-6.1E-4,,,,,,,,,,,,,,,,,,,170.050,-0.04,9.9,0.0,0.0,9.9,0.0,0.0,6.1E-4,,,,,,,,,,,,,,,,,,
170.100,-0.04,9.8,0.0,-0.1,9.8,0.0,0.0,0.0,,,,,,,,,,,,,,,,,,,170.100,-0.04,9.8,-0.1,0.0,9.8,0.0,0.0,-6.1E-4,,,,,,,,,,,,,,,,,,
170.150,-0.04,9.8,0.1,0.0,9.8,0.0,0.0,-6.1E-4,,,,,,,,,,,,,,,,,,,170.150,-0.02,9.9,0.0,0.0,9.9,0.0,0.0,-6.1E-4,,,,,,,,,,,,,,,,,,
170.200,-0.05,9.8,-0.1,-0.1,9.8,0.0,0.0,6.1E-4,,,,,,,,,,,,,,,,,,,170.200,-0.04,9.8,-0.1,0.0,9.8,0.0,0.0,0.0,,,,,,,,,,,,,,,,,,
170.250,-0.03,9.8,0.0,-0.1,9.8,0.0,0.0,0.0,,,,,,,,,,,,,,,,,,,170.250,-0.04,9.9,0.0,0.0,9.9,0.0,0.0,6.1E-4,,,,,,,,,,,,,,,,,,
170.300,-0.04,9.9,0.0,0.0,9.9,0.0,0.0,-6.1E-4,,,,,,,,,,,,,,,,,,,170.300,-0.05,9.8,0.0,0.0,9.8,0.0,0.0,-6.1E-4,,,,,,,,,,,,,,,,,,
170.350,-0.05,9.9,0.0,0.0,9.9,0.0,0.0,0.0,,,,,,,,,,,,,,,,,,,170.350,-0.04,9.8,0.0,0.0,9.8,0.0,0.0,6.1E-4,,,,,,,,,,,,,,,,,,
170.400,-0.04,9.9,0.0,0.0,9.9,0.0,0.0,6.1E-4,,,,,,,,,,,,,,,,,,,170.400,-0.05,9.8,-0.1,0.0,9.8,0.0,0.0,-6.1E-4,,,,,,,,,,,,,,,,,,
170.450,-0.04,9.8,0.0,-0.1,9.8,0.0,0.0,0.0,,,,,,,,,,,,,,,,,,,170.450,-0.05,9.8,0.0,0.0,9.8,0.0,0.0,-6.1E-4,,,,,,,,,,,,,,,,,,
170.500,-0.05,9.8,-0.1,0.0,9.8,0.0,0.0,-6.1E-4,,,,,,,,,,,,,,,,,,,170.500,-0.05,9.8,0.0,0.0,9.8,0.0,0.0,-6.1E-4,,,,,,,,,,,,,,,,,,
170.550,-0.05,9.9,0.0,-0.1,9.9,0.0,0.0,6.1E-4,,,,,,,,,,,,,,,,,,,170.550,-0.06,9.8,-0.1,0.0,9.8,0.0,0.0,6.1E-4,,,,,,,,,,,,,,,,,,
170.600,-0.05,9.8,0.1,-0.1,9.8,0.0,0.0,-6.1E-4,,,,,,,,,,,,,,,,,,,170.600,-0.06,9.8,-0.1,0.0,9.8,0.0,0.0,6.1E-4,,,,,,,,,,,,,,,,,,
170.650,-0.06,9.8,-0.1,-0.1,9.8,0.0,0.0,0.0,,,,,,,,,,,,,,,,,,,170.650,-0.04,9.8,0.0,0.0,9.8,0.0,0.0,-6.1E-4,,,,,,,,,,,,,,,,,,
170.700,-0.06,9.8,-0.1,0.0,9.8,0.0,0.0,0.0,,,,,,,,,,,,,,,,,,,170.700,-0.04,9.8,0.0,0.0,9.8,0.0,0.0,6.1E-4,,,,,,,,,,,,,,,,,,
170.750,-0.05,9.8,0.1,-0.1,9.8,0.0,0.0,6.1E-4,,,,,,,,,,,,,,,,,,,170.750,-0.03,9.8,-0.1,0.0,9.8,0.0,0.0,-6.1E-4,,,,,,,,,,,,,,,,,,
170.800,-0.05,9.8,-0.1,0.0,9.8,0.0,0.0,0.0,,,,,,,,,,,,,,,,,,,170.800,-0.05,9.8,0.0,0.0,9.8,0.0,0.0,-6.1E-4,,,,,,,,,,,,,,,,,,
170.850,-0.05,9.8,-0.1,-0.1,9.8,0.0,0.0,0.0,,,,,,,,,,,,,,,,,,,170.850,-0.05,9.8,-0.1,0.0,9.8,0.0,0.0,-6.1E-4,,,,,,,,,,,,,,,,,,
170.900,-0.05,9.8,0.0,-0.1,9.8,0.0,0.0,-6.1E-4,,,,,,,,,,,,,,,,,,,170.900,-0.04,9.9,0.0,0.0,9.9,0.0,0.0,-6.1E-4,,,,,,,,,,,,,,,,,,
170.950,-0.04,9.8,0.1,-0.1,9.8,-1.2E-4,0.0,-6.1E-4,,,,,,,,,,,,,,,,,,,170.950,-0.05,9.8,0.0,0.0,9.8,0.0,0.0,-6.1E-4,,,,,,,,,,,,,,,,,,
171.000,-0.05,9.9,-0.1,0.0,9.9,0.0,0.0,-6.1E-4,,,,,,,,,,,,,,,,,,,171.000,-0.05,9.8,-0.1,0.0,9.8,0.0,0.0,0.0,,,,,,,,,,,,,,,,,,
171.050,-0.06,9.8,1.9E-4,-0.1,9.8,0.0,0.0,0.0,,,,,,,,,,,,,,,,,,,171.050,-0.04,9.8,0.0,0.0,9.8,0.0,0.0,6.1E-4,,,,,,,,,,,,,,,,,,
171.100,-0.06,9.9,0.0,0.0,9.9,0.0,0.0,-6.1E-4,,,,,,,,,,,,,,,,,,,171.100,-0.05,9.9,0.0,0.0,9.9,0.0,0.0,0.0,,,,,,,,,,,,,,,,,,
171.150,-0.05,9.8,-0.1,-0.1,9.8,0.0,0.0,0.0,,,,,,,,,,,,,,,,,,,171.150,-0.04,9.8,-0.1,0.0,9.8,0.0,0.0,-6.1E-4,,,,,,,,,,,,,,,,,,
171.200,-0.06,9.9,0.0,-0.1,9.9,0.0,0.0,-6.1E-4,,,,,,,,,,,,,,,,,,,171.200,-0.04,9.8,-0.1,0.0,9.8,0.0,0.0,-6.1E-4,,,,,,,,,,,,,,,,,,
171.250,-0.05,9.9,0.0,-0.1,9.9,0.0,0.0,0.0,,,,,,,,,,,,,,,,,,,171.250,-0.04,9.9,0.0,0.0,9.9,0.0,0.0,6.1E-4,,,,,,,,,,,,,,,,,,
171.300,-0.06,9.9,0.0,-0.1,9.9,0.0,0.0,0.0,,,,,,,,,,,,,,,,,,,171.300,-0.04,9.8,0.0,0.0,9.8,0.0,0.0,6.1E-4,,,,,,,,,,,,,,,,,,
171.350,-0.06,9.8,0.0,-0.1,9.8,0.0,0.0,-6.1E-4,,,,,,,,,,,,,,,,,,,171.350,-0.04,9.8,-0.1,0.0,9.8,0.0,0.0,-6.1E-4,,,,,,,,,,,,,,,,,,
171.400,-0.05,9.9,-0.1,0.0,9.9,0.0,0.0,0.0,,,,,,,,,,,,,,,,,,,171.400,-0.05,9.8,0.0,0.0,9.8,0.0,0.0,0.0,,,,,,,,,,,,,,,,,,
171.450,-0.05,9.8,0.0,-0.1,9.8,0.0,0.0,6.1E-4,,,,,,,,,,,,,,,,,,,171.450,-0.05,9.9,0.0,0.0,9.9,0.0,0.0,6.1E-4,,,,,,,,,,,,,,,,,,
171.500,-0.05,9.9,0.0,-0.1,9.9,0.0,0.0,-6.1E-4,,,,,,,,,,,,,,,,,,,171.500,-0.04,9.8,-0.1,0.0,9.8,-1.2E-4,0.0,6.1E-4,,,,,,,,,,,,,,,,,,
171.550,-0.06,9.9,-0.1,0.0,9.9,0.0,0.0,0.0,,,,,,,,,,,,,,,,,,,171.550,-0.04,9.8,-0.1,0.0,9.8,0.0,0.0,-6.1E-4,,,,,,,,,,,,,,,,,,
171.600,-0.05,9.8,0.0,-0.1,9.8,0.0,0.0,6.1E-4,,,,,,,,,,,,,,,,,,,171.600,-0.04,9.8,0.0,0.0,9.8,0.0,0.0,6.1E-4,,,,,,,,,,,,,,,,,,
171.650,-0.05,9.8,0.1,0.0,9.8,0.0,0.0,0.0,,,,,,,,,,,,,,,,,,,171.650,-0.05,9.8,0.0,0.0,9.8,-1.2E-4,0.0,-6.1E-4,,,,,,,,,,,,,,,,,,
171.700,-0.05,9.8,-0.1,-0.1,9.8,0.0,0.0,6.1E-4,,,,,,,,,,,,,,,,,,,171.700,-0.04,9.8,-0.1,0.0,9.8,0.0,0.0,0.0,,,,,,,,,,,,,,,,,,
171.750,-0.05,9.8,-0.1,-0.1,9.8,0.0,0.0,0.0,,,,,,,,,,,,,,,,,,,171.750,-0.05,9.8,0.0,0.0,9.8,0.0,0.0,-6.1E-4,,,,,,,,,,,,,,,,,,
171.800,-0.05,9.8,0.1,-0.1,9.8,0.0,0.0,0.0,,,,,,,,,,,,,,,,,,,171.800,-0.04,9.8,0.0,0.0,9.8,0.0,0.0,6.1E-4,,,,,,,,,,,,,,,,,,
171.850,-0.04,9.8,-0.1,0.0,9.8,0.0,0.0,0.0,,,,,,,,,,,,,,,,,,,171.850,-0.05,9.8,0.0,0.0,9.8,0.0,0.0,-6.1E-4,,,,,,,,,,,,,,,,,,
171.900,-0.04,9.8,0.0,-0.1,9.8,0.0,0.0,-6.1E-4,,,,,,,,,,,,,,,,,,,171.900,-0.05,9.8,0.0,0.0,9.8,0.0,0.0,6.1E-4,,,,,,,,,,,,,,,,,,
171.950,-0.05,9.9,0.0,0.0,9.9,0.0,0.0,-6.1E-4,,,,,,,,,,,,,,,,,,,171.950,-0.05,9.9,0.0,0.0,9.9,0.0,0.0,6.1E-4,,,,,,,,,,,,,,,,,,
172.000,-0.04,9.8,0.0,-0.1,9.8,0.0,0.0,0.0,,,,,,,,,,,,,,,,,,,172.000,-0.04,9.8,-0.1,0.0,9.8,0.0,0.0,6.1E-4,,,,,,,,,,,,,,,,,,
172.050,-0.04,9.8,1.9E-4,-0.1,9.8,0.0,0.0,0.0,,,,,,,,,,,,,,,,,,,172.050,-0.05,9.8,0.0,0.0,9.8,0.0,0.0,-6.1E-4,,,,,,,,,,,,,,,,,,
172.100,-0.04,9.8,0.0,-0.1,9.8,0.0,0.0,0.0,,,,,,,,,,,,,,,,,,,172.100,-0.05,9.9,1.9E-4,0.0,9.9,0.0,0.0,6.1E-4,,,,,,,,,,,,,,,,,,
172.150,-0.03,9.8,-0.1,0.0,9.8,0.0,0.0,-6.1E-4,,,,,,,,,,,,,,,,,,,172.150,-0.05,9.8,0.0,0.0,9.8,0.0,0.0,-6.1E-4,,,,,,,,,,,,,,,,,,
172.200,-0.05,9.8,0.0,-0.1,9.8,0.0,0.0,0.0,,,,,,,,,,,,,,,,,,,172.200,-0.06,9.8,-0.1,0.0,9.8,0.0,0.0,-6.1E-4,,,,,,,,,,,,,,,,,,
172.250,-0.04,9.8,0.1,-0.1,9.8,0.0,0.0,-6.1E-4,,,,,,,,,,,,,,,,,,,172.250,-0.05,9.8,-0.1,0.0,9.8,0.0,0.0,6.1E-4,,,,,,,,,,,,,,,,,,
172.300,-0.04,9.8,-0.1,0.0,9.8,0.0,0.0,-6.1E-4,,,,,,,,,,,,,,,,,,,172.300,-0.05,9.9,1.9E-4,0.0,9.9,0.0,0.0,6.1E-4,,,,,,,,,,,,,,,,,,
172.350,-0.04,9.8,0.0,-0.1,9.8,0.0,0.0,-6.1E-4,,,,,,,,,,,,,,,,,,,172.350,-0.05,9.8,-0.1,0.0,9.8,0.0,0.0,-6.1E-4,,,,,,,,,,,,,,,,,,
172.400,-0.05,9.8,0.1,-0.1,9.8,0.0,0.0,-6.1E-4,,,,,,,,,,,,,,,,,,,172.400,-0.04,9.8,-0.1,0.0,9.8,0.0,0.0,-6.1E-4,,,,,,,,,,,,,,,,,,
172.450,-0.05,9.8,-0.1,-0.1,9.8,0.0,0.0,0.0,,,,,,,,,,,,,,,,,,,172.450,-0.05,9.9,0.0,0.0,9.9,0.0,0.0,-6.1E-4,,,,,,,,,,,,,,,,,,
,,,,,,,,,,,,,,,,,,,,,,,,,,,172.500,-0.05,9.8,0.0,0.0,9.8,0.0,0.0,-6.1E-4,,,,,,,,,,,,,,,,,,
,,,,,,,,,,,,,,,,,,,,,,,,,,,172.550,-0.04,9.8,0.0,-0.1,9.8,0.0,0.0,0.0,,,,,,,,,,,,,,,,,,
,,,,,,,,,,,,,,,,,,,,,,,,,,,172.600,-0.04,9.8,0.0,0.1,9.8,0.0,0.0,0.0,,,,,,,,,,,,,,,,,,
,,,,,,,,,,,,,,,,,,,,,,,,,,,172.650,-0.04,9.8,0.0,0.0,9.8,0.0,0.0,0.0,,,,,,,,,,,,,,,,,,
,,,,,,,,,,,,,,,,,,,,,,,,,,,172.700,-0.05,9.8,-0.1,0.0,9.8,0.0,0.0,0.0,,,,,,,,,,,,,,,,,,
,,,,,,,,,,,,,,,,,,,,,,,,,,,172.750,-0.05,9.8,0.0,0.0,9.8,0.0,0.0,0.0,,,,,,,,,,,,,,,,,,
,,,,,,,,,,,,,,,,,,,,,,,,,,,172.800,-0.04,9.8,-0.1,0.1,9.8,0.0,0.0,0.0,,,,,,,,,,,,,,,,,,
,,,,,,,,,,,,,,,,,,,,,,,,,,,172.850,-0.05,9.8,0.0,0.0,9.8,0.0,0.0,6.1E-4,,,,,,,,,,,,,,,,,,
,,,,,,,,,,,,,,,,,,,,,,,,,,,172.900,-0.04,9.9,-0.1,0.0,9.9,0.0,0.0,6.1E-4,,,,,,,,,,,,,,,,,,
,,,,,,,,,,,,,,,,,,,,,,,,,,,172.950,-0.04,9.8,0.0,0.0,9.8,0.0,0.0,0.0,,,,,,,,,,,,,,,,,,
,,,,,,,,,,,,,,,,,,,,,,,,,,,173.000,-0.04,9.9,-0.1,0.1,9.9,0.0,0.0,0.0,,,,,,,,,,,,,,,,,,
,,,,,,,,,,,,,,,,,,,,,,,,,,,173.050,-0.06,9.8,1.9E-4,0.0,9.8,0.0,0.0,0.0,,,,,,,,,,,,,,,,,,
,,,,,,,,,,,,,,,,,,,,,,,,,,,173.100,-0.05,9.8,0.0,-0.1,9.8,0.0,0.0,0.0,,,,,,,,,,,,,,,,,,
,,,,,,,,,,,,,,,,,,,,,,,,,,,173.150,-0.05,9.8,-0.1,0.1,9.8,0.0,0.0,0.0,,,,,,,,,,,,,,,,,,
,,,,,,,,,,,,,,,,,,,,,,,,,,,173.200,-0.05,9.8,0.0,0.0,9.8,0.0,0.0,6.1E-4,,,,,,,,,,,,,,,,,,
,,,,,,,,,,,,,,,,,,,,,,,,,,,173.250,-0.04,9.9,0.0,0.0,9.9,0.0,0.0,0.0,,,,,,,,,,,,,,,,,,
,,,,,,,,,,,,,,,,,,,,,,,,,,,173.300,-0.04,9.8,-0.1,0.0,9.8,0.0,0.0,6.1E-4,,,,,,,,,,,,,,,,,,
,,,,,,,,,,,,,,,,,,,,,,,,,,,173.350,-0.05,9.8,0.0,0.0,9.8,0.0,0.0,-6.1E-4,,,,,,,,,,,,,,,,,,
,,,,,,,,,,,,,,,,,,,,,,,,,,,173.400,-0.04,9.8,0.0,0.0,9.8,0.0,0.0,0.0,,,,,,,,,,,,,,,,,,
,,,,,,,,,,,,,,,,,,,,,,,,,,,173.450,-0.04,9.8,0.0,0.0,9.8,0.0,0.0,0.0,,,,,,,,,,,,,,,,,,
,,,,,,,,,,,,,,,,,,,,,,,,,,,173.500,-0.04,9.8,-0.2,0.0,9.8,0.0,0.0,-6.1E-4,,,,,,,,,,,,,,,,,,
,,,,,,,,,,,,,,,,,,,,,,,,,,,173.550,-0.03,9.9,0.0,0.0,9.9,0.0,0.0,-6.1E-4,,,,,,,,,,,,,,,,,,
,,,,,,,,,,,,,,,,,,,,,,,,,,,173.600,-0.04,9.8,0.0,0.0,9.8,0.0,0.0,-6.1E-4,,,,,,,,,,,,,,,,,,
,,,,,,,,,,,,,,,,,,,,,,,,,,,173.650,-0.04,9.8,0.0,0.0,9.8,0.0,0.0,6.1E-4,,,,,,,,,,,,,,,,,,
,,,,,,,,,,,,,,,,,,,,,,,,,,,173.700,-0.04,9.8,-0.1,0.0,9.8,0.0,0.0,0.0,,,,,,,,,,,,,,,,,,
,,,,,,,,,,,,,,,,,,,,,,,,,,,173.750,-0.04,9.9,0.0,0.0,9.9,0.0,0.0,6.1E-4,,,,,,,,,,,,,,,,,,
,,,,,,,,,,,,,,,,,,,,,,,,,,,173.800,-0.04,9.9,0.0,0.1,9.9,0.0,0.0,0.0,,,,,,,,,,,,,,,,,,
,,,,,,,,,,,,,,,,,,,,,,,,,,,173.850,-0.03,9.8,0.0,0.0,9.8,0.0,0.0,6.1E-4,,,,,,,,,,,,,,,,,,
,,,,,,,,,,,,,,,,,,,,,,,,,,,173.900,-0.04,9.8,-0.1,0.0,9.8,0.0,0.0,6.1E-4,,,,,,,,,,,,,,,,,,
,,,,,,,,,,,,,,,,,,,,,,,,,,,173.950,-0.05,9.8,0.0,0.0,9.8,0.0,0.0,-6.1E-4,,,,,,,,,,,,,,,,,,
,,,,,,,,,,,,,,,,,,,,,,,,,,,174.000,-0.04,9.9,0.0,0.1,9.9,0.0,0.0,0.0,,,,,,,,,,,,,,,,,,
,,,,,,,,,,,,,,,,,,,,,,,,,,,174.050,-0.04,9.8,-0.1,0.0,9.8,0.0,0.0,0.0,,,,,,,,,,,,,,,,,,
,,,,,,,,,,,,,,,,,,,,,,,,,,,174.100,-0.06,9.8,0.0,0.0,9.8,0.0,0.0,6.1E-4,,,,,,,,,,,,,,,,,,
,,,,,,,,,,,,,,,,,,,,,,,,,,,174.150,-0.06,9.8,-0.1,0.0,9.8,0.0,0.0,-6.1E-4,,,,,,,,,,,,,,,,,,
,,,,,,,,,,,,,,,,,,,,,,,,,,,174.200,-0.05,9.9,0.0,0.1,9.9,0.0,0.0,0.0,,,,,,,,,,,,,,,,,,
,,,,,,,,,,,,,,,,,,,,,,,,,,,174.250,-0.05,9.9,1.9E-4,0.0,9.9,0.0,0.0,-6.1E-4,,,,,,,,,,,,,,,,,,
,,,,,,,,,,,,,,,,,,,,,,,,,,,174.300,-0.04,9.8,0.0,0.0,9.8,0.0,0.0,0.0,,,,,,,,,,,,,,,,,,
,,,,,,,,,,,,,,,,,,,,,,,,,,,174.350,-0.05,9.8,0.0,0.0,9.8,0.0,0.0,6.1E-4,,,,,,,,,,,,,,,,,,
,,,,,,,,,,,,,,,,,,,,,,,,,,,174.400,-0.05,9.8,0.0,0.0,9.8,0.0,0.0,6.1E-4,,,,,,,,,,,,,,,,,,
,,,,,,,,,,,,,,,,,,,,,,,,,,,174.450,-0.04,9.9,0.0,0.0,9.9,0.0,0.0,0.0,,,,,,,,,,,,,,,,,,
,,,,,,,,,,,,,,,,,,,,,,,,,,,174.500,-0.04,9.8,-0.1,0.0,9.8,0.0,0.0,0.0,,,,,,,,,,,,,,,,,,
,,,,,,,,,,,,,,,,,,,,,,,,,,,174.550,-0.05,9.8,-0.1,0.0,9.8,-1.2E-4,0.0,0.0,,,,,,,,,,,,,,,,,,
,,,,,,,,,,,,,,,,,,,,,,,,,,,174.600,-0.04,9.8,0.0,0.0,9.8,0.0,0.0,0.0,,,,,,,,,,,,,,,,,,
,,,,,,,,,,,,,,,,,,,,,,,,,,,174.650,-0.04,9.8,0.0,0.0,9.8,0.0,0.0,-6.1E-4,,,,,,,,,,,,,,,,,,
,,,,,,,,,,,,,,,,,,,,,,,,,,,174.700,-0.06,9.8,0.0,0.0,9.8,0.0,0.0,6.1E-4,,,,,,,,,,,,,,,,,,
,,,,,,,,,,,,,,,,,,,,,,,,,,,174.750,-0.05,9.8,-0.1,0.0,9.8,0.0,0.0,-6.1E-4,,,,,,,,,,,,,,,,,,
,,,,,,,,,,,,,,,,,,,,,,,,,,,174.800,-0.05,9.8,-0.1,0.0,9.8,0.0,0.0,-6.1E-4,,,,,,,,,,,,,,,,,,
,,,,,,,,,,,,,,,,,,,,,,,,,,,174.850,-0.04,9.8,0.1,0.0,9.8,0.0,0.0,6.1E-4,,,,,,,,,,,,,,,,,,
,,,,,,,,,,,,,,,,,,,,,,,,,,,174.900,-0.05,9.8,-0.1,0.0,9.8,0.0,0.0,-6.1E-4,,,,,,,,,,,,,,,,,,
,,,,,,,,,,,,,,,,,,,,,,,,,,,174.950,-0.04,9.8,-0.1,0.0,9.8,0.0,0.0,-6.1E-4,,,,,,,,,,,,,,,,,,
,,,,,,,,,,,,,,,,,,,,,,,,,,,175.000,-0.04,9.8,-0.1,0.0,9.8,0.0,0.0,0.0,,,,,,,,,,,,,,,,,,
,,,,,,,,,,,,,,,,,,,,,,,,,,,175.050,-0.05,9.8,0.0,0.0,9.8,0.0,0.0,0.0,,,,,,,,,,,,,,,,,,
,,,,,,,,,,,,,,,,,,,,,,,,,,,175.100,-0.05,9.8,0.0,0.0,9.8,0.0,0.0,-6.1E-4,,,,,,,,,,,,,,,,,,
,,,,,,,,,,,,,,,,,,,,,,,,,,,175.150,-0.06,9.9,-0.1,0.0,9.9,0.0,0.0,-6.1E-4,,,,,,,,,,,,,,,,,,
,,,,,,,,,,,,,,,,,,,,,,,,,,,175.200,-0.05,9.8,0.0,0.0,9.8,0.0,0.0,0.0,,,,,,,,,,,,,,,,,,
,,,,,,,,,,,,,,,,,,,,,,,,,,,175.250,-0.05,9.9,0.0,0.0,9.9,0.0,0.0,0.0,,,,,,,,,,,,,,,,,,
,,,,,,,,,,,,,,,,,,,,,,,,,,,175.300,-0.04,9.8,-0.1,0.1,9.8,0.0,0.0,0.0,,,,,,,,,,,,,,,,,,
,,,,,,,,,,,,,,,,,,,,,,,,,,,175.350,-0.05,9.8,0.0,-0.1,9.8,0.0,0.0,6.1E-4,,,,,,,,,,,,,,,,,,
,,,,,,,,,,,,,,,,,,,,,,,,,,,175.400,-0.04,9.8,0.1,0.0,9.8,0.0,0.0,6.1E-4,,,,,,,,,,,,,,,,,,
,,,,,,,,,,,,,,,,,,,,,,,,,,,175.450,-0.05,9.8,0.0,0.0,9.8,0.0,0.0,-6.1E-4,,,,,,,,,,,,,,,,,,
,,,,,,,,,,,,,,,,,,,,,,,,,,,175.500,-0.06,9.8,-0.1,0.0,9.8,0.0,0.0,-6.1E-4,,,,,,,,,,,,,,,,,,
,,,,,,,,,,,,,,,,,,,,,,,,,,,175.550,-0.05,9.8,0.0,0.0,9.8,0.0,0.0,6.1E-4,,,,,,,,,,,,,,,,,,
,,,,,,,,,,,,,,,,,,,,,,,,,,,175.600,-0.06,9.9,0.0,0.0,9.9,0.0,0.0,6.1E-4,,,,,,,,,,,,,,,,,,
,,,,,,,,,,,,,,,,,,,,,,,,,,,175.650,-0.05,9.8,-0.1,0.0,9.8,-1.2E-4,0.0,-6.1E-4,,,,,,,,,,,,,,,,,,
,,,,,,,,,,,,,,,,,,,,,,,,,,,175.700,-0.05,9.8,-0.1,0.0,9.8,0.0,0.0,6.1E-4,,,,,,,,,,,,,,,,,,
,,,,,,,,,,,,,,,,,,,,,,,,,,,175.750,-0.05,9.8,0.0,0.0,9.8,0.0,0.0,-6.1E-4,,,,,,,,,,,,,,,,,,
,,,,,,,,,,,,,,,,,,,,,,,,,,,175.800,-0.05,9.8,0.0,0.0,9.8,0.0,0.0,-6.1E-4,,,,,,,,,,,,,,,,,,
,,,,,,,,,,,,,,,,,,,,,,,,,,,175.850,-0.06,9.8,-0.1,0.0,9.8,0.0,0.0,-6.1E-4,,,,,,,,,,,,,,,,,,
,,,,,,,,,,,,,,,,,,,,,,,,,,,175.900,-0.06,9.8,0.0,0.0,9.8,0.0,0.0,6.1E-4,,,,,,,,,,,,,,,,,,
,,,,,,,,,,,,,,,,,,,,,,,,,,,175.950,-0.06,9.9,0.0,0.0,9.9,0.0,0.0,-6.1E-4,,,,,,,,,,,,,,,,,,
,,,,,,,,,,,,,,,,,,,,,,,,,,,176.000,-0.05,9.8,0.0,0.0,9.8,0.0,0.0,0.0,,,,,,,,,,,,,,,,,,
,,,,,,,,,,,,,,,,,,,,,,,,,,,176.050,-0.05,9.9,0.0,0.0,9.9,0.0,0.0,6.1E-4,,,,,,,,,,,,,,,,,,
,,,,,,,,,,,,,,,,,,,,,,,,,,,176.100,-0.04,9.8,-0.1,0.0,9.8,0.0,0.0,-6.1E-4,,,,,,,,,,,,,,,,,,
,,,,,,,,,,,,,,,,,,,,,,,,,,,176.150,-0.04,9.9,0.0,0.0,9.9,0.0,0.0,-6.1E-4,,,,,,,,,,,,,,,,,,
,,,,,,,,,,,,,,,,,,,,,,,,,,,176.200,-0.03,9.8,-0.1,0.0,9.8,0.0,0.0,6.1E-4,,,,,,,,,,,,,,,,,,
,,,,,,,,,,,,,,,,,,,,,,,,,,,176.250,-0.03,9.9,0.0,0.0,9.9,0.0,0.0,0.0,,,,,,,,,,,,,,,,,,
,,,,,,,,,,,,,,,,,,,,,,,,,,,176.300,-0.02,9.8,-0.1,0.0,9.8,0.0,0.0,0.0,,,,,,,,,,,,,,,,,,
,,,,,,,,,,,,,,,,,,,,,,,,,,,176.350,-0.04,9.8,0.0,0.0,9.8,0.0,0.0,0.0,,,,,,,,,,,,,,,,,,
,,,,,,,,,,,,,,,,,,,,,,,,,,,176.400,-0.04,9.8,0.0,0.0,9.8,0.0,0.0,6.1E-4,,,,,,,,,,,,,,,,,,
,,,,,,,,,,,,,,,,,,,,,,,,,,,176.450,-0.04,9.9,0.0,0.0,9.9,0.0,0.0,-6.1E-4,,,,,,,,,,,,,,,,,,
,,,,,,,,,,,,,,,,,,,,,,,,,,,176.500,-0.04,9.8,0.0,0.0,9.8,0.0,0.0,-6.1E-4,,,,,,,,,,,,,,,,,,
,,,,,,,,,,,,,,,,,,,,,,,,,,,176.550,-0.04,9.9,0.0,0.0,9.9,0.0,0.0,6.1E-4,,,,,,,,,,,,,,,,,,
,,,,,,,,,,,,,,,,,,,,,,,,,,,176.600,-0.05,9.9,0.0,0.0,9.9,0.0,0.0,0.0,,,,,,,,,,,,,,,,,,
,,,,,,,,,,,,,,,,,,,,,,,,,,,176.650,-0.05,9.8,0.0,0.0,9.8,0.0,0.0,-6.1E-4,,,,,,,,,,,,,,,,,,
,,,,,,,,,,,,,,,,,,,,,,,,,,,176.700,-0.06,9.8,-0.1,0.0,9.8,0.0,0.0,-6.1E-4,,,,,,,,,,,,,,,,,,
,,,,,,,,,,,,,,,,,,,,,,,,,,,176.750,-0.05,9.8,0.0,0.0,9.8,0.0,0.0,-6.1E-4,,,,,,,,,,,,,,,,,,
,,,,,,,,,,,,,,,,,,,,,,,,,,,176.800,-0.05,9.9,0.0,0.0,9.9,0.0,0.0,6.1E-4,,,,,,,,,,,,,,,,,,
,,,,,,,,,,,,,,,,,,,,,,,,,,,176.850,-0.05,9.8,0.0,0.0,9.8,-1.2E-4,0.0,-6.1E-4,,,,,,,,,,,,,,,,,,
,,,,,,,,,,,,,,,,,,,,,,,,,,,176.900,-0.04,9.8,-0.1,0.0,9.8,0.0,0.0,6.1E-4,,,,,,,,,,,,,,,,,,
,,,,,,,,,,,,,,,,,,,,,,,,,,,176.950,-0.05,9.8,-0.1,0.0,9.8,0.0,0.0,0.0,,,,,,,,,,,,,,,,,,
,,,,,,,,,,,,,,,,,,,,,,,,,,,177.000,-0.04,9.8,0.0,0.0,9.8,0.0,0.0,6.1E-4,,,,,,,,,,,,,,,,,,
,,,,,,,,,,,,,,,,,,,,,,,,,,,177.050,-0.04,9.8,-0.1,0.0,9.8,0.0,0.0,0.0,,,,,,,,,,,,,,,,,,
,,,,,,,,,,,,,,,,,,,,,,,,,,,177.100,-0.04,9.8,0.0,0.0,9.8,0.0,0.0,6.1E-4,,,,,,,,,,,,,,,,,,
,,,,,,,,,,,,,,,,,,,,,,,,,,,177.150,-0.05,9.8,0.0,-0.1,9.8,0.0,0.0,-6.1E-4,,,,,,,,,,,,,,,,,,
,,,,,,,,,,,,,,,,,,,,,,,,,,,177.200,-0.04,9.8,-0.1,0.1,9.8,0.0,0.0,0.0,,,,,,,,,,,,,,,,,,
,,,,,,,,,,,,,,,,,,,,,,,,,,,177.250,-0.04,9.8,1.9E-4,0.0,9.8,0.0,0.0,0.0,,,,,,,,,,,,,,,,,,
,,,,,,,,,,,,,,,,,,,,,,,,,,,177.300,-0.05,9.8,0.1,0.0,9.8,0.0,0.0,0.0,,,,,,,,,,,,,,,,,,
,,,,,,,,,,,,,,,,,,,,,,,,,,,177.350,-0.06,9.8,-0.1,0.0,9.8,0.0,0.0,0.0,,,,,,,,,,,,,,,,,,
,,,,,,,,,,,,,,,,,,,,,,,,,,,177.400,-0.04,9.9,-0.3,0.1,9.9,0.0,0.0,0.0,,,,,,,,,,,,,,,,,,
,,,,,,,,,,,,,,,,,,,,,,,,,,,177.450,-0.05,9.8,0.4,0.0,9.8,0.0,0.0,0.0,,,,,,,,,,,,,,,,,,
,,,,,,,,,,,,,,,,,,,,,,,,,,,177.500,-0.04,9.8,-0.1,0.1,9.8,0.0,0.0,-6.1E-4,,,,,,,,,,,,,,,,,,
,,,,,,,,,,,,,,,,,,,,,,,,,,,177.550,-0.06,9.8,-0.1,0.0,9.8,-1.2E-4,0.0,0.0,,,,,,,,,,,,,,,,,,
,,,,,,,,,,,,,,,,,,,,,,,,,,,177.600,-0.05,9.8,0.0,-0.2,9.8,0.0,0.0,0.0,,,,,,,,,,,,,,,,,,
,,,,,,,,,,,,,,,,,,,,,,,,,,,177.650,-0.06,9.9,0.1,0.2,9.9,0.0,0.0,0.0,,,,,,,,,,,,,,,,,,
,,,,,,,,,,,,,,,,,,,,,,,,,,,177.700,-0.06,9.8,-0.1,0.0,9.8,0.0,0.0,0.0,,,,,,,,,,,,,,,,,,
,,,,,,,,,,,,,,,,,,,,,,,,,,,177.750,-0.05,9.8,0.0,-0.1,9.8,0.0,0.0,0.0,,,,,,,,,,,,,,,,,,
,,,,,,,,,,,,,,,,,,,,,,,,,,,177.800,-0.05,9.8,-0.1,0.0,9.8,0.0,0.0,0.0,,,,,,,,,,,,,,,,,,
,,,,,,,,,,,,,,,,,,,,,,,,,,,177.850,-0.04,9.9,0.1,0.2,9.9,0.0,0.0,-6.1E-4,,,,,,,,,,,,,,,,,,
,,,,,,,,,,,,,,,,,,,,,,,,,,,177.900,-0.04,9.8,0.0,-0.1,9.8,0.0,0.0,6.1E-4,,,,,,,,,,,,,,,,,,
,,,,,,,,,,,,,,,,,,,,,,,,,,,177.950,-0.05,9.9,-0.2,0.0,9.9,0.0,0.0,0.0,,,,,,,,,,,,,,,,,,
,,,,,,,,,,,,,,,,,,,,,,,,,,,178.000,-0.05,9.8,-0.2,0.0,9.8,0.0,0.0,0.0,,,,,,,,,,,,,,,,,,
,,,,,,,,,,,,,,,,,,,,,,,,,,,178.050,-0.05,9.9,0.3,0.1,9.9,0.0,0.0,0.0,,,,,,,,,,,,,,,,,,
,,,,,,,,,,,,,,,,,,,,,,,,,,,178.100,-0.05,9.8,-0.1,-0.1,9.8,0.0,0.0,0.0,,,,,,,,,,,,,,,,,,
,,,,,,,,,,,,,,,,,,,,,,,,,,,178.150,-0.05,9.8,-0.2,0.0,9.8,0.0,0.0,0.0,,,,,,,,,,,,,,,,,,
,,,,,,,,,,,,,,,,,,,,,,,,,,,178.200,-0.05,9.8,0.0,-0.1,9.8,-0.1,0.0,0.0,,,,,,,,,,,,,,,,,,
,,,,,,,,,,,,,,,,,,,,,,,,,,,178.250,-0.05,9.8,0.2,0.1,9.9,0.0,0.0,0.0,,,,,,,,,,,,,,,,,,
,,,,,,,,,,,,,,,,,,,,,,,,,,,178.300,-0.03,9.8,-0.1,0.0,9.8,0.0,0.0,0.0,,,,,,,,,,,,,,,,,,
,,,,,,,,,,,,,,,,,,,,,,,,,,,178.350,-0.04,9.8,-0.3,-0.1,9.8,0.0,0.0,0.0,,,,,,,,,,,,,,,,,,
,,,,,,,,,,,,,,,,,,,,,,,,,,,178.400,-0.04,9.8,0.1,0.0,9.8,0.0,0.0,0.0,,,,,,,,,,,,,,,,,,
,,,,,,,,,,,,,,,,,,,,,,,,,,,178.450,-0.04,9.9,0.1,0.2,9.9,0.0,0.0,-6.1E-4,,,,,,,,,,,,,,,,,,
,,,,,,,,,,,,,,,,,,,,,,,,,,,178.500,-0.04,9.8,0.0,-0.1,9.8,0.0,0.0,6.1E-4,,,,,,,,,,,,,,,,,,
,,,,,,,,,,,,,,,,,,,,,,,,,,,178.550,-0.05,9.8,-0.2,0.0,9.8,0.0,0.0,0.0,,,,,,,,,,,,,,,,,,
,,,,,,,,,,,,,,,,,,,,,,,,,,,178.600,-0.04,9.8,0.0,0.1,9.8,0.0,0.0,-6.1E-4,,,,,,,,,,,,,,,,,,
,,,,,,,,,,,,,,,,,,,,,,,,,,,178.650,-0.04,9.8,0.2,0.0,9.8,-1.2E-4,0.0,6.1E-4,,,,,,,,,,,,,,,,,,
,,,,,,,,,,,,,,,,,,,,,,,,,,,178.700,-0.05,9.8,-0.1,-0.1,9.8,0.0,0.0,0.0,,,,,,,,,,,,,,,,,,
,,,,,,,,,,,,,,,,,,,,,,,,,,,178.750,-0.05,9.8,-0.3,0.0,9.8,0.0,0.0,0.0,,,,,,,,,,,,,,,,,,
,,,,,,,,,,,,,,,,,,,,,,,,,,,178.800,-0.04,9.9,0.1,0.1,9.9,0.0,0.0,0.0,,,,,,,,,,,,,,,,,,
,,,,,,,,,,,,,,,,,,,,,,,,,,,178.850,-0.04,9.8,0.1,0.0,9.8,0.0,0.0,0.0,,,,,,,,,,,,,,,,,,
,,,,,,,,,,,,,,,,,,,,,,,,,,,178.900,-0.04,9.8,-0.1,0.0,9.8,0.0,0.0,0.0,,,,,,,,,,,,,,,,,,
,,,,,,,,,,,,,,,,,,,,,,,,,,,178.950,-0.04,9.8,-0.3,-0.1,9.8,0.0,0.0,0.0,,,,,,,,,,,,,,,,,,
,,,,,,,,,,,,,,,,,,,,,,,,,,,179.000,-0.04,9.8,0.2,0.0,9.8,0.0,0.0,0.0,,,,,,,,,,,,,,,,,,
,,,,,,,,,,,,,,,,,,,,,,,,,,,179.050,-0.05,9.8,0.1,0.0,9.8,0.0,0.0,6.1E-4,,,,,,,,,,,,,,,,,,
,,,,,,,,,,,,,,,,,,,,,,,,,,,179.100,-0.04,9.8,-0.1,0.0,9.8,0.0,0.0,0.0,,,,,,,,,,,,,,,,,,
,,,,,,,,,,,,,,,,,,,,,,,,,,,179.150,-0.04,9.8,-0.2,-0.1,9.8,0.0,0.0,0.0,,,,,,,,,,,,,,,,,,
,,,,,,,,,,,,,,,,,,,,,,,,,,,179.200,-0.04,9.9,0.2,0.1,9.9,0.0,0.0,0.0,,,,,,,,,,,,,,,,,,
,,,,,,,,,,,,,,,,,,,,,,,,,,,179.250,-0.04,9.8,0.0,0.0,9.8,0.0,0.0,0.0,,,,,,,,,,,,,,,,,,
,,,,,,,,,,,,,,,,,,,,,,,,,,,179.300,-0.04,9.9,-0.1,0.0,9.9,0.0,0.0,0.0,,,,,,,,,,,,,,,,,,
,,,,,,,,,,,,,,,,,,,,,,,,,,,179.350,-0.05,9.8,-0.1,0.0,9.8,0.0,0.0,0.0,,,,,,,,,,,,,,,,,,
,,,,,,,,,,,,,,,,,,,,,,,,,,,179.400,-0.03,9.8,0.1,0.1,9.8,0.0,0.0,-6.1E-4,,,,,,,,,,,,,,,,,,
,,,,,,,,,,,,,,,,,,,,,,,,,,,179.450,-0.02,9.8,-0.1,-0.1,9.8,0.0,0.0,0.0,,,,,,,,,,,,,,,,,,
,,,,,,,,,,,,,,,,,,,,,,,,,,,179.500,-0.04,9.8,0.1,0.1,9.8,0.0,0.0,6.1E-4,,,,,,,,,,,,,,,,,,
,,,,,,,,,,,,,,,,,,,,,,,,,,,179.550,-0.03,9.8,-0.1,0.0,9.8,0.0,0.0,6.1E-4,,,,,,,,,,,,,,,,,,
,,,,,,,,,,,,,,,,,,,,,,,,,,,179.600,-0.03,9.8,-0.1,0.0,9.8,0.0,0.0,0.0,,,,,,,,,,,,,,,,,,
,,,,,,,,,,,,,,,,,,,,,,,,,,,179.650,-0.02,9.8,0.0,0.0,9.8,0.0,0.0,6.1E-4,,,,,,,,,,,,,,,,,,
,,,,,,,,,,,,,,,,,,,,,,,,,,,179.700,-0.03,9.9,0.1,0.1,9.9,-1.2E-4,0.0,6.1E-4,,,,,,,,,,,,,,,,,,
,,,,,,,,,,,,,,,,,,,,,,,,,,,179.750,-0.04,9.8,-0.1,-0.1,9.8,0.0,0.0,-6.1E-4,,,,,,,,,,,,,,,,,,
,,,,,,,,,,,,,,,,,,,,,,,,,,,179.800,-0.04,9.8,-0.2,0.0,9.8,0.0,0.0,-6.1E-4,,,,,,,,,,,,,,,,,,
,,,,,,,,,,,,,,,,,,,,,,,,,,,179.850,-0.03,9.8,0.1,0.0,9.8,0.0,0.0,-6.1E-4,,,,,,,,,,,,,,,,,,
,,,,,,,,,,,,,,,,,,,,,,,,,,,179.900,-0.03,9.8,0.2,0.0,9.8,0.0,0.0,0.0,,,,,,,,,,,,,,,,,,
,,,,,,,,,,,,,,,,,,,,,,,,,,,179.950,-0.04,9.8,-0.3,0.0,9.8,0.0,0.0,0.0,,,,,,,,,,,,,,,,,,
,,,,,,,,,,,,,,,,,,,,,,,,,,,180.000,-0.04,9.8,-0.1,0.0,9.8,0.0,0.0,6.1E-4,,,,,,,,,,,,,,,,,,
,,,,,,,,,,,,,,,,,,,,,,,,,,,180.050,-0.03,9.9,0.1,0.0,9.9,0.0,0.0,-6.1E-4,,,,,,,,,,,,,,,,,,
,,,,,,,,,,,,,,,,,,,,,,,,,,,180.100,-0.04,9.8,0.2,0.1,9.8,0.0,0.0,6.1E-4,,,,,,,,,,,,,,,,,,
,,,,,,,,,,,,,,,,,,,,,,,,,,,180.150,-0.03,9.8,-0.3,-0.1,9.8,0.0,0.0,0.0,,,,,,,,,,,,,,,,,,
,,,,,,,,,,,,,,,,,,,,,,,,,,,180.200,-0.03,9.8,0.0,-0.1,9.8,0.0,0.0,0.0,,,,,,,,,,,,,,,,,,
,,,,,,,,,,,,,,,,,,,,,,,,,,,180.250,-0.04,9.8,0.1,0.1,9.8,0.0,0.0,6.1E-4,,,,,,,,,,,,,,,,,,
,,,,,,,,,,,,,,,,,,,,,,,,,,,180.300,-0.04,9.8,1.9E-4,0.0,9.8,0.0,0.0,0.0,,,,,,,,,,,,,,,,,,
,,,,,,,,,,,,,,,,,,,,,,,,,,,180.350,-0.04,9.8,-0.1,-0.1,9.8,0.0,0.0,6.1E-4,,,,,,,,,,,,,,,,,,
,,,,,,,,,,,,,,,,,,,,,,,,,,,180.400,-0.02,9.8,-0.2,0.0,9.8,-1.2E-4,0.0,0.0,,,,,,,,,,,,,,,,,,
,,,,,,,,,,,,,,,,,,,,,,,,,,,180.450,-0.03,9.9,0.0,0.1,9.9,0.0,0.0,6.1E-4,,,,,,,,,,,,,,,,,,
,,,,,,,,,,,,,,,,,,,,,,,,,,,180.500,-0.03,9.8,0.1,0.0,9.8,0.0,0.0,6.1E-4,,,,,,,,,,,,,,,,,,
,,,,,,,,,,,,,,,,,,,,,,,,,,,180.550,-0.04,9.8,-0.2,-0.1,9.8,0.0,0.0,6.1E-4,,,,,,,,,,,,,,,,,,
,,,,,,,,,,,,,,,,,,,,,,,,,,,180.600,-0.04,9.8,-0.1,0.0,9.8,0.0,0.0,0.0,,,,,,,,,,,,,,,,,,
,,,,,,,,,,,,,,,,,,,,,,,,,,,180.650,-0.04,9.9,0.1,0.1,9.9,0.0,0.0,6.1E-4,,,,,,,,,,,,,,,,,,
,,,,,,,,,,,,,,,,,,,,,,,,,,,180.700,-0.04,9.8,0.1,0.0,9.8,0.0,0.0,6.1E-4,,,,,,,,,,,,,,,,,,
,,,,,,,,,,,,,,,,,,,,,,,,,,,180.750,-0.04,9.8,-0.2,-0.1,9.8,0.0,0.0,6.1E-4,,,,,,,,,,,,,,,,,,
,,,,,,,,,,,,,,,,,,,,,,,,,,,180.800,-0.05,9.8,-0.1,0.0,9.8,0.0,0.0,0.0,,,,,,,,,,,,,,,,,,
,,,,,,,,,,,,,,,,,,,,,,,,,,,180.850,-0.04,9.8,0.1,0.1,9.8,0.0,0.0,-6.1E-4,,,,,,,,,,,,,,,,,,
,,,,,,,,,,,,,,,,,,,,,,,,,,,180.900,-0.04,9.8,0.0,0.0,9.8,0.0,0.0,6.1E-4,,,,,,,,,,,,,,,,,,
,,,,,,,,,,,,,,,,,,,,,,,,,,,180.950,-0.02,9.8,-0.1,-0.1,9.8,0.0,0.0,6.1E-4,,,,,,,,,,,,,,,,,,
,,,,,,,,,,,,,,,,,,,,,,,,,,,181.000,-0.03,9.8,-0.2,0.0,9.8,0.0,0.0,-6.1E-4,,,,,,,,,,,,,,,,,,
,,,,,,,,,,,,,,,,,,,,,,,,,,,181.050,-0.05,9.8,0.1,0.0,9.8,0.0,0.0,-6.1E-4,,,,,,,,,,,,,,,,,,
,,,,,,,,,,,,,,,,,,,,,,,,,,,181.100,-0.05,9.9,0.2,0.0,9.9,-1.2E-4,0.0,0.0,,,,,,,,,,,,,,,,,,
,,,,,,,,,,,,,,,,,,,,,,,,,,,181.150,-0.05,9.8,-0.4,0.0,9.8,0.0,0.0,0.0,,,,,,,,,,,,,,,,,,
,,,,,,,,,,,,,,,,,,,,,,,,,,,181.200,-0.06,9.8,0.0,0.0,9.8,0.0,0.0,0.0,,,,,,,,,,,,,,,,,,
,,,,,,,,,,,,,,,,,,,,,,,,,,,181.250,-0.05,9.9,0.2,0.1,9.9,0.0,0.0,-6.1E-4,,,,,,,,,,,,,,,,,,
,,,,,,,,,,,,,,,,,,,,,,,,,,,181.300,-0.06,9.8,0.0,0.1,9.8,0.0,0.0,-6.1E-4,,,,,,,,,,,,,,,,,,
,,,,,,,,,,,,,,,,,,,,,,,,,,,181.350,-0.04,9.8,-0.2,-0.1,9.8,0.0,0.0,-6.1E-4,,,,,,,,,,,,,,,,,,
,,,,,,,,,,,,,,,,,,,,,,,,,,,181.400,-0.04,9.9,0.1,0.1,9.9,0.0,0.0,0.0,,,,,,,,,,,,,,,,,,
,,,,,,,,,,,,,,,,,,,,,,,,,,,181.450,-0.04,9.8,0.0,0.0,9.8,0.0,0.0,6.1E-4,,,,,,,,,,,,,,,,,,
,,,,,,,,,,,,,,,,,,,,,,,,,,,181.500,-0.05,9.9,0.0,0.0,9.9,0.0,0.0,0.0,,,,,,,,,,,,,,,,,,
,,,,,,,,,,,,,,,,,,,,,,,,,,,181.550,-0.05,9.8,-0.1,-0.1,9.8,-1.2E-4,0.0,0.0,,,,,,,,,,,,,,,,,,
,,,,,,,,,,,,,,,,,,,,,,,,,,,181.600,-0.05,9.9,0.0,0.1,9.9,0.0,0.0,0.0,,,,,,,,,,,,,,,,,,
,,,,,,,,,,,,,,,,,,,,,,,,,,,181.650,-0.05,9.8,0.0,0.0,9.8,0.0,0.0,0.0,,,,,,,,,,,,,,,,,,
,,,,,,,,,,,,,,,,,,,,,,,,,,,181.700,-0.07,9.8,0.0,0.0,9.8,0.0,0.0,0.0,,,,,,,,,,,,,,,,,,
,,,,,,,,,,,,,,,,,,,,,,,,,,,181.750,-0.05,9.8,-0.2,0.0,9.8,0.0,0.0,0.0,,,,,,,,,,,,,,,,,,
,,,,,,,,,,,,,,,,,,,,,,,,,,,181.800,-0.05,9.8,0.1,0.0,9.8,0.0,0.0,6.1E-4,,,,,,,,,,,,,,,,,,
,,,,,,,,,,,,,,,,,,,,,,,,,,,181.850,-0.06,9.9,0.0,0.0,9.9,-1.2E-4,0.0,6.1E-4,,,,,,,,,,,,,,,,,,
,,,,,,,,,,,,,,,,,,,,,,,,,,,181.900,-0.05,9.8,-0.1,0.0,9.8,0.0,0.0,-6.1E-4,,,,,,,,,,,,,,,,,,
,,,,,,,,,,,,,,,,,,,,,,,,,,,181.950,-0.05,9.8,-0.1,0.0,9.8,0.0,0.0,-6.1E-4,,,,,,,,,,,,,,,,,,
,,,,,,,,,,,,,,,,,,,,,,,,,,,182.000,-0.05,9.9,0.2,0.0,9.9,0.0,0.0,-6.1E-4,,,,,,,,,,,,,,,,,,
,,,,,,,,,,,,,,,,,,,,,,,,,,,182.050,-0.06,9.8,0.1,0.1,9.8,0.0,0.0,0.0,,,,,,,,,,,,,,,,,,
,,,,,,,,,,,,,,,,,,,,,,,,,,,182.100,-0.05,9.8,-0.3,-0.1,9.8,-1.2E-4,0.0,0.0,,,,,,,,,,,,,,,,,,
,,,,,,,,,,,,,,,,,,,,,,,,,,,182.150,-0.05,9.8,0.1,0.0,9.8,0.0,0.0,6.1E-4,,,,,,,,,,,,,,,,,,
,,,,,,,,,,,,,,,,,,,,,,,,,,,182.200,-0.05,9.9,0.1,0.0,9.9,0.0,0.0,0.0,,,,,,,,,,,,,,,,,,
,,,,,,,,,,,,,,,,,,,,,,,,,,,182.250,-0.06,9.8,0.0,0.1,9.8,0.0,0.0,-6.1E-4,,,,,,,,,,,,,,,,,,
,,,,,,,,,,,,,,,,,,,,,,,,,,,182.300,-0.06,9.8,-0.2,-0.1,9.8,0.0,0.0,6.1E-4,,,,,,,,,,,,,,,,,,
,,,,,,,,,,,,,,,,,,,,,,,,,,,182.350,-0.05,9.8,0.0,0.0,9.8,0.0,0.0,0.0,,,,,,,,,,,,,,,,,,
,,,,,,,,,,,,,,,,,,,,,,,,,,,182.400,-0.05,9.8,0.2,0.1,9.8,0.0,0.0,6.1E-4,,,,,,,,,,,,,,,,,,
,,,,,,,,,,,,,,,,,,,,,,,,,,,182.450,-0.06,9.8,0.1,0.0,9.8,0.0,0.0,0.0,,,,,,,,,,,,,,,,,,
,,,,,,,,,,,,,,,,,,,,,,,,,,,182.500,-0.05,9.8,-0.3,-0.1,9.8,0.0,0.0,0.0,,,,,,,,,,,,,,,,,,
,,,,,,,,,,,,,,,,,,,,,,,,,,,182.550,-0.06,9.8,-0.1,0.0,9.8,0.0,0.0,-6.1E-4,,,,,,,,,,,,,,,,,,
,,,,,,,,,,,,,,,,,,,,,,,,,,,182.600,-0.06,9.8,0.2,0.1,9.8,0.0,0.0,0.0,,,,,,,,,,,,,,,,,,
,,,,,,,,,,,,,,,,,,,,,,,,,,,182.650,-0.05,9.8,0.1,0.0,9.8,0.0,0.0,0.0,,,,,,,,,,,,,,,,,,
,,,,,,,,,,,,,,,,,,,,,,,,,,,182.700,-0.05,9.9,-0.3,0.0,9.9,0.0,0.0,0.0,,,,,,,,,,,,,,,,,,
,,,,,,,,,,,,,,,,,,,,,,,,,,,182.750,-0.05,9.8,0.0,0.0,9.8,0.0,0.0,0.0,,,,,,,,,,,,,,,,,,
,,,,,,,,,,,,,,,,,,,,,,,,,,,182.800,-0.06,9.9,0.1,0.1,9.9,0.0,0.0,0.0,,,,,,,,,,,,,,,,,,
,,,,,,,,,,,,,,,,,,,,,,,,,,,182.850,-0.06,9.8,0.1,0.0,9.8,0.0,0.0,0.0,,,,,,,,,,,,,,,,,,
,,,,,,,,,,,,,,,,,,,,,,,,,,,182.900,-0.06,9.8,-0.2,0.0,9.8,0.0,0.0,0.0,,,,,,,,,,,,,,,,,,
,,,,,,,,,,,,,,,,,,,,,,,,,,,182.950,-0.05,9.8,-0.2,0.0,9.8,0.0,0.0,-6.1E-4,,,,,,,,,,,,,,,,,,
,,,,,,,,,,,,,,,,,,,,,,,,,,,183.000,-0.05,9.9,0.1,0.1,9.9,0.0,0.0,0.0,,,,,,,,,,,,,,,,,,
,,,,,,,,,,,,,,,,,,,,,,,,,,,183.050,-0.05,9.8,0.0,0.0,9.8,0.0,0.0,0.0,,,,,,,,,,,,,,,,,,
,,,,,,,,,,,,,,,,,,,,,,,,,,,183.100,-0.05,9.8,-0.1,0.0,9.8,0.0,0.0,0.0,,,,,,,,,,,,,,,,,,
,,,,,,,,,,,,,,,,,,,,,,,,,,,183.150,-0.05,9.8,-0.1,-0.1,9.8,0.0,0.0,6.1E-4,,,,,,,,,,,,,,,,,,
,,,,,,,,,,,,,,,,,,,,,,,,,,,183.200,-0.06,9.9,0.0,0.1,9.9,0.0,0.0,0.0,,,,,,,,,,,,,,,,,,
,,,,,,,,,,,,,,,,,,,,,,,,,,,183.250,-0.06,9.8,0.1,0.0,9.8,0.0,0.0,6.1E-4,,,,,,,,,,,,,,,,,,
,,,,,,,,,,,,,,,,,,,,,,,,,,,183.300,-0.06,9.8,0.0,0.0,9.8,0.0,0.0,6.1E-4,,,,,,,,,,,,,,,,,,
,,,,,,,,,,,,,,,,,,,,,,,,,,,183.350,-0.06,9.8,-0.3,0.0,9.8,-1.2E-4,0.0,0.0,,,,,,,,,,,,,,,,,,
,,,,,,,,,,,,,,,,,,,,,,,,,,,183.400,-0.06,9.9,0.1,0.0,9.9,0.0,0.0,6.1E-4,,,,,,,,,,,,,,,,,,
,,,,,,,,,,,,,,,,,,,,,,,,,,,183.450,-0.06,9.9,0.1,0.0,9.9,0.0,0.0,0.0,,,,,,,,,,,,,,,,,,
,,,,,,,,,,,,,,,,,,,,,,,,,,,183.500,-0.05,9.8,-0.1,0.1,9.8,0.0,0.0,0.0,,,,,,,,,,,,,,,,,,
,,,,,,,,,,,,,,,,,,,,,,,,,,,183.550,-0.05,9.8,-0.2,-0.1,9.8,0.0,0.0,6.1E-4,,,,,,,,,,,,,,,,,,
,,,,,,,,,,,,,,,,,,,,,,,,,,,183.600,-0.05,9.8,0.1,0.0,9.8,0.0,0.0,-6.1E-4,,,,,,,,,,,,,,,,,,
,,,,,,,,,,,,,,,,,,,,,,,,,,,183.650,-0.05,9.8,0.1,0.1,9.8,0.0,0.0,6.1E-4,,,,,,,,,,,,,,,,,,
,,,,,,,,,,,,,,,,,,,,,,,,,,,183.700,-0.05,9.8,-0.2,0.0,9.8,0.0,0.0,0.0,,,,,,,,,,,,,,,,,,
,,,,,,,,,,,,,,,,,,,,,,,,,,,183.750,-0.05,9.8,0.0,-0.1,9.8,0.0,0.0,6.1E-4,,,,,,,,,,,,,,,,,,
,,,,,,,,,,,,,,,,,,,,,,,,,,,183.800,-0.04,9.8,0.0,0.0,9.8,0.0,0.0,-6.1E-4,,,,,,,,,,,,,,,,,,
,,,,,,,,,,,,,,,,,,,,,,,,,,,183.850,-0.04,9.8,-0.1,0.1,9.8,0.0,0.0,0.0,,,,,,,,,,,,,,,,,,
,,,,,,,,,,,,,,,,,,,,,,,,,,,183.900,-0.04,9.8,0.0,-0.1,9.8,0.0,0.0,0.0,,,,,,,,,,,,,,,,,,
,,,,,,,,,,,,,,,,,,,,,,,,,,,183.950,-0.05,9.9,-0.1,0.0,9.9,0.0,0.0,0.0,,,,,,,,,,,,,,,,,,
,,,,,,,,,,,,,,,,,,,,,,,,,,,184.000,-0.04,9.8,-0.1,0.1,9.8,0.0,0.0,0.0,,,,,,,,,,,,,,,,,,
,,,,,,,,,,,,,,,,,,,,,,,,,,,184.050,-0.03,9.9,0.1,0.0,9.9,0.0,0.0,0.0,,,,,,,,,,,,,,,,,,
,,,,,,,,,,,,,,,,,,,,,,,,,,,184.100,-0.05,9.8,0.0,-0.1,9.8,0.0,0.0,0.0,,,,,,,,,,,,,,,,,,
,,,,,,,,,,,,,,,,,,,,,,,,,,,184.150,-0.05,9.8,-0.2,0.0,9.8,0.0,0.0,-6.1E-4,,,,,,,,,,,,,,,,,,
,,,,,,,,,,,,,,,,,,,,,,,,,,,184.200,-0.05,9.8,-0.1,0.0,9.8,0.0,0.0,0.0,,,,,,,,,,,,,,,,,,
,,,,,,,,,,,,,,,,,,,,,,,,,,,184.250,-0.04,9.8,0.2,0.0,9.8,0.0,0.0,0.0,,,,,,,,,,,,,,,,,,
,,,,,,,,,,,,,,,,,,,,,,,,,,,184.300,-0.04,9.8,-0.1,0.0,9.8,0.0,0.0,0.0,,,,,,,,,,,,,,,,,,
,,,,,,,,,,,,,,,,,,,,,,,,,,,184.350,-0.06,9.8,-0.2,-0.1,9.8,0.0,0.0,0.0,,,,,,,,,,,,,,,,,,
,,,,,,,,,,,,,,,,,,,,,,,,,,,184.400,-0.05,9.8,0.1,0.0,9.8,0.0,0.0,0.0,,,,,,,,,,,,,,,,,,
,,,,,,,,,,,,,,,,,,,,,,,,,,,184.450,-0.05,9.8,0.0,0.1,9.8,0.0,0.0,0.0,,,,,,,,,,,,,,,,,,
,,,,,,,,,,,,,,,,,,,,,,,,,,,184.500,-0.05,9.8,0.0,0.0,9.8,0.0,0.0,6.1E-4,,,,,,,,,,,,,,,,,,
,,,,,,,,,,,,,,,,,,,,,,,,,,,184.550,-0.05,9.8,-0.1,-0.1,9.8,0.0,0.0,0.0,,,,,,,,,,,,,,,,,,
,,,,,,,,,,,,,,,,,,,,,,,,,,,184.600,-0.04,9.9,0.0,0.1,9.9,0.0,0.0,0.0,,,,,,,,,,,,,,,,,,
,,,,,,,,,,,,,,,,,,,,,,,,,,,184.650,-0.04,9.9,0.0,0.0,9.9,0.0,0.0,-6.1E-4,,,,,,,,,,,,,,,,,,
,,,,,,,,,,,,,,,,,,,,,,,,,,,184.700,-0.04,9.8,0.0,0.0,9.8,0.0,0.0,-6.1E-4,,,,,,,,,,,,,,,,,,
,,,,,,,,,,,,,,,,,,,,,,,,,,,184.750,-0.05,9.8,-0.2,0.0,9.8,0.0,0.0,0.0,,,,,,,,,,,,,,,,,,
,,,,,,,,,,,,,,,,,,,,,,,,,,,184.800,-0.06,9.9,0.1,0.0,9.9,0.0,0.0,0.0,,,,,,,,,,,,,,,,,,
,,,,,,,,,,,,,,,,,,,,,,,,,,,184.850,-0.06,9.8,0.1,0.0,9.8,-1.2E-4,0.0,0.0,,,,,,,,,,,,,,,,,,
,,,,,,,,,,,,,,,,,,,,,,,,,,,184.900,-0.04,9.8,-0.2,0.1,9.8,0.0,0.0,0.0,,,,,,,,,,,,,,,,,,
,,,,,,,,,,,,,,,,,,,,,,,,,,,184.950,-0.05,9.8,-0.1,0.0,9.8,0.0,0.0,6.1E-4,,,,,,,,,,,,,,,,,,
,,,,,,,,,,,,,,,,,,,,,,,,,,,185.000,-0.05,9.8,0.1,0.0,9.8,0.0,0.0,6.1E-4,,,,,,,,,,,,,,,,,,
,,,,,,,,,,,,,,,,,,,,,,,,,,,185.050,-0.04,9.8,0.0,0.0,9.8,0.0,0.0,-6.1E-4,,,,,,,,,,,,,,,,,,
,,,,,,,,,,,,,,,,,,,,,,,,,,,185.100,-0.04,9.8,-0.1,0.0,9.8,0.0,0.0,-6.1E-4,,,,,,,,,,,,,,,,,,
,,,,,,,,,,,,,,,,,,,,,,,,,,,185.150,-0.05,9.8,0.0,-0.1,9.8,0.0,0.0,6.1E-4,,,,,,,,,,,,,,,,,,
,,,,,,,,,,,,,,,,,,,,,,,,,,,185.200,-0.04,9.8,0.0,0.1,9.8,0.0,0.0,6.1E-4,,,,,,,,,,,,,,,,,,
,,,,,,,,,,,,,,,,,,,,,,,,,,,185.250,-0.04,9.8,-0.1,0.0,9.8,0.0,0.0,-6.1E-4,,,,,,,,,,,,,,,,,,
,,,,,,,,,,,,,,,,,,,,,,,,,,,185.300,-0.05,9.8,0.0,0.0,9.8,0.0,0.0,-6.1E-4,,,,,,,,,,,,,,,,,,
,,,,,,,,,,,,,,,,,,,,,,,,,,,185.350,-0.05,9.8,-0.1,0.0,9.8,0.0,0.0,-6.1E-4,,,,,,,,,,,,,,,,,,
,,,,,,,,,,,,,,,,,,,,,,,,,,,185.400,-0.04,9.9,0.0,0.1,9.9,0.0,0.0,-6.1E-4,,,,,,,,,,,,,,,,,,
,,,,,,,,,,,,,,,,,,,,,,,,,,,185.450,-0.04,9.8,0.0,0.0,9.8,0.0,0.0,6.1E-4,,,,,,,,,,,,,,,,,,
,,,,,,,,,,,,,,,,,,,,,,,,,,,185.500,-0.05,9.8,-0.1,0.0,9.8,0.0,0.0,-6.1E-4,,,,,,,,,,,,,,,,,,
,,,,,,,,,,,,,,,,,,,,,,,,,,,185.550,-0.05,9.8,-0.1,0.0,9.8,0.0,0.0,-6.1E-4,,,,,,,,,,,,,,,,,,
,,,,,,,,,,,,,,,,,,,,,,,,,,,185.600,-0.06,9.8,0.0,0.0,9.8,0.0,0.0,6.1E-4,,,,,,,,,,,,,,,,,,
,,,,,,,,,,,,,,,,,,,,,,,,,,,185.650,-0.04,9.9,0.0,0.0,9.9,-1.2E-4,0.0,0.0,,,,,,,,,,,,,,,,,,
,,,,,,,,,,,,,,,,,,,,,,,,,,,185.700,-0.04,9.8,-0.1,0.0,9.8,-1.2E-4,0.0,-6.1E-4,,,,,,,,,,,,,,,,,,
,,,,,,,,,,,,,,,,,,,,,,,,,,,185.750,-0.04,9.8,-0.1,0.0,9.8,0.0,0.0,-6.1E-4,,,,,,,,,,,,,,,,,,
,,,,,,,,,,,,,,,,,,,,,,,,,,,185.800,-0.04,9.8,0.0,0.0,9.8,0.0,0.0,6.1E-4,,,,,,,,,,,,,,,,,,
,,,,,,,,,,,,,,,,,,,,,,,,,,,185.850,-0.06,9.9,0.0,0.1,9.9,0.0,0.0,-6.1E-4,,,,,,,,,,,,,,,,,,
,,,,,,,,,,,,,,,,,,,,,,,,,,,185.900,-0.04,9.8,-0.1,-0.1,9.8,0.0,0.0,6.1E-4,,,,,,,,,,,,,,,,,,
,,,,,,,,,,,,,,,,,,,,,,,,,,,185.950,-0.05,9.8,0.0,0.0,9.8,0.0,0.0,6.1E-4,,,,,,,,,,,,,,,,,,
,,,,,,,,,,,,,,,,,,,,,,,,,,,186.000,-0.05,9.9,0.0,0.1,9.9,0.0,0.0,0.0,,,,,,,,,,,,,,,,,,
,,,,,,,,,,,,,,,,,,,,,,,,,,,186.050,-0.04,9.8,0.0,0.0,9.8,0.0,0.0,6.1E-4,,,,,,,,,,,,,,,,,,
,,,,,,,,,,,,,,,,,,,,,,,,,,,186.100,-0.05,9.8,-0.1,0.0,9.8,0.0,0.0,6.1E-4,,,,,,,,,,,,,,,,,,
,,,,,,,,,,,,,,,,,,,,,,,,,,,186.150,-0.05,9.8,-0.1,0.0,9.8,0.0,0.0,6.1E-4,,,,,,,,,,,,,,,,,,
,,,,,,,,,,,,,,,,,,,,,,,,,,,186.200,-0.05,9.8,0.0,0.0,9.8,0.0,0.0,6.1E-4,,,,,,,,,,,,,,,,,,
,,,,,,,,,,,,,,,,,,,,,,,,,,,186.250,-0.05,9.8,0.0,0.0,9.8,0.0,0.0,6.1E-4,,,,,,,,,,,,,,,,,,
,,,,,,,,,,,,,,,,,,,,,,,,,,,186.300,-0.05,9.8,-0.1,0.0,9.8,0.0,0.0,-6.1E-4,,,,,,,,,,,,,,,,,,
,,,,,,,,,,,,,,,,,,,,,,,,,,,186.350,-0.05,9.8,-0.1,0.0,9.8,0.0,0.0,0.0,,,,,,,,,,,,,,,,,,
,,,,,,,,,,,,,,,,,,,,,,,,,,,186.400,-0.05,9.8,0.0,0.0,9.8,0.0,0.0,-6.1E-4,,,,,,,,,,,,,,,,,,
,,,,,,,,,,,,,,,,,,,,,,,,,,,186.450,-0.05,9.8,-0.1,0.0,9.8,0.0,0.0,-6.1E-4,,,,,,,,,,,,,,,,,,
,,,,,,,,,,,,,,,,,,,,,,,,,,,186.500,-0.05,9.8,-0.1,0.0,9.8,0.0,0.0,-6.1E-4,,,,,,,,,,,,,,,,,,
,,,,,,,,,,,,,,,,,,,,,,,,,,,186.550,-0.04,9.8,0.0,0.0,9.8,0.0,0.0,6.1E-4,,,,,,,,,,,,,,,,,,
,,,,,,,,,,,,,,,,,,,,,,,,,,,186.600,-0.05,9.9,0.0,0.0,9.9,0.0,0.0,-6.1E-4,,,,,,,,,,,,,,,,,,
,,,,,,,,,,,,,,,,,,,,,,,,,,,186.650,-0.05,9.8,-0.1,0.0,9.8,0.0,0.0,6.1E-4,,,,,,,,,,,,,,,,,,
,,,,,,,,,,,,,,,,,,,,,,,,,,,186.700,-0.06,9.8,-0.1,0.0,9.8,0.0,0.0,-6.1E-4,,,,,,,,,,,,,,,,,,
,,,,,,,,,,,,,,,,,,,,,,,,,,,186.750,-0.05,9.8,-0.1,0.0,9.8,0.0,0.0,6.1E-4,,,,,,,,,,,,,,,,,,
,,,,,,,,,,,,,,,,,,,,,,,,,,,186.800,-0.04,9.8,0.0,0.0,9.8,0.0,0.0,-6.1E-4,,,,,,,,,,,,,,,,,,
,,,,,,,,,,,,,,,,,,,,,,,,,,,186.850,-0.05,9.8,0.0,0.0,9.8,0.0,0.0,-6.1E-4,,,,,,,,,,,,,,,,,,
,,,,,,,,,,,,,,,,,,,,,,,,,,,186.900,-0.06,9.8,-0.1,0.0,9.8,0.0,0.0,-6.1E-4,,,,,,,,,,,,,,,,,,
,,,,,,,,,,,,,,,,,,,,,,,,,,,186.950,-0.05,9.8,0.0,0.0,9.8,0.0,0.0,6.1E-4,,,,,,,,,,,,,,,,,,
,,,,,,,,,,,,,,,,,,,,,,,,,,,187.000,-0.05,9.9,0.0,0.0,9.9,0.0,0.0,-6.1E-4,,,,,,,,,,,,,,,,,,
,,,,,,,,,,,,,,,,,,,,,,,,,,,187.050,-0.06,9.9,0.0,0.0,9.9,-1.2E-4,0.0,6.1E-4,,,,,,,,,,,,,,,,,,
,,,,,,,,,,,,,,,,,,,,,,,,,,,187.100,-0.06,9.8,-0.1,0.0,9.8,0.0,0.0,-6.1E-4,,,,,,,,,,,,,,,,,,
,,,,,,,,,,,,,,,,,,,,,,,,,,,187.150,-0.06,9.8,-0.1,0.0,9.8,0.0,0.0,-6.1E-4,,,,,,,,,,,,,,,,,,
,,,,,,,,,,,,,,,,,,,,,,,,,,,187.200,-0.05,9.8,0.0,0.0,9.8,0.0,0.0,6.1E-4,,,,,,,,,,,,,,,,,,
,,,,,,,,,,,,,,,,,,,,,,,,,,,187.250,-0.06,9.8,-0.1,0.0,9.8,0.0,0.0,0.0,,,,,,,,,,,,,,,,,,
,,,,,,,,,,,,,,,,,,,,,,,,,,,187.300,-0.05,9.8,-0.1,-0.1,9.8,0.0,0.0,6.1E-4,,,,,,,,,,,,,,,,,,
,,,,,,,,,,,,,,,,,,,,,,,,,,,187.350,-0.05,9.8,-0.1,0.0,9.8,0.0,0.0,-6.1E-4,,,,,,,,,,,,,,,,,,
,,,,,,,,,,,,,,,,,,,,,,,,,,,187.400,-0.05,9.9,0.0,0.1,9.9,0.0,0.0,-6.1E-4,,,,,,,,,,,,,,,,,,
,,,,,,,,,,,,,,,,,,,,,,,,,,,187.450,-0.04,9.8,0.0,0.0,9.8,0.0,0.0,0.0,,,,,,,,,,,,,,,,,,
,,,,,,,,,,,,,,,,,,,,,,,,,,,187.500,-0.05,9.8,-0.1,0.0,9.8,0.0,0.0,0.0,,,,,,,,,,,,,,,,,,
,,,,,,,,,,,,,,,,,,,,,,,,,,,187.550,-0.06,9.8,-0.1,0.0,9.8,0.0,0.0,6.1E-4,,,,,,,,,,,,,,,,,,
,,,,,,,,,,,,,,,,,,,,,,,,,,,187.600,-0.05,9.9,0.0,0.0,9.9,0.0,0.0,0.0,,,,,,,,,,,,,,,,,,
,,,,,,,,,,,,,,,,,,,,,,,,,,,187.650,-0.05,9.8,0.0,0.0,9.8,0.0,0.0,-6.1E-4,,,,,,,,,,,,,,,,,,
,,,,,,,,,,,,,,,,,,,,,,,,,,,187.700,-0.05,9.8,-0.1,0.0,9.8,0.0,0.0,-6.1E-4,,,,,,,,,,,,,,,,,,
,,,,,,,,,,,,,,,,,,,,,,,,,,,187.750,-0.05,9.8,0.0,0.0,9.8,0.0,0.0,0.0,,,,,,,,,,,,,,,,,,
,,,,,,,,,,,,,,,,,,,,,,,,,,,187.800,-0.05,9.8,0.0,0.0,9.8,0.0,0.0,6.1E-4,,,,,,,,,,,,,,,,,,
,,,,,,,,,,,,,,,,,,,,,,,,,,,187.850,-0.05,9.9,0.0,0.0,9.9,0.0,0.0,0.0,,,,,,,,,,,,,,,,,,
,,,,,,,,,,,,,,,,,,,,,,,,,,,187.900,-0.04,9.8,-0.1,0.0,9.8,0.0,0.0,-6.1E-4,,,,,,,,,,,,,,,,,,
,,,,,,,,,,,,,,,,,,,,,,,,,,,187.950,-0.04,9.8,0.0,0.0,9.8,0.0,0.0,-6.1E-4,,,,,,,,,,,,,,,,,,
,,,,,,,,,,,,,,,,,,,,,,,,,,,188.000,-0.05,9.8,0.0,0.0,9.8,0.0,0.0,-6.1E-4,,,,,,,,,,,,,,,,,,
,,,,,,,,,,,,,,,,,,,,,,,,,,,188.050,-0.04,9.8,-0.1,0.0,9.8,0.0,0.0,-6.1E-4,,,,,,,,,,,,,,,,,,
,,,,,,,,,,,,,,,,,,,,,,,,,,,188.100,-0.04,9.8,0.0,0.0,9.8,0.0,0.0,-6.1E-4,,,,,,,,,,,,,,,,,,
,,,,,,,,,,,,,,,,,,,,,,,,,,,188.150,-0.04,9.8,0.0,0.0,9.8,0.0,0.0,6.1E-4,,,,,,,,,,,,,,,,,,
,,,,,,,,,,,,,,,,,,,,,,,,,,,188.200,-0.05,9.8,0.0,0.0,9.8,0.0,0.0,-6.1E-4,,,,,,,,,,,,,,,,,,
,,,,,,,,,,,,,,,,,,,,,,,,,,,188.250,-0.04,9.8,-0.1,0.0,9.8,0.0,0.0,-6.1E-4,,,,,,,,,,,,,,,,,,
,,,,,,,,,,,,,,,,,,,,,,,,,,,188.300,-0.05,9.8,0.0,0.0,9.8,0.0,0.0,6.1E-4,,,,,,,,,,,,,,,,,,
,,,,,,,,,,,,,,,,,,,,,,,,,,,188.350,-0.04,9.8,-0.1,0.0,9.8,0.0,0.0,-6.1E-4,,,,,,,,,,,,,,,,,,
,,,,,,,,,,,,,,,,,,,,,,,,,,,188.400,-0.05,9.9,0.0,0.0,9.9,0.0,0.0,6.1E-4,,,,,,,,,,,,,,,,,,
,,,,,,,,,,,,,,,,,,,,,,,,,,,188.450,-0.05,9.8,-0.1,0.0,9.8,0.0,0.0,-6.1E-4,,,,,,,,,,,,,,,,,,
,,,,,,,,,,,,,,,,,,,,,,,,,,,188.500,-0.05,9.8,-0.1,0.0,9.8,0.0,0.0,-6.1E-4,,,,,,,,,,,,,,,,,,
,,,,,,,,,,,,,,,,,,,,,,,,,,,188.550,-0.05,9.8,0.0,0.0,9.8,0.0,0.0,-6.1E-4,,,,,,,,,,,,,,,,,,
,,,,,,,,,,,,,,,,,,,,,,,,,,,188.600,-0.04,9.8,0.0,0.0,9.8,0.0,0.0,-6.1E-4,,,,,,,,,,,,,,,,,,
,,,,,,,,,,,,,,,,,,,,,,,,,,,188.650,-0.04,9.8,-0.1,0.0,9.8,0.0,0.0,-6.1E-4,,,,,,,,,,,,,,,,,,
,,,,,,,,,,,,,,,,,,,,,,,,,,,188.700,-0.05,9.8,-0.1,0.0,9.8,0.0,0.0,0.0,,,,,,,,,,,,,,,,,,
,,,,,,,,,,,,,,,,,,,,,,,,,,,188.750,-0.05,9.8,0.0,0.0,9.8,0.0,0.0,-6.1E-4,,,,,,,,,,,,,,,,,,
,,,,,,,,,,,,,,,,,,,,,,,,,,,188.800,-0.06,9.8,0.0,0.0,9.8,0.0,0.0,6.1E-4,,,,,,,,,,,,,,,,,,
,,,,,,,,,,,,,,,,,,,,,,,,,,,188.850,-0.05,9.8,-0.1,0.0,9.8,0.0,0.0,-6.1E-4,,,,,,,,,,,,,,,,,,
,,,,,,,,,,,,,,,,,,,,,,,,,,,188.900,-0.05,9.8,-0.1,0.0,9.8,0.0,0.0,0.0,,,,,,,,,,,,,,,,,,
,,,,,,,,,,,,,,,,,,,,,,,,,,,188.950,-0.05,9.8,0.0,0.0,9.8,0.0,0.0,-6.1E-4,,,,,,,,,,,,,,,,,,
,,,,,,,,,,,,,,,,,,,,,,,,,,,189.000,-0.05,9.8,-0.1,0.0,9.8,0.0,0.0,6.1E-4,,,,,,,,,,,,,,,,,,
,,,,,,,,,,,,,,,,,,,,,,,,,,,189.050,-0.04,9.8,0.0,0.0,9.8,0.0,0.0,-6.1E-4,,,,,,,,,,,,,,,,,,
,,,,,,,,,,,,,,,,,,,,,,,,,,,189.100,-0.05,9.8,0.0,0.0,9.8,0.0,0.0,6.1E-4,,,,,,,,,,,,,,,,,,
,,,,,,,,,,,,,,,,,,,,,,,,,,,189.150,-0.06,9.8,-0.1,0.0,9.8,0.0,0.0,0.0,,,,,,,,,,,,,,,,,,
,,,,,,,,,,,,,,,,,,,,,,,,,,,189.200,-0.05,9.8,0.0,0.0,9.8,0.0,0.0,-6.1E-4,,,,,,,,,,,,,,,,,,
,,,,,,,,,,,,,,,,,,,,,,,,,,,189.250,-0.05,9.8,0.0,0.0,9.8,0.0,0.0,-6.1E-4,,,,,,,,,,,,,,,,,,
,,,,,,,,,,,,,,,,,,,,,,,,,,,189.300,-0.05,9.8,-0.1,0.0,9.8,0.0,0.0,6.1E-4,,,,,,,,,,,,,,,,,,
,,,,,,,,,,,,,,,,,,,,,,,,,,,189.350,-0.04,9.9,0.0,0.0,9.9,0.0,0.0,0.0,,,,,,,,,,,,,,,,,,
,,,,,,,,,,,,,,,,,,,,,,,,,,,189.400,-0.05,9.8,-0.1,0.0,9.8,0.0,0.0,6.1E-4,,,,,,,,,,,,,,,,,,
,,,,,,,,,,,,,,,,,,,,,,,,,,,189.450,-0.06,9.8,-0.1,0.0,9.8,0.0,0.0,-6.1E-4,,,,,,,,,,,,,,,,,,
,,,,,,,,,,,,,,,,,,,,,,,,,,,189.500,-0.05,9.8,0.0,0.0,9.8,0.0,0.0,0.0,,,,,,,,,,,,,,,,,,
,,,,,,,,,,,,,,,,,,,,,,,,,,,189.550,-0.05,9.8,0.0,0.0,9.8,0.0,0.0,-6.1E-4,,,,,,,,,,,,,,,,,,
,,,,,,,,,,,,,,,,,,,,,,,,,,,189.600,-0.03,9.8,0.0,0.0,9.8,0.0,0.0,0.0,,,,,,,,,,,,,,,,,,
,,,,,,,,,,,,,,,,,,,,,,,,,,,189.650,-0.05,9.8,-0.1,0.0,9.8,0.0,0.0,-6.1E-4,,,,,,,,,,,,,,,,,,
,,,,,,,,,,,,,,,,,,,,,,,,,,,189.700,-0.04,9.8,0.0,0.0,9.8,0.0,0.0,6.1E-4,,,,,,,,,,,,,,,,,,
,,,,,,,,,,,,,,,,,,,,,,,,,,,189.750,-0.05,9.8,-0.1,0.0,9.8,0.0,0.0,6.1E-4,,,,,,,,,,,,,,,,,,
,,,,,,,,,,,,,,,,,,,,,,,,,,,189.800,-0.05,9.9,0.0,0.0,9.9,0.0,0.0,0.0,,,,,,,,,,,,,,,,,,
,,,,,,,,,,,,,,,,,,,,,,,,,,,189.850,-0.05,9.8,0.0,0.0,9.8,0.0,0.0,0.0,,,,,,,,,,,,,,,,,,
,,,,,,,,,,,,,,,,,,,,,,,,,,,189.900,-0.05,9.9,-0.1,0.1,9.9,0.0,0.0,0.0,,,,,,,,,,,,,,,,,,
,,,,,,,,,,,,,,,,,,,,,,,,,,,189.950,-0.04,9.8,0.0,0.0,9.8,0.0,0.0,-6.1E-4,,,,,,,,,,,,,,,,,,
,,,,,,,,,,,,,,,,,,,,,,,,,,,190.000,-0.05,9.9,-0.1,0.0,9.9,0.0,0.0,0.0,,,,,,,,,,,,,,,,,,
,,,,,,,,,,,,,,,,,,,,,,,,,,,190.050,-0.04,9.8,0.0,0.0,9.8,0.0,0.0,0.0,,,,,,,,,,,,,,,,,,
,,,,,,,,,,,,,,,,,,,,,,,,,,,190.100,-0.04,9.8,0.1,0.0,9.8,0.0,0.0,0.0,,,,,,,,,,,,,,,,,,
,,,,,,,,,,,,,,,,,,,,,,,,,,,190.150,-0.04,9.8,-0.2,0.0,9.8,0.0,0.0,0.0,,,,,,,,,,,,,,,,,,
,,,,,,,,,,,,,,,,,,,,,,,,,,,190.200,-0.04,9.8,0.1,0.0,9.8,0.0,0.0,6.1E-4,,,,,,,,,,,,,,,,,,
,,,,,,,,,,,,,,,,,,,,,,,,,,,190.250,-0.05,9.9,-0.1,0.1,9.9,0.0,0.0,0.0,,,,,,,,,,,,,,,,,,
,,,,,,,,,,,,,,,,,,,,,,,,,,,190.300,-0.04,9.8,-0.1,-0.1,9.8,0.0,0.0,0.0,,,,,,,,,,,,,,,,,,
,,,,,,,,,,,,,,,,,,,,,,,,,,,190.350,-0.04,9.8,0.1,0.1,9.8,0.0,0.0,6.1E-4,,,,,,,,,,,,,,,,,,
,,,,,,,,,,,,,,,,,,,,,,,,,,,190.400,-0.04,9.8,-0.3,-0.1,9.8,0.0,0.0,0.0,,,,,,,,,,,,,,,,,,
,,,,,,,,,,,,,,,,,,,,,,,,,,,190.450,-0.04,9.8,0.0,0.1,9.8,0.0,0.0,0.0,,,,,,,,,,,,,,,,,,
,,,,,,,,,,,,,,,,,,,,,,,,,,,190.500,-0.04,9.8,0.2,0.0,9.8,0.0,0.0,0.0,,,,,,,,,,,,,,,,,,
,,,,,,,,,,,,,,,,,,,,,,,,,,,190.550,-0.02,9.9,-0.3,0.0,9.9,0.0,0.0,0.0,,,,,,,,,,,,,,,,,,
,,,,,,,,,,,,,,,,,,,,,,,,,,,190.600,-0.05,9.8,0.1,0.0,9.8,0.0,0.0,0.0,,,,,,,,,,,,,,,,,,
,,,,,,,,,,,,,,,,,,,,,,,,,,,190.650,-0.05,9.8,0.0,0.0,9.8,0.0,0.0,0.0,,,,,,,,,,,,,,,,,,
,,,,,,,,,,,,,,,,,,,,,,,,,,,190.700,-0.05,9.9,-0.1,0.0,9.9,0.0,0.0,0.0,,,,,,,,,,,,,,,,,,
,,,,,,,,,,,,,,,,,,,,,,,,,,,190.750,-0.03,9.8,-0.1,0.1,9.8,0.0,0.0,0.0,,,,,,,,,,,,,,,,,,
,,,,,,,,,,,,,,,,,,,,,,,,,,,190.800,-0.03,9.9,0.0,0.0,9.9,-0.1,0.0,0.0,,,,,,,,,,,,,,,,,,
,,,,,,,,,,,,,,,,,,,,,,,,,,,190.850,-0.04,9.8,-0.2,-0.1,9.8,0.0,0.0,0.0,,,,,,,,,,,,,,,,,,
,,,,,,,,,,,,,,,,,,,,,,,,,,,190.900,-0.03,9.8,0.2,0.1,9.8,0.0,0.0,-6.1E-4,,,,,,,,,,,,,,,,,,
,,,,,,,,,,,,,,,,,,,,,,,,,,,190.950,-0.04,9.8,-0.1,0.0,9.8,0.0,0.0,0.0,,,,,,,,,,,,,,,,,,
,,,,,,,,,,,,,,,,,,,,,,,,,,,191.000,-0.05,9.9,0.0,0.1,9.9,0.0,0.0,-6.1E-4,,,,,,,,,,,,,,,,,,
,,,,,,,,,,,,,,,,,,,,,,,,,,,191.050,-0.04,9.8,0.0,-0.1,9.8,0.0,0.0,-6.1E-4,,,,,,,,,,,,,,,,,,
,,,,,,,,,,,,,,,,,,,,,,,,,,,191.100,-0.04,9.8,-0.2,0.1,9.8,0.0,0.0,-6.1E-4,,,,,,,,,,,,,,,,,,
,,,,,,,,,,,,,,,,,,,,,,,,,,,191.150,-0.05,9.8,0.1,-0.1,9.8,0.0,0.0,0.0,,,,,,,,,,,,,,,,,,
,,,,,,,,,,,,,,,,,,,,,,,,,,,191.200,-0.05,9.9,-0.2,0.0,9.9,0.0,0.0,0.0,,,,,,,,,,,,,,,,,,
,,,,,,,,,,,,,,,,,,,,,,,,,,,191.250,-0.04,9.8,0.1,0.0,9.8,0.0,0.0,0.0,,,,,,,,,,,,,,,,,,
,,,,,,,,,,,,,,,,,,,,,,,,,,,191.300,-0.05,9.9,-0.1,0.0,9.9,0.0,0.0,0.0,,,,,,,,,,,,,,,,,,
,,,,,,,,,,,,,,,,,,,,,,,,,,,191.350,-0.05,9.8,-0.2,0.0,9.8,0.0,0.0,0.0,,,,,,,,,,,,,,,,,,
,,,,,,,,,,,,,,,,,,,,,,,,,,,191.400,-0.05,9.8,0.2,-0.1,9.8,0.0,0.0,6.1E-4,,,,,,,,,,,,,,,,,,
,,,,,,,,,,,,,,,,,,,,,,,,,,,191.450,-0.05,9.8,-0.1,0.0,9.8,0.0,0.0,0.0,,,,,,,,,,,,,,,,,,
,,,,,,,,,,,,,,,,,,,,,,,,,,,191.500,-0.04,9.9,0.0,0.0,9.9,0.0,0.0,0.0,,,,,,,,,,,,,,,,,,
,,,,,,,,,,,,,,,,,,,,,,,,,,,191.550,-0.04,9.8,-0.1,0.1,9.8,0.0,0.0,0.0,,,,,,,,,,,,,,,,,,
,,,,,,,,,,,,,,,,,,,,,,,,,,,191.600,-0.04,9.8,0.0,-0.1,9.8,0.0,0.0,0.0,,,,,,,,,,,,,,,,,,
,,,,,,,,,,,,,,,,,,,,,,,,,,,191.650,-0.04,9.8,-0.1,0.0,9.8,0.0,0.0,0.0,,,,,,,,,,,,,,,,,,
,,,,,,,,,,,,,,,,,,,,,,,,,,,191.700,-0.05,9.8,0.0,0.0,9.8,0.0,0.0,0.0,,,,,,,,,,,,,,,,,,
,,,,,,,,,,,,,,,,,,,,,,,,,,,191.750,-0.04,9.8,-0.1,0.0,9.8,0.0,0.0,0.0,,,,,,,,,,,,,,,,,,
,,,,,,,,,,,,,,,,,,,,,,,,,,,191.800,-0.04,9.8,0.0,0.0,9.8,0.0,0.0,0.0,,,,,,,,,,,,,,,,,,
,,,,,,,,,,,,,,,,,,,,,,,,,,,191.850,-0.05,9.8,-0.1,0.0,9.8,0.0,0.0,0.0,,,,,,,,,,,,,,,,,,
,,,,,,,,,,,,,,,,,,,,,,,,,,,191.900,-0.02,9.8,-0.2,0.1,9.8,0.0,0.0,-6.1E-4,,,,,,,,,,,,,,,,,,
,,,,,,,,,,,,,,,,,,,,,,,,,,,191.950,-0.04,9.8,0.1,-0.1,9.8,0.0,0.0,0.0,,,,,,,,,,,,,,,,,,
,,,,,,,,,,,,,,,,,,,,,,,,,,,192.000,-0.04,9.9,-0.1,0.1,9.9,0.0,0.0,0.0,,,,,,,,,,,,,,,,,,
,,,,,,,,,,,,,,,,,,,,,,,,,,,192.050,-0.04,9.8,1.9E-4,-0.1,9.8,0.0,0.0,0.0,,,,,,,,,,,,,,,,,,
,,,,,,,,,,,,,,,,,,,,,,,,,,,192.100,-0.04,9.9,-0.1,0.0,9.9,0.0,0.0,-6.1E-4,,,,,,,,,,,,,,,,,,
,,,,,,,,,,,,,,,,,,,,,,,,,,,192.150,-0.05,9.8,0.1,0.0,9.8,0.0,0.0,0.0,,,,,,,,,,,,,,,,,,
,,,,,,,,,,,,,,,,,,,,,,,,,,,192.200,-0.04,9.8,-0.1,0.0,9.8,0.0,0.0,0.0,,,,,,,,,,,,,,,,,,
,,,,,,,,,,,,,,,,,,,,,,,,,,,192.250,-0.05,9.9,-0.1,0.1,9.9,0.0,0.0,0.0,,,,,,,,,,,,,,,,,,
,,,,,,,,,,,,,,,,,,,,,,,,,,,192.300,-0.05,9.8,0.0,0.0,9.8,-0.1,0.0,0.0,,,,,,,,,,,,,,,,,,
,,,,,,,,,,,,,,,,,,,,,,,,,,,192.350,-0.05,9.8,0.0,-0.1,9.8,-0.1,0.0,0.0,,,,,,,,,,,,,,,,,,
,,,,,,,,,,,,,,,,,,,,,,,,,,,192.400,-0.05,9.8,0.0,-0.1,9.8,0.0,0.0,0.0,,,,,,,,,,,,,,,,,,
,,,,,,,,,,,,,,,,,,,,,,,,,,,192.450,-0.06,9.8,0.0,0.0,9.8,0.0,0.0,6.1E-4,,,,,,,,,,,,,,,,,,
,,,,,,,,,,,,,,,,,,,,,,,,,,,192.500,-0.06,9.8,-0.2,-0.1,9.8,0.0,0.0,0.0,,,,,,,,,,,,,,,,,,
,,,,,,,,,,,,,,,,,,,,,,,,,,,192.550,-0.05,9.9,0.2,0.1,9.9,0.0,0.0,0.0,,,,,,,,,,,,,,,,,,
,,,,,,,,,,,,,,,,,,,,,,,,,,,192.600,-0.04,9.9,-0.1,0.2,9.9,0.0,0.0,0.0,,,,,,,,,,,,,,,,,,
,,,,,,,,,,,,,,,,,,,,,,,,,,,192.650,-0.04,9.8,-0.1,-0.1,9.8,0.0,0.0,0.0,,,,,,,,,,,,,,,,,,
,,,,,,,,,,,,,,,,,,,,,,,,,,,192.700,-0.03,9.8,0.0,-0.1,9.8,0.0,0.0,0.0,,,,,,,,,,,,,,,,,,
,,,,,,,,,,,,,,,,,,,,,,,,,,,192.750,-0.03,9.9,-0.1,0.1,9.9,0.0,0.0,-6.1E-4,,,,,,,,,,,,,,,,,,
,,,,,,,,,,,,,,,,,,,,,,,,,,,192.800,-0.05,9.8,0.0,-0.1,9.8,0.0,0.0,0.0,,,,,,,,,,,,,,,,,,
,,,,,,,,,,,,,,,,,,,,,,,,,,,192.850,-0.05,9.8,0.0,0.1,9.8,0.0,0.0,0.0,,,,,,,,,,,,,,,,,,
,,,,,,,,,,,,,,,,,,,,,,,,,,,192.900,-0.05,9.8,0.0,0.0,9.8,0.0,0.0,-6.1E-4,,,,,,,,,,,,,,,,,,
,,,,,,,,,,,,,,,,,,,,,,,,,,,192.950,-0.05,9.8,0.1,0.0,9.8,0.0,0.0,0.0,,,,,,,,,,,,,,,,,,
,,,,,,,,,,,,,,,,,,,,,,,,,,,193.000,-0.04,9.8,-0.2,-0.1,9.8,0.0,0.0,-6.1E-4,,,,,,,,,,,,,,,,,,
,,,,,,,,,,,,,,,,,,,,,,,,,,,193.050,-0.04,9.9,0.0,0.1,9.9,0.0,0.0,0.0,,,,,,,,,,,,,,,,,,
,,,,,,,,,,,,,,,,,,,,,,,,,,,193.100,-0.05,9.8,0.0,0.0,9.8,0.0,0.0,0.0,,,,,,,,,,,,,,,,,,
,,,,,,,,,,,,,,,,,,,,,,,,,,,193.150,-0.06,9.8,-0.1,0.0,9.8,0.0,0.0,0.0,,,,,,,,,,,,,,,,,,
,,,,,,,,,,,,,,,,,,,,,,,,,,,193.200,-0.05,9.8,0.0,0.0,9.8,0.0,0.0,0.0,,,,,,,,,,,,,,,,,,
,,,,,,,,,,,,,,,,,,,,,,,,,,,193.250,-0.05,9.8,-0.2,0.1,9.9,0.0,0.0,0.0,,,,,,,,,,,,,,,,,,
,,,,,,,,,,,,,,,,,,,,,,,,,,,193.300,-0.05,9.8,-0.1,0.1,9.8,0.0,0.0,0.0,,,,,,,,,,,,,,,,,,
,,,,,,,,,,,,,,,,,,,,,,,,,,,193.350,-0.05,9.8,0.1,-0.1,9.8,0.0,0.0,0.0,,,,,,,,,,,,,,,,,,
,,,,,,,,,,,,,,,,,,,,,,,,,,,193.400,-0.05,9.8,-0.2,0.0,9.8,0.0,0.0,0.0,,,,,,,,,,,,,,,,,,
,,,,,,,,,,,,,,,,,,,,,,,,,,,193.450,-0.05,9.8,0.1,-0.2,9.8,0.0,0.0,0.0,,,,,,,,,,,,,,,,,,
,,,,,,,,,,,,,,,,,,,,,,,,,,,193.500,-0.04,9.9,-0.2,0.3,9.9,0.0,0.0,0.0,,,,,,,,,,,,,,,,,,
,,,,,,,,,,,,,,,,,,,,,,,,,,,193.550,-0.05,9.8,0.0,-0.1,9.8,0.0,0.0,0.0,,,,,,,,,,,,,,,,,,
,,,,,,,,,,,,,,,,,,,,,,,,,,,193.600,-0.05,9.8,0.1,0.0,9.8,0.0,0.0,6.1E-4,,,,,,,,,,,,,,,,,,
,,,,,,,,,,,,,,,,,,,,,,,,,,,193.650,-0.04,9.9,-0.2,0.0,9.9,0.0,0.0,0.0,,,,,,,,,,,,,,,,,,
,,,,,,,,,,,,,,,,,,,,,,,,,,,193.700,-0.04,9.8,-0.1,0.0,9.8,0.0,0.0,0.0,,,,,,,,,,,,,,,,,,
,,,,,,,,,,,,,,,,,,,,,,,,,,,193.750,-0.05,9.8,0.1,0.0,9.8,0.0,0.0,6.1E-4,,,,,,,,,,,,,,,,,,
,,,,,,,,,,,,,,,,,,,,,,,,,,,193.800,-0.04,9.8,-0.1,0.1,9.8,0.0,0.0,-6.1E-4,,,,,,,,,,,,,,,,,,
,,,,,,,,,,,,,,,,,,,,,,,,,,,193.850,-0.05,9.8,0.0,0.0,9.8,0.0,0.0,0.0,,,,,,,,,,,,,,,,,,
,,,,,,,,,,,,,,,,,,,,,,,,,,,193.900,-0.05,9.8,-0.1,-0.1,9.8,0.0,0.0,6.1E-4,,,,,,,,,,,,,,,,,,
,,,,,,,,,,,,,,,,,,,,,,,,,,,193.950,-0.05,9.8,-0.1,0.0,9.8,0.0,0.0,-6.1E-4,,,,,,,,,,,,,,,,,,
,,,,,,,,,,,,,,,,,,,,,,,,,,,194.000,-0.04,9.9,0.0,0.1,9.9,0.0,0.0,0.0,,,,,,,,,,,,,,,,,,
,,,,,,,,,,,,,,,,,,,,,,,,,,,194.050,-0.04,9.8,-0.2,-0.1,9.8,0.0,0.0,0.0,,,,,,,,,,,,,,,,,,
,,,,,,,,,,,,,,,,,,,,,,,,,,,194.100,-0.04,9.8,0.1,0.0,9.8,0.0,0.0,0.0,,,,,,,,,,,,,,,,,,
,,,,,,,,,,,,,,,,,,,,,,,,,,,194.150,-0.05,9.8,-0.2,0.1,9.8,0.0,0.0,-6.1E-4,,,,,,,,,,,,,,,,,,
,,,,,,,,,,,,,,,,,,,,,,,,,,,194.200,-0.05,9.9,0.0,0.1,9.9,0.0,0.0,0.0,,,,,,,,,,,,,,,,,,
,,,,,,,,,,,,,,,,,,,,,,,,,,,194.250,-0.03,9.9,0.0,0.0,9.9,0.0,0.0,0.0,,,,,,,,,,,,,,,,,,
,,,,,,,,,,,,,,,,,,,,,,,,,,,194.300,-0.05,9.8,-0.2,0.0,9.8,0.0,0.0,0.0,,,,,,,,,,,,,,,,,,
,,,,,,,,,,,,,,,,,,,,,,,,,,,194.350,-0.06,9.9,0.1,0.1,9.9,0.0,0.0,0.0,,,,,,,,,,,,,,,,,,
,,,,,,,,,,,,,,,,,,,,,,,,,,,194.400,-0.04,9.8,-0.1,0.0,9.8,0.0,0.0,0.0,,,,,,,,,,,,,,,,,,
,,,,,,,,,,,,,,,,,,,,,,,,,,,194.450,-0.04,9.9,0.0,0.1,9.9,0.0,0.0,0.0,,,,,,,,,,,,,,,,,,
,,,,,,,,,,,,,,,,,,,,,,,,,,,194.500,-0.04,9.8,-0.2,0.1,9.8,0.0,0.0,0.0,,,,,,,,,,,,,,,,,,
,,,,,,,,,,,,,,,,,,,,,,,,,,,194.550,-0.04,9.7,0.0,-0.5,9.7,-0.1,0.0,0.0,,,,,,,,,,,,,,,,,,
,,,,,,,,,,,,,,,,,,,,,,,,,,,194.600,-0.05,9.9,0.1,0.2,9.9,0.1,0.0,0.0,,,,,,,,,,,,,,,,,,
,,,,,,,,,,,,,,,,,,,,,,,,,,,194.650,-0.05,9.8,-0.4,0.0,9.8,0.0,0.0,0.0,,,,,,,,,,,,,,,,,,
,,,,,,,,,,,,,,,,,,,,,,,,,,,194.700,-0.04,9.8,0.3,0.0,9.8,0.0,0.0,0.0,,,,,,,,,,,,,,,,,,
,,,,,,,,,,,,,,,,,,,,,,,,,,,194.750,-0.03,9.8,-0.1,0.0,9.8,0.0,0.0,0.0,,,,,,,,,,,,,,,,,,
,,,,,,,,,,,,,,,,,,,,,,,,,,,194.800,-0.04,9.8,-0.1,0.0,9.8,0.0,0.0,6.1E-4,,,,,,,,,,,,,,,,,,
,,,,,,,,,,,,,,,,,,,,,,,,,,,194.850,-0.04,9.8,-0.1,0.0,9.8,0.0,0.0,6.1E-4,,,,,,,,,,,,,,,,,,
,,,,,,,,,,,,,,,,,,,,,,,,,,,194.900,-0.04,9.8,0.0,0.0,9.8,0.0,0.0,6.1E-4,,,,,,,,,,,,,,,,,,
,,,,,,,,,,,,,,,,,,,,,,,,,,,194.950,-0.04,9.9,-0.1,0.0,9.9,0.0,0.0,0.0,,,,,,,,,,,,,,,,,,
,,,,,,,,,,,,,,,,,,,,,,,,,,,195.000,-0.03,9.8,0.1,0.0,9.8,0.0,0.0,6.1E-4,,,,,,,,,,,,,,,,,,
,,,,,,,,,,,,,,,,,,,,,,,,,,,195.050,-0.03,9.8,-0.2,-0.1,9.8,0.0,0.0,-6.1E-4,,,,,,,,,,,,,,,,,,
,,,,,,,,,,,,,,,,,,,,,,,,,,,195.100,-0.04,9.9,0.1,0.1,9.9,0.0,0.0,-6.1E-4,,,,,,,,,,,,,,,,,,
,,,,,,,,,,,,,,,,,,,,,,,,,,,195.150,-0.04,9.8,0.0,0.0,9.8,0.0,0.0,0.0,,,,,,,,,,,,,,,,,,
,,,,,,,,,,,,,,,,,,,,,,,,,,,195.200,-0.04,9.8,-0.2,0.0,9.8,0.0,0.0,0.0,,,,,,,,,,,,,,,,,,
,,,,,,,,,,,,,,,,,,,,,,,,,,,195.250,-0.03,9.8,0.0,0.0,9.8,0.0,0.0,0.0,,,,,,,,,,,,,,,,,,
,,,,,,,,,,,,,,,,,,,,,,,,,,,195.300,-0.04,9.8,-0.1,0.0,9.8,0.0,0.0,6.1E-4,,,,,,,,,,,,,,,,,,
,,,,,,,,,,,,,,,,,,,,,,,,,,,195.350,-0.05,9.9,0.0,0.1,9.9,0.0,0.0,0.0,,,,,,,,,,,,,,,,,,
,,,,,,,,,,,,,,,,,,,,,,,,,,,195.400,-0.05,9.8,-0.1,0.0,9.8,0.0,0.0,0.0,,,,,,,,,,,,,,,,,,
,,,,,,,,,,,,,,,,,,,,,,,,,,,195.450,-0.04,9.9,-0.1,0.0,9.9,0.0,0.0,0.0,,,,,,,,,,,,,,,,,,
,,,,,,,,,,,,,,,,,,,,,,,,,,,195.500,-0.05,9.8,0.0,0.0,9.8,0.0,0.0,0.0,,,,,,,,,,,,,,,,,,
,,,,,,,,,,,,,,,,,,,,,,,,,,,195.550,-0.04,9.8,0.0,0.0,9.8,0.0,0.0,0.0,,,,,,,,,,,,,,,,,,
,,,,,,,,,,,,,,,,,,,,,,,,,,,195.600,-0.05,9.8,-0.1,0.0,9.8,0.0,0.0,0.0,,,,,,,,,,,,,,,,,,
,,,,,,,,,,,,,,,,,,,,,,,,,,,195.650,-0.05,9.8,-0.1,0.0,9.8,0.0,0.0,0.0,,,,,,,,,,,,,,,,,,
,,,,,,,,,,,,,,,,,,,,,,,,,,,195.700,-0.06,9.8,0.0,0.0,9.8,0.0,0.0,0.0,,,,,,,,,,,,,,,,,,
,,,,,,,,,,,,,,,,,,,,,,,,,,,195.750,-0.05,9.8,0.0,-0.1,9.8,0.0,0.0,0.0,,,,,,,,,,,,,,,,,,
,,,,,,,,,,,,,,,,,,,,,,,,,,,195.800,-0.05,9.8,-0.1,0.0,9.8,0.0,0.0,0.0,,,,,,,,,,,,,,,,,,
,,,,,,,,,,,,,,,,,,,,,,,,,,,195.850,-0.05,9.8,-0.1,-0.1,9.8,0.0,0.0,6.1E-4,,,,,,,,,,,,,,,,,,
,,,,,,,,,,,,,,,,,,,,,,,,,,,195.900,-0.05,9.9,0.0,0.1,9.9,0.0,0.0,-6.1E-4,,,,,,,,,,,,,,,,,,
,,,,,,,,,,,,,,,,,,,,,,,,,,,195.950,-0.05,9.8,0.0,-0.1,9.8,0.0,0.0,-6.1E-4,,,,,,,,,,,,,,,,,,
,,,,,,,,,,,,,,,,,,,,,,,,,,,196.000,-0.05,9.8,-0.1,0.0,9.8,0.0,0.0,6.1E-4,,,,,,,,,,,,,,,,,,
,,,,,,,,,,,,,,,,,,,,,,,,,,,196.050,-0.06,9.8,-0.2,0.0,9.8,0.0,0.0,0.0,,,,,,,,,,,,,,,,,,
,,,,,,,,,,,,,,,,,,,,,,,,,,,196.100,-0.05,9.8,-0.1,0.0,9.8,0.0,0.0,6.1E-4,,,,,,,,,,,,,,,,,,
,,,,,,,,,,,,,,,,,,,,,,,,,,,196.150,-0.05,9.9,0.1,0.0,9.9,0.0,0.0,0.0,,,,,,,,,,,,,,,,,,
,,,,,,,,,,,,,,,,,,,,,,,,,,,196.200,-0.04,9.8,-0.2,0.0,9.8,0.0,0.0,0.0,,,,,,,,,,,,,,,,,,
,,,,,,,,,,,,,,,,,,,,,,,,,,,196.250,-0.06,9.8,0.0,0.0,9.8,0.0,0.0,6.1E-4,,,,,,,,,,,,,,,,,,
,,,,,,,,,,,,,,,,,,,,,,,,,,,196.300,-0.06,9.8,0.0,-0.1,9.8,0.0,0.0,0.0,,,,,,,,,,,,,,,,,,
,,,,,,,,,,,,,,,,,,,,,,,,,,,196.350,-0.05,9.8,-0.2,0.1,9.8,0.0,0.0,0.0,,,,,,,,,,,,,,,,,,
,,,,,,,,,,,,,,,,,,,,,,,,,,,196.400,-0.05,9.8,0.0,0.0,9.8,0.0,0.0,0.0,,,,,,,,,,,,,,,,,,
,,,,,,,,,,,,,,,,,,,,,,,,,,,196.450,-0.04,9.8,-0.3,-0.1,9.8,0.0,0.0,0.0,,,,,,,,,,,,,,,,,,
,,,,,,,,,,,,,,,,,,,,,,,,,,,196.500,-0.03,9.8,0.2,0.0,9.8,0.0,0.0,0.0,,,,,,,,,,,,,,,,,,
,,,,,,,,,,,,,,,,,,,,,,,,,,,196.550,-0.03,9.8,-0.1,0.0,9.8,0.0,0.0,0.0,,,,,,,,,,,,,,,,,,
,,,,,,,,,,,,,,,,,,,,,,,,,,,196.600,-0.03,9.8,-0.2,0.0,9.8,0.0,0.0,-6.1E-4,,,,,,,,,,,,,,,,,,
,,,,,,,,,,,,,,,,,,,,,,,,,,,196.650,-0.05,9.9,0.0,0.0,9.9,0.0,0.0,0.0,,,,,,,,,,,,,,,,,,
,,,,,,,,,,,,,,,,,,,,,,,,,,,196.700,-0.06,9.8,0.0,0.1,9.8,0.0,0.0,0.0,,,,,,,,,,,,,,,,,,
,,,,,,,,,,,,,,,,,,,,,,,,,,,196.750,-0.06,9.8,-0.2,0.0,9.8,0.0,0.0,0.0,,,,,,,,,,,,,,,,,,
,,,,,,,,,,,,,,,,,,,,,,,,,,,196.800,-0.05,9.8,0.0,-0.2,9.8,0.0,0.0,0.0,,,,,,,,,,,,,,,,,,
,,,,,,,,,,,,,,,,,,,,,,,,,,,196.850,-0.05,9.9,0.1,0.1,9.9,0.0,0.0,0.0,,,,,,,,,,,,,,,,,,
,,,,,,,,,,,,,,,,,,,,,,,,,,,196.900,-0.04,9.8,-0.2,0.0,9.8,0.0,0.0,-6.1E-4,,,,,,,,,,,,,,,,,,
,,,,,,,,,,,,,,,,,,,,,,,,,,,196.950,-0.04,9.8,0.0,0.0,9.8,0.0,0.0,0.0,,,,,,,,,,,,,,,,,,
,,,,,,,,,,,,,,,,,,,,,,,,,,,197.000,-0.05,9.8,-0.2,0.0,9.8,0.0,0.0,0.0,,,,,,,,,,,,,,,,,,
,,,,,,,,,,,,,,,,,,,,,,,,,,,197.050,-0.04,9.8,0.0,0.0,9.8,0.0,0.0,0.0,,,,,,,,,,,,,,,,,,
,,,,,,,,,,,,,,,,,,,,,,,,,,,197.100,-0.05,9.9,0.1,0.0,9.9,0.0,0.0,-6.1E-4,,,,,,,,,,,,,,,,,,
,,,,,,,,,,,,,,,,,,,,,,,,,,,197.150,-0.05,9.8,-0.1,0.0,9.8,0.0,0.0,-6.1E-4,,,,,,,,,,,,,,,,,,
,,,,,,,,,,,,,,,,,,,,,,,,,,,197.200,-0.05,9.8,-0.1,0.0,9.8,0.0,0.0,0.0,,,,,,,,,,,,,,,,,,
,,,,,,,,,,,,,,,,,,,,,,,,,,,197.250,-0.05,9.8,0.0,0.0,9.8,0.0,0.0,0.0,,,,,,,,,,,,,,,,,,
,,,,,,,,,,,,,,,,,,,,,,,,,,,197.300,-0.05,9.8,1.9E-4,0.0,9.8,0.0,0.0,6.1E-4,,,,,,,,,,,,,,,,,,
,,,,,,,,,,,,,,,,,,,,,,,,,,,197.350,-0.05,9.8,-0.2,0.0,9.8,0.0,0.0,-6.1E-4,,,,,,,,,,,,,,,,,,
,,,,,,,,,,,,,,,,,,,,,,,,,,,197.400,-0.05,9.9,-0.1,0.1,9.9,0.0,0.0,0.0,,,,,,,,,,,,,,,,,,
,,,,,,,,,,,,,,,,,,,,,,,,,,,197.450,-0.05,9.8,0.1,-0.1,9.8,0.0,0.0,0.0,,,,,,,,,,,,,,,,,,
,,,,,,,,,,,,,,,,,,,,,,,,,,,197.500,-0.06,9.9,-0.1,0.1,9.9,0.0,0.0,0.0,,,,,,,,,,,,,,,,,,
,,,,,,,,,,,,,,,,,,,,,,,,,,,197.550,-0.06,9.8,-0.1,0.0,9.8,0.0,0.0,0.0,,,,,,,,,,,,,,,,,,
,,,,,,,,,,,,,,,,,,,,,,,,,,,197.600,-0.05,9.8,-0.1,0.0,9.8,0.0,0.0,0.0,,,,,,,,,,,,,,,,,,
,,,,,,,,,,,,,,,,,,,,,,,,,,,197.650,-0.04,10.0,0.0,0.0,10.0,0.0,0.0,0.0,,,,,,,,,,,,,,,,,,
,,,,,,,,,,,,,,,,,,,,,,,,,,,197.700,-0.06,9.6,0.0,0.0,9.6,0.0,0.0,0.0,,,,,,,,,,,,,,,,,,
,,,,,,,,,,,,,,,,,,,,,,,,,,,197.750,-0.05,9.8,-0.1,0.0,9.8,0.0,0.0,-6.1E-4,,,,,,,,,,,,,,,,,,
,,,,,,,,,,,,,,,,,,,,,,,,,,,197.800,-0.05,9.8,0.0,-0.1,9.8,0.0,0.0,0.0,,,,,,,,,,,,,,,,,,
,,,,,,,,,,,,,,,,,,,,,,,,,,,197.850,-0.05,9.8,-0.1,0.0,9.8,0.0,0.0,0.0,,,,,,,,,,,,,,,,,,
,,,,,,,,,,,,,,,,,,,,,,,,,,,197.900,-0.04,9.8,-0.1,0.0,9.8,0.0,0.0,0.0,,,,,,,,,,,,,,,,,,
,,,,,,,,,,,,,,,,,,,,,,,,,,,197.950,-0.04,9.8,0.0,-0.1,9.8,0.0,0.0,0.0,,,,,,,,,,,,,,,,,,
,,,,,,,,,,,,,,,,,,,,,,,,,,,198.000,-0.04,9.8,0.0,0.0,9.8,-1.2E-4,0.0,0.0,,,,,,,,,,,,,,,,,,
,,,,,,,,,,,,,,,,,,,,,,,,,,,198.050,-0.04,9.9,-0.1,0.0,9.9,0.0,0.0,6.1E-4,,,,,,,,,,,,,,,,,,
,,,,,,,,,,,,,,,,,,,,,,,,,,,198.100,-0.05,9.9,0.0,0.0,9.9,0.0,0.0,-6.1E-4,,,,,,,,,,,,,,,,,,
,,,,,,,,,,,,,,,,,,,,,,,,,,,198.150,-0.04,9.9,0.0,0.0,9.9,0.0,0.0,-6.1E-4,,,,,,,,,,,,,,,,,,
,,,,,,,,,,,,,,,,,,,,,,,,,,,198.200,-0.05,9.8,0.0,0.0,9.8,0.0,0.0,0.0,,,,,,,,,,,,,,,,,,
,,,,,,,,,,,,,,,,,,,,,,,,,,,198.250,-0.05,9.9,0.0,0.0,9.9,0.0,0.0,0.0,,,,,,,,,,,,,,,,,,
,,,,,,,,,,,,,,,,,,,,,,,,,,,198.300,-0.05,9.9,-0.2,-0.1,9.9,0.0,0.0,-6.1E-4,,,,,,,,,,,,,,,,,,
,,,,,,,,,,,,,,,,,,,,,,,,,,,198.350,-0.04,9.8,-0.1,0.0,9.8,0.0,0.0,6.1E-4,,,,,,,,,,,,,,,,,,
,,,,,,,,,,,,,,,,,,,,,,,,,,,198.400,-0.05,9.8,0.0,0.0,9.8,0.0,0.0,6.1E-4,,,,,,,,,,,,,,,,,,
,,,,,,,,,,,,,,,,,,,,,,,,,,,198.450,-0.05,9.9,0.0,0.0,9.9,0.0,0.0,0.0,,,,,,,,,,,,,,,,,,
,,,,,,,,,,,,,,,,,,,,,,,,,,,198.500,-0.03,9.8,0.0,-0.1,9.8,0.0,0.0,0.0,,,,,,,,,,,,,,,,,,
,,,,,,,,,,,,,,,,,,,,,,,,,,,198.550,-0.03,9.9,-0.2,0.0,9.9,0.0,0.0,0.0,,,,,,,,,,,,,,,,,,
,,,,,,,,,,,,,,,,,,,,,,,,,,,198.600,-0.02,9.8,0.0,0.0,9.8,0.0,0.0,0.0,,,,,,,,,,,,,,,,,,
,,,,,,,,,,,,,,,,,,,,,,,,,,,198.650,-0.03,9.9,0.0,0.0,9.9,0.0,0.0,-6.1E-4,,,,,,,,,,,,,,,,,,
,,,,,,,,,,,,,,,,,,,,,,,,,,,198.700,-0.02,9.8,-0.2,0.0,9.8,0.0,0.0,0.0,,,,,,,,,,,,,,,,,,
,,,,,,,,,,,,,,,,,,,,,,,,,,,198.750,-0.01,9.7,1.9E-4,0.0,9.7,0.0,0.0,6.1E-4,,,,,,,,,,,,,,,,,,
,,,,,,,,,,,,,,,,,,,,,,,,,,,198.800,0.01,9.7,0.0,0.0,9.7,0.0,0.0,0.0,,,,,,,,,,,,,,,,,,
,,,,,,,,,,,,,,,,,,,,,,,,,,,198.850,0.07,10.0,0.0,0.0,10.0,0.0,0.0,0.0,,,,,,,,,,,,,,,,,,
,,,,,,,,,,,,,,,,,,,,,,,,,,,198.900,0.12,9.9,-0.2,-0.1,9.9,0.0,0.0,6.1E-4,,,,,,,,,,,,,,,,,,
,,,,,,,,,,,,,,,,,,,,,,,,,,,198.950,0.13,9.8,0.0,0.0,9.8,0.0,0.0,6.1E-4,,,,,,,,,,,,,,,,,,
,,,,,,,,,,,,,,,,,,,,,,,,,,,199.000,0.16,9.8,-0.2,0.0,9.8,0.0,0.0,0.0,,,,,,,,,,,,,,,,,,
,,,,,,,,,,,,,,,,,,,,,,,,,,,199.050,0.14,9.8,-0.1,0.0,9.8,0.0,0.0,0.0,,,,,,,,,,,,,,,,,,
,,,,,,,,,,,,,,,,,,,,,,,,,,,199.100,0.15,9.8,0.0,-0.1,9.8,0.0,0.0,6.1E-4,,,,,,,,,,,,,,,,,,
,,,,,,,,,,,,,,,,,,,,,,,,,,,199.150,0.16,9.8,-0.1,0.0,9.8,0.0,0.0,-6.1E-4,,,,,,,,,,,,,,,,,,
,,,,,,,,,,,,,,,,,,,,,,,,,,,199.200,0.17,9.8,-0.1,-0.1,9.8,0.0,0.0,0.0,,,,,,,,,,,,,,,,,,
,,,,,,,,,,,,,,,,,,,,,,,,,,,199.250,0.19,9.8,-0.1,0.0,9.8,0.0,0.0,6.1E-4,,,,,,,,,,,,,,,,,,
,,,,,,,,,,,,,,,,,,,,,,,,,,,199.300,0.20,9.8,0.0,0.0,9.8,0.0,0.0,6.1E-4,,,,,,,,,,,,,,,,,,
,,,,,,,,,,,,,,,,,,,,,,,,,,,199.350,0.22,9.8,-0.1,0.0,9.8,-1.2E-4,0.0,-6.1E-4,,,,,,,,,,,,,,,,,,
,,,,,,,,,,,,,,,,,,,,,,,,,,,199.400,0.23,9.8,-0.1,0.0,9.8,0.0,0.0,-6.1E-4,,,,,,,,,,,,,,,,,,
,,,,,,,,,,,,,,,,,,,,,,,,,,,199.450,0.26,9.8,-0.1,0.0,9.8,0.0,0.0,0.0,,,,,,,,,,,,,,,,,,
,,,,,,,,,,,,,,,,,,,,,,,,,,,199.500,0.39,9.8,0.0,0.0,9.8,0.0,0.0,6.1E-4,,,,,,,,,,,,,,,,,,
,,,,,,,,,,,,,,,,,,,,,,,,,,,199.550,0.68,9.7,-0.1,0.1,9.7,0.0,0.0,0.0,,,,,,,,,,,,,,,,,,
,,,,,,,,,,,,,,,,,,,,,,,,,,,199.600,0.66,9.9,0.1,0.0,9.9,0.0,0.0,0.0,,,,,,,,,,,,,,,,,,
,,,,,,,,,,,,,,,,,,,,,,,,,,,199.650,0.62,9.8,-0.1,0.0,9.8,0.0,0.0,-6.1E-4,,,,,,,,,,,,,,,,,,
,,,,,,,,,,,,,,,,,,,,,,,,,,,199.700,0.62,9.9,0.0,0.0,9.9,0.0,0.0,6.1E-4,,,,,,,,,,,,,,,,,,
,,,,,,,,,,,,,,,,,,,,,,,,,,,199.750,0.62,9.8,-0.1,0.0,9.8,0.0,0.0,-6.1E-4,,,,,,,,,,,,,,,,,,
,,,,,,,,,,,,,,,,,,,,,,,,,,,199.800,0.61,9.8,0.0,0.0,9.8,0.0,0.0,-6.1E-4,,,,,,,,,,,,,,,,,,
,,,,,,,,,,,,,,,,,,,,,,,,,,,199.850,0.61,9.8,0.0,0.0,9.8,0.0,0.0,6.1E-4,,,,,,,,,,,,,,,,,,
,,,,,,,,,,,,,,,,,,,,,,,,,,,199.900,0.62,9.8,-0.1,0.0,9.8,0.0,0.0,0.0,,,,,,,,,,,,,,,,,,
,,,,,,,,,,,,,,,,,,,,,,,,,,,199.950,0.61,9.8,0.0,0.0,9.8,0.0,0.0,6.1E-4,,,,,,,,,,,,,,,,,,
,,,,,,,,,,,,,,,,,,,,,,,,,,,200.000,0.60,9.8,-0.1,0.0,9.8,0.0,0.0,-6.1E-4,,,,,,,,,,,,,,,,,,
,,,,,,,,,,,,,,,,,,,,,,,,,,,200.050,0.59,9.8,-0.1,0.0,9.8,0.0,0.0,6.1E-4,,,,,,,,,,,,,,,,,,
,,,,,,,,,,,,,,,,,,,,,,,,,,,200.100,0.58,9.8,-0.1,0.0,9.8,0.0,0.0,6.1E-4,,,,,,,,,,,,,,,,,,
,,,,,,,,,,,,,,,,,,,,,,,,,,,200.150,0.58,9.8,0.0,0.0,9.8,0.0,0.0,6.1E-4,,,,,,,,,,,,,,,,,,
,,,,,,,,,,,,,,,,,,,,,,,,,,,200.200,0.58,9.8,-0.1,0.0,9.8,0.0,0.0,-6.1E-4,,,,,,,,,,,,,,,,,,
,,,,,,,,,,,,,,,,,,,,,,,,,,,200.250,0.58,9.8,-0.1,0.0,9.8,0.0,0.0,-6.1E-4,,,,,,,,,,,,,,,,,,
,,,,,,,,,,,,,,,,,,,,,,,,,,,200.300,0.58,9.8,0.0,0.0,9.8,0.0,0.0,6.1E-4,,,,,,,,,,,,,,,,,,
,,,,,,,,,,,,,,,,,,,,,,,,,,,200.350,0.57,9.8,-0.1,0.0,9.8,0.0,0.0,6.1E-4,,,,,,,,,,,,,,,,,,
,,,,,,,,,,,,,,,,,,,,,,,,,,,200.400,0.57,9.8,0.0,0.0,9.8,0.0,0.0,6.1E-4,,,,,,,,,,,,,,,,,,
,,,,,,,,,,,,,,,,,,,,,,,,,,,200.450,0.56,9.8,-0.1,0.0,9.8,0.0,0.0,-6.1E-4,,,,,,,,,,,,,,,,,,
,,,,,,,,,,,,,,,,,,,,,,,,,,,200.500,0.57,9.8,-0.1,0.0,9.8,0.0,0.0,6.1E-4,,,,,,,,,,,,,,,,,,
,,,,,,,,,,,,,,,,,,,,,,,,,,,200.550,0.57,9.8,0.0,0.0,9.8,0.0,0.0,6.1E-4,,,,,,,,,,,,,,,,,,
,,,,,,,,,,,,,,,,,,,,,,,,,,,200.600,0.55,9.8,-0.1,0.0,9.8,0.0,0.0,0.0,,,,,,,,,,,,,,,,,,
,,,,,,,,,,,,,,,,,,,,,,,,,,,200.650,0.56,9.8,0.0,0.0,9.8,0.0,0.0,0.0,,,,,,,,,,,,,,,,,,
,,,,,,,,,,,,,,,,,,,,,,,,,,,200.700,0.57,9.8,-0.1,0.0,9.8,0.0,0.0,0.0,,,,,,,,,,,,,,,,,,
,,,,,,,,,,,,,,,,,,,,,,,,,,,200.750,0.56,9.8,-0.1,0.0,9.8,0.0,0.0,0.0,,,,,,,,,,,,,,,,,,
,,,,,,,,,,,,,,,,,,,,,,,,,,,200.800,0.53,9.9,1.9E-4,0.0,9.9,0.0,0.0,-6.1E-4,,,,,,,,,,,,,,,,,,
,,,,,,,,,,,,,,,,,,,,,,,,,,,200.850,0.55,9.8,0.0,0.0,9.8,0.0,0.0,6.1E-4,,,,,,,,,,,,,,,,,,
,,,,,,,,,,,,,,,,,,,,,,,,,,,200.900,0.55,9.8,-0.2,0.0,9.8,0.0,0.0,0.0,,,,,,,,,,,,,,,,,,
,,,,,,,,,,,,,,,,,,,,,,,,,,,200.950,0.55,9.8,-0.1,0.0,9.8,0.0,0.0,-6.1E-4,,,,,,,,,,,,,,,,,,
,,,,,,,,,,,,,,,,,,,,,,,,,,,201.000,0.54,9.8,-0.1,0.0,9.8,0.0,0.0,0.0,,,,,,,,,,,,,,,,,,
,,,,,,,,,,,,,,,,,,,,,,,,,,,201.050,0.54,9.9,0.0,0.0,9.9,0.0,0.0,-6.1E-4,,,,,,,,,,,,,,,,,,
,,,,,,,,,,,,,,,,,,,,,,,,,,,201.100,0.54,9.8,-0.1,0.0,9.8,0.0,0.0,0.0,,,,,,,,,,,,,,,,,,
,,,,,,,,,,,,,,,,,,,,,,,,,,,201.150,0.55,9.8,-0.1,0.0,9.8,0.0,0.0,6.1E-4,,,,,,,,,,,,,,,,,,
,,,,,,,,,,,,,,,,,,,,,,,,,,,201.200,0.55,9.8,0.0,0.0,9.8,0.0,0.0,6.1E-4,,,,,,,,,,,,,,,,,,
,,,,,,,,,,,,,,,,,,,,,,,,,,,201.250,0.56,9.8,0.0,0.0,9.8,0.0,0.0,6.1E-4,,,,,,,,,,,,,,,,,,
,,,,,,,,,,,,,,,,,,,,,,,,,,,201.300,0.54,9.8,-0.1,-0.1,9.8,0.0,0.0,-6.1E-4,,,,,,,,,,,,,,,,,,
,,,,,,,,,,,,,,,,,,,,,,,,,,,201.350,0.54,9.9,0.0,0.0,9.9,0.0,0.0,6.1E-4,,,,,,,,,,,,,,,,,,
,,,,,,,,,,,,,,,,,,,,,,,,,,,201.400,0.54,9.8,-0.1,0.1,9.8,0.0,0.0,-6.1E-4,,,,,,,,,,,,,,,,,,
,,,,,,,,,,,,,,,,,,,,,,,,,,,201.450,0.54,9.8,-0.1,0.0,9.8,0.0,0.0,6.1E-4,,,,,,,,,,,,,,,,,,
,,,,,,,,,,,,,,,,,,,,,,,,,,,201.500,0.53,9.8,0.0,0.0,9.8,-1.2E-4,0.0,0.0,,,,,,,,,,,,,,,,,,
,,,,,,,,,,,,,,,,,,,,,,,,,,,201.550,0.52,9.8,-0.1,0.0,9.8,0.0,0.0,0.0,,,,,,,,,,,,,,,,,,
,,,,,,,,,,,,,,,,,,,,,,,,,,,201.600,0.52,9.9,0.0,0.0,9.9,0.0,0.0,6.1E-4,,,,,,,,,,,,,,,,,,
,,,,,,,,,,,,,,,,,,,,,,,,,,,201.650,0.52,9.8,-0.1,0.0,9.8,0.0,0.0,0.0,,,,,,,,,,,,,,,,,,
,,,,,,,,,,,,,,,,,,,,,,,,,,,201.700,0.51,9.8,0.0,0.0,9.8,0.0,0.0,0.0,,,,,,,,,,,,,,,,,,
,,,,,,,,,,,,,,,,,,,,,,,,,,,201.750,0.50,9.9,0.0,0.0,9.9,0.0,0.0,6.1E-4,,,,,,,,,,,,,,,,,,
,,,,,,,,,,,,,,,,,,,,,,,,,,,201.800,0.52,9.8,-0.2,-0.1,9.8,-1.2E-4,0.0,0.0,,,,,,,,,,,,,,,,,,
,,,,,,,,,,,,,,,,,,,,,,,,,,,201.850,0.50,9.8,0.0,0.0,9.8,0.0,0.0,6.1E-4,,,,,,,,,,,,,,,,,,
,,,,,,,,,,,,,,,,,,,,,,,,,,,201.900,0.52,9.8,0.0,0.0,9.8,0.0,0.0,0.0,,,,,,,,,,,,,,,,,,
,,,,,,,,,,,,,,,,,,,,,,,,,,,201.950,0.48,9.8,-0.3,0.0,9.8,0.0,0.0,0.0,,,,,,,,,,,,,,,,,,
,,,,,,,,,,,,,,,,,,,,,,,,,,,202.000,0.44,9.9,0.2,0.2,10.0,0.0,0.0,0.0,,,,,,,,,,,,,,,,,,
,,,,,,,,,,,,,,,,,,,,,,,,,,,202.050,0.54,9.7,-0.1,-0.3,9.7,0.0,0.0,-6.1E-4,,,,,,,,,,,,,,,,,,
,,,,,,,,,,,,,,,,,,,,,,,,,,,202.100,0.52,9.9,0.0,0.1,9.9,0.0,0.0,0.0,,,,,,,,,,,,,,,,,,
,,,,,,,,,,,,,,,,,,,,,,,,,,,202.150,0.53,9.8,-0.2,0.0,9.8,0.0,0.0,0.0,,,,,,,,,,,,,,,,,,
,,,,,,,,,,,,,,,,,,,,,,,,,,,202.200,0.52,9.9,1.9E-4,0.0,9.9,0.0,0.0,0.0,,,,,,,,,,,,,,,,,,
,,,,,,,,,,,,,,,,,,,,,,,,,,,202.250,0.53,9.9,0.0,0.0,9.9,0.0,0.0,0.0,,,,,,,,,,,,,,,,,,
,,,,,,,,,,,,,,,,,,,,,,,,,,,202.300,0.52,9.8,-0.1,0.0,9.8,0.0,0.0,0.0,,,,,,,,,,,,,,,,,,
,,,,,,,,,,,,,,,,,,,,,,,,,,,202.350,0.52,9.9,0.0,0.0,9.9,0.0,0.0,6.1E-4,,,,,,,,,,,,,,,,,,
,,,,,,,,,,,,,,,,,,,,,,,,,,,202.400,0.52,9.8,-0.1,0.0,9.8,0.0,0.0,0.0,,,,,,,,,,,,,,,,,,
,,,,,,,,,,,,,,,,,,,,,,,,,,,202.450,0.50,9.8,0.0,0.1,9.8,0.0,0.0,0.0,,,,,,,,,,,,,,,,,,
,,,,,,,,,,,,,,,,,,,,,,,,,,,202.500,0.55,9.8,0.0,-0.1,9.8,0.0,0.0,0.0,,,,,,,,,,,,,,,,,,
,,,,,,,,,,,,,,,,,,,,,,,,,,,202.550,0.54,9.9,-0.1,0.1,9.9,-1.2E-4,0.0,6.1E-4,,,,,,,,,,,,,,,,,,
,,,,,,,,,,,,,,,,,,,,,,,,,,,202.600,0.53,9.8,-0.1,0.0,9.8,0.0,0.0,0.0,,,,,,,,,,,,,,,,,,
,,,,,,,,,,,,,,,,,,,,,,,,,,,202.650,0.51,9.8,-0.1,0.0,9.8,0.0,0.0,0.0,,,,,,,,,,,,,,,,,,
,,,,,,,,,,,,,,,,,,,,,,,,,,,202.700,0.52,9.8,0.0,0.0,9.8,0.0,0.0,6.1E-4,,,,,,,,,,,,,,,,,,
,,,,,,,,,,,,,,,,,,,,,,,,,,,202.750,0.52,9.8,0.3,0.0,9.9,0.0,0.0,0.0,,,,,,,,,,,,,,,,,,
,,,,,,,,,,,,,,,,,,,,,,,,,,,202.800,0.57,9.8,-0.3,0.0,9.8,0.0,0.0,-6.1E-4,,,,,,,,,,,,,,,,,,
,,,,,,,,,,,,,,,,,,,,,,,,,,,202.850,0.54,9.8,-0.2,0.0,9.8,0.0,0.0,6.1E-4,,,,,,,,,,,,,,,,,,
,,,,,,,,,,,,,,,,,,,,,,,,,,,202.900,0.59,9.8,0.1,-0.1,9.8,0.0,0.0,0.0,,,,,,,,,,,,,,,,,,
,,,,,,,,,,,,,,,,,,,,,,,,,,,202.950,0.53,9.9,-0.3,0.1,9.9,0.0,0.0,0.0,,,,,,,,,,,,,,,,,,
,,,,,,,,,,,,,,,,,,,,,,,,,,,203.000,0.58,9.8,0.3,-0.1,9.8,0.0,0.0,0.0,,,,,,,,,,,,,,,,,,
,,,,,,,,,,,,,,,,,,,,,,,,,,,203.050,0.56,9.8,-0.2,0.0,9.8,0.1,0.0,0.0,,,,,,,,,,,,,,,,,,
,,,,,,,,,,,,,,,,,,,,,,,,,,,203.100,0.56,9.8,0.0,0.0,9.8,0.0,0.0,0.0,,,,,,,,,,,,,,,,,,
,,,,,,,,,,,,,,,,,,,,,,,,,,,203.150,0.55,9.8,-0.2,0.0,9.8,0.0,0.0,0.0,,,,,,,,,,,,,,,,,,
,,,,,,,,,,,,,,,,,,,,,,,,,,,203.200,0.51,9.8,-0.4,0.0,9.8,-0.1,0.0,0.0,,,,,,,,,,,,,,,,,,
,,,,,,,,,,,,,,,,,,,,,,,,,,,203.250,0.46,9.9,0.5,-0.1,9.9,-0.1,0.0,0.0,,,,,,,,,,,,,,,,,,
,,,,,,,,,,,,,,,,,,,,,,,,,,,203.300,0.47,9.9,0.1,0.1,9.9,0.1,0.0,6.1E-4,,,,,,,,,,,,,,,,,,
,,,,,,,,,,,,,,,,,,,,,,,,,,,203.350,0.48,9.8,-0.5,0.0,9.8,0.0,0.0,0.0,,,,,,,,,,,,,,,,,,
,,,,,,,,,,,,,,,,,,,,,,,,,,,203.400,0.50,9.8,0.2,0.0,9.8,0.0,0.0,6.1E-4,,,,,,,,,,,,,,,,,,
,,,,,,,,,,,,,,,,,,,,,,,,,,,203.450,0.51,9.8,-0.1,-0.1,9.8,0.0,0.0,-6.1E-4,,,,,,,,,,,,,,,,,,
,,,,,,,,,,,,,,,,,,,,,,,,,,,203.500,0.50,9.8,-0.2,0.0,9.8,0.0,0.0,0.0,,,,,,,,,,,,,,,,,,
,,,,,,,,,,,,,,,,,,,,,,,,,,,203.550,0.49,9.9,0.1,0.1,9.9,0.0,0.0,6.1E-4,,,,,,,,,,,,,,,,,,
,,,,,,,,,,,,,,,,,,,,,,,,,,,203.600,0.51,9.8,-0.1,-0.1,9.8,0.0,0.0,0.0,,,,,,,,,,,,,,,,,,
,,,,,,,,,,,,,,,,,,,,,,,,,,,203.650,0.50,9.9,0.0,0.0,9.9,0.0,0.0,0.0,,,,,,,,,,,,,,,,,,
,,,,,,,,,,,,,,,,,,,,,,,,,,,203.700,0.49,9.8,-0.1,0.0,9.8,0.0,0.0,0.0,,,,,,,,,,,,,,,,,,
,,,,,,,,,,,,,,,,,,,,,,,,,,,203.750,0.48,9.8,-0.2,0.0,9.8,0.0,0.0,0.0,,,,,,,,,,,,,,,,,,
,,,,,,,,,,,,,,,,,,,,,,,,,,,203.800,0.47,9.8,0.1,0.1,9.8,0.0,0.0,0.0,,,,,,,,,,,,,,,,,,
,,,,,,,,,,,,,,,,,,,,,,,,,,,203.850,0.47,9.8,-0.2,0.0,9.8,0.0,0.0,-6.1E-4,,,,,,,,,,,,,,,,,,
,,,,,,,,,,,,,,,,,,,,,,,,,,,203.900,0.46,9.8,0.1,0.0,9.8,0.0,0.0,0.0,,,,,,,,,,,,,,,,,,
,,,,,,,,,,,,,,,,,,,,,,,,,,,203.950,0.44,9.9,-0.2,0.0,9.9,0.0,0.0,0.0,,,,,,,,,,,,,,,,,,
,,,,,,,,,,,,,,,,,,,,,,,,,,,204.000,0.43,9.9,0.1,0.1,9.9,0.0,0.0,0.0,,,,,,,,,,,,,,,,,,
,,,,,,,,,,,,,,,,,,,,,,,,,,,204.050,0.46,9.8,-0.1,-0.2,9.8,0.0,0.0,0.0,,,,,,,,,,,,,,,,,,
,,,,,,,,,,,,,,,,,,,,,,,,,,,204.100,0.43,9.8,-0.4,0.2,9.9,0.0,0.0,0.0,,,,,,,,,,,,,,,,,,
,,,,,,,,,,,,,,,,,,,,,,,,,,,204.150,0.48,9.8,0.0,-0.1,9.8,-0.1,0.0,-6.1E-4,,,,,,,,,,,,,,,,,,
,,,,,,,,,,,,,,,,,,,,,,,,,,,204.200,0.44,9.9,0.1,0.1,9.9,0.0,0.0,0.0,,,,,,,,,,,,,,,,,,
,,,,,,,,,,,,,,,,,,,,,,,,,,,204.250,0.43,9.7,0.1,-0.1,9.7,0.1,0.0,0.0,,,,,,,,,,,,,,,,,,
,,,,,,,,,,,,,,,,,,,,,,,,,,,204.300,0.41,9.8,-0.1,0.2,9.8,0.0,0.0,0.0,,,,,,,,,,,,,,,,,,
,,,,,,,,,,,,,,,,,,,,,,,,,,,204.350,0.43,9.8,-0.2,0.0,9.8,0.0,0.0,0.0,,,,,,,,,,,,,,,,,,
,,,,,,,,,,,,,,,,,,,,,,,,,,,204.400,0.45,9.8,0.4,0.0,9.8,0.0,0.0,0.0,,,,,,,,,,,,,,,,,,
,,,,,,,,,,,,,,,,,,,,,,,,,,,204.450,0.41,9.9,-0.3,0.1,9.9,0.1,0.0,0.0,,,,,,,,,,,,,,,,,,
,,,,,,,,,,,,,,,,,,,,,,,,,,,204.500,0.41,9.8,-0.1,-0.1,9.8,0.0,0.0,0.0,,,,,,,,,,,,,,,,,,
,,,,,,,,,,,,,,,,,,,,,,,,,,,204.550,0.42,9.9,0.0,0.1,9.9,0.0,0.0,0.0,,,,,,,,,,,,,,,,,,
,,,,,,,,,,,,,,,,,,,,,,,,,,,204.600,0.42,9.8,-0.1,0.0,9.8,0.0,0.0,0.0,,,,,,,,,,,,,,,,,,
,,,,,,,,,,,,,,,,,,,,,,,,,,,204.650,0.44,9.8,0.0,-0.1,9.8,-0.1,0.0,0.0,,,,,,,,,,,,,,,,,,
,,,,,,,,,,,,,,,,,,,,,,,,,,,204.700,0.53,9.8,-0.3,0.1,9.8,0.0,0.0,-6.1E-4,,,,,,,,,,,,,,,,,,
,,,,,,,,,,,,,,,,,,,,,,,,,,,204.750,0.55,9.8,0.0,-0.1,9.8,0.0,0.0,6.1E-4,,,,,,,,,,,,,,,,,,
,,,,,,,,,,,,,,,,,,,,,,,,,,,204.800,0.52,9.8,0.0,0.0,9.8,0.0,0.0,-6.1E-4,,,,,,,,,,,,,,,,,,
,,,,,,,,,,,,,,,,,,,,,,,,,,,204.850,0.54,9.8,-0.4,0.0,9.8,0.0,0.0,0.0,,,,,,,,,,,,,,,,,,
,,,,,,,,,,,,,,,,,,,,,,,,,,,204.900,0.51,9.9,0.3,0.0,9.9,0.0,0.0,0.0,,,,,,,,,,,,,,,,,,
,,,,,,,,,,,,,,,,,,,,,,,,,,,204.950,0.48,9.9,-0.3,0.0,9.9,0.1,0.0,0.0,,,,,,,,,,,,,,,,,,
,,,,,,,,,,,,,,,,,,,,,,,,,,,205.000,0.49,9.8,-0.1,0.0,9.8,-0.1,0.0,0.0,,,,,,,,,,,,,,,,,,
,,,,,,,,,,,,,,,,,,,,,,,,,,,205.050,0.49,9.8,-0.3,-0.2,9.8,-0.1,0.0,0.0,,,,,,,,,,,,,,,,,,
,,,,,,,,,,,,,,,,,,,,,,,,,,,205.100,0.35,9.8,0.2,0.1,9.9,-0.1,0.0,0.0,,,,,,,,,,,,,,,,,,
,,,,,,,,,,,,,,,,,,,,,,,,,,,205.150,0.44,9.8,-0.3,0.2,9.8,0.0,-0.1,0.0,,,,,,,,,,,,,,,,,,
,,,,,,,,,,,,,,,,,,,,,,,,,,,205.200,0.54,9.9,-0.3,-0.1,9.9,-0.1,0.0,0.0,,,,,,,,,,,,,,,,,,
,,,,,,,,,,,,,,,,,,,,,,,,,,,205.250,0.51,9.7,0.2,-0.4,9.7,-0.1,0.0,0.0,,,,,,,,,,,,,,,,,,
,,,,,,,,,,,,,,,,,,,,,,,,,,,205.300,0.35,10.0,0.2,0.7,10.0,0.1,0.0,0.0,,,,,,,,,,,,,,,,,,
,,,,,,,,,,,,,,,,,,,,,,,,,,,205.350,0.45,10.0,-0.4,0.2,10.0,0.1,-0.1,0.0,,,,,,,,,,,,,,,,,,
,,,,,,,,,,,,,,,,,,,,,,,,,,,205.400,0.70,9.6,-0.1,-0.6,9.6,-0.1,-0.1,0.0,,,,,,,,,,,,,,,,,,
,,,,,,,,,,,,,,,,,,,,,,,,,,,205.450,0.52,10.0,0.3,0.1,10.0,0.0,0.0,0.0,,,,,,,,,,,,,,,,,,
,,,,,,,,,,,,,,,,,,,,,,,,,,,205.500,0.46,9.6,-0.5,-0.2,9.7,0.0,0.0,6.1E-4,,,,,,,,,,,,,,,,,,
,,,,,,,,,,,,,,,,,,,,,,,,,,,205.550,0.28,10.2,0.2,0.9,10.3,0.0,0.0,0.0,,,,,,,,,,,,,,,,,,
,,,,,,,,,,,,,,,,,,,,,,,,,,,205.600,0.43,9.6,-0.1,-0.3,9.6,0.0,0.0,0.0,,,,,,,,,,,,,,,,,,
,,,,,,,,,,,,,,,,,,,,,,,,,,,205.650,0.42,10.0,0.1,0.2,10.0,0.0,0.0,0.0,,,,,,,,,,,,,,,,,,
,,,,,,,,,,,,,,,,,,,,,,,,,,,205.700,0.54,9.8,-0.3,0.0,9.8,0.0,0.0,0.0,,,,,,,,,,,,,,,,,,
,,,,,,,,,,,,,,,,,,,,,,,,,,,205.750,0.60,9.8,-0.1,-0.2,9.8,-0.1,0.0,0.0,,,,,,,,,,,,,,,,,,
,,,,,,,,,,,,,,,,,,,,,,,,,,,205.800,0.58,9.8,0.0,-0.1,9.8,0.0,0.0,0.0,,,,,,,,,,,,,,,,,,
,,,,,,,,,,,,,,,,,,,,,,,,,,,205.850,0.39,9.8,0.3,-0.1,9.8,0.1,0.0,0.0,,,,,,,,,,,,,,,,,,
,,,,,,,,,,,,,,,,,,,,,,,,,,,205.900,0.36,9.9,-0.5,0.3,10.0,0.0,0.0,0.0,,,,,,,,,,,,,,,,,,
,,,,,,,,,,,,,,,,,,,,,,,,,,,205.950,0.40,9.7,-0.4,-0.1,9.7,-0.1,0.0,-6.1E-4,,,,,,,,,,,,,,,,,,
,,,,,,,,,,,,,,,,,,,,,,,,,,,206.000,0.35,9.9,0.5,0.0,9.9,0.0,0.0,0.0,,,,,,,,,,,,,,,,,,
,,,,,,,,,,,,,,,,,,,,,,,,,,,206.050,0.36,9.8,-0.4,-0.1,9.8,0.0,0.0,0.0,,,,,,,,,,,,,,,,,,
,,,,,,,,,,,,,,,,,,,,,,,,,,,206.100,0.33,9.9,-0.5,0.2,10.0,-0.1,0.0,0.0,,,,,,,,,,,,,,,,,,
,,,,,,,,,,,,,,,,,,,,,,,,,,,206.150,0.33,9.8,0.6,0.0,9.9,-0.1,0.0,0.0,,,,,,,,,,,,,,,,,,
,,,,,,,,,,,,,,,,,,,,,,,,,,,206.200,0.33,9.8,-0.4,0.1,9.9,0.0,0.0,0.0,,,,,,,,,,,,,,,,,,
,,,,,,,,,,,,,,,,,,,,,,,,,,,206.250,0.36,9.8,0.3,-0.1,9.8,0.0,0.0,0.0,,,,,,,,,,,,,,,,,,
,,,,,,,,,,,,,,,,,,,,,,,,,,,206.300,0.41,9.8,0.0,0.0,9.8,0.0,0.0,0.0,,,,,,,,,,,,,,,,,,
,,,,,,,,,,,,,,,,,,,,,,,,,,,206.350,0.37,9.8,-0.5,0.0,9.8,0.0,0.0,0.0,,,,,,,,,,,,,,,,,,
,,,,,,,,,,,,,,,,,,,,,,,,,,,206.400,0.34,9.8,0.2,0.0,9.8,0.0,0.0,0.0,,,,,,,,,,,,,,,,,,
,,,,,,,,,,,,,,,,,,,,,,,,,,,206.450,0.31,9.8,-0.2,0.0,9.8,0.0,0.0,0.0,,,,,,,,,,,,,,,,,,
,,,,,,,,,,,,,,,,,,,,,,,,,,,206.500,0.29,10.0,-0.2,0.2,10.0,0.0,0.0,0.0,,,,,,,,,,,,,,,,,,
,,,,,,,,,,,,,,,,,,,,,,,,,,,206.550,0.45,9.7,-0.5,-0.1,9.7,-0.1,0.0,0.0,,,,,,,,,,,,,,,,,,
,,,,,,,,,,,,,,,,,,,,,,,,,,,206.600,0.36,9.7,0.9,-0.1,9.8,-0.1,0.0,0.0,,,,,,,,,,,,,,,,,,
,,,,,,,,,,,,,,,,,,,,,,,,,,,206.650,0.39,10.0,-0.4,0.1,10.0,0.1,-0.1,0.0,,,,,,,,,,,,,,,,,,
,,,,,,,,,,,,,,,,,,,,,,,,,,,206.700,0.42,9.7,-0.1,-0.1,9.7,0.1,0.0,0.0,,,,,,,,,,,,,,,,,,
,,,,,,,,,,,,,,,,,,,,,,,,,,,206.750,0.56,9.9,-0.3,-0.1,9.9,-0.1,0.0,0.0,,,,,,,,,,,,,,,,,,
,,,,,,,,,,,,,,,,,,,,,,,,,,,206.800,0.50,9.7,-0.1,-0.2,9.7,-0.1,0.0,0.0,,,,,,,,,,,,,,,,,,
,,,,,,,,,,,,,,,,,,,,,,,,,,,206.850,0.31,10.0,0.1,0.2,10.0,0.0,0.0,0.0,,,,,,,,,,,,,,,,,,
,,,,,,,,,,,,,,,,,,,,,,,,,,,206.900,0.34,9.7,-0.6,0.1,9.7,0.1,0.0,0.0,,,,,,,,,,,,,,,,,,
,,,,,,,,,,,,,,,,,,,,,,,,,,,206.950,0.29,9.9,0.3,0.1,9.9,-0.1,0.0,0.0,,,,,,,,,,,,,,,,,,
,,,,,,,,,,,,,,,,,,,,,,,,,,,207.000,0.32,9.8,-0.3,0.0,9.8,0.0,0.0,0.0,,,,,,,,,,,,,,,,,,
,,,,,,,,,,,,,,,,,,,,,,,,,,,207.050,0.30,9.8,0.0,0.0,9.8,0.0,0.0,0.0,,,,,,,,,,,,,,,,,,
,,,,,,,,,,,,,,,,,,,,,,,,,,,207.100,0.26,9.9,0.1,-0.1,9.9,0.1,0.0,0.0,,,,,,,,,,,,,,,,,,
,,,,,,,,,,,,,,,,,,,,,,,,,,,207.150,0.27,9.8,-0.2,0.3,9.8,0.0,0.0,0.0,,,,,,,,,,,,,,,,,,
,,,,,,,,,,,,,,,,,,,,,,,,,,,207.200,0.28,9.8,0.1,-0.1,9.8,0.0,0.0,0.0,,,,,,,,,,,,,,,,,,
,,,,,,,,,,,,,,,,,,,,,,,,,,,207.250,0.25,9.9,0.2,0.1,9.9,0.1,0.0,0.0,,,,,,,,,,,,,,,,,,
,,,,,,,,,,,,,,,,,,,,,,,,,,,207.300,0.36,9.9,-0.8,0.0,9.9,0.0,0.0,0.0,,,,,,,,,,,,,,,,,,
,,,,,,,,,,,,,,,,,,,,,,,,,,,207.350,0.24,9.9,0.2,-0.3,9.9,-0.1,0.0,0.0,,,,,,,,,,,,,,,,,,
,,,,,,,,,,,,,,,,,,,,,,,,,,,207.400,0.36,9.8,0.4,0.2,9.8,0.0,-0.1,0.0,,,,,,,,,,,,,,,,,,
,,,,,,,,,,,,,,,,,,,,,,,,,,,207.450,0.27,9.8,-0.8,-0.1,9.8,0.0,0.0,0.0,,,,,,,,,,,,,,,,,,
,,,,,,,,,,,,,,,,,,,,,,,,,,,207.500,0.37,9.7,0.3,-0.1,9.7,0.0,0.0,0.0,,,,,,,,,,,,,,,,,,
,,,,,,,,,,,,,,,,,,,,,,,,,,,207.550,0.30,10.0,-0.2,0.4,10.0,-0.1,0.0,0.0,,,,,,,,,,,,,,,,,,
,,,,,,,,,,,,,,,,,,,,,,,,,,,207.600,0.37,9.7,0.1,-0.4,9.7,0.0,0.0,0.0,,,,,,,,,,,,,,,,,,
,,,,,,,,,,,,,,,,,,,,,,,,,,,207.650,0.29,10.0,-0.1,0.5,10.0,0.0,0.0,0.0,,,,,,,,,,,,,,,,,,
,,,,,,,,,,,,,,,,,,,,,,,,,,,207.700,0.38,9.6,-0.6,-0.6,9.6,-0.1,0.0,0.0,,,,,,,,,,,,,,,,,,
,,,,,,,,,,,,,,,,,,,,,,,,,,,207.750,0.26,10.1,0.4,0.9,10.2,-0.1,0.0,0.0,,,,,,,,,,,,,,,,,,
,,,,,,,,,,,,,,,,,,,,,,,,,,,207.800,0.43,9.4,0.0,-0.7,9.5,0.1,0.0,0.0,,,,,,,,,,,,,,,,,,
,,,,,,,,,,,,,,,,,,,,,,,,,,,207.850,0.29,10.1,-0.1,0.5,10.1,0.0,0.0,0.0,,,,,,,,,,,,,,,,,,
,,,,,,,,,,,,,,,,,,,,,,,,,,,207.900,0.38,9.6,-0.2,-0.3,9.6,0.1,0.0,0.0,,,,,,,,,,,,,,,,,,
,,,,,,,,,,,,,,,,,,,,,,,,,,,207.950,0.32,9.9,-0.2,0.3,9.9,0.0,0.0,0.0,,,,,,,,,,,,,,,,,,
,,,,,,,,,,,,,,,,,,,,,,,,,,,208.000,0.35,9.7,-0.2,-0.2,9.7,0.0,0.0,0.0,,,,,,,,,,,,,,,,,,
,,,,,,,,,,,,,,,,,,,,,,,,,,,208.050,0.34,9.9,0.2,0.2,9.9,0.0,0.0,0.0,,,,,,,,,,,,,,,,,,
,,,,,,,,,,,,,,,,,,,,,,,,,,,208.100,0.33,9.8,-0.4,-0.1,9.8,0.0,0.0,0.0,,,,,,,,,,,,,,,,,,
,,,,,,,,,,,,,,,,,,,,,,,,,,,208.150,0.35,9.8,0.2,0.1,9.8,0.0,0.0,0.0,,,,,,,,,,,,,,,,,,
,,,,,,,,,,,,,,,,,,,,,,,,,,,208.200,0.33,9.9,-0.2,-0.1,9.9,0.0,0.0,0.0,,,,,,,,,,,,,,,,,,
,,,,,,,,,,,,,,,,,,,,,,,,,,,208.250,0.35,9.8,-0.4,0.1,9.8,0.0,0.0,0.0,,,,,,,,,,,,,,,,,,
,,,,,,,,,,,,,,,,,,,,,,,,,,,208.300,0.33,9.9,0.1,0.0,9.9,-0.1,0.0,0.0,,,,,,,,,,,,,,,,,,
,,,,,,,,,,,,,,,,,,,,,,,,,,,208.350,0.33,9.8,-0.1,0.0,9.8,0.0,0.0,0.0,,,,,,,,,,,,,,,,,,
,,,,,,,,,,,,,,,,,,,,,,,,,,,208.400,0.39,9.7,-0.1,0.1,9.7,-0.1,0.0,0.0,,,,,,,,,,,,,,,,,,
,,,,,,,,,,,,,,,,,,,,,,,,,,,208.450,0.33,9.9,0.0,-0.1,9.9,0.0,0.0,0.0,,,,,,,,,,,,,,,,,,
,,,,,,,,,,,,,,,,,,,,,,,,,,,208.500,0.35,9.7,-0.1,0.0,9.7,0.0,0.0,0.0,,,,,,,,,,,,,,,,,,
,,,,,,,,,,,,,,,,,,,,,,,,,,,208.550,0.33,9.8,0.2,0.1,9.8,0.0,0.0,-6.1E-4,,,,,,,,,,,,,,,,,,
,,,,,,,,,,,,,,,,,,,,,,,,,,,208.600,0.32,10.0,-0.6,0.2,10.1,0.0,0.0,0.0,,,,,,,,,,,,,,,,,,
,,,,,,,,,,,,,,,,,,,,,,,,,,,208.650,0.35,9.5,0.2,-0.3,9.5,0.0,0.0,0.0,,,,,,,,,,,,,,,,,,
,,,,,,,,,,,,,,,,,,,,,,,,,,,208.700,0.33,10.0,0.1,0.2,10.0,0.0,0.0,0.0,,,,,,,,,,,,,,,,,,
,,,,,,,,,,,,,,,,,,,,,,,,,,,208.750,0.32,9.8,-0.7,0.0,9.8,0.0,0.0,0.0,,,,,,,,,,,,,,,,,,
,,,,,,,,,,,,,,,,,,,,,,,,,,,208.800,0.36,9.8,0.6,-0.1,9.8,-0.1,0.0,0.0,,,,,,,,,,,,,,,,,,
,,,,,,,,,,,,,,,,,,,,,,,,,,,208.850,0.32,9.8,-0.1,0.1,9.8,0.0,0.0,0.0,,,,,,,,,,,,,,,,,,
,,,,,,,,,,,,,,,,,,,,,,,,,,,208.900,0.36,9.8,-0.3,0.0,9.8,0.0,0.0,0.0,,,,,,,,,,,,,,,,,,
,,,,,,,,,,,,,,,,,,,,,,,,,,,208.950,0.30,9.9,0.2,0.0,9.9,0.1,0.0,0.0,,,,,,,,,,,,,,,,,,
,,,,,,,,,,,,,,,,,,,,,,,,,,,209.000,0.39,9.8,-0.6,0.0,9.8,0.0,0.0,0.0,,,,,,,,,,,,,,,,,,
,,,,,,,,,,,,,,,,,,,,,,,,,,,209.050,0.32,9.8,1.9E-4,0.1,9.8,0.0,0.0,0.0,,,,,,,,,,,,,,,,,,
,,,,,,,,,,,,,,,,,,,,,,,,,,,209.100,0.39,9.8,0.3,0.0,9.8,0.0,0.0,0.0,,,,,,,,,,,,,,,,,,
,,,,,,,,,,,,,,,,,,,,,,,,,,,209.150,0.32,9.9,-0.5,0.1,9.9,0.0,0.0,0.0,,,,,,,,,,,,,,,,,,
,,,,,,,,,,,,,,,,,,,,,,,,,,,209.200,0.37,9.8,0.2,-0.1,9.8,0.0,0.0,0.0,,,,,,,,,,,,,,,,,,
,,,,,,,,,,,,,,,,,,,,,,,,,,,209.250,0.30,9.9,-0.2,0.2,10.0,0.0,0.0,0.0,,,,,,,,,,,,,,,,,,
,,,,,,,,,,,,,,,,,,,,,,,,,,,209.300,0.36,9.7,-0.1,-0.2,9.7,0.0,0.0,0.0,,,,,,,,,,,,,,,,,,
,,,,,,,,,,,,,,,,,,,,,,,,,,,209.350,0.31,9.9,0.2,0.2,9.9,0.0,0.0,0.0,,,,,,,,,,,,,,,,,,
,,,,,,,,,,,,,,,,,,,,,,,,,,,209.400,0.36,9.7,-0.4,-0.1,9.7,0.0,0.0,0.0,,,,,,,,,,,,,,,,,,
,,,,,,,,,,,,,,,,,,,,,,,,,,,209.450,0.32,9.9,0.1,0.3,9.9,-0.1,0.0,0.0,,,,,,,,,,,,,,,,,,
,,,,,,,,,,,,,,,,,,,,,,,,,,,209.500,0.36,9.8,-0.1,-0.3,9.8,0.0,0.0,0.0,,,,,,,,,,,,,,,,,,
,,,,,,,,,,,,,,,,,,,,,,,,,,,209.550,0.33,9.9,-0.1,0.4,9.9,0.0,0.0,0.0,,,,,,,,,,,,,,,,,,
,,,,,,,,,,,,,,,,,,,,,,,,,,,209.600,0.36,9.7,-0.2,-0.2,9.7,0.0,0.0,0.0,,,,,,,,,,,,,,,,,,
,,,,,,,,,,,,,,,,,,,,,,,,,,,209.650,0.32,9.9,0.1,0.2,9.9,0.0,0.0,0.0,,,,,,,,,,,,,,,,,,
,,,,,,,,,,,,,,,,,,,,,,,,,,,209.700,0.35,9.7,-0.3,-0.1,9.7,0.0,0.0,0.0,,,,,,,,,,,,,,,,,,
,,,,,,,,,,,,,,,,,,,,,,,,,,,209.750,0.33,9.9,0.0,0.1,9.9,0.0,0.0,0.0,,,,,,,,,,,,,,,,,,
,,,,,,,,,,,,,,,,,,,,,,,,,,,209.800,0.34,9.8,0.1,0.0,9.8,0.0,0.0,0.0,,,,,,,,,,,,,,,,,,
,,,,,,,,,,,,,,,,,,,,,,,,,,,209.850,0.34,9.9,-0.4,0.1,9.9,0.0,0.0,0.0,,,,,,,,,,,,,,,,,,
,,,,,,,,,,,,,,,,,,,,,,,,,,,209.900,0.34,9.8,-0.1,0.0,9.8,-0.1,0.0,0.0,,,,,,,,,,,,,,,,,,
,,,,,,,,,,,,,,,,,,,,,,,,,,,209.950,0.34,9.9,-0.1,-0.1,9.9,0.0,0.0,0.0,,,,,,,,,,,,,,,,,,
,,,,,,,,,,,,,,,,,,,,,,,,,,,210.000,0.32,9.8,-0.1,0.2,9.8,0.0,0.0,0.0,,,,,,,,,,,,,,,,,,
,,,,,,,,,,,,,,,,,,,,,,,,,,,210.050,0.35,9.9,0.0,-0.1,9.9,0.0,0.0,0.0,,,,,,,,,,,,,,,,,,
,,,,,,,,,,,,,,,,,,,,,,,,,,,210.100,0.29,9.9,-0.2,0.1,9.9,0.0,0.0,0.0,,,,,,,,,,,,,,,,,,
,,,,,,,,,,,,,,,,,,,,,,,,,,,210.150,0.35,9.8,-0.1,-0.1,9.8,0.0,0.0,0.0,,,,,,,,,,,,,,,,,,
,,,,,,,,,,,,,,,,,,,,,,,,,,,210.200,0.30,9.9,-0.2,0.2,9.9,0.0,0.0,-6.1E-4,,,,,,,,,,,,,,,,,,
,,,,,,,,,,,,,,,,,,,,,,,,,,,210.250,0.36,9.7,0.1,-0.1,9.7,0.0,0.0,0.0,,,,,,,,,,,,,,,,,,
,,,,,,,,,,,,,,,,,,,,,,,,,,,210.300,0.31,9.9,0.0,0.2,9.9,0.0,0.0,0.0,,,,,,,,,,,,,,,,,,
,,,,,,,,,,,,,,,,,,,,,,,,,,,210.350,0.36,9.6,-0.1,-0.2,9.7,0.0,0.0,0.0,,,,,,,,,,,,,,,,,,
,,,,,,,,,,,,,,,,,,,,,,,,,,,210.400,0.31,10.0,0.0,0.2,10.0,0.0,0.0,0.0,,,,,,,,,,,,,,,,,,
,,,,,,,,,,,,,,,,,,,,,,,,,,,210.450,0.35,9.7,-0.2,-0.2,9.7,0.0,0.0,0.0,,,,,,,,,,,,,,,,,,
,,,,,,,,,,,,,,,,,,,,,,,,,,,210.500,0.32,9.9,0.0,0.2,9.9,-0.1,0.0,0.0,,,,,,,,,,,,,,,,,,
,,,,,,,,,,,,,,,,,,,,,,,,,,,210.550,0.35,9.7,-0.1,-0.1,9.7,-1.2E-4,0.0,0.0,,,,,,,,,,,,,,,,,,
,,,,,,,,,,,,,,,,,,,,,,,,,,,210.600,0.32,9.9,0.1,0.1,9.9,0.0,0.0,0.0,,,,,,,,,,,,,,,,,,
,,,,,,,,,,,,,,,,,,,,,,,,,,,210.650,0.35,9.7,-0.4,-0.1,9.7,0.0,0.0,0.0,,,,,,,,,,,,,,,,,,
,,,,,,,,,,,,,,,,,,,,,,,,,,,210.700,0.31,9.9,0.2,0.2,9.9,0.0,0.0,0.0,,,,,,,,,,,,,,,,,,
,,,,,,,,,,,,,,,,,,,,,,,,,,,210.750,0.34,9.8,-0.1,-0.1,9.8,0.0,0.0,0.0,,,,,,,,,,,,,,,,,,
,,,,,,,,,,,,,,,,,,,,,,,,,,,210.800,0.31,9.9,-0.2,0.2,9.9,0.0,0.0,6.1E-4,,,,,,,,,,,,,,,,,,
,,,,,,,,,,,,,,,,,,,,,,,,,,,210.850,0.34,9.8,0.0,-0.1,9.8,0.0,0.0,0.0,,,,,,,,,,,,,,,,,,
,,,,,,,,,,,,,,,,,,,,,,,,,,,210.900,0.31,10.0,-0.1,0.2,10.0,0.0,0.0,0.0,,,,,,,,,,,,,,,,,,
,,,,,,,,,,,,,,,,,,,,,,,,,,,210.950,0.32,9.7,-0.2,-0.1,9.7,0.0,0.0,0.0,,,,,,,,,,,,,,,,,,
,,,,,,,,,,,,,,,,,,,,,,,,,,,211.000,0.31,9.9,0.1,0.1,9.9,0.0,0.0,0.0,,,,,,,,,,,,,,,,,,
,,,,,,,,,,,,,,,,,,,,,,,,,,,211.050,0.31,9.8,-0.1,0.0,9.8,0.0,0.0,0.0,,,,,,,,,,,,,,,,,,
,,,,,,,,,,,,,,,,,,,,,,,,,,,211.100,0.34,9.8,-0.1,0.1,9.8,0.0,0.0,0.0,,,,,,,,,,,,,,,,,,
,,,,,,,,,,,,,,,,,,,,,,,,,,,211.150,0.31,9.8,-0.1,0.1,9.8,0.0,0.0,0.0,,,,,,,,,,,,,,,,,,
,,,,,,,,,,,,,,,,,,,,,,,,,,,211.200,0.34,9.8,-0.1,0.0,9.8,0.0,0.0,0.0,,,,,,,,,,,,,,,,,,
,,,,,,,,,,,,,,,,,,,,,,,,,,,211.250,0.32,9.8,-0.1,0.1,9.8,0.0,0.0,0.0,,,,,,,,,,,,,,,,,,
,,,,,,,,,,,,,,,,,,,,,,,,,,,211.300,0.35,9.8,-0.1,-0.1,9.8,0.0,0.0,0.0,,,,,,,,,,,,,,,,,,
,,,,,,,,,,,,,,,,,,,,,,,,,,,211.350,0.33,9.8,-0.1,0.0,9.8,0.0,0.0,0.0,,,,,,,,,,,,,,,,,,
,,,,,,,,,,,,,,,,,,,,,,,,,,,211.400,0.32,9.9,0.0,0.1,9.9,0.0,0.0,0.0,,,,,,,,,,,,,,,,,,
,,,,,,,,,,,,,,,,,,,,,,,,,,,211.450,0.34,9.8,-0.2,-0.1,9.8,0.0,0.0,0.0,,,,,,,,,,,,,,,,,,
,,,,,,,,,,,,,,,,,,,,,,,,,,,211.500,0.32,9.9,0.0,0.1,9.9,0.0,0.0,0.0,,,,,,,,,,,,,,,,,,
,,,,,,,,,,,,,,,,,,,,,,,,,,,211.550,0.33,9.8,-0.1,0.0,9.8,0.0,0.0,0.0,,,,,,,,,,,,,,,,,,
,,,,,,,,,,,,,,,,,,,,,,,,,,,211.600,0.33,9.9,-0.1,0.1,9.9,0.0,0.0,0.0,,,,,,,,,,,,,,,,,,
,,,,,,,,,,,,,,,,,,,,,,,,,,,211.650,0.33,9.8,0.0,-0.1,9.8,0.0,0.0,0.0,,,,,,,,,,,,,,,,,,
,,,,,,,,,,,,,,,,,,,,,,,,,,,211.700,0.32,9.9,-0.1,0.1,9.9,0.0,0.0,0.0,,,,,,,,,,,,,,,,,,
,,,,,,,,,,,,,,,,,,,,,,,,,,,211.750,0.32,9.8,-0.1,0.0,9.8,0.0,0.0,0.0,,,,,,,,,,,,,,,,,,
,,,,,,,,,,,,,,,,,,,,,,,,,,,211.800,0.32,9.9,-0.1,0.0,9.9,0.0,0.0,0.0,,,,,,,,,,,,,,,,,,
,,,,,,,,,,,,,,,,,,,,,,,,,,,211.850,0.31,9.8,0.0,0.1,9.8,0.0,0.0,0.0,,,,,,,,,,,,,,,,,,
,,,,,,,,,,,,,,,,,,,,,,,,,,,211.900,0.32,9.8,0.0,0.0,9.8,0.0,0.0,0.0,,,,,,,,,,,,,,,,,,
,,,,,,,,,,,,,,,,,,,,,,,,,,,211.950,0.31,9.9,-0.2,0.1,9.9,0.0,0.0,0.0,,,,,,,,,,,,,,,,,,
,,,,,,,,,,,,,,,,,,,,,,,,,,,212.000,0.34,9.8,0.0,0.0,9.8,0.0,0.0,0.0,,,,,,,,,,,,,,,,,,
,,,,,,,,,,,,,,,,,,,,,,,,,,,212.050,0.31,9.9,-0.1,0.1,9.9,0.0,0.0,0.0,,,,,,,,,,,,,,,,,,
,,,,,,,,,,,,,,,,,,,,,,,,,,,212.100,0.32,9.8,-0.1,0.0,9.8,0.0,0.0,6.1E-4,,,,,,,,,,,,,,,,,,
,,,,,,,,,,,,,,,,,,,,,,,,,,,212.150,0.31,9.9,-0.1,0.1,9.9,0.0,0.0,0.0,,,,,,,,,,,,,,,,,,
,,,,,,,,,,,,,,,,,,,,,,,,,,,212.200,0.32,9.8,0.0,0.0,9.8,0.0,0.0,0.0,,,,,,,,,,,,,,,,,,
,,,,,,,,,,,,,,,,,,,,,,,,,,,212.250,0.32,9.9,-0.1,0.0,9.9,0.0,0.0,0.0,,,,,,,,,,,,,,,,,,
,,,,,,,,,,,,,,,,,,,,,,,,,,,212.300,0.32,9.9,-0.2,0.2,9.9,0.0,0.0,0.0,,,,,,,,,,,,,,,,,,
,,,,,,,,,,,,,,,,,,,,,,,,,,,212.350,0.33,9.8,0.0,-0.1,9.8,0.0,0.0,-6.1E-4,,,,,,,,,,,,,,,,,,
,,,,,,,,,,,,,,,,,,,,,,,,,,,212.400,0.31,9.9,0.1,0.2,9.9,0.0,0.0,0.0,,,,,,,,,,,,,,,,,,
,,,,,,,,,,,,,,,,,,,,,,,,,,,212.450,0.35,9.8,-0.3,-0.1,9.8,0.0,0.0,0.0,,,,,,,,,,,,,,,,,,
,,,,,,,,,,,,,,,,,,,,,,,,,,,212.500,0.34,9.9,0.0,0.0,9.9,0.0,0.0,0.0,,,,,,,,,,,,,,,,,,
,,,,,,,,,,,,,,,,,,,,,,,,,,,212.550,0.34,9.8,-0.1,0.0,9.8,0.0,0.0,0.0,,,,,,,,,,,,,,,,,,
,,,,,,,,,,,,,,,,,,,,,,,,,,,212.600,0.31,9.9,0.1,0.2,9.9,0.0,0.0,0.0,,,,,,,,,,,,,,,,,,
,,,,,,,,,,,,,,,,,,,,,,,,,,,212.650,0.34,9.8,-0.1,-0.1,9.8,0.0,0.0,0.0,,,,,,,,,,,,,,,,,,
,,,,,,,,,,,,,,,,,,,,,,,,,,,212.700,0.31,9.9,0.0,0.1,9.9,0.0,0.0,6.1E-4,,,,,,,,,,,,,,,,,,
,,,,,,,,,,,,,,,,,,,,,,,,,,,212.750,0.35,9.8,-0.2,-0.1,9.8,0.0,0.0,0.0,,,,,,,,,,,,,,,,,,
,,,,,,,,,,,,,,,,,,,,,,,,,,,212.800,0.31,9.9,0.0,0.1,9.9,0.0,0.0,0.0,,,,,,,,,,,,,,,,,,
,,,,,,,,,,,,,,,,,,,,,,,,,,,212.850,0.32,9.9,0.0,0.1,9.9,0.0,0.0,-6.1E-4,,,,,,,,,,,,,,,,,,
,,,,,,,,,,,,,,,,,,,,,,,,,,,212.900,0.33,9.8,-0.2,0.0,9.8,0.0,0.0,6.1E-4,,,,,,,,,,,,,,,,,,
,,,,,,,,,,,,,,,,,,,,,,,,,,,212.950,0.33,9.9,-0.2,0.1,9.9,0.0,0.0,6.1E-4,,,,,,,,,,,,,,,,,,
,,,,,,,,,,,,,,,,,,,,,,,,,,,213.000,0.33,9.8,0.1,0.0,9.8,0.0,0.0,0.0,,,,,,,,,,,,,,,,,,
,,,,,,,,,,,,,,,,,,,,,,,,,,,213.050,0.34,9.9,-0.1,0.1,9.9,0.0,0.0,0.0,,,,,,,,,,,,,,,,,,
,,,,,,,,,,,,,,,,,,,,,,,,,,,213.100,0.31,9.8,-0.2,0.0,9.8,0.1,0.0,0.0,,,,,,,,,,,,,,,,,,
,,,,,,,,,,,,,,,,,,,,,,,,,,,213.150,0.36,9.8,0.2,0.0,9.8,0.0,0.0,0.0,,,,,,,,,,,,,,,,,,
,,,,,,,,,,,,,,,,,,,,,,,,,,,213.200,0.29,9.9,-0.4,0.0,9.9,0.0,0.0,0.0,,,,,,,,,,,,,,,,,,
,,,,,,,,,,,,,,,,,,,,,,,,,,,213.250,0.34,9.7,0.2,0.0,9.7,0.0,0.0,6.1E-4,,,,,,,,,,,,,,,,,,
,,,,,,,,,,,,,,,,,,,,,,,,,,,213.300,0.30,9.9,-0.3,0.1,9.9,0.0,0.0,0.0,,,,,,,,,,,,,,,,,,
,,,,,,,,,,,,,,,,,,,,,,,,,,,213.350,0.32,9.8,-0.1,0.0,9.8,0.0,0.0,0.0,,,,,,,,,,,,,,,,,,
,,,,,,,,,,,,,,,,,,,,,,,,,,,213.400,0.33,9.9,0.1,0.1,9.9,0.0,0.0,0.0,,,,,,,,,,,,,,,,,,
,,,,,,,,,,,,,,,,,,,,,,,,,,,213.450,0.32,9.8,-0.3,0.0,9.8,0.0,0.0,0.0,,,,,,,,,,,,,,,,,,
,,,,,,,,,,,,,,,,,,,,,,,,,,,213.500,0.33,9.8,0.2,0.1,9.8,0.0,0.0,0.0,,,,,,,,,,,,,,,,,,
,,,,,,,,,,,,,,,,,,,,,,,,,,,213.550,0.33,9.9,-0.3,0.0,9.9,0.0,0.0,0.0,,,,,,,,,,,,,,,,,,
,,,,,,,,,,,,,,,,,,,,,,,,,,,213.600,0.32,9.8,0.0,0.1,9.8,0.0,0.0,0.0,,,,,,,,,,,,,,,,,,
,,,,,,,,,,,,,,,,,,,,,,,,,,,213.650,0.32,9.8,-0.1,0.0,9.8,0.0,0.0,0.0,,,,,,,,,,,,,,,,,,
,,,,,,,,,,,,,,,,,,,,,,,,,,,213.700,0.31,9.9,-0.1,0.1,9.9,0.0,0.0,0.0,,,,,,,,,,,,,,,,,,
,,,,,,,,,,,,,,,,,,,,,,,,,,,213.750,0.34,9.8,1.9E-4,0.0,9.8,0.0,0.0,0.0,,,,,,,,,,,,,,,,,,
,,,,,,,,,,,,,,,,,,,,,,,,,,,213.800,0.32,9.8,-0.2,0.1,9.8,0.0,0.0,0.0,,,,,,,,,,,,,,,,,,
,,,,,,,,,,,,,,,,,,,,,,,,,,,213.850,0.34,9.8,0.0,0.0,9.8,0.0,0.0,6.1E-4,,,,,,,,,,,,,,,,,,
,,,,,,,,,,,,,,,,,,,,,,,,,,,213.900,0.33,9.8,-0.1,0.0,9.8,0.0,0.0,6.1E-4,,,,,,,,,,,,,,,,,,
,,,,,,,,,,,,,,,,,,,,,,,,,,,213.950,0.31,9.8,-0.1,0.1,9.8,0.0,0.0,0.0,,,,,,,,,,,,,,,,,,
,,,,,,,,,,,,,,,,,,,,,,,,,,,214.000,0.33,9.8,-0.1,0.0,9.8,0.0,0.0,0.0,,,,,,,,,,,,,,,,,,
,,,,,,,,,,,,,,,,,,,,,,,,,,,214.050,0.31,9.9,0.0,0.0,9.9,0.0,0.0,0.0,,,,,,,,,,,,,,,,,,
,,,,,,,,,,,,,,,,,,,,,,,,,,,214.100,0.32,9.8,-0.2,0.0,9.8,0.0,0.0,0.0,,,,,,,,,,,,,,,,,,
,,,,,,,,,,,,,,,,,,,,,,,,,,,214.150,0.31,9.9,0.0,0.1,9.9,0.0,0.0,-6.1E-4,,,,,,,,,,,,,,,,,,
,,,,,,,,,,,,,,,,,,,,,,,,,,,214.200,0.33,9.8,0.0,-0.1,9.8,0.0,0.0,0.0,,,,,,,,,,,,,,,,,,
,,,,,,,,,,,,,,,,,,,,,,,,,,,214.250,0.31,9.9,-0.2,0.2,9.9,0.0,0.0,-6.1E-4,,,,,,,,,,,,,,,,,,
,,,,,,,,,,,,,,,,,,,,,,,,,,,214.300,0.32,9.8,-0.1,-0.1,9.8,0.0,0.0,0.0,,,,,,,,,,,,,,,,,,
,,,,,,,,,,,,,,,,,,,,,,,,,,,214.350,0.33,9.8,0.1,0.1,9.8,0.0,0.0,0.0,,,,,,,,,,,,,,,,,,
,,,,,,,,,,,,,,,,,,,,,,,,,,,214.400,0.32,9.8,-0.3,0.0,9.9,0.0,0.0,0.0,,,,,,,,,,,,,,,,,,
,,,,,,,,,,,,,,,,,,,,,,,,,,,214.450,0.31,9.8,0.1,0.0,9.8,0.0,0.0,0.0,,,,,,,,,,,,,,,,,,
,,,,,,,,,,,,,,,,,,,,,,,,,,,214.500,0.31,9.8,-0.1,0.0,9.8,0.0,0.0,6.1E-4,,,,,,,,,,,,,,,,,,
,,,,,,,,,,,,,,,,,,,,,,,,,,,214.550,0.33,9.8,-0.1,0.0,9.8,0.0,0.0,0.0,,,,,,,,,,,,,,,,,,
,,,,,,,,,,,,,,,,,,,,,,,,,,,214.600,0.31,9.8,-0.1,0.0,9.8,0.0,0.0,0.0,,,,,,,,,,,,,,,,,,
,,,,,,,,,,,,,,,,,,,,,,,,,,,214.650,0.32,9.8,-0.1,0.0,9.8,0.0,0.0,0.0,,,,,,,,,,,,,,,,,,
,,,,,,,,,,,,,,,,,,,,,,,,,,,214.700,0.31,9.9,0.0,0.1,9.9,0.0,0.0,0.0,,,,,,,,,,,,,,,,,,
,,,,,,,,,,,,,,,,,,,,,,,,,,,214.750,0.32,9.8,-0.1,0.0,9.8,0.0,0.0,0.0,,,,,,,,,,,,,,,,,,
,,,,,,,,,,,,,,,,,,,,,,,,,,,214.800,0.32,9.8,0.0,0.1,9.8,0.0,0.0,-6.1E-4,,,,,,,,,,,,,,,,,,
,,,,,,,,,,,,,,,,,,,,,,,,,,,214.850,0.33,9.8,-0.2,0.0,9.8,0.0,0.0,-6.1E-4,,,,,,,,,,,,,,,,,,
,,,,,,,,,,,,,,,,,,,,,,,,,,,214.900,0.31,9.9,0.0,0.1,9.9,0.0,0.0,0.0,,,,,,,,,,,,,,,,,,
,,,,,,,,,,,,,,,,,,,,,,,,,,,214.950,0.34,9.8,0.0,-0.1,9.8,0.0,0.0,0.0,,,,,,,,,,,,,,,,,,
,,,,,,,,,,,,,,,,,,,,,,,,,,,215.000,0.32,9.8,-0.2,0.1,9.8,0.0,0.0,0.0,,,,,,,,,,,,,,,,,,
,,,,,,,,,,,,,,,,,,,,,,,,,,,215.050,0.33,9.8,0.0,0.0,9.8,0.0,0.0,0.0,,,,,,,,,,,,,,,,,,
,,,,,,,,,,,,,,,,,,,,,,,,,,,215.100,0.31,9.9,0.0,0.0,9.9,0.0,0.0,6.1E-4,,,,,,,,,,,,,,,,,,
,,,,,,,,,,,,,,,,,,,,,,,,,,,215.150,0.32,9.8,-0.1,0.0,9.8,0.0,0.0,-6.1E-4,,,,,,,,,,,,,,,,,,
,,,,,,,,,,,,,,,,,,,,,,,,,,,215.200,0.33,9.8,-0.1,0.0,9.8,0.0,0.0,0.0,,,,,,,,,,,,,,,,,,
,,,,,,,,,,,,,,,,,,,,,,,,,,,215.250,0.30,9.8,0.0,0.0,9.8,0.0,0.0,0.0,,,,,,,,,,,,,,,,,,
,,,,,,,,,,,,,,,,,,,,,,,,,,,215.300,0.33,9.8,0.0,0.0,9.8,0.0,0.0,0.0,,,,,,,,,,,,,,,,,,
,,,,,,,,,,,,,,,,,,,,,,,,,,,215.350,0.31,9.8,-0.1,0.0,9.8,0.0,0.0,0.0,,,,,,,,,,,,,,,,,,
,,,,,,,,,,,,,,,,,,,,,,,,,,,215.400,0.33,9.8,-0.1,-0.1,9.8,0.0,0.0,-6.1E-4,,,,,,,,,,,,,,,,,,
,,,,,,,,,,,,,,,,,,,,,,,,,,,215.450,0.30,9.8,-0.1,0.1,9.8,0.0,0.0,-6.1E-4,,,,,,,,,,,,,,,,,,
,,,,,,,,,,,,,,,,,,,,,,,,,,,215.500,0.30,9.8,0.0,0.0,9.8,0.0,0.0,6.1E-4,,,,,,,,,,,,,,,,,,
,,,,,,,,,,,,,,,,,,,,,,,,,,,215.550,0.31,9.8,0.0,0.1,9.8,0.0,0.0,-6.1E-4,,,,,,,,,,,,,,,,,,
,,,,,,,,,,,,,,,,,,,,,,,,,,,215.600,0.32,9.8,-0.2,0.0,9.8,0.0,0.0,0.0,,,,,,,,,,,,,,,,,,
,,,,,,,,,,,,,,,,,,,,,,,,,,,215.650,0.31,9.8,0.1,0.1,9.8,0.0,0.0,6.1E-4,,,,,,,,,,,,,,,,,,
,,,,,,,,,,,,,,,,,,,,,,,,,,,215.700,0.33,9.8,-0.1,0.0,9.8,0.0,0.0,6.1E-4,,,,,,,,,,,,,,,,,,
,,,,,,,,,,,,,,,,,,,,,,,,,,,215.750,0.33,9.8,-0.2,0.0,9.8,0.0,0.0,0.0,,,,,,,,,,,,,,,,,,
,,,,,,,,,,,,,,,,,,,,,,,,,,,215.800,0.33,9.8,0.0,0.0,9.8,0.0,0.0,0.0,,,,,,,,,,,,,,,,,,
,,,,,,,,,,,,,,,,,,,,,,,,,,,215.850,0.32,9.8,1.9E-4,0.0,9.8,0.0,0.0,0.0,,,,,,,,,,,,,,,,,,
,,,,,,,,,,,,,,,,,,,,,,,,,,,215.900,0.32,9.8,-0.1,0.0,9.8,0.0,0.0,0.0,,,,,,,,,,,,,,,,,,
,,,,,,,,,,,,,,,,,,,,,,,,,,,215.950,0.34,9.8,-0.1,0.0,9.8,0.0,0.0,0.0,,,,,,,,,,,,,,,,,,
,,,,,,,,,,,,,,,,,,,,,,,,,,,216.000,0.33,9.8,0.0,0.1,9.8,0.0,0.0,6.1E-4,,,,,,,,,,,,,,,,,,
,,,,,,,,,,,,,,,,,,,,,,,,,,,216.050,0.34,9.8,-0.2,0.0,9.8,0.0,0.0,-6.1E-4,,,,,,,,,,,,,,,,,,
,,,,,,,,,,,,,,,,,,,,,,,,,,,216.100,0.33,9.9,0.0,0.1,9.9,0.0,0.0,-6.1E-4,,,,,,,,,,,,,,,,,,
,,,,,,,,,,,,,,,,,,,,,,,,,,,216.150,0.34,9.8,0.0,-0.1,9.8,0.0,0.0,0.0,,,,,,,,,,,,,,,,,,
,,,,,,,,,,,,,,,,,,,,,,,,,,,216.200,0.33,9.8,-0.1,0.1,9.8,0.0,0.0,-6.1E-4,,,,,,,,,,,,,,,,,,
,,,,,,,,,,,,,,,,,,,,,,,,,,,216.250,0.35,9.8,-0.1,-0.1,9.8,0.0,0.0,6.1E-4,,,,,,,,,,,,,,,,,,
,,,,,,,,,,,,,,,,,,,,,,,,,,,216.300,0.32,9.9,0.0,0.1,9.9,0.0,0.0,0.0,,,,,,,,,,,,,,,,,,
,,,,,,,,,,,,,,,,,,,,,,,,,,,216.350,0.33,9.8,0.0,0.0,9.8,-1.2E-4,0.0,6.1E-4,,,,,,,,,,,,,,,,,,
,,,,,,,,,,,,,,,,,,,,,,,,,,,216.400,0.33,9.8,-0.1,0.0,9.8,0.0,0.0,-6.1E-4,,,,,,,,,,,,,,,,,,
,,,,,,,,,,,,,,,,,,,,,,,,,,,216.450,0.33,9.8,-0.1,0.0,9.8,0.0,0.0,0.0,,,,,,,,,,,,,,,,,,
,,,,,,,,,,,,,,,,,,,,,,,,,,,216.500,0.33,9.8,-0.1,0.0,9.8,0.0,0.0,0.0,,,,,,,,,,,,,,,,,,
,,,,,,,,,,,,,,,,,,,,,,,,,,,216.550,0.32,9.9,0.0,0.1,9.9,0.0,0.0,0.0,,,,,,,,,,,,,,,,,,
,,,,,,,,,,,,,,,,,,,,,,,,,,,216.600,0.34,9.8,0.0,0.0,9.8,0.0,0.0,0.0,,,,,,,,,,,,,,,,,,
,,,,,,,,,,,,,,,,,,,,,,,,,,,216.650,0.32,9.9,-0.1,0.0,9.9,0.0,0.0,0.0,,,,,,,,,,,,,,,,,,
,,,,,,,,,,,,,,,,,,,,,,,,,,,216.700,0.33,9.8,0.0,-0.1,9.8,0.0,0.0,0.0,,,,,,,,,,,,,,,,,,
,,,,,,,,,,,,,,,,,,,,,,,,,,,216.750,0.31,9.8,-0.1,0.1,9.8,0.0,0.0,-6.1E-4,,,,,,,,,,,,,,,,,,
,,,,,,,,,,,,,,,,,,,,,,,,,,,216.800,0.31,9.8,0.0,0.0,9.8,0.0,0.0,0.0,,,,,,,,,,,,,,,,,,
,,,,,,,,,,,,,,,,,,,,,,,,,,,216.850,0.32,9.9,-0.1,-0.1,9.9,0.0,0.0,0.0,,,,,,,,,,,,,,,,,,
,,,,,,,,,,,,,,,,,,,,,,,,,,,216.900,0.31,9.8,-0.1,0.1,9.8,0.0,0.0,0.0,,,,,,,,,,,,,,,,,,
,,,,,,,,,,,,,,,,,,,,,,,,,,,216.950,0.31,9.8,-0.2,0.0,9.8,0.0,0.0,0.0,,,,,,,,,,,,,,,,,,
,,,,,,,,,,,,,,,,,,,,,,,,,,,217.000,0.31,9.8,0.1,0.0,9.8,0.0,0.0,0.0,,,,,,,,,,,,,,,,,,
,,,,,,,,,,,,,,,,,,,,,,,,,,,217.050,0.32,9.8,-0.1,-0.1,9.8,0.0,0.0,0.0,,,,,,,,,,,,,,,,,,
,,,,,,,,,,,,,,,,,,,,,,,,,,,217.100,0.29,9.9,-0.3,0.2,9.9,0.0,0.0,0.0,,,,,,,,,,,,,,,,,,
,,,,,,,,,,,,,,,,,,,,,,,,,,,217.150,0.31,9.8,0.0,-0.1,9.8,0.0,0.0,0.0,,,,,,,,,,,,,,,,,,
,,,,,,,,,,,,,,,,,,,,,,,,,,,217.200,0.30,9.9,0.1,0.1,9.9,0.0,0.0,-6.1E-4,,,,,,,,,,,,,,,,,,
,,,,,,,,,,,,,,,,,,,,,,,,,,,217.250,0.31,9.8,-0.2,0.0,9.8,0.0,0.0,0.0,,,,,,,,,,,,,,,,,,
,,,,,,,,,,,,,,,,,,,,,,,,,,,217.300,0.31,9.8,-0.1,0.0,9.8,0.0,0.0,6.1E-4,,,,,,,,,,,,,,,,,,
,,,,,,,,,,,,,,,,,,,,,,,,,,,217.350,0.29,9.8,0.1,0.0,9.8,0.0,0.0,0.0,,,,,,,,,,,,,,,,,,
,,,,,,,,,,,,,,,,,,,,,,,,,,,217.400,0.32,9.8,-0.2,0.0,9.8,0.0,0.0,0.0,,,,,,,,,,,,,,,,,,
,,,,,,,,,,,,,,,,,,,,,,,,,,,217.450,0.31,9.8,-0.1,0.0,9.8,0.0,0.0,0.0,,,,,,,,,,,,,,,,,,
,,,,,,,,,,,,,,,,,,,,,,,,,,,217.500,0.31,9.8,0.0,0.0,9.8,0.0,0.0,0.0,,,,,,,,,,,,,,,,,,
,,,,,,,,,,,,,,,,,,,,,,,,,,,217.550,0.30,9.9,-0.2,0.1,9.9,0.0,0.0,0.0,,,,,,,,,,,,,,,,,,
,,,,,,,,,,,,,,,,,,,,,,,,,,,217.600,0.31,9.8,0.0,0.0,9.8,0.0,0.0,6.1E-4,,,,,,,,,,,,,,,,,,
,,,,,,,,,,,,,,,,,,,,,,,,,,,217.650,0.30,9.9,0.0,0.0,9.9,0.0,0.0,0.0,,,,,,,,,,,,,,,,,,
,,,,,,,,,,,,,,,,,,,,,,,,,,,217.700,0.31,9.8,-0.2,0.0,9.8,0.0,0.0,0.0,,,,,,,,,,,,,,,,,,
,,,,,,,,,,,,,,,,,,,,,,,,,,,217.750,0.32,9.8,0.0,0.0,9.8,0.0,0.0,0.0,,,,,,,,,,,,,,,,,,
,,,,,,,,,,,,,,,,,,,,,,,,,,,217.800,0.31,9.9,1.9E-4,0.0,9.9,0.0,0.0,0.0,,,,,,,,,,,,,,,,,,
,,,,,,,,,,,,,,,,,,,,,,,,,,,217.850,0.31,9.8,0.0,0.1,9.8,-1.2E-4,0.0,-6.1E-4,,,,,,,,,,,,,,,,,,
,,,,,,,,,,,,,,,,,,,,,,,,,,,217.900,0.32,9.8,-0.2,0.0,9.8,0.0,0.0,6.1E-4,,,,,,,,,,,,,,,,,,
,,,,,,,,,,,,,,,,,,,,,,,,,,,217.950,0.32,9.8,-0.1,0.0,9.8,0.0,0.0,0.0,,,,,,,,,,,,,,,,,,
,,,,,,,,,,,,,,,,,,,,,,,,,,,218.000,0.32,9.8,0.0,0.0,9.8,0.0,0.0,0.0,,,,,,,,,,,,,,,,,,
,,,,,,,,,,,,,,,,,,,,,,,,,,,218.050,0.32,9.8,-0.1,0.0,9.8,0.0,0.0,0.0,,,,,,,,,,,,,,,,,,
,,,,,,,,,,,,,,,,,,,,,,,,,,,218.100,0.31,9.8,0.0,0.0,9.8,0.0,0.0,0.0,,,,,,,,,,,,,,,,,,
,,,,,,,,,,,,,,,,,,,,,,,,,,,218.150,0.33,9.8,-0.1,0.0,9.8,0.0,0.0,6.1E-4,,,,,,,,,,,,,,,,,,
,,,,,,,,,,,,,,,,,,,,,,,,,,,218.200,0.32,9.9,0.0,0.1,9.9,0.0,0.0,0.0,,,,,,,,,,,,,,,,,,
,,,,,,,,,,,,,,,,,,,,,,,,,,,218.250,0.32,9.8,-0.1,0.0,9.8,0.0,0.0,0.0,,,,,,,,,,,,,,,,,,
,,,,,,,,,,,,,,,,,,,,,,,,,,,218.300,0.31,9.8,-0.1,0.1,9.8,0.0,0.0,0.0,,,,,,,,,,,,,,,,,,
,,,,,,,,,,,,,,,,,,,,,,,,,,,218.350,0.31,9.8,0.0,0.0,9.8,0.0,0.0,0.0,,,,,,,,,,,,,,,,,,
,,,,,,,,,,,,,,,,,,,,,,,,,,,218.400,0.31,9.8,-0.1,0.0,9.8,0.0,0.0,6.1E-4,,,,,,,,,,,,,,,,,,
,,,,,,,,,,,,,,,,,,,,,,,,,,,218.450,0.30,9.8,-0.1,0.0,9.8,0.0,0.0,0.0,,,,,,,,,,,,,,,,,,
,,,,,,,,,,,,,,,,,,,,,,,,,,,218.500,0.31,9.9,0.0,0.1,9.9,0.0,0.0,0.0,,,,,,,,,,,,,,,,,,
,,,,,,,,,,,,,,,,,,,,,,,,,,,218.550,0.30,9.8,-0.1,0.0,9.8,0.0,0.0,0.0,,,,,,,,,,,,,,,,,,
,,,,,,,,,,,,,,,,,,,,,,,,,,,218.600,0.31,9.8,-0.1,0.0,9.8,0.0,0.0,6.1E-4,,,,,,,,,,,,,,,,,,
,,,,,,,,,,,,,,,,,,,,,,,,,,,218.650,0.31,9.9,-0.1,0.1,9.9,0.0,0.0,0.0,,,,,,,,,,,,,,,,,,
,,,,,,,,,,,,,,,,,,,,,,,,,,,218.700,0.31,9.8,0.0,0.0,9.8,0.0,0.0,0.0,,,,,,,,,,,,,,,,,,
,,,,,,,,,,,,,,,,,,,,,,,,,,,218.750,0.31,9.8,0.0,0.0,9.8,0.0,0.0,0.0,,,,,,,,,,,,,,,,,,
,,,,,,,,,,,,,,,,,,,,,,,,,,,218.800,0.31,9.8,-0.2,0.0,9.8,0.0,0.0,0.0,,,,,,,,,,,,,,,,,,
,,,,,,,,,,,,,,,,,,,,,,,,,,,218.850,0.32,9.8,0.0,0.1,9.8,0.0,0.0,-6.1E-4,,,,,,,,,,,,,,,,,,
,,,,,,,,,,,,,,,,,,,,,,,,,,,218.900,0.31,9.9,-0.1,0.0,9.9,0.0,0.0,0.0,,,,,,,,,,,,,,,,,,
,,,,,,,,,,,,,,,,,,,,,,,,,,,218.950,0.31,9.8,0.0,0.1,9.8,0.0,0.0,0.0,,,,,,,,,,,,,,,,,,
,,,,,,,,,,,,,,,,,,,,,,,,,,,219.000,0.33,9.8,-0.1,0.0,9.8,0.0,0.0,0.0,,,,,,,,,,,,,,,,,,
,,,,,,,,,,,,,,,,,,,,,,,,,,,219.050,0.30,9.8,-0.1,0.1,9.8,0.0,0.0,0.0,,,,,,,,,,,,,,,,,,
,,,,,,,,,,,,,,,,,,,,,,,,,,,219.100,0.32,9.8,0.0,-0.1,9.8,0.0,0.0,0.0,,,,,,,,,,,,,,,,,,
,,,,,,,,,,,,,,,,,,,,,,,,,,,219.150,0.31,9.8,-0.1,0.0,9.8,0.0,0.0,6.1E-4,,,,,,,,,,,,,,,,,,
,,,,,,,,,,,,,,,,,,,,,,,,,,,219.200,,9.8,-0.1,0.0,9.8,0.0,0.0,0.0,,,,,,,,,,,,,,,,,,
