"Time (s) Run #1","Force (N) Run #1","Time (s) Run #2","Force (N) Run #2","Time (s) Run #3","Force (N) Run #3","Time (s) Run #4","Force (N) Run #4","Time (s) Run #5","Force (N) Run #5"
0.000,-0.19,0.000,-0.18,0.000,-0.17,0.000,-0.18,0.000,-0.16
0.050,-0.18,0.050,-0.18,0.050,-0.17,0.050,-0.18,0.050,-0.16
0.100,-0.19,0.100,-0.19,0.100,-0.16,0.100,-0.18,0.100,-0.16
0.150,-0.18,0.150,-0.18,0.150,-0.16,0.150,-0.18,0.150,-0.16
0.200,-0.18,0.200,-0.19,0.200,-0.16,0.200,-0.17,0.200,-0.16
0.250,-0.17,0.250,-0.18,0.250,-0.16,0.250,-0.19,0.250,-0.16
0.300,-0.18,0.300,-0.17,0.300,-0.16,0.300,-0.19,0.300,-0.16
0.350,-0.18,0.350,-0.18,0.350,-0.16,0.350,-0.18,0.350,-0.16
0.400,-0.19,0.400,-0.18,0.400,-0.17,0.400,-0.19,0.400,-0.15
0.450,-0.20,0.450,-0.18,0.450,-0.17,0.450,-0.19,0.450,-0.15
0.500,-0.19,0.500,-0.18,0.500,-0.17,0.500,-0.19,0.500,-0.15
0.550,-0.19,0.550,-0.18,0.550,-0.17,0.550,-0.20,0.550,-0.15
0.600,-0.19,0.600,-0.18,0.600,-0.17,0.600,-0.19,0.600,-0.14
0.650,-0.19,0.650,-0.19,0.650,-0.17,0.650,-0.20,0.650,-0.14
0.700,-0.19,0.700,-0.19,0.700,-0.18,0.700,-0.20,0.700,-0.15
0.750,-0.18,0.750,-0.19,0.750,-0.17,0.750,-0.20,0.750,-0.14
0.800,-0.19,0.800,-0.18,0.800,-0.17,0.800,-0.19,0.800,-0.15
0.850,-0.19,0.850,-0.20,0.850,-0.17,0.850,-0.20,0.850,-0.15
0.900,-0.19,0.900,-0.20,0.900,-0.17,0.900,-0.19,0.900,-0.15
0.950,-0.19,0.950,-0.19,0.950,-0.17,0.950,-0.18,0.950,-0.15
1.000,-0.19,1.000,-0.18,1.000,-0.17,1.000,-0.19,1.000,-0.15
1.050,-0.20,1.050,-0.19,1.050,-0.17,1.050,-0.19,1.050,-0.16
1.100,-0.20,1.100,-0.19,1.100,-0.17,1.100,-0.18,1.100,-0.15
1.150,-0.20,1.150,-0.19,1.150,-0.17,1.150,-0.19,1.150,-0.15
1.200,-0.19,1.200,-0.20,1.200,-0.18,1.200,-0.18,1.200,-0.15
1.250,-0.20,1.250,-0.20,1.250,-0.18,1.250,-0.19,1.250,-0.15
1.300,-0.19,1.300,-0.20,1.300,-0.16,1.300,-0.19,1.300,-0.15
1.350,-0.19,1.350,-0.19,1.350,-0.18,1.350,-0.19,1.350,-0.16
1.400,-0.18,1.400,-0.20,1.400,-0.17,1.400,-0.20,1.400,-0.16
1.450,-0.19,1.450,-0.19,1.450,-0.18,1.450,-0.20,1.450,-0.15
1.500,-0.19,1.500,-0.20,1.500,-0.18,1.500,-0.19,1.500,-0.15
1.550,-0.19,1.550,-0.20,1.550,-0.19,1.550,-0.19,1.550,-0.14
1.600,-0.20,1.600,-0.20,1.600,-0.17,1.600,-0.18,1.600,-0.15
1.650,-0.19,1.650,-0.19,1.650,-0.16,1.650,-0.20,1.650,-0.16
1.700,-0.19,1.700,-0.19,1.700,-0.18,1.700,-0.19,1.700,-0.16
1.750,-0.18,1.750,-0.20,1.750,-0.18,1.750,-0.18,1.750,-0.15
1.800,-0.19,1.800,-0.19,1.800,-0.17,1.800,-0.19,1.800,-0.16
1.850,-0.18,1.850,-0.18,1.850,-0.18,1.850,-0.19,1.850,-0.15
1.900,-0.19,1.900,-0.19,1.900,-0.18,1.900,-0.19,1.900,-0.15
1.950,-0.19,1.950,-0.19,1.950,-0.18,1.950,-0.19,1.950,-0.16
2.000,-0.19,2.000,-0.19,2.000,-0.18,2.000,-0.19,2.000,-0.15
2.050,-0.19,2.050,-0.19,2.050,-0.17,2.050,-0.18,2.050,-0.16
2.100,-0.20,2.100,-0.19,2.100,-0.17,2.100,-0.18,2.100,-0.15
2.150,-0.20,2.150,-0.17,2.150,-0.17,2.150,-0.18,2.150,-0.15
2.200,-0.18,2.200,-0.18,2.200,-0.17,2.200,-0.19,2.200,-0.15
2.250,-0.19,2.250,-0.18,2.250,-0.17,2.250,-0.20,2.250,-0.15
2.300,-0.19,2.300,-0.18,2.300,-0.17,2.300,-0.19,2.300,-0.15
2.350,-0.19,2.350,-0.18,2.350,-0.17,2.350,-0.19,2.350,-0.15
2.400,-0.19,2.400,-0.18,2.400,-0.17,2.400,-0.19,2.400,-0.16
2.450,-0.20,2.450,-0.18,2.450,-0.17,2.450,-0.19,2.450,-0.16
2.500,-0.19,2.500,-0.18,2.500,-0.18,2.500,-0.18,2.500,-0.15
2.550,-0.18,2.550,-0.18,2.550,-0.18,2.550,-0.18,2.550,-0.17
2.600,-0.18,2.600,-0.17,2.600,-0.17,2.600,-0.18,2.600,-0.16
2.650,-0.19,2.650,-0.17,2.650,-0.17,2.650,-0.18,2.650,-0.14
2.700,-0.19,2.700,-0.17,2.700,-0.18,2.700,-0.18,2.700,-0.15
2.750,-0.18,2.750,-0.17,2.750,-0.17,2.750,-0.19,2.750,-0.16
2.800,-0.19,2.800,-0.18,2.800,-0.18,2.800,-0.20,2.800,-0.15
2.850,-0.19,2.850,-0.19,2.850,-0.17,2.850,-0.19,2.850,-0.15
2.900,-0.19,2.900,-0.18,2.900,-0.17,2.900,-0.19,2.900,-0.16
2.950,-0.18,2.950,-0.18,2.950,-0.17,2.950,-0.19,2.950,-0.16
3.000,-0.19,3.000,-0.19,3.000,-0.18,3.000,-0.19,3.000,-0.16
3.050,-0.18,3.050,-0.18,3.050,-0.18,3.050,-0.19,3.050,-0.15
3.100,-0.19,3.100,-0.18,3.100,-0.17,3.100,-0.19,3.100,-0.16
3.150,-0.18,3.150,-0.19,3.150,-0.17,3.150,-0.19,3.150,-0.16
3.200,-0.19,3.200,-0.18,3.200,-0.17,3.200,-0.19,3.200,-0.15
3.250,-0.18,3.250,-0.18,3.250,-0.17,3.250,-0.20,3.250,-0.15
3.300,-0.19,3.300,-0.19,3.300,-0.18,3.300,-0.19,3.300,-0.15
3.350,-0.18,3.350,-0.18,3.350,-0.18,3.350,-0.19,3.350,-0.15
3.400,-0.18,3.400,-0.18,3.400,-0.18,3.400,-0.19,3.400,-0.15
3.450,-0.18,3.450,-0.18,3.450,-0.18,3.450,-0.19,3.450,-0.15
3.500,-0.18,3.500,-0.18,3.500,-0.16,3.500,-0.19,3.500,-0.15
3.550,-0.18,3.550,-0.19,3.550,-0.18,3.550,-0.20,3.550,-0.15
3.600,-0.18,3.600,-0.18,3.600,-0.17,3.600,-0.20,3.600,-0.14
3.650,-0.18,3.650,-0.18,3.650,-0.18,3.650,-0.20,3.650,-0.15
3.700,-0.19,3.700,-0.18,3.700,-0.18,3.700,-0.19,3.700,-0.15
3.750,-0.18,3.750,-0.18,3.750,-0.19,3.750,-0.20,3.750,-0.15
3.800,-0.17,3.800,-0.19,3.800,-0.18,3.800,-0.22,3.800,-0.15
3.850,-0.18,3.850,-0.19,3.850,-0.18,3.850,-0.20,3.850,-0.16
3.900,-0.18,3.900,-0.19,3.900,-0.18,3.900,-0.19,3.900,-0.16
3.950,-0.18,3.950,-0.19,3.950,-0.19,3.950,-0.19,3.950,-0.16
4.000,-0.19,4.000,-0.19,4.000,-0.19,4.000,-0.20,4.000,-0.16
4.050,-0.18,4.050,-0.19,4.050,-0.18,4.050,-0.20,4.050,-0.16
4.100,-0.18,4.100,-0.19,4.100,-0.19,4.100,-0.20,4.100,-0.16
4.150,-0.19,4.150,-0.18,4.150,-0.19,4.150,-0.19,4.150,-0.16
4.200,-0.19,4.200,-0.19,4.200,-0.18,4.200,-0.20,4.200,-0.16
4.250,-0.18,4.250,-0.19,4.250,-0.19,4.250,-0.19,4.250,-0.16
4.300,-0.19,4.300,-0.19,4.300,-0.18,4.300,-0.20,4.300,-0.17
4.350,-0.18,4.350,-0.18,4.350,-0.19,4.350,-0.21,4.350,-0.17
4.400,-0.18,4.400,-0.18,4.400,-0.19,4.400,-0.20,4.400,-0.16
4.450,-0.19,4.450,-0.19,4.450,-0.19,4.450,-0.20,4.450,-0.16
4.500,-0.19,4.500,-0.19,4.500,-0.18,4.500,-0.19,4.500,-0.14
4.550,-0.18,4.550,-0.18,4.550,-0.18,4.550,-0.19,4.550,-0.15
4.600,-0.19,4.600,-0.19,4.600,-0.19,4.600,-0.19,4.600,-0.16
4.650,-0.18,4.650,-0.19,4.650,-0.19,4.650,-0.19,4.650,-0.14
4.700,-0.18,4.700,-0.18,4.700,-0.18,4.700,-0.19,4.700,-0.15
4.750,-0.18,4.750,-0.18,4.750,-0.18,4.750,-0.18,4.750,-0.14
4.800,-0.18,4.800,-0.19,4.800,-0.18,4.800,-0.19,4.800,-0.15
4.850,-0.18,4.850,-0.18,4.850,-0.19,4.850,-0.19,4.850,-0.15
4.900,-0.19,4.900,-0.18,4.900,-0.18,4.900,-0.18,4.900,-0.15
4.950,-0.19,4.950,-0.18,4.950,-0.18,4.950,-0.19,4.950,-0.15
5.000,-0.18,5.000,-0.18,5.000,-0.18,5.000,-0.18,5.000,-0.14
5.050,-0.18,5.050,-0.18,5.050,-0.18,5.050,-0.18,5.050,-0.14
5.100,-0.18,5.100,-0.18,5.100,-0.18,5.100,-0.18,5.100,-0.14
5.150,-0.18,5.150,-0.17,5.150,-0.19,5.150,-0.19,5.150,-0.14
5.200,-0.18,5.200,-0.17,5.200,-0.18,5.200,-0.19,5.200,-0.15
5.250,-0.19,5.250,-0.18,5.250,-0.18,5.250,-0.18,5.250,-0.15
5.300,-0.19,5.300,-0.18,5.300,-0.18,5.300,-0.18,5.300,-0.15
5.350,-0.18,5.350,-0.17,5.350,-0.17,5.350,-0.18,5.350,-0.14
5.400,-0.18,5.400,-0.18,5.400,-0.18,5.400,-0.17,5.400,-0.15
5.450,-0.18,5.450,-0.19,5.450,-0.17,5.450,-0.17,5.450,-0.14
5.500,-0.19,5.500,-0.17,5.500,-0.17,5.500,-0.17,5.500,-0.15
5.550,-0.19,5.550,-0.19,5.550,-0.17,5.550,-0.17,5.550,-0.16
5.600,-0.19,5.600,-0.18,5.600,-0.17,5.600,-0.18,5.600,-0.15
5.650,-0.18,5.650,-0.18,5.650,-0.17,5.650,-0.17,5.650,-0.16
5.700,-0.18,5.700,-0.19,5.700,-0.18,5.700,-0.18,5.700,-0.15
5.750,-0.19,5.750,-0.18,5.750,-0.18,5.750,-0.19,5.750,-0.16
5.800,-0.18,5.800,-0.19,5.800,-0.17,5.800,-0.19,5.800,-0.15
5.850,-0.18,5.850,-0.18,5.850,-0.17,5.850,-0.19,5.850,-0.15
5.900,-0.18,5.900,-0.18,5.900,-0.17,5.900,-0.18,5.900,-0.16
5.950,-0.18,5.950,-0.19,5.950,-0.17,5.950,-0.19,5.950,-0.16
6.000,-0.18,6.000,-0.20,6.000,-0.17,6.000,-0.19,6.000,-0.16
6.050,-0.18,6.050,-0.19,6.050,-0.19,6.050,-0.19,6.050,-0.15
6.100,-0.18,6.100,-0.20,6.100,-0.18,6.100,-0.19,6.100,-0.15
6.150,-0.18,6.150,-0.20,6.150,-0.18,6.150,-0.18,6.150,-0.16
6.200,-0.18,6.200,-0.20,6.200,-0.19,6.200,-0.18,6.200,-0.16
6.250,-0.18,6.250,-0.19,6.250,-0.18,6.250,-0.19,6.250,-0.16
6.300,-0.19,6.300,-0.19,6.300,-0.19,6.300,-0.18,6.300,-0.14
6.350,-0.19,6.350,-0.18,6.350,-0.19,6.350,-0.20,6.350,-0.16
6.400,-0.19,6.400,-0.19,6.400,-0.19,6.400,-0.19,6.400,-0.16
6.450,-0.19,6.450,-0.19,6.450,-0.19,6.450,-0.20,6.450,-0.15
6.500,-0.19,6.500,-0.19,6.500,-0.18,6.500,-0.19,6.500,-0.16
6.550,-0.20,6.550,-0.19,6.550,-0.18,6.550,-0.19,6.550,-0.16
6.600,-0.20,6.600,-0.18,6.600,-0.18,6.600,-0.19,6.600,-0.15
6.650,-0.19,6.650,-0.19,6.650,-0.18,6.650,-0.19,6.650,-0.16
6.700,-0.18,6.700,-0.18,6.700,-0.18,6.700,-0.21,6.700,-0.16
6.750,-0.18,6.750,-0.18,6.750,-0.18,6.750,-0.20,6.750,-0.16
6.800,-0.19,6.800,-0.18,6.800,-0.19,6.800,-0.20,6.800,-0.15
6.850,-0.19,6.850,-0.18,6.850,-0.18,6.850,-0.19,6.850,-0.14
6.900,-0.18,6.900,-0.19,6.900,-0.18,6.900,-0.18,6.900,-0.15
6.950,-0.19,6.950,-0.19,6.950,-0.18,6.950,-0.19,6.950,-0.14
7.000,-0.19,7.000,-0.19,7.000,-0.18,7.000,-0.18,7.000,-0.14
7.050,-0.18,7.050,-0.18,7.050,-0.18,7.050,-0.18,7.050,-0.14
7.100,-0.19,7.100,-0.18,7.100,-0.17,7.100,-0.18,7.100,-0.14
7.150,-0.18,7.150,-0.17,7.150,-0.16,7.150,-0.18,7.150,-0.15
7.200,-0.19,7.200,-0.17,7.200,-0.16,7.200,-0.18,7.200,-0.14
7.250,-0.19,7.250,-0.17,7.250,-0.17,7.250,-0.18,7.250,-0.13
7.300,-0.19,7.300,-0.16,7.300,-0.17,7.300,-0.18,7.300,-0.15
7.350,-0.19,7.350,-0.15,7.350,-0.17,7.350,-0.18,7.350,-0.14
7.400,-0.18,7.400,-0.16,7.400,-0.16,7.400,-0.18,7.400,-0.15
7.450,-0.18,7.450,-0.14,7.450,-0.17,7.450,-0.17,7.450,-0.15
7.500,-0.18,7.500,-0.13,7.500,-0.18,7.500,-0.18,7.500,-0.14
7.550,-0.18,7.550,-0.14,7.550,-0.18,7.550,-0.19,7.550,-0.15
7.600,-0.20,7.600,-0.13,7.600,-0.17,7.600,-0.18,7.600,-0.14
7.650,-0.18,7.650,-0.12,7.650,-0.18,7.650,-0.18,7.650,-0.14
7.700,-0.20,7.700,-0.11,7.700,-0.18,7.700,-0.19,7.700,-0.14
7.750,-0.20,7.750,-0.10,7.750,-0.17,7.750,-0.18,7.750,-0.13
7.800,-0.19,7.800,-0.10,7.800,-0.18,7.800,-0.19,7.800,-0.12
7.850,-0.19,7.850,-0.10,7.850,-0.17,7.850,-0.18,7.850,-0.11
7.900,-0.19,7.900,-0.09,7.900,-0.16,7.900,-0.16,7.900,-0.10
7.950,-0.19,7.950,-0.11,7.950,-0.18,7.950,-0.17,7.950,-0.09
8.000,-0.19,8.000,-0.10,8.000,-0.17,8.000,-0.17,8.000,-0.08
8.050,-0.19,8.050,-0.09,8.050,-0.18,8.050,-0.15,8.050,-0.05
8.100,-0.19,8.100,-0.11,8.100,-0.17,8.100,-0.15,8.100,-0.04
8.150,-0.20,8.150,-0.11,8.150,-0.18,8.150,-0.15,8.150,0.01
8.200,-0.19,8.200,-0.12,8.200,-0.18,8.200,-0.14,8.200,0.02
8.250,-0.19,8.250,-0.13,8.250,-0.19,8.250,-0.13,8.250,0.02
8.300,-0.19,8.300,-0.12,8.300,-0.18,8.300,-0.14,8.300,0.05
8.350,-0.19,8.350,-0.13,8.350,-0.19,8.350,-0.12,8.350,0.08
8.400,-0.19,8.400,-0.13,8.400,-0.19,8.400,-0.11,8.400,0.09
8.450,-0.19,8.450,-0.13,8.450,-0.18,8.450,-0.06,8.450,0.07
8.500,-0.20,8.500,-0.12,8.500,-0.19,8.500,0.02,8.500,0.10
8.550,-0.19,8.550,-0.11,8.550,-0.19,8.550,0.14,8.550,0.12
8.600,-0.20,8.600,-0.11,8.600,-0.18,8.600,0.22,8.600,0.16
8.650,-0.21,8.650,-0.10,8.650,-0.18,8.650,0.29,8.650,0.20
8.700,-0.20,8.700,-0.11,8.700,-0.17,8.700,0.38,8.700,0.21
8.750,-0.21,8.750,-0.11,8.750,-0.18,8.750,0.51,8.750,0.27
8.800,-0.19,8.800,-0.11,8.800,-0.18,8.800,0.63,8.800,0.31
8.850,-0.18,8.850,-0.09,8.850,-0.18,8.850,0.77,8.850,0.34
8.900,-0.19,8.900,-0.09,8.900,-0.18,8.900,0.88,8.900,0.40
8.950,-0.19,8.950,-0.08,8.950,-0.18,8.950,0.96,8.950,0.44
9.000,-0.19,9.000,-0.08,9.000,-0.18,9.000,1.04,9.000,0.53
9.050,-0.19,9.050,-0.06,9.050,-0.16,9.050,1.14,9.050,0.42
9.100,-0.18,9.100,-0.05,9.100,-0.16,9.100,1.21,9.100,0.33
9.150,-0.19,9.150,0.05,9.150,-0.16,9.150,1.28,9.150,0.19
9.200,-0.18,9.200,0.12,9.200,-0.14,9.200,1.36,9.200,-0.13
9.250,-0.19,9.250,0.16,9.250,-0.13,9.250,1.46,9.250,-0.19
9.300,-0.19,9.300,0.23,9.300,-0.13,9.300,1.58,9.300,-0.21
9.350,-0.19,9.350,0.21,9.350,-0.10,9.350,1.65,9.350,-0.21
9.400,-0.18,9.400,0.20,9.400,-0.04,9.400,1.82,9.400,-0.21
9.450,-0.19,9.450,0.16,9.450,0.10,9.450,1.95,9.450,-0.19
9.500,-0.19,9.500,0.17,9.500,0.27,9.500,2.10,9.500,-0.20
9.550,-0.19,9.550,0.19,9.550,0.45,9.550,2.22,9.550,-0.18
9.600,-0.19,9.600,0.20,9.600,0.63,9.600,2.29,9.600,-0.19
9.650,-0.18,9.650,0.23,9.650,0.75,9.650,2.35,9.650,-0.19
9.700,-0.19,9.700,0.25,9.700,0.98,9.700,2.34,9.700,-0.19
9.750,-0.18,9.750,0.32,9.750,1.16,9.750,2.03,9.750,-0.19
9.800,-0.19,9.800,0.42,9.800,1.24,9.800,-0.13,9.800,-0.19
9.850,-0.18,9.850,0.46,9.850,1.32,9.850,-0.15,9.850,-0.18
9.900,-0.18,9.900,0.46,9.900,1.40,9.900,-0.20,9.900,-0.19
9.950,-0.18,9.950,0.48,9.950,1.45,9.950,-0.19,9.950,-0.18
10.000,-0.18,10.000,0.46,10.000,1.45,10.000,-0.19,10.000,-0.18
10.050,-0.18,10.050,0.48,10.050,1.51,10.050,-0.18,10.050,-0.18
10.100,-0.19,10.100,0.44,10.100,1.52,10.100,-0.19,10.100,-0.18
10.150,-0.18,10.150,0.38,10.150,1.56,10.150,-0.18,10.150,-0.19
10.200,-0.19,10.200,0.25,10.200,1.65,10.200,-0.17,10.200,-0.17
10.250,-0.18,10.250,0.18,10.250,1.69,10.250,-0.18,10.250,-0.17
10.300,-0.18,10.300,0.17,10.300,1.76,10.300,-0.18,10.300,-0.18
10.350,-0.18,10.350,0.16,10.350,1.85,10.350,-0.18,10.350,-0.19
10.400,-0.18,10.400,0.16,10.400,1.94,10.400,-0.17,10.400,-0.18
10.450,-0.18,10.450,0.18,10.450,2.02,10.450,-0.19,10.450,-0.19
10.500,-0.19,10.500,0.17,10.500,2.11,10.500,-0.17,10.500,-0.19
10.550,-0.19,10.550,0.17,10.550,2.18,10.550,-0.18,10.550,-0.18
10.600,-0.20,10.600,0.18,10.600,2.28,10.600,-0.18,10.600,-0.19
10.650,-0.19,10.650,0.19,10.650,2.30,10.650,-0.18,10.650,-0.18
10.700,-0.18,10.700,0.18,10.700,2.36,10.700,-0.19,10.700,-0.19
10.750,-0.18,10.750,0.16,10.750,2.52,10.750,-0.19,10.750,-0.19
10.800,-0.18,10.800,0.15,10.800,2.59,10.800,-0.19,10.800,-0.19
10.850,-0.19,10.850,0.17,10.850,2.66,10.850,-0.18,10.850,-0.19
10.900,-0.19,10.900,0.20,10.900,2.74,10.900,-0.18,10.900,-0.19
10.950,-0.19,10.950,0.24,10.950,2.87,10.950,-0.18,10.950,-0.19
11.000,-0.18,11.000,0.27,11.000,2.95,11.000,-0.19,11.000,-0.19
11.050,-0.19,11.050,0.29,11.050,3.04,11.050,-0.17,11.050,-0.19
11.100,-0.19,11.100,0.35,11.100,3.19,11.100,-0.17,11.100,-0.18
11.150,-0.19,11.150,0.37,11.150,3.13,11.150,-0.19,11.150,-0.18
11.200,-0.18,11.200,0.40,11.200,3.37,11.200,-0.18,11.200,-0.18
11.250,-0.18,11.250,0.45,11.250,3.48,11.250,-0.18,11.250,-0.17
11.300,-0.18,11.300,0.50,11.300,3.54,11.300,-0.17,11.300,-0.18
11.350,-0.18,11.350,0.54,11.350,3.50,11.350,-0.17,11.350,-0.18
11.400,-0.17,11.400,0.56,11.400,3.25,11.400,-0.18,11.400,-0.17
11.450,-0.17,11.450,0.63,11.450,-0.09,11.450,-0.17,11.450,-0.17
11.500,-0.18,11.500,0.68,11.500,-0.12,11.500,-0.17,11.500,-0.18
11.550,-0.18,11.550,0.72,11.550,-0.19,11.550,-0.17,11.550,-0.19
11.600,-0.18,11.600,0.79,11.600,-0.17,11.600,-0.17,11.600,-0.18
11.650,-0.18,11.650,0.82,11.650,-0.17,11.650,-0.17,11.650,-0.17
11.700,-0.19,11.700,0.84,11.700,-0.17,11.700,-0.17,11.700,-0.18
11.750,-0.18,11.750,0.88,11.750,-0.17,11.750,-0.16,11.750,-0.19
11.800,-0.18,11.800,0.96,11.800,-0.17,11.800,-0.16,11.800,-0.18
11.850,-0.17,11.850,1.09,11.850,-0.17,11.850,-0.17,11.850,-0.18
11.900,-0.18,11.900,1.21,11.900,-0.17,11.900,-0.16,11.900,-0.18
11.950,-0.18,11.950,1.31,11.950,-0.18,11.950,-0.16,11.950,-0.19
12.000,-0.18,12.000,1.50,12.000,-0.17,12.000,-0.17,12.000,-0.19
12.050,-0.18,12.050,1.56,12.050,-0.17,12.050,-0.17,12.050,-0.19
12.100,-0.19,12.100,0.91,12.100,-0.18,12.100,-0.18,12.100,-0.19
12.150,-0.19,12.150,-0.11,12.150,-0.17,12.150,-0.18,12.150,-0.19
12.200,-0.18,12.200,-0.14,12.200,-0.18,12.200,-0.17,12.200,-0.19
12.250,-0.18,12.250,-0.19,12.250,-0.17,12.250,-0.17,12.250,-0.19
12.300,-0.18,12.300,-0.19,12.300,-0.17,12.300,-0.17,12.300,-0.19
12.350,-0.18,12.350,-0.18,12.350,-0.18,12.350,-0.17,12.350,-0.19
12.400,-0.18,12.400,-0.17,12.400,-0.17,12.400,-0.16,12.400,-0.19
12.450,-0.19,12.450,-0.18,12.450,-0.17,12.450,-0.17,12.450,-0.18
12.500,-0.18,12.500,-0.18,12.500,-0.17,12.500,-0.17,12.500,-0.19
12.550,-0.18,12.550,-0.19,12.550,-0.17,12.550,-0.17,12.550,-0.19
12.600,-0.18,12.600,-0.18,12.600,-0.17,12.600,-0.17,12.600,-0.18
12.650,-0.18,12.650,-0.19,12.650,-0.17,12.650,-0.17,12.650,-0.19
12.700,-0.19,12.700,-0.17,12.700,-0.17,12.700,-0.18,12.700,-0.19
12.750,-0.19,12.750,-0.18,12.750,-0.18,12.750,-0.18,12.750,-0.19
12.800,-0.18,12.800,-0.19,12.800,-0.17,12.800,-0.18,12.800,-0.19
12.850,-0.19,12.850,-0.19,12.850,-0.18,12.850,-0.17,12.850,-0.19
12.900,-0.18,12.900,-0.18,12.900,-0.17,12.900,-0.17,12.900,-0.19
12.950,-0.18,12.950,-0.18,12.950,-0.18,12.950,-0.17,12.950,-0.19
13.000,-0.19,13.000,-0.18,13.000,-0.18,13.000,-0.18,13.000,-0.19
13.050,-0.18,13.050,-0.19,13.050,-0.18,13.050,-0.17,13.050,-0.20
13.100,-0.18,13.100,-0.19,13.100,-0.18,13.100,-0.17,13.100,-0.18
13.150,-0.18,13.150,-0.18,13.150,-0.18,13.150,-0.18,13.150,-0.18
13.200,-0.19,13.200,-0.18,13.200,-0.17,13.200,-0.17,13.200,-0.17
13.250,-0.18,13.250,-0.18,13.250,-0.18,13.250,-0.18,13.250,-0.18
13.300,-0.18,13.300,-0.17,13.300,-0.19,13.300,-0.17,13.300,-0.17
13.350,-0.18,13.350,-0.18,13.350,-0.19,13.350,-0.18,13.350,-0.17
13.400,-0.17,13.400,-0.18,13.400,-0.19,13.400,-0.16,13.400,-0.17
13.450,-0.18,13.450,-0.18,13.450,-0.19,13.450,-0.17,13.450,-0.17
13.500,-0.18,13.500,-0.18,13.500,-0.18,13.500,-0.18,13.500,-0.17
13.550,-0.18,13.550,-0.18,13.550,-0.18,13.550,-0.18,13.550,-0.17
13.600,-0.18,13.600,-0.19,13.600,-0.19,13.600,-0.18,13.600,-0.17
13.650,-0.17,13.650,-0.18,13.650,-0.19,13.650,-0.17,13.650,-0.17
13.700,-0.17,13.700,-0.18,13.700,-0.18,13.700,-0.17,13.700,-0.17
13.750,-0.18,13.750,-0.19,13.750,-0.17,13.750,-0.17,13.750,-0.16
13.800,-0.17,13.800,-0.18,13.800,-0.19,13.800,-0.18,13.800,-0.16
13.850,-0.18,13.850,-0.18,13.850,-0.18,13.850,-0.18,13.850,-0.17
13.900,-0.17,13.900,-0.19,13.900,-0.18,13.900,-0.18,13.900,-0.16
13.950,-0.18,13.950,-0.18,13.950,-0.17,13.950,-0.18,13.950,-0.16
14.000,-0.18,14.000,-0.20,14.000,-0.18,14.000,-0.18,14.000,-0.16
14.050,-0.18,14.050,-0.19,14.050,-0.18,14.050,-0.18,14.050,-0.16
14.100,-0.17,14.100,-0.19,14.100,-0.18,14.100,-0.16,14.100,-0.16
14.150,-0.18,14.150,-0.18,14.150,-0.17,14.150,-0.16,14.150,-0.17
14.200,-0.18,14.200,-0.19,14.200,-0.18,14.200,-0.16,14.200,-0.17
14.250,-0.18,14.250,-0.20,14.250,-0.18,14.250,-0.16,14.250,-0.17
14.300,-0.18,14.300,-0.19,14.300,-0.18,14.300,-0.16,14.300,-0.17
14.350,-0.19,14.350,-0.20,14.350,-0.17,14.350,-0.16,14.350,-0.17
14.400,-0.17,14.400,-0.20,14.400,-0.18,14.400,-0.17,14.400,-0.16
14.450,-0.18,14.450,-0.19,14.450,-0.18,14.450,-0.17,14.450,-0.17
14.500,-0.16,14.500,-0.19,14.500,-0.18,14.500,-0.17,14.500,-0.17
14.550,-0.17,14.550,-0.19,14.550,-0.18,14.550,-0.16,14.550,-0.17
14.600,-0.18,14.600,-0.19,14.600,-0.19,14.600,-0.18,14.600,-0.17
14.650,-0.18,14.650,-0.19,14.650,-0.18,14.650,-0.17,14.650,-0.18
14.700,-0.18,14.700,-0.19,14.700,-0.18,14.700,-0.17,14.700,-0.16
14.750,-0.19,14.750,-0.19,14.750,-0.18,14.750,-0.17,14.750,-0.17
14.800,-0.19,14.800,-0.19,14.800,-0.19,14.800,-0.16,14.800,-0.17
14.850,-0.17,14.850,-0.18,14.850,-0.18,14.850,-0.16,14.850,-0.16
14.900,-0.18,14.900,-0.18,14.900,-0.18,14.900,-0.16,14.900,-0.16
14.950,-0.17,14.950,-0.19,14.950,-0.18,14.950,-0.18,14.950,-0.17
15.000,-0.18,15.000,-0.19,15.000,-0.18,15.000,-0.18,15.000,-0.17
15.050,-0.17,15.050,-0.19,15.050,-0.18,15.050,-0.18,15.050,-0.15
15.100,-0.18,15.100,-0.20,15.100,-0.18,15.100,-0.17,15.100,-0.14
15.150,-0.17,15.150,-0.20,15.150,-0.18,15.150,-0.17,15.150,-0.16
15.200,-0.18,15.200,-0.19,15.200,-0.17,15.200,-0.18,15.200,-0.16
15.250,-0.18,15.250,-0.19,15.250,-0.18,15.250,-0.16,15.250,-0.16
15.300,-0.19,15.300,-0.18,15.300,-0.18,15.300,-0.17,15.300,-0.17
15.350,-0.18,15.350,-0.18,15.350,-0.18,15.350,-0.17,15.350,-0.17
15.400,-0.17,15.400,-0.19,15.400,-0.17,15.400,-0.15,15.400,-0.17
15.450,-0.18,15.450,-0.18,15.450,-0.18,15.450,-0.15,15.450,-0.17
15.500,-0.16,15.500,-0.18,15.500,-0.17,15.500,-0.16,15.500,-0.17
15.550,-0.18,15.550,-0.19,15.550,-0.17,15.550,-0.16,15.550,-0.16
15.600,-0.18,15.600,-0.18,15.600,-0.17,15.600,-0.16,15.600,-0.16
15.650,-0.18,15.650,-0.18,15.650,-0.16,15.650,-0.16,15.650,-0.16
15.700,-0.17,15.700,-0.18,15.700,-0.18,15.700,-0.16,15.700,-0.16
15.750,-0.18,15.750,-0.19,15.750,-0.18,15.750,-0.16,15.750,-0.16
15.800,-0.17,15.800,-0.19,15.800,-0.17,15.800,-0.16,15.800,-0.17
15.850,-0.17,15.850,-0.20,15.850,-0.17,15.850,-0.16,15.850,-0.18
15.900,-0.17,15.900,-0.19,15.900,-0.17,15.900,-0.16,15.900,-0.16
15.950,-0.18,15.950,-0.19,15.950,-0.16,15.950,-0.15,15.950,-0.16
16.000,-0.19,16.000,-0.18,16.000,-0.18,16.000,-0.15,16.000,-0.17
16.050,-0.19,16.050,-0.19,16.050,-0.16,16.050,-0.16,16.050,-0.17
16.100,-0.17,16.100,-0.17,16.100,-0.17,16.100,-0.17,16.100,-0.16
16.150,-0.18,16.150,-0.17,16.150,-0.17,16.150,-0.18,16.150,-0.17
16.200,-0.18,16.200,-0.17,16.200,-0.17,16.200,-0.17,16.200,-0.16
16.250,-0.18,16.250,-0.17,16.250,-0.18,16.250,-0.17,16.250,-0.18
16.300,-0.17,16.300,-0.17,16.300,-0.18,16.300,-0.16,16.300,-0.18
16.350,-0.18,16.350,-0.17,16.350,-0.18,16.350,-0.16,16.350,-0.17
16.400,-0.16,16.400,-0.16,16.400,-0.17,16.400,-0.16,16.400,-0.17
16.450,-0.18,16.450,-0.16,16.450,-0.18,16.450,-0.16,16.450,-0.18
16.500,-0.17,16.500,-0.17,16.500,-0.18,16.500,-0.17,16.500,-0.18
16.550,-0.18,16.550,-0.17,16.550,-0.17,16.550,-0.17,16.550,-0.18
16.600,-0.18,16.600,-0.17,16.600,-0.18,16.600,-0.16,16.600,-0.18
16.650,-0.17,16.650,-0.16,16.650,-0.17,16.650,-0.16,16.650,-0.18
16.700,-0.16,16.700,-0.17,16.700,-0.18,16.700,-0.16,16.700,-0.17
16.750,-0.16,16.750,-0.18,16.750,-0.18,16.750,-0.16,16.750,-0.16
16.800,-0.16,16.800,-0.18,16.800,-0.16,16.800,-0.16,16.800,-0.17
16.850,-0.15,16.850,-0.19,16.850,-0.17,16.850,-0.16,16.850,-0.17
16.900,-0.16,16.900,-0.18,16.900,-0.17,16.900,-0.16,16.900,-0.16
16.950,-0.15,16.950,-0.19,16.950,-0.18,16.950,-0.16,16.950,-0.17
17.000,-0.16,17.000,-0.18,17.000,-0.19,17.000,-0.16,17.000,-0.16
17.050,-0.15,17.050,-0.18,17.050,-0.17,17.050,-0.17,17.050,-0.16
17.100,-0.16,17.100,-0.19,17.100,-0.18,17.100,-0.15,17.100,-0.17
17.150,-0.15,17.150,-0.18,17.150,-0.17,17.150,-0.15,17.150,-0.17
17.200,-0.15,17.200,-0.18,17.200,-0.19,17.200,-0.14,17.200,-0.16
17.250,-0.15,17.250,-0.19,17.250,-0.18,17.250,-0.15,17.250,-0.17
17.300,-0.15,17.300,-0.18,17.300,-0.17,17.300,-0.13,17.300,-0.17
17.350,-0.15,17.350,-0.18,17.350,-0.17,17.350,-0.14,17.350,-0.16
17.400,-0.17,17.400,-0.19,17.400,-0.17,17.400,-0.12,17.400,-0.15
17.450,-0.15,17.450,-0.18,17.450,-0.17,17.450,-0.11,17.450,-0.14
17.500,-0.16,17.500,-0.19,17.500,-0.17,17.500,-0.07,17.500,-0.15
17.550,-0.15,17.550,-0.19,17.550,-0.17,17.550,-0.01,17.550,-0.15
17.600,-0.15,17.600,-0.19,17.600,-0.17,17.600,0.10,17.600,-0.14
17.650,-0.14,17.650,-0.19,17.650,-0.17,17.650,0.21,17.650,-0.15
17.700,-0.15,17.700,-0.19,17.700,-0.18,17.700,0.38,17.700,-0.15
17.750,-0.14,17.750,-0.19,17.750,-0.18,17.750,0.49,17.750,-0.15
17.800,-0.13,17.800,-0.16,17.800,-0.17,17.800,0.68,17.800,-0.15
17.850,-0.14,17.850,-0.16,17.850,-0.17,17.850,0.88,17.850,-0.15
17.900,-0.14,17.900,-0.15,17.900,-0.16,17.900,1.00,17.900,-0.15
17.950,-0.12,17.950,-0.10,17.950,-0.16,17.950,1.18,17.950,-0.14
18.000,-0.12,18.000,-0.06,18.000,-0.16,18.000,1.36,18.000,-0.15
18.050,-0.11,18.050,-0.02,18.050,-0.16,18.050,1.51,18.050,-0.14
18.100,-0.11,18.100,0.09,18.100,-0.15,18.100,1.61,18.100,-0.14
18.150,-0.08,18.150,0.32,18.150,-0.16,18.150,1.75,18.150,-0.12
18.200,-0.05,18.200,0.54,18.200,-0.16,18.200,1.91,18.200,-0.12
18.250,-0.04,18.250,0.56,18.250,-0.15,18.250,2.02,18.250,-0.13
18.300,-0.03,18.300,0.63,18.300,-0.15,18.300,2.16,18.300,-0.13
18.350,-0.02,18.350,0.93,18.350,-0.13,18.350,2.21,18.350,-0.12
18.400,-0.01,18.400,0.99,18.400,-0.12,18.400,2.24,18.400,-0.10
18.450,0.00,18.450,0.98,18.450,-0.10,18.450,2.32,18.450,-0.08
18.500,-0.01,18.500,0.95,18.500,-0.09,18.500,2.38,18.500,-0.06
18.550,0.02,18.550,0.89,18.550,-0.05,18.550,2.05,18.550,-0.04
18.600,0.06,18.600,0.86,18.600,0.06,18.600,0.04,18.600,-0.04
18.650,0.10,18.650,0.75,18.650,0.29,18.650,-0.13,18.650,0.01
18.700,0.12,18.700,0.59,18.700,0.66,18.700,-0.19,18.700,0.08
18.750,0.14,18.750,0.41,18.750,1.05,18.750,-0.20,18.750,0.12
18.800,0.15,18.800,0.29,18.800,1.33,18.800,-0.19,18.800,0.14
18.850,0.21,18.850,0.24,18.850,1.61,18.850,-0.18,18.850,0.19
18.900,0.24,18.900,0.17,18.900,1.80,18.900,-0.19,18.900,0.20
18.950,0.27,18.950,0.09,18.950,1.99,18.950,-0.18,18.950,0.19
19.000,0.28,19.000,0.06,19.000,2.11,19.000,-0.18,19.000,0.21
19.050,0.33,19.050,0.05,19.050,2.21,19.050,-0.18,19.050,0.23
19.100,0.35,19.100,0.05,19.100,2.28,19.100,-0.17,19.100,0.29
19.150,0.30,19.150,0.06,19.150,2.33,19.150,-0.18,19.150,0.32
19.200,0.29,19.200,0.04,19.200,2.41,19.200,-0.19,19.200,0.35
19.250,0.30,19.250,0.04,19.250,2.57,19.250,-0.19,19.250,0.38
19.300,0.35,19.300,0.06,19.300,2.66,19.300,-0.19,19.300,0.43
19.350,0.34,19.350,0.07,19.350,2.80,19.350,-0.18,19.350,0.52
19.400,0.35,19.400,0.03,19.400,2.91,19.400,-0.17,19.400,0.48
19.450,0.34,19.450,0.02,19.450,3.03,19.450,-0.18,19.450,0.35
19.500,0.31,19.500,-0.02,19.500,3.08,19.500,-0.18,19.500,-0.12
19.550,0.30,19.550,-0.03,19.550,3.22,19.550,-0.18,19.550,-0.15
19.600,0.36,19.600,-0.06,19.600,3.34,19.600,-0.19,19.600,-0.19
19.650,0.40,19.650,-0.05,19.650,3.50,19.650,-0.18,19.650,-0.20
19.700,0.43,19.700,-0.04,19.700,3.57,19.700,-0.19,19.700,-0.20
19.750,0.40,19.750,-0.03,19.750,2.07,19.750,-0.18,19.750,-0.19
19.800,0.41,19.800,-0.04,19.800,-0.11,19.800,-0.18,19.800,-0.19
19.850,0.38,19.850,-0.06,19.850,-0.17,19.850,-0.17,19.850,-0.19
19.900,0.37,19.900,-0.05,19.900,-0.21,19.900,-0.18,19.900,-0.19
19.950,0.40,19.950,-0.06,19.950,-0.19,19.950,-0.17,19.950,-0.19
20.000,0.42,20.000,-0.04,20.000,-0.19,20.000,-0.17,20.000,-0.18
20.050,0.41,20.050,-0.03,20.050,-0.18,20.050,-0.17,20.050,-0.18
20.100,0.44,20.100,-0.04,20.100,-0.19,20.100,-0.17,20.100,-0.19
20.150,0.43,20.150,-0.10,20.150,-0.19,20.150,-0.16,20.150,-0.19
20.200,0.44,20.200,-0.11,20.200,-0.19,20.200,-0.18,20.200,-0.19
20.250,0.44,20.250,-0.09,20.250,-0.18,20.250,-0.17,20.250,-0.19
20.300,0.42,20.300,-0.08,20.300,-0.18,20.300,-0.18,20.300,-0.19
20.350,0.41,20.350,-0.08,20.350,-0.19,20.350,-0.18,20.350,-0.18
20.400,0.41,20.400,-0.09,20.400,-0.19,20.400,-0.18,20.400,-0.18
20.450,0.42,20.450,-0.10,20.450,-0.19,20.450,-0.18,20.450,-0.19
20.500,0.41,20.500,-0.09,20.500,-0.18,20.500,-0.17,20.500,-0.18
20.550,0.40,20.550,-0.08,20.550,-0.18,20.550,-0.18,20.550,-0.19
20.600,0.39,20.600,-0.07,20.600,-0.20,20.600,-0.18,20.600,-0.18
20.650,0.39,20.650,-0.07,20.650,-0.19,20.650,-0.18,20.650,-0.18
20.700,0.41,20.700,-0.08,20.700,-0.18,20.700,-0.18,20.700,-0.18
20.750,0.46,20.750,-0.09,20.750,-0.19,20.750,-0.18,20.750,-0.18
20.800,0.55,20.800,-0.10,20.800,-0.19,20.800,-0.18,20.800,-0.19
20.850,0.55,20.850,-0.10,20.850,-0.19,20.850,-0.18,20.850,-0.19
20.900,0.55,20.900,-0.11,20.900,-0.19,20.900,-0.19,20.900,-0.19
20.950,0.58,20.950,-0.12,20.950,-0.20,20.950,-0.18,20.950,-0.19
21.000,0.60,21.000,-0.14,21.000,-0.20,21.000,-0.19,21.000,-0.20
21.050,0.62,21.050,-0.15,21.050,-0.19,21.050,-0.18,21.050,-0.18
21.100,0.63,21.100,-0.15,21.100,-0.20,21.100,-0.18,21.100,-0.18
21.150,0.65,21.150,-0.15,21.150,-0.19,21.150,-0.17,21.150,-0.19
21.200,0.68,21.200,-0.15,21.200,-0.19,21.200,-0.17,21.200,-0.18
21.250,0.71,21.250,-0.14,21.250,-0.20,21.250,-0.18,21.250,-0.19
21.300,0.72,21.300,-0.14,21.300,-0.18,21.300,-0.17,21.300,-0.19
21.350,0.72,21.350,-0.13,21.350,-0.19,21.350,-0.18,21.350,-0.18
21.400,0.72,21.400,-0.16,21.400,-0.19,21.400,-0.19,21.400,-0.19
21.450,0.72,21.450,-0.15,21.450,-0.19,21.450,-0.18,21.450,-0.20
21.500,0.75,21.500,-0.15,21.500,-0.17,21.500,-0.18,21.500,-0.19
21.550,0.76,21.550,-0.14,21.550,-0.18,21.550,-0.18,21.550,-0.19
21.600,0.81,21.600,-0.14,21.600,-0.19,21.600,-0.18,21.600,-0.19
21.650,0.79,21.650,-0.14,21.650,-0.19,21.650,-0.17,21.650,-0.18
21.700,0.82,21.700,-0.13,21.700,-0.18,21.700,-0.18,21.700,-0.18
21.750,0.83,21.750,-0.14,21.750,-0.19,21.750,-0.18,21.750,-0.19
21.800,0.85,21.800,-0.12,21.800,-0.18,21.800,-0.18,21.800,-0.19
21.850,0.84,21.850,-0.13,21.850,-0.18,21.850,-0.18,21.850,-0.18
21.900,0.83,21.900,-0.12,21.900,-0.19,21.900,-0.17,21.900,-0.19
21.950,0.86,21.950,-0.12,21.950,-0.19,21.950,-0.18,21.950,-0.19
22.000,0.88,22.000,-0.12,22.000,-0.19,22.000,-0.17,22.000,-0.19
22.050,0.85,22.050,-0.12,22.050,-0.19,22.050,-0.18,22.050,-0.19
22.100,0.85,22.100,-0.11,22.100,-0.19,22.100,-0.17,22.100,-0.19
22.150,0.85,22.150,-0.10,22.150,-0.20,22.150,-0.17,22.150,-0.19
22.200,0.87,22.200,-0.08,22.200,-0.20,22.200,-0.17,22.200,-0.19
22.250,0.89,22.250,-0.04,22.250,-0.19,22.250,-0.18,22.250,-0.19
22.300,0.90,22.300,0.06,22.300,-0.19,22.300,-0.19,22.300,-0.20
22.350,0.93,22.350,0.24,22.350,-0.18,22.350,-0.17,22.350,-0.19
22.400,0.92,22.400,0.41,22.400,-0.19,22.400,-0.17,22.400,-0.19
22.450,0.94,22.450,0.61,22.450,-0.19,22.450,-0.18,22.450,-0.18
22.500,0.95,22.500,0.75,22.500,-0.19,22.500,-0.17,22.500,-0.19
22.550,0.96,22.550,1.01,22.550,-0.19,22.550,-0.18,22.550,-0.20
22.600,0.97,22.600,1.20,22.600,-0.18,22.600,-0.18,22.600,-0.19
22.650,0.96,22.650,1.45,22.650,-0.19,22.650,-0.18,22.650,-0.19
22.700,1.03,22.700,1.55,22.700,-0.20,22.700,-0.18,22.700,-0.19
22.750,1.00,22.750,1.73,22.750,-0.19,22.750,-0.18,22.750,-0.19
22.800,1.03,22.800,1.72,22.800,-0.19,22.800,-0.18,22.800,-0.19
22.850,1.03,22.850,1.65,22.850,-0.19,22.850,-0.18,22.850,-0.19
22.900,1.07,22.900,1.18,22.900,-0.19,22.900,-0.18,22.900,-0.19
22.950,1.07,22.950,-0.11,22.950,-0.19,22.950,-0.18,22.950,-0.18
23.000,0.92,23.000,-0.15,23.000,-0.18,23.000,-0.18,23.000,-0.18
23.050,-0.14,23.050,-0.18,23.050,-0.19,23.050,-0.19,23.050,-0.18
23.100,-0.14,23.100,-0.18,23.100,-0.19,23.100,-0.19,23.100,-0.18
23.150,-0.20,23.150,-0.18,23.150,-0.18,23.150,-0.19,23.150,-0.19
23.200,-0.20,23.200,-0.18,23.200,-0.19,23.200,-0.19,23.200,-0.17
23.250,-0.19,23.250,-0.18,23.250,-0.20,23.250,-0.19,23.250,-0.18
23.300,-0.18,23.300,-0.18,23.300,-0.19,23.300,-0.19,23.300,-0.18
23.350,-0.19,23.350,-0.18,23.350,-0.18,23.350,-0.20,23.350,-0.19
23.400,-0.19,23.400,-0.19,23.400,-0.18,23.400,-0.19,23.400,-0.18
23.450,-0.18,23.450,-0.18,23.450,-0.19,23.450,-0.20,23.450,-0.19
23.500,-0.18,23.500,-0.19,23.500,-0.19,23.500,-0.19,23.500,-0.19
23.550,-0.19,23.550,-0.19,23.550,-0.20,23.550,-0.19,23.550,-0.18
23.600,-0.19,23.600,-0.18,23.600,-0.19,23.600,-0.19,23.600,-0.19
23.650,-0.18,23.650,-0.18,23.650,-0.18,23.650,-0.19,23.650,-0.19
23.700,-0.18,23.700,-0.18,23.700,-0.18,23.700,-0.19,23.700,-0.20
23.750,-0.18,23.750,-0.18,23.750,-0.17,23.750,-0.19,23.750,-0.18
23.800,-0.19,23.800,-0.19,23.800,-0.19,23.800,-0.19,23.800,-0.19
23.850,-0.18,23.850,-0.19,23.850,-0.19,23.850,-0.18,23.850,-0.19
23.900,-0.18,23.900,-0.18,23.900,-0.19,23.900,-0.19,23.900,-0.19
23.950,-0.19,23.950,-0.18,23.950,-0.19,23.950,-0.18,23.950,-0.19
24.000,-0.18,24.000,-0.17,24.000,-0.18,24.000,-0.18,24.000,-0.18
24.050,-0.19,24.050,-0.16,24.050,-0.18,24.050,-0.18,24.050,-0.19
24.100,-0.18,24.100,-0.18,24.100,-0.18,24.100,-0.17,24.100,-0.19
24.150,-0.18,24.150,-0.19,24.150,-0.19,24.150,-0.17,24.150,-0.18
24.200,-0.19,24.200,-0.18,24.200,-0.19,24.200,-0.17,24.200,-0.19
24.250,-0.19,24.250,-0.19,24.250,-0.19,24.250,-0.18,24.250,-0.19
24.300,-0.19,24.300,-0.18,24.300,-0.18,24.300,-0.18,24.300,-0.19
24.350,-0.19,24.350,-0.18,24.350,-0.18,24.350,-0.18,24.350,-0.18
24.400,-0.18,24.400,-0.18,24.400,-0.19,24.400,-0.17,24.400,-0.18
24.450,-0.19,24.450,-0.19,24.450,-0.18,24.450,-0.15,24.450,-0.18
24.500,-0.19,24.500,-0.18,24.500,-0.19,24.500,-0.16,24.500,-0.18
24.550,-0.18,24.550,-0.18,24.550,-0.18,24.550,-0.15,24.550,-0.18
24.600,-0.19,24.600,-0.19,24.600,-0.19,24.600,-0.16,24.600,-0.19
24.650,-0.18,24.650,-0.18,24.650,-0.19,24.650,-0.16,24.650,-0.18
24.700,-0.19,24.700,-0.19,24.700,-0.19,24.700,-0.16,24.700,-0.18
24.750,-0.18,24.750,-0.19,24.750,-0.19,24.750,-0.15,24.750,-0.18
24.800,-0.18,24.800,-0.18,24.800,-0.19,24.800,-0.14,24.800,-0.18
24.850,-0.18,24.850,-0.18,24.850,-0.18,24.850,-0.15,24.850,-0.18
24.900,-0.18,24.900,-0.19,24.900,-0.18,24.900,-0.15,24.900,-0.18
24.950,-0.18,24.950,-0.19,24.950,-0.19,24.950,-0.15,24.950,-0.19
25.000,-0.18,25.000,-0.19,25.000,-0.19,25.000,-0.14,25.000,-0.18
25.050,-0.18,25.050,-0.19,25.050,-0.18,25.050,-0.15,25.050,-0.18
25.100,-0.17,25.100,-0.19,25.100,-0.18,25.100,-0.16,25.100,-0.18
25.150,-0.18,25.150,-0.18,25.150,-0.18,25.150,-0.15,25.150,-0.18
25.200,-0.17,25.200,-0.19,25.200,-0.20,25.200,-0.17,25.200,-0.18
25.250,-0.17,25.250,-0.19,25.250,-0.19,25.250,-0.16,25.250,-0.17
25.300,-0.18,25.300,-0.19,25.300,-0.18,25.300,-0.17,25.300,-0.18
25.350,-0.18,25.350,-0.19,25.350,-0.20,25.350,-0.16,25.350,-0.19
25.400,-0.18,25.400,-0.18,25.400,-0.18,25.400,-0.16,25.400,-0.19
25.450,-0.18,25.450,-0.19,25.450,-0.18,25.450,-0.16,25.450,-0.19
25.500,-0.18,25.500,-0.20,25.500,-0.19,25.500,-0.16,25.500,-0.18
25.550,-0.17,25.550,-0.20,25.550,-0.18,25.550,-0.15,25.550,-0.18
25.600,-0.18,25.600,-0.20,25.600,-0.18,25.600,-0.15,25.600,-0.18
25.650,-0.18,25.650,-0.20,25.650,-0.19,25.650,-0.15,25.650,-0.17
25.700,-0.19,25.700,-0.19,25.700,-0.19,25.700,-0.14,25.700,-0.17
25.750,-0.18,25.750,-0.20,25.750,-0.18,25.750,-0.15,25.750,-0.18
25.800,-0.18,25.800,-0.20,25.800,-0.19,25.800,-0.15,25.800,-0.18
25.850,-0.18,25.850,-0.19,25.850,-0.20,25.850,-0.14,25.850,-0.18
25.900,-0.18,25.900,-0.19,25.900,-0.18,25.900,-0.15,25.900,-0.18
25.950,-0.18,25.950,-0.19,25.950,-0.19,25.950,-0.14,25.950,-0.18
26.000,-0.18,26.000,-0.20,26.000,-0.17,26.000,-0.14,26.000,-0.18
26.050,-0.18,26.050,-0.18,26.050,-0.18,26.050,-0.15,26.050,-0.17
26.100,-0.20,26.100,-0.19,26.100,-0.18,26.100,-0.15,26.100,-0.18
26.150,-0.19,26.150,-0.19,26.150,-0.18,26.150,-0.15,26.150,-0.19
26.200,-0.20,26.200,-0.19,26.200,-0.18,26.200,-0.14,26.200,-0.19
26.250,-0.19,26.250,-0.20,26.250,-0.18,26.250,-0.15,26.250,-0.18
26.300,-0.19,26.300,-0.20,26.300,-0.19,26.300,-0.14,26.300,-0.20
26.350,-0.19,26.350,-0.20,26.350,-0.19,26.350,-0.15,26.350,-0.19
26.400,-0.18,26.400,-0.19,26.400,-0.18,26.400,-0.15,26.400,-0.19
26.450,-0.19,26.450,-0.20,26.450,-0.18,26.450,-0.14,26.450,-0.19
26.500,-0.19,26.500,-0.19,26.500,-0.19,26.500,-0.14,26.500,-0.19
26.550,-0.18,26.550,-0.21,26.550,-0.19,26.550,-0.15,26.550,-0.18
26.600,-0.18,26.600,-0.20,26.600,-0.17,26.600,-0.13,26.600,-0.19
26.650,-0.18,26.650,-0.19,26.650,-0.18,26.650,-0.13,26.650,-0.18
26.700,-0.19,26.700,-0.20,26.700,-0.17,26.700,-0.12,26.700,-0.19
26.750,-0.17,26.750,-0.20,26.750,-0.18,26.750,-0.11,26.750,-0.19
26.800,-0.18,26.800,-0.19,26.800,-0.18,26.800,-0.11,26.800,-0.19
26.850,-0.18,26.850,-0.19,26.850,-0.19,26.850,-0.10,26.850,-0.19
26.900,-0.19,26.900,-0.19,26.900,-0.18,26.900,-0.09,26.900,-0.19
26.950,-0.19,26.950,-0.20,26.950,-0.18,26.950,-0.08,26.950,-0.20
27.000,-0.19,27.000,-0.20,27.000,-0.18,27.000,-0.09,27.000,-0.18
27.050,-0.18,27.050,-0.20,27.050,-0.18,27.050,-0.08,27.050,-0.19
27.100,-0.19,27.100,-0.20,27.100,-0.18,27.100,-0.07,27.100,-0.19
27.150,-0.19,27.150,-0.20,27.150,-0.18,27.150,-0.06,27.150,-0.19
27.200,-0.19,27.200,-0.21,27.200,-0.18,27.200,-0.04,27.200,-0.19
27.250,-0.19,27.250,-0.20,27.250,-0.17,27.250,0.01,27.250,-0.19
27.300,-0.18,27.300,-0.21,27.300,-0.17,27.300,0.05,27.300,-0.18
27.350,-0.17,27.350,-0.19,27.350,-0.16,27.350,0.12,27.350,-0.20
27.400,-0.18,27.400,-0.19,27.400,-0.17,27.400,0.23,27.400,-0.20
27.450,-0.15,27.450,-0.20,27.450,-0.18,27.450,0.35,27.450,-0.19
27.500,-0.15,27.500,-0.20,27.500,-0.17,27.500,0.44,27.500,-0.19
27.550,-0.15,27.550,-0.20,27.550,-0.18,27.550,0.52,27.550,-0.18
27.600,-0.15,27.600,-0.19,27.600,-0.18,27.600,0.57,27.600,-0.19
27.650,-0.15,27.650,-0.18,27.650,-0.18,27.650,0.58,27.650,-0.18
27.700,-0.16,27.700,-0.19,27.700,-0.16,27.700,0.61,27.700,-0.18
27.750,-0.14,27.750,-0.18,27.750,-0.15,27.750,0.60,27.750,-0.18
27.800,-0.15,27.800,-0.18,27.800,-0.14,27.800,0.66,27.800,-0.18
27.850,-0.15,27.850,-0.18,27.850,-0.16,27.850,0.68,27.850,-0.19
27.900,-0.15,27.900,-0.18,27.900,-0.16,27.900,0.71,27.900,-0.18
27.950,-0.14,27.950,-0.18,27.950,-0.15,27.950,0.76,27.950,-0.18
28.000,-0.13,28.000,-0.18,28.000,-0.16,28.000,0.77,28.000,-0.18
28.050,-0.13,28.050,-0.18,28.050,-0.16,28.050,0.84,28.050,-0.19
28.100,-0.14,28.100,-0.17,28.100,-0.16,28.100,1.00,28.100,-0.18
28.150,-0.14,28.150,-0.17,28.150,-0.16,28.150,1.08,28.150,-0.19
28.200,-0.14,28.200,-0.16,28.200,-0.16,28.200,1.13,28.200,-0.19
28.250,-0.14,28.250,-0.17,28.250,-0.17,28.250,1.18,28.250,-0.19
28.300,-0.12,28.300,-0.16,28.300,-0.16,28.300,1.26,28.300,-0.19
28.350,-0.12,28.350,-0.16,28.350,-0.16,28.350,1.28,28.350,-0.19
28.400,-0.14,28.400,-0.16,28.400,-0.16,28.400,1.29,28.400,-0.19
28.450,-0.12,28.450,-0.16,28.450,-0.17,28.450,1.30,28.450,-0.19
28.500,-0.14,28.500,-0.16,28.500,-0.18,28.500,1.32,28.500,-0.19
28.550,-0.13,28.550,-0.15,28.550,-0.17,28.550,1.35,28.550,-0.19
28.600,-0.12,28.600,-0.16,28.600,-0.17,28.600,1.35,28.600,-0.19
28.650,-0.12,28.650,-0.16,28.650,-0.15,28.650,1.32,28.650,-0.18
28.700,-0.13,28.700,-0.15,28.700,-0.16,28.700,1.33,28.700,-0.19
28.750,-0.12,28.750,-0.16,28.750,-0.17,28.750,1.33,28.750,-0.18
28.800,-0.11,28.800,-0.14,28.800,-0.17,28.800,1.36,28.800,-0.18
28.850,-0.10,28.850,-0.15,28.850,-0.17,28.850,1.40,28.850,-0.18
28.900,-0.09,28.900,-0.15,28.900,-0.16,28.900,1.44,28.900,-0.18
28.950,-0.09,28.950,-0.15,28.950,-0.16,28.950,1.54,28.950,-0.18
29.000,-0.10,29.000,-0.16,29.000,-0.16,29.000,1.65,29.000,-0.20
29.050,-0.11,29.050,-0.17,29.050,-0.17,29.050,1.77,29.050,-0.18
29.100,-0.11,29.100,-0.16,29.100,-0.16,29.100,1.88,29.100,-0.18
29.150,-0.11,29.150,-0.16,29.150,-0.16,29.150,1.92,29.150,-0.17
29.200,-0.12,29.200,-0.16,29.200,-0.16,29.200,2.03,29.200,-0.18
29.250,-0.11,29.250,-0.16,29.250,-0.16,29.250,2.05,29.250,-0.19
29.300,-0.11,29.300,-0.16,29.300,-0.16,29.300,2.15,29.300,-0.19
29.350,-0.12,29.350,-0.16,29.350,-0.16,29.350,2.22,29.350,-0.19
29.400,-0.12,29.400,-0.17,29.400,-0.17,29.400,2.31,29.400,-0.18
29.450,-0.13,29.450,-0.18,29.450,-0.16,29.450,2.34,29.450,-0.18
29.500,-0.13,29.500,-0.18,29.500,-0.17,29.500,2.35,29.500,-0.19
29.550,-0.14,29.550,-0.17,29.550,-0.16,29.550,2.41,29.550,-0.19
29.600,-0.13,29.600,-0.17,29.600,-0.16,29.600,2.39,29.600,-0.20
29.650,-0.14,29.650,-0.17,29.650,-0.17,29.650,2.37,29.650,-0.19
29.700,-0.13,29.700,-0.16,29.700,-0.17,29.700,2.34,29.700,-0.19
29.750,-0.13,29.750,-0.17,29.750,-0.16,29.750,1.72,29.750,-0.19
29.800,-0.12,29.800,-0.18,29.800,-0.18,29.800,-0.11,29.800,-0.19
29.850,-0.11,29.850,-0.17,29.850,-0.16,29.850,-0.14,29.850,-0.19
29.900,-0.12,29.900,-0.17,29.900,-0.16,29.900,-0.19,29.900,-0.19
29.950,-0.11,29.950,-0.17,29.950,-0.16,29.950,-0.19,29.950,-0.19
30.000,-0.10,30.000,-0.18,30.000,-0.16,30.000,-0.19,30.000,-0.20
30.050,-0.09,30.050,-0.18,30.050,-0.18,30.050,-0.18,30.050,-0.19
30.100,-0.04,30.100,-0.17,30.100,-0.17,30.100,-0.17,30.100,-0.19
30.150,-0.01,30.150,-0.17,30.150,-0.17,30.150,-0.18,30.150,-0.19
30.200,0.03,30.200,-0.17,30.200,-0.16,30.200,-0.18,30.200,-0.19
30.250,0.02,30.250,-0.17,30.250,-0.16,30.250,-0.18,30.250,-0.20
30.300,0.02,30.300,-0.16,30.300,-0.16,30.300,-0.18,30.300,-0.19
30.350,0.06,30.350,-0.16,30.350,-0.15,30.350,-0.18,30.350,-0.19
30.400,0.08,30.400,-0.16,30.400,-0.15,30.400,-0.18,30.400,-0.19
30.450,0.15,30.450,-0.16,30.450,-0.15,30.450,-0.18,30.450,-0.20
30.500,0.21,30.500,-0.17,30.500,-0.15,30.500,-0.17,30.500,-0.19
30.550,0.26,30.550,-0.16,30.550,-0.14,30.550,-0.17,30.550,-0.19
30.600,0.28,30.600,-0.17,30.600,-0.15,30.600,-0.17,30.600,-0.19
30.650,0.32,30.650,-0.18,30.650,-0.16,30.650,-0.17,30.650,-0.19
30.700,0.31,30.700,-0.16,30.700,-0.16,30.700,-0.17,30.700,-0.19
30.750,0.12,30.750,-0.17,30.750,-0.15,30.750,-0.18,30.750,-0.19
30.800,0.07,30.800,-0.17,30.800,-0.16,30.800,-0.18,30.800,-0.18
30.850,0.06,30.850,-0.18,30.850,-0.16,30.850,-0.17,30.850,-0.18
30.900,0.08,30.900,-0.17,30.900,-0.16,30.900,-0.18,30.900,-0.19
30.950,0.11,30.950,-0.16,30.950,-0.16,30.950,-0.18,30.950,-0.18
31.000,0.13,31.000,-0.16,31.000,-0.16,31.000,-0.19,31.000,-0.18
31.050,0.11,31.050,-0.16,31.050,-0.16,31.050,-0.17,31.050,-0.17
31.100,0.11,31.100,-0.16,31.100,-0.15,31.100,-0.18,31.100,-0.18
31.150,0.11,31.150,-0.15,31.150,-0.16,31.150,-0.18,31.150,-0.18
31.200,0.12,31.200,-0.15,31.200,-0.16,31.200,-0.18,31.200,-0.18
31.250,0.20,31.250,-0.15,31.250,-0.16,31.250,-0.18,31.250,-0.18
31.300,0.29,31.300,-0.13,31.300,-0.15,31.300,-0.17,31.300,-0.18
31.350,0.33,31.350,-0.12,31.350,-0.16,31.350,-0.16,31.350,-0.18
31.400,0.31,31.400,-0.11,31.400,-0.15,31.400,-0.17,31.400,-0.18
31.450,0.36,31.450,-0.11,31.450,-0.16,31.450,-0.17,31.450,-0.18
31.500,0.38,31.500,-0.12,31.500,-0.16,31.500,-0.17,31.500,-0.18
31.550,0.36,31.550,-0.11,31.550,-0.17,31.550,-0.16,31.550,-0.18
31.600,0.34,31.600,-0.10,31.600,-0.16,31.600,-0.17,31.600,-0.17
31.650,0.37,31.650,-0.10,31.650,-0.15,31.650,-0.17,31.650,-0.18
31.700,0.47,31.700,-0.11,31.700,-0.16,31.700,-0.17,31.700,-0.17
31.750,0.51,31.750,-0.10,31.750,-0.15,31.750,-0.17,31.750,-0.17
31.800,0.54,31.800,-0.10,31.800,-0.16,31.800,-0.18,31.800,-0.17
31.850,0.56,31.850,-0.11,31.850,-0.16,31.850,-0.18,31.850,-0.17
31.900,0.62,31.900,-0.10,31.900,-0.17,31.900,-0.18,31.900,-0.18
31.950,0.63,31.950,-0.11,31.950,-0.18,31.950,-0.19,31.950,-0.17
32.000,0.65,32.000,-0.10,32.000,-0.17,32.000,-0.19,32.000,-0.17
32.050,0.68,32.050,-0.11,32.050,-0.17,32.050,-0.18,32.050,-0.17
32.100,0.69,32.100,-0.12,32.100,-0.18,32.100,-0.18,32.100,-0.17
32.150,0.70,32.150,-0.11,32.150,-0.17,32.150,-0.17,32.150,-0.18
32.200,0.68,32.200,-0.13,32.200,-0.17,32.200,-0.17,32.200,-0.17
32.250,0.72,32.250,-0.13,32.250,-0.16,32.250,-0.18,32.250,-0.18
32.300,0.70,32.300,-0.12,32.300,-0.16,32.300,-0.19,32.300,-0.17
32.350,0.69,32.350,-0.13,32.350,-0.17,32.350,-0.18,32.350,-0.17
32.400,0.72,32.400,-0.13,32.400,-0.16,32.400,-0.18,32.400,-0.17
32.450,0.74,32.450,-0.13,32.450,-0.16,32.450,-0.18,32.450,-0.17
32.500,0.78,32.500,-0.12,32.500,-0.16,32.500,-0.17,32.500,-0.18
32.550,0.78,32.550,-0.13,32.550,-0.16,32.550,-0.18,32.550,-0.17
32.600,0.80,32.600,-0.13,32.600,-0.16,32.600,-0.18,32.600,-0.18
32.650,0.80,32.650,-0.12,32.650,-0.16,32.650,-0.19,32.650,-0.19
32.700,0.82,32.700,-0.11,32.700,-0.15,32.700,-0.18,32.700,-0.18
32.750,0.84,32.750,-0.10,32.750,-0.15,32.750,-0.18,32.750,-0.17
32.800,0.83,32.800,-0.04,32.800,-0.13,32.800,-0.18,32.800,-0.18
32.850,0.85,32.850,0.03,32.850,-0.12,32.850,-0.18,32.850,-0.17
32.900,0.86,32.900,0.11,32.900,-0.11,32.900,-0.17,32.900,-0.17
32.950,0.88,32.950,0.34,32.950,-0.11,32.950,-0.17,32.950,-0.17
33.000,0.91,33.000,0.50,33.000,-0.12,33.000,-0.19,33.000,-0.18
33.050,0.91,33.050,0.57,33.050,-0.11,33.050,-0.19,33.050,-0.17
33.100,0.95,33.100,0.75,33.100,-0.12,33.100,-0.18,33.100,-0.17
33.150,0.95,33.150,0.87,33.150,-0.12,33.150,-0.18,33.150,-0.18
33.200,0.82,33.200,0.98,33.200,-0.12,33.200,-0.18,33.200,-0.17
33.250,0.91,33.250,1.11,33.250,-0.12,33.250,-0.18,33.250,-0.18
33.300,0.87,33.300,1.22,33.300,-0.12,33.300,-0.17,33.300,-0.18
33.350,0.87,33.350,1.33,33.350,-0.09,33.350,-0.17,33.350,-0.18
33.400,0.87,33.400,1.40,33.400,-0.07,33.400,-0.18,33.400,-0.18
33.450,0.88,33.450,1.49,33.450,-0.03,33.450,-0.18,33.450,-0.18
33.500,0.88,33.500,1.51,33.500,0.08,33.500,-0.18,33.500,-0.19
33.550,0.88,33.550,1.51,33.550,0.12,33.550,-0.18,33.550,-0.19
33.600,0.90,33.600,1.49,33.600,0.18,33.600,-0.18,33.600,-0.17
33.650,0.95,33.650,1.52,33.650,0.25,33.650,-0.18,33.650,-0.17
33.700,0.97,33.700,1.57,33.700,0.31,33.700,-0.17,33.700,-0.18
33.750,0.99,33.750,1.61,33.750,0.38,33.750,-0.16,33.750,-0.17
33.800,1.02,33.800,1.66,33.800,0.49,33.800,-0.18,33.800,-0.18
33.850,1.08,33.850,1.70,33.850,0.61,33.850,-0.18,33.850,-0.17
33.900,1.11,33.900,1.71,33.900,0.78,33.900,-0.18,33.900,-0.18
33.950,1.13,33.950,1.70,33.950,0.80,33.950,-0.17,33.950,-0.18
34.000,1.11,34.000,1.72,34.000,0.86,34.000,-0.17,34.000,-0.17
34.050,0.91,34.050,1.76,34.050,0.92,34.050,-0.18,34.050,-0.18
34.100,-0.13,34.100,1.78,34.100,0.96,34.100,-0.18,34.100,-0.17
34.150,-0.17,34.150,1.84,34.150,1.01,34.150,-0.17,34.150,-0.16
34.200,-0.18,34.200,1.87,34.200,0.99,34.200,-0.18,34.200,-0.17
34.250,-0.17,34.250,1.79,34.250,0.92,34.250,-0.18,34.250,-0.17
34.300,-0.17,34.300,0.51,34.300,0.94,34.300,-0.18,34.300,-0.17
34.350,-0.16,34.350,-0.11,34.350,1.01,34.350,-0.18,34.350,-0.17
34.400,-0.17,34.400,-0.16,34.400,1.08,34.400,-0.19,34.400,-0.17
34.450,-0.17,34.450,-0.20,34.450,1.15,34.450,-0.18,34.450,-0.17
34.500,-0.17,34.500,-0.19,34.500,1.31,34.500,-0.17,34.500,-0.17
34.550,-0.17,34.550,-0.18,34.550,1.41,34.550,-0.17,34.550,-0.18
34.600,-0.17,34.600,-0.18,34.600,1.58,34.600,-0.18,34.600,-0.18
34.650,-0.17,34.650,-0.17,34.650,1.75,34.650,-0.17,34.650,-0.18
34.700,-0.17,34.700,-0.19,34.700,1.86,34.700,-0.17,34.700,-0.17
34.750,-0.17,34.750,-0.19,34.750,2.05,34.750,-0.16,34.750,-0.18
34.800,-0.17,34.800,-0.20,34.800,2.21,34.800,-0.16,34.800,-0.17
34.850,-0.18,34.850,-0.18,34.850,2.43,34.850,-0.15,34.850,-0.18
34.900,-0.18,34.900,-0.20,34.900,2.63,34.900,-0.14,34.900,-0.17
34.950,-0.18,34.950,-0.19,34.950,2.78,34.950,-0.14,34.950,-0.18
35.000,-0.17,35.000,-0.20,35.000,2.80,35.000,-0.13,35.000,-0.18
35.050,-0.18,35.050,-0.19,35.050,2.85,35.050,-0.13,35.050,-0.17
35.100,-0.18,35.100,-0.18,35.100,2.92,35.100,-0.13,35.100,-0.18
35.150,-0.18,35.150,-0.18,35.150,2.99,35.150,-0.13,35.150,-0.18
35.200,-0.18,35.200,-0.18,35.200,3.09,35.200,-0.14,35.200,-0.16
35.250,-0.17,35.250,-0.19,35.250,3.20,35.250,-0.14,35.250,-0.15
35.300,-0.17,35.300,-0.19,35.300,3.27,35.300,-0.14,35.300,-0.15
35.350,-0.17,35.350,-0.19,35.350,3.28,35.350,-0.14,35.350,-0.14
35.400,-0.17,35.400,-0.19,35.400,3.41,35.400,-0.14,35.400,-0.14
35.450,-0.17,35.450,-0.18,35.450,3.50,35.450,-0.14,35.450,-0.14
35.500,-0.17,35.500,-0.18,35.500,3.53,35.500,-0.13,35.500,-0.15
35.550,-0.17,35.550,-0.18,35.550,3.63,35.550,-0.13,35.550,-0.14
35.600,-0.18,35.600,-0.18,35.600,3.64,35.600,-0.13,35.600,-0.15
35.650,-0.17,35.650,-0.18,35.650,3.66,35.650,-0.14,35.650,-0.14
35.700,-0.17,35.700,-0.18,35.700,3.83,35.700,-0.14,35.700,-0.14
35.750,-0.17,35.750,-0.18,35.750,3.65,35.750,-0.14,35.750,-0.14
35.800,-0.18,35.800,-0.18,35.800,3.69,35.800,-0.15,35.800,-0.14
35.850,-0.17,35.850,-0.18,35.850,1.03,35.850,-0.15,35.850,-0.14
35.900,-0.17,35.900,-0.18,35.900,-0.11,35.900,-0.16,35.900,-0.14
35.950,-0.16,35.950,-0.17,35.950,-0.19,35.950,-0.15,35.950,-0.14
36.000,-0.17,36.000,-0.18,36.000,-0.20,36.000,-0.16,36.000,-0.14
36.050,-0.17,36.050,-0.19,36.050,-0.20,36.050,-0.15,36.050,-0.13
36.100,-0.18,36.100,-0.17,36.100,-0.18,36.100,-0.15,36.100,-0.13
36.150,-0.17,36.150,-0.18,36.150,-0.18,36.150,-0.15,36.150,-0.12
36.200,-0.17,36.200,-0.18,36.200,-0.19,36.200,-0.15,36.200,-0.12
36.250,-0.17,36.250,-0.17,36.250,-0.19,36.250,-0.15,36.250,-0.13
36.300,-0.17,36.300,-0.18,36.300,-0.18,36.300,-0.14,36.300,-0.13
36.350,-0.18,36.350,-0.17,36.350,-0.18,36.350,-0.15,36.350,-0.16
36.400,-0.17,36.400,-0.18,36.400,-0.19,36.400,-0.16,36.400,-0.15
36.450,-0.16,36.450,-0.18,36.450,-0.18,36.450,-0.15,36.450,-0.16
36.500,-0.16,36.500,-0.18,36.500,-0.17,36.500,-0.17,36.500,-0.16
36.550,-0.17,36.550,-0.19,36.550,-0.18,36.550,-0.16,36.550,-0.16
36.600,-0.18,36.600,-0.18,36.600,-0.17,36.600,-0.16,36.600,-0.16
36.650,-0.17,36.650,-0.19,36.650,-0.18,36.650,-0.15,36.650,-0.16
36.700,-0.17,36.700,-0.18,36.700,-0.18,36.700,-0.16,36.700,-0.16
36.750,-0.18,36.750,-0.18,36.750,-0.18,36.750,-0.16,36.750,-0.16
36.800,-0.17,36.800,-0.19,36.800,-0.17,36.800,-0.15,36.800,-0.14
36.850,-0.17,36.850,-0.19,36.850,-0.18,36.850,-0.15,36.850,-0.15
36.900,-0.18,36.900,-0.18,36.900,-0.18,36.900,-0.15,36.900,-0.15
36.950,-0.18,36.950,-0.19,36.950,-0.18,36.950,-0.15,36.950,-0.15
37.000,-0.17,37.000,-0.18,37.000,-0.17,37.000,-0.15,37.000,-0.15
37.050,-0.18,37.050,-0.18,37.050,-0.18,37.050,-0.13,37.050,-0.15
37.100,-0.18,37.100,-0.18,37.100,-0.18,37.100,-0.14,37.100,-0.14
37.150,-0.18,37.150,-0.18,37.150,-0.18,37.150,-0.13,37.150,-0.15
37.200,-0.18,37.200,-0.18,37.200,-0.18,37.200,-0.13,37.200,-0.15
37.250,-0.18,37.250,-0.19,37.250,-0.18,37.250,-0.11,37.250,-0.15
37.300,-0.18,37.300,-0.18,37.300,-0.19,37.300,-0.09,37.300,-0.15
37.350,-0.17,37.350,-0.18,37.350,-0.18,37.350,-0.09,37.350,-0.15
37.400,-0.18,37.400,-0.18,37.400,-0.17,37.400,-0.07,37.400,-0.15
37.450,-0.16,37.450,-0.19,37.450,-0.17,37.450,0.05,37.450,-0.15
37.500,-0.17,37.500,-0.18,37.500,-0.18,37.500,0.16,37.500,-0.15
37.550,-0.17,37.550,-0.17,37.550,-0.17,37.550,0.34,37.550,-0.15
37.600,-0.18,37.600,-0.19,37.600,-0.17,37.600,0.56,37.600,-0.15
37.650,-0.18,37.650,-0.19,37.650,-0.17,37.650,0.87,37.650,-0.14
37.700,-0.17,37.700,-0.18,37.700,-0.19,37.700,1.04,37.700,-0.14
37.750,-0.17,37.750,-0.19,37.750,-0.18,37.750,1.19,37.750,-0.15
37.800,-0.16,37.800,-0.18,37.800,-0.19,37.800,1.28,37.800,-0.15
37.850,-0.17,37.850,-0.18,37.850,-0.18,37.850,1.39,37.850,-0.15
37.900,-0.15,37.900,-0.19,37.900,-0.19,37.900,1.48,37.900,-0.16
37.950,-0.15,37.950,-0.19,37.950,-0.18,37.950,1.57,37.950,-0.15
38.000,-0.15,38.000,-0.19,38.000,-0.19,38.000,1.64,38.000,-0.15
38.050,-0.14,38.050,-0.19,38.050,-0.19,38.050,1.62,38.050,-0.13
38.100,-0.14,38.100,-0.18,38.100,-0.20,38.100,1.71,38.100,-0.14
38.150,-0.13,38.150,-0.18,38.150,-0.18,38.150,1.74,38.150,-0.15
38.200,-0.13,38.200,-0.18,38.200,-0.18,38.200,1.86,38.200,-0.14
38.250,-0.13,38.250,-0.18,38.250,-0.19,38.250,1.86,38.250,-0.15
38.300,-0.12,38.300,-0.19,38.300,-0.17,38.300,1.94,38.300,-0.15
38.350,-0.13,38.350,-0.18,38.350,-0.19,38.350,1.94,38.350,-0.15
38.400,-0.14,38.400,-0.19,38.400,-0.19,38.400,2.01,38.400,-0.13
38.450,-0.14,38.450,-0.18,38.450,-0.18,38.450,2.03,38.450,-0.14
38.500,-0.14,38.500,-0.18,38.500,-0.19,38.500,2.06,38.500,-0.12
38.550,-0.14,38.550,-0.20,38.550,-0.18,38.550,2.14,38.550,-0.12
38.600,-0.14,38.600,-0.19,38.600,-0.18,38.600,2.19,38.600,-0.11
38.650,-0.14,38.650,-0.19,38.650,-0.19,38.650,2.12,38.650,-0.09
38.700,-0.15,38.700,-0.20,38.700,-0.19,38.700,1.91,38.700,-0.09
38.750,-0.14,38.750,-0.20,38.750,-0.20,38.750,0.03,38.750,-0.10
38.800,-0.14,38.800,-0.18,38.800,-0.20,38.800,-0.12,38.800,-0.09
38.850,-0.13,38.850,-0.19,38.850,-0.18,38.850,-0.19,38.850,-0.09
38.900,-0.14,38.900,-0.18,38.900,-0.19,38.900,-0.19,38.900,-0.09
38.950,-0.14,38.950,-0.19,38.950,-0.19,38.950,-0.19,38.950,-0.09
39.000,-0.13,39.000,-0.19,39.000,-0.18,39.000,-0.18,39.000,-0.10
39.050,-0.13,39.050,-0.19,39.050,-0.20,39.050,-0.17,39.050,-0.10
39.100,-0.13,39.100,-0.19,39.100,-0.19,39.100,-0.18,39.100,-0.10
39.150,-0.12,39.150,-0.19,39.150,-0.18,39.150,-0.18,39.150,-0.10
39.200,-0.12,39.200,-0.19,39.200,-0.18,39.200,-0.17,39.200,-0.12
39.250,-0.12,39.250,-0.19,39.250,-0.18,39.250,-0.18,39.250,-0.12
39.300,-0.11,39.300,-0.19,39.300,-0.18,39.300,-0.18,39.300,-0.14
39.350,-0.11,39.350,-0.19,39.350,-0.19,39.350,-0.18,39.350,-0.15
39.400,-0.11,39.400,-0.18,39.400,-0.18,39.400,-0.17,39.400,-0.14
39.450,-0.11,39.450,-0.18,39.450,-0.18,39.450,-0.16,39.450,-0.14
39.500,-0.10,39.500,-0.18,39.500,-0.18,39.500,-0.17,39.500,-0.15
39.550,-0.10,39.550,-0.18,39.550,-0.19,39.550,-0.17,39.550,-0.14
39.600,-0.11,39.600,-0.18,39.600,-0.19,39.600,-0.17,39.600,-0.15
39.650,-0.10,39.650,-0.18,39.650,-0.18,39.650,-0.17,39.650,-0.15
39.700,-0.10,39.700,-0.17,39.700,-0.18,39.700,-0.18,39.700,-0.16
39.750,-0.09,39.750,-0.17,39.750,-0.17,39.750,-0.19,39.750,-0.14
39.800,-0.09,39.800,-0.18,39.800,-0.18,39.800,-0.18,39.800,-0.15
39.850,-0.07,39.850,-0.18,39.850,-0.19,39.850,-0.18,39.850,-0.15
39.900,-0.05,39.900,-0.18,39.900,-0.18,39.900,-0.18,39.900,-0.14
39.950,-0.02,39.950,-0.18,39.950,-0.19,39.950,-0.18,39.950,-0.13
40.000,0.04,40.000,-0.18,40.000,-0.18,40.000,-0.19,40.000,-0.14
40.050,0.06,40.050,-0.18,40.050,-0.19,40.050,-0.18,40.050,-0.15
40.100,0.11,40.100,-0.17,40.100,-0.19,40.100,-0.19,40.100,-0.15
40.150,0.19,40.150,-0.17,40.150,-0.18,40.150,-0.18,40.150,-0.14
40.200,0.27,40.200,-0.18,40.200,-0.18,40.200,-0.18,40.200,-0.15
40.250,0.34,40.250,-0.17,40.250,-0.19,40.250,-0.17,40.250,-0.15
40.300,0.40,40.300,-0.17,40.300,-0.18,40.300,-0.19,40.300,-0.13
40.350,0.46,40.350,-0.17,40.350,-0.19,40.350,-0.18,40.350,-0.14
40.400,0.49,40.400,-0.17,40.400,-0.19,40.400,-0.18,40.400,-0.14
40.450,0.52,40.450,-0.17,40.450,-0.19,40.450,-0.18,40.450,-0.14
40.500,0.56,40.500,-0.18,40.500,-0.19,40.500,-0.17,40.500,-0.13
40.550,0.58,40.550,-0.19,40.550,-0.18,40.550,-0.16,40.550,-0.14
40.600,0.59,40.600,-0.17,40.600,-0.17,40.600,-0.17,40.600,-0.14
40.650,0.59,40.650,-0.17,40.650,-0.17,40.650,-0.18,40.650,-0.15
40.700,0.58,40.700,-0.18,40.700,-0.17,40.700,-0.18,40.700,-0.14
40.750,0.57,40.750,-0.18,40.750,-0.16,40.750,-0.18,40.750,-0.15
40.800,0.57,40.800,-0.17,40.800,-0.17,40.800,-0.19,40.800,-0.15
40.850,0.60,40.850,-0.17,40.850,-0.18,40.850,-0.19,40.850,-0.14
40.900,0.62,40.900,-0.18,40.900,-0.19,40.900,-0.18,40.900,-0.14
40.950,0.62,40.950,-0.18,40.950,-0.19,40.950,-0.18,40.950,-0.14
41.000,0.64,41.000,-0.18,41.000,-0.19,41.000,-0.18,41.000,-0.15
41.050,0.66,41.050,-0.17,41.050,-0.18,41.050,-0.18,41.050,-0.16
41.100,0.66,41.100,-0.17,41.100,-0.19,41.100,-0.18,41.100,-0.15
41.150,0.68,41.150,-0.18,41.150,-0.19,41.150,-0.18,41.150,-0.14
41.200,0.68,41.200,-0.17,41.200,-0.19,41.200,-0.19,41.200,-0.14
41.250,0.71,41.250,-0.18,41.250,-0.19,41.250,-0.18,41.250,-0.14
41.300,0.65,41.300,-0.18,41.300,-0.18,41.300,-0.18,41.300,-0.14
41.350,0.53,41.350,-0.17,41.350,-0.18,41.350,-0.18,41.350,-0.14
41.400,0.33,41.400,-0.17,41.400,-0.19,41.400,-0.18,41.400,-0.15
41.450,0.69,41.450,-0.18,41.450,-0.18,41.450,-0.18,41.450,-0.15
41.500,0.62,41.500,-0.18,41.500,-0.18,41.500,-0.18,41.500,-0.14
41.550,0.59,41.550,-0.18,41.550,-0.18,41.550,-0.18,41.550,-0.15
41.600,0.58,41.600,-0.17,41.600,-0.18,41.600,-0.17,41.600,-0.14
41.650,0.58,41.650,-0.16,41.650,-0.18,41.650,-0.17,41.650,-0.14
41.700,0.61,41.700,-0.16,41.700,-0.18,41.700,-0.18,41.700,-0.15
41.750,0.62,41.750,-0.15,41.750,-0.18,41.750,-0.19,41.750,-0.15
41.800,0.64,41.800,-0.16,41.800,-0.19,41.800,-0.18,41.800,-0.15
41.850,0.65,41.850,-0.16,41.850,-0.17,41.850,-0.18,41.850,-0.15
41.900,0.68,41.900,-0.16,41.900,-0.17,41.900,-0.19,41.900,-0.15
41.950,0.71,41.950,-0.16,41.950,-0.16,41.950,-0.19,41.950,-0.16
42.000,0.78,42.000,-0.16,42.000,-0.17,42.000,-0.19,42.000,-0.16
42.050,0.82,42.050,-0.15,42.050,-0.16,42.050,-0.19,42.050,-0.15
42.100,0.87,42.100,-0.15,42.100,-0.17,42.100,-0.19,42.100,-0.15
42.150,0.90,42.150,-0.16,42.150,-0.15,42.150,-0.20,42.150,-0.14
42.200,0.91,42.200,-0.18,42.200,-0.16,42.200,-0.18,42.200,-0.15
42.250,0.95,42.250,-0.18,42.250,-0.16,42.250,-0.19,42.250,-0.13
42.300,0.96,42.300,-0.18,42.300,-0.16,42.300,-0.18,42.300,-0.14
42.350,0.96,42.350,-0.19,42.350,-0.16,42.350,-0.18,42.350,-0.13
42.400,0.95,42.400,-0.19,42.400,-0.17,42.400,-0.18,42.400,-0.13
42.450,0.91,42.450,-0.19,42.450,-0.17,42.450,-0.18,42.450,-0.13
42.500,0.83,42.500,-0.18,42.500,-0.17,42.500,-0.18,42.500,-0.13
42.550,-0.10,42.550,-0.18,42.550,-0.16,42.550,-0.18,42.550,-0.13
42.600,-0.13,42.600,-0.18,42.600,-0.16,42.600,-0.19,42.600,-0.14
42.650,-0.19,42.650,-0.17,42.650,-0.17,42.650,-0.19,42.650,-0.13
42.700,-0.18,42.700,-0.17,42.700,-0.16,42.700,-0.19,42.700,-0.13
42.750,-0.19,42.750,-0.17,42.750,-0.15,42.750,-0.19,42.750,-0.13
42.800,-0.17,42.800,-0.17,42.800,-0.15,42.800,-0.18,42.800,-0.12
42.850,-0.17,42.850,-0.18,42.850,-0.16,42.850,-0.18,42.850,-0.12
42.900,-0.17,42.900,-0.18,42.900,-0.16,42.900,-0.18,42.900,-0.12
42.950,-0.17,42.950,-0.18,42.950,-0.15,42.950,-0.18,42.950,-0.11
43.000,-0.18,43.000,-0.18,43.000,-0.16,43.000,-0.19,43.000,-0.12
43.050,-0.18,43.050,-0.18,43.050,-0.17,43.050,-0.19,43.050,-0.12
43.100,-0.17,43.100,-0.18,43.100,-0.17,43.100,-0.17,43.100,-0.12
43.150,-0.17,43.150,-0.18,43.150,-0.17,43.150,-0.16,43.150,-0.12
43.200,-0.18,43.200,-0.18,43.200,-0.16,43.200,-0.17,43.200,-0.12
43.250,-0.18,43.250,-0.17,43.250,-0.17,43.250,-0.17,43.250,-0.12
43.300,-0.18,43.300,-0.17,43.300,-0.16,43.300,-0.16,43.300,-0.11
43.350,-0.17,43.350,-0.17,43.350,-0.16,43.350,-0.15,43.350,-0.11
43.400,-0.18,43.400,-0.17,43.400,-0.17,43.400,-0.15,43.400,-0.11
43.450,-0.18,43.450,-0.18,43.450,-0.17,43.450,-0.16,43.450,-0.10
43.500,-0.18,43.500,-0.18,43.500,-0.17,43.500,-0.14,43.500,-0.10
43.550,-0.19,43.550,-0.17,43.550,-0.16,43.550,-0.15,43.550,-0.10
43.600,-0.18,43.600,-0.17,43.600,-0.16,43.600,-0.14,43.600,-0.10
43.650,-0.18,43.650,-0.18,43.650,-0.17,43.650,-0.16,43.650,-0.10
43.700,-0.18,43.700,-0.18,43.700,-0.17,43.700,-0.16,43.700,-0.09
43.750,-0.17,43.750,-0.17,43.750,-0.17,43.750,-0.15,43.750,-0.08
43.800,-0.17,43.800,-0.18,43.800,-0.17,43.800,-0.15,43.800,-0.08
43.850,-0.18,43.850,-0.17,43.850,-0.17,43.850,-0.14,43.850,-0.08
43.900,-0.18,43.900,-0.18,43.900,-0.17,43.900,-0.15,43.900,-0.08
43.950,-0.17,43.950,-0.16,43.950,-0.16,43.950,-0.15,43.950,-0.07
44.000,-0.18,44.000,-0.15,44.000,-0.16,44.000,-0.15,44.000,-0.07
44.050,-0.17,44.050,-0.14,44.050,-0.17,44.050,-0.16,44.050,-0.06
44.100,-0.17,44.100,-0.14,44.100,-0.17,44.100,-0.16,44.100,-0.06
44.150,-0.17,44.150,-0.13,44.150,-0.16,44.150,-0.15,44.150,-0.04
44.200,-0.17,44.200,-0.10,44.200,-0.17,44.200,-0.16,44.200,-0.04
44.250,-0.18,44.250,-0.08,44.250,-0.17,44.250,-0.16,44.250,-0.03
44.300,-0.18,44.300,-0.06,44.300,-0.16,44.300,-0.16,44.300,-0.01
44.350,-0.17,44.350,-7.51E-10,44.350,-0.17,44.350,-0.16,44.350,0.04
44.400,-0.17,44.400,0.14,44.400,-0.16,44.400,-0.15,44.400,0.09
44.450,-0.17,44.450,0.33,44.450,-0.17,44.450,-0.15,44.450,0.14
44.500,-0.18,44.500,0.51,44.500,-0.15,44.500,-0.15,44.500,0.22
44.550,-0.17,44.550,0.67,44.550,-0.16,44.550,-0.15,44.550,0.31
44.600,-0.18,44.600,0.79,44.600,-0.17,44.600,-0.16,44.600,0.40
44.650,-0.17,44.650,0.86,44.650,-0.17,44.650,-0.16,44.650,0.47
44.700,-0.16,44.700,0.92,44.700,-0.18,44.700,-0.16,44.700,0.46
44.750,-0.17,44.750,0.92,44.750,-0.17,44.750,-0.15,44.750,0.39
44.800,-0.17,44.800,0.90,44.800,-0.18,44.800,-0.16,44.800,0.31
44.850,-0.16,44.850,0.93,44.850,-0.18,44.850,-0.16,44.850,0.28
44.900,-0.17,44.900,0.99,44.900,-0.18,44.900,-0.15,44.900,0.29
44.950,-0.17,44.950,0.94,44.950,-0.18,44.950,-0.15,44.950,0.31
45.000,-0.17,45.000,0.93,45.000,-0.18,45.000,-0.15,45.000,0.02
45.050,-0.16,45.050,1.04,45.050,-0.17,45.050,-0.14,45.050,-0.13
45.100,-0.17,45.100,1.20,45.100,-0.17,45.100,-0.15,45.100,-0.19
45.150,-0.17,45.150,1.35,45.150,-0.17,45.150,-0.15,45.150,-0.19
45.200,-0.17,45.200,1.44,45.200,-0.18,45.200,-0.14,45.200,-0.19
45.250,-0.17,45.250,1.52,45.250,-0.17,45.250,-0.14,45.250,-0.19
45.300,-0.17,45.300,1.45,45.300,-0.18,45.300,-0.15,45.300,-0.19
45.350,-0.16,45.350,1.43,45.350,-0.18,45.350,-0.14,45.350,-0.19
45.400,-0.17,45.400,1.39,45.400,-0.16,45.400,-0.15,45.400,-0.19
45.450,-0.17,45.450,1.31,45.450,-0.18,45.450,-0.15,45.450,-0.19
45.500,-0.18,45.500,1.50,45.500,-0.18,45.500,-0.15,45.500,-0.19
45.550,-0.18,45.550,1.66,45.550,-0.18,45.550,-0.15,45.550,-0.18
45.600,-0.18,45.600,1.66,45.600,-0.18,45.600,-0.14,45.600,-0.19
45.650,-0.18,45.650,1.63,45.650,-0.17,45.650,-0.15,45.650,-0.19
45.700,-0.18,45.700,1.59,45.700,-0.17,45.700,-0.14,45.700,-0.18
45.750,-0.18,45.750,1.48,45.750,-0.18,45.750,-0.15,45.750,-0.19
45.800,-0.18,45.800,-7.51E-10,45.800,-0.18,45.800,-0.15,45.800,-0.18
45.850,-0.18,45.850,-0.12,45.850,-0.18,45.850,-0.14,45.850,-0.19
45.900,-0.17,45.900,-0.17,45.900,-0.18,45.900,-0.14,45.900,-0.19
45.950,-0.18,45.950,-0.18,45.950,-0.18,45.950,-0.14,45.950,-0.18
46.000,-0.17,46.000,-0.19,46.000,-0.18,46.000,-0.15,46.000,-0.18
46.050,-0.17,46.050,-0.18,46.050,-0.19,46.050,-0.14,46.050,-0.19
46.100,-0.17,46.100,-0.17,46.100,-0.18,46.100,-0.13,46.100,-0.18
46.150,-0.16,46.150,-0.18,46.150,-0.18,46.150,-0.13,46.150,-0.19
46.200,-0.16,46.200,-0.18,46.200,-0.18,46.200,-0.13,46.200,-0.19
46.250,-0.17,46.250,-0.19,46.250,-0.18,46.250,-0.13,46.250,-0.18
46.300,-0.18,46.300,-0.18,46.300,-0.18,46.300,-0.13,46.300,-0.19
46.350,-0.18,46.350,-0.18,46.350,-0.18,46.350,-0.11,46.350,-0.18
46.400,-0.18,46.400,-0.19,46.400,-0.19,46.400,-0.11,46.400,-0.19
46.450,-0.18,46.450,-0.19,46.450,-0.18,46.450,-0.12,46.450,-0.19
46.500,-0.18,46.500,-0.18,46.500,-0.18,46.500,-0.11,46.500,-0.19
46.550,-0.18,46.550,-0.19,46.550,-0.16,46.550,-0.11,46.550,-0.19
46.600,-0.18,46.600,-0.19,46.600,-0.17,46.600,-0.11,46.600,-0.20
46.650,-0.18,46.650,-0.18,46.650,-0.18,46.650,-0.11,46.650,-0.18
46.700,-0.17,46.700,-0.18,46.700,-0.18,46.700,-0.10,46.700,-0.21
46.750,-0.19,46.750,-0.19,46.750,-0.17,46.750,-0.10,46.750,-0.19
46.800,-0.18,46.800,-0.19,46.800,-0.16,46.800,-0.09,46.800,-0.19
46.850,-0.18,46.850,-0.19,46.850,-0.17,46.850,-0.10,46.850,-0.19
46.900,-0.18,46.900,-0.17,46.900,-0.17,46.900,-0.10,46.900,-0.20
46.950,-0.17,46.950,-0.19,46.950,-0.17,46.950,-0.09,46.950,-0.19
47.000,-0.18,47.000,-0.19,47.000,-0.18,47.000,-0.08,47.000,-0.19
47.050,-0.18,47.050,-0.19,47.050,-0.18,47.050,-0.07,47.050,-0.19
47.100,-0.18,47.100,-0.18,47.100,-0.18,47.100,-0.02,47.100,-0.19
47.150,-0.18,47.150,-0.18,47.150,-0.18,47.150,0.07,47.150,-0.19
47.200,-0.17,47.200,-0.18,47.200,-0.18,47.200,0.21,47.200,-0.19
47.250,-0.17,47.250,-0.18,47.250,-0.18,47.250,0.39,47.250,-0.19
47.300,-0.17,47.300,-0.19,47.300,-0.18,47.300,0.59,47.300,-0.20
47.350,-0.16,47.350,-0.19,47.350,-0.18,47.350,0.76,47.350,-0.19
47.400,-0.16,47.400,-0.18,47.400,-0.18,47.400,0.85,47.400,-0.19
47.450,-0.17,47.450,-0.18,47.450,-0.19,47.450,0.95,47.450,-0.19
47.500,-0.17,47.500,-0.18,47.500,-0.17,47.500,1.00,47.500,-0.19
47.550,-0.17,47.550,-0.18,47.550,-0.16,47.550,1.02,47.550,-0.19
47.600,-0.17,47.600,-0.19,47.600,-0.16,47.600,1.06,47.600,-0.19
47.650,-0.17,47.650,-0.18,47.650,-0.15,47.650,1.09,47.650,-0.19
47.700,-0.18,47.700,-0.18,47.700,-0.15,47.700,1.13,47.700,-0.19
47.750,-0.18,47.750,-0.19,47.750,-0.15,47.750,1.20,47.750,-0.19
47.800,-0.17,47.800,-0.19,47.800,-0.14,47.800,1.22,47.800,-0.19
47.850,-0.18,47.850,-0.19,47.850,-0.14,47.850,1.26,47.850,-0.20
47.900,-0.18,47.900,-0.18,47.900,-0.12,47.900,1.28,47.900,-0.19
47.950,-0.18,47.950,-0.19,47.950,-0.12,47.950,1.46,47.950,-0.19
48.000,-0.18,48.000,-0.18,48.000,-0.11,48.000,1.59,48.000,-0.19
48.050,-0.18,48.050,-0.19,48.050,-0.08,48.050,1.74,48.050,-0.19
48.100,-0.19,48.100,-0.19,48.100,-0.01,48.100,1.87,48.100,-0.20
48.150,-0.19,48.150,-0.20,48.150,0.12,48.150,1.96,48.150,-0.19
48.200,-0.18,48.200,-0.19,48.200,0.23,48.200,2.01,48.200,-0.19
48.250,-0.18,48.250,-0.19,48.250,0.34,48.250,2.08,48.250,-0.19
48.300,-0.17,48.300,-0.20,48.300,0.43,48.300,2.17,48.300,-0.19
48.350,-0.16,48.350,-0.19,48.350,0.52,48.350,2.28,48.350,-0.19
48.400,-0.16,48.400,-0.20,48.400,0.66,48.400,2.41,48.400,-0.19
48.450,-0.18,48.450,-0.19,48.450,0.77,48.450,2.46,48.450,-0.18
48.500,-0.18,48.500,-0.18,48.500,0.84,48.500,2.51,48.500,-0.19
48.550,-0.17,48.550,-0.19,48.550,0.95,48.550,2.55,48.550,-0.19
48.600,-0.18,48.600,-0.19,48.600,1.07,48.600,2.57,48.600,-0.19
48.650,-0.18,48.650,-0.20,48.650,1.19,48.650,2.54,48.650,-0.18
48.700,-0.17,48.700,-0.19,48.700,1.15,48.700,2.39,48.700,-0.19
48.750,-0.18,48.750,-0.19,48.750,1.36,48.750,-0.09,48.750,-0.19
48.800,-0.17,48.800,-0.19,48.800,1.55,48.800,-0.13,48.800,-0.19
48.850,-0.17,48.850,-0.19,48.850,1.71,48.850,-0.20,48.850,-0.19
48.900,-0.18,48.900,-0.18,48.900,1.86,48.900,-0.19,48.900,-0.20
48.950,-0.17,48.950,-0.18,48.950,2.06,48.950,-0.19,48.950,-0.20
49.000,-0.18,49.000,-0.18,49.000,2.29,49.000,-0.17,49.000,-0.20
49.050,-0.18,49.050,-0.18,49.050,2.53,49.050,-0.18,49.050,-0.19
49.100,-0.18,49.100,-0.19,49.100,2.87,49.100,-0.18,49.100,-0.19
49.150,-0.18,49.150,-0.19,49.150,3.04,49.150,-0.18,49.150,-0.19
49.200,-0.17,49.200,-0.17,49.200,3.27,49.200,-0.18,49.200,-0.19
49.250,-0.18,49.250,-0.17,49.250,3.40,49.250,-0.18,49.250,-0.19
49.300,-0.17,49.300,-0.16,49.300,3.77,49.300,-0.19,49.300,-0.19
49.350,-0.16,49.350,-0.17,49.350,3.70,49.350,-0.19,49.350,-0.19
49.400,-0.17,49.400,-0.16,49.400,-0.14,49.400,-0.19,49.400,-0.19
49.450,-0.16,49.450,-0.17,49.450,-0.17,49.450,-0.18,49.450,-0.19
49.500,-0.15,49.500,-0.17,49.500,-0.21,49.500,-0.18,49.500,-0.19
49.550,-0.14,49.550,-0.17,49.550,-0.19,49.550,-0.17,49.550,-0.19
49.600,-0.14,49.600,-0.16,49.600,-0.19,49.600,-0.18,49.600,-0.21
49.650,-0.14,49.650,-0.16,49.650,-0.18,49.650,-0.18,49.650,-0.20
49.700,-0.14,49.700,-0.17,49.700,-0.18,49.700,-0.17,49.700,-0.19
49.750,-0.13,49.750,-0.17,49.750,-0.18,49.750,-0.18,49.750,-0.19
49.800,-0.12,49.800,-0.17,49.800,-0.17,49.800,-0.17,49.800,-0.19
49.850,-0.13,49.850,-0.16,49.850,-0.17,49.850,-0.17,49.850,-0.20
49.900,-0.12,49.900,-0.17,49.900,-0.18,49.900,-0.17,49.900,-0.20
49.950,-0.11,49.950,-0.17,49.950,-0.19,49.950,-0.17,49.950,-0.20
50.000,-0.12,50.000,-0.17,50.000,-0.20,50.000,-0.17,50.000,-0.19
50.050,-0.11,50.050,-0.17,50.050,-0.18,50.050,-0.17,50.050,-0.20
50.100,-0.12,50.100,-0.17,50.100,-0.19,50.100,-0.16,50.100,-0.20
50.150,-0.12,50.150,-0.18,50.150,-0.19,50.150,-0.17,50.150,-0.21
50.200,-0.12,50.200,-0.17,50.200,-0.19,50.200,-0.18,50.200,-0.21
50.250,-0.12,50.250,-0.19,50.250,-0.18,50.250,-0.18,50.250,-0.20
50.300,-0.13,50.300,-0.18,50.300,-0.18,50.300,-0.18,50.300,-0.20
50.350,-0.13,50.350,-0.18,50.350,-0.18,50.350,-0.18,50.350,-0.20
50.400,-0.14,50.400,-0.18,50.400,-0.19,50.400,-0.18,50.400,-0.19
50.450,-0.14,50.450,-0.19,50.450,-0.18,50.450,-0.18,50.450,-0.19
50.500,-0.14,50.500,-0.18,50.500,-0.18,50.500,-0.18,50.500,-0.19
50.550,-0.13,50.550,-0.17,50.550,-0.18,50.550,-0.19,50.550,-0.19
50.600,-0.13,50.600,-0.18,50.600,-0.18,50.600,-0.19,50.600,-0.19
50.650,-0.14,50.650,-0.18,50.650,-0.19,50.650,-0.17,50.650,-0.19
50.700,-0.12,50.700,-0.19,50.700,-0.19,50.700,-0.18,50.700,-0.19
50.750,-0.12,50.750,-0.19,50.750,-0.18,50.750,-0.18,50.750,-0.19
50.800,-0.13,50.800,-0.19,50.800,-0.18,50.800,-0.18,50.800,-0.20
50.850,-0.13,50.850,-0.19,50.850,-0.18,50.850,-0.18,50.850,-0.19
50.900,-0.12,50.900,-0.18,50.900,-0.18,50.900,-0.18,50.900,-0.19
50.950,-0.13,50.950,-0.19,50.950,-0.18,50.950,-0.18,50.950,-0.19
51.000,-0.12,51.000,-0.18,51.000,-0.19,51.000,-0.18,51.000,-0.19
51.050,-0.13,51.050,-0.18,51.050,-0.18,51.050,-0.18,51.050,-0.19
51.100,-0.13,51.100,-0.18,51.100,-0.18,51.100,-0.18,51.100,-0.18
51.150,-0.13,51.150,-0.18,51.150,-0.18,51.150,-0.18,51.150,-0.19
51.200,-0.12,51.200,-0.19,51.200,-0.18,51.200,-0.17,51.200,-0.19
51.250,-0.11,51.250,-0.18,51.250,-0.18,51.250,-0.17,51.250,-0.19
51.300,-0.11,51.300,-0.18,51.300,-0.19,51.300,-0.17,51.300,-0.18
51.350,-0.11,51.350,-0.17,51.350,-0.19,51.350,-0.18,51.350,-0.19
51.400,-0.11,51.400,-0.17,51.400,-0.19,51.400,-0.17,51.400,-0.18
51.450,-0.11,51.450,-0.17,51.450,-0.19,51.450,-0.18,51.450,-0.18
51.500,-0.12,51.500,-0.18,51.500,-0.18,51.500,-0.18,51.500,-0.18
51.550,-0.11,51.550,-0.17,51.550,-0.18,51.550,-0.17,51.550,-0.19
51.600,-0.12,51.600,-0.18,51.600,-0.18,51.600,-0.18,51.600,-0.19
51.650,-0.11,51.650,-0.18,51.650,-0.18,51.650,-0.17,51.650,-0.16
51.700,-0.11,51.700,-0.17,51.700,-0.18,51.700,-0.18,51.700,-0.16
51.750,-0.12,51.750,-0.17,51.750,-0.18,51.750,-0.17,51.750,-0.16
51.800,-0.11,51.800,-0.16,51.800,-0.17,51.800,-0.18,51.800,-0.15
51.850,-0.12,51.850,-0.17,51.850,-0.18,51.850,-0.18,51.850,-0.14
51.900,-0.12,51.900,-0.16,51.900,-0.19,51.900,-0.18,51.900,-0.16
51.950,-0.13,51.950,-0.16,51.950,-0.17,51.950,-0.18,51.950,-0.15
52.000,-0.13,52.000,-0.16,52.000,-0.18,52.000,-0.18,52.000,-0.16
52.050,-0.12,52.050,-0.17,52.050,-0.18,52.050,-0.16,52.050,-0.16
52.100,-0.12,52.100,-0.18,52.100,-0.17,52.100,-0.17,52.100,-0.16
52.150,-0.12,52.150,-0.17,52.150,-0.18,52.150,-0.17,52.150,-0.15
52.200,-0.11,52.200,-0.16,52.200,-0.19,52.200,-0.18,52.200,-0.16
52.250,-0.10,52.250,-0.15,52.250,-0.18,52.250,-0.17,52.250,-0.15
52.300,-0.10,52.300,-0.15,52.300,-0.19,52.300,-0.18,52.300,-0.16
52.350,-0.09,52.350,-0.14,52.350,-0.18,52.350,-0.19,52.350,-0.15
52.400,-0.09,52.400,-0.13,52.400,-0.18,52.400,-0.18,52.400,-0.15
52.450,-0.08,52.450,-0.12,52.450,-0.18,52.450,-0.19,52.450,-0.15
52.500,-0.07,52.500,-0.11,52.500,-0.18,52.500,-0.19,52.500,-0.14
52.550,-0.08,52.550,-0.10,52.550,-0.19,52.550,-0.18,52.550,-0.15
52.600,-0.07,52.600,-0.11,52.600,-0.19,52.600,-0.18,52.600,-0.15
52.650,-0.09,52.650,-0.09,52.650,-0.19,52.650,-0.19,52.650,-0.15
52.700,-0.07,52.700,-0.06,52.700,-0.18,52.700,-0.18,52.700,-0.15
52.750,-0.07,52.750,-7.51E-10,52.750,-0.17,52.750,-0.18,52.750,-0.15
52.800,-0.04,52.800,0.13,52.800,-0.18,52.800,-0.19,52.800,-0.14
52.850,0.00,52.850,0.34,52.850,-0.18,52.850,-0.19,52.850,-0.14
52.900,0.01,52.900,0.60,52.900,-0.17,52.900,-0.18,52.900,-0.14
52.950,0.03,52.950,0.89,52.950,-0.18,52.950,-0.19,52.950,-0.13
53.000,0.06,53.000,1.06,53.000,-0.17,53.000,-0.18,53.000,-0.14
53.050,0.10,53.050,1.13,53.050,-0.17,53.050,-0.17,53.050,-0.14
53.100,0.14,53.100,1.20,53.100,-0.17,53.100,-0.18,53.100,-0.13
53.150,0.19,53.150,1.22,53.150,-0.17,53.150,-0.18,53.150,-0.15
53.200,0.22,53.200,1.21,53.200,-0.17,53.200,-0.19,53.200,-0.14
53.250,0.24,53.250,1.15,53.250,-0.17,53.250,-0.19,53.250,-0.14
53.300,0.26,53.300,1.10,53.300,-0.17,53.300,-0.18,53.300,-0.14
53.350,0.30,53.350,1.12,53.350,-0.18,53.350,-0.19,53.350,-0.14
53.400,0.28,53.400,1.19,53.400,-0.18,53.400,-0.19,53.400,-0.14
53.450,0.29,53.450,1.25,53.450,-0.18,53.450,-0.19,53.450,-0.15
53.500,0.28,53.500,1.26,53.500,-0.18,53.500,-0.19,53.500,-0.15
53.550,0.28,53.550,1.29,53.550,-0.17,53.550,-0.17,53.550,-0.14
53.600,0.31,53.600,1.36,53.600,-0.18,53.600,-0.18,53.600,-0.14
53.650,0.33,53.650,1.50,53.650,-0.18,53.650,-0.18,53.650,-0.14
53.700,0.35,53.700,1.60,53.700,-0.18,53.700,-0.18,53.700,-0.14
53.750,0.36,53.750,1.64,53.750,-0.17,53.750,-0.18,53.750,-0.15
53.800,0.38,53.800,1.64,53.800,-0.18,53.800,-0.18,53.800,-0.15
53.850,0.40,53.850,1.63,53.850,-0.18,53.850,-0.18,53.850,-0.15
53.900,0.42,53.900,1.62,53.900,-0.18,53.900,-0.17,53.900,-0.15
53.950,0.45,53.950,1.67,53.950,-0.19,53.950,-0.18,53.950,-0.17
54.000,0.48,54.000,1.73,54.000,-0.18,54.000,-0.18,54.000,-0.15
54.050,0.49,54.050,1.79,54.050,-0.17,54.050,-0.18,54.050,-0.16
54.100,0.51,54.100,1.79,54.100,-0.17,54.100,-0.18,54.100,-0.15
54.150,0.56,54.150,1.68,54.150,-0.16,54.150,-0.17,54.150,-0.15
54.200,0.58,54.200,1.70,54.200,-0.15,54.200,-0.17,54.200,-0.15
54.250,0.58,54.250,0.63,54.250,-0.14,54.250,-0.17,54.250,-0.15
54.300,0.59,54.300,-0.10,54.300,-0.16,54.300,-0.16,54.300,-0.16
54.350,0.59,54.350,-0.15,54.350,-0.16,54.350,-0.17,54.350,-0.15
54.400,0.61,54.400,-0.19,54.400,-0.16,54.400,-0.17,54.400,-0.15
54.450,0.64,54.450,-0.18,54.450,-0.15,54.450,-0.17,54.450,-0.15
54.500,0.65,54.500,-0.18,54.500,-0.15,54.500,-0.18,54.500,-0.15
54.550,0.66,54.550,-0.18,54.550,-0.14,54.550,-0.18,54.550,-0.15
54.600,0.61,54.600,-0.17,54.600,-0.15,54.600,-0.17,54.600,-0.16
54.650,0.57,54.650,-0.18,54.650,-0.16,54.650,-0.17,54.650,-0.15
54.700,0.55,54.700,-0.18,54.700,-0.15,54.700,-0.16,54.700,-0.16
54.750,0.54,54.750,-0.19,54.750,-0.16,54.750,-0.18,54.750,-0.15
54.800,0.52,54.800,-0.19,54.800,-0.16,54.800,-0.18,54.800,-0.15
54.850,0.52,54.850,-0.18,54.850,-0.15,54.850,-0.18,54.850,-0.15
54.900,0.48,54.900,-0.19,54.900,-0.15,54.900,-0.18,54.900,-0.15
54.950,0.46,54.950,-0.18,54.950,-0.15,54.950,-0.18,54.950,-0.15
55.000,0.47,55.000,-0.18,55.000,-0.16,55.000,-0.17,55.000,-0.15
55.050,0.45,55.050,-0.18,55.050,-0.15,55.050,-0.18,55.050,-0.16
55.100,0.42,55.100,-0.18,55.100,-0.14,55.100,-0.17,55.100,-0.16
55.150,0.36,55.150,-0.19,55.150,-0.15,55.150,-0.17,55.150,-0.15
55.200,0.30,55.200,-0.17,55.200,-0.14,55.200,-0.16,55.200,-0.15
55.250,0.22,55.250,-0.18,55.250,-0.14,55.250,-0.18,55.250,-0.15
55.300,0.19,55.300,-0.17,55.300,-0.16,55.300,-0.18,55.300,-0.15
55.350,0.20,55.350,-0.17,55.350,-0.15,55.350,-0.18,55.350,-0.15
55.400,0.20,55.400,-0.18,55.400,-0.15,55.400,-0.18,55.400,-0.15
55.450,0.19,55.450,-0.19,55.450,-0.14,55.450,-0.17,55.450,-0.17
55.500,0.60,55.500,-0.18,55.500,-0.14,55.500,-0.19,55.500,-0.16
55.550,0.58,55.550,-0.17,55.550,-0.13,55.550,-0.18,55.550,-0.15
55.600,0.56,55.600,-0.19,55.600,-0.15,55.600,-0.18,55.600,-0.15
55.650,0.77,55.650,-0.18,55.650,-0.14,55.650,-0.17,55.650,-0.16
55.700,0.87,55.700,-0.19,55.700,-0.14,55.700,-0.18,55.700,-0.16
55.750,0.84,55.750,-0.18,55.750,-0.14,55.750,-0.17,55.750,-0.16
55.800,0.93,55.800,-0.17,55.800,-0.14,55.800,-0.18,55.800,-0.15
55.850,1.01,55.850,-0.18,55.850,-0.14,55.850,-0.17,55.850,-0.15
55.900,1.01,55.900,-0.18,55.900,-0.15,55.900,-0.16,55.900,-0.15
55.950,1.03,55.950,-0.18,55.950,-0.14,55.950,-0.16,55.950,-0.15
56.000,1.05,56.000,-0.18,56.000,-0.15,56.000,-0.16,56.000,-0.15
56.050,1.02,56.050,-0.17,56.050,-0.14,56.050,-0.16,56.050,-0.15
56.100,1.02,56.100,-0.18,56.100,-0.15,56.100,-0.17,56.100,-0.15
56.150,1.01,56.150,-0.18,56.150,-0.16,56.150,-0.17,56.150,-0.12
56.200,0.98,56.200,-0.18,56.200,-0.16,56.200,-0.17,56.200,-0.13
56.250,0.92,56.250,-0.19,56.250,-0.15,56.250,-0.17,56.250,-0.11
56.300,0.87,56.300,-0.18,56.300,-0.15,56.300,-0.18,56.300,-0.09
56.350,0.85,56.350,-0.19,56.350,-0.15,56.350,-0.18,56.350,-0.07
56.400,0.02,56.400,-0.18,56.400,-0.14,56.400,-0.19,56.400,-0.07
56.450,-0.14,56.450,-0.18,56.450,-0.14,56.450,-0.18,56.450,-0.04
56.500,-0.20,56.500,-0.17,56.500,-0.15,56.500,-0.17,56.500,-0.06
56.550,-0.21,56.550,-0.18,56.550,-0.15,56.550,-0.18,56.550,-0.01
56.600,-0.21,56.600,-0.17,56.600,-0.16,56.600,-0.18,56.600,0.07
56.650,-0.19,56.650,-0.18,56.650,-0.16,56.650,-0.18,56.650,0.14
56.700,-0.18,56.700,-0.18,56.700,-0.15,56.700,-0.18,56.700,0.26
56.750,-0.17,56.750,-0.18,56.750,-0.15,56.750,-0.18,56.750,0.41
56.800,-0.18,56.800,-0.17,56.800,-0.15,56.800,-0.18,56.800,0.44
56.850,-0.18,56.850,-0.18,56.850,-0.16,56.850,-0.18,56.850,0.29
56.900,-0.18,56.900,-0.18,56.900,-0.15,56.900,-0.18,56.900,-0.03
56.950,-0.19,56.950,-0.18,56.950,-0.16,56.950,-0.17,56.950,-0.13
57.000,-0.19,57.000,-0.19,57.000,-0.16,57.000,-0.18,57.000,-0.20
57.050,-0.18,57.050,-0.18,57.050,-0.16,57.050,-0.18,57.050,-0.21
57.100,-0.19,57.100,-0.17,57.100,-0.16,57.100,-0.19,57.100,-0.19
57.150,-0.19,57.150,-0.18,57.150,-0.16,57.150,-0.19,57.150,-0.20
57.200,-0.18,57.200,-0.18,57.200,-0.16,57.200,-0.18,57.200,-0.20
57.250,-0.19,57.250,-0.18,57.250,-0.16,57.250,-0.18,57.250,-0.19
57.300,-0.19,57.300,-0.17,57.300,-0.15,57.300,-0.18,57.300,-0.20
57.350,-0.18,57.350,-0.18,57.350,-0.16,57.350,-0.18,57.350,-0.19
57.400,-0.18,57.400,-0.18,57.400,-0.18,57.400,-0.18,57.400,-0.20
57.450,-0.18,57.450,-0.18,57.450,-0.16,57.450,-0.17,57.450,-0.20
57.500,-0.18,57.500,-0.19,57.500,-0.16,57.500,-0.18,57.500,-0.20
57.550,-0.18,57.550,-0.19,57.550,-0.15,57.550,-0.17,57.550,-0.20
57.600,-0.18,57.600,-0.19,57.600,-0.16,57.600,-0.18,57.600,-0.19
57.650,-0.18,57.650,-0.18,57.650,-0.15,57.650,-0.18,57.650,-0.20
57.700,-0.18,57.700,-0.19,57.700,-0.16,57.700,-0.18,57.700,-0.20
57.750,-0.18,57.750,-0.19,57.750,-0.15,57.750,-0.18,57.750,-0.20
57.800,-0.18,57.800,-0.19,57.800,-0.16,57.800,-0.17,57.800,-0.20
57.850,-0.19,57.850,-0.17,57.850,-0.15,57.850,-0.18,57.850,-0.19
57.900,-0.18,57.900,-0.17,57.900,-0.15,57.900,-0.17,57.900,-0.21
57.950,-0.19,57.950,-0.18,57.950,-0.15,57.950,-0.18,57.950,-0.20
58.000,-0.19,58.000,-0.18,58.000,-0.17,58.000,-0.18,58.000,-0.21
58.050,-0.19,58.050,-0.18,58.050,-0.16,58.050,-0.18,58.050,-0.20
58.100,-0.19,58.100,-0.19,58.100,-0.16,58.100,-0.19,58.100,-0.19
58.150,-0.19,58.150,-0.18,58.150,-0.16,58.150,-0.19,58.150,-0.19
58.200,-0.18,58.200,-0.20,58.200,-0.16,58.200,-0.18,58.200,-0.19
58.250,-0.19,58.250,-0.18,58.250,-0.17,58.250,-0.18,58.250,-0.19
58.300,-0.18,58.300,-0.18,58.300,-0.15,58.300,-0.18,58.300,-0.19
58.350,-0.18,58.350,-0.20,58.350,-0.15,58.350,-0.19,58.350,-0.19
58.400,-0.18,58.400,-0.19,58.400,-0.15,58.400,-0.19,58.400,-0.20
58.450,-0.18,58.450,-0.19,58.450,-0.15,58.450,-0.19,58.450,-0.20
58.500,-0.18,58.500,-0.19,58.500,-0.13,58.500,-0.19,58.500,-0.19
58.550,-0.18,58.550,-0.19,58.550,-0.12,58.550,-0.18,58.550,-0.19
58.600,-0.18,58.600,-0.19,58.600,-0.11,58.600,-0.19,58.600,-0.20
58.650,-0.17,58.650,-0.19,58.650,-0.11,58.650,-0.18,58.650,-0.19
58.700,-0.18,58.700,-0.19,58.700,-0.08,58.700,-0.18,58.700,-0.19
58.750,-0.17,58.750,-0.19,58.750,-0.04,58.750,-0.19,58.750,-0.19
58.800,-0.16,58.800,-0.18,58.800,0.12,58.800,-0.18,58.800,-0.19
58.850,-0.17,58.850,-0.19,58.850,0.40,58.850,-0.17,58.850,-0.19
58.900,-0.17,58.900,-0.18,58.900,0.71,58.900,-0.17,58.900,-0.21
58.950,-0.18,58.950,-0.18,58.950,0.94,58.950,-0.19,58.950,-0.20
59.000,-0.19,59.000,-0.18,59.000,1.04,59.000,-0.19,59.000,-0.20
59.050,-0.18,59.050,-0.17,59.050,1.12,59.050,-0.18,59.050,-0.19
59.100,-0.18,59.100,-0.16,59.100,1.31,59.100,-0.18,59.100,-0.19
59.150,-0.18,59.150,-0.18,59.150,1.36,59.150,-0.18,59.150,-0.19
59.200,-0.18,59.200,-0.18,59.200,1.45,59.200,-0.16,59.200,-0.19
59.250,-0.18,59.250,-0.18,59.250,1.59,59.250,-0.17,59.250,-0.18
59.300,-0.19,59.300,-0.18,59.300,1.57,59.300,-0.18,59.300,-0.18
59.350,-0.18,59.350,-0.17,59.350,1.72,59.350,-0.17,59.350,-0.20
59.400,-0.18,59.400,-0.17,59.400,1.80,59.400,-0.17,59.400,-0.19
59.450,-0.19,59.450,-0.17,59.450,1.96,59.450,-0.18,59.450,-0.20
59.500,-0.18,59.500,-0.17,59.500,2.08,59.500,-0.18,59.500,-0.20
59.550,-0.18,59.550,-0.17,59.550,2.14,59.550,-0.17,59.550,-0.19
59.600,-0.17,59.600,-0.16,59.600,2.30,59.600,-0.17,59.600,-0.19
59.650,-0.18,59.650,-0.17,59.650,2.44,59.650,-0.18,59.650,-0.19
59.700,-0.19,59.700,-0.17,59.700,2.54,59.700,-0.18,59.700,-0.20
59.750,-0.18,59.750,-0.17,59.750,2.80,59.750,-0.18,59.750,-0.19
59.800,-0.19,59.800,-0.17,59.800,2.95,59.800,-0.18,59.800,-0.19
59.850,-0.19,59.850,-0.19,59.850,3.13,59.850,-0.19,59.850,-0.19
59.900,-0.20,59.900,-0.18,59.900,3.25,59.900,-0.19,59.900,-0.19
59.950,-0.19,59.950,-0.18,59.950,3.33,59.950,-0.18,59.950,-0.19
60.000,-0.20,60.000,-0.19,60.000,3.47,60.000,-0.18,60.000,-0.19
60.050,-0.19,60.050,-0.18,60.050,3.47,60.050,-0.19,60.050,-0.18
60.100,-0.19,60.100,-0.18,60.100,3.68,60.100,-0.19,60.100,-0.19
60.150,-0.19,60.150,-0.18,60.150,3.73,60.150,-0.19,60.150,-0.19
60.200,-0.18,60.200,-0.17,60.200,3.67,60.200,-0.18,60.200,-0.19
60.250,-0.18,60.250,-0.17,60.250,3.73,60.250,-0.19,60.250,-0.19
60.300,-0.19,60.300,-0.18,60.300,3.70,60.300,-0.17,60.300,-0.19
60.350,-0.18,60.350,-0.18,60.350,-0.12,60.350,-0.17,60.350,-0.19
60.400,-0.19,60.400,-0.19,60.400,-0.12,60.400,-0.19,60.400,-0.19
60.450,-0.19,60.450,-0.18,60.450,-0.20,60.450,-0.17,60.450,-0.19
60.500,-0.19,60.500,-0.19,60.500,-0.19,60.500,-0.18,60.500,-0.18
60.550,-0.19,60.550,-0.18,60.550,-0.20,60.550,-0.17,60.550,-0.19
60.600,-0.20,60.600,-0.18,60.600,-0.19,60.600,-0.18,60.600,-0.20
60.650,-0.19,60.650,-0.18,60.650,-0.18,60.650,-0.19,60.650,-0.19
60.700,-0.19,60.700,-0.19,60.700,-0.19,60.700,-0.18,60.700,-0.19
60.750,-0.19,60.750,-0.18,60.750,-0.19,60.750,-0.18,60.750,-0.19
60.800,-0.18,60.800,-0.18,60.800,-0.18,60.800,-0.17,60.800,-0.19
60.850,-0.18,60.850,-0.19,60.850,-0.19,60.850,-0.18,60.850,-0.19
60.900,-0.17,60.900,-0.19,60.900,-0.18,60.900,-0.16,60.900,-0.19
60.950,-0.18,60.950,-0.20,60.950,-0.19,60.950,-0.17,60.950,-0.19
61.000,-0.18,61.000,-0.18,61.000,-0.17,61.000,-0.17,61.000,-0.19
61.050,-0.17,61.050,-0.19,61.050,-0.18,61.050,-0.17,61.050,-0.19
61.100,-0.17,61.100,-0.18,61.100,-0.18,61.100,-0.17,61.100,-0.19
61.150,-0.17,61.150,-0.18,61.150,-0.18,61.150,-0.17,61.150,-0.19
61.200,-0.16,61.200,-0.18,61.200,-0.17,61.200,-0.17,61.200,-0.19
61.250,-0.16,61.250,-0.18,61.250,-0.17,61.250,-0.17,61.250,-0.18
61.300,-0.18,61.300,-0.18,61.300,-0.18,61.300,-0.17,61.300,-0.18
61.350,-0.14,61.350,-0.18,61.350,-0.18,61.350,-0.17,61.350,-0.18
61.400,-0.15,61.400,-0.19,61.400,-0.17,61.400,-0.18,61.400,-0.19
61.450,-0.16,61.450,-0.18,61.450,-0.18,61.450,-0.17,61.450,-0.18
61.500,-0.15,61.500,-0.19,61.500,-0.17,61.500,-0.18,61.500,-0.19
61.550,-0.14,61.550,-0.18,61.550,-0.17,61.550,-0.17,61.550,-0.19
61.600,-0.14,61.600,-0.18,61.600,-0.18,61.600,-0.16,61.600,-0.18
61.650,-0.15,61.650,-0.18,61.650,-0.18,61.650,-0.18,61.650,-0.17
61.700,-0.15,61.700,-0.18,61.700,-0.18,61.700,-0.19,61.700,-0.16
61.750,-0.14,61.750,-0.17,61.750,-0.18,61.750,-0.18,61.750,-0.17
61.800,-0.14,61.800,-0.17,61.800,-0.18,61.800,-0.18,61.800,-0.15
61.850,-0.14,61.850,-0.16,61.850,-0.18,61.850,-0.18,61.850,-0.16
61.900,-0.15,61.900,-0.16,61.900,-0.17,61.900,-0.18,61.900,-0.16
61.950,-0.14,61.950,-0.16,61.950,-0.17,61.950,-0.18,61.950,-0.17
62.000,-0.15,62.000,-0.16,62.000,-0.18,62.000,-0.18,62.000,-0.17
62.050,-0.13,62.050,-0.15,62.050,-0.18,62.050,-0.18,62.050,-0.17
62.100,-0.15,62.100,-0.15,62.100,-0.17,62.100,-0.17,62.100,-0.17
62.150,-0.15,62.150,-0.14,62.150,-0.18,62.150,-0.16,62.150,-0.17
62.200,-0.14,62.200,-0.13,62.200,-0.18,62.200,-0.16,62.200,-0.16
62.250,-0.15,62.250,-0.13,62.250,-0.19,62.250,-0.17,62.250,-0.16
62.300,-0.15,62.300,-0.12,62.300,-0.18,62.300,-0.17,62.300,-0.16
62.350,-0.14,62.350,-0.13,62.350,-0.18,62.350,-0.17,62.350,-0.17
62.400,-0.15,62.400,-0.12,62.400,-0.18,62.400,-0.17,62.400,-0.17
62.450,-0.15,62.450,-0.12,62.450,-0.19,62.450,-0.18,62.450,-0.16
62.500,-0.14,62.500,-0.11,62.500,-0.19,62.500,-0.19,62.500,-0.15
62.550,-0.14,62.550,-0.12,62.550,-0.18,62.550,-0.18,62.550,-0.16
62.600,-0.14,62.600,-0.09,62.600,-0.18,62.600,-0.17,62.600,-0.15
62.650,-0.14,62.650,-0.10,62.650,-0.18,62.650,-0.18,62.650,-0.14
62.700,-0.14,62.700,-0.09,62.700,-0.18,62.700,-0.17,62.700,-0.15
62.750,-0.15,62.750,-0.12,62.750,-0.17,62.750,-0.17,62.750,-0.15
62.800,-0.14,62.800,-0.12,62.800,-0.18,62.800,-0.18,62.800,-0.16
62.850,-0.13,62.850,-0.12,62.850,-0.18,62.850,-0.18,62.850,-0.16
62.900,-0.14,62.900,-0.13,62.900,-0.17,62.900,-0.18,62.900,-0.17
62.950,-0.15,62.950,-0.12,62.950,-0.18,62.950,-0.19,62.950,-0.17
63.000,-0.14,63.000,-0.13,63.000,-0.17,63.000,-0.19,63.000,-0.16
63.050,-0.13,63.050,-0.11,63.050,-0.17,63.050,-0.19,63.050,-0.17
63.100,-0.14,63.100,-0.09,63.100,-0.17,63.100,-0.18,63.100,-0.17
63.150,-0.13,63.150,-0.07,63.150,-0.18,63.150,-0.19,63.150,-0.16
63.200,-0.14,63.200,0.01,63.200,-0.18,63.200,-0.19,63.200,-0.17
63.250,-0.14,63.250,0.14,63.250,-0.18,63.250,-0.19,63.250,-0.17
63.300,-0.14,63.300,0.30,63.300,-0.19,63.300,-0.19,63.300,-0.17
63.350,-0.13,63.350,0.47,63.350,-0.18,63.350,-0.18,63.350,-0.16
63.400,-0.14,63.400,0.52,63.400,-0.19,63.400,-0.18,63.400,-0.17
63.450,-0.14,63.450,0.67,63.450,-0.18,63.450,-0.19,63.450,-0.16
63.500,-0.13,63.500,0.79,63.500,-0.18,63.500,-0.19,63.500,-0.16
63.550,-0.14,63.550,0.90,63.550,-0.18,63.550,-0.19,63.550,-0.16
63.600,-0.13,63.600,0.93,63.600,-0.17,63.600,-0.19,63.600,-0.15
63.650,-0.13,63.650,0.98,63.650,-0.18,63.650,-0.19,63.650,-0.16
63.700,-0.12,63.700,0.98,63.700,-0.18,63.700,-0.19,63.700,-0.16
63.750,-0.13,63.750,1.09,63.750,-0.18,63.750,-0.18,63.750,-0.16
63.800,-0.12,63.800,1.19,63.800,-0.19,63.800,-0.18,63.800,-0.17
63.850,-0.12,63.850,1.40,63.850,-0.18,63.850,-0.18,63.850,-0.16
63.900,-0.14,63.900,1.50,63.900,-0.18,63.900,-0.17,63.900,-0.16
63.950,-0.14,63.950,1.66,63.950,-0.17,63.950,-0.18,63.950,-0.17
64.000,-0.13,64.000,1.78,64.000,-0.17,64.000,-0.18,64.000,-0.17
64.050,-0.14,64.050,1.85,64.050,-0.18,64.050,-0.18,64.050,-0.17
64.100,-0.13,64.100,1.99,64.100,-0.17,64.100,-0.17,64.100,-0.17
64.150,-0.14,64.150,2.00,64.150,-0.17,64.150,-0.18,64.150,-0.17
64.200,-0.14,64.200,2.02,64.200,-0.18,64.200,-0.19,64.200,-0.17
64.250,-0.14,64.250,2.05,64.250,-0.18,64.250,-0.17,64.250,-0.16
64.300,-0.14,64.300,2.04,64.300,-0.18,64.300,-0.18,64.300,-0.17
64.350,-0.13,64.350,1.97,64.350,-0.18,64.350,-0.18,64.350,-0.17
64.400,-0.13,64.400,1.93,64.400,-0.19,64.400,-0.18,64.400,-0.16
64.450,-0.14,64.450,1.91,64.450,-0.19,64.450,-0.18,64.450,-0.17
64.500,-0.14,64.500,1.92,64.500,-0.17,64.500,-0.17,64.500,-0.16
64.550,-0.15,64.550,1.93,64.550,-0.18,64.550,-0.18,64.550,-0.16
64.600,-0.14,64.600,1.88,64.600,-0.19,64.600,-0.18,64.600,-0.15
64.650,-0.14,64.650,1.88,64.650,-0.18,64.650,-0.18,64.650,-0.15
64.700,-0.14,64.700,1.78,64.700,-0.19,64.700,-0.18,64.700,-0.16
64.750,-0.13,64.750,1.77,64.750,-0.18,64.750,-0.18,64.750,-0.16
64.800,-0.12,64.800,1.56,64.800,-0.18,64.800,-0.18,64.800,-0.16
64.850,-0.13,64.850,-0.05,64.850,-0.18,64.850,-0.18,64.850,-0.16
64.900,-0.13,64.900,-0.14,64.900,-0.19,64.900,-0.18,64.900,-0.16
64.950,-0.12,64.950,-0.20,64.950,-0.18,64.950,-0.19,64.950,-0.17
65.000,-0.12,65.000,-0.19,65.000,-0.19,65.000,-0.19,65.000,-0.17
65.050,-0.12,65.050,-0.20,65.050,-0.18,65.050,-0.18,65.050,-0.16
65.100,-0.11,65.100,-0.18,65.100,-0.18,65.100,-0.18,65.100,-0.16
65.150,-0.09,65.150,-0.19,65.150,-0.16,65.150,-0.18,65.150,-0.16
65.200,-0.10,65.200,-0.19,65.200,-0.17,65.200,-0.18,65.200,-0.16
65.250,-0.08,65.250,-0.18,65.250,-0.18,65.250,-0.18,65.250,-0.17
65.300,-0.09,65.300,-0.19,65.300,-0.17,65.300,-0.18,65.300,-0.17
65.350,-0.09,65.350,-0.18,65.350,-0.17,65.350,-0.18,65.350,-0.16
65.400,-0.08,65.400,-0.18,65.400,-0.17,65.400,-0.18,65.400,-0.17
65.450,-0.07,65.450,-0.18,65.450,-0.17,65.450,-0.19,65.450,-0.18
65.500,-0.05,65.500,-0.18,65.500,-0.17,65.500,-0.19,65.500,-0.16
65.550,-0.05,65.550,-0.17,65.550,-0.18,65.550,-0.19,65.550,-0.15
65.600,-0.02,65.600,-0.18,65.600,-0.18,65.600,-0.19,65.600,-0.16
65.650,0.00,65.650,-0.19,65.650,-0.17,65.650,-0.19,65.650,-0.16
65.700,0.05,65.700,-0.18,65.700,-0.18,65.700,-0.18,65.700,-0.17
65.750,0.08,65.750,-0.20,65.750,-0.18,65.750,-0.19,65.750,-0.16
65.800,0.11,65.800,-0.19,65.800,-0.18,65.800,-0.19,65.800,-0.18
65.850,0.16,65.850,-0.18,65.850,-0.18,65.850,-0.19,65.850,-0.17
65.900,0.18,65.900,-0.19,65.900,-0.17,65.900,-0.19,65.900,-0.16
65.950,0.14,65.950,-0.19,65.950,-0.17,65.950,-0.19,65.950,-0.18
66.000,0.13,66.000,-0.19,66.000,-0.17,66.000,-0.19,66.000,-0.17
66.050,0.13,66.050,-0.17,66.050,-0.17,66.050,-0.19,66.050,-0.16
66.100,0.13,66.100,-0.18,66.100,-0.17,66.100,-0.18,66.100,-0.17
66.150,0.18,66.150,-0.18,66.150,-0.17,66.150,-0.18,66.150,-0.16
66.200,0.22,66.200,-0.20,66.200,-0.18,66.200,-0.18,66.200,-0.16
66.250,0.20,66.250,-0.18,66.250,-0.19,66.250,-0.19,66.250,-0.15
66.300,0.22,66.300,-0.20,66.300,-0.17,66.300,-0.18,66.300,-0.16
66.350,0.25,66.350,-0.19,66.350,-0.18,66.350,-0.18,66.350,-0.16
66.400,0.28,66.400,-0.19,66.400,-0.17,66.400,-0.18,66.400,-0.16
66.450,0.31,66.450,-0.19,66.450,-0.16,66.450,-0.18,66.450,-0.16
66.500,0.35,66.500,-0.20,66.500,-0.17,66.500,-0.18,66.500,-0.16
66.550,0.39,66.550,-0.20,66.550,-0.16,66.550,-0.18,66.550,-0.16
66.600,0.51,66.600,-0.20,66.600,-0.16,66.600,-0.19,66.600,-0.17
66.650,0.58,66.650,-0.19,66.650,-0.17,66.650,-0.18,66.650,-0.16
66.700,0.58,66.700,-0.19,66.700,-0.19,66.700,-0.18,66.700,-0.15
66.750,0.67,66.750,-0.19,66.750,-0.18,66.750,-0.18,66.750,-0.16
66.800,0.70,66.800,-0.19,66.800,-0.18,66.800,-0.18,66.800,-0.16
66.850,0.79,66.850,-0.18,66.850,-0.17,66.850,-0.18,66.850,-0.16
66.900,0.86,66.900,-0.19,66.900,-0.18,66.900,-0.18,66.900,-0.16
66.950,1.00,66.950,-0.18,66.950,-0.18,66.950,-0.18,66.950,-0.15
67.000,1.06,67.000,-0.18,67.000,-0.18,67.000,-0.16,67.000,-0.15
67.050,1.12,67.050,-0.18,67.050,-0.18,67.050,-0.18,67.050,-0.15
67.100,1.16,67.100,-0.19,67.100,-0.18,67.100,-0.18,67.100,-0.15
67.150,1.21,67.150,-0.18,67.150,-0.17,67.150,-0.19,67.150,-0.14
67.200,1.25,67.200,-0.18,67.200,-0.18,67.200,-0.19,67.200,-0.14
67.250,1.27,67.250,-0.19,67.250,-0.18,67.250,-0.20,67.250,-0.14
67.300,1.24,67.300,-0.19,67.300,-0.18,67.300,-0.19,67.300,-0.15
67.350,1.24,67.350,-0.19,67.350,-0.18,67.350,-0.19,67.350,-0.15
67.400,1.18,67.400,-0.18,67.400,-0.18,67.400,-0.18,67.400,-0.14
67.450,0.95,67.450,-0.19,67.450,-0.18,67.450,-0.19,67.450,-0.14
67.500,0.12,67.500,-0.18,67.500,-0.17,67.500,-0.18,67.500,-0.13
67.550,-0.05,67.550,-0.19,67.550,-0.18,67.550,-0.18,67.550,-0.13
67.600,-0.09,,,67.600,-0.18,67.600,-0.18,67.600,-0.10
67.650,-0.10,,,67.650,-0.17,67.650,-0.18,67.650,-0.11
67.700,-0.10,,,67.700,-0.18,67.700,-0.19,67.700,-0.08
67.750,-0.10,,,67.750,-0.18,67.750,-0.19,67.750,-0.06
67.800,-0.09,,,67.800,-0.18,67.800,-0.18,67.800,-0.01
67.850,-0.09,,,67.850,-0.18,67.850,-0.19,67.850,-7.51E-10
67.900,-0.10,,,67.900,-0.18,67.900,-0.19,67.900,0.02
67.950,-0.09,,,67.950,-0.18,67.950,-0.18,67.950,0.14
68.000,-0.10,,,68.000,-0.19,68.000,-0.19,68.000,0.32
68.050,-0.10,,,68.050,-0.19,68.050,-0.19,68.050,0.45
68.100,-0.10,,,68.100,-0.18,68.100,-0.19,68.100,0.31
68.150,-0.12,,,68.150,-0.18,68.150,-0.18,68.150,0.23
68.200,-0.12,,,68.200,-0.19,68.200,-0.19,68.200,-0.14
68.250,-0.13,,,68.250,-0.19,68.250,-0.19,68.250,-0.16
68.300,-0.14,,,68.300,-0.19,68.300,-0.18,68.300,-0.20
68.350,-0.14,,,68.350,-0.19,68.350,-0.18,68.350,-0.21
68.400,-0.14,,,68.400,-0.18,68.400,-0.18,68.400,-0.20
68.450,-0.14,,,68.450,-0.19,68.450,-0.18,68.450,-0.19
68.500,-0.14,,,68.500,-0.17,68.500,-0.19,68.500,-0.18
68.550,-0.14,,,68.550,-0.18,68.550,-0.19,68.550,-0.20
68.600,-0.16,,,68.600,-0.17,68.600,-0.19,68.600,-0.19
68.650,-0.18,,,68.650,-0.17,68.650,-0.19,68.650,-0.20
68.700,-0.18,,,68.700,-0.18,68.700,-0.19,68.700,-0.20
68.750,-0.18,,,68.750,-0.18,68.750,-0.19,68.750,-0.20
68.800,-0.18,,,68.800,-0.17,68.800,-0.18,68.800,-0.20
68.850,-0.18,,,68.850,-0.18,68.850,-0.19,68.850,-0.18
68.900,-0.18,,,68.900,-0.18,68.900,-0.18,68.900,-0.19
68.950,-0.18,,,68.950,-0.18,68.950,-0.18,68.950,-0.19
69.000,-0.18,,,69.000,-0.18,69.000,-0.18,69.000,-0.19
69.050,-0.18,,,69.050,-0.18,69.050,-0.19,69.050,-0.18
69.100,-0.17,,,69.100,-0.18,69.100,-0.18,69.100,-0.19
69.150,-0.19,,,69.150,-0.18,69.150,-0.19,69.150,-0.19
69.200,-0.18,,,69.200,-0.18,69.200,-0.18,69.200,-0.18
69.250,-0.18,,,69.250,-0.19,69.250,-0.18,69.250,-0.20
69.300,-0.18,,,69.300,-0.18,69.300,-0.19,69.300,-0.19
69.350,-0.19,,,69.350,-0.17,69.350,-0.18,69.350,-0.20
69.400,-0.19,,,69.400,-0.18,69.400,-0.19,69.400,-0.20
69.450,-0.20,,,69.450,-0.18,69.450,-0.18,69.450,-0.19
69.500,-0.20,,,69.500,-0.18,69.500,-0.18,69.500,-0.20
69.550,-0.20,,,69.550,-0.17,69.550,-0.18,69.550,-0.21
69.600,-0.19,,,69.600,-0.17,69.600,-0.18,69.600,-0.22
69.650,-0.19,,,69.650,-0.18,69.650,-0.17,69.650,-0.21
69.700,-0.19,,,69.700,-0.17,69.700,-0.17,69.700,-0.20
69.750,-0.18,,,69.750,-0.18,69.750,-0.17,69.750,-0.21
69.800,-0.19,,,69.800,-0.17,69.800,-0.18,69.800,-0.21
69.850,-0.19,,,69.850,-0.17,69.850,-0.18,69.850,-0.21
69.900,-0.19,,,69.900,-0.17,69.900,-0.18,69.900,-0.21
69.950,-0.18,,,69.950,-0.17,69.950,-0.19,69.950,-0.20
70.000,-0.19,,,70.000,-0.18,70.000,-0.18,70.000,-0.20
70.050,-0.19,,,70.050,-0.17,70.050,-0.18,70.050,-0.20
70.100,-0.19,,,70.100,-0.18,70.100,-0.18,70.100,-0.20
70.150,-0.19,,,70.150,-0.18,70.150,-0.18,70.150,-0.20
70.200,-0.18,,,70.200,-0.18,70.200,-0.18,70.200,-0.21
70.250,-0.18,,,70.250,-0.18,70.250,-0.19,70.250,-0.20
70.300,-0.18,,,70.300,-0.18,70.300,-0.18,70.300,-0.20
70.350,-0.18,,,70.350,-0.17,70.350,-0.18,70.350,-0.21
70.400,-0.19,,,70.400,-0.18,70.400,-0.18,70.400,-0.20
70.450,-0.19,,,70.450,-0.18,70.450,-0.18,70.450,-0.20
70.500,-0.18,,,70.500,-0.17,70.500,-0.18,70.500,-0.20
70.550,-0.18,,,70.550,-0.17,70.550,-0.18,70.550,-0.20
70.600,-0.18,,,70.600,-0.17,70.600,-0.18,70.600,-0.20
70.650,-0.18,,,70.650,-0.17,70.650,-0.18,70.650,-0.20
70.700,-0.19,,,70.700,-0.18,70.700,-0.18,70.700,-0.20
70.750,-0.19,,,70.750,-0.17,70.750,-0.18,70.750,-0.20
70.800,-0.18,,,70.800,-0.18,70.800,-0.17,70.800,-0.20
70.850,-0.18,,,70.850,-0.18,70.850,-0.17,70.850,-0.21
70.900,-0.17,,,70.900,-0.17,70.900,-0.17,70.900,-0.20
70.950,-0.18,,,70.950,-0.18,70.950,-0.17,70.950,-0.19
71.000,-0.18,,,71.000,-0.18,71.000,-0.18,71.000,-0.20
71.050,-0.18,,,71.050,-0.18,71.050,-0.18,71.050,-0.19
71.100,-0.19,,,71.100,-0.18,71.100,-0.18,71.100,-0.20
71.150,-0.18,,,71.150,-0.18,71.150,-0.17,71.150,-0.20
71.200,-0.18,,,71.200,-0.18,71.200,-0.18,71.200,-0.21
71.250,-0.18,,,71.250,-0.16,71.250,-0.18,71.250,-0.19
71.300,-0.18,,,71.300,-0.18,71.300,-0.18,71.300,-0.19
71.350,-0.17,,,71.350,-0.18,71.350,-0.18,71.350,-0.19
71.400,-0.19,,,71.400,-0.17,71.400,-0.17,71.400,-0.19
71.450,-0.19,,,71.450,-0.18,71.450,-0.18,71.450,-0.19
71.500,-0.19,,,71.500,-0.18,71.500,-0.19,71.500,-0.20
71.550,-0.19,,,71.550,-0.18,71.550,-0.19,71.550,-0.19
71.600,-0.19,,,71.600,-0.17,71.600,-0.19,71.600,-0.19
71.650,-0.19,,,71.650,-0.17,71.650,-0.19,71.650,-0.19
71.700,-0.18,,,71.700,-0.17,71.700,-0.18,71.700,-0.19
71.750,-0.19,,,71.750,-0.18,71.750,-0.19,71.750,-0.19
71.800,-0.20,,,71.800,-0.17,71.800,-0.18,71.800,-0.20
71.850,-0.19,,,71.850,-0.17,71.850,-0.18,71.850,-0.19
71.900,-0.19,,,71.900,-0.17,71.900,-0.18,71.900,-0.19
71.950,-0.19,,,71.950,-0.17,71.950,-0.18,71.950,-0.19
72.000,-0.19,,,72.000,-0.17,72.000,-0.18,72.000,-0.19
72.050,-0.19,,,72.050,-0.16,72.050,-0.18,72.050,-0.20
72.100,-0.20,,,72.100,-0.16,72.100,-0.19,72.100,-0.21
72.150,-0.19,,,72.150,-0.17,72.150,-0.17,72.150,-0.20
72.200,-0.19,,,72.200,-0.17,72.200,-0.18,72.200,-0.20
72.250,-0.18,,,72.250,-0.18,72.250,-0.19,72.250,-0.21
72.300,-0.19,,,72.300,-0.18,72.300,-0.18,72.300,-0.20
72.350,-0.19,,,72.350,-0.17,72.350,-0.18,72.350,-0.20
72.400,-0.19,,,72.400,-0.16,72.400,-0.18,72.400,-0.20
72.450,-0.18,,,72.450,-0.17,72.450,-0.18,72.450,-0.19
72.500,-0.18,,,72.500,-0.17,72.500,-0.19,72.500,-0.20
72.550,-0.18,,,72.550,-0.16,72.550,-0.18,72.550,-0.19
72.600,-0.18,,,72.600,-0.16,72.600,-0.18,72.600,-0.21
72.650,-0.19,,,72.650,-0.17,72.650,-0.19,72.650,-0.21
72.700,-0.19,,,72.700,-0.16,72.700,-0.18,72.700,-0.21
72.750,-0.19,,,72.750,-0.17,72.750,-0.19,72.750,-0.21
72.800,-0.19,,,72.800,-0.17,72.800,-0.18,72.800,-0.21
72.850,-0.18,,,72.850,-0.16,72.850,-0.19,72.850,-0.20
72.900,-0.19,,,72.900,-0.16,72.900,-0.18,72.900,-0.20
72.950,-0.20,,,72.950,-0.17,72.950,-0.18,72.950,-0.20
73.000,-0.19,,,73.000,-0.17,73.000,-0.18,73.000,-0.20
73.050,-0.19,,,73.050,-0.18,73.050,-0.19,73.050,-0.20
73.100,-0.19,,,73.100,-0.17,73.100,-0.17,73.100,-0.20
73.150,-0.18,,,73.150,-0.18,73.150,-0.18,73.150,-0.20
73.200,-0.19,,,73.200,-0.18,73.200,-0.17,73.200,-0.21
73.250,-0.19,,,73.250,-0.17,73.250,-0.18,73.250,-0.20
73.300,-0.19,,,73.300,-0.17,73.300,-0.18,73.300,-0.20
73.350,-0.19,,,73.350,-0.18,73.350,-0.18,73.350,-0.20
73.400,-0.20,,,73.400,-0.17,73.400,-0.18,73.400,-0.20
73.450,-0.19,,,73.450,-0.19,73.450,-0.19,73.450,-0.20
73.500,-0.19,,,73.500,-0.18,,,73.500,-0.20
73.550,-0.18,,,73.550,-0.17,,,73.550,-0.21
73.600,-0.19,,,73.600,-0.18,,,73.600,-0.19
73.650,-0.18,,,73.650,-0.19,,,73.650,-0.19
73.700,-0.19,,,73.700,-0.18,,,73.700,-0.19
73.750,-0.19,,,73.750,-0.18,,,73.750,-0.20
73.800,-0.19,,,73.800,-0.18,,,73.800,-0.21
73.850,-0.19,,,73.850,-0.18,,,73.850,-0.19
73.900,-0.19,,,73.900,-0.18,,,,
73.950,-0.19,,,73.950,-0.18,,,,
74.000,-0.19,,,74.000,-0.18,,,,
74.050,-0.18,,,74.050,-0.19,,,,
74.100,-0.19,,,74.100,-0.19,,,,
74.150,-0.19,,,74.150,-0.19,,,,
74.200,-0.19,,,74.200,-0.19,,,,
74.250,-0.19,,,74.250,-0.19,,,,
74.300,-0.19,,,74.300,-0.19,,,,
74.350,-0.19,,,74.350,-0.18,,,,
74.400,-0.18,,,74.400,-0.19,,,,
74.450,-0.18,,,74.450,-0.18,,,,
74.500,-0.19,,,74.500,-0.18,,,,
74.550,-0.19,,,74.550,-0.18,,,,
74.600,-0.19,,,74.600,-0.18,,,,
74.650,-0.18,,,74.650,-0.17,,,,
74.700,-0.19,,,74.700,-0.18,,,,
74.750,-0.20,,,74.750,-0.18,,,,
74.800,-0.19,,,74.800,-0.17,,,,
74.850,-0.20,,,74.850,-0.18,,,,
74.900,-0.19,,,74.900,-0.17,,,,
74.950,-0.20,,,74.950,-0.17,,,,
75.000,-0.19,,,75.000,-0.17,,,,
75.050,-0.20,,,75.050,-0.18,,,,
75.100,-0.20,,,75.100,-0.18,,,,
75.150,-0.20,,,75.150,-0.17,,,,
75.200,-0.20,,,75.200,-0.18,,,,
75.250,-0.20,,,75.250,-0.18,,,,
75.300,-0.20,,,75.300,-0.19,,,,
75.350,-0.19,,,75.350,-0.18,,,,
75.400,-0.19,,,75.400,-0.18,,,,
75.450,-0.21,,,75.450,-0.18,,,,
75.500,-0.19,,,75.500,-0.18,,,,
75.550,-0.20,,,75.550,-0.17,,,,
75.600,-0.20,,,75.600,-0.18,,,,
75.650,-0.20,,,75.650,-0.18,,,,
75.700,-0.21,,,75.700,-0.19,,,,
75.750,-0.20,,,75.750,-0.18,,,,
75.800,-0.20,,,75.800,-0.18,,,,
75.850,-0.19,,,75.850,-0.18,,,,
75.900,-0.20,,,75.900,-0.17,,,,
75.950,-0.21,,,75.950,-0.18,,,,
76.000,-0.20,,,76.000,-0.18,,,,
76.050,-0.19,,,76.050,-0.18,,,,
76.100,-0.19,,,76.100,-0.18,,,,
76.150,-0.20,,,76.150,-0.19,,,,
76.200,-0.19,,,76.200,-0.18,,,,
76.250,-0.19,,,76.250,-0.18,,,,
76.300,-0.19,,,76.300,-0.18,,,,
76.350,-0.20,,,76.350,-0.17,,,,
76.400,-0.19,,,76.400,-0.17,,,,
76.450,-0.19,,,76.450,-0.17,,,,
76.500,-0.18,,,76.500,-0.18,,,,
76.550,-0.19,,,76.550,-0.19,,,,
76.600,-0.19,,,76.600,-0.18,,,,
76.650,-0.18,,,76.650,-0.17,,,,
76.700,-0.18,,,76.700,-0.17,,,,
76.750,-0.19,,,76.750,-0.17,,,,
76.800,-0.18,,,76.800,-0.17,,,,
76.850,-0.19,,,76.850,-0.17,,,,
76.900,-0.19,,,76.900,-0.17,,,,
76.950,-0.18,,,76.950,-0.17,,,,
77.000,-0.19,,,77.000,-0.18,,,,
77.050,-0.20,,,77.050,-0.17,,,,
77.100,-0.19,,,77.100,-0.18,,,,
77.150,-0.19,,,77.150,-0.17,,,,
77.200,-0.20,,,77.200,-0.17,,,,
77.250,-0.20,,,77.250,-0.17,,,,
77.300,-0.19,,,77.300,-0.18,,,,
77.350,-0.18,,,77.350,-0.17,,,,
77.400,-0.19,,,77.400,-0.16,,,,
77.450,-0.19,,,77.450,-0.16,,,,
77.500,-0.19,,,77.500,-0.17,,,,
77.550,-0.18,,,77.550,-0.18,,,,
77.600,-0.18,,,77.600,-0.18,,,,
77.650,-0.19,,,77.650,-0.18,,,,
77.700,-0.19,,,77.700,-0.18,,,,
77.750,-0.19,,,77.750,-0.18,,,,
77.800,-0.19,,,77.800,-0.18,,,,
77.850,-0.19,,,77.850,-0.17,,,,
77.900,-0.18,,,77.900,-0.18,,,,
77.950,-0.19,,,77.950,-0.17,,,,
78.000,-0.19,,,78.000,-0.17,,,,
78.050,-0.18,,,78.050,-0.17,,,,
78.100,-0.18,,,78.100,-0.17,,,,
78.150,-0.19,,,78.150,-0.17,,,,
78.200,-0.19,,,78.200,-0.17,,,,
78.250,-0.19,,,78.250,-0.17,,,,
78.300,-0.18,,,78.300,-0.17,,,,
78.350,-0.19,,,78.350,-0.18,,,,
78.400,-0.19,,,78.400,-0.18,,,,
78.450,-0.19,,,78.450,-0.19,,,,
78.500,-0.19,,,78.500,-0.19,,,,
78.550,-0.19,,,78.550,-0.19,,,,
78.600,-0.19,,,78.600,-0.18,,,,
78.650,-0.20,,,78.650,-0.17,,,,
78.700,-0.20,,,78.700,-0.18,,,,
78.750,-0.19,,,78.750,-0.18,,,,
78.800,-0.19,,,78.800,-0.19,,,,
78.850,-0.18,,,78.850,-0.19,,,,
78.900,-0.19,,,78.900,-0.18,,,,
78.950,-0.18,,,78.950,-0.18,,,,
79.000,-0.19,,,79.000,-0.18,,,,
79.050,-0.18,,,79.050,-0.18,,,,
79.100,-0.18,,,79.100,-0.19,,,,
79.150,-0.18,,,79.150,-0.18,,,,
79.200,-0.18,,,79.200,-0.19,,,,
79.250,-0.18,,,79.250,-0.17,,,,
79.300,-0.18,,,79.300,-0.18,,,,
79.350,-0.18,,,79.350,-0.18,,,,
79.400,-0.18,,,79.400,-0.18,,,,
79.450,-0.18,,,79.450,-0.18,,,,
79.500,-0.18,,,79.500,-0.17,,,,
79.550,-0.18,,,79.550,-0.18,,,,
79.600,-0.19,,,79.600,-0.18,,,,
79.650,-0.18,,,79.650,-0.19,,,,
79.700,-0.18,,,79.700,-0.18,,,,
79.750,-0.19,,,79.750,-0.18,,,,
79.800,-0.18,,,79.800,-0.17,,,,
79.850,-0.18,,,79.850,-0.18,,,,
79.900,-0.18,,,79.900,-0.18,,,,
79.950,-0.18,,,79.950,-0.18,,,,
80.000,-0.19,,,80.000,-0.17,,,,
80.050,-0.19,,,80.050,-0.17,,,,
80.100,-0.20,,,80.100,-0.18,,,,
80.150,-0.19,,,80.150,-0.17,,,,
80.200,-0.19,,,80.200,-0.17,,,,
80.250,-0.19,,,80.250,-0.17,,,,
80.300,-0.19,,,80.300,-0.18,,,,
80.350,-0.18,,,80.350,-0.17,,,,
80.400,-0.18,,,80.400,-0.16,,,,
80.450,-0.19,,,80.450,-0.17,,,,
80.500,-0.19,,,80.500,-0.17,,,,
80.550,-0.20,,,80.550,-0.17,,,,
80.600,-0.19,,,80.600,-0.18,,,,
80.650,-0.19,,,80.650,-0.18,,,,
80.700,-0.19,,,80.700,-0.18,,,,
80.750,-0.17,,,80.750,-0.18,,,,
80.800,-0.17,,,80.800,-0.19,,,,
80.850,-0.18,,,80.850,-0.17,,,,
80.900,-0.19,,,80.900,-0.18,,,,
80.950,-0.18,,,80.950,-0.19,,,,
81.000,-0.18,,,81.000,-0.18,,,,
81.050,-0.18,,,81.050,-0.19,,,,
81.100,-0.18,,,81.100,-0.18,,,,
81.150,-0.18,,,81.150,-0.19,,,,
81.200,-0.18,,,81.200,-0.19,,,,
81.250,-0.18,,,81.250,-0.18,,,,
81.300,-0.19,,,81.300,-0.18,,,,
81.350,-0.18,,,81.350,-0.19,,,,
81.400,-0.19,,,81.400,-0.19,,,,
81.450,-0.18,,,81.450,-0.18,,,,
81.500,-0.19,,,81.500,-0.19,,,,
81.550,-0.19,,,81.550,-0.19,,,,
81.600,-0.18,,,81.600,-0.18,,,,
81.650,-0.18,,,81.650,-0.18,,,,
81.700,-0.18,,,81.700,-0.18,,,,
81.750,-0.18,,,81.750,-0.18,,,,
81.800,-0.18,,,81.800,-0.18,,,,
81.850,-0.19,,,81.850,-0.18,,,,
81.900,-0.18,,,81.900,-0.19,,,,
81.950,-0.19,,,81.950,-0.18,,,,
82.000,-0.18,,,82.000,-0.19,,,,
82.050,-0.19,,,82.050,-0.19,,,,
82.100,-0.18,,,82.100,-0.19,,,,
82.150,-0.19,,,82.150,-0.19,,,,
82.200,-0.18,,,82.200,-0.19,,,,
82.250,-0.19,,,82.250,-0.19,,,,
82.300,-0.18,,,82.300,-0.19,,,,
82.350,-0.19,,,82.350,-0.20,,,,
82.400,-0.19,,,82.400,-0.19,,,,
82.450,-0.19,,,82.450,-0.19,,,,
82.500,-0.19,,,82.500,-0.19,,,,
82.550,-0.20,,,82.550,-0.18,,,,
82.600,-0.19,,,82.600,-0.19,,,,
82.650,-0.18,,,82.650,-0.19,,,,
82.700,-0.19,,,82.700,-0.18,,,,
82.750,-0.18,,,82.750,-0.18,,,,
82.800,-0.19,,,82.800,-0.18,,,,
82.850,-0.18,,,82.850,-0.18,,,,
82.900,-0.19,,,82.900,-0.18,,,,
82.950,-0.19,,,82.950,-0.18,,,,
83.000,-0.18,,,83.000,-0.18,,,,
83.050,-0.18,,,83.050,-0.18,,,,
83.100,-0.18,,,83.100,-0.19,,,,
83.150,-0.18,,,83.150,-0.19,,,,
83.200,-0.18,,,83.200,-0.18,,,,
83.250,-0.18,,,83.250,-0.17,,,,
83.300,-0.18,,,83.300,-0.17,,,,
83.350,-0.17,,,83.350,-0.18,,,,
83.400,-0.18,,,83.400,-0.18,,,,
83.450,-0.18,,,83.450,-0.19,,,,
83.500,-0.18,,,83.500,-0.19,,,,
83.550,-0.18,,,83.550,-0.19,,,,
83.600,-0.19,,,83.600,-0.19,,,,
83.650,-0.18,,,83.650,-0.19,,,,
83.700,-0.18,,,83.700,-0.18,,,,
83.750,-0.17,,,83.750,-0.17,,,,
83.800,-0.18,,,83.800,-0.18,,,,
83.850,-0.18,,,83.850,-0.18,,,,
83.900,-0.18,,,83.900,-0.18,,,,
83.950,-0.18,,,83.950,-0.19,,,,
84.000,-0.18,,,84.000,-0.18,,,,
84.050,-0.18,,,84.050,-0.18,,,,
84.100,-0.18,,,84.100,-0.18,,,,
84.150,-0.18,,,84.150,-0.18,,,,
84.200,-0.18,,,84.200,-0.17,,,,
84.250,-0.17,,,84.250,-0.18,,,,
84.300,-0.18,,,84.300,-0.19,,,,
84.350,-0.18,,,84.350,-0.18,,,,
84.400,-0.18,,,84.400,-0.19,,,,
84.450,-0.19,,,84.450,-0.19,,,,
84.500,-0.18,,,84.500,-0.19,,,,
84.550,-0.18,,,84.550,-0.19,,,,
84.600,-0.18,,,84.600,-0.19,,,,
84.650,-0.19,,,84.650,-0.19,,,,
84.700,-0.19,,,84.700,-0.19,,,,
84.750,-0.18,,,84.750,-0.19,,,,
84.800,-0.18,,,84.800,-0.19,,,,
84.850,-0.19,,,84.850,-0.19,,,,
84.900,-0.18,,,84.900,-0.19,,,,
84.950,-0.18,,,84.950,-0.20,,,,
85.000,-0.19,,,85.000,-0.20,,,,
85.050,-0.18,,,85.050,-0.20,,,,
85.100,-0.17,,,85.100,-0.19,,,,
85.150,-0.18,,,85.150,-0.18,,,,
85.200,-0.19,,,85.200,-0.19,,,,
85.250,-0.18,,,85.250,-0.18,,,,
85.300,-0.19,,,85.300,-0.19,,,,
85.350,-0.18,,,85.350,-0.18,,,,
85.400,-0.18,,,85.400,-0.17,,,,
85.450,-0.18,,,85.450,-0.19,,,,
,,,,85.500,-0.18,,,,
,,,,85.550,-0.18,,,,
,,,,85.600,-0.18,,,,
,,,,85.650,-0.18,,,,
,,,,85.700,-0.18,,,,
,,,,85.750,-0.19,,,,
,,,,85.800,-0.18,,,,
,,,,85.850,-0.18,,,,
,,,,85.900,-0.19,,,,
,,,,85.950,-0.18,,,,
,,,,86.000,-0.19,,,,
,,,,86.050,-0.18,,,,
,,,,86.100,-0.19,,,,
,,,,86.150,-0.18,,,,
,,,,86.200,-0.18,,,,
,,,,86.250,-0.18,,,,
,,,,86.300,-0.18,,,,
,,,,86.350,-0.18,,,,
,,,,86.400,-0.17,,,,
,,,,86.450,-0.18,,,,
,,,,86.500,-0.19,,,,
,,,,86.550,-0.18,,,,
,,,,86.600,-0.17,,,,
,,,,86.650,-0.18,,,,
,,,,86.700,-0.18,,,,
,,,,86.750,-0.18,,,,
,,,,86.800,-0.17,,,,
,,,,86.850,-0.17,,,,
,,,,86.900,-0.18,,,,
,,,,86.950,-0.18,,,,
,,,,87.000,-0.18,,,,
,,,,87.050,-0.18,,,,
,,,,87.100,-0.19,,,,
,,,,87.150,-0.18,,,,
,,,,87.200,-0.19,,,,
,,,,87.250,-0.19,,,,
,,,,87.300,-0.19,,,,
,,,,87.350,-0.18,,,,
,,,,87.400,-0.18,,,,
,,,,87.450,-0.19,,,,
,,,,87.500,-0.20,,,,
,,,,87.550,-0.20,,,,
,,,,87.600,-0.19,,,,
,,,,87.650,-0.19,,,,
,,,,87.700,-0.20,,,,
,,,,87.750,-0.19,,,,
,,,,87.800,-0.20,,,,
,,,,87.850,-0.19,,,,
,,,,87.900,-0.19,,,,
,,,,87.950,-0.19,,,,
,,,,88.000,-0.19,,,,
,,,,88.050,-0.19,,,,
,,,,88.100,-0.19,,,,
,,,,88.150,-0.19,,,,
,,,,88.200,-0.20,,,,
,,,,88.250,-0.19,,,,
,,,,88.300,-0.19,,,,
,,,,88.350,-0.19,,,,
,,,,88.400,-0.18,,,,
,,,,88.450,-0.19,,,,
,,,,88.500,-0.19,,,,
,,,,88.550,-0.19,,,,
,,,,88.600,-0.19,,,,
,,,,88.650,-0.19,,,,
,,,,88.700,-0.20,,,,
,,,,88.750,-0.19,,,,
,,,,88.800,-0.19,,,,
,,,,88.850,-0.19,,,,
,,,,88.900,-0.18,,,,
,,,,88.950,-0.18,,,,
,,,,89.000,-0.20,,,,
,,,,89.050,-0.20,,,,
,,,,89.100,-0.19,,,,
,,,,89.150,-0.19,,,,
,,,,89.200,-0.18,,,,
,,,,89.250,-0.19,,,,
,,,,89.300,-0.18,,,,
,,,,89.350,-0.17,,,,
,,,,89.400,-0.19,,,,
,,,,89.450,-0.19,,,,
,,,,89.500,-0.19,,,,
,,,,89.550,-0.18,,,,
,,,,89.600,-0.17,,,,
,,,,89.650,-0.17,,,,
,,,,89.700,-0.18,,,,
,,,,89.750,-0.18,,,,
,,,,89.800,-0.18,,,,
,,,,89.850,-0.18,,,,
,,,,89.900,-0.18,,,,
,,,,89.950,-0.18,,,,
,,,,90.000,-0.18,,,,
,,,,90.050,-0.18,,,,
,,,,90.100,-0.18,,,,
,,,,90.150,-0.19,,,,
,,,,90.200,-0.18,,,,
,,,,90.250,-0.18,,,,
,,,,90.300,-0.17,,,,
,,,,90.350,-0.18,,,,
,,,,90.400,-0.19,,,,
,,,,90.450,-0.18,,,,
,,,,90.500,-0.19,,,,
,,,,90.550,-0.19,,,,
,,,,90.600,-0.19,,,,
,,,,90.650,-0.19,,,,
,,,,90.700,-0.19,,,,
,,,,90.750,-0.19,,,,
,,,,90.800,-0.18,,,,
,,,,90.850,-0.18,,,,
,,,,90.900,-0.19,,,,
,,,,90.950,-0.18,,,,
,,,,91.000,-0.20,,,,
,,,,91.050,-0.19,,,,
,,,,91.100,-0.19,,,,
,,,,91.150,-0.19,,,,
,,,,91.200,-0.19,,,,
,,,,91.250,-0.20,,,,
,,,,91.300,-0.19,,,,
,,,,91.350,-0.18,,,,
,,,,91.400,-0.20,,,,
,,,,91.450,-0.18,,,,
,,,,91.500,-0.18,,,,
,,,,91.550,-0.18,,,,
,,,,91.600,-0.18,,,,
,,,,91.650,-0.18,,,,
,,,,91.700,-0.17,,,,
,,,,91.750,-0.18,,,,
,,,,91.800,-0.18,,,,
,,,,91.850,-0.18,,,,
,,,,91.900,-0.18,,,,
,,,,91.950,-0.18,,,,
,,,,92.000,-0.18,,,,
,,,,92.050,-0.18,,,,
,,,,92.100,-0.17,,,,
,,,,92.150,-0.17,,,,
,,,,92.200,-0.17,,,,
,,,,92.250,-0.18,,,,
,,,,92.300,-0.18,,,,
,,,,92.350,-0.18,,,,
,,,,92.400,-0.18,,,,
,,,,92.450,-0.18,,,,
,,,,92.500,-0.18,,,,
,,,,92.550,-0.18,,,,
,,,,92.600,-0.18,,,,
,,,,92.650,-0.19,,,,
,,,,92.700,-0.18,,,,
,,,,92.750,-0.18,,,,
,,,,92.800,-0.18,,,,
,,,,92.850,-0.19,,,,
,,,,92.900,-0.18,,,,
,,,,92.950,-0.18,,,,
,,,,93.000,-0.17,,,,
,,,,93.050,-0.18,,,,
,,,,93.100,-0.17,,,,
,,,,93.150,-0.17,,,,
,,,,93.200,-0.18,,,,
,,,,93.250,-0.17,,,,
,,,,93.300,-0.18,,,,
,,,,93.350,-0.17,,,,
,,,,93.400,-0.18,,,,
,,,,93.450,-0.18,,,,
,,,,93.500,-0.17,,,,
,,,,93.550,-0.17,,,,
,,,,93.600,-0.17,,,,
,,,,93.650,-0.16,,,,
,,,,93.700,-0.17,,,,
,,,,93.750,-0.17,,,,
,,,,93.800,-0.18,,,,
,,,,93.850,-0.17,,,,
,,,,93.900,-0.18,,,,
,,,,93.950,-0.17,,,,
,,,,94.000,-0.16,,,,
,,,,94.050,-0.16,,,,
,,,,94.100,-0.17,,,,
,,,,94.150,-0.17,,,,
,,,,94.200,-0.17,,,,
,,,,94.250,-0.17,,,,
,,,,94.300,-0.17,,,,
,,,,94.350,-0.18,,,,
,,,,94.400,-0.18,,,,
,,,,94.450,-0.18,,,,
,,,,94.500,-0.17,,,,
,,,,94.550,-0.18,,,,
,,,,94.600,-0.18,,,,
,,,,94.650,-0.19,,,,
,,,,94.700,-0.19,,,,
,,,,94.750,-0.18,,,,
,,,,94.800,-0.18,,,,
,,,,94.850,-0.17,,,,
,,,,94.900,-0.18,,,,
,,,,94.950,-0.16,,,,
,,,,95.000,-0.18,,,,
,,,,95.050,-0.18,,,,
,,,,95.100,-0.18,,,,
,,,,95.150,-0.18,,,,
,,,,95.200,-0.18,,,,
,,,,95.250,-0.18,,,,
,,,,95.300,-0.18,,,,
,,,,95.350,-0.17,,,,
,,,,95.400,-0.17,,,,
,,,,95.450,-0.18,,,,
,,,,95.500,-0.18,,,,
,,,,95.550,-0.18,,,,
,,,,95.600,-0.18,,,,
,,,,95.650,-0.18,,,,
,,,,95.700,-0.19,,,,
,,,,95.750,-0.18,,,,
,,,,95.800,-0.18,,,,
,,,,95.850,-0.18,,,,
,,,,95.900,-0.18,,,,
,,,,95.950,-0.18,,,,
,,,,96.000,-0.18,,,,
,,,,96.050,-0.19,,,,
,,,,96.100,-0.18,,,,
,,,,96.150,-0.18,,,,
,,,,96.200,-0.18,,,,
,,,,96.250,-0.18,,,,
,,,,96.300,-0.17,,,,
,,,,96.350,-0.18,,,,
,,,,96.400,-0.18,,,,
,,,,96.450,-0.17,,,,
,,,,96.500,-0.18,,,,
,,,,96.550,-0.19,,,,
,,,,96.600,-0.19,,,,
,,,,96.650,-0.18,,,,
,,,,96.700,-0.19,,,,
,,,,96.750,-0.19,,,,
,,,,96.800,-0.18,,,,
,,,,96.850,-0.18,,,,
,,,,96.900,-0.16,,,,
,,,,96.950,-0.17,,,,
,,,,97.000,-0.18,,,,
,,,,97.050,-0.18,,,,
,,,,97.100,-0.18,,,,
,,,,97.150,-0.18,,,,
,,,,97.200,-0.18,,,,
,,,,97.250,-0.18,,,,
,,,,97.300,-0.18,,,,
,,,,97.350,-0.17,,,,
,,,,97.400,-0.18,,,,
,,,,97.450,-0.18,,,,
,,,,97.500,-0.18,,,,
,,,,97.550,-0.18,,,,
,,,,97.600,-0.17,,,,
,,,,97.650,-0.17,,,,
,,,,97.700,-0.17,,,,
,,,,97.750,-0.17,,,,
,,,,97.800,-0.17,,,,
,,,,97.850,-0.17,,,,
,,,,97.900,-0.18,,,,
,,,,97.950,-0.17,,,,
,,,,98.000,-0.17,,,,
,,,,98.050,-0.17,,,,
,,,,98.100,-0.18,,,,
,,,,98.150,-0.18,,,,
,,,,98.200,-0.18,,,,
,,,,98.250,-0.19,,,,
,,,,98.300,-0.18,,,,
,,,,98.350,-0.17,,,,
,,,,98.400,-0.17,,,,
,,,,98.450,-0.18,,,,
,,,,98.500,-0.17,,,,
,,,,98.550,-0.17,,,,
,,,,98.600,-0.17,,,,
,,,,98.650,-0.18,,,,
,,,,98.700,-0.18,,,,
,,,,98.750,-0.18,,,,
,,,,98.800,-0.18,,,,
,,,,98.850,-0.17,,,,
,,,,98.900,-0.18,,,,
,,,,98.950,-0.18,,,,
,,,,99.000,-0.18,,,,
,,,,99.050,-0.18,,,,
,,,,99.100,-0.18,,,,
,,,,99.150,-0.18,,,,
,,,,99.200,-0.18,,,,
,,,,99.250,-0.19,,,,
,,,,99.300,-0.19,,,,
,,,,99.350,-0.19,,,,
,,,,99.400,-0.18,,,,
,,,,99.450,-0.19,,,,
,,,,99.500,-0.19,,,,
,,,,99.550,-0.19,,,,
,,,,99.600,-0.18,,,,
,,,,99.650,-0.19,,,,
,,,,99.700,-0.19,,,,
,,,,99.750,-0.18,,,,
,,,,99.800,-0.19,,,,
,,,,99.850,-0.18,,,,
,,,,99.900,-0.18,,,,
,,,,99.950,-0.19,,,,
,,,,100.000,-0.18,,,,
,,,,100.050,-0.19,,,,
,,,,100.100,-0.18,,,,
,,,,100.150,-0.19,,,,
,,,,100.200,-0.18,,,,
,,,,100.250,-0.18,,,,
,,,,100.300,-0.18,,,,
,,,,100.350,-0.18,,,,
,,,,100.400,-0.18,,,,
,,,,100.450,-0.18,,,,
,,,,100.500,-0.18,,,,
,,,,100.550,-0.19,,,,
,,,,100.600,-0.18,,,,
,,,,100.650,-0.19,,,,
,,,,100.700,-0.19,,,,
,,,,100.750,-0.20,,,,
,,,,100.800,-0.20,,,,
,,,,100.850,-0.19,,,,
,,,,100.900,-0.19,,,,
,,,,100.950,-0.18,,,,
,,,,101.000,-0.19,,,,
,,,,101.050,-0.19,,,,
,,,,101.100,-0.21,,,,
,,,,101.150,-0.19,,,,
,,,,101.200,-0.19,,,,
,,,,101.250,-0.18,,,,
,,,,101.300,-0.18,,,,
,,,,101.350,-0.19,,,,
,,,,101.400,-0.18,,,,
,,,,101.450,-0.19,,,,
,,,,101.500,-0.18,,,,
,,,,101.550,-0.18,,,,
,,,,101.600,-0.18,,,,
,,,,101.650,-0.19,,,,
,,,,101.700,-0.18,,,,
,,,,101.750,-0.17,,,,
,,,,101.800,-0.17,,,,
,,,,101.850,-0.17,,,,
,,,,101.900,-0.18,,,,
,,,,101.950,-0.17,,,,
,,,,102.000,-0.17,,,,
,,,,102.050,-0.19,,,,
,,,,102.100,-0.18,,,,
,,,,102.150,-0.19,,,,
,,,,102.200,-0.19,,,,
,,,,102.250,-0.19,,,,
,,,,102.300,-0.19,,,,
,,,,102.350,-0.18,,,,
,,,,102.400,-0.19,,,,
,,,,102.450,-0.19,,,,
,,,,102.500,-0.19,,,,
,,,,102.550,-0.20,,,,
,,,,102.600,-0.19,,,,
,,,,102.650,-0.18,,,,
,,,,102.700,-0.19,,,,
,,,,102.750,-0.19,,,,
,,,,102.800,-0.19,,,,
,,,,102.850,-0.19,,,,
,,,,102.900,-0.20,,,,
,,,,102.950,-0.20,,,,
,,,,103.000,-0.19,,,,
,,,,103.050,-0.19,,,,
,,,,103.100,-0.19,,,,
,,,,103.150,-0.19,,,,
,,,,103.200,-0.20,,,,
,,,,103.250,-0.19,,,,
,,,,103.300,-0.19,,,,
,,,,103.350,-0.19,,,,
,,,,103.400,-0.19,,,,
,,,,103.450,-0.18,,,,
,,,,103.500,-0.18,,,,
,,,,103.550,-0.19,,,,
,,,,103.600,-0.19,,,,
,,,,103.650,-0.19,,,,
,,,,103.700,-0.19,,,,
,,,,103.750,-0.18,,,,
,,,,103.800,-0.18,,,,
,,,,103.850,-0.18,,,,
,,,,103.900,-0.18,,,,
,,,,103.950,-0.17,,,,
,,,,104.000,-0.18,,,,
,,,,104.050,-0.17,,,,
,,,,104.100,-0.17,,,,
,,,,104.150,-0.18,,,,
,,,,104.200,-0.18,,,,
,,,,104.250,-0.18,,,,
,,,,104.300,-0.19,,,,
,,,,104.350,-0.19,,,,
,,,,104.400,-0.19,,,,
,,,,104.450,-0.18,,,,
,,,,104.500,-0.18,,,,
,,,,104.550,-0.18,,,,
,,,,104.600,-0.18,,,,
,,,,104.650,-0.17,,,,
,,,,104.700,-0.19,,,,
,,,,104.750,-0.18,,,,
,,,,104.800,-0.18,,,,
,,,,104.850,-0.18,,,,
,,,,104.900,-0.17,,,,
,,,,104.950,-0.17,,,,
,,,,105.000,-0.18,,,,
,,,,105.050,-0.18,,,,
,,,,105.100,-0.18,,,,
,,,,105.150,-0.18,,,,
,,,,105.200,-0.19,,,,
,,,,105.250,-0.19,,,,
,,,,105.300,-0.19,,,,
,,,,105.350,-0.18,,,,
,,,,105.400,-0.18,,,,
,,,,105.450,-0.18,,,,
,,,,105.500,-0.19,,,,
,,,,105.550,-0.18,,,,
,,,,105.600,-0.19,,,,
,,,,105.650,-0.18,,,,
,,,,105.700,-0.19,,,,
,,,,105.750,-0.19,,,,
,,,,105.800,-0.20,,,,
,,,,105.850,-0.18,,,,
,,,,105.900,-0.19,,,,
,,,,105.950,-0.20,,,,
,,,,106.000,-0.18,,,,
,,,,106.050,-0.19,,,,
,,,,106.100,-0.18,,,,
,,,,106.150,-0.19,,,,
,,,,106.200,-0.18,,,,
,,,,106.250,-0.20,,,,
,,,,106.300,-0.18,,,,
,,,,106.350,-0.19,,,,
,,,,106.400,-0.19,,,,
,,,,106.450,-0.20,,,,
,,,,106.500,-0.19,,,,
,,,,106.550,-0.18,,,,
,,,,106.600,-0.19,,,,
,,,,106.650,-0.19,,,,
,,,,106.700,-0.18,,,,
,,,,106.750,-0.18,,,,
,,,,106.800,-0.18,,,,
,,,,106.850,-0.17,,,,
,,,,106.900,-0.18,,,,
,,,,106.950,-0.19,,,,
,,,,107.000,-0.19,,,,
,,,,107.050,-0.19,,,,
,,,,107.100,-0.18,,,,
,,,,107.150,-0.18,,,,
,,,,107.200,-0.17,,,,
,,,,107.250,-0.18,,,,
,,,,107.300,-0.18,,,,
,,,,107.350,-0.18,,,,
,,,,107.400,-0.18,,,,
,,,,107.450,-0.18,,,,
,,,,107.500,-0.18,,,,
,,,,107.550,-0.18,,,,
,,,,107.600,-0.18,,,,
,,,,107.650,-0.18,,,,
,,,,107.700,-0.17,,,,
,,,,107.750,-0.18,,,,
,,,,107.800,-0.17,,,,
,,,,107.850,-0.17,,,,
,,,,107.900,-0.16,,,,
,,,,107.950,-0.17,,,,
,,,,108.000,-0.16,,,,
,,,,108.050,-0.17,,,,
,,,,108.100,-0.18,,,,
,,,,108.150,-0.17,,,,
,,,,108.200,-0.17,,,,
,,,,108.250,-0.17,,,,
,,,,108.300,-0.18,,,,
,,,,108.350,-0.18,,,,
,,,,108.400,-0.19,,,,
,,,,108.450,-0.18,,,,
,,,,108.500,-0.18,,,,
,,,,108.550,-0.18,,,,
,,,,108.600,-0.18,,,,
,,,,108.650,-0.18,,,,
,,,,108.700,-0.18,,,,
,,,,108.750,-0.18,,,,
,,,,108.800,-0.19,,,,
,,,,108.850,-0.19,,,,
,,,,108.900,-0.18,,,,
,,,,108.950,-0.18,,,,
,,,,109.000,-0.19,,,,
,,,,109.050,-0.19,,,,
,,,,109.100,-0.18,,,,
,,,,109.150,-0.18,,,,
,,,,109.200,-0.17,,,,
,,,,109.250,-0.18,,,,
,,,,109.300,-0.18,,,,
,,,,109.350,-0.18,,,,
,,,,109.400,-0.19,,,,
,,,,109.450,-0.17,,,,
,,,,109.500,-0.18,,,,
,,,,109.550,-0.18,,,,
,,,,109.600,-0.19,,,,
,,,,109.650,-0.19,,,,
,,,,109.700,-0.18,,,,
,,,,109.750,-0.19,,,,
,,,,109.800,-0.18,,,,
,,,,109.850,-0.18,,,,
,,,,109.900,-0.19,,,,
,,,,109.950,-0.19,,,,
,,,,110.000,-0.18,,,,
,,,,110.050,-0.17,,,,
,,,,110.100,-0.17,,,,
,,,,110.150,-0.18,,,,
,,,,110.200,-0.18,,,,
,,,,110.250,-0.19,,,,
,,,,110.300,-0.18,,,,
,,,,110.350,-0.18,,,,
,,,,110.400,-0.19,,,,
,,,,110.450,-0.18,,,,
,,,,110.500,-0.18,,,,
,,,,110.550,-0.19,,,,
