"Time (s) Run #1","Force (N) Run #1","Time (s) Run #2","Force (N) Run #2","Time (s) Run #3","Force (N) Run #3","Time (s) Run #4","Force (N) Run #4","Time (s) Run #5","Force (N) Run #5","Time (s) Run #6","Force (N) Run #6","Time (s) Run #7","Force (N) Run #7","Time (s) Run #8","Force (N) Run #8","Time (s) Run #9","Force (N) Run #9","Time (s) Run #10","Force (N) Run #10","Time (s) Run #11","Force (N) Run #11","Time (s) Run #12","Force (N) Run #12","Time (s) Run #13","Force (N) Run #13","Time (s) Run #14","Force (N) Run #14","Time (s) Run #15","Force (N) Run #15","Time (s) Run #16","Force (N) Run #16","Time (s) Run #17","Force (N) Run #17","Time (s) Run #18","Force (N) Run #18","Time (s) Run #19","Force (N) Run #19","Time (s) Run #20","Force (N) Run #20","Time (s) Run #21","Force (N) Run #21","Time (s) Run #22","Force (N) Run #22","Time (s) Run #23","Force (N) Run #23","Time (s) Run #24","Force (N) Run #24","Time (s) Run #25","Force (N) Run #25","Time (s) Run #26","Force (N) Run #26","Time (s) Run #27","Force (N) Run #27","Time (s) Run #28","Force (N) Run #28","Time (s) Run #29","Force (N) Run #29","Time (s) Run #30","Force (N) Run #30","Time (s) Run #31","Force (N) Run #31","Time (s) Run #32","Force (N) Run #32","Time (s) Run #33","Force (N) Run #33","Time (s) Run #34","Force (N) Run #34","Time (s) Run #35","Force (N) Run #35","Time (s) Run #36","Force (N) Run #36","Time (s) Run #37","Force (N) Run #37","Time (s) Run #38","Force (N) Run #38","Time (s) Run #39","Force (N) Run #39","Time (s) Run #40","Force (N) Run #40","Time (s) Run #41","Force (N) Run #41","Time (s) Run #42","Force (N) Run #42","Time (s) Run #43","Force (N) Run #43","Time (s) Run #44","Force (N) Run #44","Time (s) Run #45","Force (N) Run #45","Time (s) Run #46","Force (N) Run #46","Time (s) Run #47","Force (N) Run #47","Time (s) Run #48","Force (N) Run #48","Time (s) Run #49","Force (N) Run #49","Time (s) Run #50","Force (N) Run #50","Time (s) Run #51","Force (N) Run #51","Time (s) Run #52","Force (N) Run #52","Time (s) Run #53","Force (N) Run #53","Time (s) Run #54","Force (N) Run #54","Time (s) Run #55","Force (N) Run #55","Time (s) Run #56","Force (N) Run #56","Time (s) Run #57","Force (N) Run #57","Time (s) Run #58","Force (N) Run #58","Time (s) Run #59","Force (N) Run #59","Time (s) Run #60","Force (N) Run #60","Time (s) Run #61","Force (N) Run #61","Time (s) Run #62","Force (N) Run #62","Time (s) Run #63","Force (N) Run #63","Time (s) Run #64","Force (N) Run #64","Time (s) Run #65","Force (N) Run #65"
0.000,-0.01,0.000,0.00,0.000,0.00,0.000,-0.01,0.000,0.01,0.000,-0.01,0.000,-0.01,0.000,0.00,0.000,-0.01,0.000,0.02,0.000,-0.01,0.000,0.01,0.000,0.00,0.000,0.00,0.000,0.01,0.000,-0.02,0.000,0.01,0.000,-0.01,0.000,-0.01,0.000,0.01,0.000,0.01,0.000,0.02,0.000,0.00,0.000,0.01,0.000,-0.01,0.000,0.01,0.000,0.00,0.000,0.03,0.000,-0.01,0.000,0.01,0.000,-0.01,0.000,0.01,0.000,-0.01,0.000,0.00,0.000,0.00,0.000,0.01,0.000,0.00,0.000,0.00,0.000,-0.01,0.000,0.00,0.000,0.00,0.000,-0.01,0.000,0.02,0.000,-0.01,0.000,0.00,0.000,-0.01,0.000,0.01,0.000,0.01,0.000,0.02,0.000,0.01,0.000,0.00,0.000,-0.03,0.000,-0.01,0.000,0.00,0.000,0.00,0.000,0.00,0.000,0.01,0.000,-0.01,0.000,-0.01,0.000,-0.01,0.000,-0.02,0.000,0.02,0.000,-0.01,0.000,0.01,0.000,-0.01
0.050,-0.01,0.050,0.01,0.050,0.01,0.050,0.00,0.050,0.01,0.050,-0.01,0.050,-0.01,0.050,-0.01,0.050,-0.01,0.050,0.01,0.050,-0.01,0.050,0.00,0.050,0.01,0.050,0.01,0.050,0.01,0.050,-0.01,0.050,0.00,0.050,0.00,0.050,-0.01,0.050,0.02,0.050,0.01,0.050,0.02,0.050,0.00,0.050,-0.01,0.050,-0.01,0.050,0.02,0.050,-0.01,0.050,0.02,0.050,-0.01,0.050,0.01,0.050,0.00,0.050,0.00,0.050,0.01,0.050,0.01,0.050,0.01,0.050,0.01,0.050,-0.01,0.050,0.00,0.050,0.00,0.050,0.00,0.050,0.00,0.050,0.00,0.050,0.02,0.050,-0.01,0.050,0.00,0.050,-0.01,0.050,0.00,0.050,0.00,0.050,0.02,0.050,0.00,0.050,0.00,0.050,-0.02,0.050,-0.01,0.050,0.00,0.050,0.00,0.050,0.00,0.050,0.02,0.050,0.00,0.050,-0.01,0.050,0.00,0.050,-0.02,0.050,0.02,0.050,-0.01,0.050,0.00,0.050,-0.01
0.100,-0.01,0.100,0.01,0.100,0.01,0.100,-0.01,0.100,0.01,0.100,0.00,0.100,-0.01,0.100,0.00,0.100,-0.01,0.100,0.02,0.100,0.00,0.100,0.00,0.100,0.00,0.100,0.01,0.100,0.00,0.100,0.00,0.100,0.01,0.100,0.01,0.100,0.00,0.100,0.01,0.100,0.00,0.100,0.02,0.100,0.01,0.100,0.01,0.100,0.00,0.100,0.01,0.100,-0.01,0.100,0.02,0.100,-0.01,0.100,0.01,0.100,-0.01,0.100,0.00,0.100,0.01,0.100,-0.01,0.100,0.01,0.100,0.00,0.100,0.00,0.100,-0.01,0.100,-0.01,0.100,0.00,0.100,0.00,0.100,-0.01,0.100,0.03,0.100,-0.02,0.100,0.00,0.100,0.00,0.100,0.00,0.100,-0.01,0.100,0.02,0.100,0.00,0.100,-0.01,0.100,-0.03,0.100,-0.01,0.100,-0.01,0.100,0.01,0.100,0.01,0.100,0.01,0.100,0.00,0.100,0.00,0.100,0.00,0.100,-0.01,0.100,0.02,0.100,0.00,0.100,0.01,0.100,-0.01
0.150,-0.01,0.150,0.01,0.150,0.01,0.150,0.00,0.150,0.01,0.150,0.00,0.150,-0.01,0.150,0.01,0.150,-0.01,0.150,0.02,0.150,0.00,0.150,0.01,0.150,0.00,0.150,0.01,0.150,0.00,0.150,0.00,0.150,-0.01,0.150,0.01,0.150,0.00,0.150,0.00,0.150,0.00,0.150,0.02,0.150,0.00,0.150,0.00,0.150,-0.01,0.150,0.02,0.150,0.00,0.150,0.01,0.150,-0.01,0.150,0.01,0.150,-0.02,0.150,0.00,0.150,0.01,0.150,-0.01,0.150,0.01,0.150,0.00,0.150,0.01,0.150,0.00,0.150,0.00,0.150,-0.01,0.150,0.00,0.150,0.00,0.150,0.02,0.150,-0.01,0.150,0.00,0.150,-0.01,0.150,0.00,0.150,-0.01,0.150,0.02,0.150,0.01,0.150,0.01,0.150,-0.02,0.150,-0.02,0.150,0.00,0.150,0.01,0.150,0.01,0.150,0.00,0.150,-0.01,0.150,-0.02,0.150,0.00,0.150,-0.02,0.150,0.00,0.150,0.00,0.150,0.01,0.150,0.00
0.200,0.00,0.200,0.01,0.200,0.01,0.200,0.00,0.200,0.00,0.200,0.00,0.200,-0.02,0.200,0.00,0.200,-0.01,0.200,0.02,0.200,0.00,0.200,0.00,0.200,0.02,0.200,0.00,0.200,-0.01,0.200,0.00,0.200,0.00,0.200,0.01,0.200,-0.01,0.200,0.00,0.200,0.00,0.200,0.02,0.200,-0.01,0.200,-0.01,0.200,0.00,0.200,0.02,0.200,-0.01,0.200,0.01,0.200,0.00,0.200,0.00,0.200,-0.01,0.200,0.00,0.200,0.01,0.200,-0.01,0.200,0.02,0.200,0.00,0.200,0.01,0.200,-0.01,0.200,0.00,0.200,0.00,0.200,0.01,0.200,-0.01,0.200,0.02,0.200,-0.01,0.200,0.01,0.200,-0.01,0.200,-0.01,0.200,-0.01,0.200,0.01,0.200,0.01,0.200,0.01,0.200,-0.02,0.200,-0.01,0.200,0.00,0.200,0.00,0.200,0.01,0.200,0.01,0.200,-0.01,0.200,0.00,0.200,0.00,0.200,-0.02,0.200,0.01,0.200,-0.01,0.200,0.01,0.200,-0.01
0.250,-0.02,0.250,-0.01,0.250,0.01,0.250,-0.01,0.250,0.01,0.250,0.01,0.250,-0.02,0.250,0.00,0.250,0.00,0.250,0.02,0.250,0.00,0.250,0.00,0.250,0.02,0.250,0.01,0.250,0.00,0.250,0.00,0.250,0.00,0.250,0.00,0.250,-0.01,0.250,0.02,0.250,0.01,0.250,0.01,0.250,-0.01,0.250,-0.01,0.250,0.00,0.250,0.02,0.250,-0.01,0.250,0.01,0.250,0.00,0.250,0.00,0.250,-0.01,0.250,0.00,0.250,0.00,0.250,0.00,0.250,0.01,0.250,0.00,0.250,0.00,0.250,-0.01,0.250,0.00,0.250,0.00,0.250,0.01,0.250,-0.01,0.250,0.02,0.250,0.00,0.250,0.00,0.250,-0.01,0.250,0.00,0.250,-0.01,0.250,0.01,0.250,0.01,0.250,0.00,0.250,-0.02,0.250,0.00,0.250,-0.01,0.250,0.00,0.250,0.01,0.250,0.02,0.250,0.00,0.250,0.00,0.250,0.00,0.250,-0.02,0.250,0.02,0.250,-0.01,0.250,0.01,0.250,-0.01
0.300,-0.02,0.300,0.01,0.300,0.01,0.300,0.00,0.300,0.02,0.300,0.01,0.300,-0.01,0.300,0.01,0.300,-0.01,0.300,0.00,0.300,0.00,0.300,0.01,0.300,0.02,0.300,0.00,0.300,0.00,0.300,-0.01,0.300,0.00,0.300,0.00,0.300,0.00,0.300,0.02,0.300,0.01,0.300,0.01,0.300,0.01,0.300,-0.01,0.300,0.01,0.300,0.02,0.300,0.00,0.300,0.01,0.300,0.00,0.300,0.01,0.300,-0.02,0.300,0.01,0.300,0.00,0.300,-0.01,0.300,0.01,0.300,0.00,0.300,0.00,0.300,0.00,0.300,0.00,0.300,-0.01,0.300,0.01,0.300,-0.01,0.300,0.02,0.300,0.00,0.300,0.00,0.300,-0.02,0.300,0.00,0.300,-0.01,0.300,0.01,0.300,0.00,0.300,0.00,0.300,-0.04,0.300,-0.01,0.300,-0.01,0.300,0.01,0.300,0.01,0.300,0.01,0.300,0.00,0.300,0.01,0.300,0.00,0.300,-0.01,0.300,0.02,0.300,-0.01,0.300,0.00,0.300,-0.01
0.350,-0.01,0.350,0.00,0.350,-0.01,0.350,0.00,0.350,0.01,0.350,0.00,0.350,-0.02,0.350,0.00,0.350,-0.01,0.350,0.01,0.350,0.00,0.350,0.00,0.350,0.02,0.350,0.00,0.350,0.01,0.350,0.00,0.350,0.00,0.350,-0.01,0.350,0.00,0.350,0.01,0.350,0.01,0.350,0.02,0.350,0.00,0.350,-0.02,0.350,0.01,0.350,0.02,0.350,0.00,0.350,0.01,0.350,-0.01,0.350,0.01,0.350,-0.01,0.350,0.00,0.350,-0.01,0.350,0.00,0.350,0.01,0.350,0.00,0.350,0.00,0.350,-0.01,0.350,0.00,0.350,-0.01,0.350,0.00,0.350,-0.01,0.350,0.02,0.350,0.00,0.350,0.00,0.350,-0.01,0.350,0.00,0.350,-0.02,0.350,0.00,0.350,0.00,0.350,-0.01,0.350,-0.03,0.350,-0.01,0.350,0.00,0.350,0.00,0.350,0.01,0.350,0.01,0.350,-0.01,0.350,0.00,0.350,-0.01,0.350,-0.01,0.350,0.02,0.350,-0.01,0.350,0.01,0.350,-0.01
0.400,-0.01,0.400,2.78E-17,0.400,0.01,0.400,0.00,0.400,0.02,0.400,0.01,0.400,-0.02,0.400,-0.01,0.400,-0.01,0.400,0.01,0.400,0.01,0.400,0.00,0.400,0.01,0.400,0.01,0.400,0.00,0.400,0.00,0.400,0.00,0.400,-0.01,0.400,-0.01,0.400,0.01,0.400,0.00,0.400,0.01,0.400,0.00,0.400,-0.01,0.400,0.01,0.400,0.01,0.400,0.00,0.400,0.01,0.400,0.00,0.400,0.01,0.400,0.00,0.400,-0.01,0.400,0.01,0.400,-0.01,0.400,0.00,0.400,0.01,0.400,0.00,0.400,-0.01,0.400,0.00,0.400,-0.01,0.400,0.00,0.400,-0.01,0.400,0.03,0.400,0.00,0.400,0.00,0.400,-0.01,0.400,0.00,0.400,-0.02,0.400,0.01,0.400,0.00,0.400,0.00,0.400,-0.03,0.400,0.00,0.400,0.00,0.400,0.00,0.400,0.01,0.400,0.01,0.400,0.00,0.400,-0.01,0.400,-0.01,0.400,-0.01,0.400,0.01,0.400,-0.01,0.400,0.00,0.400,0.00
0.450,-0.01,0.450,-0.01,0.450,0.00,0.450,0.00,0.450,0.02,0.450,0.01,0.450,-0.02,0.450,0.00,0.450,-0.01,0.450,0.01,0.450,0.00,0.450,0.00,0.450,0.01,0.450,0.01,0.450,0.00,0.450,-0.01,0.450,0.01,0.450,-0.01,0.450,-0.01,0.450,0.01,0.450,0.00,0.450,0.02,0.450,0.00,0.450,-0.02,0.450,0.00,0.450,0.00,0.450,0.00,0.450,0.01,0.450,0.00,0.450,0.00,0.450,0.00,0.450,0.00,0.450,0.00,0.450,0.00,0.450,0.01,0.450,0.00,0.450,0.00,0.450,-0.01,0.450,-0.01,0.450,0.00,0.450,0.01,0.450,-0.01,0.450,0.01,0.450,0.01,0.450,-0.01,0.450,0.00,0.450,0.00,0.450,0.00,0.450,0.01,0.450,0.01,0.450,0.02,0.450,-0.03,0.450,-0.01,0.450,0.00,0.450,0.00,0.450,0.00,0.450,0.02,0.450,-0.01,0.450,0.00,0.450,0.00,0.450,-0.02,0.450,0.01,0.450,0.00,0.450,0.01,0.450,-0.01
0.500,0.00,0.500,-0.01,0.500,0.00,0.500,0.00,0.500,0.01,0.500,0.01,0.500,-0.02,0.500,0.00,0.500,-0.01,0.500,0.01,0.500,0.01,0.500,0.01,0.500,0.00,0.500,0.00,0.500,0.01,0.500,-0.01,0.500,0.01,0.500,-0.01,0.500,-0.01,0.500,0.02,0.500,0.00,0.500,0.01,0.500,0.01,0.500,-0.01,0.500,0.00,0.500,0.02,0.500,0.00,0.500,0.01,0.500,0.01,0.500,0.00,0.500,-0.01,0.500,0.00,0.500,0.01,0.500,-0.01,0.500,0.01,0.500,0.00,0.500,0.00,0.500,-0.01,0.500,0.00,0.500,-0.01,0.500,0.00,0.500,-0.01,0.500,0.01,0.500,-0.01,0.500,0.01,0.500,-0.01,0.500,0.01,0.500,-0.01,0.500,0.01,0.500,0.00,0.500,0.00,0.500,-0.03,0.500,0.00,0.500,0.01,0.500,0.00,0.500,0.01,0.500,0.01,0.500,0.00,0.500,0.00,0.500,-0.01,0.500,-0.02,0.500,0.02,0.500,0.01,0.500,0.00,0.500,-0.01
0.550,0.00,0.550,0.00,0.550,0.01,0.550,0.01,0.550,0.01,0.550,0.01,0.550,-0.01,0.550,0.00,0.550,0.00,0.550,0.02,0.550,0.00,0.550,0.01,0.550,0.01,0.550,0.00,0.550,0.00,0.550,-0.02,0.550,0.01,0.550,0.00,0.550,-0.01,0.550,0.02,0.550,0.01,0.550,0.00,0.550,0.00,0.550,0.00,0.550,0.00,0.550,0.02,0.550,0.00,0.550,0.02,0.550,0.01,0.550,0.00,0.550,-0.02,0.550,0.00,0.550,0.01,0.550,-0.01,0.550,0.02,0.550,0.01,0.550,0.00,0.550,-0.02,0.550,-0.01,0.550,-0.01,0.550,-0.01,0.550,-0.01,0.550,0.01,0.550,0.00,0.550,0.01,0.550,0.00,0.550,0.00,0.550,-0.01,0.550,0.00,0.550,0.00,0.550,-0.01,0.550,-0.02,0.550,-0.01,0.550,0.00,0.550,0.00,0.550,0.01,0.550,0.01,0.550,0.00,0.550,-0.01,0.550,0.00,0.550,-0.01,0.550,0.01,0.550,0.00,0.550,0.01,0.550,-0.01
0.600,-0.01,0.600,0.00,0.600,0.01,0.600,0.01,0.600,0.02,0.600,0.01,0.600,-0.02,0.600,0.00,0.600,-0.01,0.600,0.01,0.600,-0.01,0.600,0.01,0.600,0.01,0.600,0.00,0.600,0.01,0.600,-0.01,0.600,-0.01,0.600,0.00,0.600,-0.02,0.600,0.00,0.600,0.00,0.600,0.01,0.600,0.01,0.600,-0.01,0.600,0.00,0.600,0.01,0.600,0.00,0.600,0.02,0.600,-0.01,0.600,0.00,0.600,-0.01,0.600,-0.01,0.600,0.01,0.600,-0.01,0.600,0.00,0.600,0.01,0.600,-0.01,0.600,-0.01,0.600,-0.01,0.600,0.00,0.600,-0.01,0.600,-0.01,0.600,0.02,0.600,0.00,0.600,0.01,0.600,-0.01,0.600,0.00,0.600,0.00,0.600,-0.01,0.600,0.01,0.600,-0.01,0.600,-0.02,0.600,0.00,0.600,0.00,0.600,0.01,0.600,0.00,0.600,0.01,0.600,0.00,0.600,-0.01,0.600,0.00,0.600,-0.01,0.600,0.01,0.600,-0.01,0.600,0.01,0.600,-0.01
0.650,-0.01,0.650,-0.02,0.650,0.01,0.650,0.00,0.650,0.01,0.650,0.01,0.650,-0.02,0.650,0.00,0.650,-0.01,0.650,0.01,0.650,-0.01,0.650,0.00,0.650,0.02,0.650,0.00,0.650,0.00,0.650,-0.01,0.650,0.01,0.650,0.00,0.650,-0.01,0.650,0.01,0.650,0.00,0.650,0.01,0.650,0.01,0.650,-0.01,0.650,0.00,0.650,0.01,0.650,0.00,0.650,0.01,0.650,-0.01,0.650,0.01,0.650,-0.01,0.650,-0.01,0.650,0.01,0.650,0.00,0.650,0.00,0.650,0.01,0.650,-0.01,0.650,0.00,0.650,-0.01,0.650,-0.01,0.650,0.01,0.650,-0.01,0.650,0.02,0.650,0.01,0.650,0.00,0.650,-0.01,0.650,0.00,0.650,-0.01,0.650,0.01,0.650,0.01,0.650,0.01,0.650,-0.02,0.650,0.00,0.650,0.00,0.650,0.01,0.650,0.00,0.650,0.01,0.650,0.01,0.650,-0.01,0.650,-0.01,0.650,-0.02,0.650,0.01,0.650,-0.01,0.650,0.02,0.650,-0.01
0.700,-0.01,0.700,-0.01,0.700,0.01,0.700,0.00,0.700,0.01,0.700,0.01,0.700,-0.01,0.700,0.00,0.700,-0.02,0.700,0.02,0.700,-0.01,0.700,0.00,0.700,0.01,0.700,0.00,0.700,-0.01,0.700,0.00,0.700,0.00,0.700,0.00,0.700,-0.01,0.700,0.01,0.700,0.01,0.700,0.02,0.700,0.01,0.700,-0.01,0.700,0.00,0.700,0.02,0.700,0.01,0.700,0.01,0.700,0.00,0.700,0.01,0.700,-0.02,0.700,0.00,0.700,0.00,0.700,0.00,0.700,0.00,0.700,0.01,0.700,0.00,0.700,0.00,0.700,-0.01,0.700,0.00,0.700,0.00,0.700,-0.01,0.700,0.01,0.700,0.01,0.700,0.01,0.700,-0.01,0.700,-0.01,0.700,-0.02,0.700,0.01,0.700,0.01,0.700,0.00,0.700,-0.02,0.700,0.00,0.700,-0.01,0.700,0.00,0.700,0.00,0.700,0.02,0.700,0.00,0.700,0.00,0.700,-0.01,0.700,-0.01,0.700,0.01,0.700,-0.01,0.700,0.00,0.700,-0.01
0.750,0.00,0.750,-0.01,0.750,0.01,0.750,0.00,0.750,0.01,0.750,0.01,0.750,-0.01,0.750,0.01,0.750,-0.01,0.750,0.01,0.750,-0.01,0.750,0.00,0.750,0.01,0.750,0.00,0.750,-0.01,0.750,-0.01,0.750,0.01,0.750,0.00,0.750,-0.01,0.750,0.01,0.750,0.01,0.750,0.02,0.750,0.00,0.750,-0.02,0.750,0.00,0.750,0.02,0.750,0.00,0.750,0.01,0.750,-0.01,0.750,0.01,0.750,0.00,0.750,0.00,0.750,0.01,0.750,0.00,0.750,0.01,0.750,0.00,0.750,-0.01,0.750,-0.01,0.750,-0.02,0.750,0.00,0.750,0.00,0.750,-0.01,0.750,0.01,0.750,0.01,0.750,0.01,0.750,0.00,0.750,0.00,0.750,-0.01,0.750,0.01,0.750,0.01,0.750,0.01,0.750,-0.03,0.750,0.00,0.750,0.01,0.750,0.00,0.750,0.00,0.750,0.01,0.750,0.00,0.750,0.00,0.750,-0.01,0.750,-0.01,0.750,0.01,0.750,0.00,0.750,0.00,0.750,-0.01
0.800,0.00,0.800,-0.01,0.800,0.01,0.800,-0.01,0.800,0.00,0.800,0.01,0.800,-0.01,0.800,0.00,0.800,-0.01,0.800,0.01,0.800,0.00,0.800,0.01,0.800,0.01,0.800,0.01,0.800,0.01,0.800,-0.02,0.800,0.00,0.800,0.00,0.800,0.00,0.800,0.01,0.800,0.01,0.800,0.02,0.800,-0.01,0.800,-0.02,0.800,-0.01,0.800,0.02,0.800,0.00,0.800,0.01,0.800,0.00,0.800,0.01,0.800,0.00,0.800,0.00,0.800,0.00,0.800,0.00,0.800,0.00,0.800,0.01,0.800,-0.01,0.800,-0.02,0.800,-0.01,0.800,0.01,0.800,0.01,0.800,-0.01,0.800,0.01,0.800,0.01,0.800,0.00,0.800,0.00,0.800,-0.01,0.800,0.00,0.800,0.01,0.800,0.01,0.800,0.01,0.800,-0.02,0.800,-0.01,0.800,-0.01,0.800,0.00,0.800,0.00,0.800,0.02,0.800,0.01,0.800,0.00,0.800,0.00,0.800,0.00,0.800,0.01,0.800,-0.01,0.800,0.01,0.800,-0.01
0.850,-0.01,0.850,-0.01,0.850,0.00,0.850,-0.01,0.850,0.00,0.850,0.00,0.850,-0.01,0.850,0.01,0.850,-0.02,0.850,0.01,0.850,0.00,0.850,0.00,0.850,0.01,0.850,0.02,0.850,0.01,0.850,-0.02,0.850,0.01,0.850,-0.01,0.850,0.00,0.850,0.00,0.850,0.02,0.850,0.02,0.850,-0.01,0.850,-0.02,0.850,0.00,0.850,0.01,0.850,-0.01,0.850,0.02,0.850,0.01,0.850,0.00,0.850,0.00,0.850,0.00,0.850,0.00,0.850,0.01,0.850,0.00,0.850,0.01,0.850,-0.01,0.850,0.00,0.850,-0.01,0.850,0.00,0.850,0.01,0.850,0.00,0.850,0.02,0.850,0.00,0.850,0.01,0.850,0.00,0.850,0.01,0.850,-0.01,0.850,0.00,0.850,0.01,0.850,0.01,0.850,-0.01,0.850,-0.01,0.850,-0.01,0.850,0.00,0.850,-0.01,0.850,0.01,0.850,0.01,0.850,0.00,0.850,0.00,0.850,-0.01,0.850,0.01,0.850,0.00,0.850,0.00,0.850,-0.01
0.900,-0.01,0.900,0.00,0.900,0.00,0.900,0.00,0.900,0.00,0.900,0.00,0.900,-0.02,0.900,0.00,0.900,-0.02,0.900,0.01,0.900,-0.01,0.900,0.01,0.900,0.01,0.900,0.00,0.900,-0.01,0.900,-0.01,0.900,0.01,0.900,-0.01,0.900,0.00,0.900,0.01,0.900,0.01,0.900,0.02,0.900,-0.01,0.900,-0.01,0.900,0.00,0.900,0.00,0.900,-0.01,0.900,0.02,0.900,0.00,0.900,0.00,0.900,-0.02,0.900,0.00,0.900,0.00,0.900,0.01,0.900,0.01,0.900,0.00,0.900,0.00,0.900,-0.01,0.900,-0.01,0.900,0.01,0.900,0.00,0.900,-0.01,0.900,0.02,0.900,0.01,0.900,0.00,0.900,0.01,0.900,0.00,0.900,-0.01,0.900,0.01,0.900,0.01,0.900,0.01,0.900,-0.02,0.900,0.00,0.900,-0.01,0.900,0.01,0.900,0.00,0.900,0.02,0.900,0.01,0.900,0.01,0.900,0.00,0.900,-0.01,0.900,0.02,0.900,0.00,0.900,0.01,0.900,-0.02
0.950,-0.01,0.950,0.00,0.950,0.00,0.950,-0.01,0.950,0.01,0.950,0.00,0.950,-0.02,0.950,0.00,0.950,-0.02,0.950,0.01,0.950,0.00,0.950,0.01,0.950,0.01,0.950,0.00,0.950,0.00,0.950,-0.02,0.950,0.00,0.950,-0.02,0.950,0.00,0.950,0.01,0.950,0.00,0.950,0.02,0.950,-0.01,0.950,-0.01,0.950,0.00,0.950,0.01,0.950,-0.01,0.950,0.01,0.950,0.01,0.950,-0.01,0.950,-0.01,0.950,0.01,0.950,0.00,0.950,0.00,0.950,0.00,0.950,0.01,0.950,0.00,0.950,-0.01,0.950,-0.01,0.950,0.01,0.950,0.01,0.950,-0.01,0.950,0.02,0.950,-0.01,0.950,0.01,0.950,0.01,0.950,0.00,0.950,0.00,0.950,0.01,0.950,0.01,0.950,0.01,0.950,-0.01,0.950,0.01,0.950,-0.01,0.950,0.00,0.950,0.00,0.950,0.01,0.950,0.01,0.950,0.00,0.950,0.00,0.950,-0.02,0.950,0.01,0.950,-0.01,0.950,0.01,0.950,-0.02
1.000,-0.01,1.000,-0.01,1.000,0.00,1.000,0.00,1.000,0.00,1.000,0.00,1.000,-0.02,1.000,0.00,1.000,-0.02,1.000,0.01,1.000,0.00,1.000,0.00,1.000,0.00,1.000,0.00,1.000,0.00,1.000,-0.02,1.000,-0.01,1.000,-0.01,1.000,-0.01,1.000,0.01,1.000,-0.01,1.000,0.02,1.000,0.00,1.000,0.00,1.000,0.01,1.000,0.01,1.000,-0.01,1.000,0.02,1.000,0.01,1.000,0.00,1.000,-0.01,1.000,0.00,1.000,0.01,1.000,0.01,1.000,0.00,1.000,0.00,1.000,0.00,1.000,0.01,1.000,0.00,1.000,0.00,1.000,0.01,1.000,0.00,1.000,0.03,1.000,0.01,1.000,0.00,1.000,0.00,1.000,-0.01,1.000,-0.01,1.000,0.01,1.000,0.02,1.000,0.00,1.000,-0.01,1.000,0.02,1.000,0.00,1.000,0.01,1.000,-0.01,1.000,0.01,1.000,0.02,1.000,0.00,1.000,-0.01,1.000,-0.01,1.000,0.01,1.000,0.00,1.000,0.01,1.000,-0.01
1.050,-0.01,1.050,-0.01,1.050,0.01,1.050,0.01,1.050,0.01,1.050,-0.01,1.050,0.00,1.050,0.01,1.050,-0.02,1.050,0.01,1.050,0.00,1.050,-0.01,1.050,0.02,1.050,0.01,1.050,-0.01,1.050,-0.01,1.050,0.00,1.050,-0.01,1.050,0.00,1.050,0.00,1.050,-0.01,1.050,0.01,1.050,-0.01,1.050,-0.01,1.050,0.00,1.050,0.01,1.050,0.00,1.050,0.02,1.050,0.01,1.050,-0.01,1.050,-0.01,1.050,0.01,1.050,0.00,1.050,0.01,1.050,0.00,1.050,0.00,1.050,-0.01,1.050,0.00,1.050,0.00,1.050,0.00,1.050,0.01,1.050,0.00,1.050,0.02,1.050,0.01,1.050,0.01,1.050,-0.01,1.050,-0.01,1.050,-0.01,1.050,0.01,1.050,0.02,1.050,0.00,1.050,-0.01,1.050,0.01,1.050,-0.01,1.050,0.00,1.050,-0.01,1.050,0.01,1.050,0.02,1.050,0.00,1.050,-0.01,1.050,-0.01,1.050,0.01,1.050,0.00,1.050,0.01,1.050,-0.01
1.100,0.00,1.100,-0.01,1.100,0.00,1.100,0.02,1.100,0.00,1.100,0.00,1.100,-0.02,1.100,0.00,1.100,-0.03,1.100,0.01,1.100,0.00,1.100,0.01,1.100,0.01,1.100,0.00,1.100,0.00,1.100,-0.02,1.100,-0.01,1.100,-0.01,1.100,0.00,1.100,0.02,1.100,0.00,1.100,0.02,1.100,0.00,1.100,-0.01,1.100,0.01,1.100,0.01,1.100,0.00,1.100,0.01,1.100,0.01,1.100,-0.01,1.100,-0.02,1.100,0.01,1.100,0.02,1.100,0.01,1.100,0.00,1.100,-0.01,1.100,-0.01,1.100,0.00,1.100,-0.02,1.100,-0.01,1.100,0.01,1.100,-0.01,1.100,0.01,1.100,0.01,1.100,0.01,1.100,0.00,1.100,0.00,1.100,0.00,1.100,-0.01,1.100,0.01,1.100,0.00,1.100,-0.01,1.100,0.01,1.100,-0.01,1.100,0.01,1.100,0.00,1.100,0.01,1.100,0.02,1.100,0.01,1.100,0.01,1.100,-0.02,1.100,0.02,1.100,0.01,1.100,0.00,1.100,-0.01
1.150,-0.01,1.150,0.00,1.150,0.02,1.150,0.00,1.150,0.01,1.150,0.00,1.150,-0.02,1.150,0.00,1.150,-0.03,1.150,0.02,1.150,0.01,1.150,0.00,1.150,0.00,1.150,0.01,1.150,0.01,1.150,-0.02,1.150,0.00,1.150,-0.01,1.150,-0.01,1.150,0.01,1.150,0.01,1.150,0.01,1.150,-0.01,1.150,0.01,1.150,0.02,1.150,0.01,1.150,0.00,1.150,0.01,1.150,0.01,1.150,-0.01,1.150,-0.02,1.150,-0.01,1.150,0.02,1.150,0.01,1.150,0.00,1.150,-0.01,1.150,0.00,1.150,0.00,1.150,-0.01,1.150,0.01,1.150,0.01,1.150,0.00,1.150,0.02,1.150,0.01,1.150,0.01,1.150,0.00,1.150,0.00,1.150,0.00,1.150,0.01,1.150,0.02,1.150,-0.01,1.150,0.00,1.150,0.02,1.150,0.00,1.150,0.01,1.150,0.00,1.150,0.01,1.150,0.02,1.150,0.00,1.150,0.01,1.150,-0.01,1.150,0.02,1.150,0.00,1.150,0.00,1.150,0.00
1.200,-0.01,1.200,0.00,1.200,0.01,1.200,0.00,1.200,0.00,1.200,0.00,1.200,-0.01,1.200,0.00,1.200,-0.02,1.200,0.02,1.200,0.00,1.200,-0.01,1.200,0.00,1.200,0.01,1.200,0.00,1.200,-0.02,1.200,-0.01,1.200,-0.01,1.200,-0.01,1.200,0.01,1.200,0.00,1.200,0.02,1.200,0.00,1.200,-0.01,1.200,0.02,1.200,0.01,1.200,0.00,1.200,0.01,1.200,0.01,1.200,0.00,1.200,-0.02,1.200,-0.01,1.200,0.02,1.200,0.01,1.200,0.00,1.200,0.01,1.200,0.00,1.200,0.01,1.200,0.01,1.200,0.00,1.200,0.01,1.200,-0.01,1.200,0.01,1.200,0.01,1.200,0.02,1.200,0.00,1.200,-0.01,1.200,-0.01,1.200,0.01,1.200,0.01,1.200,0.00,1.200,-0.01,1.200,0.02,1.200,0.00,1.200,0.01,1.200,0.00,1.200,0.01,1.200,0.01,1.200,0.00,1.200,0.02,1.200,-0.01,1.200,0.02,1.200,0.00,1.200,0.01,1.200,-0.01
1.250,-0.01,1.250,0.00,1.250,0.00,1.250,0.00,1.250,0.01,1.250,0.00,1.250,-0.01,1.250,0.01,1.250,-0.02,1.250,0.01,1.250,0.00,1.250,0.01,1.250,0.01,1.250,0.00,1.250,0.00,1.250,-0.01,1.250,-0.01,1.250,0.00,1.250,-0.01,1.250,0.01,1.250,0.00,1.250,0.01,1.250,-0.01,1.250,0.00,1.250,0.01,1.250,0.02,1.250,0.00,1.250,0.02,1.250,-0.01,1.250,0.00,1.250,-0.02,1.250,-0.02,1.250,0.01,1.250,0.01,1.250,0.00,1.250,0.00,1.250,0.01,1.250,0.01,1.250,-0.01,1.250,-0.01,1.250,0.01,1.250,-0.01,1.250,0.02,1.250,0.00,1.250,0.01,1.250,-0.01,1.250,0.00,1.250,-0.01,1.250,0.01,1.250,0.00,1.250,0.00,1.250,-0.01,1.250,0.01,1.250,0.00,1.250,0.01,1.250,0.01,1.250,0.01,1.250,0.01,1.250,0.01,1.250,0.02,1.250,-0.01,1.250,0.02,1.250,-0.01,1.250,0.01,1.250,-0.01
1.300,0.00,1.300,2.78E-17,1.300,0.00,1.300,0.00,1.300,0.01,1.300,-0.01,1.300,0.00,1.300,-0.01,1.300,-0.02,1.300,0.01,1.300,0.00,1.300,0.01,1.300,0.01,1.300,0.01,1.300,0.00,1.300,-0.01,1.300,-0.02,1.300,-0.01,1.300,-0.01,1.300,0.00,1.300,0.00,1.300,0.02,1.300,0.00,1.300,0.00,1.300,0.00,1.300,0.02,1.300,0.01,1.300,0.02,1.300,0.01,1.300,0.00,1.300,-0.01,1.300,0.00,1.300,0.01,1.300,0.01,1.300,-0.01,1.300,0.00,1.300,0.01,1.300,0.01,1.300,0.00,1.300,0.00,1.300,0.01,1.300,0.00,1.300,0.01,1.300,0.00,1.300,0.00,1.300,-0.01,1.300,0.00,1.300,-0.01,1.300,0.02,1.300,0.00,1.300,0.00,1.300,-0.01,1.300,0.02,1.300,0.00,1.300,0.01,1.300,0.01,1.300,0.01,1.300,0.01,1.300,0.00,1.300,0.01,1.300,-0.01,1.300,0.02,1.300,0.00,1.300,0.01,1.300,-0.01
1.350,5.55E-17,1.350,0.00,1.350,0.01,1.350,-0.01,1.350,0.01,1.350,-0.01,1.350,0.00,1.350,0.00,1.350,-0.02,1.350,0.01,1.350,0.00,1.350,0.01,1.350,0.01,1.350,0.01,1.350,0.00,1.350,-0.02,1.350,-0.01,1.350,-0.01,1.350,-0.01,1.350,-0.01,1.350,0.01,1.350,0.01,1.350,-0.01,1.350,-0.01,1.350,0.02,1.350,0.02,1.350,0.00,1.350,0.03,1.350,0.00,1.350,0.00,1.350,-0.01,1.350,0.00,1.350,0.02,1.350,0.00,1.350,-0.01,1.350,0.00,1.350,0.00,1.350,0.00,1.350,0.00,1.350,-0.01,1.350,-0.01,1.350,0.00,1.350,0.01,1.350,-0.01,1.350,0.00,1.350,0.00,1.350,0.00,1.350,-0.01,1.350,0.01,1.350,0.00,1.350,0.01,1.350,-0.01,1.350,0.01,1.350,0.00,1.350,0.01,1.350,0.00,1.350,0.01,1.350,0.02,1.350,0.00,1.350,0.01,1.350,-0.01,1.350,0.01,1.350,0.00,1.350,0.01,1.350,0.00
1.400,0.01,1.400,-0.01,1.400,-0.01,1.400,-0.01,1.400,0.01,1.400,0.00,1.400,0.00,1.400,0.01,1.400,-0.02,1.400,0.01,1.400,0.00,1.400,-0.01,1.400,0.01,1.400,0.01,1.400,0.01,1.400,-0.02,1.400,-0.01,1.400,-0.01,1.400,0.00,1.400,0.00,1.400,-0.01,1.400,0.02,1.400,-0.01,1.400,0.00,1.400,0.01,1.400,0.01,1.400,0.00,1.400,0.02,1.400,-0.01,1.400,0.01,1.400,0.00,1.400,0.01,1.400,0.01,1.400,0.01,1.400,-0.01,1.400,0.00,1.400,0.00,1.400,-0.01,1.400,0.00,1.400,-0.01,1.400,0.00,1.400,-0.01,1.400,0.01,1.400,0.01,1.400,0.00,1.400,0.00,1.400,0.00,1.400,0.00,1.400,0.01,1.400,0.00,1.400,0.00,1.400,-0.01,1.400,0.01,1.400,-0.01,1.400,0.01,1.400,0.01,1.400,0.01,1.400,0.02,1.400,0.00,1.400,0.01,1.400,-0.01,1.400,0.02,1.400,0.00,1.400,0.01,1.400,0.00
1.450,0.00,1.450,2.78E-17,1.450,0.01,1.450,-0.01,1.450,0.02,1.450,0.00,1.450,-0.01,1.450,0.01,1.450,-0.01,1.450,0.01,1.450,0.01,1.450,-0.01,1.450,0.01,1.450,0.01,1.450,0.00,1.450,-0.01,1.450,-0.01,1.450,-0.01,1.450,0.00,1.450,0.00,1.450,0.01,1.450,0.01,1.450,0.01,1.450,0.00,1.450,0.02,1.450,0.01,1.450,0.00,1.450,0.03,1.450,0.00,1.450,0.00,1.450,0.00,1.450,0.00,1.450,0.01,1.450,0.00,1.450,-0.02,1.450,0.00,1.450,0.00,1.450,0.00,1.450,0.00,1.450,0.00,1.450,0.01,1.450,-0.01,1.450,0.01,1.450,0.01,1.450,0.01,1.450,0.01,1.450,0.00,1.450,0.01,1.450,0.01,1.450,0.00,1.450,0.00,1.450,-0.02,1.450,0.02,1.450,0.01,1.450,0.00,1.450,0.00,1.450,0.02,1.450,0.02,1.450,0.00,1.450,0.01,1.450,-0.01,1.450,0.02,1.450,0.00,1.450,-0.01,1.450,0.00
1.500,0.00,1.500,0.00,1.500,0.00,1.500,-0.01,1.500,0.01,1.500,0.00,1.500,-0.01,1.500,0.00,1.500,-0.02,1.500,-0.01,1.500,0.01,1.500,-0.02,1.500,0.01,1.500,0.01,1.500,0.00,1.500,-0.01,1.500,-0.01,1.500,-0.01,1.500,-0.01,1.500,0.00,1.500,0.00,1.500,0.02,1.500,0.00,1.500,-0.01,1.500,0.01,1.500,0.01,1.500,0.00,1.500,0.02,1.500,0.00,1.500,0.00,1.500,0.00,1.500,0.00,1.500,0.01,1.500,0.01,1.500,-0.01,1.500,0.01,1.500,0.00,1.500,-0.01,1.500,0.00,1.500,-0.02,1.500,0.01,1.500,-0.01,1.500,0.02,1.500,0.02,1.500,0.01,1.500,0.00,1.500,-0.01,1.500,-0.01,1.500,0.01,1.500,0.00,1.500,0.00,1.500,-0.02,1.500,0.01,1.500,0.01,1.500,0.01,1.500,0.01,1.500,0.01,1.500,0.02,1.500,0.00,1.500,0.00,1.500,-0.01,1.500,0.02,1.500,0.00,1.500,0.00,1.500,-0.01
1.550,0.00,1.550,0.00,1.550,0.01,1.550,-0.01,1.550,0.00,1.550,0.00,1.550,0.00,1.550,0.00,1.550,-0.01,1.550,0.01,1.550,0.01,1.550,-0.01,1.550,0.01,1.550,0.02,1.550,0.01,1.550,-0.01,1.550,0.00,1.550,0.00,1.550,-0.01,1.550,0.01,1.550,0.01,1.550,0.02,1.550,0.00,1.550,-0.01,1.550,0.01,1.550,0.01,1.550,0.01,1.550,0.02,1.550,-0.01,1.550,0.01,1.550,-0.01,1.550,0.00,1.550,0.00,1.550,0.00,1.550,-0.01,1.550,0.00,1.550,0.00,1.550,-0.01,1.550,0.00,1.550,-0.01,1.550,0.00,1.550,-0.01,1.550,0.01,1.550,0.01,1.550,0.00,1.550,0.00,1.550,0.00,1.550,0.00,1.550,0.00,1.550,0.01,1.550,0.01,1.550,-0.02,1.550,0.02,1.550,0.01,1.550,0.01,1.550,0.01,1.550,0.01,1.550,0.03,1.550,0.00,1.550,0.00,1.550,0.00,1.550,0.01,1.550,0.00,1.550,0.01,1.550,-0.01
1.600,5.55E-17,1.600,0.00,1.600,0.01,1.600,-0.01,1.600,0.00,1.600,0.00,1.600,-0.01,1.600,0.01,1.600,-0.02,1.600,0.01,1.600,0.00,1.600,-0.01,1.600,0.01,1.600,0.01,1.600,0.01,1.600,-0.01,1.600,-0.01,1.600,-0.01,1.600,0.00,1.600,0.01,1.600,0.01,1.600,0.02,1.600,-0.01,1.600,0.01,1.600,0.00,1.600,0.01,1.600,0.00,1.600,0.02,1.600,0.00,1.600,0.01,1.600,0.00,1.600,-0.01,1.600,0.00,1.600,0.01,1.600,0.00,1.600,0.01,1.600,0.00,1.600,-0.01,1.600,0.00,1.600,-0.01,1.600,0.00,1.600,-0.01,1.600,0.02,1.600,0.01,1.600,0.00,1.600,-0.01,1.600,0.00,1.600,-0.01,1.600,0.01,1.600,0.01,1.600,0.01,1.600,-0.02,1.600,0.01,1.600,0.00,1.600,0.01,1.600,0.02,1.600,0.01,1.600,0.02,1.600,0.00,1.600,-0.01,1.600,0.00,1.600,0.02,1.600,0.00,1.600,0.01,1.600,0.00
1.650,0.00,1.650,0.00,1.650,0.02,1.650,-0.02,1.650,0.00,1.650,0.00,1.650,-0.01,1.650,0.00,1.650,-0.01,1.650,0.01,1.650,0.00,1.650,-0.01,1.650,0.01,1.650,0.01,1.650,0.01,1.650,-0.01,1.650,-0.01,1.650,0.00,1.650,0.00,1.650,0.00,1.650,0.01,1.650,0.02,1.650,-0.01,1.650,0.00,1.650,0.01,1.650,0.00,1.650,0.00,1.650,0.02,1.650,0.01,1.650,0.01,1.650,0.00,1.650,-0.01,1.650,0.01,1.650,0.00,1.650,0.00,1.650,0.02,1.650,0.00,1.650,0.00,1.650,-0.01,1.650,-0.01,1.650,0.00,1.650,-0.01,1.650,0.03,1.650,0.00,1.650,0.01,1.650,0.00,1.650,-0.01,1.650,0.00,1.650,-0.01,1.650,0.01,1.650,0.01,1.650,-0.02,1.650,0.01,1.650,0.00,1.650,0.01,1.650,0.01,1.650,0.01,1.650,0.02,1.650,0.01,1.650,0.00,1.650,-0.01,1.650,0.01,1.650,0.01,1.650,0.01,1.650,0.00
1.700,0.00,1.700,0.00,1.700,0.01,1.700,0.00,1.700,0.00,1.700,-0.01,1.700,-0.01,1.700,0.01,1.700,-0.01,1.700,0.01,1.700,0.00,1.700,-0.01,1.700,0.01,1.700,0.01,1.700,0.01,1.700,-0.02,1.700,0.00,1.700,-0.01,1.700,0.00,1.700,0.02,1.700,0.01,1.700,0.02,1.700,-0.01,1.700,0.00,1.700,0.00,1.700,0.01,1.700,0.00,1.700,0.01,1.700,0.02,1.700,0.00,1.700,0.01,1.700,0.00,1.700,0.01,1.700,0.01,1.700,0.00,1.700,-0.01,1.700,0.00,1.700,0.00,1.700,-0.01,1.700,0.01,1.700,0.00,1.700,0.00,1.700,0.03,1.700,0.02,1.700,0.01,1.700,-0.01,1.700,-0.01,1.700,0.01,1.700,0.01,1.700,0.01,1.700,0.01,1.700,-0.02,1.700,0.01,1.700,-0.01,1.700,0.01,1.700,0.01,1.700,0.01,1.700,0.02,1.700,0.01,1.700,0.00,1.700,0.00,1.700,0.01,1.700,0.01,1.700,0.01,1.700,0.00
1.750,5.55E-17,1.750,-0.01,1.750,0.01,1.750,-0.01,1.750,0.00,1.750,-0.01,1.750,-0.01,1.750,0.01,1.750,-0.01,1.750,0.02,1.750,-0.01,1.750,0.00,1.750,0.02,1.750,0.01,1.750,0.01,1.750,-0.02,1.750,0.00,1.750,0.00,1.750,0.00,1.750,0.02,1.750,0.02,1.750,0.02,1.750,0.00,1.750,0.00,1.750,0.00,1.750,0.00,1.750,0.01,1.750,0.02,1.750,0.01,1.750,0.00,1.750,0.01,1.750,0.01,1.750,0.01,1.750,0.00,1.750,-0.01,1.750,0.00,1.750,0.00,1.750,-0.01,1.750,0.00,1.750,0.00,1.750,0.00,1.750,0.00,1.750,0.04,1.750,0.00,1.750,0.00,1.750,-0.01,1.750,-0.01,1.750,0.00,1.750,0.01,1.750,0.01,1.750,0.01,1.750,-0.02,1.750,0.02,1.750,-0.01,1.750,0.01,1.750,0.02,1.750,0.01,1.750,0.02,1.750,0.00,1.750,0.01,1.750,0.00,1.750,0.02,1.750,0.01,1.750,0.01,1.750,-0.01
1.800,5.55E-17,1.800,2.78E-17,1.800,0.01,1.800,0.00,1.800,0.00,1.800,0.00,1.800,-0.01,1.800,0.00,1.800,0.00,1.800,0.02,1.800,-0.01,1.800,0.00,1.800,0.00,1.800,0.01,1.800,0.01,1.800,-0.02,1.800,0.00,1.800,-0.01,1.800,-0.01,1.800,0.02,1.800,0.01,1.800,0.02,1.800,0.01,1.800,-0.01,1.800,0.00,1.800,0.01,1.800,0.01,1.800,0.02,1.800,0.00,1.800,0.01,1.800,0.00,1.800,0.00,1.800,0.01,1.800,0.01,1.800,0.00,1.800,0.00,1.800,0.00,1.800,0.00,1.800,0.01,1.800,0.00,1.800,-0.01,1.800,0.00,1.800,0.02,1.800,-0.01,1.800,0.00,1.800,-0.01,1.800,0.00,1.800,-0.01,1.800,0.02,1.800,0.02,1.800,0.01,1.800,-0.02,1.800,0.02,1.800,-0.01,1.800,0.01,1.800,0.02,1.800,0.00,1.800,0.02,1.800,0.02,1.800,0.02,1.800,0.00,1.800,0.02,1.800,0.01,1.800,0.02,1.800,-0.01
1.850,0.01,1.850,0.00,1.850,0.01,1.850,0.00,1.850,0.01,1.850,0.01,1.850,0.00,1.850,0.00,1.850,0.00,1.850,0.01,1.850,0.00,1.850,-0.01,1.850,0.00,1.850,0.01,1.850,0.01,1.850,0.00,1.850,0.00,1.850,-0.01,1.850,0.00,1.850,0.02,1.850,0.00,1.850,0.01,1.850,-0.01,1.850,-0.01,1.850,-0.01,1.850,0.01,1.850,0.01,1.850,0.02,1.850,0.00,1.850,0.01,1.850,0.01,1.850,0.00,1.850,0.01,1.850,0.01,1.850,0.00,1.850,0.00,1.850,0.00,1.850,-0.01,1.850,0.01,1.850,0.00,1.850,-0.01,1.850,-0.01,1.850,0.04,1.850,-0.01,1.850,0.00,1.850,-0.01,1.850,0.00,1.850,0.00,1.850,0.02,1.850,0.01,1.850,0.01,1.850,-0.02,1.850,0.01,1.850,-0.01,1.850,0.01,1.850,0.02,1.850,0.01,1.850,0.02,1.850,0.01,1.850,0.01,1.850,0.01,1.850,0.01,1.850,0.01,1.850,0.01,1.850,0.01
1.900,0.01,1.900,0.01,1.900,0.00,1.900,-0.01,1.900,0.00,1.900,0.01,1.900,0.01,1.900,0.00,1.900,0.00,1.900,0.02,1.900,0.01,1.900,0.00,1.900,-0.01,1.900,0.00,1.900,0.00,1.900,-0.01,1.900,0.00,1.900,-0.01,1.900,-0.01,1.900,0.01,1.900,-0.01,1.900,0.02,1.900,-0.01,1.900,-0.01,1.900,0.01,1.900,0.01,1.900,0.02,1.900,0.02,1.900,0.00,1.900,0.00,1.900,0.01,1.900,0.00,1.900,0.01,1.900,0.00,1.900,0.00,1.900,0.01,1.900,-0.01,1.900,-0.01,1.900,0.01,1.900,0.00,1.900,0.00,1.900,0.00,1.900,0.05,1.900,-0.01,1.900,0.00,1.900,-0.01,1.900,0.00,1.900,-0.01,1.900,0.02,1.900,0.01,1.900,0.02,1.900,-0.01,1.900,0.01,1.900,0.00,1.900,0.00,1.900,0.02,1.900,0.02,1.900,0.01,1.900,0.01,1.900,0.01,1.900,-0.01,1.900,0.01,1.900,0.01,1.900,0.01,1.900,-0.01
1.950,0.00,1.950,0.00,1.950,0.00,1.950,-0.01,1.950,0.02,1.950,0.01,1.950,0.00,1.950,-0.01,1.950,-0.01,1.950,0.02,1.950,0.00,1.950,0.00,1.950,-0.01,1.950,0.01,1.950,0.01,1.950,0.00,1.950,0.00,1.950,-0.01,1.950,-0.01,1.950,0.00,1.950,0.00,1.950,0.02,1.950,-0.01,1.950,-0.01,1.950,0.01,1.950,0.02,1.950,0.03,1.950,0.02,1.950,0.00,1.950,0.01,1.950,0.00,1.950,-0.01,1.950,0.01,1.950,0.00,1.950,-0.01,1.950,-0.01,1.950,0.00,1.950,-0.01,1.950,0.00,1.950,-0.01,1.950,0.00,1.950,-0.01,1.950,0.04,1.950,-0.01,1.950,0.00,1.950,0.00,1.950,-0.01,1.950,-0.01,1.950,0.01,1.950,0.01,1.950,0.01,1.950,-0.01,1.950,0.02,1.950,-0.01,1.950,0.00,1.950,0.01,1.950,0.01,1.950,0.01,1.950,0.01,1.950,0.01,1.950,-0.01,1.950,0.01,1.950,0.01,1.950,0.01,1.950,-0.01
2.000,0.00,2.000,-0.01,2.000,0.00,2.000,-0.01,2.000,0.01,2.000,-0.01,2.000,-0.01,2.000,-0.01,2.000,-0.01,2.000,0.02,2.000,0.00,2.000,-0.01,2.000,-0.01,2.000,0.01,2.000,0.01,2.000,0.00,2.000,0.01,2.000,-0.01,2.000,-0.01,2.000,0.01,2.000,0.00,2.000,0.02,2.000,0.00,2.000,0.00,2.000,0.01,2.000,0.01,2.000,0.02,2.000,0.02,2.000,0.00,2.000,0.01,2.000,0.01,2.000,0.00,2.000,0.01,2.000,0.00,2.000,-0.01,2.000,0.00,2.000,0.00,2.000,-0.01,2.000,0.00,2.000,-0.01,2.000,-0.01,2.000,-0.01,2.000,0.05,2.000,0.00,2.000,0.00,2.000,0.00,2.000,-0.01,2.000,0.00,2.000,0.02,2.000,0.02,2.000,0.02,2.000,-0.01,2.000,0.01,2.000,-0.01,2.000,0.00,2.000,0.01,2.000,0.02,2.000,0.02,2.000,0.00,2.000,0.00,2.000,-0.01,2.000,0.02,2.000,0.01,2.000,0.01,2.000,0.00
2.050,0.01,2.050,-0.02,2.050,0.01,2.050,0.00,2.050,0.01,2.050,-0.02,2.050,-0.01,2.050,-0.01,2.050,-0.01,2.050,0.02,2.050,0.01,2.050,0.00,2.050,0.00,2.050,0.02,2.050,-0.01,2.050,-0.01,2.050,0.00,2.050,-0.02,2.050,-0.01,2.050,0.00,2.050,0.00,2.050,0.01,2.050,0.00,2.050,-0.01,2.050,0.02,2.050,0.00,2.050,0.00,2.050,0.03,2.050,0.01,2.050,0.01,2.050,0.01,2.050,0.00,2.050,0.01,2.050,0.00,2.050,0.00,2.050,0.00,2.050,-0.01,2.050,-0.01,2.050,-0.01,2.050,0.00,2.050,0.01,2.050,-0.01,2.050,0.05,2.050,0.00,2.050,0.00,2.050,0.01,2.050,-0.01,2.050,0.01,2.050,0.02,2.050,0.01,2.050,0.02,2.050,-0.01,2.050,0.01,2.050,-0.02,2.050,0.00,2.050,0.00,2.050,0.01,2.050,0.02,2.050,-0.01,2.050,-0.01,2.050,0.00,2.050,0.02,2.050,0.01,2.050,0.00,2.050,-0.01
2.100,0.00,2.100,2.78E-17,2.100,0.00,2.100,0.00,2.100,0.00,2.100,-0.01,2.100,-0.02,2.100,0.00,2.100,-0.01,2.100,0.01,2.100,0.01,2.100,0.00,2.100,0.00,2.100,0.01,2.100,0.00,2.100,-0.01,2.100,0.01,2.100,-0.01,2.100,-0.01,2.100,0.01,2.100,0.00,2.100,0.01,2.100,0.00,2.100,-0.02,2.100,0.01,2.100,0.01,2.100,0.01,2.100,0.02,2.100,0.00,2.100,0.01,2.100,0.01,2.100,0.00,2.100,0.00,2.100,0.00,2.100,-0.01,2.100,0.00,2.100,-0.01,2.100,-0.01,2.100,0.00,2.100,0.00,2.100,0.01,2.100,0.00,2.100,0.08,2.100,0.00,2.100,0.00,2.100,0.00,2.100,-0.01,2.100,0.00,2.100,0.02,2.100,0.01,2.100,0.02,2.100,-0.01,2.100,0.00,2.100,-0.01,2.100,0.01,2.100,0.00,2.100,0.02,2.100,0.02,2.100,0.01,2.100,0.00,2.100,0.01,2.100,0.02,2.100,0.01,2.100,0.00,2.100,-0.01
2.150,5.55E-17,2.150,0.00,2.150,0.01,2.150,-0.01,2.150,0.01,2.150,0.00,2.150,-0.02,2.150,0.00,2.150,-0.02,2.150,0.00,2.150,0.00,2.150,0.00,2.150,0.00,2.150,0.01,2.150,-0.01,2.150,0.01,2.150,0.00,2.150,-0.01,2.150,-0.01,2.150,0.01,2.150,0.00,2.150,0.01,2.150,0.00,2.150,-0.01,2.150,0.02,2.150,0.01,2.150,0.01,2.150,0.02,2.150,0.00,2.150,0.00,2.150,0.01,2.150,0.00,2.150,0.00,2.150,0.00,2.150,-0.01,2.150,0.00,2.150,-0.01,2.150,-0.01,2.150,0.01,2.150,0.00,2.150,0.00,2.150,-0.01,2.150,0.08,2.150,-0.01,2.150,0.00,2.150,0.00,2.150,-0.01,2.150,0.00,2.150,0.02,2.150,0.00,2.150,0.01,2.150,-0.02,2.150,0.01,2.150,-0.01,2.150,0.01,2.150,0.01,2.150,0.02,2.150,0.02,2.150,0.01,2.150,-0.01,2.150,0.01,2.150,0.01,2.150,0.01,2.150,0.00,2.150,-0.01
2.200,0.00,2.200,0.01,2.200,0.02,2.200,0.00,2.200,0.00,2.200,0.00,2.200,-0.01,2.200,0.00,2.200,-0.01,2.200,0.01,2.200,0.01,2.200,0.01,2.200,0.00,2.200,0.01,2.200,-0.01,2.200,-0.01,2.200,0.00,2.200,-0.01,2.200,-0.01,2.200,0.01,2.200,0.00,2.200,0.01,2.200,0.00,2.200,-0.01,2.200,0.02,2.200,0.01,2.200,0.01,2.200,0.03,2.200,0.00,2.200,0.01,2.200,0.01,2.200,-0.01,2.200,0.01,2.200,0.00,2.200,-0.01,2.200,0.01,2.200,0.00,2.200,0.00,2.200,0.00,2.200,0.00,2.200,0.01,2.200,0.00,2.200,0.15,2.200,0.00,2.200,-0.01,2.200,0.00,2.200,-0.01,2.200,-0.01,2.200,0.01,2.200,0.01,2.200,0.01,2.200,-0.02,2.200,0.01,2.200,0.00,2.200,0.01,2.200,0.02,2.200,0.01,2.200,0.02,2.200,0.01,2.200,0.01,2.200,0.01,2.200,0.02,2.200,0.00,2.200,0.00,2.200,-0.01
2.250,0.00,2.250,-0.01,2.250,0.01,2.250,0.00,2.250,0.01,2.250,0.00,2.250,-0.01,2.250,0.00,2.250,-0.02,2.250,0.01,2.250,-0.01,2.250,-0.01,2.250,0.00,2.250,0.00,2.250,0.00,2.250,0.00,2.250,0.01,2.250,-0.01,2.250,-0.01,2.250,0.01,2.250,0.00,2.250,0.01,2.250,-0.01,2.250,-0.01,2.250,0.02,2.250,0.01,2.250,0.01,2.250,0.02,2.250,0.00,2.250,0.01,2.250,0.01,2.250,-0.01,2.250,0.00,2.250,0.00,2.250,0.00,2.250,0.01,2.250,-0.01,2.250,-0.01,2.250,0.00,2.250,-0.01,2.250,0.01,2.250,-0.02,2.250,0.31,2.250,0.00,2.250,0.00,2.250,0.01,2.250,-0.01,2.250,-0.01,2.250,0.01,2.250,0.00,2.250,0.01,2.250,-0.01,2.250,0.00,2.250,0.01,2.250,0.01,2.250,0.01,2.250,0.01,2.250,0.01,2.250,0.02,2.250,-0.01,2.250,0.00,2.250,0.02,2.250,0.01,2.250,0.01,2.250,-0.01
2.300,0.01,2.300,0.00,2.300,0.00,2.300,-0.01,2.300,0.01,2.300,0.00,2.300,-0.02,2.300,0.00,2.300,-0.01,2.300,0.01,2.300,-0.01,2.300,0.00,2.300,0.00,2.300,0.01,2.300,0.01,2.300,0.00,2.300,0.00,2.300,-0.02,2.300,-0.01,2.300,0.01,2.300,-0.01,2.300,0.01,2.300,-0.01,2.300,-0.01,2.300,0.02,2.300,0.01,2.300,0.01,2.300,0.01,2.300,0.00,2.300,0.01,2.300,0.01,2.300,0.01,2.300,0.00,2.300,0.01,2.300,0.00,2.300,0.00,2.300,-0.01,2.300,-0.01,2.300,-0.01,2.300,-0.01,2.300,0.00,2.300,-0.01,2.300,0.61,2.300,0.00,2.300,0.00,2.300,-0.01,2.300,-0.02,2.300,0.00,2.300,0.01,2.300,0.01,2.300,-0.01,2.300,-0.02,2.300,0.00,2.300,0.00,2.300,0.00,2.300,0.01,2.300,0.01,2.300,0.01,2.300,0.01,2.300,0.00,2.300,0.00,2.300,0.01,2.300,0.00,2.300,-0.01,2.300,0.00
2.350,0.00,2.350,2.78E-17,2.350,0.00,2.350,0.00,2.350,0.01,2.350,-0.01,2.350,-0.01,2.350,0.00,2.350,-0.01,2.350,0.01,2.350,-0.01,2.350,0.00,2.350,-0.01,2.350,-0.01,2.350,0.00,2.350,-0.01,2.350,0.01,2.350,-0.01,2.350,0.00,2.350,0.00,2.350,-0.01,2.350,-0.01,2.350,-0.01,2.350,0.00,2.350,0.01,2.350,0.01,2.350,0.00,2.350,0.02,2.350,0.00,2.350,0.01,2.350,0.01,2.350,0.01,2.350,0.00,2.350,0.00,2.350,0.00,2.350,0.01,2.350,-0.01,2.350,0.00,2.350,-0.01,2.350,-0.01,2.350,-0.01,2.350,-0.01,2.350,0.93,2.350,-0.01,2.350,0.01,2.350,0.00,2.350,0.00,2.350,-0.01,2.350,0.01,2.350,0.00,2.350,0.00,2.350,-0.02,2.350,0.01,2.350,-0.01,2.350,0.01,2.350,0.02,2.350,0.01,2.350,0.01,2.350,0.00,2.350,0.01,2.350,0.00,2.350,0.02,2.350,0.00,2.350,0.00,2.350,0.00
2.400,5.55E-17,2.400,2.78E-17,2.400,0.01,2.400,0.01,2.400,0.00,2.400,0.00,2.400,-0.01,2.400,0.00,2.400,0.00,2.400,0.01,2.400,0.00,2.400,-0.01,2.400,-0.01,2.400,0.00,2.400,0.00,2.400,-0.01,2.400,0.00,2.400,0.00,2.400,0.00,2.400,0.01,2.400,-0.01,2.400,0.00,2.400,-0.02,2.400,-0.01,2.400,0.01,2.400,0.01,2.400,0.00,2.400,0.02,2.400,-0.01,2.400,0.00,2.400,0.01,2.400,0.00,2.400,0.00,2.400,0.00,2.400,0.00,2.400,0.01,2.400,-0.02,2.400,0.00,2.400,0.00,2.400,-0.02,2.400,-0.01,2.400,0.00,2.400,1.20,2.400,-0.01,2.400,0.00,2.400,0.01,2.400,0.00,2.400,-0.01,2.400,0.01,2.400,0.00,2.400,0.00,2.400,-0.03,2.400,0.00,2.400,0.00,2.400,0.01,2.400,0.01,2.400,0.00,2.400,0.00,2.400,0.00,2.400,0.01,2.400,0.00,2.400,0.02,2.400,-0.02,2.400,0.00,2.400,-0.01
2.450,0.01,2.450,2.78E-17,2.450,0.01,2.450,0.00,2.450,0.01,2.450,0.01,2.450,-0.01,2.450,0.01,2.450,-0.01,2.450,0.02,2.450,0.00,2.450,-0.01,2.450,-0.01,2.450,-0.01,2.450,0.00,2.450,0.00,2.450,-0.01,2.450,0.00,2.450,-0.01,2.450,0.01,2.450,0.00,2.450,0.01,2.450,0.00,2.450,-0.01,2.450,0.01,2.450,0.01,2.450,0.01,2.450,0.02,2.450,-0.01,2.450,0.01,2.450,0.01,2.450,0.00,2.450,0.00,2.450,0.00,2.450,0.01,2.450,0.01,2.450,-0.02,2.450,0.00,2.450,-0.01,2.450,-0.01,2.450,-0.01,2.450,-0.01,2.450,1.45,2.450,-0.01,2.450,-0.01,2.450,-0.01,2.450,0.00,2.450,0.00,2.450,0.01,2.450,0.00,2.450,0.00,2.450,-0.03,2.450,0.00,2.450,0.00,2.450,0.01,2.450,0.01,2.450,0.01,2.450,0.01,2.450,0.01,2.450,0.01,2.450,-0.01,2.450,0.02,2.450,-0.01,2.450,0.00,2.450,-0.01
2.500,0.00,2.500,0.02,2.500,0.00,2.500,-0.01,2.500,0.02,2.500,0.01,2.500,-0.01,2.500,0.01,2.500,-0.01,2.500,0.01,2.500,0.01,2.500,0.00,2.500,0.00,2.500,-0.01,2.500,-0.01,2.500,0.00,2.500,-0.01,2.500,-0.01,2.500,-0.01,2.500,0.01,2.500,0.01,2.500,0.01,2.500,-0.01,2.500,-0.01,2.500,0.02,2.500,0.02,2.500,0.01,2.500,0.02,2.500,-0.01,2.500,0.00,2.500,0.01,2.500,0.00,2.500,0.00,2.500,0.00,2.500,0.00,2.500,0.00,2.500,-0.01,2.500,0.00,2.500,-0.01,2.500,-0.01,2.500,0.00,2.500,-0.01,2.500,1.29,2.500,-0.01,2.500,-0.01,2.500,0.00,2.500,0.00,2.500,0.00,2.500,0.01,2.500,0.01,2.500,0.00,2.500,-0.02,2.500,0.01,2.500,0.00,2.500,0.00,2.500,0.00,2.500,0.01,2.500,0.00,2.500,0.01,2.500,0.00,2.500,0.00,2.500,0.02,2.500,-0.01,2.500,0.00,2.500,0.00
2.550,0.00,2.550,0.01,2.550,0.01,2.550,-0.01,2.550,0.01,2.550,0.00,2.550,-0.01,2.550,0.01,2.550,-0.01,2.550,0.01,2.550,0.00,2.550,0.00,2.550,0.00,2.550,-0.01,2.550,0.00,2.550,0.00,2.550,-0.01,2.550,-0.01,2.550,-0.02,2.550,0.00,2.550,0.01,2.550,0.01,2.550,-0.01,2.550,-0.01,2.550,0.01,2.550,0.01,2.550,0.01,2.550,0.02,2.550,0.00,2.550,0.02,2.550,0.00,2.550,0.00,2.550,0.00,2.550,0.01,2.550,0.01,2.550,0.01,2.550,-0.01,2.550,-0.01,2.550,-0.01,2.550,-0.02,2.550,0.00,2.550,-0.02,2.550,0.16,2.550,-0.02,2.550,-0.01,2.550,0.00,2.550,0.01,2.550,-0.01,2.550,0.01,2.550,0.01,2.550,0.01,2.550,-0.03,2.550,0.01,2.550,-0.01,2.550,0.01,2.550,0.01,2.550,0.01,2.550,0.00,2.550,0.00,2.550,0.01,2.550,0.00,2.550,0.02,2.550,-0.01,2.550,0.00,2.550,0.00
2.600,0.00,2.600,0.01,2.600,0.02,2.600,-0.01,2.600,0.00,2.600,0.01,2.600,-0.01,2.600,0.01,2.600,-0.01,2.600,0.00,2.600,0.00,2.600,0.00,2.600,0.00,2.600,0.00,2.600,0.01,2.600,0.01,2.600,-0.01,2.600,-0.01,2.600,-0.01,2.600,0.01,2.600,0.01,2.600,0.01,2.600,-0.01,2.600,-0.01,2.600,0.01,2.600,0.00,2.600,0.01,2.600,0.02,2.600,0.00,2.600,0.00,2.600,0.01,2.600,0.01,2.600,0.01,2.600,0.00,2.600,0.00,2.600,0.01,2.600,-0.01,2.600,-0.01,2.600,-0.01,2.600,0.00,2.600,-0.01,2.600,-0.01,2.600,0.06,2.600,-0.01,2.600,-0.01,2.600,0.00,2.600,0.03,2.600,0.00,2.600,0.02,2.600,0.00,2.600,0.01,2.600,-0.03,2.600,0.01,2.600,-0.01,2.600,0.01,2.600,0.01,2.600,0.02,2.600,0.01,2.600,0.01,2.600,0.01,2.600,0.01,2.600,0.02,2.600,-0.01,2.600,0.00,2.600,-0.01
2.650,0.00,2.650,0.00,2.650,0.00,2.650,0.00,2.650,0.01,2.650,0.01,2.650,0.00,2.650,0.02,2.650,-0.01,2.650,0.01,2.650,0.00,2.650,-0.01,2.650,-0.01,2.650,0.01,2.650,0.00,2.650,0.01,2.650,-0.01,2.650,-0.01,2.650,-0.01,2.650,0.00,2.650,0.02,2.650,0.01,2.650,-0.01,2.650,-0.01,2.650,0.00,2.650,0.01,2.650,0.01,2.650,0.03,2.650,0.00,2.650,0.00,2.650,0.00,2.650,-0.01,2.650,0.01,2.650,0.00,2.650,0.00,2.650,0.00,2.650,-0.01,2.650,-0.01,2.650,-0.01,2.650,-0.02,2.650,0.00,2.650,-0.01,2.650,-0.01,2.650,0.00,2.650,-0.01,2.650,0.00,2.650,0.02,2.650,-0.01,2.650,0.02,2.650,0.01,2.650,0.01,2.650,-0.02,2.650,0.01,2.650,-0.01,2.650,0.01,2.650,0.00,2.650,0.01,2.650,0.02,2.650,0.01,2.650,0.01,2.650,0.00,2.650,0.01,2.650,-0.01,2.650,0.01,2.650,-0.01
2.700,0.01,2.700,-0.01,2.700,0.00,2.700,0.00,2.700,0.01,2.700,0.00,2.700,0.00,2.700,0.02,2.700,-0.01,2.700,0.01,2.700,0.00,2.700,-0.01,2.700,-0.01,2.700,0.01,2.700,0.00,2.700,0.00,2.700,-0.01,2.700,-0.01,2.700,-0.01,2.700,0.01,2.700,0.01,2.700,0.01,2.700,-0.01,2.700,0.00,2.700,-0.01,2.700,0.01,2.700,0.00,2.700,0.02,2.700,-0.01,2.700,0.00,2.700,0.01,2.700,-0.01,2.700,0.00,2.700,-0.01,2.700,0.00,2.700,0.01,2.700,-0.01,2.700,-0.02,2.700,0.00,2.700,-0.01,2.700,0.00,2.700,-0.01,2.700,-0.01,2.700,0.00,2.700,0.00,2.700,0.01,2.700,0.03,2.700,-0.01,2.700,0.02,2.700,0.00,2.700,0.01,2.700,-0.03,2.700,0.02,2.700,-0.01,2.700,0.01,2.700,0.01,2.700,0.00,2.700,0.03,2.700,0.01,2.700,0.01,2.700,0.00,2.700,0.02,2.700,-0.01,2.700,0.01,2.700,0.00
2.750,0.00,2.750,0.00,2.750,0.01,2.750,-0.02,2.750,0.01,2.750,0.00,2.750,-0.02,2.750,0.01,2.750,-0.01,2.750,0.01,2.750,-0.02,2.750,0.00,2.750,-0.02,2.750,0.00,2.750,0.00,2.750,0.00,2.750,-0.01,2.750,-0.01,2.750,0.00,2.750,0.01,2.750,0.02,2.750,0.01,2.750,-0.01,2.750,0.01,2.750,-0.01,2.750,0.02,2.750,0.01,2.750,0.02,2.750,0.00,2.750,0.01,2.750,0.02,2.750,0.00,2.750,-0.01,2.750,0.00,2.750,0.01,2.750,0.02,2.750,-0.01,2.750,0.00,2.750,0.00,2.750,-0.01,2.750,-0.01,2.750,-0.01,2.750,0.01,2.750,-0.01,2.750,0.00,2.750,0.00,2.750,0.03,2.750,-0.01,2.750,0.01,2.750,0.01,2.750,0.01,2.750,-0.02,2.750,0.01,2.750,-0.01,2.750,0.00,2.750,0.01,2.750,0.00,2.750,0.02,2.750,0.01,2.750,0.01,2.750,0.00,2.750,0.01,2.750,0.00,2.750,0.00,2.750,-0.01
2.800,0.01,2.800,0.00,2.800,0.01,2.800,-0.01,2.800,0.00,2.800,0.01,2.800,-0.01,2.800,0.01,2.800,0.00,2.800,0.01,2.800,-0.01,2.800,0.00,2.800,-0.02,2.800,0.00,2.800,0.00,2.800,0.00,2.800,-0.01,2.800,-0.02,2.800,0.00,2.800,0.01,2.800,0.01,2.800,0.01,2.800,-0.01,2.800,0.00,2.800,0.01,2.800,0.01,2.800,0.01,2.800,0.01,2.800,-0.01,2.800,0.01,2.800,0.01,2.800,0.01,2.800,0.00,2.800,0.01,2.800,0.01,2.800,0.01,2.800,-0.01,2.800,0.00,2.800,0.00,2.800,0.00,2.800,0.00,2.800,0.00,2.800,0.01,2.800,0.00,2.800,0.01,2.800,0.01,2.800,0.03,2.800,-0.01,2.800,0.02,2.800,0.00,2.800,0.02,2.800,-0.02,2.800,0.03,2.800,0.00,2.800,0.00,2.800,0.02,2.800,0.00,2.800,0.02,2.800,0.01,2.800,0.01,2.800,0.00,2.800,0.01,2.800,-0.01,2.800,0.01,2.800,-0.01
2.850,0.00,2.850,0.01,2.850,0.01,2.850,0.00,2.850,0.01,2.850,-0.01,2.850,-0.01,2.850,0.01,2.850,-0.01,2.850,0.01,2.850,-0.02,2.850,0.00,2.850,-0.02,2.850,0.00,2.850,0.00,2.850,0.00,2.850,0.00,2.850,-0.01,2.850,0.00,2.850,0.01,2.850,0.01,2.850,0.01,2.850,-0.02,2.850,0.00,2.850,0.01,2.850,0.01,2.850,0.01,2.850,0.02,2.850,-0.01,2.850,0.01,2.850,0.01,2.850,0.01,2.850,-0.01,2.850,0.02,2.850,-0.01,2.850,0.01,2.850,0.00,2.850,0.00,2.850,0.00,2.850,-0.01,2.850,-0.01,2.850,-0.01,2.850,0.01,2.850,-0.01,2.850,0.01,2.850,0.00,2.850,0.04,2.850,-0.01,2.850,0.02,2.850,0.00,2.850,0.01,2.850,-0.03,2.850,0.02,2.850,-0.01,2.850,0.00,2.850,0.01,2.850,0.00,2.850,0.02,2.850,0.01,2.850,0.01,2.850,-0.01,2.850,0.02,2.850,0.00,2.850,0.00,2.850,-0.01
2.900,0.00,2.900,0.01,2.900,0.00,2.900,-0.01,2.900,0.01,2.900,0.01,2.900,-0.01,2.900,0.01,2.900,-0.02,2.900,0.01,2.900,0.00,2.900,0.00,2.900,-0.01,2.900,0.00,2.900,0.01,2.900,-0.01,2.900,0.00,2.900,-0.02,2.900,0.00,2.900,0.01,2.900,0.00,2.900,0.02,2.900,-0.01,2.900,0.00,2.900,0.00,2.900,0.01,2.900,0.01,2.900,0.02,2.900,-0.01,2.900,0.02,2.900,0.01,2.900,0.01,2.900,0.00,2.900,0.00,2.900,-0.01,2.900,0.01,2.900,-0.01,2.900,0.00,2.900,0.01,2.900,0.00,2.900,-0.02,2.900,-0.01,2.900,0.01,2.900,0.00,2.900,0.01,2.900,0.00,2.900,0.04,2.900,-0.01,2.900,0.01,2.900,0.00,2.900,0.01,2.900,-0.02,2.900,0.02,2.900,-0.01,2.900,0.01,2.900,0.01,2.900,0.01,2.900,0.02,2.900,0.00,2.900,0.01,2.900,0.00,2.900,0.01,2.900,0.00,2.900,0.01,2.900,-0.01
2.950,5.55E-17,2.950,0.01,2.950,0.01,2.950,-0.01,2.950,0.01,2.950,0.01,2.950,-0.01,2.950,0.01,2.950,-0.02,2.950,0.02,2.950,0.00,2.950,0.00,2.950,-0.02,2.950,0.01,2.950,0.01,2.950,-0.01,2.950,0.00,2.950,-0.02,2.950,0.01,2.950,0.01,2.950,0.00,2.950,0.01,2.950,-0.01,2.950,0.00,2.950,-0.01,2.950,0.01,2.950,0.01,2.950,0.01,2.950,0.00,2.950,0.01,2.950,0.00,2.950,-0.01,2.950,-0.01,2.950,0.01,2.950,-0.01,2.950,0.01,2.950,-0.01,2.950,0.00,2.950,0.00,2.950,-0.02,2.950,-0.01,2.950,-0.01,2.950,0.01,2.950,0.00,2.950,0.01,2.950,0.01,2.950,0.05,2.950,-0.01,2.950,0.01,2.950,0.00,2.950,0.00,2.950,-0.02,2.950,0.03,2.950,-0.01,2.950,0.00,2.950,0.00,2.950,0.01,2.950,0.02,2.950,0.01,2.950,0.01,2.950,0.00,2.950,0.01,2.950,0.00,2.950,0.00,2.950,0.00
3.000,0.01,3.000,2.78E-17,3.000,0.01,3.000,-0.02,3.000,0.01,3.000,0.00,3.000,-0.01,3.000,0.01,3.000,-0.02,3.000,0.01,3.000,0.00,3.000,0.00,3.000,-0.01,3.000,0.00,3.000,0.00,3.000,-0.01,3.000,-0.01,3.000,-0.02,3.000,0.00,3.000,0.02,3.000,0.00,3.000,0.02,3.000,-0.01,3.000,0.01,3.000,0.01,3.000,0.01,3.000,0.01,3.000,0.02,3.000,0.00,3.000,0.01,3.000,0.01,3.000,0.00,3.000,-0.01,3.000,0.01,3.000,0.00,3.000,0.02,3.000,0.00,3.000,-0.01,3.000,0.00,3.000,-0.01,3.000,-0.01,3.000,-0.01,3.000,0.01,3.000,-0.01,3.000,0.02,3.000,0.01,3.000,0.06,3.000,-0.01,3.000,0.01,3.000,0.00,3.000,0.01,3.000,-0.01,3.000,0.01,3.000,-0.01,3.000,0.00,3.000,0.00,3.000,0.01,3.000,0.02,3.000,0.00,3.000,0.01,3.000,0.00,3.000,0.01,3.000,-0.01,3.000,0.00,3.000,0.00
3.050,-0.02,3.050,-0.01,3.050,0.00,3.050,-0.01,3.050,0.01,3.050,0.00,3.050,0.00,3.050,0.01,3.050,-0.02,3.050,0.01,3.050,-0.01,3.050,0.01,3.050,-0.01,3.050,0.00,3.050,0.00,3.050,0.00,3.050,-0.01,3.050,-0.02,3.050,0.00,3.050,0.01,3.050,0.01,3.050,0.02,3.050,-0.01,3.050,0.00,3.050,0.01,3.050,0.01,3.050,0.00,3.050,0.00,3.050,-0.01,3.050,0.01,3.050,0.00,3.050,0.01,3.050,0.00,3.050,0.01,3.050,-0.01,3.050,0.01,3.050,-0.01,3.050,-0.01,3.050,0.00,3.050,0.00,3.050,0.00,3.050,-0.01,3.050,0.02,3.050,-0.01,3.050,0.01,3.050,0.01,3.050,0.08,3.050,-0.01,3.050,0.00,3.050,0.00,3.050,0.01,3.050,-0.02,3.050,0.01,3.050,0.00,3.050,0.00,3.050,0.00,3.050,0.02,3.050,0.01,3.050,0.01,3.050,0.00,3.050,0.00,3.050,0.00,3.050,0.00,3.050,0.01,3.050,0.01
3.100,-0.01,3.100,0.01,3.100,0.01,3.100,-0.02,3.100,0.01,3.100,0.00,3.100,-0.01,3.100,0.01,3.100,-0.02,3.100,0.01,3.100,-0.01,3.100,0.01,3.100,-0.01,3.100,0.00,3.100,0.01,3.100,0.00,3.100,-0.02,3.100,-0.01,3.100,0.01,3.100,0.01,3.100,0.00,3.100,0.02,3.100,-0.01,3.100,0.00,3.100,0.00,3.100,0.02,3.100,0.02,3.100,0.01,3.100,0.00,3.100,0.00,3.100,0.01,3.100,0.01,3.100,-0.01,3.100,0.01,3.100,0.01,3.100,0.01,3.100,0.00,3.100,-0.01,3.100,-0.01,3.100,0.00,3.100,0.00,3.100,-0.01,3.100,0.01,3.100,0.00,3.100,0.02,3.100,0.00,3.100,0.10,3.100,-0.01,3.100,0.01,3.100,0.00,3.100,0.01,3.100,-0.02,3.100,0.00,3.100,-0.01,3.100,-0.01,3.100,0.00,3.100,0.02,3.100,0.02,3.100,0.01,3.100,0.01,3.100,0.00,3.100,0.01,3.100,-0.01,3.100,0.01,3.100,0.00
3.150,-0.01,3.150,0.01,3.150,0.02,3.150,0.00,3.150,0.01,3.150,0.00,3.150,0.00,3.150,0.00,3.150,-0.02,3.150,0.00,3.150,-0.01,3.150,0.00,3.150,-0.01,3.150,-0.01,3.150,0.01,3.150,0.00,3.150,0.00,3.150,-0.02,3.150,0.00,3.150,0.01,3.150,0.00,3.150,0.02,3.150,-0.02,3.150,0.01,3.150,0.01,3.150,0.02,3.150,0.01,3.150,0.01,3.150,0.00,3.150,0.00,3.150,0.00,3.150,0.00,3.150,-0.01,3.150,0.00,3.150,0.00,3.150,0.01,3.150,-0.02,3.150,0.00,3.150,0.00,3.150,0.00,3.150,0.00,3.150,-0.01,3.150,0.01,3.150,0.00,3.150,0.02,3.150,0.01,3.150,0.14,3.150,-0.01,3.150,0.01,3.150,0.01,3.150,0.01,3.150,-0.02,3.150,0.01,3.150,0.00,3.150,0.00,3.150,0.01,3.150,0.02,3.150,0.01,3.150,0.01,3.150,0.01,3.150,0.00,3.150,0.01,3.150,0.00,3.150,0.00,3.150,0.00
3.200,0.00,3.200,0.01,3.200,0.01,3.200,-0.01,3.200,-0.01,3.200,0.00,3.200,-0.01,3.200,0.00,3.200,-0.02,3.200,0.01,3.200,0.00,3.200,0.01,3.200,-0.01,3.200,0.00,3.200,0.01,3.200,-0.01,3.200,0.00,3.200,-0.01,3.200,-0.01,3.200,0.01,3.200,0.01,3.200,0.02,3.200,-0.01,3.200,0.00,3.200,0.01,3.200,0.02,3.200,0.02,3.200,0.00,3.200,-0.01,3.200,0.00,3.200,0.01,3.200,0.01,3.200,0.00,3.200,0.00,3.200,0.01,3.200,0.01,3.200,-0.01,3.200,0.00,3.200,0.01,3.200,0.00,3.200,0.01,3.200,-0.01,3.200,0.01,3.200,0.01,3.200,0.02,3.200,0.00,3.200,0.25,3.200,-0.01,3.200,0.01,3.200,0.01,3.200,0.01,3.200,-0.01,3.200,0.01,3.200,-0.01,3.200,0.00,3.200,0.01,3.200,0.01,3.200,0.00,3.200,0.01,3.200,0.01,3.200,-0.01,3.200,0.01,3.200,-0.01,3.200,0.00,3.200,0.01
3.250,-0.01,3.250,0.01,3.250,0.01,3.250,-0.02,3.250,0.01,3.250,0.00,3.250,-0.01,3.250,0.00,3.250,-0.02,3.250,0.00,3.250,-0.01,3.250,0.00,3.250,-0.01,3.250,0.01,3.250,0.00,3.250,-0.01,3.250,-0.01,3.250,-0.01,3.250,0.00,3.250,0.01,3.250,0.01,3.250,0.02,3.250,-0.01,3.250,0.00,3.250,0.01,3.250,0.01,3.250,0.01,3.250,0.01,3.250,0.00,3.250,0.00,3.250,0.00,3.250,0.00,3.250,-0.01,3.250,0.01,3.250,0.01,3.250,0.00,3.250,-0.01,3.250,0.01,3.250,-0.01,3.250,0.01,3.250,-0.01,3.250,-0.01,3.250,0.01,3.250,0.01,3.250,0.01,3.250,0.01,3.250,0.37,3.250,-0.01,3.250,0.01,3.250,0.01,3.250,0.02,3.250,-0.02,3.250,0.00,3.250,-0.01,3.250,0.00,3.250,0.01,3.250,0.01,3.250,0.01,3.250,0.01,3.250,0.01,3.250,0.00,3.250,0.00,3.250,-0.01,3.250,0.01,3.250,0.00
3.300,-0.01,3.300,0.02,3.300,0.02,3.300,0.00,3.300,0.00,3.300,0.00,3.300,-0.01,3.300,0.01,3.300,-0.01,3.300,0.01,3.300,-0.01,3.300,-0.01,3.300,-0.01,3.300,0.00,3.300,0.01,3.300,0.00,3.300,-0.01,3.300,-0.02,3.300,0.00,3.300,0.01,3.300,0.02,3.300,0.01,3.300,0.00,3.300,0.01,3.300,0.01,3.300,0.01,3.300,0.01,3.300,0.01,3.300,0.00,3.300,0.01,3.300,0.00,3.300,0.00,3.300,0.00,3.300,-0.01,3.300,0.01,3.300,0.00,3.300,0.00,3.300,0.00,3.300,0.00,3.300,0.00,3.300,0.00,3.300,-0.02,3.300,0.01,3.300,0.00,3.300,0.01,3.300,0.00,3.300,0.55,3.300,-0.01,3.300,0.01,3.300,0.01,3.300,0.02,3.300,-0.01,3.300,0.01,3.300,-0.02,3.300,-0.01,3.300,0.01,3.300,0.00,3.300,0.01,3.300,0.01,3.300,0.00,3.300,0.00,3.300,0.01,3.300,-0.01,3.300,0.00,3.300,0.00
3.350,0.00,3.350,0.01,3.350,0.01,3.350,0.00,3.350,-0.01,3.350,0.00,3.350,-0.01,3.350,0.00,3.350,-0.03,3.350,0.00,3.350,0.00,3.350,0.00,3.350,-0.01,3.350,0.01,3.350,0.01,3.350,0.00,3.350,-0.01,3.350,-0.01,3.350,0.00,3.350,0.02,3.350,0.00,3.350,0.02,3.350,-0.01,3.350,0.00,3.350,0.00,3.350,0.02,3.350,0.01,3.350,0.01,3.350,-0.01,3.350,0.00,3.350,-0.01,3.350,0.00,3.350,0.00,3.350,0.00,3.350,0.00,3.350,0.01,3.350,-0.01,3.350,0.00,3.350,-0.01,3.350,0.00,3.350,-0.01,3.350,-0.01,3.350,0.01,3.350,0.00,3.350,0.01,3.350,0.01,3.350,0.83,3.350,-0.01,3.350,0.02,3.350,0.00,3.350,0.01,3.350,-0.02,3.350,-0.01,3.350,-0.01,3.350,-0.01,3.350,0.01,3.350,0.01,3.350,0.01,3.350,0.01,3.350,0.01,3.350,0.00,3.350,0.01,3.350,-0.01,3.350,0.01,3.350,0.00
3.400,0.00,3.400,0.01,3.400,0.00,3.400,-0.01,3.400,-0.01,3.400,0.00,3.400,-0.01,3.400,0.01,3.400,-0.02,3.400,0.00,3.400,-0.01,3.400,0.00,3.400,-0.01,3.400,0.00,3.400,0.01,3.400,0.00,3.400,-0.01,3.400,-0.01,3.400,-0.01,3.400,0.00,3.400,0.00,3.400,0.01,3.400,-0.01,3.400,0.00,3.400,0.00,3.400,0.02,3.400,0.01,3.400,0.01,3.400,0.00,3.400,0.00,3.400,-0.01,3.400,0.00,3.400,0.00,3.400,-0.01,3.400,0.01,3.400,0.00,3.400,0.00,3.400,0.00,3.400,0.00,3.400,0.00,3.400,0.00,3.400,-0.01,3.400,0.01,3.400,0.00,3.400,0.00,3.400,-0.01,3.400,1.10,3.400,-0.01,3.400,0.02,3.400,-0.01,3.400,0.01,3.400,-0.01,3.400,0.00,3.400,-0.02,3.400,0.01,3.400,0.01,3.400,0.01,3.400,0.01,3.400,0.01,3.400,0.01,3.400,-0.01,3.400,0.01,3.400,-0.01,3.400,0.00,3.400,0.00
3.450,0.00,3.450,0.00,3.450,0.01,3.450,0.00,3.450,0.00,3.450,0.00,3.450,0.00,3.450,0.01,3.450,-0.02,3.450,0.01,3.450,0.00,3.450,-0.02,3.450,-0.01,3.450,0.00,3.450,0.01,3.450,0.01,3.450,-0.01,3.450,-0.01,3.450,0.00,3.450,0.01,3.450,0.00,3.450,0.02,3.450,-0.01,3.450,-0.01,3.450,0.01,3.450,0.01,3.450,0.01,3.450,0.01,3.450,0.00,3.450,0.01,3.450,-0.01,3.450,0.00,3.450,0.00,3.450,0.00,3.450,0.00,3.450,0.01,3.450,-0.01,3.450,-0.01,3.450,0.00,3.450,0.00,3.450,0.00,3.450,-0.01,3.450,0.01,3.450,-0.01,3.450,0.01,3.450,0.00,3.450,1.34,3.450,-0.01,3.450,0.01,3.450,0.00,3.450,0.01,3.450,0.00,3.450,0.01,3.450,-0.01,3.450,-0.01,3.450,0.02,3.450,0.01,3.450,0.03,3.450,0.01,3.450,0.01,3.450,0.01,3.450,0.01,3.450,0.00,3.450,0.01,3.450,0.00
3.500,5.55E-17,3.500,2.78E-17,3.500,0.01,3.500,-0.01,3.500,0.00,3.500,-0.01,3.500,-0.01,3.500,0.00,3.500,-0.02,3.500,0.01,3.500,0.00,3.500,-0.01,3.500,-0.02,3.500,0.01,3.500,0.01,3.500,0.01,3.500,0.00,3.500,-0.02,3.500,-0.01,3.500,0.00,3.500,0.00,3.500,0.01,3.500,-0.02,3.500,-0.01,3.500,0.02,3.500,0.01,3.500,0.02,3.500,0.01,3.500,-0.01,3.500,0.01,3.500,0.00,3.500,0.00,3.500,-0.01,3.500,0.00,3.500,0.00,3.500,0.01,3.500,0.00,3.500,0.00,3.500,-0.01,3.500,0.01,3.500,0.00,3.500,-0.01,3.500,0.01,3.500,-0.01,3.500,0.00,3.500,0.00,3.500,1.48,3.500,-0.01,3.500,0.01,3.500,0.00,3.500,0.01,3.500,-0.01,3.500,0.00,3.500,-0.02,3.500,-0.01,3.500,0.02,3.500,0.02,3.500,0.02,3.500,0.01,3.500,0.00,3.500,-0.01,3.500,0.01,3.500,0.00,3.500,0.00,3.500,-0.01
3.550,0.00,3.550,0.00,3.550,0.01,3.550,-0.01,3.550,0.00,3.550,0.00,3.550,-0.01,3.550,0.01,3.550,-0.02,3.550,0.01,3.550,-0.01,3.550,0.00,3.550,-0.02,3.550,0.00,3.550,0.01,3.550,0.00,3.550,0.00,3.550,-0.02,3.550,-0.01,3.550,0.01,3.550,0.01,3.550,0.02,3.550,-0.01,3.550,0.00,3.550,0.01,3.550,0.01,3.550,0.02,3.550,0.01,3.550,-0.01,3.550,0.02,3.550,0.00,3.550,0.00,3.550,-0.01,3.550,-0.01,3.550,0.01,3.550,0.00,3.550,0.00,3.550,0.00,3.550,0.00,3.550,0.01,3.550,0.00,3.550,-0.01,3.550,0.01,3.550,-0.01,3.550,0.01,3.550,0.01,3.550,1.64,3.550,-0.01,3.550,0.01,3.550,0.00,3.550,0.01,3.550,-0.01,3.550,0.01,3.550,-0.01,3.550,-0.01,3.550,0.01,3.550,0.01,3.550,0.02,3.550,0.01,3.550,0.00,3.550,0.00,3.550,0.01,3.550,-0.01,3.550,0.00,3.550,-0.01
3.600,-0.01,3.600,0.01,3.600,0.02,3.600,0.00,3.600,-0.01,3.600,0.00,3.600,-0.01,3.600,0.01,3.600,-0.02,3.600,0.01,3.600,-0.02,3.600,0.01,3.600,-0.01,3.600,0.00,3.600,0.01,3.600,0.01,3.600,0.00,3.600,-0.02,3.600,0.00,3.600,-0.01,3.600,0.01,3.600,0.02,3.600,-0.01,3.600,-0.01,3.600,0.01,3.600,0.01,3.600,0.01,3.600,0.01,3.600,0.00,3.600,0.01,3.600,0.01,3.600,-0.01,3.600,-0.01,3.600,0.00,3.600,0.00,3.600,-0.01,3.600,0.00,3.600,0.01,3.600,-0.01,3.600,0.00,3.600,0.00,3.600,-0.01,3.600,0.01,3.600,0.01,3.600,0.01,3.600,0.00,3.600,1.82,3.600,-0.01,3.600,0.02,3.600,-0.01,3.600,0.01,3.600,-0.02,3.600,0.01,3.600,-0.01,3.600,0.01,3.600,0.01,3.600,0.01,3.600,0.02,3.600,0.01,3.600,0.00,3.600,0.00,3.600,0.01,3.600,-0.02,3.600,0.01,3.600,-0.01
3.650,0.00,3.650,0.01,3.650,0.01,3.650,0.00,3.650,0.01,3.650,0.00,3.650,-0.01,3.650,0.01,3.650,-0.02,3.650,0.01,3.650,-0.01,3.650,0.00,3.650,-0.02,3.650,-0.01,3.650,0.00,3.650,0.00,3.650,0.00,3.650,-0.01,3.650,-0.01,3.650,0.00,3.650,0.01,3.650,0.02,3.650,-0.01,3.650,-0.01,3.650,0.01,3.650,0.02,3.650,0.03,3.650,0.01,3.650,-0.01,3.650,0.01,3.650,0.01,3.650,-0.01,3.650,0.00,3.650,0.00,3.650,0.01,3.650,0.00,3.650,0.00,3.650,0.01,3.650,-0.01,3.650,0.00,3.650,0.01,3.650,-0.02,3.650,0.02,3.650,0.00,3.650,0.01,3.650,-0.01,3.650,2.04,3.650,-0.01,3.650,0.01,3.650,-0.01,3.650,0.01,3.650,0.00,3.650,0.01,3.650,-0.01,3.650,0.00,3.650,0.01,3.650,0.00,3.650,0.02,3.650,0.01,3.650,0.00,3.650,0.00,3.650,0.02,3.650,-0.01,3.650,0.01,3.650,-0.01
3.700,0.00,3.700,0.01,3.700,0.01,3.700,0.00,3.700,0.01,3.700,0.00,3.700,-0.02,3.700,0.01,3.700,-0.03,3.700,0.01,3.700,0.00,3.700,0.01,3.700,-0.01,3.700,0.01,3.700,0.00,3.700,-0.01,3.700,-0.01,3.700,0.00,3.700,0.00,3.700,0.01,3.700,0.00,3.700,0.02,3.700,-0.01,3.700,0.00,3.700,0.00,3.700,0.01,3.700,0.02,3.700,-0.01,3.700,-0.01,3.700,0.00,3.700,0.00,3.700,-0.01,3.700,-0.01,3.700,0.00,3.700,0.01,3.700,0.00,3.700,0.00,3.700,0.00,3.700,-0.02,3.700,0.00,3.700,0.01,3.700,-0.01,3.700,0.02,3.700,0.01,3.700,0.01,3.700,0.00,3.700,2.22,3.700,-0.01,3.700,0.01,3.700,0.00,3.700,0.00,3.700,-0.01,3.700,0.01,3.700,-0.01,3.700,0.00,3.700,0.02,3.700,0.01,3.700,0.02,3.700,0.01,3.700,0.00,3.700,-0.01,3.700,0.01,3.700,0.00,3.700,0.00,3.700,-0.01
3.750,5.55E-17,3.750,2.78E-17,3.750,0.00,3.750,0.00,3.750,0.00,3.750,0.01,3.750,-0.02,3.750,0.00,3.750,-0.03,3.750,0.00,3.750,-0.01,3.750,0.00,3.750,-0.02,3.750,0.01,3.750,-0.01,3.750,-0.01,3.750,-0.01,3.750,-0.01,3.750,0.00,3.750,0.00,3.750,0.01,3.750,0.01,3.750,-0.01,3.750,0.00,3.750,-0.01,3.750,0.01,3.750,0.02,3.750,0.00,3.750,-0.01,3.750,0.01,3.750,0.01,3.750,0.00,3.750,-0.01,3.750,0.00,3.750,0.01,3.750,0.00,3.750,0.01,3.750,0.00,3.750,-0.01,3.750,0.01,3.750,0.00,3.750,-0.02,3.750,0.01,3.750,0.01,3.750,0.01,3.750,0.00,3.750,2.42,3.750,-0.01,3.750,0.02,3.750,0.00,3.750,0.00,3.750,-0.02,3.750,0.01,3.750,0.00,3.750,0.00,3.750,0.01,3.750,0.00,3.750,0.02,3.750,0.01,3.750,0.01,3.750,-0.01,3.750,0.02,3.750,-0.01,3.750,-0.01,3.750,-0.01
3.800,0.01,3.800,0.00,3.800,0.00,3.800,-0.01,3.800,0.00,3.800,0.00,3.800,-0.01,3.800,0.00,3.800,-0.02,3.800,0.00,3.800,-0.01,3.800,0.00,3.800,-0.01,3.800,0.01,3.800,0.00,3.800,-0.01,3.800,-0.02,3.800,-0.01,3.800,0.00,3.800,0.00,3.800,0.00,3.800,0.02,3.800,-0.01,3.800,0.00,3.800,0.00,3.800,0.02,3.800,0.02,3.800,0.01,3.800,-0.01,3.800,0.00,3.800,0.01,3.800,0.00,3.800,0.01,3.800,0.00,3.800,0.00,3.800,0.01,3.800,0.00,3.800,0.01,3.800,0.00,3.800,0.00,3.800,0.00,3.800,-0.01,3.800,0.01,3.800,0.01,3.800,0.01,3.800,-0.01,3.800,2.68,3.800,0.00,3.800,0.01,3.800,0.01,3.800,0.00,3.800,-0.02,3.800,0.01,3.800,-0.01,3.800,0.00,3.800,0.01,3.800,0.01,3.800,0.03,3.800,0.02,3.800,0.00,3.800,-0.01,3.800,0.01,3.800,0.00,3.800,-0.02,3.800,-0.01
3.850,0.00,3.850,-0.01,3.850,0.01,3.850,-0.01,3.850,0.00,3.850,0.01,3.850,-0.01,3.850,-0.01,3.850,-0.02,3.850,0.00,3.850,-0.01,3.850,0.00,3.850,-0.02,3.850,0.00,3.850,0.00,3.850,0.00,3.850,-0.01,3.850,0.00,3.850,0.01,3.850,0.00,3.850,0.01,3.850,0.00,3.850,0.00,3.850,0.00,3.850,-0.01,3.850,0.02,3.850,0.02,3.850,0.01,3.850,0.01,3.850,0.01,3.850,0.01,3.850,-0.01,3.850,0.01,3.850,0.01,3.850,0.01,3.850,0.00,3.850,0.00,3.850,0.01,3.850,-0.01,3.850,-0.01,3.850,0.01,3.850,-0.01,3.850,0.01,3.850,0.01,3.850,0.01,3.850,-0.01,3.850,2.20,3.850,-0.01,3.850,0.03,3.850,0.01,3.850,0.01,3.850,-0.02,3.850,0.01,3.850,0.00,3.850,0.00,3.850,0.01,3.850,0.02,3.850,0.02,3.850,0.01,3.850,0.00,3.850,0.00,3.850,0.00,3.850,-0.01,3.850,0.00,3.850,-0.01
3.900,0.01,3.900,-0.01,3.900,0.01,3.900,-0.01,3.900,-0.01,3.900,0.01,3.900,-0.01,3.900,0.00,3.900,-0.02,3.900,0.00,3.900,-0.01,3.900,0.00,3.900,-0.01,3.900,0.01,3.900,0.01,3.900,0.00,3.900,-0.01,3.900,-0.01,3.900,0.00,3.900,-0.01,3.900,0.01,3.900,0.01,3.900,0.00,3.900,0.00,3.900,-0.01,3.900,0.01,3.900,0.02,3.900,0.01,3.900,0.01,3.900,0.01,3.900,0.01,3.900,-0.01,3.900,0.01,3.900,-0.01,3.900,0.00,3.900,0.00,3.900,-0.01,3.900,-0.01,3.900,0.00,3.900,-0.01,3.900,0.01,3.900,-0.02,3.900,0.01,3.900,0.01,3.900,0.02,3.900,-0.01,3.900,0.20,3.900,-0.01,3.900,0.03,3.900,0.00,3.900,0.00,3.900,-0.01,3.900,0.01,3.900,-0.01,3.900,0.00,3.900,0.02,3.900,0.02,3.900,0.02,3.900,0.02,3.900,-0.01,3.900,0.00,3.900,0.01,3.900,-0.01,3.900,0.00,3.900,-0.01
3.950,0.01,3.950,0.00,3.950,0.02,3.950,-0.01,3.950,0.00,3.950,0.01,3.950,-0.01,3.950,-0.01,3.950,-0.02,3.950,-0.01,3.950,0.00,3.950,-0.01,3.950,-0.01,3.950,0.01,3.950,0.01,3.950,-0.01,3.950,-0.01,3.950,0.00,3.950,-0.01,3.950,0.00,3.950,0.01,3.950,0.01,3.950,0.00,3.950,0.01,3.950,-0.01,3.950,0.01,3.950,0.01,3.950,0.00,3.950,0.00,3.950,0.01,3.950,0.01,3.950,0.00,3.950,-0.01,3.950,0.00,3.950,0.00,3.950,0.01,3.950,0.00,3.950,0.00,3.950,-0.01,3.950,-0.01,3.950,0.01,3.950,-0.02,3.950,0.00,3.950,0.01,3.950,0.02,3.950,-0.01,3.950,0.06,3.950,0.00,3.950,0.03,3.950,0.01,3.950,0.01,3.950,-0.01,3.950,0.01,3.950,0.00,3.950,0.00,3.950,0.02,3.950,0.02,3.950,0.02,3.950,0.00,3.950,0.00,3.950,-0.01,3.950,0.01,3.950,-0.01,3.950,0.01,3.950,0.00
4.000,0.02,4.000,2.78E-17,4.000,0.02,4.000,-0.01,4.000,-0.01,4.000,0.01,4.000,-0.02,4.000,0.00,4.000,-0.02,4.000,0.00,4.000,0.00,4.000,0.00,4.000,0.00,4.000,0.00,4.000,0.00,4.000,0.00,4.000,-0.01,4.000,0.00,4.000,-0.01,4.000,0.01,4.000,0.01,4.000,0.01,4.000,-0.01,4.000,0.00,4.000,0.01,4.000,0.00,4.000,0.01,4.000,0.00,4.000,-0.01,4.000,0.01,4.000,0.01,4.000,0.00,4.000,0.00,4.000,0.01,4.000,-0.01,4.000,0.01,4.000,0.00,4.000,-0.01,4.000,-0.01,4.000,-0.01,4.000,0.01,4.000,0.00,4.000,0.00,4.000,-0.01,4.000,0.02,4.000,-0.01,4.000,-0.01,4.000,0.00,4.000,0.01,4.000,0.01,4.000,0.01,4.000,0.00,4.000,0.00,4.000,-0.01,4.000,0.00,4.000,0.02,4.000,0.01,4.000,0.02,4.000,0.00,4.000,0.00,4.000,0.00,4.000,0.00,4.000,-0.01,4.000,0.00,4.000,-0.01
4.050,0.01,4.050,0.00,4.050,0.02,4.050,-0.01,4.050,0.00,4.050,0.02,4.050,-0.01,4.050,0.00,4.050,-0.02,4.050,0.01,4.050,0.00,4.050,-0.01,4.050,-0.01,4.050,0.01,4.050,0.01,4.050,0.00,4.050,-0.01,4.050,-0.01,4.050,0.00,4.050,0.00,4.050,0.00,4.050,0.01,4.050,-0.01,4.050,0.00,4.050,0.01,4.050,0.00,4.050,0.01,4.050,0.00,4.050,-0.01,4.050,0.01,4.050,0.00,4.050,0.01,4.050,0.00,4.050,0.01,4.050,0.00,4.050,0.01,4.050,0.00,4.050,-0.01,4.050,-0.01,4.050,0.00,4.050,-0.01,4.050,-0.01,4.050,0.00,4.050,0.00,4.050,0.01,4.050,-0.01,4.050,0.00,4.050,-0.01,4.050,0.02,4.050,-0.01,4.050,0.01,4.050,-0.01,4.050,0.01,4.050,-0.02,4.050,0.01,4.050,0.01,4.050,0.01,4.050,0.02,4.050,0.01,4.050,-0.01,4.050,0.00,4.050,0.01,4.050,-0.02,4.050,0.00,4.050,0.00
4.100,0.01,4.100,0.01,4.100,0.02,4.100,-0.01,4.100,0.01,4.100,0.01,4.100,-0.01,4.100,0.00,4.100,-0.03,4.100,0.00,4.100,0.00,4.100,-0.01,4.100,-0.01,4.100,0.01,4.100,0.00,4.100,0.00,4.100,0.00,4.100,-0.01,4.100,-0.01,4.100,0.00,4.100,0.00,4.100,0.02,4.100,-0.01,4.100,0.00,4.100,0.00,4.100,0.01,4.100,0.01,4.100,0.01,4.100,0.00,4.100,0.00,4.100,0.01,4.100,0.01,4.100,0.00,4.100,0.00,4.100,0.00,4.100,0.01,4.100,-0.01,4.100,0.00,4.100,0.00,4.100,0.00,4.100,-0.01,4.100,-0.03,4.100,0.02,4.100,0.01,4.100,0.01,4.100,0.00,4.100,-0.01,4.100,-0.01,4.100,0.02,4.100,0.00,4.100,0.01,4.100,-0.01,4.100,0.01,4.100,-0.01,4.100,0.01,4.100,0.01,4.100,0.02,4.100,0.01,4.100,0.01,4.100,-0.01,4.100,0.00,4.100,-0.01,4.100,-0.01,4.100,0.00,4.100,-0.01
4.150,0.01,4.150,0.00,4.150,0.01,4.150,-0.01,4.150,0.01,4.150,0.01,4.150,-0.01,4.150,0.00,4.150,-0.03,4.150,0.01,4.150,0.00,4.150,0.00,4.150,-0.01,4.150,0.00,4.150,0.01,4.150,0.00,4.150,0.00,4.150,-0.01,4.150,-0.01,4.150,-0.01,4.150,0.00,4.150,0.02,4.150,0.00,4.150,0.00,4.150,0.01,4.150,0.01,4.150,0.01,4.150,0.01,4.150,0.00,4.150,0.01,4.150,0.01,4.150,0.02,4.150,0.01,4.150,0.01,4.150,0.00,4.150,0.02,4.150,-0.01,4.150,-0.01,4.150,-0.01,4.150,0.01,4.150,-0.01,4.150,-0.02,4.150,0.02,4.150,-0.01,4.150,0.01,4.150,0.00,4.150,-0.01,4.150,0.00,4.150,0.02,4.150,0.00,4.150,0.01,4.150,-0.01,4.150,0.00,4.150,-0.01,4.150,0.01,4.150,0.01,4.150,0.01,4.150,0.01,4.150,0.01,4.150,-0.01,4.150,0.00,4.150,0.01,4.150,0.00,4.150,0.00,4.150,-0.01
4.200,0.01,4.200,0.02,4.200,0.01,4.200,-0.01,4.200,0.01,4.200,0.00,4.200,-0.02,4.200,0.00,4.200,-0.02,4.200,0.00,4.200,-0.01,4.200,-0.01,4.200,-0.02,4.200,0.00,4.200,0.01,4.200,-0.01,4.200,-0.01,4.200,-0.01,4.200,-0.01,4.200,0.00,4.200,0.00,4.200,0.02,4.200,0.00,4.200,0.01,4.200,0.01,4.200,0.02,4.200,0.00,4.200,0.01,4.200,0.00,4.200,0.00,4.200,-0.01,4.200,0.01,4.200,0.00,4.200,0.01,4.200,-0.01,4.200,0.01,4.200,-0.01,4.200,0.00,4.200,0.00,4.200,0.00,4.200,-0.01,4.200,-0.02,4.200,0.01,4.200,0.01,4.200,0.02,4.200,0.00,4.200,0.00,4.200,-0.01,4.200,0.02,4.200,0.00,4.200,0.00,4.200,-0.01,4.200,0.02,4.200,0.00,4.200,0.01,4.200,0.01,4.200,0.00,4.200,0.02,4.200,0.01,4.200,0.00,4.200,0.01,4.200,0.01,4.200,-0.01,4.200,0.01,4.200,-0.01
4.250,0.00,4.250,0.01,4.250,0.01,4.250,-0.02,4.250,0.01,4.250,0.00,4.250,-0.02,4.250,0.00,4.250,-0.02,4.250,0.01,4.250,-0.01,4.250,0.00,4.250,-0.01,4.250,0.00,4.250,0.01,4.250,-0.01,4.250,-0.01,4.250,-0.01,4.250,0.01,4.250,-0.01,4.250,0.01,4.250,0.02,4.250,-0.01,4.250,0.01,4.250,0.00,4.250,0.02,4.250,0.02,4.250,0.01,4.250,-0.01,4.250,0.00,4.250,0.00,4.250,0.00,4.250,0.00,4.250,0.01,4.250,0.00,4.250,0.00,4.250,0.00,4.250,0.00,4.250,0.01,4.250,-0.01,4.250,-0.01,4.250,-0.02,4.250,0.02,4.250,0.01,4.250,0.01,4.250,0.00,4.250,0.00,4.250,0.00,4.250,0.02,4.250,0.00,4.250,0.01,4.250,-0.01,4.250,0.01,4.250,-0.01,4.250,0.00,4.250,0.01,4.250,0.01,4.250,0.02,4.250,0.01,4.250,0.00,4.250,-0.01,4.250,0.00,4.250,-0.01,4.250,0.00,4.250,-0.01
4.300,0.01,4.300,0.01,4.300,0.00,4.300,-0.01,4.300,0.00,4.300,0.00,4.300,-0.02,4.300,0.01,4.300,-0.02,4.300,0.00,4.300,-0.01,4.300,0.00,4.300,-0.02,4.300,0.00,4.300,0.01,4.300,-0.01,4.300,0.00,4.300,-0.01,4.300,-0.01,4.300,0.00,4.300,0.00,4.300,0.02,4.300,0.00,4.300,-0.01,4.300,-0.01,4.300,0.02,4.300,0.00,4.300,0.02,4.300,-0.01,4.300,0.00,4.300,-0.01,4.300,0.01,4.300,0.00,4.300,0.00,4.300,0.00,4.300,0.01,4.300,0.00,4.300,-0.01,4.300,-0.01,4.300,-0.01,4.300,0.01,4.300,-0.02,4.300,0.02,4.300,0.00,4.300,0.01,4.300,-0.01,4.300,0.00,4.300,0.00,4.300,0.02,4.300,0.01,4.300,0.01,4.300,0.00,4.300,0.01,4.300,0.00,4.300,0.01,4.300,0.01,4.300,0.00,4.300,0.02,4.300,0.02,4.300,0.00,4.300,-0.01,4.300,0.00,4.300,-0.01,4.300,-0.01,4.300,-0.01
4.350,0.01,4.350,0.01,4.350,0.01,4.350,0.00,4.350,0.01,4.350,0.00,4.350,-0.02,4.350,0.00,4.350,-0.01,4.350,0.02,4.350,-0.01,4.350,-0.01,4.350,-0.01,4.350,0.01,4.350,0.01,4.350,0.00,4.350,0.01,4.350,-0.01,4.350,-0.01,4.350,0.01,4.350,0.01,4.350,0.02,4.350,-0.01,4.350,0.00,4.350,0.00,4.350,0.02,4.350,0.01,4.350,0.01,4.350,-0.01,4.350,0.00,4.350,0.00,4.350,-0.01,4.350,0.00,4.350,0.00,4.350,0.00,4.350,0.01,4.350,0.00,4.350,-0.01,4.350,0.00,4.350,0.00,4.350,0.00,4.350,-0.02,4.350,0.01,4.350,0.00,4.350,0.01,4.350,0.00,4.350,-0.01,4.350,0.00,4.350,0.02,4.350,0.00,4.350,-0.01,4.350,0.00,4.350,0.00,4.350,0.00,4.350,0.00,4.350,0.01,4.350,0.00,4.350,0.03,4.350,0.01,4.350,0.00,4.350,0.00,4.350,0.01,4.350,-0.01,4.350,0.00,4.350,-0.01
4.400,0.00,4.400,0.01,4.400,0.01,4.400,0.00,4.400,0.00,4.400,0.01,4.400,-0.02,4.400,0.01,4.400,-0.02,4.400,0.00,4.400,0.00,4.400,0.01,4.400,-0.01,4.400,0.00,4.400,0.01,4.400,-0.01,4.400,-0.01,4.400,-0.01,4.400,-0.01,4.400,0.01,4.400,0.02,4.400,0.02,4.400,-0.01,4.400,0.01,4.400,-0.01,4.400,0.02,4.400,0.01,4.400,0.00,4.400,-0.01,4.400,0.00,4.400,-0.01,4.400,0.00,4.400,0.00,4.400,0.01,4.400,-0.01,4.400,0.01,4.400,0.01,4.400,0.00,4.400,-0.01,4.400,-0.01,4.400,0.01,4.400,-0.02,4.400,0.01,4.400,0.00,4.400,0.01,4.400,0.00,4.400,0.00,4.400,0.00,4.400,0.02,4.400,0.00,4.400,-0.01,4.400,-0.01,4.400,0.00,4.400,0.00,4.400,0.00,4.400,0.02,4.400,0.01,4.400,0.02,4.400,0.01,4.400,0.00,4.400,0.00,4.400,0.01,4.400,-0.01,4.400,0.00,4.400,-0.01
4.450,0.01,4.450,0.01,4.450,0.02,4.450,0.01,4.450,0.00,4.450,0.00,4.450,-0.01,4.450,0.01,4.450,-0.01,4.450,0.01,4.450,-0.01,4.450,0.00,4.450,-0.01,4.450,0.00,4.450,0.01,4.450,-0.01,4.450,-0.01,4.450,-0.01,4.450,0.00,4.450,0.01,4.450,0.00,4.450,0.02,4.450,0.01,4.450,0.01,4.450,-0.01,4.450,0.02,4.450,0.00,4.450,0.01,4.450,-0.01,4.450,0.00,4.450,0.00,4.450,0.00,4.450,0.01,4.450,0.01,4.450,0.00,4.450,0.01,4.450,0.00,4.450,0.00,4.450,-0.01,4.450,0.00,4.450,-0.01,4.450,-0.01,4.450,0.00,4.450,0.00,4.450,0.01,4.450,0.01,4.450,-0.01,4.450,-0.01,4.450,0.03,4.450,-0.01,4.450,0.01,4.450,-0.01,4.450,0.01,4.450,-0.01,4.450,0.00,4.450,0.01,4.450,0.01,4.450,0.02,4.450,0.01,4.450,0.00,4.450,0.00,4.450,0.01,4.450,0.00,4.450,0.00,4.450,-0.01
4.500,-0.01,4.500,0.01,4.500,0.02,4.500,0.00,4.500,-0.01,4.500,0.00,4.500,-0.01,4.500,0.01,4.500,-0.01,4.500,0.01,4.500,0.00,4.500,0.00,4.500,-0.01,4.500,0.01,4.500,0.00,4.500,0.00,4.500,0.01,4.500,-0.01,4.500,0.00,4.500,0.01,4.500,0.00,4.500,0.02,4.500,0.00,4.500,0.01,4.500,0.00,4.500,0.02,4.500,0.01,4.500,0.02,4.500,-0.02,4.500,0.00,4.500,0.01,4.500,0.00,4.500,0.01,4.500,0.01,4.500,-0.01,4.500,0.00,4.500,0.00,4.500,0.00,4.500,-0.01,4.500,-0.01,4.500,-0.01,4.500,-0.01,4.500,0.01,4.500,-0.01,4.500,0.01,4.500,0.00,4.500,-0.01,4.500,-0.01,4.500,0.02,4.500,0.00,4.500,0.01,4.500,-0.01,4.500,0.00,4.500,0.00,4.500,-0.01,4.500,0.02,4.500,0.01,4.500,0.02,4.500,0.02,4.500,0.00,4.500,0.00,4.500,0.01,4.500,-0.01,4.500,0.01,4.500,-0.01
4.550,-0.01,4.550,0.01,4.550,0.01,4.550,-0.01,4.550,-0.02,4.550,0.00,4.550,-0.02,4.550,0.01,4.550,-0.01,4.550,0.00,4.550,0.00,4.550,0.01,4.550,-0.02,4.550,0.01,4.550,0.00,4.550,-0.01,4.550,0.01,4.550,0.00,4.550,-0.01,4.550,0.01,4.550,0.01,4.550,0.01,4.550,0.00,4.550,0.01,4.550,-0.01,4.550,0.01,4.550,0.01,4.550,0.01,4.550,-0.01,4.550,0.01,4.550,0.01,4.550,0.00,4.550,0.01,4.550,0.00,4.550,0.00,4.550,0.00,4.550,-0.01,4.550,0.00,4.550,-0.01,4.550,-0.01,4.550,0.00,4.550,0.00,4.550,0.01,4.550,0.00,4.550,0.01,4.550,0.00,4.550,-0.02,4.550,0.00,4.550,0.03,4.550,0.00,4.550,0.01,4.550,-0.01,4.550,0.00,4.550,-0.01,4.550,0.00,4.550,0.02,4.550,0.01,4.550,0.01,4.550,0.02,4.550,0.00,4.550,0.00,4.550,0.00,4.550,-0.02,4.550,0.00,4.550,-0.01
4.600,0.00,4.600,0.02,4.600,0.01,4.600,0.00,4.600,0.00,4.600,0.00,4.600,-0.01,4.600,0.01,4.600,0.01,4.600,0.01,4.600,0.01,4.600,0.00,4.600,-0.02,4.600,0.01,4.600,0.01,4.600,-0.01,4.600,0.00,4.600,-0.01,4.600,-0.01,4.600,0.02,4.600,0.01,4.600,0.01,4.600,0.00,4.600,0.02,4.600,-0.01,4.600,0.03,4.600,0.00,4.600,0.01,4.600,-0.01,4.600,0.01,4.600,0.00,4.600,0.01,4.600,0.00,4.600,0.01,4.600,-0.01,4.600,0.00,4.600,-0.01,4.600,0.00,4.600,-0.01,4.600,-0.01,4.600,0.01,4.600,0.00,4.600,0.01,4.600,0.00,4.600,0.01,4.600,-0.01,4.600,-0.01,4.600,0.00,4.600,0.02,4.600,0.01,4.600,0.00,4.600,-0.01,4.600,0.01,4.600,-0.01,4.600,-0.01,4.600,0.02,4.600,0.02,4.600,0.00,4.600,0.01,4.600,0.01,4.600,-0.01,4.600,0.00,4.600,-0.01,4.600,0.01,4.600,-0.01
4.650,0.00,4.650,0.02,4.650,0.01,4.650,-0.01,4.650,0.00,4.650,0.00,4.650,-0.01,4.650,0.00,4.650,-0.01,4.650,0.00,4.650,-0.01,4.650,0.01,4.650,-0.03,4.650,0.01,4.650,0.01,4.650,0.00,4.650,0.00,4.650,-0.01,4.650,-0.01,4.650,0.02,4.650,0.00,4.650,0.01,4.650,0.00,4.650,0.02,4.650,0.00,4.650,0.02,4.650,0.00,4.650,0.01,4.650,-0.01,4.650,0.01,4.650,0.01,4.650,0.01,4.650,0.00,4.650,0.01,4.650,0.00,4.650,0.00,4.650,0.00,4.650,0.00,4.650,0.00,4.650,-0.01,4.650,0.00,4.650,0.01,4.650,0.02,4.650,0.00,4.650,0.00,4.650,0.00,4.650,-0.01,4.650,0.00,4.650,0.02,4.650,-0.01,4.650,0.00,4.650,-0.01,4.650,0.01,4.650,-0.01,4.650,0.01,4.650,0.02,4.650,0.01,4.650,0.01,4.650,0.01,4.650,0.01,4.650,0.00,4.650,0.01,4.650,-0.01,4.650,0.01,4.650,-0.01
4.700,-0.01,4.700,0.01,4.700,0.02,4.700,0.00,4.700,0.01,4.700,0.00,4.700,-0.01,4.700,0.01,4.700,-0.01,4.700,-0.01,4.700,0.00,4.700,0.00,4.700,-0.03,4.700,0.01,4.700,0.01,4.700,-0.01,4.700,-0.01,4.700,-0.01,4.700,0.00,4.700,0.02,4.700,0.01,4.700,0.02,4.700,0.00,4.700,0.02,4.700,0.00,4.700,0.03,4.700,0.01,4.700,0.01,4.700,-0.01,4.700,0.00,4.700,0.01,4.700,0.01,4.700,0.00,4.700,0.00,4.700,0.00,4.700,0.01,4.700,-0.01,4.700,-0.01,4.700,-0.01,4.700,0.00,4.700,0.00,4.700,0.00,4.700,0.02,4.700,0.01,4.700,0.01,4.700,0.00,4.700,0.01,4.700,0.00,4.700,0.01,4.700,0.00,4.700,0.00,4.700,-0.01,4.700,0.01,4.700,-0.01,4.700,0.01,4.700,0.02,4.700,0.02,4.700,0.01,4.700,0.01,4.700,0.01,4.700,0.00,4.700,0.01,4.700,-0.02,4.700,0.00,4.700,0.00
4.750,0.00,4.750,0.02,4.750,0.01,4.750,0.00,4.750,0.00,4.750,0.00,4.750,-0.02,4.750,0.01,4.750,-0.01,4.750,-0.01,4.750,0.00,4.750,0.01,4.750,-0.02,4.750,0.01,4.750,0.00,4.750,-0.01,4.750,0.00,4.750,-0.01,4.750,0.01,4.750,0.02,4.750,0.00,4.750,0.02,4.750,0.00,4.750,0.02,4.750,-0.01,4.750,0.02,4.750,0.00,4.750,0.02,4.750,0.00,4.750,0.01,4.750,0.01,4.750,0.00,4.750,0.00,4.750,0.01,4.750,0.01,4.750,0.01,4.750,0.00,4.750,0.00,4.750,-0.01,4.750,0.01,4.750,-0.01,4.750,0.01,4.750,0.02,4.750,0.01,4.750,0.01,4.750,-0.01,4.750,0.01,4.750,0.00,4.750,0.01,4.750,0.00,4.750,0.00,4.750,-0.02,4.750,0.01,4.750,0.00,4.750,0.00,4.750,0.01,4.750,0.01,4.750,0.01,4.750,0.01,4.750,0.01,4.750,0.00,4.750,0.01,4.750,-0.02,4.750,-0.01,4.750,0.00
4.800,0.00,4.800,-0.01,4.800,0.02,4.800,0.00,4.800,0.00,4.800,0.00,4.800,-0.02,4.800,0.01,4.800,-0.01,4.800,-0.01,4.800,-0.01,4.800,0.01,4.800,-0.02,4.800,0.01,4.800,0.01,4.800,0.01,4.800,-0.01,4.800,-0.01,4.800,0.00,4.800,0.02,4.800,0.00,4.800,0.02,4.800,0.00,4.800,0.02,4.800,-0.01,4.800,0.02,4.800,0.00,4.800,0.02,4.800,0.00,4.800,0.01,4.800,0.01,4.800,0.01,4.800,-0.01,4.800,0.01,4.800,-0.01,4.800,0.01,4.800,-0.01,4.800,0.01,4.800,0.00,4.800,-0.01,4.800,-0.01,4.800,0.01,4.800,0.02,4.800,0.01,4.800,0.02,4.800,0.00,4.800,0.00,4.800,0.00,4.800,0.02,4.800,0.01,4.800,0.00,4.800,-0.01,4.800,0.01,4.800,0.00,4.800,0.01,4.800,0.01,4.800,0.02,4.800,0.02,4.800,0.01,4.800,0.01,4.800,0.01,4.800,0.01,4.800,-0.01,4.800,0.01,4.800,-0.01
4.850,0.00,4.850,0.01,4.850,0.01,4.850,-0.01,4.850,0.00,4.850,0.00,4.850,-0.02,4.850,0.01,4.850,-0.01,4.850,0.00,4.850,0.00,4.850,0.00,4.850,-0.02,4.850,0.01,4.850,0.00,4.850,-0.01,4.850,0.00,4.850,-0.01,4.850,0.00,4.850,0.03,4.850,0.00,4.850,0.01,4.850,-0.01,4.850,0.02,4.850,-0.01,4.850,0.02,4.850,-0.01,4.850,0.02,4.850,-0.01,4.850,0.00,4.850,0.01,4.850,0.01,4.850,-0.01,4.850,0.00,4.850,-0.01,4.850,0.02,4.850,-0.01,4.850,0.01,4.850,-0.01,4.850,-0.01,4.850,0.00,4.850,0.02,4.850,0.02,4.850,0.00,4.850,0.02,4.850,0.00,4.850,0.01,4.850,0.00,4.850,0.02,4.850,0.01,4.850,0.00,4.850,-0.01,4.850,0.01,4.850,0.00,4.850,0.01,4.850,0.02,4.850,0.02,4.850,0.02,4.850,0.02,4.850,0.00,4.850,-0.01,4.850,0.02,4.850,-0.01,4.850,0.00,4.850,-0.01
4.900,0.00,4.900,0.01,4.900,0.00,4.900,-0.01,4.900,0.00,4.900,0.01,4.900,-0.02,4.900,0.00,4.900,-0.01,4.900,0.00,4.900,-0.01,4.900,0.00,4.900,-0.01,4.900,0.01,4.900,0.00,4.900,-0.01,4.900,0.01,4.900,-0.01,4.900,-0.01,4.900,0.01,4.900,0.00,4.900,0.01,4.900,0.00,4.900,0.03,4.900,0.00,4.900,0.02,4.900,0.00,4.900,0.01,4.900,-0.01,4.900,0.01,4.900,0.00,4.900,0.00,4.900,0.00,4.900,0.00,4.900,0.00,4.900,0.01,4.900,-0.01,4.900,0.00,4.900,0.00,4.900,0.00,4.900,0.00,4.900,0.02,4.900,0.02,4.900,0.00,4.900,0.02,4.900,0.01,4.900,0.01,4.900,-0.01,4.900,0.01,4.900,0.01,4.900,0.01,4.900,-0.01,4.900,0.00,4.900,0.00,4.900,0.01,4.900,0.02,4.900,0.02,4.900,0.01,4.900,0.01,4.900,0.00,4.900,0.00,4.900,0.01,4.900,-0.01,4.900,0.00,4.900,-0.01
4.950,0.01,4.950,0.01,4.950,0.01,4.950,-0.01,4.950,0.00,4.950,0.01,4.950,-0.03,4.950,0.00,4.950,-0.01,4.950,0.02,4.950,0.00,4.950,0.01,4.950,-0.02,4.950,0.01,4.950,-0.01,4.950,0.00,4.950,0.01,4.950,-0.02,4.950,0.00,4.950,0.02,4.950,-0.01,4.950,0.02,4.950,-0.01,4.950,0.01,4.950,0.01,4.950,0.02,4.950,0.00,4.950,0.01,4.950,-0.01,4.950,0.01,4.950,0.01,4.950,0.01,4.950,0.00,4.950,0.00,4.950,0.00,4.950,0.01,4.950,0.00,4.950,0.00,4.950,-0.01,4.950,0.00,4.950,-0.01,4.950,0.01,4.950,0.02,4.950,0.00,4.950,0.01,4.950,0.00,4.950,0.01,4.950,-0.01,4.950,0.01,4.950,0.01,4.950,0.01,4.950,0.00,4.950,0.01,4.950,0.00,4.950,0.01,4.950,0.02,4.950,0.02,4.950,0.01,4.950,0.00,4.950,-0.01,4.950,-0.01,4.950,0.01,4.950,0.00,4.950,0.01,4.950,0.00
5.000,0.01,5.000,0.00,5.000,0.00,5.000,-0.01,5.000,0.00,5.000,0.00,5.000,-0.01,5.000,0.01,5.000,-0.01,5.000,0.01,5.000,0.00,5.000,0.00,5.000,-0.01,5.000,0.01,5.000,0.00,5.000,0.00,5.000,0.01,5.000,-0.01,5.000,-0.01,5.000,0.02,5.000,0.00,5.000,0.01,5.000,0.00,5.000,0.02,5.000,0.01,5.000,0.02,5.000,0.01,5.000,0.01,5.000,-0.01,5.000,0.01,5.000,0.01,5.000,0.00,5.000,0.00,5.000,0.00,5.000,0.00,5.000,0.00,5.000,-0.01,5.000,0.01,5.000,-0.02,5.000,-0.01,5.000,-0.01,5.000,0.01,5.000,0.03,5.000,0.00,5.000,0.02,5.000,0.01,5.000,0.00,5.000,0.00,5.000,0.00,5.000,0.00,5.000,0.00,5.000,-0.01,5.000,0.00,5.000,0.01,5.000,0.01,5.000,0.03,5.000,0.00,5.000,0.01,5.000,0.00,5.000,-0.01,5.000,-0.01,5.000,0.01,5.000,-0.01,5.000,0.00,5.000,0.00
5.050,0.01,5.050,0.00,5.050,0.00,5.050,-0.01,5.050,0.00,5.050,-0.01,5.050,-0.02,5.050,0.01,5.050,-0.01,5.050,0.01,5.050,0.00,5.050,0.01,5.050,-0.01,5.050,0.00,5.050,0.01,5.050,0.00,5.050,0.01,5.050,-0.01,5.050,-0.01,5.050,0.02,5.050,0.00,5.050,0.01,5.050,0.00,5.050,0.02,5.050,-0.01,5.050,0.02,5.050,-0.01,5.050,0.01,5.050,-0.01,5.050,0.00,5.050,0.00,5.050,0.00,5.050,-0.01,5.050,0.01,5.050,0.01,5.050,0.01,5.050,-0.01,5.050,0.00,5.050,-0.02,5.050,-0.01,5.050,-0.02,5.050,0.01,5.050,0.04,5.050,-0.01,5.050,0.01,5.050,0.01,5.050,0.01,5.050,0.00,5.050,0.01,5.050,0.01,5.050,0.01,5.050,-0.01,5.050,0.01,5.050,-0.01,5.050,0.02,5.050,0.02,5.050,0.02,5.050,0.02,5.050,0.00,5.050,0.00,5.050,-0.01,5.050,0.01,5.050,-0.02,5.050,0.00,5.050,0.00
5.100,0.00,5.100,0.01,5.100,0.01,5.100,0.01,5.100,-0.01,5.100,0.00,5.100,-0.02,5.100,-0.01,5.100,-0.02,5.100,-0.01,5.100,-0.01,5.100,0.00,5.100,0.00,5.100,0.01,5.100,0.00,5.100,0.00,5.100,-0.01,5.100,-0.01,5.100,-0.01,5.100,0.02,5.100,0.01,5.100,0.01,5.100,-0.01,5.100,0.02,5.100,0.00,5.100,0.02,5.100,0.01,5.100,0.00,5.100,0.00,5.100,0.00,5.100,0.01,5.100,0.01,5.100,0.00,5.100,0.00,5.100,0.00,5.100,0.00,5.100,-0.01,5.100,0.00,5.100,-0.02,5.100,0.00,5.100,0.01,5.100,0.00,5.100,0.03,5.100,0.00,5.100,0.01,5.100,-0.01,5.100,0.01,5.100,-0.02,5.100,0.02,5.100,0.01,5.100,0.01,5.100,0.00,5.100,0.01,5.100,-0.01,5.100,0.01,5.100,0.02,5.100,0.01,5.100,0.02,5.100,-0.01,5.100,-0.01,5.100,-0.01,5.100,0.02,5.100,-0.02,5.100,0.01,5.100,0.00
5.150,5.55E-17,5.150,0.01,5.150,0.02,5.150,-0.01,5.150,0.00,5.150,0.00,5.150,-0.02,5.150,0.01,5.150,-0.01,5.150,0.00,5.150,-0.01,5.150,0.00,5.150,-0.02,5.150,0.01,5.150,0.00,5.150,0.00,5.150,0.00,5.150,-0.01,5.150,-0.01,5.150,0.01,5.150,0.01,5.150,0.01,5.150,-0.01,5.150,0.02,5.150,0.00,5.150,0.01,5.150,0.00,5.150,0.00,5.150,0.01,5.150,0.00,5.150,0.00,5.150,0.00,5.150,-0.01,5.150,-0.01,5.150,0.00,5.150,0.00,5.150,-0.01,5.150,-0.01,5.150,-0.02,5.150,0.00,5.150,0.01,5.150,0.00,5.150,0.02,5.150,-0.01,5.150,0.02,5.150,-0.01,5.150,0.01,5.150,-0.02,5.150,0.00,5.150,0.01,5.150,0.00,5.150,-0.01,5.150,0.01,5.150,-0.01,5.150,0.01,5.150,0.02,5.150,0.02,5.150,0.02,5.150,0.00,5.150,0.00,5.150,-0.01,5.150,0.01,5.150,-0.02,5.150,0.02,5.150,0.00
5.200,0.00,5.200,0.01,5.200,0.02,5.200,0.00,5.200,-0.01,5.200,-0.01,5.200,-0.01,5.200,0.01,5.200,-0.01,5.200,-0.01,5.200,0.00,5.200,0.00,5.200,-0.01,5.200,0.00,5.200,0.00,5.200,-0.01,5.200,0.01,5.200,-0.01,5.200,-0.01,5.200,0.03,5.200,0.01,5.200,0.01,5.200,-0.01,5.200,0.02,5.200,-0.01,5.200,0.01,5.200,0.00,5.200,0.00,5.200,0.01,5.200,0.01,5.200,0.01,5.200,0.01,5.200,0.00,5.200,0.00,5.200,0.00,5.200,0.00,5.200,-0.02,5.200,0.00,5.200,-0.02,5.200,-0.01,5.200,0.00,5.200,0.01,5.200,0.02,5.200,0.00,5.200,0.02,5.200,0.00,5.200,0.00,5.200,-0.02,5.200,0.01,5.200,0.02,5.200,-0.01,5.200,-0.01,5.200,0.01,5.200,-0.01,5.200,0.01,5.200,0.03,5.200,0.02,5.200,0.02,5.200,0.00,5.200,0.01,5.200,-0.01,5.200,0.01,5.200,-0.01,5.200,0.01,5.200,-0.01
5.250,0.00,5.250,0.02,5.250,0.01,5.250,0.01,5.250,-0.01,5.250,0.00,5.250,-0.01,5.250,0.01,5.250,-0.01,5.250,0.00,5.250,0.00,5.250,0.00,5.250,-0.01,5.250,0.01,5.250,0.00,5.250,-0.01,5.250,0.00,5.250,0.00,5.250,0.00,5.250,0.02,5.250,0.01,5.250,0.01,5.250,0.00,5.250,0.01,5.250,-0.01,5.250,0.02,5.250,0.00,5.250,0.00,5.250,0.00,5.250,0.01,5.250,0.01,5.250,0.02,5.250,0.00,5.250,0.00,5.250,0.00,5.250,0.02,5.250,-0.02,5.250,0.00,5.250,-0.01,5.250,-0.02,5.250,-0.01,5.250,0.01,5.250,0.04,5.250,0.00,5.250,0.02,5.250,0.01,5.250,0.00,5.250,-0.02,5.250,0.01,5.250,0.01,5.250,0.01,5.250,-0.01,5.250,0.01,5.250,0.01,5.250,0.01,5.250,0.02,5.250,0.01,5.250,0.01,5.250,0.00,5.250,0.00,5.250,-0.01,5.250,0.02,5.250,0.00,5.250,0.01,5.250,0.00
5.300,0.00,5.300,0.01,5.300,0.01,5.300,-0.01,5.300,-0.01,5.300,-0.01,5.300,-0.01,5.300,0.01,5.300,0.00,5.300,-0.01,5.300,0.00,5.300,-0.01,5.300,-0.01,5.300,0.01,5.300,0.00,5.300,-0.01,5.300,0.00,5.300,0.00,5.300,0.01,5.300,0.01,5.300,0.02,5.300,0.00,5.300,0.00,5.300,0.03,5.300,0.00,5.300,0.02,5.300,0.00,5.300,0.00,5.300,0.00,5.300,0.01,5.300,0.00,5.300,0.01,5.300,-0.01,5.300,0.00,5.300,0.01,5.300,0.01,5.300,-0.03,5.300,0.00,5.300,-0.02,5.300,-0.01,5.300,0.00,5.300,0.00,5.300,0.04,5.300,-0.01,5.300,0.01,5.300,0.01,5.300,0.01,5.300,-0.02,5.300,0.01,5.300,0.01,5.300,0.01,5.300,-0.01,5.300,0.01,5.300,0.00,5.300,-0.01,5.300,0.02,5.300,0.00,5.300,0.01,5.300,0.00,5.300,0.00,5.300,0.00,5.300,0.02,5.300,-0.01,5.300,0.01,5.300,-0.01
5.350,0.01,5.350,0.01,5.350,0.02,5.350,0.01,5.350,-0.01,5.350,-0.01,5.350,-0.02,5.350,0.00,5.350,-0.01,5.350,0.00,5.350,-0.01,5.350,-0.01,5.350,-0.01,5.350,0.00,5.350,0.00,5.350,-0.01,5.350,0.00,5.350,-0.01,5.350,0.01,5.350,0.01,5.350,0.01,5.350,0.01,5.350,0.00,5.350,0.01,5.350,0.00,5.350,0.03,5.350,0.00,5.350,0.00,5.350,0.00,5.350,0.01,5.350,0.00,5.350,0.01,5.350,-0.01,5.350,0.00,5.350,0.00,5.350,0.01,5.350,-0.02,5.350,0.00,5.350,-0.01,5.350,0.01,5.350,0.00,5.350,0.01,5.350,0.05,5.350,-0.01,5.350,0.02,5.350,0.00,5.350,0.01,5.350,-0.02,5.350,0.01,5.350,0.01,5.350,0.00,5.350,0.00,5.350,0.01,5.350,-0.01,5.350,0.01,5.350,0.02,5.350,0.00,5.350,0.01,5.350,0.01,5.350,0.00,5.350,0.00,5.350,0.01,5.350,-0.01,5.350,0.00,5.350,-0.01
5.400,0.00,5.400,0.00,5.400,0.02,5.400,0.00,5.400,-0.01,5.400,0.00,5.400,-0.02,5.400,0.00,5.400,-0.01,5.400,-0.01,5.400,-0.01,5.400,0.00,5.400,0.00,5.400,0.00,5.400,0.01,5.400,-0.01,5.400,-0.01,5.400,0.00,5.400,-0.01,5.400,0.01,5.400,0.01,5.400,0.00,5.400,0.00,5.400,0.02,5.400,0.00,5.400,0.02,5.400,0.01,5.400,0.00,5.400,0.00,5.400,0.01,5.400,0.00,5.400,0.01,5.400,-0.01,5.400,0.00,5.400,0.00,5.400,0.02,5.400,-0.01,5.400,-0.01,5.400,-0.01,5.400,0.00,5.400,0.01,5.400,0.01,5.400,0.05,5.400,-0.01,5.400,0.01,5.400,0.00,5.400,0.01,5.400,-0.02,5.400,0.01,5.400,0.01,5.400,0.01,5.400,-0.02,5.400,0.00,5.400,0.00,5.400,0.01,5.400,0.01,5.400,0.00,5.400,0.00,5.400,-0.01,5.400,0.00,5.400,0.00,5.400,0.01,5.400,-0.01,5.400,0.00,5.400,0.00
5.450,0.00,5.450,0.01,5.450,0.00,5.450,0.01,5.450,-0.01,5.450,-0.02,5.450,-0.01,5.450,0.01,5.450,-0.01,5.450,-0.01,5.450,0.00,5.450,0.01,5.450,-0.01,5.450,0.00,5.450,0.00,5.450,-0.02,5.450,-0.01,5.450,0.00,5.450,0.00,5.450,0.02,5.450,0.01,5.450,0.00,5.450,-0.01,5.450,0.02,5.450,0.00,5.450,0.02,5.450,0.01,5.450,0.00,5.450,0.00,5.450,0.02,5.450,0.01,5.450,0.00,5.450,0.00,5.450,0.01,5.450,0.00,5.450,0.01,5.450,-0.01,5.450,0.00,5.450,0.00,5.450,0.00,5.450,-0.01,5.450,0.01,5.450,0.05,5.450,0.00,5.450,0.02,5.450,0.01,5.450,0.01,5.450,-0.02,5.450,0.00,5.450,0.01,5.450,0.01,5.450,-0.01,5.450,0.00,5.450,-0.01,5.450,-0.01,5.450,0.02,5.450,0.00,5.450,0.01,5.450,0.01,5.450,0.00,5.450,0.00,5.450,0.01,5.450,-0.02,5.450,0.00,5.450,-0.02
5.500,0.00,5.500,0.00,5.500,0.01,5.500,0.01,5.500,0.00,5.500,0.00,5.500,-0.02,5.500,0.02,5.500,-0.01,5.500,0.00,5.500,0.01,5.500,0.01,5.500,-0.01,5.500,0.00,5.500,-0.02,5.500,-0.02,5.500,-0.01,5.500,0.00,5.500,0.00,5.500,0.01,5.500,0.01,5.500,0.00,5.500,-0.01,5.500,0.02,5.500,0.00,5.500,0.02,5.500,0.02,5.500,0.00,5.500,0.00,5.500,0.01,5.500,0.00,5.500,0.01,5.500,0.00,5.500,0.02,5.500,0.01,5.500,0.01,5.500,-0.01,5.500,0.00,5.500,-0.01,5.500,0.00,5.500,0.00,5.500,0.01,5.500,0.05,5.500,0.00,5.500,0.02,5.500,0.00,5.500,0.01,5.500,-0.02,5.500,0.01,5.500,0.00,5.500,0.00,5.500,-0.01,5.500,0.00,5.500,-0.01,5.500,0.00,5.500,0.03,5.500,0.00,5.500,0.00,5.500,0.00,5.500,0.00,5.500,0.00,5.500,0.01,5.500,-0.01,5.500,0.01,5.500,-0.01
5.550,-0.01,5.550,0.00,5.550,0.02,5.550,0.01,5.550,0.00,5.550,0.00,5.550,-0.01,5.550,0.02,5.550,-0.01,5.550,0.00,5.550,-0.01,5.550,0.01,5.550,-0.01,5.550,-0.01,5.550,-0.01,5.550,-0.01,5.550,-0.01,5.550,0.00,5.550,0.01,5.550,0.00,5.550,0.00,5.550,0.01,5.550,0.00,5.550,0.02,5.550,-0.01,5.550,0.02,5.550,0.01,5.550,0.01,5.550,0.01,5.550,0.01,5.550,0.01,5.550,0.00,5.550,0.00,5.550,0.01,5.550,-0.01,5.550,0.01,5.550,-0.01,5.550,0.00,5.550,-0.01,5.550,0.00,5.550,0.00,5.550,0.00,5.550,0.07,5.550,-0.01,5.550,0.01,5.550,0.00,5.550,0.01,5.550,-0.01,5.550,0.01,5.550,0.00,5.550,0.00,5.550,-0.01,5.550,-0.01,5.550,-0.01,5.550,0.00,5.550,0.02,5.550,0.00,5.550,0.02,5.550,0.00,5.550,0.00,5.550,-0.01,5.550,0.02,5.550,-0.01,5.550,0.01,5.550,-0.01
5.600,5.55E-17,5.600,0.01,5.600,0.00,5.600,0.00,5.600,0.01,5.600,0.01,5.600,-0.02,5.600,0.02,5.600,-0.02,5.600,-0.01,5.600,-0.01,5.600,0.01,5.600,-0.01,5.600,0.00,5.600,0.00,5.600,-0.01,5.600,0.00,5.600,0.00,5.600,0.00,5.600,0.01,5.600,0.01,5.600,0.00,5.600,0.00,5.600,0.02,5.600,0.00,5.600,0.02,5.600,0.01,5.600,0.02,5.600,0.00,5.600,0.00,5.600,0.00,5.600,0.01,5.600,0.00,5.600,0.01,5.600,0.00,5.600,0.00,5.600,-0.01,5.600,0.00,5.600,0.00,5.600,-0.01,5.600,0.00,5.600,0.00,5.600,0.08,5.600,-0.01,5.600,0.02,5.600,0.01,5.600,0.01,5.600,-0.02,5.600,0.01,5.600,-0.01,5.600,0.02,5.600,-0.01,5.600,0.00,5.600,0.00,5.600,0.01,5.600,0.01,5.600,0.01,5.600,0.01,5.600,-0.01,5.600,-0.01,5.600,0.00,5.600,0.01,5.600,-0.02,5.600,0.01,5.600,-0.01
5.650,0.00,5.650,0.00,5.650,0.01,5.650,0.00,5.650,0.00,5.650,-0.01,5.650,-0.02,5.650,0.01,5.650,-0.02,5.650,0.00,5.650,0.00,5.650,0.01,5.650,-0.01,5.650,-0.01,5.650,0.01,5.650,0.00,5.650,0.00,5.650,0.00,5.650,0.00,5.650,0.01,5.650,0.00,5.650,0.01,5.650,0.00,5.650,0.02,5.650,0.00,5.650,0.02,5.650,0.01,5.650,0.02,5.650,0.01,5.650,0.01,5.650,0.00,5.650,0.02,5.650,0.01,5.650,0.01,5.650,0.00,5.650,-0.01,5.650,-0.01,5.650,0.00,5.650,-0.01,5.650,0.00,5.650,-0.02,5.650,0.01,5.650,0.08,5.650,0.00,5.650,0.02,5.650,0.01,5.650,0.02,5.650,-0.02,5.650,0.01,5.650,0.01,5.650,0.03,5.650,-0.01,5.650,0.01,5.650,0.00,5.650,0.01,5.650,0.01,5.650,0.00,5.650,0.01,5.650,0.01,5.650,0.00,5.650,-0.01,5.650,0.02,5.650,-0.02,5.650,0.01,5.650,-0.02
5.700,0.01,5.700,0.00,5.700,0.01,5.700,0.00,5.700,0.00,5.700,0.00,5.700,-0.01,5.700,0.01,5.700,-0.01,5.700,0.00,5.700,0.00,5.700,0.02,5.700,-0.01,5.700,0.00,5.700,0.00,5.700,0.00,5.700,-0.01,5.700,-0.01,5.700,-0.01,5.700,0.00,5.700,0.01,5.700,0.01,5.700,-0.01,5.700,0.01,5.700,-0.01,5.700,0.01,5.700,0.01,5.700,0.01,5.700,0.01,5.700,0.00,5.700,0.00,5.700,0.01,5.700,0.00,5.700,0.01,5.700,0.00,5.700,0.01,5.700,0.00,5.700,-0.01,5.700,-0.02,5.700,-0.01,5.700,0.00,5.700,0.00,5.700,0.11,5.700,-0.01,5.700,0.02,5.700,0.01,5.700,0.02,5.700,-0.01,5.700,0.02,5.700,0.00,5.700,0.02,5.700,-0.01,5.700,0.01,5.700,-0.01,5.700,0.01,5.700,0.01,5.700,0.01,5.700,0.00,5.700,0.00,5.700,0.01,5.700,-0.01,5.700,0.02,5.700,-0.01,5.700,0.00,5.700,-0.01
5.750,0.01,5.750,0.01,5.750,0.01,5.750,-0.01,5.750,0.00,5.750,-0.02,5.750,-0.02,5.750,0.01,5.750,-0.01,5.750,0.01,5.750,0.01,5.750,0.02,5.750,-0.01,5.750,0.00,5.750,-0.01,5.750,-0.01,5.750,-0.01,5.750,-0.01,5.750,0.00,5.750,0.01,5.750,0.01,5.750,0.00,5.750,0.01,5.750,0.01,5.750,-0.01,5.750,0.02,5.750,0.01,5.750,0.01,5.750,0.01,5.750,0.01,5.750,0.00,5.750,0.00,5.750,0.01,5.750,0.01,5.750,0.01,5.750,0.00,5.750,0.00,5.750,0.00,5.750,-0.02,5.750,-0.01,5.750,0.00,5.750,0.00,5.750,0.17,5.750,0.00,5.750,0.01,5.750,-0.01,5.750,0.01,5.750,-0.02,5.750,0.02,5.750,0.00,5.750,0.02,5.750,-0.01,5.750,0.01,5.750,-0.01,5.750,0.01,5.750,0.00,5.750,0.01,5.750,0.01,5.750,0.00,5.750,0.00,5.750,-0.01,5.750,0.02,5.750,0.00,5.750,0.00,5.750,0.00
5.800,0.01,5.800,0.01,5.800,0.02,5.800,0.00,5.800,-0.01,5.800,-0.01,5.800,-0.02,5.800,0.01,5.800,0.00,5.800,0.01,5.800,-0.01,5.800,0.01,5.800,-0.02,5.800,0.01,5.800,0.00,5.800,-0.01,5.800,-0.01,5.800,-0.01,5.800,0.00,5.800,0.01,5.800,0.01,5.800,0.01,5.800,-0.01,5.800,0.02,5.800,0.00,5.800,0.01,5.800,0.00,5.800,0.02,5.800,0.01,5.800,0.01,5.800,-0.01,5.800,0.00,5.800,0.00,5.800,0.02,5.800,0.01,5.800,0.01,5.800,0.01,5.800,-0.01,5.800,-0.01,5.800,0.00,5.800,0.00,5.800,0.01,5.800,0.29,5.800,0.00,5.800,0.01,5.800,0.00,5.800,0.01,5.800,-0.01,5.800,0.02,5.800,0.02,5.800,0.03,5.800,-0.01,5.800,0.00,5.800,0.00,5.800,0.02,5.800,0.00,5.800,0.01,5.800,0.00,5.800,0.00,5.800,0.00,5.800,0.00,5.800,0.02,5.800,0.00,5.800,0.00,5.800,0.02
5.850,0.00,5.850,0.01,5.850,0.02,5.850,0.00,5.850,-0.01,5.850,-0.01,5.850,-0.01,5.850,0.01,5.850,-0.02,5.850,0.01,5.850,-0.01,5.850,0.02,5.850,-0.02,5.850,0.01,5.850,0.00,5.850,-0.01,5.850,0.00,5.850,-0.01,5.850,0.01,5.850,0.00,5.850,0.01,5.850,0.00,5.850,0.00,5.850,0.02,5.850,0.01,5.850,0.02,5.850,0.01,5.850,0.01,5.850,0.02,5.850,0.01,5.850,0.00,5.850,0.00,5.850,0.00,5.850,0.02,5.850,0.02,5.850,0.01,5.850,0.01,5.850,-0.01,5.850,-0.01,5.850,0.00,5.850,0.01,5.850,0.02,5.850,0.58,5.850,0.00,5.850,0.01,5.850,0.00,5.850,0.01,5.850,-0.01,5.850,0.02,5.850,0.01,5.850,0.04,5.850,0.00,5.850,0.00,5.850,0.00,5.850,0.00,5.850,0.01,5.850,0.02,5.850,0.01,5.850,0.00,5.850,0.00,5.850,-0.01,5.850,0.02,5.850,-0.01,5.850,0.00,5.850,0.02
5.900,0.01,5.900,0.02,5.900,0.01,5.900,0.00,5.900,-0.01,5.900,-0.01,5.900,-0.01,5.900,0.00,5.900,-0.01,5.900,0.01,5.900,0.01,5.900,0.01,5.900,-0.02,5.900,-0.01,5.900,-0.01,5.900,-0.01,5.900,0.00,5.900,-0.02,5.900,0.01,5.900,0.01,5.900,0.02,5.900,0.00,5.900,0.00,5.900,0.02,5.900,0.01,5.900,0.02,5.900,0.01,5.900,0.01,5.900,0.02,5.900,0.01,5.900,0.01,5.900,0.01,5.900,0.00,5.900,0.02,5.900,0.01,5.900,0.00,5.900,0.00,5.900,-0.01,5.900,-0.01,5.900,0.00,5.900,0.01,5.900,0.02,5.900,0.92,5.900,0.00,5.900,0.02,5.900,0.00,5.900,0.01,5.900,0.00,5.900,0.02,5.900,0.01,5.900,0.04,5.900,-0.01,5.900,-0.01,5.900,-0.01,5.900,0.02,5.900,0.01,5.900,0.01,5.900,0.01,5.900,0.01,5.900,0.01,5.900,-0.01,5.900,0.01,5.900,-0.01,5.900,0.00,5.900,0.03
5.950,5.55E-17,5.950,0.01,5.950,0.02,5.950,0.00,5.950,0.00,5.950,0.00,5.950,0.00,5.950,0.01,5.950,-0.01,5.950,0.01,5.950,0.00,5.950,0.01,5.950,-0.02,5.950,0.00,5.950,0.00,5.950,0.01,5.950,0.01,5.950,-0.01,5.950,0.01,5.950,0.01,5.950,0.02,5.950,0.00,5.950,0.02,5.950,0.03,5.950,0.01,5.950,0.03,5.950,0.01,5.950,0.01,5.950,0.02,5.950,0.01,5.950,0.01,5.950,0.02,5.950,-0.01,5.950,0.02,5.950,0.00,5.950,0.01,5.950,0.00,5.950,0.00,5.950,-0.01,5.950,0.01,5.950,0.00,5.950,0.03,5.950,1.15,5.950,0.00,5.950,0.02,5.950,0.00,5.950,0.01,5.950,0.01,5.950,0.00,5.950,0.01,5.950,0.04,5.950,-0.01,5.950,0.01,5.950,0.00,5.950,0.01,5.950,0.02,5.950,0.00,5.950,0.01,5.950,0.01,5.950,0.00,5.950,0.00,5.950,0.02,5.950,-0.01,5.950,0.01,5.950,0.03
6.000,0.01,6.000,0.01,6.000,0.00,6.000,0.00,6.000,0.00,6.000,-0.02,6.000,0.00,6.000,0.01,6.000,-0.01,6.000,0.01,6.000,-0.01,6.000,0.00,6.000,-0.02,6.000,0.00,6.000,0.01,6.000,0.00,6.000,0.01,6.000,-0.02,6.000,-0.01,6.000,0.00,6.000,0.02,6.000,0.01,6.000,0.02,6.000,0.04,6.000,0.00,6.000,0.02,6.000,0.01,6.000,0.01,6.000,0.01,6.000,0.02,6.000,0.00,6.000,0.02,6.000,0.00,6.000,0.01,6.000,0.01,6.000,0.00,6.000,-0.01,6.000,-0.01,6.000,-0.02,6.000,0.01,6.000,0.00,6.000,0.04,6.000,1.30,6.000,0.00,6.000,0.02,6.000,-0.01,6.000,0.01,6.000,0.00,6.000,0.00,6.000,0.00,6.000,0.04,6.000,0.00,6.000,0.01,6.000,-0.01,6.000,0.01,6.000,0.01,6.000,0.00,6.000,0.00,6.000,0.01,6.000,0.00,6.000,-0.02,6.000,0.02,6.000,0.00,6.000,0.00,6.000,0.04
6.050,0.00,6.050,0.02,6.050,0.01,6.050,0.00,6.050,0.00,6.050,-0.01,6.050,0.01,6.050,0.01,6.050,-0.02,6.050,0.01,6.050,0.00,6.050,0.01,6.050,-0.02,6.050,0.00,6.050,-0.01,6.050,0.00,6.050,0.00,6.050,-0.02,6.050,-0.01,6.050,0.02,6.050,0.00,6.050,0.01,6.050,0.02,6.050,0.04,6.050,0.01,6.050,0.04,6.050,0.01,6.050,0.00,6.050,0.02,6.050,0.02,6.050,0.00,6.050,0.02,6.050,0.00,6.050,0.02,6.050,0.01,6.050,0.01,6.050,-0.02,6.050,-0.01,6.050,-0.01,6.050,0.00,6.050,0.00,6.050,0.04,6.050,0.22,6.050,-0.02,6.050,0.02,6.050,0.00,6.050,0.02,6.050,-0.01,6.050,0.00,6.050,0.01,6.050,0.05,6.050,-0.01,6.050,0.01,6.050,-0.01,6.050,0.01,6.050,0.02,6.050,0.02,6.050,0.01,6.050,0.01,6.050,0.01,6.050,-0.02,6.050,0.01,6.050,0.00,6.050,0.00,6.050,0.05
6.100,0.01,6.100,0.02,6.100,0.00,6.100,0.01,6.100,0.00,6.100,-0.01,6.100,0.01,6.100,0.02,6.100,-0.02,6.100,0.01,6.100,-0.01,6.100,0.01,6.100,-0.02,6.100,0.01,6.100,-0.01,6.100,0.00,6.100,0.01,6.100,-0.02,6.100,-0.01,6.100,0.00,6.100,0.00,6.100,0.00,6.100,0.04,6.100,0.05,6.100,0.00,6.100,0.03,6.100,0.01,6.100,0.01,6.100,0.02,6.100,0.02,6.100,0.01,6.100,0.03,6.100,0.00,6.100,0.00,6.100,0.00,6.100,0.01,6.100,-0.02,6.100,-0.01,6.100,-0.02,6.100,0.00,6.100,0.00,6.100,0.04,6.100,0.07,6.100,-0.01,6.100,0.02,6.100,0.01,6.100,0.01,6.100,-0.01,6.100,0.00,6.100,0.01,6.100,0.05,6.100,-0.01,6.100,0.01,6.100,-0.02,6.100,0.00,6.100,0.01,6.100,0.02,6.100,0.01,6.100,0.01,6.100,0.01,6.100,-0.02,6.100,0.01,6.100,-0.01,6.100,0.01,6.100,0.06
6.150,5.55E-17,6.150,0.02,6.150,0.00,6.150,0.02,6.150,0.00,6.150,-0.02,6.150,0.00,6.150,0.03,6.150,-0.02,6.150,0.01,6.150,0.00,6.150,0.00,6.150,-0.01,6.150,0.01,6.150,-0.01,6.150,0.00,6.150,0.01,6.150,-0.01,6.150,-0.01,6.150,0.00,6.150,0.01,6.150,0.00,6.150,0.05,6.150,0.05,6.150,0.00,6.150,0.03,6.150,0.02,6.150,0.00,6.150,0.01,6.150,0.03,6.150,0.01,6.150,0.03,6.150,0.01,6.150,0.00,6.150,0.00,6.150,0.01,6.150,-0.02,6.150,0.00,6.150,-0.02,6.150,-0.01,6.150,0.01,6.150,0.07,6.150,0.00,6.150,-0.01,6.150,0.02,6.150,0.00,6.150,-0.01,6.150,-0.01,6.150,-0.01,6.150,0.00,6.150,0.05,6.150,-0.02,6.150,0.01,6.150,-0.03,6.150,0.02,6.150,0.01,6.150,0.01,6.150,0.01,6.150,0.00,6.150,0.01,6.150,-0.01,6.150,0.01,6.150,-0.01,6.150,0.01,6.150,0.08
6.200,0.01,6.200,0.02,6.200,0.01,6.200,0.02,6.200,0.01,6.200,-0.01,6.200,0.00,6.200,0.03,6.200,-0.01,6.200,0.01,6.200,0.01,6.200,0.00,6.200,-0.02,6.200,0.02,6.200,-0.01,6.200,-0.01,6.200,0.01,6.200,-0.01,6.200,-0.01,6.200,0.01,6.200,0.01,6.200,0.00,6.200,0.05,6.200,0.06,6.200,0.00,6.200,0.02,6.200,0.01,6.200,0.03,6.200,0.01,6.200,0.03,6.200,0.00,6.200,0.03,6.200,0.01,6.200,0.01,6.200,0.00,6.200,0.00,6.200,-0.01,6.200,0.00,6.200,-0.01,6.200,0.00,6.200,0.00,6.200,0.11,6.200,0.00,6.200,-0.01,6.200,0.02,6.200,0.00,6.200,0.00,6.200,0.00,6.200,-0.01,6.200,0.00,6.200,0.07,6.200,-0.01,6.200,0.00,6.200,-0.03,6.200,0.01,6.200,0.01,6.200,0.02,6.200,0.00,6.200,0.00,6.200,-0.01,6.200,0.00,6.200,0.01,6.200,0.00,6.200,0.00,6.200,0.20
6.250,-0.01,6.250,0.04,6.250,0.01,6.250,0.03,6.250,0.01,6.250,0.00,6.250,0.00,6.250,0.02,6.250,0.01,6.250,0.00,6.250,0.00,6.250,0.00,6.250,-0.02,6.250,0.01,6.250,-0.01,6.250,-0.01,6.250,0.01,6.250,-0.01,6.250,-0.01,6.250,0.01,6.250,0.01,6.250,0.01,6.250,0.07,6.250,0.07,6.250,0.01,6.250,0.03,6.250,0.01,6.250,0.04,6.250,0.01,6.250,0.03,6.250,0.00,6.250,0.03,6.250,0.00,6.250,0.01,6.250,0.00,6.250,-0.01,6.250,-0.01,6.250,0.00,6.250,0.00,6.250,0.00,6.250,0.01,6.250,0.33,6.250,0.01,6.250,0.00,6.250,0.01,6.250,0.01,6.250,0.00,6.250,-0.01,6.250,0.01,6.250,0.01,6.250,0.08,6.250,-0.01,6.250,0.01,6.250,-0.02,6.250,0.01,6.250,0.01,6.250,0.02,6.250,0.01,6.250,-0.01,6.250,0.00,6.250,0.00,6.250,0.01,6.250,0.01,6.250,0.00,6.250,1.92
6.300,0.00,6.300,0.04,6.300,0.02,6.300,0.03,6.300,0.00,6.300,0.01,6.300,0.00,6.300,0.02,6.300,0.02,6.300,0.01,6.300,0.01,6.300,0.01,6.300,-0.02,6.300,0.01,6.300,0.00,6.300,-0.01,6.300,0.02,6.300,-0.01,6.300,-0.01,6.300,0.02,6.300,0.01,6.300,0.00,6.300,0.09,6.300,0.11,6.300,0.00,6.300,0.04,6.300,0.01,6.300,0.03,6.300,0.00,6.300,0.04,6.300,-0.01,6.300,0.04,6.300,0.01,6.300,0.00,6.300,0.01,6.300,-0.01,6.300,0.00,6.300,0.00,6.300,0.00,6.300,0.00,6.300,0.00,6.300,1.03,6.300,0.01,6.300,-0.01,6.300,0.02,6.300,0.00,6.300,0.01,6.300,0.01,6.300,0.01,6.300,0.01,6.300,0.10,6.300,-0.01,6.300,0.01,6.300,-0.02,6.300,0.01,6.300,0.02,6.300,0.02,6.300,0.01,6.300,0.00,6.300,0.01,6.300,0.01,6.300,0.01,6.300,0.00,6.300,0.01,6.300,1.59
6.350,5.55E-17,6.350,0.06,6.350,0.01,6.350,0.02,6.350,-0.01,6.350,0.01,6.350,0.00,6.350,0.01,6.350,0.03,6.350,0.02,6.350,0.02,6.350,0.01,6.350,-0.02,6.350,0.01,6.350,0.00,6.350,0.01,6.350,0.00,6.350,0.00,6.350,0.00,6.350,0.01,6.350,0.02,6.350,0.00,6.350,0.12,6.350,0.22,6.350,0.01,6.350,0.04,6.350,0.00,6.350,0.04,6.350,0.01,6.350,0.05,6.350,0.00,6.350,0.04,6.350,0.01,6.350,0.00,6.350,0.00,6.350,0.00,6.350,0.00,6.350,-0.01,6.350,0.00,6.350,-0.01,6.350,0.01,6.350,1.18,6.350,0.01,6.350,-0.01,6.350,0.01,6.350,0.00,6.350,0.00,6.350,0.00,6.350,0.01,6.350,0.01,6.350,0.17,6.350,-0.01,6.350,0.00,6.350,-0.02,6.350,0.01,6.350,0.02,6.350,0.01,6.350,0.01,6.350,-0.01,6.350,0.00,6.350,0.01,6.350,0.01,6.350,0.01,6.350,0.01,6.350,1.64
6.400,0.01,6.400,0.10,6.400,0.01,6.400,0.01,6.400,0.00,6.400,0.00,6.400,-0.01,6.400,0.01,6.400,0.03,6.400,0.01,6.400,0.02,6.400,0.01,6.400,-0.02,6.400,0.00,6.400,0.00,6.400,-0.01,6.400,0.00,6.400,-0.02,6.400,0.01,6.400,0.02,6.400,0.01,6.400,0.01,6.400,0.27,6.400,0.43,6.400,-0.01,6.400,0.02,6.400,0.02,6.400,0.05,6.400,0.01,6.400,0.06,6.400,0.01,6.400,0.06,6.400,0.01,6.400,0.00,6.400,0.01,6.400,0.01,6.400,0.00,6.400,0.00,6.400,0.00,6.400,0.00,6.400,0.01,6.400,1.19,6.400,0.01,6.400,0.00,6.400,0.01,6.400,0.01,6.400,0.01,6.400,-0.01,6.400,0.00,6.400,0.01,6.400,0.30,6.400,-0.02,6.400,0.01,6.400,0.00,6.400,0.01,6.400,0.02,6.400,0.02,6.400,0.01,6.400,-0.01,6.400,0.01,6.400,0.02,6.400,0.02,6.400,0.01,6.400,0.02,6.400,2.09
6.450,0.02,6.450,0.51,6.450,0.00,6.450,0.01,6.450,0.00,6.450,0.02,6.450,0.01,6.450,0.01,6.450,0.03,6.450,0.01,6.450,0.02,6.450,0.01,6.450,-0.02,6.450,0.00,6.450,0.00,6.450,0.01,6.450,0.01,6.450,-0.01,6.450,0.00,6.450,0.03,6.450,0.02,6.450,0.00,6.450,1.13,6.450,0.78,6.450,0.00,6.450,0.03,6.450,0.01,6.450,0.06,6.450,0.00,6.450,0.07,6.450,0.01,6.450,0.07,6.450,0.01,6.450,0.01,6.450,0.01,6.450,0.01,6.450,0.00,6.450,0.00,6.450,0.02,6.450,0.00,6.450,0.01,6.450,1.27,6.450,0.02,6.450,-0.01,6.450,0.02,6.450,0.01,6.450,0.02,6.450,-0.01,6.450,0.01,6.450,0.01,6.450,0.41,6.450,-0.01,6.450,0.00,6.450,-0.01,6.450,0.01,6.450,0.02,6.450,0.02,6.450,0.02,6.450,-0.01,6.450,0.00,6.450,0.02,6.450,0.01,6.450,0.02,6.450,0.00,6.450,1.95
6.500,0.03,6.500,1.38,6.500,0.00,6.500,0.01,6.500,0.00,6.500,0.02,6.500,0.02,6.500,0.01,6.500,0.05,6.500,-0.01,6.500,0.02,6.500,0.02,6.500,0.00,6.500,0.01,6.500,0.00,6.500,0.01,6.500,0.02,6.500,0.01,6.500,-0.01,6.500,0.04,6.500,0.02,6.500,0.00,6.500,0.55,6.500,0.54,6.500,0.01,6.500,0.03,6.500,0.02,6.500,0.14,6.500,0.01,6.500,0.11,6.500,0.00,6.500,0.07,6.500,0.00,6.500,0.02,6.500,0.01,6.500,0.01,6.500,0.00,6.500,0.00,6.500,0.01,6.500,0.00,6.500,0.01,6.500,1.41,6.500,0.01,6.500,0.00,6.500,0.01,6.500,0.02,6.500,0.04,6.500,-0.01,6.500,0.01,6.500,0.02,6.500,0.47,6.500,-0.02,6.500,0.01,6.500,-0.01,6.500,0.01,6.500,0.02,6.500,0.02,6.500,0.02,6.500,-0.01,6.500,0.00,6.500,0.04,6.500,0.01,6.500,0.04,6.500,0.01,6.500,2.30
6.550,0.03,6.550,2.02,6.550,0.01,6.550,0.02,6.550,0.00,6.550,0.01,6.550,0.03,6.550,0.02,6.550,0.06,6.550,0.01,6.550,0.03,6.550,0.01,6.550,0.01,6.550,0.01,6.550,0.00,6.550,0.01,6.550,0.02,6.550,0.02,6.550,0.00,6.550,0.06,6.550,0.02,6.550,0.00,6.550,0.07,6.550,0.07,6.550,0.00,6.550,0.03,6.550,0.01,6.550,1.14,6.550,0.00,6.550,0.33,6.550,0.00,6.550,0.09,6.550,0.01,6.550,0.02,6.550,0.00,6.550,0.01,6.550,-0.01,6.550,0.00,6.550,0.01,6.550,0.00,6.550,0.01,6.550,1.58,6.550,0.01,6.550,0.00,6.550,0.00,6.550,0.02,6.550,-0.01,6.550,-0.01,6.550,0.01,6.550,0.01,6.550,0.56,6.550,-0.01,6.550,0.02,6.550,-0.01,6.550,0.02,6.550,0.01,6.550,0.02,6.550,0.02,6.550,-0.01,6.550,0.00,6.550,0.05,6.550,0.01,6.550,0.04,6.550,0.00,6.550,2.80
6.600,0.05,6.600,0.04,6.600,0.02,6.600,0.04,6.600,0.00,6.600,0.02,6.600,0.04,6.600,0.02,6.600,0.07,6.600,0.01,6.600,0.03,6.600,0.02,6.600,0.02,6.600,0.01,6.600,0.00,6.600,0.00,6.600,0.01,6.600,0.01,6.600,0.00,6.600,0.08,6.600,0.02,6.600,0.01,6.600,0.03,6.600,0.05,6.600,-0.01,6.600,0.04,6.600,0.01,6.600,0.13,6.600,0.01,6.600,0.14,6.600,0.00,6.600,0.12,6.600,0.00,6.600,0.01,6.600,0.00,6.600,0.01,6.600,0.00,6.600,0.01,6.600,0.01,6.600,0.01,6.600,0.01,6.600,1.83,6.600,0.00,6.600,0.00,6.600,0.02,6.600,0.03,6.600,0.01,6.600,-0.02,6.600,0.00,6.600,0.01,6.600,0.66,6.600,-0.02,6.600,0.01,6.600,0.00,6.600,0.01,6.600,0.02,6.600,0.03,6.600,0.01,6.600,-0.01,6.600,-0.01,6.600,0.08,6.600,0.02,6.600,0.06,6.600,0.00,6.600,2.59
6.650,0.04,6.650,0.06,6.650,0.01,6.650,0.05,6.650,0.00,6.650,0.02,6.650,0.05,6.650,0.01,6.650,0.11,6.650,0.01,6.650,0.03,6.650,0.02,6.650,0.02,6.650,0.00,6.650,-0.01,6.650,0.00,6.650,0.01,6.650,0.01,6.650,0.00,6.650,0.09,6.650,0.02,6.650,0.01,6.650,-0.01,6.650,-0.01,6.650,-0.01,6.650,0.04,6.650,0.01,6.650,0.06,6.650,0.01,6.650,0.08,6.650,0.00,6.650,0.26,6.650,0.00,6.650,0.01,6.650,0.01,6.650,0.01,6.650,-0.01,6.650,0.01,6.650,0.03,6.650,-0.01,6.650,0.00,6.650,2.09,6.650,0.01,6.650,-0.01,6.650,0.02,6.650,0.05,6.650,0.01,6.650,-0.02,6.650,0.01,6.650,0.01,6.650,0.69,6.650,-0.02,6.650,0.01,6.650,-0.01,6.650,0.02,6.650,0.01,6.650,0.02,6.650,0.01,6.650,0.00,6.650,-0.01,6.650,0.09,6.650,0.01,6.650,0.08,6.650,-0.01,6.650,3.14
6.700,0.06,6.700,-0.01,6.700,0.01,6.700,0.07,6.700,-0.01,6.700,0.02,6.700,0.06,6.700,0.02,6.700,0.18,6.700,0.02,6.700,0.04,6.700,0.02,6.700,0.01,6.700,0.01,6.700,0.00,6.700,0.01,6.700,0.00,6.700,0.02,6.700,0.01,6.700,0.15,6.700,0.02,6.700,0.00,6.700,0.00,6.700,0.00,6.700,0.00,6.700,0.06,6.700,0.02,6.700,-0.01,6.700,0.01,6.700,0.00,6.700,0.01,6.700,0.76,6.700,-0.01,6.700,0.00,6.700,0.02,6.700,0.00,6.700,0.00,6.700,-0.01,6.700,0.04,6.700,-0.01,6.700,0.00,6.700,2.39,6.700,0.00,6.700,0.01,6.700,0.02,6.700,0.05,6.700,0.01,6.700,-0.01,6.700,0.02,6.700,0.01,6.700,0.71,6.700,-0.02,6.700,0.00,6.700,-0.01,6.700,0.01,6.700,0.01,6.700,0.02,6.700,0.01,6.700,0.01,6.700,0.00,6.700,0.11,6.700,0.02,6.700,0.49,6.700,0.00,6.700,3.47
6.750,0.11,6.750,0.00,6.750,0.01,6.750,0.13,6.750,0.00,6.750,0.02,6.750,0.08,6.750,0.03,6.750,0.53,6.750,0.01,6.750,0.05,6.750,0.02,6.750,0.03,6.750,0.00,6.750,-0.01,6.750,0.01,6.750,0.00,6.750,0.02,6.750,0.00,6.750,0.32,6.750,0.02,6.750,0.01,6.750,0.00,6.750,0.00,6.750,0.00,6.750,0.09,6.750,0.02,6.750,0.01,6.750,0.00,6.750,-0.01,6.750,0.01,6.750,1.29,6.750,-0.01,6.750,0.00,6.750,0.04,6.750,0.00,6.750,0.00,6.750,-0.01,6.750,0.06,6.750,-0.01,6.750,0.01,6.750,2.63,6.750,0.01,6.750,0.01,6.750,0.01,6.750,0.05,6.750,0.00,6.750,-0.02,6.750,0.03,6.750,0.01,6.750,0.71,6.750,-0.01,6.750,0.02,6.750,0.00,6.750,0.02,6.750,0.02,6.750,0.01,6.750,0.01,6.750,0.00,6.750,0.00,6.750,0.11,6.750,0.00,6.750,3.02,6.750,-0.01,6.750,3.06
6.800,0.26,6.800,-0.01,6.800,0.01,6.800,0.23,6.800,0.00,6.800,0.05,6.800,0.11,6.800,0.03,6.800,0.29,6.800,-0.01,6.800,0.06,6.800,0.01,6.800,0.04,6.800,0.01,6.800,0.00,6.800,0.02,6.800,0.01,6.800,0.03,6.800,0.01,6.800,0.33,6.800,0.02,6.800,0.01,6.800,-0.01,6.800,0.00,6.800,0.00,6.800,0.14,6.800,0.00,6.800,0.00,6.800,0.00,6.800,-0.01,6.800,0.00,6.800,1.67,6.800,-0.01,6.800,-0.01,6.800,0.04,6.800,0.00,6.800,0.02,6.800,0.00,6.800,0.09,6.800,-0.01,6.800,0.00,6.800,2.69,6.800,0.01,6.800,0.02,6.800,0.01,6.800,0.06,6.800,0.01,6.800,-0.02,6.800,0.01,6.800,0.01,6.800,0.78,6.800,0.00,6.800,0.02,6.800,0.00,6.800,0.02,6.800,0.01,6.800,0.01,6.800,0.00,6.800,0.01,6.800,0.00,6.800,0.12,6.800,0.02,6.800,2.94,6.800,0.00,6.800,4.37
6.850,0.78,6.850,-0.01,6.850,0.03,6.850,0.55,6.850,0.00,6.850,0.08,6.850,0.26,6.850,0.02,6.850,0.06,6.850,0.00,6.850,0.09,6.850,0.03,6.850,0.06,6.850,0.00,6.850,0.00,6.850,0.02,6.850,0.01,6.850,0.04,6.850,0.00,6.850,0.07,6.850,0.02,6.850,0.02,6.850,-0.01,6.850,0.00,6.850,0.00,6.850,0.29,6.850,0.01,6.850,0.01,6.850,0.01,6.850,0.00,6.850,0.01,6.850,1.89,6.850,-0.01,6.850,-0.01,6.850,0.04,6.850,0.00,6.850,0.02,6.850,0.00,6.850,0.10,6.850,-0.01,6.850,0.01,6.850,2.72,6.850,0.01,6.850,0.02,6.850,0.01,6.850,0.07,6.850,0.01,6.850,-0.01,6.850,0.02,6.850,0.01,6.850,0.88,6.850,0.00,6.850,0.02,6.850,0.00,6.850,0.02,6.850,0.02,6.850,0.01,6.850,0.00,6.850,0.01,6.850,0.00,6.850,0.12,6.850,0.02,6.850,3.12,6.850,0.00,6.850,5.04
6.900,1.16,6.900,-0.01,6.900,0.02,6.900,0.13,6.900,0.01,6.900,0.15,6.900,0.71,6.900,0.03,6.900,0.00,6.900,0.00,6.900,0.19,6.900,0.03,6.900,0.14,6.900,0.00,6.900,0.00,6.900,0.02,6.900,0.01,6.900,0.05,6.900,0.01,6.900,0.01,6.900,0.02,6.900,0.02,6.900,0.00,6.900,-0.01,6.900,0.01,6.900,0.62,6.900,0.01,6.900,-0.01,6.900,0.01,6.900,0.00,6.900,0.01,6.900,2.02,6.900,-0.01,6.900,-0.01,6.900,0.06,6.900,0.00,6.900,0.05,6.900,0.00,6.900,0.12,6.900,-0.01,6.900,0.01,6.900,2.78,6.900,0.01,6.900,0.02,6.900,0.01,6.900,0.08,6.900,0.01,6.900,-0.02,6.900,0.01,6.900,-0.01,6.900,0.88,6.900,0.00,6.900,0.03,6.900,0.01,6.900,0.02,6.900,0.01,6.900,0.02,6.900,0.01,6.900,0.01,6.900,-0.01,6.900,0.12,6.900,0.01,6.900,4.19,6.900,0.00,6.900,4.48
6.950,1.39,6.950,0.00,6.950,0.04,6.950,0.05,6.950,0.01,6.950,0.48,6.950,1.13,6.950,0.02,6.950,0.01,6.950,0.00,6.950,0.32,6.950,0.03,6.950,0.31,6.950,0.01,6.950,0.01,6.950,0.03,6.950,0.01,6.950,0.08,6.950,0.01,6.950,-0.01,6.950,0.01,6.950,0.02,6.950,-0.01,6.950,-0.01,6.950,0.00,6.950,0.89,6.950,0.00,6.950,0.00,6.950,0.00,6.950,0.00,6.950,0.00,6.950,2.24,6.950,0.00,6.950,0.01,6.950,0.07,6.950,0.01,6.950,0.09,6.950,-0.01,6.950,0.10,6.950,-0.01,6.950,0.01,6.950,1.23,6.950,0.02,6.950,0.03,6.950,0.02,6.950,0.09,6.950,0.01,6.950,-0.01,6.950,0.01,6.950,0.00,6.950,0.95,6.950,0.01,6.950,0.03,6.950,0.01,6.950,0.01,6.950,0.01,6.950,0.04,6.950,0.02,6.950,0.01,6.950,-0.01,6.950,0.13,6.950,0.02,6.950,4.45,6.950,-0.01,6.950,4.47
7.000,1.40,7.000,-0.01,7.000,0.04,7.000,-0.02,7.000,0.00,7.000,0.90,7.000,1.25,7.000,0.03,7.000,0.01,7.000,0.00,7.000,0.64,7.000,0.03,7.000,0.58,7.000,0.01,7.000,0.00,7.000,0.04,7.000,0.01,7.000,0.20,7.000,0.01,7.000,0.00,7.000,0.01,7.000,0.01,7.000,0.00,7.000,0.01,7.000,-0.01,7.000,0.91,7.000,0.00,7.000,0.00,7.000,0.00,7.000,0.00,7.000,0.01,7.000,2.60,7.000,0.00,7.000,0.00,7.000,0.08,7.000,0.01,7.000,0.58,7.000,0.00,7.000,0.08,7.000,0.00,7.000,0.02,7.000,0.08,7.000,0.00,7.000,0.04,7.000,0.01,7.000,0.12,7.000,0.02,7.000,-0.01,7.000,0.01,7.000,0.01,7.000,1.00,7.000,0.00,7.000,0.03,7.000,0.02,7.000,0.02,7.000,0.02,7.000,0.03,7.000,0.00,7.000,0.01,7.000,-0.02,7.000,0.05,7.000,0.02,7.000,3.20,7.000,-0.01,7.000,4.41
7.050,1.50,7.050,2.78E-17,7.050,0.05,7.050,-0.01,7.050,0.00,7.050,1.25,7.050,1.71,7.050,0.02,7.050,0.01,7.050,0.00,7.050,0.51,7.050,0.03,7.050,1.02,7.050,0.01,7.050,0.00,7.050,0.04,7.050,0.03,7.050,1.07,7.050,0.00,7.050,0.00,7.050,0.02,7.050,0.03,7.050,-0.01,7.050,0.00,7.050,0.00,7.050,0.89,7.050,0.01,7.050,0.00,7.050,0.02,7.050,-0.01,7.050,0.02,7.050,0.41,7.050,-0.01,7.050,0.00,7.050,0.10,7.050,0.00,7.050,2.28,7.050,0.01,7.050,0.05,7.050,0.00,7.050,0.01,7.050,0.04,7.050,0.01,7.050,0.04,7.050,0.02,7.050,0.15,7.050,0.01,7.050,-0.02,7.050,0.01,7.050,0.00,7.050,0.98,7.050,-0.01,7.050,0.03,7.050,0.01,7.050,0.01,7.050,0.02,7.050,0.03,7.050,0.00,7.050,0.02,7.050,-0.01,7.050,0.03,7.050,0.02,7.050,0.07,7.050,0.00,7.050,2.16
7.100,1.63,7.100,0.00,7.100,0.07,7.100,-0.01,7.100,0.00,7.100,1.72,7.100,1.80,7.100,0.02,7.100,0.01,7.100,0.00,7.100,0.89,7.100,0.03,7.100,0.94,7.100,0.01,7.100,0.00,7.100,0.05,7.100,0.04,7.100,0.06,7.100,0.01,7.100,0.01,7.100,0.02,7.100,0.03,7.100,0.00,7.100,0.00,7.100,0.00,7.100,0.96,7.100,0.01,7.100,0.01,7.100,0.01,7.100,0.00,7.100,0.02,7.100,0.07,7.100,0.00,7.100,0.01,7.100,0.14,7.100,0.01,7.100,0.07,7.100,0.00,7.100,0.05,7.100,-0.01,7.100,0.00,7.100,-0.02,7.100,0.01,7.100,0.06,7.100,0.02,7.100,0.25,7.100,0.01,7.100,-0.02,7.100,0.01,7.100,0.01,7.100,1.14,7.100,0.00,7.100,0.04,7.100,0.02,7.100,0.02,7.100,0.01,7.100,0.03,7.100,0.01,7.100,0.01,7.100,0.01,7.100,0.00,7.100,0.02,7.100,0.04,7.100,0.01,7.100,0.06
7.150,1.76,7.150,0.00,7.150,0.10,7.150,-0.02,7.150,0.00,7.150,2.12,7.150,2.08,7.150,0.02,7.150,0.01,7.150,0.01,7.150,1.13,7.150,0.05,7.150,0.04,7.150,0.01,7.150,0.01,7.150,0.07,7.150,0.03,7.150,-0.02,7.150,-0.01,7.150,0.00,7.150,0.04,7.150,0.04,7.150,-0.01,7.150,-0.01,7.150,0.02,7.150,1.00,7.150,0.00,7.150,0.01,7.150,0.01,7.150,0.00,7.150,0.01,7.150,0.00,7.150,0.00,7.150,-0.01,7.150,0.31,7.150,0.00,7.150,0.03,7.150,-0.01,7.150,0.05,7.150,-0.01,7.150,0.01,7.150,-0.01,7.150,0.01,7.150,0.07,7.150,0.03,7.150,0.53,7.150,0.01,7.150,-0.02,7.150,0.01,7.150,0.02,7.150,1.39,7.150,-0.01,7.150,0.05,7.150,0.02,7.150,0.02,7.150,0.02,7.150,0.02,7.150,0.01,7.150,0.01,7.150,0.01,7.150,-0.01,7.150,0.03,7.150,0.00,7.150,0.00,7.150,0.04
7.200,1.83,7.200,0.01,7.200,0.11,7.200,-0.02,7.200,0.00,7.200,2.56,7.200,2.25,7.200,0.01,7.200,0.01,7.200,0.01,7.200,1.59,7.200,0.06,7.200,0.00,7.200,0.00,7.200,0.01,7.200,0.09,7.200,0.04,7.200,-0.02,7.200,-0.01,7.200,0.00,7.200,0.03,7.200,0.05,7.200,0.00,7.200,-0.01,7.200,0.03,7.200,0.88,7.200,0.00,7.200,0.00,7.200,0.01,7.200,-0.01,7.200,0.00,7.200,-0.01,7.200,0.00,7.200,-0.01,7.200,0.37,7.200,0.00,7.200,-0.02,7.200,0.00,7.200,0.05,7.200,-0.01,7.200,0.00,7.200,-0.01,7.200,0.00,7.200,0.16,7.200,0.04,7.200,1.03,7.200,0.01,7.200,-0.02,7.200,0.01,7.200,0.01,7.200,1.61,7.200,-0.01,7.200,0.07,7.200,0.03,7.200,0.01,7.200,0.01,7.200,0.02,7.200,0.01,7.200,0.01,7.200,0.00,7.200,-0.01,7.200,0.01,7.200,-0.01,7.200,0.01,7.200,-0.01
7.250,1.95,7.250,0.00,7.250,0.17,7.250,-0.02,7.250,-0.01,7.250,0.03,7.250,0.22,7.250,0.01,7.250,0.01,7.250,0.01,7.250,2.06,7.250,0.06,7.250,-0.03,7.250,0.00,7.250,0.01,7.250,0.22,7.250,0.04,7.250,-0.02,7.250,-0.01,7.250,0.01,7.250,0.03,7.250,0.08,7.250,0.00,7.250,0.00,7.250,0.03,7.250,0.83,7.250,0.01,7.250,0.00,7.250,0.01,7.250,0.00,7.250,0.01,7.250,-0.01,7.250,-0.01,7.250,-0.01,7.250,0.08,7.250,0.00,7.250,-0.01,7.250,-0.01,7.250,0.04,7.250,0.00,7.250,0.01,7.250,-0.02,7.250,0.01,7.250,0.47,7.250,0.04,7.250,1.31,7.250,0.01,7.250,-0.01,7.250,0.00,7.250,0.00,7.250,1.88,7.250,-0.02,7.250,0.08,7.250,0.04,7.250,0.02,7.250,0.01,7.250,0.03,7.250,0.00,7.250,0.01,7.250,0.00,7.250,-0.01,7.250,0.02,7.250,0.00,7.250,0.00,7.250,-0.02
7.300,2.13,7.300,0.01,7.300,0.16,7.300,-0.01,7.300,-0.01,7.300,0.04,7.300,0.05,7.300,0.02,7.300,0.00,7.300,0.01,7.300,2.24,7.300,0.08,7.300,-0.02,7.300,0.00,7.300,0.02,7.300,0.80,7.300,0.05,7.300,0.00,7.300,0.00,7.300,0.01,7.300,0.04,7.300,0.16,7.300,-0.01,7.300,-0.01,7.300,0.03,7.300,0.81,7.300,0.01,7.300,0.00,7.300,0.01,7.300,-0.01,7.300,0.00,7.300,0.00,7.300,0.00,7.300,-0.01,7.300,0.02,7.300,0.00,7.300,-0.01,7.300,0.01,7.300,0.04,7.300,0.01,7.300,0.02,7.300,-0.01,7.300,0.00,7.300,0.80,7.300,0.05,7.300,1.58,7.300,0.00,7.300,-0.01,7.300,0.01,7.300,0.01,7.300,2.09,7.300,-0.01,7.300,0.09,7.300,0.05,7.300,0.01,7.300,0.01,7.300,0.03,7.300,0.00,7.300,0.01,7.300,0.00,7.300,-0.01,7.300,0.01,7.300,0.00,7.300,0.00,7.300,-0.02
7.350,2.17,7.350,0.01,7.350,0.13,7.350,-0.01,7.350,0.01,7.350,-0.02,7.350,-0.01,7.350,0.02,7.350,0.00,7.350,0.01,7.350,2.41,7.350,0.10,7.350,-0.02,7.350,0.00,7.350,0.04,7.350,1.39,7.350,0.06,7.350,0.00,7.350,0.00,7.350,0.01,7.350,0.04,7.350,0.93,7.350,0.00,7.350,-0.01,7.350,0.04,7.350,0.85,7.350,0.00,7.350,0.00,7.350,0.01,7.350,0.00,7.350,0.01,7.350,0.01,7.350,0.00,7.350,0.00,7.350,-0.01,7.350,0.00,7.350,-0.01,7.350,0.00,7.350,0.05,7.350,0.01,7.350,0.02,7.350,-0.02,7.350,0.01,7.350,0.20,7.350,0.04,7.350,1.71,7.350,0.01,7.350,-0.02,7.350,0.00,7.350,0.00,7.350,2.06,7.350,-0.02,7.350,0.11,7.350,0.06,7.350,0.00,7.350,0.02,7.350,0.05,7.350,0.01,7.350,0.01,7.350,0.01,7.350,-0.01,7.350,0.01,7.350,-0.01,7.350,0.01,7.350,-0.01
7.400,2.32,7.400,0.01,7.400,0.12,7.400,0.00,7.400,0.01,7.400,-0.02,7.400,-0.02,7.400,0.02,7.400,0.01,7.400,0.01,7.400,2.73,7.400,0.14,7.400,-0.02,7.400,0.01,7.400,0.04,7.400,1.54,7.400,0.06,7.400,0.00,7.400,0.00,7.400,0.00,7.400,0.05,7.400,2.36,7.400,0.00,7.400,0.01,7.400,0.08,7.400,0.92,7.400,0.00,7.400,0.00,7.400,0.01,7.400,0.01,7.400,0.00,7.400,0.00,7.400,0.00,7.400,0.01,7.400,-0.01,7.400,0.00,7.400,-0.01,7.400,0.00,7.400,0.05,7.400,0.01,7.400,0.04,7.400,-0.02,7.400,0.01,7.400,0.06,7.400,0.05,7.400,1.92,7.400,0.02,7.400,-0.01,7.400,0.01,7.400,0.01,7.400,2.10,7.400,-0.02,7.400,0.16,7.400,0.06,7.400,0.01,7.400,0.02,7.400,0.08,7.400,0.01,7.400,0.01,7.400,0.00,7.400,-0.01,7.400,0.02,7.400,0.01,7.400,0.02,7.400,-0.01
7.450,2.33,7.450,0.00,7.450,0.13,7.450,-0.01,7.450,0.01,7.450,-0.03,7.450,0.00,7.450,0.02,7.450,0.01,7.450,0.01,7.450,2.81,7.450,0.28,7.450,-0.03,7.450,0.00,7.450,0.04,7.450,1.59,7.450,0.09,7.450,-0.01,7.450,-0.01,7.450,0.01,7.450,0.05,7.450,0.78,7.450,-0.01,7.450,0.00,7.450,0.22,7.450,0.92,7.450,0.01,7.450,0.00,7.450,0.01,7.450,0.00,7.450,0.01,7.450,0.00,7.450,0.00,7.450,0.00,7.450,-0.01,7.450,0.00,7.450,-0.01,7.450,0.00,7.450,0.06,7.450,0.00,7.450,0.04,7.450,-0.01,7.450,0.00,7.450,0.00,7.450,0.04,7.450,2.29,7.450,0.02,7.450,-0.01,7.450,0.01,7.450,0.01,7.450,2.04,7.450,-0.02,7.450,0.49,7.450,0.08,7.450,0.01,7.450,0.02,7.450,0.15,7.450,0.01,7.450,0.01,7.450,0.01,7.450,-0.01,7.450,0.02,7.450,-0.01,7.450,0.03,7.450,-0.01
7.500,2.66,7.500,2.78E-17,7.500,0.11,7.500,0.00,7.500,0.01,7.500,-0.02,7.500,-0.01,7.500,0.02,7.500,0.01,7.500,0.01,7.500,2.96,7.500,0.61,7.500,-0.02,7.500,0.01,7.500,0.04,7.500,1.70,7.500,0.13,7.500,0.00,7.500,-0.01,7.500,0.00,7.500,0.07,7.500,0.06,7.500,0.01,7.500,0.01,7.500,0.09,7.500,0.68,7.500,0.00,7.500,0.01,7.500,0.02,7.500,0.01,7.500,0.01,7.500,0.00,7.500,0.00,7.500,0.01,7.500,0.00,7.500,0.01,7.500,-0.01,7.500,-0.01,7.500,0.06,7.500,0.00,7.500,0.03,7.500,-0.01,7.500,0.00,7.500,0.00,7.500,0.05,7.500,2.47,7.500,0.02,7.500,-0.01,7.500,0.00,7.500,0.01,7.500,0.06,7.500,0.00,7.500,1.22,7.500,0.07,7.500,0.01,7.500,0.02,7.500,0.60,7.500,0.01,7.500,0.01,7.500,0.00,7.500,-0.02,7.500,0.01,7.500,-0.01,7.500,0.04,7.500,-0.01
7.550,0.05,7.550,-0.01,7.550,0.12,7.550,-0.01,7.550,0.02,7.550,-0.02,7.550,-0.01,7.550,0.02,7.550,0.00,7.550,0.01,7.550,0.17,7.550,1.05,7.550,-0.01,7.550,0.01,7.550,0.04,7.550,1.86,7.550,0.25,7.550,-0.01,7.550,-0.02,7.550,0.00,7.550,0.09,7.550,0.01,7.550,0.00,7.550,0.00,7.550,0.07,7.550,0.61,7.550,0.00,7.550,0.01,7.550,0.00,7.550,0.00,7.550,0.00,7.550,0.01,7.550,0.01,7.550,0.00,7.550,0.00,7.550,0.01,7.550,-0.01,7.550,-0.01,7.550,0.09,7.550,0.01,7.550,0.04,7.550,-0.02,7.550,0.01,7.550,0.00,7.550,0.06,7.550,2.66,7.550,0.04,7.550,-0.02,7.550,-0.01,7.550,0.00,7.550,0.04,7.550,0.00,7.550,1.26,7.550,0.09,7.550,0.01,7.550,0.01,7.550,1.52,7.550,0.00,7.550,0.03,7.550,0.00,7.550,-0.01,7.550,0.01,7.550,0.00,7.550,0.04,7.550,0.00
7.600,0.01,7.600,-0.01,7.600,0.12,7.600,-0.01,7.600,0.03,7.600,-0.02,7.600,-0.02,7.600,0.04,7.600,0.01,7.600,0.01,7.600,0.05,7.600,1.43,7.600,-0.02,7.600,0.01,7.600,0.05,7.600,2.00,7.600,0.41,7.600,-0.01,7.600,-0.02,7.600,0.01,7.600,0.13,7.600,-0.03,7.600,0.00,7.600,0.01,7.600,-0.01,7.600,0.60,7.600,0.00,7.600,0.01,7.600,0.00,7.600,0.00,7.600,0.00,7.600,0.01,7.600,0.00,7.600,-0.01,7.600,0.01,7.600,0.01,7.600,-0.01,7.600,0.01,7.600,0.11,7.600,0.01,7.600,0.06,7.600,-0.01,7.600,0.02,7.600,0.01,7.600,0.06,7.600,2.95,7.600,0.03,7.600,-0.01,7.600,0.00,7.600,0.01,7.600,-0.02,7.600,-0.01,7.600,1.17,7.600,0.10,7.600,0.01,7.600,0.02,7.600,1.57,7.600,0.01,7.600,0.03,7.600,0.00,7.600,-0.02,7.600,0.01,7.600,-0.01,7.600,0.05,7.600,-0.01
7.650,-0.02,7.650,-0.01,7.650,0.12,7.650,-0.01,7.650,0.03,7.650,-0.03,7.650,-0.01,7.650,0.04,7.650,0.01,7.650,0.01,7.650,-0.02,7.650,1.55,7.650,-0.01,7.650,0.01,7.650,0.04,7.650,2.11,7.650,0.59,7.650,0.00,7.650,-0.01,7.650,0.01,7.650,0.22,7.650,-0.02,7.650,-0.01,7.650,0.01,7.650,-0.03,7.650,0.65,7.650,-0.01,7.650,0.01,7.650,0.01,7.650,0.00,7.650,0.00,7.650,0.01,7.650,0.01,7.650,0.00,7.650,0.01,7.650,0.01,7.650,-0.02,7.650,0.00,7.650,0.23,7.650,0.01,7.650,0.08,7.650,-0.01,7.650,0.02,7.650,0.00,7.650,0.07,7.650,3.12,7.650,0.04,7.650,-0.01,7.650,-0.01,7.650,0.01,7.650,0.00,7.650,-0.01,7.650,1.06,7.650,0.15,7.650,0.01,7.650,0.01,7.650,1.75,7.650,0.01,7.650,0.05,7.650,0.01,7.650,-0.02,7.650,0.02,7.650,-0.02,7.650,0.05,7.650,-0.01
7.700,0.01,7.700,0.00,7.700,0.10,7.700,-0.01,7.700,0.03,7.700,-0.02,7.700,-0.01,7.700,0.06,7.700,0.01,7.700,0.01,7.700,-0.01,7.700,1.83,7.700,-0.02,7.700,0.01,7.700,0.05,7.700,2.28,7.700,1.07,7.700,0.00,7.700,-0.01,7.700,0.00,7.700,0.57,7.700,-0.02,7.700,-0.01,7.700,0.00,7.700,-0.02,7.700,0.75,7.700,-0.01,7.700,0.00,7.700,0.01,7.700,0.00,7.700,0.00,7.700,0.01,7.700,0.00,7.700,-0.01,7.700,0.01,7.700,0.01,7.700,-0.01,7.700,0.00,7.700,0.62,7.700,0.01,7.700,0.19,7.700,-0.01,7.700,0.02,7.700,-0.01,7.700,0.08,7.700,3.34,7.700,0.05,7.700,-0.01,7.700,0.00,7.700,0.01,7.700,0.00,7.700,-0.01,7.700,1.02,7.700,0.29,7.700,0.02,7.700,0.01,7.700,2.23,7.700,0.01,7.700,0.05,7.700,0.01,7.700,-0.01,7.700,0.01,7.700,-0.01,7.700,0.08,7.700,-0.01
7.750,0.01,7.750,-0.01,7.750,0.11,7.750,-0.02,7.750,0.05,7.750,-0.02,7.750,0.00,7.750,0.07,7.750,0.00,7.750,0.02,7.750,-0.01,7.750,2.07,7.750,-0.01,7.750,0.02,7.750,0.05,7.750,2.39,7.750,1.75,7.750,0.00,7.750,-0.01,7.750,0.00,7.750,1.33,7.750,-0.01,7.750,-0.01,7.750,-0.01,7.750,-0.03,7.750,0.98,7.750,-0.01,7.750,0.01,7.750,0.01,7.750,-0.01,7.750,0.00,7.750,0.01,7.750,0.01,7.750,-0.01,7.750,-0.01,7.750,0.01,7.750,-0.03,7.750,-0.01,7.750,0.45,7.750,0.01,7.750,0.83,7.750,-0.01,7.750,0.03,7.750,0.00,7.750,0.10,7.750,3.43,7.750,0.06,7.750,0.00,7.750,0.00,7.750,0.00,7.750,0.00,7.750,-0.02,7.750,1.05,7.750,0.58,7.750,0.01,7.750,0.01,7.750,2.60,7.750,0.01,7.750,0.07,7.750,0.00,7.750,-0.01,7.750,0.01,7.750,-0.01,7.750,0.17,7.750,0.00
7.800,-0.01,7.800,0.00,7.800,0.08,7.800,-0.02,7.800,0.07,7.800,-0.02,7.800,0.00,7.800,0.10,7.800,0.00,7.800,0.02,7.800,-0.01,7.800,2.11,7.800,-0.02,7.800,0.02,7.800,0.06,7.800,2.47,7.800,2.31,7.800,-0.01,7.800,-0.01,7.800,-0.01,7.800,1.77,7.800,-0.01,7.800,0.00,7.800,0.01,7.800,-0.02,7.800,1.40,7.800,-0.01,7.800,0.01,7.800,0.00,7.800,0.01,7.800,0.00,7.800,0.01,7.800,0.00,7.800,0.01,7.800,-0.01,7.800,0.00,7.800,-0.02,7.800,0.00,7.800,0.07,7.800,0.01,7.800,1.66,7.800,-0.02,7.800,0.03,7.800,0.00,7.800,0.12,7.800,0.79,7.800,0.05,7.800,0.01,7.800,0.01,7.800,0.01,7.800,0.00,7.800,-0.02,7.800,1.15,7.800,0.66,7.800,0.01,7.800,0.01,7.800,3.14,7.800,0.00,7.800,0.08,7.800,0.01,7.800,-0.01,7.800,0.01,7.800,-0.01,7.800,0.66,7.800,0.00
7.850,-0.01,7.850,0.00,7.850,0.08,7.850,-0.01,7.850,0.20,7.850,-0.02,7.850,-0.01,7.850,0.21,7.850,0.00,7.850,0.02,7.850,-0.02,7.850,2.07,7.850,-0.01,7.850,0.01,7.850,0.08,7.850,2.47,7.850,0.43,7.850,0.00,7.850,-0.01,7.850,-0.01,7.850,1.96,7.850,-0.01,7.850,-0.01,7.850,0.00,7.850,-0.01,7.850,2.11,7.850,0.00,7.850,0.01,7.850,0.01,7.850,0.00,7.850,0.02,7.850,0.01,7.850,0.00,7.850,0.01,7.850,0.01,7.850,0.01,7.850,-0.02,7.850,0.00,7.850,0.04,7.850,0.01,7.850,2.20,7.850,-0.02,7.850,0.03,7.850,0.01,7.850,0.24,7.850,0.05,7.850,0.06,7.850,0.00,7.850,0.00,7.850,0.00,7.850,0.00,7.850,-0.01,7.850,1.27,7.850,0.70,7.850,0.01,7.850,0.02,7.850,3.58,7.850,-0.01,7.850,0.13,7.850,0.01,7.850,0.00,7.850,0.02,7.850,-0.01,7.850,1.13,7.850,-0.01
7.900,-0.01,7.900,-0.01,7.900,0.08,7.900,0.00,7.900,0.19,7.900,-0.02,7.900,0.00,7.900,0.49,7.900,0.00,7.900,0.01,7.900,-0.02,7.900,2.32,7.900,-0.01,7.900,0.01,7.900,0.13,7.900,2.64,7.900,0.07,7.900,0.00,7.900,-0.01,7.900,-0.01,7.900,2.17,7.900,-0.01,7.900,-0.01,7.900,0.00,7.900,-0.01,7.900,2.60,7.900,0.00,7.900,0.01,7.900,0.01,7.900,0.00,7.900,0.02,7.900,0.00,7.900,-0.01,7.900,0.01,7.900,0.00,7.900,0.00,7.900,-0.02,7.900,0.01,7.900,-0.03,7.900,-0.01,7.900,2.40,7.900,-0.03,7.900,0.02,7.900,0.01,7.900,0.42,7.900,0.02,7.900,0.08,7.900,0.01,7.900,-0.01,7.900,0.01,7.900,0.00,7.900,-0.01,7.900,1.32,7.900,0.74,7.900,0.02,7.900,0.02,7.900,3.60,7.900,0.01,7.900,0.46,7.900,0.01,7.900,0.01,7.900,0.01,7.900,-0.01,7.900,1.16,7.900,0.01
7.950,0.01,7.950,0.00,7.950,0.09,7.950,-0.01,7.950,0.05,7.950,-0.02,7.950,-0.01,7.950,1.21,7.950,0.00,7.950,0.02,7.950,-0.03,7.950,0.85,7.950,-0.02,7.950,0.02,7.950,0.25,7.950,2.66,7.950,0.02,7.950,0.00,7.950,0.00,7.950,0.00,7.950,2.31,7.950,0.01,7.950,-0.02,7.950,0.01,7.950,-0.01,7.950,3.20,7.950,-0.01,7.950,0.01,7.950,0.00,7.950,-0.01,7.950,0.02,7.950,0.01,7.950,-0.01,7.950,0.00,7.950,0.00,7.950,0.01,7.950,-0.01,7.950,0.00,7.950,-0.01,7.950,-0.01,7.950,2.60,7.950,-0.02,7.950,0.01,7.950,0.02,7.950,0.61,7.950,-0.03,7.950,0.12,7.950,0.01,7.950,0.00,7.950,0.01,7.950,0.00,7.950,-0.02,7.950,1.40,7.950,0.79,7.950,0.01,7.950,0.00,7.950,4.15,7.950,0.00,7.950,1.83,7.950,0.00,7.950,0.02,7.950,0.02,7.950,0.00,7.950,1.74,7.950,0.00
8.000,0.01,8.000,0.00,8.000,0.09,8.000,-0.01,8.000,-0.02,8.000,-0.02,8.000,-0.02,8.000,0.22,8.000,0.00,8.000,0.01,8.000,-0.02,8.000,0.07,8.000,-0.03,8.000,0.01,8.000,0.32,8.000,2.68,8.000,0.00,8.000,0.00,8.000,0.00,8.000,0.00,8.000,2.73,8.000,-0.01,8.000,-0.01,8.000,0.01,8.000,-0.01,8.000,0.55,8.000,0.00,8.000,0.01,8.000,0.01,8.000,-0.01,8.000,0.03,8.000,0.00,8.000,0.01,8.000,-0.01,8.000,0.01,8.000,0.00,8.000,-0.01,8.000,0.01,8.000,-0.01,8.000,0.01,8.000,2.90,8.000,-0.01,8.000,0.02,8.000,0.01,8.000,0.31,8.000,-0.01,8.000,0.20,8.000,0.01,8.000,0.00,8.000,0.03,8.000,-0.01,8.000,-0.01,8.000,1.48,8.000,1.15,8.000,0.01,8.000,0.01,8.000,4.78,8.000,0.00,8.000,2.30,8.000,0.01,8.000,0.04,8.000,0.01,8.000,-0.01,8.000,2.06,8.000,0.02
8.050,0.01,8.050,0.00,8.050,0.09,8.050,0.00,8.050,-0.02,8.050,-0.03,8.050,-0.01,8.050,0.05,8.050,-0.01,8.050,0.02,8.050,-0.02,8.050,0.00,8.050,-0.02,8.050,0.01,8.050,0.07,8.050,2.70,8.050,0.00,8.050,0.00,8.050,0.00,8.050,0.00,8.050,2.88,8.050,-0.02,8.050,-0.01,8.050,0.00,8.050,-0.01,8.050,0.07,8.050,0.00,8.050,0.01,8.050,0.01,8.050,-0.01,8.050,0.03,8.050,0.01,8.050,0.01,8.050,-0.02,8.050,0.00,8.050,0.01,8.050,-0.01,8.050,0.01,8.050,-0.02,8.050,0.01,8.050,3.09,8.050,-0.01,8.050,0.02,8.050,0.00,8.050,0.09,8.050,-0.01,8.050,0.57,8.050,0.02,8.050,0.01,8.050,0.02,8.050,-0.01,8.050,-0.01,8.050,1.61,8.050,1.41,8.050,0.02,8.050,0.01,8.050,4.74,8.050,0.00,8.050,2.39,8.050,0.00,8.050,0.11,8.050,0.01,8.050,-0.01,8.050,2.24,8.050,0.06
8.100,-0.01,8.100,0.01,8.100,0.08,8.100,-0.01,8.100,-0.01,8.100,-0.02,8.100,-0.01,8.100,-0.01,8.100,0.00,8.100,0.01,8.100,-0.02,8.100,0.00,8.100,-0.01,8.100,0.01,8.100,0.01,8.100,1.53,8.100,0.01,8.100,-0.01,8.100,0.01,8.100,-0.01,8.100,2.97,8.100,-0.01,8.100,0.00,8.100,0.00,8.100,-0.01,8.100,0.00,8.100,0.01,8.100,0.01,8.100,0.02,8.100,-0.01,8.100,0.03,8.100,0.00,8.100,0.01,8.100,-0.01,8.100,0.01,8.100,0.01,8.100,-0.01,8.100,0.00,8.100,-0.01,8.100,0.02,8.100,3.27,8.100,0.00,8.100,0.04,8.100,0.00,8.100,0.05,8.100,-0.01,8.100,1.01,8.100,0.03,8.100,0.00,8.100,0.03,8.100,-0.01,8.100,-0.02,8.100,1.83,8.100,1.55,8.100,0.01,8.100,0.02,8.100,4.59,8.100,0.01,8.100,3.46,8.100,-0.01,8.100,2.32,8.100,0.01,8.100,0.01,8.100,2.93,8.100,0.03
8.150,0.00,8.150,0.00,8.150,0.09,8.150,-0.01,8.150,0.00,8.150,-0.02,8.150,0.00,8.150,-0.01,8.150,0.00,8.150,0.01,8.150,-0.03,8.150,0.01,8.150,-0.02,8.150,0.01,8.150,-0.01,8.150,0.05,8.150,0.00,8.150,0.00,8.150,0.00,8.150,0.00,8.150,3.24,8.150,-0.01,8.150,0.00,8.150,0.00,8.150,-0.03,8.150,0.00,8.150,-0.01,8.150,0.01,8.150,0.02,8.150,0.00,8.150,0.04,8.150,0.01,8.150,0.01,8.150,0.00,8.150,0.01,8.150,0.01,8.150,-0.02,8.150,0.01,8.150,0.00,8.150,0.02,8.150,0.66,8.150,-0.01,8.150,0.00,8.150,0.00,8.150,-0.01,8.150,-0.01,8.150,1.16,8.150,0.04,8.150,0.00,8.150,0.03,8.150,-0.01,8.150,0.00,8.150,1.65,8.150,1.79,8.150,0.02,8.150,0.01,8.150,4.61,8.150,0.01,8.150,3.63,8.150,-0.01,8.150,3.13,8.150,0.02,8.150,0.00,8.150,3.74,8.150,0.00
8.200,-0.01,8.200,-0.01,8.200,0.09,8.200,-0.01,8.200,0.00,8.200,-0.03,8.200,0.00,8.200,0.00,8.200,0.00,8.200,0.01,8.200,-0.02,8.200,0.01,8.200,-0.02,8.200,0.01,8.200,-0.01,8.200,-0.02,8.200,0.00,8.200,0.00,8.200,0.00,8.200,0.00,8.200,1.73,8.200,-0.01,8.200,-0.02,8.200,-0.01,8.200,-0.01,8.200,-0.01,8.200,0.00,8.200,0.01,8.200,0.01,8.200,0.00,8.200,0.05,8.200,0.01,8.200,0.01,8.200,0.00,8.200,0.00,8.200,0.02,8.200,-0.01,8.200,0.00,8.200,-0.01,8.200,0.04,8.200,0.06,8.200,0.00,8.200,0.01,8.200,0.01,8.200,0.01,8.200,0.00,8.200,1.36,8.200,0.04,8.200,0.00,8.200,0.04,8.200,-0.01,8.200,-0.01,8.200,1.51,8.200,2.18,8.200,0.02,8.200,0.01,8.200,0.27,8.200,0.01,8.200,3.66,8.200,0.00,8.200,2.53,8.200,0.01,8.200,0.01,8.200,3.82,8.200,0.00
8.250,0.00,8.250,0.00,8.250,0.09,8.250,-0.01,8.250,0.01,8.250,-0.03,8.250,0.00,8.250,0.01,8.250,0.00,8.250,0.00,8.250,-0.03,8.250,0.00,8.250,-0.02,8.250,0.01,8.250,0.00,8.250,-0.03,8.250,0.00,8.250,0.00,8.250,-0.01,8.250,0.00,8.250,0.14,8.250,0.00,8.250,0.00,8.250,-0.01,8.250,-0.02,8.250,0.00,8.250,-0.01,8.250,0.01,8.250,0.01,8.250,-0.01,8.250,0.11,8.250,0.00,8.250,0.01,8.250,0.02,8.250,0.01,8.250,0.02,8.250,-0.01,8.250,0.01,8.250,-0.01,8.250,0.03,8.250,0.01,8.250,0.00,8.250,0.02,8.250,0.02,8.250,0.02,8.250,0.00,8.250,1.65,8.250,0.05,8.250,0.00,8.250,0.05,8.250,-0.02,8.250,0.00,8.250,0.08,8.250,2.19,8.250,0.02,8.250,0.02,8.250,0.07,8.250,0.01,8.250,3.89,8.250,0.00,8.250,2.01,8.250,0.02,8.250,0.12,8.250,3.60,8.250,0.00
8.300,-0.01,8.300,-0.01,8.300,0.10,8.300,-0.02,8.300,0.01,8.300,-0.04,8.300,-0.01,8.300,0.00,8.300,0.00,8.300,0.00,8.300,-0.02,8.300,0.00,8.300,-0.02,8.300,0.02,8.300,0.00,8.300,-0.03,8.300,0.01,8.300,0.01,8.300,0.00,8.300,0.00,8.300,0.05,8.300,0.00,8.300,0.00,8.300,0.00,8.300,-0.02,8.300,-0.01,8.300,-0.01,8.300,0.01,8.300,0.02,8.300,0.00,8.300,0.40,8.300,0.00,8.300,0.02,8.300,0.03,8.300,0.02,8.300,0.01,8.300,-0.01,8.300,0.01,8.300,-0.02,8.300,0.04,8.300,-0.01,8.300,0.00,8.300,0.03,8.300,0.00,8.300,0.01,8.300,0.00,8.300,2.02,8.300,0.06,8.300,0.02,8.300,0.05,8.300,-0.01,8.300,0.01,8.300,0.05,8.300,2.60,8.300,0.02,8.300,0.02,8.300,0.00,8.300,0.01,8.300,4.03,8.300,0.00,8.300,2.50,8.300,0.02,8.300,0.00,8.300,3.00,8.300,0.01
8.350,-0.01,8.350,-0.01,8.350,0.10,8.350,0.00,8.350,0.01,8.350,-0.03,8.350,0.00,8.350,0.00,8.350,0.00,8.350,0.00,8.350,-0.02,8.350,0.01,8.350,-0.02,8.350,0.02,8.350,0.00,8.350,-0.03,8.350,0.01,8.350,0.00,8.350,0.00,8.350,0.01,8.350,-0.01,8.350,0.01,8.350,0.00,8.350,-0.01,8.350,-0.03,8.350,-0.01,8.350,0.01,8.350,0.05,8.350,0.02,8.350,0.01,8.350,1.21,8.350,0.00,8.350,0.01,8.350,0.01,8.350,0.01,8.350,0.01,8.350,-0.01,8.350,0.01,8.350,-0.01,8.350,0.05,8.350,-0.01,8.350,-0.01,8.350,0.02,8.350,0.00,8.350,0.01,8.350,-0.01,8.350,2.22,8.350,0.09,8.350,0.01,8.350,0.05,8.350,-0.01,8.350,0.00,8.350,-0.01,8.350,2.70,8.350,0.02,8.350,0.01,8.350,-0.01,8.350,0.01,8.350,3.28,8.350,-0.01,8.350,3.44,8.350,0.01,8.350,0.09,8.350,2.82,8.350,0.01
8.400,0.00,8.400,-0.01,8.400,0.09,8.400,-0.01,8.400,0.02,8.400,-0.02,8.400,0.00,8.400,-0.01,8.400,0.00,8.400,0.00,8.400,-0.03,8.400,-0.01,8.400,-0.02,8.400,0.02,8.400,0.01,8.400,-0.03,8.400,0.00,8.400,0.01,8.400,0.01,8.400,-0.01,8.400,-0.01,8.400,0.00,8.400,0.02,8.400,0.00,8.400,-0.03,8.400,-0.01,8.400,0.01,8.400,0.01,8.400,0.01,8.400,0.00,8.400,1.78,8.400,0.01,8.400,0.01,8.400,0.02,8.400,0.02,8.400,0.01,8.400,-0.01,8.400,0.02,8.400,-0.02,8.400,0.08,8.400,-0.01,8.400,0.00,8.400,0.01,8.400,0.00,8.400,0.01,8.400,0.00,8.400,2.29,8.400,0.21,8.400,0.01,8.400,0.06,8.400,0.00,8.400,0.00,8.400,-0.01,8.400,2.76,8.400,0.02,8.400,0.00,8.400,0.00,8.400,0.02,8.400,1.79,8.400,0.00,8.400,3.87,8.400,0.01,8.400,-0.04,8.400,2.73,8.400,0.02
8.450,0.00,8.450,-0.01,8.450,0.10,8.450,-0.01,8.450,0.02,8.450,-0.03,8.450,0.01,8.450,0.00,8.450,0.01,8.450,0.00,8.450,-0.02,8.450,-0.01,8.450,-0.02,8.450,0.01,8.450,0.00,8.450,-0.03,8.450,0.00,8.450,0.00,8.450,0.00,8.450,-0.01,8.450,0.00,8.450,0.00,8.450,0.03,8.450,0.00,8.450,-0.02,8.450,0.00,8.450,0.01,8.450,0.01,8.450,0.01,8.450,0.00,8.450,2.19,8.450,0.01,8.450,0.01,8.450,0.02,8.450,0.01,8.450,0.02,8.450,-0.02,8.450,0.01,8.450,-0.02,8.450,0.13,8.450,-0.01,8.450,-0.02,8.450,0.01,8.450,0.00,8.450,0.00,8.450,0.00,8.450,2.48,8.450,0.55,8.450,0.01,8.450,0.06,8.450,-0.01,8.450,-0.02,8.450,-0.01,8.450,2.77,8.450,0.01,8.450,0.01,8.450,0.01,8.450,0.01,8.450,1.71,8.450,-0.01,8.450,4.53,8.450,0.01,8.450,0.00,8.450,2.58,8.450,0.01
8.500,-0.01,8.500,-0.01,8.500,0.09,8.500,0.00,8.500,0.01,8.500,-0.02,8.500,0.01,8.500,-0.01,8.500,0.01,8.500,0.01,8.500,-0.01,8.500,0.00,8.500,0.00,8.500,0.00,8.500,0.00,8.500,-0.02,8.500,0.01,8.500,-0.01,8.500,0.01,8.500,0.00,8.500,0.00,8.500,0.00,8.500,0.03,8.500,0.00,8.500,-0.02,8.500,-0.01,8.500,0.01,8.500,0.02,8.500,0.01,8.500,0.00,8.500,2.35,8.500,0.00,8.500,0.01,8.500,0.01,8.500,0.00,8.500,0.03,8.500,-0.02,8.500,0.01,8.500,-0.02,8.500,0.43,8.500,0.00,8.500,-0.01,8.500,0.02,8.500,0.00,8.500,0.01,8.500,-0.01,8.500,0.86,8.500,1.21,8.500,0.01,8.500,0.07,8.500,0.00,8.500,-0.01,8.500,0.01,8.500,2.77,8.500,0.01,8.500,0.01,8.500,0.01,8.500,0.01,8.500,1.32,8.500,-0.01,8.500,5.19,8.500,0.00,8.500,0.01,8.500,1.72,8.500,0.01
8.550,-0.01,8.550,0.00,8.550,0.10,8.550,0.00,8.550,0.00,8.550,-0.02,8.550,0.00,8.550,-0.01,8.550,0.00,8.550,0.00,8.550,-0.02,8.550,0.00,8.550,0.00,8.550,0.00,8.550,0.01,8.550,-0.03,8.550,0.01,8.550,-0.01,8.550,0.01,8.550,0.00,8.550,0.00,8.550,0.00,8.550,0.03,8.550,-0.01,8.550,-0.02,8.550,0.00,8.550,0.01,8.550,0.02,8.550,0.02,8.550,0.00,8.550,2.71,8.550,0.00,8.550,0.03,8.550,0.03,8.550,0.00,8.550,0.03,8.550,0.04,8.550,0.00,8.550,-0.02,8.550,0.15,8.550,-0.01,8.550,-0.01,8.550,0.02,8.550,0.01,8.550,0.01,8.550,0.00,8.550,0.07,8.550,1.55,8.550,0.01,8.550,0.09,8.550,0.01,8.550,-0.01,8.550,0.01,8.550,2.93,8.550,0.01,8.550,0.01,8.550,0.01,8.550,0.02,8.550,1.19,8.550,0.00,8.550,1.76,8.550,0.01,8.550,0.00,8.550,1.31,8.550,0.02
8.600,5.55E-17,8.600,0.00,8.600,0.10,8.600,0.00,8.600,0.00,8.600,-0.02,8.600,-0.01,8.600,-0.01,8.600,0.00,8.600,0.00,8.600,-0.02,8.600,0.01,8.600,-0.01,8.600,0.01,8.600,0.01,8.600,-0.02,8.600,-0.01,8.600,0.00,8.600,0.01,8.600,0.00,8.600,0.00,8.600,0.00,8.600,0.04,8.600,-0.01,8.600,-0.01,8.600,-0.01,8.600,0.03,8.600,0.02,8.600,0.01,8.600,0.00,8.600,3.30,8.600,0.00,8.600,0.02,8.600,0.03,8.600,0.00,8.600,0.02,8.600,0.02,8.600,0.01,8.600,-0.02,8.600,0.06,8.600,-0.01,8.600,0.00,8.600,0.02,8.600,0.00,8.600,0.01,8.600,-0.01,8.600,0.03,8.600,0.74,8.600,0.01,8.600,0.10,8.600,0.00,8.600,-0.02,8.600,0.00,8.600,2.89,8.600,0.02,8.600,0.00,8.600,0.00,8.600,0.01,8.600,0.95,8.600,0.00,8.600,0.06,8.600,0.01,8.600,0.01,8.600,1.25,8.600,0.04
8.650,0.00,8.650,2.78E-17,8.650,0.09,8.650,0.00,8.650,0.01,8.650,-0.02,8.650,0.00,8.650,0.00,8.650,0.01,8.650,0.00,8.650,-0.02,8.650,0.00,8.650,-0.02,8.650,0.00,8.650,0.01,8.650,-0.03,8.650,0.00,8.650,0.00,8.650,0.01,8.650,0.00,8.650,0.02,8.650,0.01,8.650,0.03,8.650,0.00,8.650,-0.02,8.650,-0.02,8.650,0.03,8.650,0.01,8.650,0.00,8.650,0.01,8.650,1.53,8.650,0.00,8.650,0.03,8.650,0.04,8.650,0.01,8.650,0.03,8.650,-0.01,8.650,0.01,8.650,-0.02,8.650,-0.01,8.650,-0.02,8.650,0.00,8.650,0.01,8.650,0.00,8.650,0.02,8.650,0.00,8.650,-0.01,8.650,0.07,8.650,0.01,8.650,0.14,8.650,0.00,8.650,-0.01,8.650,0.00,8.650,2.91,8.650,0.02,8.650,0.01,8.650,0.01,8.650,0.01,8.650,0.75,8.650,0.00,8.650,0.00,8.650,0.02,8.650,0.00,8.650,1.37,8.650,0.05
8.700,-0.01,8.700,0.01,8.700,0.10,8.700,0.00,8.700,0.01,8.700,-0.01,8.700,0.00,8.700,0.00,8.700,0.01,8.700,0.00,8.700,-0.02,8.700,0.01,8.700,-0.02,8.700,0.00,8.700,0.00,8.700,-0.02,8.700,0.00,8.700,-0.01,8.700,0.02,8.700,-0.01,8.700,0.01,8.700,0.01,8.700,0.03,8.700,0.00,8.700,-0.01,8.700,-0.01,8.700,0.03,8.700,0.01,8.700,0.02,8.700,0.00,8.700,0.06,8.700,0.00,8.700,0.02,8.700,0.04,8.700,0.00,8.700,0.04,8.700,-0.02,8.700,0.01,8.700,-0.02,8.700,0.01,8.700,-0.01,8.700,0.00,8.700,0.01,8.700,0.00,8.700,0.01,8.700,0.00,8.700,-0.01,8.700,0.01,8.700,0.01,8.700,0.23,8.700,0.00,8.700,-0.01,8.700,0.01,8.700,3.06,8.700,0.01,8.700,0.00,8.700,0.01,8.700,0.01,8.700,0.73,8.700,0.01,8.700,-0.04,8.700,0.01,8.700,0.02,8.700,1.46,8.700,0.10
8.750,-0.01,8.750,0.01,8.750,0.09,8.750,-0.01,8.750,0.01,8.750,-0.01,8.750,-0.01,8.750,0.00,8.750,0.01,8.750,0.00,8.750,-0.03,8.750,0.01,8.750,-0.02,8.750,0.01,8.750,0.00,8.750,-0.02,8.750,0.00,8.750,0.00,8.750,0.02,8.750,-0.01,8.750,0.00,8.750,0.00,8.750,0.04,8.750,0.00,8.750,-0.02,8.750,-0.02,8.750,0.03,8.750,0.01,8.750,0.03,8.750,-0.01,8.750,-0.01,8.750,0.01,8.750,0.02,8.750,0.06,8.750,0.01,8.750,0.03,8.750,-0.02,8.750,0.00,8.750,-0.02,8.750,0.01,8.750,-0.01,8.750,0.00,8.750,0.03,8.750,0.01,8.750,0.01,8.750,0.00,8.750,0.00,8.750,-0.04,8.750,0.01,8.750,0.37,8.750,0.00,8.750,-0.02,8.750,0.01,8.750,3.19,8.750,0.00,8.750,0.01,8.750,0.01,8.750,0.01,8.750,0.75,8.750,0.00,8.750,-0.04,8.750,0.02,8.750,0.03,8.750,1.49,8.750,0.86
8.800,-0.01,8.800,0.00,8.800,0.10,8.800,0.00,8.800,0.01,8.800,-0.02,8.800,-0.01,8.800,-0.01,8.800,0.01,8.800,0.00,8.800,-0.03,8.800,0.01,8.800,-0.03,8.800,0.00,8.800,0.02,8.800,-0.02,8.800,0.01,8.800,-0.01,8.800,0.02,8.800,-0.01,8.800,0.01,8.800,0.00,8.800,0.05,8.800,0.01,8.800,-0.02,8.800,-0.02,8.800,0.04,8.800,0.00,8.800,0.04,8.800,-0.01,8.800,-0.01,8.800,0.00,8.800,0.02,8.800,0.06,8.800,0.01,8.800,0.03,8.800,-0.01,8.800,-0.01,8.800,-0.02,8.800,0.01,8.800,-0.01,8.800,0.03,8.800,0.03,8.800,0.00,8.800,0.01,8.800,-0.01,8.800,0.00,8.800,-0.03,8.800,0.01,8.800,0.59,8.800,0.01,8.800,-0.02,8.800,0.00,8.800,3.30,8.800,0.01,8.800,0.01,8.800,0.01,8.800,0.01,8.800,0.66,8.800,0.00,8.800,-0.02,8.800,0.02,8.800,0.06,8.800,1.41,8.800,3.38
8.850,-0.01,8.850,-0.01,8.850,0.09,8.850,0.01,8.850,0.00,8.850,-0.01,8.850,-0.01,8.850,-0.01,8.850,0.01,8.850,0.00,8.850,-0.02,8.850,0.01,8.850,-0.02,8.850,0.00,8.850,0.01,8.850,-0.02,8.850,0.00,8.850,-0.01,8.850,0.03,8.850,-0.01,8.850,0.00,8.850,-0.01,8.850,0.07,8.850,0.03,8.850,-0.02,8.850,-0.01,8.850,0.04,8.850,0.01,8.850,0.04,8.850,0.00,8.850,0.00,8.850,0.00,8.850,0.03,8.850,0.07,8.850,0.02,8.850,0.03,8.850,-0.01,8.850,-0.01,8.850,-0.02,8.850,-0.01,8.850,-0.01,8.850,0.02,8.850,0.04,8.850,0.01,8.850,0.00,8.850,0.00,8.850,0.01,8.850,-0.03,8.850,0.02,8.850,0.44,8.850,0.01,8.850,-0.01,8.850,0.01,8.850,3.45,8.850,0.02,8.850,0.02,8.850,0.01,8.850,0.00,8.850,0.47,8.850,0.00,8.850,-0.03,8.850,0.02,8.850,2.14,8.850,1.27,8.850,2.72
8.900,-0.02,8.900,0.00,8.900,0.09,8.900,0.00,8.900,0.00,8.900,0.00,8.900,0.00,8.900,0.00,8.900,0.02,8.900,0.00,8.900,-0.01,8.900,0.01,8.900,-0.02,8.900,0.01,8.900,0.00,8.900,-0.01,8.900,0.01,8.900,-0.01,8.900,0.02,8.900,0.00,8.900,0.01,8.900,0.00,8.900,0.08,8.900,0.02,8.900,-0.02,8.900,0.00,8.900,0.06,8.900,0.00,8.900,0.05,8.900,-0.01,8.900,-0.01,8.900,0.00,8.900,0.04,8.900,0.10,8.900,0.02,8.900,0.02,8.900,-0.01,8.900,-0.01,8.900,-0.03,8.900,0.00,8.900,-0.02,8.900,-0.02,8.900,0.04,8.900,-0.01,8.900,0.01,8.900,0.00,8.900,0.00,8.900,-0.02,8.900,0.02,8.900,0.30,8.900,0.01,8.900,-0.01,8.900,0.00,8.900,3.60,8.900,0.02,8.900,0.02,8.900,0.01,8.900,0.01,8.900,0.30,8.900,0.00,8.900,-0.02,8.900,0.01,8.900,4.77,8.900,1.22,8.900,2.92
8.950,-0.01,8.950,0.00,8.950,0.09,8.950,-0.01,8.950,0.00,8.950,0.00,8.950,-0.01,8.950,0.00,8.950,0.03,8.950,0.00,8.950,-0.01,8.950,0.01,8.950,-0.03,8.950,0.01,8.950,0.02,8.950,-0.01,8.950,0.02,8.950,-0.01,8.950,0.02,8.950,0.00,8.950,0.01,8.950,0.00,8.950,0.14,8.950,0.03,8.950,-0.01,8.950,-0.01,8.950,0.09,8.950,-0.01,8.950,0.06,8.950,0.01,8.950,-0.01,8.950,0.00,8.950,0.03,8.950,0.17,8.950,0.01,8.950,0.02,8.950,-0.01,8.950,0.00,8.950,-0.02,8.950,0.01,8.950,0.00,8.950,-0.02,8.950,0.03,8.950,-0.01,8.950,0.01,8.950,0.00,8.950,0.01,8.950,-0.02,8.950,0.02,8.950,0.17,8.950,0.01,8.950,-0.01,8.950,-0.01,8.950,3.65,8.950,0.01,8.950,0.03,8.950,0.02,8.950,0.01,8.950,0.22,8.950,0.00,8.950,-0.02,8.950,0.02,8.950,3.81,8.950,1.14,8.950,4.43
9.000,-0.02,9.000,2.78E-17,9.000,0.08,9.000,0.00,9.000,0.00,9.000,0.00,9.000,0.00,9.000,-0.01,9.000,0.03,9.000,0.00,9.000,-0.02,9.000,0.01,9.000,-0.02,9.000,0.02,9.000,0.01,9.000,-0.01,9.000,0.01,9.000,0.00,9.000,0.03,9.000,0.00,9.000,0.01,9.000,-0.02,9.000,0.80,9.000,0.04,9.000,-0.02,9.000,0.00,9.000,0.19,9.000,0.01,9.000,0.06,9.000,0.01,9.000,-0.01,9.000,0.00,9.000,0.04,9.000,0.40,9.000,0.01,9.000,0.03,9.000,-0.01,9.000,0.00,9.000,-0.01,9.000,0.00,9.000,0.00,9.000,-0.01,9.000,0.04,9.000,-0.01,9.000,0.00,9.000,0.00,9.000,0.01,9.000,-0.02,9.000,0.02,9.000,0.06,9.000,0.00,9.000,-0.01,9.000,0.01,9.000,4.03,9.000,0.02,9.000,0.04,9.000,0.00,9.000,0.01,9.000,0.18,9.000,0.00,9.000,-0.02,9.000,0.01,9.000,4.76,9.000,0.99,9.000,4.48
9.050,0.00,9.050,0.01,9.050,0.08,9.050,0.00,9.050,0.01,9.050,-0.03,9.050,-0.01,9.050,-0.01,9.050,0.03,9.050,0.00,9.050,-0.03,9.050,-0.01,9.050,-0.01,9.050,0.02,9.050,0.01,9.050,-0.02,9.050,0.00,9.050,-0.01,9.050,0.04,9.050,0.00,9.050,0.01,9.050,0.05,9.050,0.27,9.050,0.05,9.050,-0.04,9.050,0.00,9.050,0.38,9.050,0.01,9.050,0.09,9.050,0.00,9.050,-0.01,9.050,0.00,9.050,0.05,9.050,0.83,9.050,0.01,9.050,0.04,9.050,-0.01,9.050,0.01,9.050,-0.02,9.050,-0.01,9.050,0.00,9.050,-0.02,9.050,0.05,9.050,-0.01,9.050,0.01,9.050,0.00,9.050,0.01,9.050,-0.02,9.050,0.01,9.050,0.03,9.050,0.00,9.050,-0.01,9.050,0.00,9.050,3.96,9.050,0.00,9.050,0.04,9.050,-0.01,9.050,0.01,9.050,0.18,9.050,0.01,9.050,-0.02,9.050,0.01,9.050,0.40,9.050,0.98,9.050,4.44
9.100,0.00,9.100,0.01,9.100,0.09,9.100,-0.01,9.100,0.01,9.100,-0.03,9.100,-0.01,9.100,-0.01,9.100,0.04,9.100,-0.01,9.100,-0.03,9.100,0.00,9.100,-0.01,9.100,0.02,9.100,0.01,9.100,-0.01,9.100,0.01,9.100,0.00,9.100,0.04,9.100,0.00,9.100,0.02,9.100,0.01,9.100,0.05,9.100,0.06,9.100,-0.01,9.100,0.00,9.100,0.67,9.100,0.02,9.100,0.22,9.100,0.01,9.100,-0.01,9.100,-0.01,9.100,0.07,9.100,0.22,9.100,-0.01,9.100,0.04,9.100,-0.01,9.100,0.01,9.100,-0.02,9.100,0.00,9.100,0.00,9.100,-0.01,9.100,0.05,9.100,-0.01,9.100,0.01,9.100,0.00,9.100,0.00,9.100,-0.01,9.100,0.01,9.100,-0.01,9.100,0.00,9.100,0.00,9.100,0.00,9.100,4.10,9.100,0.01,9.100,0.04,9.100,-0.01,9.100,0.02,9.100,0.18,9.100,0.01,9.100,-0.02,9.100,0.01,9.100,0.08,9.100,1.03,9.100,5.07
9.150,-0.01,9.150,0.02,9.150,0.10,9.150,-0.02,9.150,0.01,9.150,-0.01,9.150,-0.01,9.150,-0.01,9.150,0.05,9.150,0.00,9.150,-0.02,9.150,0.00,9.150,0.00,9.150,0.02,9.150,0.01,9.150,-0.02,9.150,0.00,9.150,0.00,9.150,0.04,9.150,0.00,9.150,0.01,9.150,-0.02,9.150,-0.01,9.150,0.06,9.150,-0.01,9.150,-0.01,9.150,1.29,9.150,0.03,9.150,0.86,9.150,0.01,9.150,-0.01,9.150,-0.01,9.150,0.12,9.150,0.05,9.150,0.00,9.150,0.04,9.150,-0.01,9.150,0.00,9.150,-0.02,9.150,0.00,9.150,-0.01,9.150,-0.01,9.150,0.06,9.150,-0.01,9.150,0.02,9.150,-0.01,9.150,0.01,9.150,-0.02,9.150,0.03,9.150,0.01,9.150,0.01,9.150,-0.01,9.150,0.01,9.150,4.36,9.150,0.01,9.150,0.06,9.150,0.05,9.150,0.03,9.150,0.19,9.150,-0.01,9.150,-0.01,9.150,0.01,9.150,-0.01,9.150,1.05,9.150,4.86
9.200,-0.01,9.200,0.01,9.200,0.09,9.200,0.01,9.200,-0.01,9.200,-0.01,9.200,0.02,9.200,-0.01,9.200,0.07,9.200,0.01,9.200,-0.02,9.200,0.00,9.200,0.02,9.200,0.02,9.200,0.00,9.200,-0.01,9.200,0.00,9.200,-0.01,9.200,0.05,9.200,0.01,9.200,0.00,9.200,-0.01,9.200,-0.01,9.200,0.07,9.200,0.00,9.200,0.00,9.200,1.87,9.200,0.04,9.200,0.12,9.200,0.01,9.200,-0.01,9.200,0.01,9.200,0.46,9.200,-0.01,9.200,0.00,9.200,0.05,9.200,-0.02,9.200,0.00,9.200,-0.01,9.200,0.00,9.200,0.00,9.200,-0.02,9.200,0.07,9.200,-0.01,9.200,0.01,9.200,0.00,9.200,0.01,9.200,-0.03,9.200,0.02,9.200,0.00,9.200,0.00,9.200,0.01,9.200,0.01,9.200,4.54,9.200,0.01,9.200,0.06,9.200,0.02,9.200,0.04,9.200,0.14,9.200,0.00,9.200,-0.01,9.200,0.01,9.200,-0.03,9.200,1.05,9.200,5.48
9.250,0.00,9.250,0.01,9.250,0.09,9.250,0.01,9.250,0.00,9.250,0.00,9.250,0.00,9.250,-0.01,9.250,0.17,9.250,0.00,9.250,-0.03,9.250,0.00,9.250,0.03,9.250,0.02,9.250,0.00,9.250,-0.01,9.250,0.01,9.250,-0.01,9.250,0.06,9.250,0.00,9.250,0.01,9.250,-0.01,9.250,-0.01,9.250,0.09,9.250,0.00,9.250,-0.01,9.250,2.37,9.250,0.03,9.250,0.06,9.250,-0.01,9.250,-0.01,9.250,0.04,9.250,1.44,9.250,-0.01,9.250,0.00,9.250,0.05,9.250,-0.01,9.250,0.01,9.250,-0.02,9.250,0.00,9.250,0.00,9.250,-0.01,9.250,0.08,9.250,-0.01,9.250,0.01,9.250,0.00,9.250,0.01,9.250,-0.03,9.250,0.02,9.250,0.00,9.250,0.00,9.250,0.00,9.250,0.02,9.250,4.53,9.250,0.03,9.250,0.07,9.250,0.04,9.250,0.04,9.250,0.12,9.250,-0.01,9.250,-0.02,9.250,0.02,9.250,-0.02,9.250,1.06,9.250,5.31
9.300,-0.01,9.300,0.01,9.300,0.09,9.300,0.01,9.300,-0.02,9.300,0.00,9.300,-0.01,9.300,0.00,9.300,0.67,9.300,0.01,9.300,-0.03,9.300,-0.01,9.300,0.04,9.300,0.02,9.300,0.00,9.300,-0.02,9.300,0.00,9.300,0.00,9.300,0.08,9.300,-0.01,9.300,0.01,9.300,-0.01,9.300,0.00,9.300,0.13,9.300,0.01,9.300,-0.02,9.300,2.38,9.300,0.04,9.300,0.00,9.300,0.01,9.300,-0.02,9.300,0.02,9.300,0.24,9.300,-0.01,9.300,0.00,9.300,0.07,9.300,-0.01,9.300,-0.01,9.300,-0.01,9.300,0.00,9.300,-0.01,9.300,0.00,9.300,0.08,9.300,-0.01,9.300,0.00,9.300,0.01,9.300,0.01,9.300,-0.03,9.300,0.02,9.300,0.00,9.300,0.01,9.300,-0.01,9.300,0.02,9.300,3.95,9.300,0.04,9.300,0.08,9.300,-0.02,9.300,0.04,9.300,0.13,9.300,0.00,9.300,-0.02,9.300,0.01,9.300,-0.01,9.300,1.30,9.300,5.44
9.350,0.00,9.350,0.02,9.350,0.08,9.350,0.01,9.350,-0.01,9.350,-0.01,9.350,0.00,9.350,0.00,9.350,0.09,9.350,0.02,9.350,-0.03,9.350,-0.01,9.350,0.03,9.350,0.03,9.350,0.00,9.350,-0.02,9.350,0.00,9.350,0.00,9.350,0.09,9.350,-0.01,9.350,0.01,9.350,0.00,9.350,-0.01,9.350,0.26,9.350,0.00,9.350,-0.02,9.350,0.17,9.350,0.06,9.350,0.01,9.350,0.00,9.350,-0.01,9.350,0.00,9.350,0.05,9.350,-0.01,9.350,0.00,9.350,0.07,9.350,-0.01,9.350,-0.01,9.350,-0.02,9.350,-0.01,9.350,-0.01,9.350,-0.01,9.350,0.10,9.350,-0.01,9.350,0.01,9.350,0.00,9.350,0.02,9.350,-0.03,9.350,0.03,9.350,0.01,9.350,0.00,9.350,0.01,9.350,0.01,9.350,2.03,9.350,0.04,9.350,0.10,9.350,0.00,9.350,0.05,9.350,0.13,9.350,0.01,9.350,-0.02,9.350,0.01,9.350,-0.02,9.350,1.90,9.350,5.45
9.400,0.01,9.400,0.02,9.400,0.07,9.400,0.02,9.400,-0.01,9.400,0.01,9.400,0.01,9.400,0.01,9.400,0.04,9.400,0.01,9.400,-0.02,9.400,-0.01,9.400,0.03,9.400,0.03,9.400,0.01,9.400,-0.01,9.400,0.01,9.400,0.01,9.400,0.16,9.400,0.00,9.400,0.00,9.400,0.00,9.400,-0.01,9.400,0.73,9.400,0.00,9.400,0.00,9.400,0.05,9.400,0.06,9.400,0.02,9.400,0.01,9.400,-0.01,9.400,-0.01,9.400,-0.01,9.400,0.00,9.400,0.00,9.400,0.12,9.400,-0.01,9.400,0.00,9.400,-0.02,9.400,0.00,9.400,-0.01,9.400,-0.01,9.400,0.18,9.400,-0.01,9.400,0.01,9.400,0.00,9.400,0.01,9.400,-0.03,9.400,0.02,9.400,0.01,9.400,0.00,9.400,0.01,9.400,0.01,9.400,1.04,9.400,0.03,9.400,0.13,9.400,0.01,9.400,0.06,9.400,0.15,9.400,0.00,9.400,-0.01,9.400,0.03,9.400,-0.02,9.400,2.84,9.400,5.32
9.450,0.01,9.450,0.03,9.450,0.06,9.450,0.01,9.450,0.00,9.450,0.01,9.450,0.01,9.450,0.00,9.450,-0.02,9.450,0.01,9.450,-0.02,9.450,0.00,9.450,0.04,9.450,0.04,9.450,0.00,9.450,-0.02,9.450,0.00,9.450,0.01,9.450,0.66,9.450,0.01,9.450,0.00,9.450,0.01,9.450,-0.01,9.450,0.25,9.450,0.00,9.450,-0.02,9.450,-0.02,9.450,0.08,9.450,0.02,9.450,0.00,9.450,-0.01,9.450,0.01,9.450,-0.02,9.450,0.00,9.450,0.00,9.450,0.22,9.450,0.01,9.450,0.00,9.450,-0.02,9.450,-0.01,9.450,0.00,9.450,-0.01,9.450,0.42,9.450,-0.01,9.450,0.01,9.450,0.00,9.450,0.01,9.450,-0.03,9.450,0.03,9.450,0.00,9.450,-0.01,9.450,0.01,9.450,0.01,9.450,0.70,9.450,0.03,9.450,0.32,9.450,0.01,9.450,0.08,9.450,0.78,9.450,0.00,9.450,-0.01,9.450,0.03,9.450,-0.02,9.450,3.94,9.450,5.23
9.500,0.01,9.500,0.03,9.500,0.06,9.500,0.01,9.500,0.00,9.500,0.01,9.500,0.00,9.500,0.00,9.500,-0.01,9.500,0.01,9.500,-0.02,9.500,0.00,9.500,0.07,9.500,0.05,9.500,-0.01,9.500,-0.02,9.500,0.01,9.500,0.02,9.500,0.10,9.500,0.02,9.500,0.00,9.500,0.01,9.500,-0.01,9.500,0.06,9.500,-0.01,9.500,-0.01,9.500,-0.02,9.500,0.08,9.500,0.02,9.500,0.02,9.500,-0.01,9.500,0.01,9.500,-0.02,9.500,0.00,9.500,-0.01,9.500,0.55,9.500,0.02,9.500,0.00,9.500,-0.02,9.500,-0.02,9.500,0.00,9.500,-0.01,9.500,0.89,9.500,-0.01,9.500,0.01,9.500,0.00,9.500,0.02,9.500,-0.02,9.500,0.02,9.500,0.01,9.500,-0.01,9.500,0.02,9.500,0.01,9.500,0.65,9.500,0.04,9.500,1.22,9.500,0.02,9.500,0.11,9.500,1.42,9.500,0.01,9.500,0.08,9.500,0.04,9.500,-0.02,9.500,4.68,9.500,5.24
9.550,5.55E-17,9.550,0.02,9.550,0.05,9.550,0.00,9.550,-0.01,9.550,0.01,9.550,0.00,9.550,0.00,9.550,-0.01,9.550,0.01,9.550,-0.03,9.550,0.01,9.550,0.14,9.550,0.06,9.550,0.00,9.550,-0.01,9.550,0.01,9.550,0.02,9.550,0.03,9.550,0.03,9.550,0.01,9.550,0.02,9.550,-0.01,9.550,-0.02,9.550,0.00,9.550,0.00,9.550,-0.02,9.550,0.08,9.550,0.02,9.550,0.02,9.550,-0.01,9.550,0.01,9.550,-0.01,9.550,-0.01,9.550,-0.01,9.550,1.20,9.550,0.01,9.550,0.02,9.550,-0.02,9.550,-0.02,9.550,0.01,9.550,-0.01,9.550,1.22,9.550,0.00,9.550,0.00,9.550,0.00,9.550,0.02,9.550,-0.02,9.550,0.01,9.550,0.01,9.550,0.00,9.550,0.03,9.550,0.01,9.550,0.66,9.550,0.05,9.550,1.62,9.550,0.02,9.550,0.18,9.550,0.88,9.550,0.01,9.550,-0.01,9.550,0.04,9.550,-0.02,9.550,4.79,9.550,5.43
9.600,0.00,9.600,0.01,9.600,0.06,9.600,0.01,9.600,0.00,9.600,0.00,9.600,-0.01,9.600,0.01,9.600,0.00,9.600,0.02,9.600,-0.02,9.600,0.02,9.600,0.43,9.600,0.06,9.600,0.01,9.600,-0.03,9.600,0.01,9.600,0.02,9.600,-0.03,9.600,0.02,9.600,0.00,9.600,0.03,9.600,-0.02,9.600,-0.02,9.600,-0.01,9.600,-0.01,9.600,-0.01,9.600,0.09,9.600,0.01,9.600,0.02,9.600,-0.01,9.600,0.00,9.600,-0.01,9.600,0.00,9.600,0.01,9.600,1.81,9.600,0.01,9.600,0.01,9.600,-0.02,9.600,-0.01,9.600,0.00,9.600,0.01,9.600,0.45,9.600,0.00,9.600,0.01,9.600,0.00,9.600,0.02,9.600,-0.02,9.600,0.01,9.600,0.01,9.600,0.00,9.600,0.04,9.600,-0.01,9.600,0.81,9.600,0.05,9.600,1.60,9.600,0.02,9.600,0.45,9.600,0.16,9.600,0.00,9.600,0.04,9.600,0.05,9.600,-0.02,9.600,0.07,9.600,5.42
9.650,0.01,9.650,0.01,9.650,0.05,9.650,0.01,9.650,0.01,9.650,0.01,9.650,0.00,9.650,0.01,9.650,0.00,9.650,0.01,9.650,-0.03,9.650,0.01,9.650,0.84,9.650,0.07,9.650,0.00,9.650,-0.03,9.650,0.02,9.650,0.02,9.650,-0.01,9.650,0.03,9.650,0.00,9.650,0.03,9.650,-0.02,9.650,-0.01,9.650,0.00,9.650,-0.02,9.650,-0.02,9.650,0.11,9.650,0.01,9.650,0.03,9.650,-0.01,9.650,0.01,9.650,-0.01,9.650,0.00,9.650,0.00,9.650,2.30,9.650,0.03,9.650,0.01,9.650,-0.02,9.650,-0.02,9.650,0.01,9.650,-0.01,9.650,0.08,9.650,-0.01,9.650,0.01,9.650,0.00,9.650,0.02,9.650,-0.01,9.650,0.00,9.650,0.02,9.650,0.01,9.650,0.03,9.650,-0.01,9.650,1.31,9.650,0.07,9.650,1.82,9.650,0.05,9.650,1.19,9.650,0.11,9.650,0.00,9.650,-0.02,9.650,0.05,9.650,-0.01,9.650,0.04,9.650,3.89
9.700,0.00,9.700,0.02,9.700,0.06,9.700,0.01,9.700,0.01,9.700,0.00,9.700,0.00,9.700,0.01,9.700,0.00,9.700,0.00,9.700,-0.02,9.700,-0.02,9.700,0.86,9.700,0.09,9.700,0.00,9.700,-0.03,9.700,0.01,9.700,0.02,9.700,-0.02,9.700,0.04,9.700,0.00,9.700,0.05,9.700,-0.01,9.700,-0.01,9.700,0.00,9.700,0.00,9.700,-0.01,9.700,0.12,9.700,0.01,9.700,0.03,9.700,-0.01,9.700,0.01,9.700,0.00,9.700,0.00,9.700,0.00,9.700,2.46,9.700,0.05,9.700,0.00,9.700,-0.01,9.700,-0.01,9.700,0.00,9.700,0.00,9.700,0.03,9.700,-0.01,9.700,0.01,9.700,0.01,9.700,0.01,9.700,-0.02,9.700,0.01,9.700,0.02,9.700,0.02,9.700,0.04,9.700,-0.01,9.700,1.79,9.700,0.11,9.700,2.27,9.700,0.06,9.700,1.22,9.700,0.11,9.700,-0.01,9.700,-0.01,9.700,0.05,9.700,-0.01,9.700,-0.03,9.700,0.09
9.750,0.01,9.750,0.04,9.750,0.06,9.750,0.01,9.750,0.01,9.750,-0.01,9.750,0.01,9.750,0.00,9.750,0.00,9.750,0.01,9.750,-0.01,9.750,0.00,9.750,1.02,9.750,0.14,9.750,-0.01,9.750,-0.02,9.750,0.01,9.750,0.01,9.750,-0.02,9.750,0.04,9.750,0.00,9.750,0.07,9.750,-0.01,9.750,0.00,9.750,0.00,9.750,0.00,9.750,-0.01,9.750,0.19,9.750,0.01,9.750,0.04,9.750,0.00,9.750,0.01,9.750,0.00,9.750,0.00,9.750,0.00,9.750,2.75,9.750,0.09,9.750,0.00,9.750,-0.01,9.750,-0.01,9.750,-0.01,9.750,0.01,9.750,-0.01,9.750,0.00,9.750,0.01,9.750,0.00,9.750,0.02,9.750,-0.02,9.750,0.02,9.750,0.01,9.750,0.05,9.750,0.02,9.750,0.01,9.750,1.80,9.750,0.15,9.750,2.39,9.750,0.08,9.750,1.59,9.750,0.13,9.750,-0.01,9.750,-0.01,9.750,0.05,9.750,-0.02,9.750,-0.02,9.750,0.05
9.800,0.00,9.800,0.04,9.800,0.05,9.800,0.01,9.800,0.01,9.800,0.02,9.800,0.00,9.800,0.00,9.800,0.00,9.800,0.01,9.800,0.01,9.800,0.00,9.800,0.99,9.800,0.52,9.800,-0.01,9.800,-0.02,9.800,0.01,9.800,0.02,9.800,-0.01,9.800,0.05,9.800,0.02,9.800,0.11,9.800,-0.02,9.800,0.00,9.800,0.01,9.800,0.00,9.800,0.00,9.800,0.54,9.800,0.00,9.800,0.03,9.800,0.00,9.800,0.01,9.800,0.01,9.800,-0.01,9.800,0.00,9.800,3.06,9.800,0.30,9.800,0.00,9.800,-0.01,9.800,-0.02,9.800,-0.01,9.800,0.01,9.800,0.01,9.800,0.00,9.800,0.00,9.800,0.00,9.800,0.01,9.800,-0.02,9.800,0.02,9.800,0.01,9.800,0.03,9.800,0.04,9.800,0.01,9.800,1.55,9.800,0.29,9.800,2.37,9.800,0.15,9.800,2.55,9.800,0.24,9.800,-0.01,9.800,0.00,9.800,0.05,9.800,-0.01,9.800,-0.03,9.800,-0.01
9.850,0.00,9.850,0.04,9.850,0.06,9.850,0.02,9.850,0.01,9.850,0.02,9.850,0.00,9.850,-0.01,9.850,-0.01,9.850,0.01,9.850,0.01,9.850,0.00,9.850,0.05,9.850,0.14,9.850,0.00,9.850,-0.02,9.850,0.01,9.850,0.02,9.850,-0.01,9.850,0.06,9.850,0.01,9.850,0.34,9.850,-0.01,9.850,0.00,9.850,0.01,9.850,0.00,9.850,-0.01,9.850,1.21,9.850,0.00,9.850,0.04,9.850,-0.01,9.850,0.00,9.850,0.00,9.850,0.01,9.850,0.00,9.850,3.22,9.850,1.09,9.850,0.01,9.850,-0.02,9.850,-0.01,9.850,-0.01,9.850,0.01,9.850,0.01,9.850,0.00,9.850,0.01,9.850,0.00,9.850,-0.01,9.850,-0.02,9.850,0.02,9.850,0.01,9.850,0.05,9.850,0.04,9.850,0.01,9.850,1.86,9.850,0.50,9.850,2.65,9.850,1.28,9.850,3.44,9.850,1.03,9.850,0.00,9.850,0.02,9.850,0.06,9.850,-0.01,9.850,-0.02,9.850,-0.01
9.900,0.01,9.900,0.06,9.900,0.06,9.900,0.04,9.900,0.01,9.900,0.03,9.900,0.00,9.900,0.00,9.900,-0.01,9.900,0.01,9.900,-0.01,9.900,0.00,9.900,0.01,9.900,0.06,9.900,-0.01,9.900,-0.02,9.900,0.00,9.900,0.03,9.900,-0.01,9.900,0.07,9.900,0.00,9.900,1.28,9.900,-0.01,9.900,-0.01,9.900,0.00,9.900,-0.01,9.900,-0.01,9.900,0.11,9.900,0.00,9.900,0.03,9.900,0.00,9.900,0.01,9.900,0.00,9.900,0.00,9.900,0.01,9.900,2.65,9.900,1.94,9.900,0.00,9.900,-0.02,9.900,-0.01,9.900,-0.01,9.900,0.03,9.900,0.00,9.900,0.00,9.900,0.01,9.900,-0.01,9.900,0.00,9.900,-0.02,9.900,0.01,9.900,0.01,9.900,0.04,9.900,0.04,9.900,0.01,9.900,1.89,9.900,0.60,9.900,2.65,9.900,2.53,9.900,4.16,9.900,3.10,9.900,0.01,9.900,0.05,9.900,0.04,9.900,-0.01,9.900,-0.01,9.900,-0.01
9.950,5.55E-17,9.950,0.09,9.950,0.07,9.950,0.03,9.950,0.01,9.950,0.03,9.950,0.02,9.950,0.00,9.950,0.00,9.950,0.00,9.950,-0.02,9.950,-0.01,9.950,-0.04,9.950,-0.01,9.950,0.00,9.950,-0.02,9.950,0.00,9.950,0.03,9.950,-0.01,9.950,0.12,9.950,0.01,9.950,2.18,9.950,-0.01,9.950,-0.01,9.950,0.01,9.950,0.00,9.950,-0.01,9.950,0.05,9.950,0.01,9.950,0.04,9.950,0.00,9.950,0.02,9.950,0.00,9.950,0.00,9.950,-0.01,9.950,0.09,9.950,1.34,9.950,0.02,9.950,-0.01,9.950,-0.01,9.950,-0.01,9.950,0.03,9.950,0.00,9.950,0.00,9.950,0.01,9.950,0.01,9.950,0.01,9.950,-0.01,9.950,0.02,9.950,0.00,9.950,0.05,9.950,0.05,9.950,0.00,9.950,1.92,9.950,0.78,9.950,2.79,9.950,2.50,9.950,3.93,9.950,4.53,9.950,0.01,9.950,0.24,9.950,0.03,9.950,0.00,9.950,0.00,9.950,0.01
10.000,0.00,10.000,0.12,10.000,0.05,10.000,0.04,10.000,0.00,10.000,0.04,10.000,0.03,10.000,0.00,10.000,-0.01,10.000,0.01,10.000,-0.01,10.000,0.00,10.000,-0.02,10.000,0.00,10.000,0.00,10.000,-0.01,10.000,0.00,10.000,0.04,10.000,-0.01,10.000,0.39,10.000,0.00,10.000,2.49,10.000,-0.01,10.000,-0.01,10.000,0.01,10.000,-0.02,10.000,-0.01,10.000,0.00,10.000,0.00,10.000,0.06,10.000,-0.01,10.000,0.04,10.000,0.00,10.000,-0.01,10.000,0.00,10.000,0.04,10.000,0.04,10.000,0.02,10.000,-0.04,10.000,0.00,10.000,-0.01,10.000,0.07,10.000,0.01,10.000,-0.01,10.000,0.01,10.000,0.01,10.000,0.02,10.000,-0.02,10.000,0.02,10.000,0.01,10.000,0.06,10.000,0.06,10.000,0.00,10.000,2.36,10.000,0.76,10.000,3.24,10.000,2.51,10.000,3.57,10.000,4.44,10.000,0.01,10.000,4.08,10.000,0.05,10.000,0.00,10.000,-0.02,10.000,-0.01
10.050,0.00,10.050,0.21,10.050,0.05,10.050,0.04,10.050,0.00,10.050,0.05,10.050,0.02,10.050,0.00,10.050,-0.01,10.050,0.01,10.050,0.00,10.050,0.01,10.050,-0.03,10.050,0.00,10.050,0.00,10.050,0.00,10.050,-0.01,10.050,0.05,10.050,0.00,10.050,0.11,10.050,0.00,10.050,0.19,10.050,-0.01,10.050,0.00,10.050,0.00,10.050,-0.01,10.050,0.00,10.050,0.00,10.050,0.00,10.050,0.08,10.050,-0.01,10.050,0.03,10.050,-0.01,10.050,0.00,10.050,0.00,10.050,-0.01,10.050,-0.01,10.050,0.01,10.050,-0.03,10.050,0.01,10.050,-0.02,10.050,0.15,10.050,0.00,10.050,-0.01,10.050,0.01,10.050,0.01,10.050,0.01,10.050,-0.01,10.050,0.01,10.050,0.01,10.050,0.08,10.050,0.07,10.050,0.01,10.050,2.59,10.050,0.70,10.050,3.33,10.050,3.16,10.050,3.44,10.050,4.42,10.050,0.03,10.050,3.49,10.050,0.04,10.050,-0.01,10.050,-0.01,10.050,0.00
10.100,-0.01,10.100,0.39,10.100,0.05,10.100,0.09,10.100,-0.01,10.100,0.05,10.100,0.03,10.100,0.01,10.100,-0.01,10.100,0.00,10.100,0.00,10.100,0.01,10.100,-0.01,10.100,0.00,10.100,0.00,10.100,-0.01,10.100,0.00,10.100,0.05,10.100,-0.01,10.100,0.04,10.100,-0.01,10.100,0.05,10.100,-0.02,10.100,-0.01,10.100,0.00,10.100,-0.01,10.100,0.00,10.100,0.01,10.100,0.01,10.100,0.14,10.100,0.00,10.100,0.04,10.100,0.00,10.100,-0.01,10.100,0.00,10.100,-0.01,10.100,-0.03,10.100,0.01,10.100,-0.03,10.100,0.00,10.100,-0.02,10.100,0.83,10.100,0.00,10.100,0.00,10.100,0.01,10.100,0.01,10.100,0.01,10.100,-0.01,10.100,0.01,10.100,0.02,10.100,0.14,10.100,0.09,10.100,0.00,10.100,2.74,10.100,0.69,10.100,3.29,10.100,4.19,10.100,4.03,10.100,0.86,10.100,0.08,10.100,2.87,10.100,0.04,10.100,0.03,10.100,-0.01,10.100,0.00
10.150,0.01,10.150,0.65,10.150,0.07,10.150,0.23,10.150,0.00,10.150,0.07,10.150,0.04,10.150,0.02,10.150,-0.01,10.150,0.00,10.150,0.00,10.150,0.02,10.150,-0.03,10.150,0.00,10.150,0.00,10.150,-0.02,10.150,0.01,10.150,0.05,10.150,-0.01,10.150,-0.03,10.150,-0.01,10.150,-0.01,10.150,-0.01,10.150,-0.01,10.150,0.01,10.150,-0.01,10.150,0.00,10.150,0.00,10.150,0.00,10.150,0.40,10.150,-0.01,10.150,0.04,10.150,-0.01,10.150,-0.01,10.150,0.01,10.150,0.00,10.150,-0.02,10.150,0.02,10.150,-0.02,10.150,0.00,10.150,-0.01,10.150,1.76,10.150,0.01,10.150,0.00,10.150,0.01,10.150,0.01,10.150,0.00,10.150,-0.01,10.150,0.03,10.150,0.02,10.150,0.43,10.150,0.16,10.150,0.01,10.150,0.15,10.150,0.67,10.150,3.54,10.150,5.03,10.150,2.31,10.150,0.07,10.150,0.18,10.150,2.94,10.150,0.04,10.150,0.00,10.150,0.00,10.150,0.00
10.200,0.01,10.200,0.95,10.200,0.06,10.200,0.65,10.200,0.01,10.200,0.12,10.200,0.04,10.200,0.01,10.200,-0.01,10.200,0.01,10.200,0.00,10.200,0.04,10.200,-0.02,10.200,-0.01,10.200,0.01,10.200,-0.01,10.200,0.01,10.200,0.06,10.200,0.00,10.200,-0.01,10.200,0.00,10.200,-0.03,10.200,-0.01,10.200,-0.01,10.200,0.03,10.200,-0.01,10.200,-0.01,10.200,0.01,10.200,0.00,10.200,0.21,10.200,0.00,10.200,0.04,10.200,-0.01,10.200,-0.01,10.200,0.00,10.200,0.01,10.200,-0.02,10.200,0.01,10.200,-0.03,10.200,0.02,10.200,-0.01,10.200,1.98,10.200,-0.01,10.200,0.00,10.200,0.02,10.200,0.04,10.200,0.01,10.200,-0.01,10.200,0.01,10.200,0.01,10.200,0.96,10.200,0.30,10.200,0.01,10.200,0.05,10.200,0.68,10.200,3.53,10.200,5.14,10.200,0.95,10.200,0.01,10.200,1.05,10.200,3.53,10.200,0.05,10.200,-0.04,10.200,-0.01,10.200,0.00
10.250,0.01,10.250,1.15,10.250,0.10,10.250,0.07,10.250,0.00,10.250,0.19,10.250,0.04,10.250,0.00,10.250,0.00,10.250,0.01,10.250,-0.01,10.250,0.04,10.250,-0.02,10.250,0.00,10.250,0.01,10.250,-0.01,10.250,0.02,10.250,0.07,10.250,0.01,10.250,-0.01,10.250,-0.01,10.250,-0.01,10.250,-0.01,10.250,0.00,10.250,0.03,10.250,-0.01,10.250,0.00,10.250,0.01,10.250,0.01,10.250,0.06,10.250,-0.01,10.250,0.03,10.250,-0.02,10.250,-0.01,10.250,0.00,10.250,0.01,10.250,-0.02,10.250,0.00,10.250,-0.03,10.250,0.01,10.250,-0.01,10.250,2.39,10.250,0.01,10.250,0.01,10.250,0.01,10.250,0.04,10.250,0.01,10.250,-0.01,10.250,0.02,10.250,0.02,10.250,1.14,10.250,0.56,10.250,0.03,10.250,-0.02,10.250,0.68,10.250,3.22,10.250,4.95,10.250,0.51,10.250,-0.01,10.250,1.14,10.250,3.53,10.250,0.06,10.250,0.11,10.250,-0.01,10.250,0.00
10.300,0.00,10.300,1.52,10.300,0.18,10.300,0.04,10.300,0.00,10.300,0.34,10.300,0.06,10.300,0.01,10.300,0.01,10.300,0.01,10.300,-0.02,10.300,0.05,10.300,-0.03,10.300,-0.01,10.300,0.01,10.300,-0.01,10.300,0.02,10.300,0.08,10.300,0.00,10.300,-0.01,10.300,-0.01,10.300,-0.01,10.300,-0.01,10.300,0.00,10.300,0.03,10.300,0.01,10.300,-0.01,10.300,0.00,10.300,0.00,10.300,0.01,10.300,-0.01,10.300,0.05,10.300,-0.01,10.300,-0.01,10.300,0.02,10.300,0.00,10.300,-0.02,10.300,0.01,10.300,-0.02,10.300,0.00,10.300,-0.01,10.300,1.19,10.300,0.01,10.300,0.01,10.300,0.01,10.300,0.01,10.300,0.01,10.300,-0.01,10.300,0.02,10.300,0.01,10.300,1.10,10.300,0.81,10.300,0.03,10.300,-0.03,10.300,0.65,10.300,3.61,10.300,4.04,10.300,0.54,10.300,0.00,10.300,1.21,10.300,3.19,10.300,0.09,10.300,-0.02,10.300,-0.01,10.300,0.00
10.350,0.01,10.350,1.72,10.350,0.42,10.350,-0.02,10.350,0.00,10.350,0.66,10.350,0.05,10.350,0.00,10.350,0.00,10.350,0.01,10.350,-0.01,10.350,0.05,10.350,-0.03,10.350,-0.01,10.350,0.02,10.350,-0.01,10.350,0.02,10.350,0.09,10.350,-0.01,10.350,-0.02,10.350,0.04,10.350,-0.02,10.350,0.00,10.350,-0.01,10.350,0.04,10.350,0.04,10.350,0.00,10.350,0.01,10.350,0.01,10.350,0.02,10.350,0.00,10.350,0.06,10.350,0.00,10.350,0.00,10.350,0.02,10.350,0.00,10.350,-0.02,10.350,0.02,10.350,-0.02,10.350,0.00,10.350,0.01,10.350,0.04,10.350,0.01,10.350,0.02,10.350,0.01,10.350,0.01,10.350,0.01,10.350,-0.01,10.350,0.02,10.350,0.00,10.350,1.24,10.350,0.96,10.350,0.04,10.350,-0.04,10.350,0.60,10.350,3.70,10.350,4.09,10.350,0.60,10.350,-0.02,10.350,1.45,10.350,3.10,10.350,0.18,10.350,0.00,10.350,-0.01,10.350,0.01
10.400,0.01,10.400,1.69,10.400,1.08,10.400,-0.01,10.400,-0.01,10.400,1.06,10.400,0.06,10.400,0.00,10.400,0.00,10.400,0.00,10.400,-0.01,10.400,0.05,10.400,-0.02,10.400,-0.01,10.400,0.01,10.400,-0.01,10.400,0.03,10.400,0.11,10.400,0.00,10.400,-0.01,10.400,0.01,10.400,-0.01,10.400,-0.01,10.400,-0.01,10.400,0.05,10.400,0.01,10.400,0.00,10.400,0.00,10.400,0.01,10.400,0.01,10.400,0.00,10.400,0.08,10.400,-0.01,10.400,0.00,10.400,0.02,10.400,0.01,10.400,-0.01,10.400,0.02,10.400,-0.02,10.400,0.00,10.400,0.00,10.400,-0.01,10.400,0.02,10.400,0.02,10.400,0.00,10.400,0.01,10.400,0.01,10.400,-0.01,10.400,0.02,10.400,0.01,10.400,1.54,10.400,1.25,10.400,0.04,10.400,-0.02,10.400,1.01,10.400,3.79,10.400,4.77,10.400,0.52,10.400,-0.02,10.400,2.26,10.400,3.13,10.400,1.88,10.400,0.01,10.400,-0.02,10.400,0.00
10.450,0.01,10.450,1.68,10.450,0.26,10.450,0.00,10.450,0.01,10.450,1.46,10.450,0.07,10.450,0.00,10.450,0.00,10.450,-0.01,10.450,0.01,10.450,0.06,10.450,-0.02,10.450,0.00,10.450,0.00,10.450,-0.01,10.450,0.03,10.450,0.15,10.450,-0.01,10.450,-0.01,10.450,0.02,10.450,-0.02,10.450,-0.01,10.450,0.00,10.450,0.05,10.450,-0.01,10.450,-0.01,10.450,0.01,10.450,0.00,10.450,0.01,10.450,0.05,10.450,0.10,10.450,-0.01,10.450,0.00,10.450,0.02,10.450,0.00,10.450,0.00,10.450,0.02,10.450,-0.03,10.450,0.00,10.450,0.00,10.450,-0.04,10.450,0.01,10.450,0.02,10.450,0.01,10.450,0.01,10.450,0.01,10.450,-0.01,10.450,0.01,10.450,0.01,10.450,2.06,10.450,1.60,10.450,0.04,10.450,-0.02,10.450,1.98,10.450,3.90,10.450,3.16,10.450,0.48,10.450,-0.02,10.450,2.49,10.450,3.04,10.450,2.18,10.450,0.02,10.450,-0.02,10.450,0.00
10.500,0.01,10.500,1.87,10.500,0.08,10.500,-0.01,10.500,0.00,10.500,1.85,10.500,0.07,10.500,0.01,10.500,0.01,10.500,0.00,10.500,0.01,10.500,0.08,10.500,-0.03,10.500,-0.01,10.500,0.01,10.500,-0.01,10.500,0.04,10.500,0.22,10.500,0.00,10.500,-0.01,10.500,-0.02,10.500,-0.02,10.500,-0.01,10.500,0.00,10.500,0.08,10.500,-0.01,10.500,0.00,10.500,0.01,10.500,0.01,10.500,0.02,10.500,0.04,10.500,0.16,10.500,-0.01,10.500,0.01,10.500,0.03,10.500,0.01,10.500,-0.01,10.500,0.02,10.500,-0.03,10.500,0.00,10.500,0.00,10.500,-0.03,10.500,0.01,10.500,0.03,10.500,0.01,10.500,0.01,10.500,0.01,10.500,-0.02,10.500,0.01,10.500,0.01,10.500,1.14,10.500,1.73,10.500,0.04,10.500,-0.03,10.500,2.48,10.500,3.83,10.500,0.08,10.500,0.56,10.500,-0.01,10.500,2.88,10.500,2.93,10.500,1.83,10.500,0.08,10.500,-0.02,10.500,-0.01
10.550,0.01,10.550,2.01,10.550,-0.01,10.550,-0.01,10.550,0.01,10.550,2.01,10.550,0.08,10.550,0.01,10.550,0.01,10.550,0.01,10.550,0.01,10.550,0.11,10.550,-0.02,10.550,-0.02,10.550,0.02,10.550,0.00,10.550,0.04,10.550,0.43,10.550,0.00,10.550,0.00,10.550,0.00,10.550,-0.01,10.550,0.00,10.550,0.00,10.550,0.17,10.550,0.00,10.550,-0.01,10.550,0.02,10.550,0.01,10.550,0.01,10.550,0.01,10.550,0.27,10.550,0.00,10.550,0.00,10.550,0.03,10.550,0.01,10.550,-0.01,10.550,0.02,10.550,-0.02,10.550,-0.01,10.550,0.00,10.550,-0.01,10.550,0.01,10.550,0.05,10.550,0.01,10.550,0.02,10.550,0.01,10.550,-0.02,10.550,0.01,10.550,0.01,10.550,0.08,10.550,1.72,10.550,0.06,10.550,-0.03,10.550,2.87,10.550,3.85,10.550,0.04,10.550,0.63,10.550,-0.01,10.550,2.86,10.550,2.91,10.550,2.71,10.550,2.08,10.550,-0.01,10.550,-0.01
10.600,-0.01,10.600,2.03,10.600,0.01,10.600,-0.01,10.600,0.01,10.600,2.10,10.600,0.11,10.600,0.01,10.600,0.02,10.600,0.01,10.600,0.02,10.600,0.29,10.600,-0.02,10.600,-0.01,10.600,0.02,10.600,0.00,10.600,0.04,10.600,0.94,10.600,-0.01,10.600,-0.01,10.600,0.00,10.600,-0.01,10.600,-0.01,10.600,0.00,10.600,0.42,10.600,-0.01,10.600,-0.01,10.600,0.01,10.600,0.01,10.600,0.02,10.600,0.01,10.600,0.46,10.600,0.00,10.600,-0.01,10.600,0.02,10.600,0.01,10.600,-0.01,10.600,0.02,10.600,-0.02,10.600,-0.02,10.600,0.00,10.600,-0.02,10.600,0.01,10.600,0.05,10.600,0.01,10.600,0.01,10.600,0.01,10.600,-0.01,10.600,0.02,10.600,0.01,10.600,0.02,10.600,1.77,10.600,0.08,10.600,-0.03,10.600,3.05,10.600,3.85,10.600,-0.01,10.600,0.65,10.600,-0.02,10.600,3.35,10.600,2.73,10.600,3.34,10.600,3.85,10.600,-0.01,10.600,0.12
10.650,0.00,10.650,0.07,10.650,0.01,10.650,-0.01,10.650,0.00,10.650,2.23,10.650,0.18,10.650,-0.01,10.650,0.01,10.650,0.01,10.650,0.02,10.650,1.28,10.650,-0.02,10.650,0.00,10.650,0.02,10.650,0.00,10.650,0.06,10.650,0.97,10.650,0.00,10.650,-0.02,10.650,0.01,10.650,0.00,10.650,-0.01,10.650,0.01,10.650,0.06,10.650,0.00,10.650,-0.01,10.650,0.01,10.650,0.01,10.650,0.03,10.650,0.01,10.650,0.76,10.650,0.00,10.650,-0.01,10.650,0.03,10.650,0.00,10.650,-0.01,10.650,0.02,10.650,-0.01,10.650,-0.01,10.650,0.01,10.650,-0.01,10.650,0.01,10.650,0.06,10.650,0.01,10.650,0.02,10.650,0.01,10.650,-0.02,10.650,0.01,10.650,0.01,10.650,0.00,10.650,1.59,10.650,0.12,10.650,-0.02,10.650,3.32,10.650,3.88,10.650,0.00,10.650,0.63,10.650,-0.02,10.650,3.88,10.650,2.18,10.650,3.22,10.650,3.23,10.650,-0.01,10.650,0.01
10.700,0.00,10.700,0.03,10.700,0.01,10.700,-0.01,10.700,0.01,10.700,2.23,10.700,0.37,10.700,0.00,10.700,0.02,10.700,0.01,10.700,0.03,10.700,2.23,10.700,-0.03,10.700,0.00,10.700,0.01,10.700,0.01,10.700,0.07,10.700,1.02,10.700,0.00,10.700,-0.01,10.700,0.02,10.700,-0.02,10.700,0.01,10.700,0.01,10.700,-0.01,10.700,0.00,10.700,0.00,10.700,0.01,10.700,0.02,10.700,0.03,10.700,0.01,10.700,1.08,10.700,0.01,10.700,-0.01,10.700,0.05,10.700,0.00,10.700,-0.02,10.700,0.03,10.700,-0.01,10.700,0.00,10.700,0.00,10.700,-0.02,10.700,0.02,10.700,0.07,10.700,0.01,10.700,0.02,10.700,0.01,10.700,-0.02,10.700,0.01,10.700,0.01,10.700,0.00,10.700,1.42,10.700,0.17,10.700,-0.03,10.700,3.65,10.700,3.66,10.700,-0.01,10.700,0.62,10.700,-0.02,10.700,3.82,10.700,1.22,10.700,3.45,10.700,4.07,10.700,-0.02,10.700,0.11
10.750,0.00,10.750,0.00,10.750,0.01,10.750,0.00,10.750,0.00,10.750,2.53,10.750,1.21,10.750,0.00,10.750,0.01,10.750,0.01,10.750,0.03,10.750,0.08,10.750,-0.02,10.750,0.00,10.750,0.02,10.750,0.01,10.750,0.09,10.750,1.20,10.750,0.00,10.750,0.00,10.750,0.01,10.750,-0.01,10.750,0.02,10.750,0.00,10.750,-0.03,10.750,0.00,10.750,0.00,10.750,0.01,10.750,0.01,10.750,0.03,10.750,0.01,10.750,1.37,10.750,0.00,10.750,-0.01,10.750,0.05,10.750,0.00,10.750,-0.01,10.750,0.02,10.750,-0.01,10.750,0.00,10.750,0.00,10.750,-0.01,10.750,0.01,10.750,0.11,10.750,0.01,10.750,0.02,10.750,0.01,10.750,-0.02,10.750,0.01,10.750,0.01,10.750,0.01,10.750,1.54,10.750,0.26,10.750,-0.02,10.750,4.30,10.750,3.39,10.750,-0.01,10.750,0.60,10.750,-0.01,10.750,3.59,10.750,1.37,10.750,3.32,10.750,4.58,10.750,-0.01,10.750,-0.02
10.800,-0.01,10.800,0.02,10.800,0.01,10.800,-0.01,10.800,0.01,10.800,2.75,10.800,1.64,10.800,0.00,10.800,0.00,10.800,0.01,10.800,0.04,10.800,0.05,10.800,-0.02,10.800,0.01,10.800,0.02,10.800,0.01,10.800,0.17,10.800,0.55,10.800,0.00,10.800,0.00,10.800,0.01,10.800,-0.01,10.800,-0.02,10.800,0.01,10.800,-0.02,10.800,0.00,10.800,0.00,10.800,0.02,10.800,0.01,10.800,0.02,10.800,0.00,10.800,1.64,10.800,0.00,10.800,-0.01,10.800,0.06,10.800,0.01,10.800,-0.01,10.800,0.02,10.800,-0.01,10.800,0.01,10.800,0.00,10.800,-0.02,10.800,0.02,10.800,0.27,10.800,0.02,10.800,0.02,10.800,0.05,10.800,-0.01,10.800,0.01,10.800,0.00,10.800,0.00,10.800,1.85,10.800,0.36,10.800,-0.02,10.800,3.85,10.800,2.87,10.800,0.00,10.800,0.59,10.800,0.00,10.800,4.79,10.800,2.27,10.800,3.88,10.800,0.10,10.800,-0.01,10.800,0.01
10.850,0.00,10.850,0.02,10.850,0.00,10.850,-0.01,10.850,-0.01,10.850,0.03,10.850,1.85,10.850,0.01,10.850,0.01,10.850,0.01,10.850,0.05,10.850,-0.01,10.850,-0.02,10.850,0.00,10.850,0.04,10.850,0.01,10.850,0.95,10.850,0.07,10.850,0.00,10.850,0.01,10.850,0.01,10.850,-0.01,10.850,-0.02,10.850,0.00,10.850,-0.02,10.850,-0.01,10.850,0.02,10.850,0.02,10.850,0.01,10.850,0.03,10.850,-0.01,10.850,1.85,10.850,0.00,10.850,0.00,10.850,0.07,10.850,0.01,10.850,-0.01,10.850,0.02,10.850,0.00,10.850,0.01,10.850,0.00,10.850,-0.02,10.850,0.02,10.850,0.65,10.850,0.01,10.850,0.02,10.850,0.05,10.850,-0.01,10.850,0.01,10.850,0.01,10.850,0.01,10.850,2.10,10.850,0.43,10.850,-0.01,10.850,3.30,10.850,2.83,10.850,0.01,10.850,0.60,10.850,0.00,10.850,0.06,10.850,2.31,10.850,4.33,10.850,0.04,10.850,-0.01,10.850,0.02
10.900,-0.02,10.900,0.01,10.900,0.01,10.900,-0.01,10.900,-0.01,10.900,0.05,10.900,2.08,10.900,-0.01,10.900,0.02,10.900,0.02,10.900,0.04,10.900,0.00,10.900,-0.03,10.900,-0.01,10.900,0.04,10.900,0.01,10.900,1.25,10.900,0.04,10.900,0.00,10.900,-0.01,10.900,0.01,10.900,-0.01,10.900,-0.01,10.900,0.00,10.900,-0.02,10.900,-0.01,10.900,0.02,10.900,0.02,10.900,0.01,10.900,0.03,10.900,0.00,10.900,2.27,10.900,0.00,10.900,0.00,10.900,0.08,10.900,0.01,10.900,-0.01,10.900,0.01,10.900,-0.01,10.900,0.02,10.900,0.01,10.900,-0.02,10.900,0.02,10.900,0.89,10.900,0.01,10.900,0.02,10.900,0.01,10.900,-0.02,10.900,0.02,10.900,0.01,10.900,0.00,10.900,0.96,10.900,0.40,10.900,-0.02,10.900,3.09,10.900,3.23,10.900,0.01,10.900,0.60,10.900,-0.01,10.900,0.02,10.900,2.34,10.900,5.20,10.900,-0.03,10.900,-0.01,10.900,0.01
10.950,-0.01,10.950,0.02,10.950,0.01,10.950,-0.02,10.950,-0.01,10.950,-0.02,10.950,2.29,10.950,0.00,10.950,0.02,10.950,0.01,10.950,0.05,10.950,0.00,10.950,-0.02,10.950,0.00,10.950,0.05,10.950,0.00,10.950,0.09,10.950,0.00,10.950,-0.01,10.950,0.00,10.950,0.02,10.950,-0.02,10.950,-0.01,10.950,0.01,10.950,-0.03,10.950,0.00,10.950,0.01,10.950,0.02,10.950,0.00,10.950,0.04,10.950,0.00,10.950,2.54,10.950,-0.01,10.950,0.00,10.950,0.12,10.950,0.00,10.950,0.00,10.950,0.01,10.950,0.01,10.950,0.01,10.950,0.01,10.950,-0.02,10.950,0.01,10.950,0.91,10.950,0.01,10.950,0.01,10.950,-0.02,10.950,-0.02,10.950,0.02,10.950,0.01,10.950,0.01,10.950,0.04,10.950,0.42,10.950,-0.03,10.950,3.28,10.950,0.18,10.950,0.00,10.950,0.59,10.950,0.00,10.950,-0.03,10.950,2.66,10.950,4.91,10.950,-0.02,10.950,-0.01,10.950,0.02
11.000,-0.02,11.000,0.02,11.000,0.01,11.000,-0.01,11.000,0.01,11.000,-0.02,11.000,0.26,11.000,0.00,11.000,0.01,11.000,0.01,11.000,0.06,11.000,0.00,11.000,-0.01,11.000,-0.01,11.000,0.05,11.000,-0.01,11.000,0.05,11.000,0.00,11.000,-0.01,11.000,0.00,11.000,0.03,11.000,-0.01,11.000,-0.01,11.000,0.01,11.000,-0.02,11.000,0.00,11.000,-0.02,11.000,0.02,11.000,0.01,11.000,0.03,11.000,0.01,11.000,2.69,11.000,0.00,11.000,0.00,11.000,0.20,11.000,0.00,11.000,-0.01,11.000,0.01,11.000,0.01,11.000,0.01,11.000,0.04,11.000,-0.02,11.000,0.02,11.000,0.78,11.000,0.01,11.000,0.02,11.000,0.00,11.000,-0.01,11.000,0.02,11.000,0.02,11.000,0.00,11.000,-0.02,11.000,0.62,11.000,-0.02,11.000,3.12,11.000,0.07,11.000,0.01,11.000,0.57,11.000,0.00,11.000,-0.02,11.000,3.13,11.000,4.83,11.000,-0.04,11.000,-0.02,11.000,0.01
11.050,5.55E-17,11.050,0.02,11.050,0.02,11.050,0.00,11.050,0.00,11.050,-0.02,11.050,0.06,11.050,0.00,11.050,0.01,11.050,-0.01,11.050,0.06,11.050,0.00,11.050,-0.01,11.050,-0.01,11.050,0.06,11.050,0.00,11.050,0.00,11.050,0.01,11.050,-0.01,11.050,-0.01,11.050,0.03,11.050,-0.01,11.050,-0.01,11.050,0.00,11.050,-0.01,11.050,0.00,11.050,0.00,11.050,0.02,11.050,0.02,11.050,0.03,11.050,0.02,11.050,0.48,11.050,0.00,11.050,0.01,11.050,0.46,11.050,0.01,11.050,-0.01,11.050,0.01,11.050,0.02,11.050,0.00,11.050,0.04,11.050,-0.02,11.050,0.02,11.050,0.25,11.050,0.00,11.050,0.01,11.050,0.01,11.050,-0.01,11.050,0.02,11.050,0.02,11.050,0.00,11.050,-0.02,11.050,1.20,11.050,-0.03,11.050,2.99,11.050,0.00,11.050,0.00,11.050,0.56,11.050,0.00,11.050,-0.03,11.050,3.76,11.050,4.75,11.050,-0.01,11.050,-0.01,11.050,0.01
11.100,0.00,11.100,0.02,11.100,0.01,11.100,0.00,11.100,0.01,11.100,-0.02,11.100,0.00,11.100,0.01,11.100,0.01,11.100,0.00,11.100,0.07,11.100,0.01,11.100,-0.02,11.100,0.00,11.100,0.09,11.100,0.00,11.100,0.01,11.100,0.01,11.100,0.00,11.100,-0.01,11.100,0.04,11.100,-0.01,11.100,0.00,11.100,-0.01,11.100,-0.02,11.100,0.00,11.100,-0.01,11.100,0.01,11.100,0.01,11.100,0.04,11.100,0.01,11.100,0.06,11.100,0.00,11.100,0.01,11.100,0.14,11.100,0.00,11.100,-0.01,11.100,-0.01,11.100,0.02,11.100,0.01,11.100,0.07,11.100,0.00,11.100,0.01,11.100,0.06,11.100,0.00,11.100,0.01,11.100,0.01,11.100,-0.01,11.100,0.01,11.100,0.01,11.100,0.01,11.100,-0.02,11.100,1.60,11.100,-0.03,11.100,2.94,11.100,0.01,11.100,0.01,11.100,0.57,11.100,-0.01,11.100,-0.02,11.100,4.88,11.100,0.14,11.100,-0.02,11.100,-0.01,11.100,0.02
11.150,5.55E-17,11.150,0.00,11.150,0.01,11.150,-0.01,11.150,0.01,11.150,-0.04,11.150,0.00,11.150,0.02,11.150,0.02,11.150,0.01,11.150,0.07,11.150,0.01,11.150,-0.02,11.150,-0.01,11.150,0.18,11.150,0.00,11.150,0.01,11.150,0.00,11.150,0.02,11.150,-0.01,11.150,0.04,11.150,-0.01,11.150,0.00,11.150,-0.01,11.150,-0.02,11.150,-0.01,11.150,-0.01,11.150,0.01,11.150,0.01,11.150,0.02,11.150,0.01,11.150,0.01,11.150,0.00,11.150,0.01,11.150,0.06,11.150,0.01,11.150,-0.01,11.150,0.00,11.150,0.03,11.150,0.02,11.150,0.15,11.150,-0.01,11.150,0.01,11.150,0.01,11.150,0.01,11.150,0.01,11.150,0.00,11.150,-0.01,11.150,0.01,11.150,0.00,11.150,0.01,11.150,-0.02,11.150,1.68,11.150,-0.03,11.150,2.94,11.150,0.01,11.150,0.00,11.150,0.59,11.150,-0.01,11.150,-0.03,11.150,0.36,11.150,0.07,11.150,-0.03,11.150,-0.01,11.150,0.01
11.200,-0.01,11.200,0.01,11.200,0.02,11.200,-0.01,11.200,0.01,11.200,-0.03,11.200,0.00,11.200,0.02,11.200,0.02,11.200,0.00,11.200,0.07,11.200,-0.01,11.200,-0.03,11.200,-0.01,11.200,0.37,11.200,0.00,11.200,0.01,11.200,0.01,11.200,0.00,11.200,-0.01,11.200,0.05,11.200,-0.01,11.200,0.01,11.200,0.00,11.200,-0.03,11.200,-0.01,11.200,-0.01,11.200,0.02,11.200,0.01,11.200,0.03,11.200,0.02,11.200,0.00,11.200,0.00,11.200,0.01,11.200,-0.01,11.200,0.01,11.200,-0.01,11.200,0.00,11.200,0.03,11.200,0.01,11.200,0.72,11.200,-0.01,11.200,0.02,11.200,-0.01,11.200,0.02,11.200,0.01,11.200,0.01,11.200,-0.02,11.200,0.01,11.200,0.00,11.200,0.01,11.200,-0.03,11.200,1.75,11.200,-0.03,11.200,3.12,11.200,0.02,11.200,0.00,11.200,0.61,11.200,0.00,11.200,-0.03,11.200,0.06,11.200,0.00,11.200,-0.02,11.200,-0.01,11.200,0.02
11.250,0.01,11.250,0.01,11.250,0.02,11.250,0.01,11.250,0.02,11.250,-0.03,11.250,0.01,11.250,0.03,11.250,0.01,11.250,0.00,11.250,0.06,11.250,-0.01,11.250,-0.02,11.250,0.00,11.250,0.07,11.250,-0.01,11.250,0.01,11.250,0.01,11.250,-0.01,11.250,-0.01,11.250,0.07,11.250,-0.01,11.250,0.01,11.250,-0.01,11.250,-0.02,11.250,0.00,11.250,0.00,11.250,0.02,11.250,0.01,11.250,0.04,11.250,0.03,11.250,0.01,11.250,0.00,11.250,0.00,11.250,0.00,11.250,0.01,11.250,-0.02,11.250,0.01,11.250,0.04,11.250,0.01,11.250,2.12,11.250,-0.02,11.250,0.02,11.250,-0.01,11.250,0.02,11.250,0.01,11.250,0.01,11.250,-0.02,11.250,0.01,11.250,0.00,11.250,0.00,11.250,-0.03,11.250,0.61,11.250,-0.03,11.250,3.38,11.250,0.02,11.250,0.00,11.250,0.63,11.250,0.00,11.250,-0.02,11.250,-0.01,11.250,0.00,11.250,-0.01,11.250,0.04,11.250,0.04
11.300,0.00,11.300,0.01,11.300,0.01,11.300,0.00,11.300,0.03,11.300,-0.04,11.300,0.00,11.300,0.03,11.300,0.01,11.300,0.00,11.300,0.07,11.300,0.00,11.300,-0.03,11.300,-0.01,11.300,0.01,11.300,-0.02,11.300,0.01,11.300,0.01,11.300,0.00,11.300,-0.01,11.300,0.09,11.300,-0.01,11.300,0.01,11.300,-0.01,11.300,-0.02,11.300,0.01,11.300,-0.01,11.300,0.01,11.300,0.02,11.300,0.03,11.300,0.03,11.300,0.01,11.300,-0.02,11.300,0.00,11.300,0.01,11.300,0.01,11.300,-0.01,11.300,0.00,11.300,0.07,11.300,0.01,11.300,2.56,11.300,-0.01,11.300,0.01,11.300,-0.01,11.300,0.01,11.300,0.01,11.300,0.01,11.300,-0.01,11.300,0.01,11.300,0.00,11.300,0.01,11.300,-0.03,11.300,0.07,11.300,-0.04,11.300,3.53,11.300,0.03,11.300,-0.01,11.300,0.62,11.300,0.00,11.300,-0.02,11.300,-0.01,11.300,0.01,11.300,-0.01,11.300,-0.01,11.300,0.05
11.350,5.55E-17,11.350,0.01,11.350,0.01,11.350,-0.02,11.350,0.03,11.350,-0.02,11.350,0.00,11.350,0.04,11.350,0.01,11.350,0.01,11.350,0.06,11.350,0.00,11.350,-0.02,11.350,-0.01,11.350,-0.01,11.350,-0.02,11.350,0.01,11.350,0.02,11.350,0.00,11.350,-0.01,11.350,0.21,11.350,-0.02,11.350,0.02,11.350,0.00,11.350,-0.03,11.350,0.01,11.350,0.00,11.350,0.02,11.350,0.01,11.350,0.03,11.350,0.02,11.350,0.01,11.350,0.03,11.350,0.00,11.350,-0.01,11.350,0.01,11.350,-0.01,11.350,0.00,11.350,0.11,11.350,0.02,11.350,2.74,11.350,-0.01,11.350,0.02,11.350,0.00,11.350,0.02,11.350,0.03,11.350,0.00,11.350,-0.01,11.350,0.01,11.350,-0.01,11.350,-0.01,11.350,-0.03,11.350,0.00,11.350,-0.03,11.350,3.62,11.350,0.02,11.350,0.00,11.350,0.61,11.350,0.00,11.350,-0.02,11.350,-0.01,11.350,0.02,11.350,-0.01,11.350,0.03,11.350,0.09
11.400,-0.01,11.400,0.01,11.400,0.01,11.400,-0.01,11.400,0.03,11.400,-0.02,11.400,-0.01,11.400,0.06,11.400,0.00,11.400,0.00,11.400,0.05,11.400,0.00,11.400,-0.02,11.400,-0.02,11.400,0.00,11.400,-0.02,11.400,0.01,11.400,0.01,11.400,0.00,11.400,-0.01,11.400,0.69,11.400,0.03,11.400,0.02,11.400,0.00,11.400,-0.02,11.400,0.02,11.400,0.01,11.400,0.02,11.400,0.01,11.400,0.03,11.400,0.03,11.400,0.00,11.400,0.00,11.400,0.00,11.400,0.00,11.400,0.01,11.400,-0.01,11.400,-0.01,11.400,0.22,11.400,0.01,11.400,3.02,11.400,-0.01,11.400,0.02,11.400,0.00,11.400,0.02,11.400,0.04,11.400,0.01,11.400,-0.01,11.400,0.02,11.400,0.00,11.400,-0.01,11.400,-0.02,11.400,-0.02,11.400,-0.02,11.400,3.40,11.400,0.03,11.400,0.08,11.400,0.76,11.400,0.00,11.400,-0.02,11.400,-0.01,11.400,0.02,11.400,-0.01,11.400,-0.02,11.400,0.25
11.450,-0.02,11.450,0.00,11.450,0.01,11.450,-0.02,11.450,0.03,11.450,-0.02,11.450,-0.01,11.450,0.08,11.450,0.01,11.450,0.00,11.450,0.04,11.450,0.00,11.450,-0.03,11.450,0.00,11.450,0.00,11.450,-0.01,11.450,0.01,11.450,0.00,11.450,0.00,11.450,-0.01,11.450,1.78,11.450,0.02,11.450,0.02,11.450,-0.01,11.450,-0.03,11.450,0.03,11.450,0.00,11.450,0.02,11.450,0.01,11.450,0.03,11.450,0.04,11.450,0.00,11.450,-0.02,11.450,0.01,11.450,0.00,11.450,0.01,11.450,-0.02,11.450,0.01,11.450,0.47,11.450,0.00,11.450,0.70,11.450,-0.01,11.450,0.01,11.450,0.00,11.450,0.02,11.450,0.04,11.450,0.02,11.450,0.00,11.450,0.02,11.450,0.00,11.450,0.00,11.450,-0.04,11.450,-0.01,11.450,0.00,11.450,3.50,11.450,0.03,11.450,0.01,11.450,1.06,11.450,0.02,11.450,-0.03,11.450,-0.01,11.450,0.01,11.450,-0.02,11.450,0.01,11.450,2.97
11.500,-0.01,11.500,0.01,11.500,0.01,11.500,-0.02,11.500,0.04,11.500,-0.03,11.500,-0.01,11.500,0.21,11.500,0.02,11.500,0.01,11.500,0.06,11.500,-0.01,11.500,-0.02,11.500,0.00,11.500,0.01,11.500,-0.01,11.500,0.00,11.500,0.00,11.500,0.00,11.500,0.00,11.500,2.51,11.500,-0.01,11.500,0.03,11.500,-0.01,11.500,-0.03,11.500,0.04,11.500,-0.01,11.500,0.03,11.500,0.02,11.500,0.02,11.500,0.03,11.500,0.01,11.500,-0.01,11.500,-0.01,11.500,0.00,11.500,0.01,11.500,0.02,11.500,0.01,11.500,0.79,11.500,0.01,11.500,0.06,11.500,-0.02,11.500,0.01,11.500,0.00,11.500,0.04,11.500,0.04,11.500,0.02,11.500,0.00,11.500,0.01,11.500,0.01,11.500,0.01,11.500,-0.03,11.500,-0.01,11.500,0.00,11.500,3.55,11.500,0.03,11.500,0.02,11.500,1.30,11.500,0.01,11.500,-0.02,11.500,-0.01,11.500,0.00,11.500,-0.01,11.500,0.01,11.500,2.76
11.550,5.55E-17,11.550,0.01,11.550,0.01,11.550,-0.01,11.550,0.06,11.550,-0.03,11.550,-0.01,11.550,0.64,11.550,0.03,11.550,0.02,11.550,0.05,11.550,0.01,11.550,-0.02,11.550,0.00,11.550,0.01,11.550,-0.02,11.550,0.01,11.550,0.01,11.550,-0.01,11.550,-0.01,11.550,2.92,11.550,-0.01,11.550,0.04,11.550,-0.01,11.550,-0.02,11.550,0.03,11.550,0.00,11.550,0.01,11.550,0.01,11.550,0.02,11.550,0.04,11.550,0.00,11.550,0.00,11.550,0.00,11.550,0.01,11.550,0.01,11.550,0.00,11.550,0.00,11.550,0.39,11.550,0.01,11.550,-0.02,11.550,-0.03,11.550,0.00,11.550,-0.01,11.550,0.04,11.550,0.03,11.550,0.02,11.550,-0.01,11.550,0.02,11.550,0.01,11.550,-0.01,11.550,-0.04,11.550,0.00,11.550,-0.02,11.550,3.29,11.550,0.04,11.550,-0.02,11.550,1.85,11.550,0.02,11.550,-0.01,11.550,-0.01,11.550,0.01,11.550,-0.01,11.550,0.01,11.550,2.58
11.600,0.00,11.600,0.01,11.600,0.01,11.600,-0.01,11.600,0.08,11.600,-0.03,11.600,0.00,11.600,1.22,11.600,0.02,11.600,0.01,11.600,0.05,11.600,0.00,11.600,-0.01,11.600,0.00,11.600,0.01,11.600,-0.01,11.600,0.01,11.600,0.00,11.600,0.01,11.600,-0.01,11.600,3.33,11.600,-0.01,11.600,0.04,11.600,0.01,11.600,-0.02,11.600,0.03,11.600,0.00,11.600,0.02,11.600,0.01,11.600,0.02,11.600,0.04,11.600,0.01,11.600,0.01,11.600,-0.01,11.600,0.01,11.600,0.00,11.600,-0.01,11.600,0.01,11.600,0.10,11.600,0.01,11.600,-0.01,11.600,-0.02,11.600,0.00,11.600,-0.01,11.600,0.04,11.600,0.05,11.600,0.01,11.600,-0.01,11.600,0.03,11.600,0.01,11.600,0.00,11.600,-0.03,11.600,0.00,11.600,-0.03,11.600,3.13,11.600,0.03,11.600,0.00,11.600,2.62,11.600,0.00,11.600,-0.02,11.600,-0.02,11.600,0.00,11.600,-0.02,11.600,0.03,11.600,4.12
11.650,0.00,11.650,0.01,11.650,0.01,11.650,-0.01,11.650,0.31,11.650,-0.02,11.650,0.00,11.650,0.10,11.650,0.03,11.650,0.01,11.650,0.05,11.650,0.00,11.650,-0.02,11.650,0.02,11.650,0.00,11.650,0.00,11.650,0.01,11.650,0.01,11.650,0.01,11.650,-0.01,11.650,0.21,11.650,-0.01,11.650,0.05,11.650,0.01,11.650,-0.02,11.650,0.05,11.650,0.00,11.650,0.01,11.650,0.02,11.650,0.03,11.650,0.04,11.650,0.01,11.650,0.00,11.650,-0.01,11.650,0.01,11.650,0.01,11.650,-0.02,11.650,0.01,11.650,0.04,11.650,0.01,11.650,-0.01,11.650,-0.03,11.650,0.00,11.650,-0.01,11.650,0.05,11.650,0.05,11.650,0.02,11.650,-0.02,11.650,0.03,11.650,-0.01,11.650,0.01,11.650,-0.02,11.650,0.00,11.650,-0.03,11.650,2.65,11.650,0.03,11.650,0.02,11.650,2.66,11.650,0.02,11.650,-0.02,11.650,-0.03,11.650,0.01,11.650,-0.02,11.650,0.04,11.650,4.29
11.700,0.01,11.700,0.01,11.700,0.02,11.700,-0.01,11.700,0.06,11.700,-0.03,11.700,0.01,11.700,0.05,11.700,0.03,11.700,0.01,11.700,0.05,11.700,0.00,11.700,-0.02,11.700,0.01,11.700,0.01,11.700,0.01,11.700,0.01,11.700,0.01,11.700,-0.01,11.700,-0.01,11.700,0.08,11.700,-0.02,11.700,0.05,11.700,0.00,11.700,-0.02,11.700,0.06,11.700,0.00,11.700,0.01,11.700,0.03,11.700,0.02,11.700,0.04,11.700,0.01,11.700,0.00,11.700,-0.02,11.700,0.02,11.700,0.00,11.700,-0.01,11.700,0.01,11.700,0.00,11.700,0.00,11.700,-0.01,11.700,-0.02,11.700,0.01,11.700,-0.01,11.700,0.05,11.700,0.05,11.700,0.01,11.700,-0.03,11.700,0.04,11.700,0.04,11.700,0.02,11.700,-0.02,11.700,-0.01,11.700,-0.02,11.700,2.17,11.700,0.03,11.700,0.01,11.700,2.56,11.700,0.05,11.700,-0.02,11.700,-0.02,11.700,0.00,11.700,-0.02,11.700,0.09,11.700,4.76
11.750,0.02,11.750,2.78E-17,11.750,0.01,11.750,-0.01,11.750,0.05,11.750,-0.02,11.750,0.01,11.750,-0.02,11.750,0.04,11.750,0.00,11.750,0.05,11.750,-0.01,11.750,-0.01,11.750,0.01,11.750,0.00,11.750,0.01,11.750,0.01,11.750,0.01,11.750,0.00,11.750,-0.01,11.750,0.01,11.750,-0.02,11.750,0.07,11.750,0.00,11.750,-0.02,11.750,0.06,11.750,0.00,11.750,0.02,11.750,0.03,11.750,0.02,11.750,0.04,11.750,0.01,11.750,0.01,11.750,-0.01,11.750,0.01,11.750,0.00,11.750,-0.01,11.750,0.02,11.750,-0.01,11.750,0.00,11.750,-0.01,11.750,-0.01,11.750,0.01,11.750,-0.01,11.750,0.05,11.750,0.04,11.750,0.03,11.750,-0.02,11.750,0.04,11.750,0.01,11.750,0.03,11.750,-0.03,11.750,0.00,11.750,-0.02,11.750,1.78,11.750,0.02,11.750,0.02,11.750,2.55,11.750,0.06,11.750,-0.02,11.750,-0.01,11.750,0.00,11.750,0.06,11.750,1.22,11.750,5.41
11.800,0.01,11.800,0.01,11.800,0.00,11.800,-0.01,11.800,-0.02,11.800,-0.04,11.800,-0.01,11.800,-0.02,11.800,0.04,11.800,0.00,11.800,0.05,11.800,-0.01,11.800,-0.02,11.800,0.01,11.800,0.00,11.800,0.00,11.800,0.02,11.800,0.01,11.800,0.00,11.800,0.00,11.800,0.02,11.800,-0.01,11.800,0.12,11.800,0.01,11.800,-0.03,11.800,0.10,11.800,-0.01,11.800,0.01,11.800,0.03,11.800,0.03,11.800,0.04,11.800,-0.01,11.800,0.00,11.800,-0.01,11.800,0.01,11.800,0.00,11.800,-0.01,11.800,0.01,11.800,0.00,11.800,-0.02,11.800,-0.02,11.800,-0.02,11.800,0.01,11.800,-0.01,11.800,0.07,11.800,0.05,11.800,0.02,11.800,-0.02,11.800,0.04,11.800,0.01,11.800,0.01,11.800,-0.03,11.800,0.00,11.800,-0.03,11.800,1.56,11.800,0.03,11.800,0.02,11.800,2.45,11.800,0.16,11.800,-0.02,11.800,-0.01,11.800,0.00,11.800,-0.01,11.800,1.99,11.800,5.42
11.850,0.02,11.850,0.01,11.850,0.00,11.850,-0.01,11.850,-0.02,11.850,-0.03,11.850,-0.01,11.850,-0.01,11.850,0.05,11.850,0.01,11.850,0.04,11.850,0.00,11.850,-0.02,11.850,0.00,11.850,0.01,11.850,0.02,11.850,0.01,11.850,0.00,11.850,-0.01,11.850,-0.01,11.850,0.01,11.850,-0.01,11.850,0.48,11.850,0.01,11.850,-0.03,11.850,0.20,11.850,-0.01,11.850,0.03,11.850,0.05,11.850,0.02,11.850,0.05,11.850,-0.01,11.850,0.00,11.850,-0.02,11.850,0.01,11.850,0.01,11.850,0.00,11.850,0.02,11.850,0.00,11.850,-0.01,11.850,-0.01,11.850,-0.03,11.850,0.00,11.850,0.00,11.850,0.08,11.850,0.06,11.850,0.03,11.850,-0.02,11.850,0.05,11.850,0.01,11.850,-0.01,11.850,-0.04,11.850,-0.01,11.850,-0.02,11.850,1.44,11.850,0.01,11.850,0.07,11.850,2.59,11.850,1.97,11.850,-0.03,11.850,-0.01,11.850,0.00,11.850,0.02,11.850,1.69,11.850,0.27
11.900,0.02,11.900,0.01,11.900,0.01,11.900,-0.01,11.900,-0.04,11.900,-0.02,11.900,-0.01,11.900,0.00,11.900,0.06,11.900,0.00,11.900,0.05,11.900,-0.02,11.900,-0.01,11.900,0.01,11.900,0.01,11.900,0.02,11.900,0.02,11.900,0.01,11.900,0.00,11.900,0.00,11.900,0.02,11.900,-0.02,11.900,0.38,11.900,0.02,11.900,-0.02,11.900,0.46,11.900,-0.01,11.900,0.01,11.900,0.04,11.900,0.02,11.900,0.08,11.900,0.01,11.900,0.01,11.900,-0.01,11.900,0.01,11.900,0.01,11.900,0.00,11.900,0.02,11.900,-0.01,11.900,-0.01,11.900,-0.02,11.900,-0.03,11.900,0.04,11.900,0.00,11.900,0.09,11.900,0.06,11.900,0.04,11.900,-0.01,11.900,0.04,11.900,0.01,11.900,0.01,11.900,-0.03,11.900,-0.01,11.900,-0.01,11.900,1.30,11.900,0.02,11.900,0.28,11.900,3.12,11.900,2.42,11.900,-0.02,11.900,-0.01,11.900,0.00,11.900,-0.03,11.900,2.23,11.900,0.06
11.950,0.03,11.950,0.01,11.950,0.01,11.950,-0.02,11.950,-0.03,11.950,-0.02,11.950,0.00,11.950,-0.01,11.950,0.09,11.950,0.00,11.950,0.05,11.950,-0.01,11.950,0.01,11.950,0.02,11.950,0.00,11.950,0.03,11.950,0.01,11.950,0.00,11.950,-0.01,11.950,-0.01,11.950,0.01,11.950,-0.02,11.950,0.06,11.950,0.01,11.950,-0.02,11.950,1.06,11.950,0.00,11.950,0.02,11.950,0.05,11.950,0.03,11.950,0.15,11.950,0.01,11.950,0.01,11.950,-0.01,11.950,0.00,11.950,0.00,11.950,0.01,11.950,0.01,11.950,-0.01,11.950,-0.01,11.950,-0.02,11.950,-0.02,11.950,0.03,11.950,-0.01,11.950,0.11,11.950,0.08,11.950,0.04,11.950,-0.01,11.950,0.05,11.950,0.01,11.950,0.00,11.950,-0.03,11.950,-0.01,11.950,0.00,11.950,1.24,11.950,0.02,11.950,3.13,11.950,4.23,11.950,1.73,11.950,-0.02,11.950,-0.02,11.950,0.01,11.950,-0.01,11.950,3.80,11.950,-0.01
12.000,0.05,12.000,0.01,12.000,0.00,12.000,0.00,12.000,-0.02,12.000,-0.02,12.000,0.01,12.000,0.00,12.000,0.15,12.000,0.01,12.000,0.06,12.000,-0.01,12.000,0.01,12.000,0.02,12.000,0.01,12.000,0.03,12.000,0.01,12.000,-0.01,12.000,-0.02,12.000,0.00,12.000,0.01,12.000,-0.01,12.000,-0.01,12.000,0.03,12.000,-0.03,12.000,1.62,12.000,0.00,12.000,0.03,12.000,0.09,12.000,0.02,12.000,0.50,12.000,0.01,12.000,0.00,12.000,0.00,12.000,0.01,12.000,0.00,12.000,0.00,12.000,0.01,12.000,-0.01,12.000,-0.01,12.000,-0.01,12.000,-0.02,12.000,-0.01,12.000,-0.01,12.000,0.12,12.000,0.10,12.000,0.05,12.000,-0.02,12.000,0.04,12.000,0.00,12.000,0.02,12.000,-0.02,12.000,-0.01,12.000,0.00,12.000,1.05,12.000,0.02,12.000,2.61,12.000,4.94,12.000,1.12,12.000,0.00,12.000,-0.01,12.000,0.01,12.000,-0.01,12.000,3.77,12.000,-0.02
12.050,0.06,12.050,0.00,12.050,0.00,12.050,0.00,12.050,-0.02,12.050,-0.02,12.050,0.00,12.050,-0.01,12.050,0.67,12.050,0.01,12.050,0.05,12.050,0.00,12.050,0.01,12.050,0.03,12.050,0.01,12.050,0.04,12.050,0.01,12.050,-0.01,12.050,-0.01,12.050,-0.01,12.050,0.00,12.050,0.00,12.050,-0.01,12.050,0.04,12.050,-0.02,12.050,2.23,12.050,0.01,12.050,0.02,12.050,0.14,12.050,0.02,12.050,1.79,12.050,0.01,12.050,0.01,12.050,0.00,12.050,0.00,12.050,-0.01,12.050,-0.01,12.050,0.01,12.050,0.00,12.050,-0.01,12.050,-0.01,12.050,-0.02,12.050,0.00,12.050,-0.01,12.050,0.13,12.050,0.12,12.050,0.05,12.050,-0.01,12.050,0.04,12.050,0.01,12.050,0.02,12.050,-0.02,12.050,-0.01,12.050,0.00,12.050,0.81,12.050,0.02,12.050,2.20,12.050,0.13,12.050,2.65,12.050,0.01,12.050,-0.01,12.050,0.01,12.050,0.01,12.050,3.80,12.050,-0.01
12.100,0.09,12.100,0.00,12.100,0.00,12.100,0.00,12.100,-0.01,12.100,-0.04,12.100,0.01,12.100,0.00,12.100,0.09,12.100,0.01,12.100,0.05,12.100,0.01,12.100,0.03,12.100,0.04,12.100,0.00,12.100,0.05,12.100,0.01,12.100,0.02,12.100,-0.01,12.100,-0.02,12.100,0.00,12.100,0.00,12.100,0.00,12.100,0.04,12.100,-0.02,12.100,2.64,12.100,0.01,12.100,0.02,12.100,0.58,12.100,0.02,12.100,2.52,12.100,-0.01,12.100,0.00,12.100,0.00,12.100,0.00,12.100,0.00,12.100,0.01,12.100,0.00,12.100,0.00,12.100,-0.01,12.100,-0.01,12.100,-0.01,12.100,0.01,12.100,-0.01,12.100,0.14,12.100,0.15,12.100,0.06,12.100,-0.01,12.100,0.04,12.100,-0.01,12.100,0.02,12.100,-0.02,12.100,-0.01,12.100,0.01,12.100,0.61,12.100,0.02,12.100,2.65,12.100,0.06,12.100,4.25,12.100,0.02,12.100,-0.02,12.100,0.06,12.100,0.03,12.100,4.60,12.100,0.00
12.150,0.25,12.150,0.01,12.150,0.00,12.150,-0.01,12.150,-0.03,12.150,-0.03,12.150,0.01,12.150,0.00,12.150,0.05,12.150,0.00,12.150,0.05,12.150,-0.01,12.150,0.03,12.150,0.03,12.150,-0.01,12.150,0.06,12.150,0.01,12.150,0.01,12.150,0.01,12.150,-0.01,12.150,0.00,12.150,0.01,12.150,0.00,12.150,0.05,12.150,-0.03,12.150,3.07,12.150,0.01,12.150,0.02,12.150,0.14,12.150,0.02,12.150,3.08,12.150,0.00,12.150,0.02,12.150,0.00,12.150,0.00,12.150,0.00,12.150,0.00,12.150,0.01,12.150,0.00,12.150,0.00,12.150,-0.03,12.150,-0.02,12.150,0.02,12.150,0.00,12.150,0.16,12.150,0.24,12.150,0.08,12.150,-0.01,12.150,0.05,12.150,0.00,12.150,0.02,12.150,-0.01,12.150,-0.01,12.150,0.01,12.150,0.49,12.150,0.02,12.150,3.43,12.150,0.00,12.150,4.73,12.150,-0.03,12.150,-0.01,12.150,-0.01,12.150,0.05,12.150,4.36,12.150,0.01
12.200,0.89,12.200,-0.01,12.200,0.01,12.200,-0.01,12.200,-0.02,12.200,-0.02,12.200,0.01,12.200,-0.01,12.200,-0.01,12.200,0.01,12.200,0.06,12.200,0.00,12.200,0.04,12.200,0.04,12.200,0.00,12.200,0.10,12.200,0.01,12.200,0.00,12.200,0.02,12.200,-0.01,12.200,0.01,12.200,0.01,12.200,0.00,12.200,0.06,12.200,-0.04,12.200,3.12,12.200,0.01,12.200,0.02,12.200,0.06,12.200,0.02,12.200,3.39,12.200,-0.01,12.200,0.01,12.200,0.01,12.200,0.01,12.200,0.00,12.200,0.00,12.200,0.00,12.200,-0.01,12.200,-0.01,12.200,-0.01,12.200,-0.02,12.200,0.02,12.200,0.01,12.200,0.18,12.200,0.41,12.200,0.12,12.200,-0.03,12.200,0.04,12.200,0.00,12.200,0.01,12.200,-0.02,12.200,-0.01,12.200,0.02,12.200,0.40,12.200,0.02,12.200,4.83,12.200,0.00,12.200,0.09,12.200,-0.03,12.200,-0.02,12.200,0.01,12.200,0.12,12.200,5.25,12.200,-0.01
12.250,1.32,12.250,2.78E-17,12.250,0.00,12.250,0.00,12.250,-0.02,12.250,-0.03,12.250,0.01,12.250,0.00,12.250,-0.01,12.250,0.01,12.250,0.06,12.250,0.00,12.250,0.04,12.250,0.06,12.250,0.00,12.250,0.29,12.250,0.02,12.250,0.00,12.250,0.02,12.250,-0.01,12.250,0.01,12.250,0.04,12.250,-0.01,12.250,0.06,12.250,-0.03,12.250,0.08,12.250,0.01,12.250,0.02,12.250,0.00,12.250,0.02,12.250,3.49,12.250,0.00,12.250,0.00,12.250,0.01,12.250,0.00,12.250,-0.01,12.250,0.00,12.250,0.00,12.250,0.00,12.250,-0.02,12.250,-0.02,12.250,-0.02,12.250,0.02,12.250,0.01,12.250,0.27,12.250,0.78,12.250,0.15,12.250,-0.02,12.250,0.06,12.250,0.00,12.250,0.02,12.250,-0.01,12.250,0.00,12.250,0.02,12.250,0.33,12.250,0.02,12.250,4.93,12.250,0.00,12.250,0.04,12.250,-0.02,12.250,-0.01,12.250,0.02,12.250,0.53,12.250,5.34,12.250,0.00
12.300,1.62,12.300,-0.01,12.300,0.00,12.300,0.00,12.300,-0.01,12.300,-0.02,12.300,0.00,12.300,0.00,12.300,0.00,12.300,0.01,12.300,0.05,12.300,0.01,12.300,0.05,12.300,0.07,12.300,-0.01,12.300,1.19,12.300,0.01,12.300,0.00,12.300,0.02,12.300,-0.02,12.300,0.01,12.300,0.05,12.300,-0.01,12.300,0.06,12.300,-0.03,12.300,0.04,12.300,0.03,12.300,0.02,12.300,0.00,12.300,0.02,12.300,0.17,12.300,-0.01,12.300,0.01,12.300,0.02,12.300,0.00,12.300,0.00,12.300,0.00,12.300,0.01,12.300,-0.01,12.300,-0.02,12.300,-0.01,12.300,-0.02,12.300,0.01,12.300,0.01,12.300,0.46,12.300,1.07,12.300,0.23,12.300,-0.02,12.300,0.05,12.300,0.00,12.300,0.02,12.300,-0.01,12.300,0.00,12.300,0.03,12.300,0.32,12.300,0.02,12.300,4.79,12.300,0.00,12.300,-0.01,12.300,-0.02,12.300,0.04,12.300,0.02,12.300,1.57,12.300,4.74,12.300,-0.01
12.350,2.06,12.350,-0.01,12.350,0.00,12.350,0.00,12.350,-0.01,12.350,-0.02,12.350,0.00,12.350,-0.01,12.350,-0.01,12.350,0.01,12.350,0.05,12.350,-0.02,12.350,0.08,12.350,0.09,12.350,0.01,12.350,1.86,12.350,0.01,12.350,0.01,12.350,0.05,12.350,-0.02,12.350,0.01,12.350,0.08,12.350,-0.01,12.350,0.08,12.350,-0.04,12.350,-0.02,12.350,0.04,12.350,0.02,12.350,0.00,12.350,0.01,12.350,0.06,12.350,-0.01,12.350,0.02,12.350,0.02,12.350,0.01,12.350,0.00,12.350,0.01,12.350,0.01,12.350,-0.01,12.350,-0.03,12.350,-0.02,12.350,-0.02,12.350,0.01,12.350,0.01,12.350,0.39,12.350,1.38,12.350,0.39,12.350,-0.03,12.350,0.05,12.350,0.00,12.350,0.02,12.350,-0.02,12.350,0.00,12.350,0.06,12.350,0.32,12.350,0.02,12.350,4.75,12.350,0.01,12.350,0.00,12.350,0.00,12.350,-0.01,12.350,0.03,12.350,1.61,12.350,4.75,12.350,-0.01
12.400,2.53,12.400,0.00,12.400,0.00,12.400,-0.01,12.400,-0.02,12.400,-0.03,12.400,0.01,12.400,-0.01,12.400,0.00,12.400,0.01,12.400,0.05,12.400,-0.01,12.400,0.17,12.400,0.22,12.400,0.01,12.400,2.17,12.400,0.01,12.400,0.01,12.400,0.06,12.400,-0.02,12.400,0.01,12.400,0.38,12.400,-0.01,12.400,0.12,12.400,-0.03,12.400,-0.01,12.400,0.05,12.400,0.00,12.400,0.00,12.400,0.01,12.400,-0.01,12.400,0.01,12.400,0.00,12.400,0.02,12.400,0.00,12.400,0.01,12.400,0.02,12.400,0.01,12.400,0.00,12.400,-0.02,12.400,-0.01,12.400,-0.02,12.400,0.03,12.400,0.01,12.400,0.12,12.400,1.65,12.400,0.72,12.400,-0.02,12.400,0.05,12.400,0.01,12.400,0.01,12.400,-0.01,12.400,0.00,12.400,0.15,12.400,0.35,12.400,0.02,12.400,4.15,12.400,0.01,12.400,-0.02,12.400,0.01,12.400,0.02,12.400,0.05,12.400,2.27,12.400,5.31,12.400,-0.01
12.450,2.59,12.450,-0.01,12.450,0.01,12.450,0.01,12.450,-0.02,12.450,-0.02,12.450,0.00,12.450,-0.01,12.450,0.00,12.450,0.01,12.450,0.05,12.450,0.01,12.450,0.58,12.450,0.74,12.450,0.00,12.450,2.30,12.450,0.01,12.450,0.00,12.450,0.06,12.450,-0.02,12.450,0.02,12.450,1.91,12.450,-0.02,12.450,0.39,12.450,-0.02,12.450,-0.01,12.450,0.06,12.450,0.01,12.450,0.01,12.450,0.01,12.450,-0.01,12.450,0.00,12.450,0.01,12.450,0.02,12.450,0.00,12.450,0.01,12.450,0.02,12.450,0.01,12.450,0.00,12.450,-0.02,12.450,-0.02,12.450,-0.01,12.450,0.01,12.450,0.00,12.450,0.05,12.450,1.80,12.450,0.96,12.450,-0.02,12.450,0.05,12.450,0.01,12.450,0.02,12.450,-0.01,12.450,0.00,12.450,1.46,12.450,0.36,12.450,0.08,12.450,0.06,12.450,0.00,12.450,-0.01,12.450,-0.01,12.450,-0.02,12.450,0.09,12.450,3.46,12.450,5.10,12.450,-0.01
12.500,2.74,12.500,0.01,12.500,0.01,12.500,0.02,12.500,0.00,12.500,-0.03,12.500,0.00,12.500,-0.01,12.500,0.01,12.500,0.02,12.500,0.05,12.500,0.01,12.500,1.20,12.500,0.13,12.500,0.00,12.500,2.49,12.500,0.01,12.500,-0.01,12.500,0.09,12.500,-0.01,12.500,0.02,12.500,0.60,12.500,-0.01,12.500,0.24,12.500,-0.02,12.500,0.00,12.500,0.08,12.500,0.00,12.500,0.01,12.500,0.01,12.500,-0.01,12.500,0.00,12.500,0.01,12.500,0.01,12.500,0.00,12.500,0.01,12.500,0.01,12.500,0.00,12.500,-0.01,12.500,-0.02,12.500,-0.01,12.500,-0.01,12.500,0.02,12.500,0.00,12.500,0.00,12.500,2.00,12.500,1.10,12.500,-0.01,12.500,0.06,12.500,0.01,12.500,0.02,12.500,0.01,12.500,0.01,12.500,2.29,12.500,0.38,12.500,0.05,12.500,0.03,12.500,0.00,12.500,-0.01,12.500,0.01,12.500,0.00,12.500,0.34,12.500,4.74,12.500,5.05,12.500,-0.01
12.550,0.07,12.550,0.02,12.550,0.00,12.550,0.03,12.550,-0.02,12.550,-0.02,12.550,-0.01,12.550,0.00,12.550,0.00,12.550,0.01,12.550,0.05,12.550,0.01,12.550,0.38,12.550,0.05,12.550,0.00,12.550,2.76,12.550,0.01,12.550,-0.01,12.550,0.14,12.550,-0.01,12.550,0.00,12.550,0.06,12.550,-0.02,12.550,0.05,12.550,-0.03,12.550,0.00,12.550,0.18,12.550,0.01,12.550,0.01,12.550,0.01,12.550,-0.01,12.550,0.00,12.550,0.01,12.550,0.03,12.550,0.01,12.550,0.00,12.550,0.02,12.550,0.00,12.550,-0.01,12.550,-0.03,12.550,-0.02,12.550,-0.01,12.550,0.02,12.550,0.01,12.550,0.01,12.550,2.18,12.550,1.17,12.550,-0.02,12.550,0.04,12.550,0.03,12.550,0.04,12.550,0.03,12.550,0.02,12.550,2.16,12.550,0.38,12.550,0.06,12.550,-0.01,12.550,0.00,12.550,-0.01,12.550,0.01,12.550,0.00,12.550,4.29,12.550,5.29,12.550,5.18,12.550,-0.01
12.600,0.02,12.600,0.02,12.600,0.00,12.600,0.02,12.600,-0.01,12.600,-0.01,12.600,0.00,12.600,0.00,12.600,-0.01,12.600,0.01,12.600,0.05,12.600,0.01,12.600,0.03,12.600,-0.02,12.600,0.01,12.600,2.91,12.600,0.00,12.600,-0.01,12.600,0.19,12.600,0.00,12.600,0.01,12.600,0.00,12.600,-0.01,12.600,-0.03,12.600,-0.02,12.600,-0.01,12.600,1.21,12.600,0.02,12.600,0.01,12.600,0.01,12.600,-0.01,12.600,0.01,12.600,0.01,12.600,0.02,12.600,0.00,12.600,-0.01,12.600,0.02,12.600,-0.01,12.600,0.00,12.600,-0.02,12.600,-0.01,12.600,-0.01,12.600,0.02,12.600,0.00,12.600,0.01,12.600,2.44,12.600,1.29,12.600,-0.02,12.600,0.04,12.600,0.02,12.600,0.03,12.600,0.01,12.600,0.01,12.600,1.73,12.600,0.39,12.600,0.01,12.600,-0.01,12.600,0.01,12.600,0.01,12.600,0.02,12.600,0.02,12.600,3.65,12.600,5.08,12.600,1.49,12.600,-0.01
12.650,-0.02,12.650,0.02,12.650,0.01,12.650,0.04,12.650,-0.01,12.650,-0.01,12.650,-0.01,12.650,0.00,12.650,0.00,12.650,0.01,12.650,0.05,12.650,0.01,12.650,-0.04,12.650,-0.01,12.650,0.00,12.650,2.85,12.650,-0.01,12.650,0.00,12.650,0.27,12.650,-0.01,12.650,0.00,12.650,-0.02,12.650,-0.01,12.650,-0.02,12.650,-0.02,12.650,-0.01,12.650,2.40,12.650,0.02,12.650,-0.01,12.650,0.01,12.650,0.01,12.650,0.00,12.650,0.01,12.650,0.03,12.650,0.01,12.650,0.05,12.650,0.04,12.650,0.01,12.650,0.00,12.650,-0.02,12.650,-0.02,12.650,-0.02,12.650,0.02,12.650,0.01,12.650,0.02,12.650,2.78,12.650,1.50,12.650,-0.01,12.650,0.05,12.650,0.03,12.650,0.03,12.650,0.02,12.650,0.01,12.650,2.09,12.650,0.36,12.650,0.03,12.650,-0.01,12.650,0.00,12.650,-0.01,12.650,0.04,12.650,0.04,12.650,3.26,12.650,4.88,12.650,0.06,12.650,0.00
12.700,-0.01,12.700,0.02,12.700,0.00,12.700,0.03,12.700,-0.01,12.700,0.00,12.700,-0.01,12.700,-0.01,12.700,-0.01,12.700,0.01,12.700,0.04,12.700,0.02,12.700,-0.03,12.700,-0.01,12.700,0.01,12.700,2.90,12.700,0.00,12.700,0.00,12.700,0.46,12.700,0.00,12.700,0.01,12.700,-0.02,12.700,-0.01,12.700,-0.01,12.700,-0.01,12.700,-0.01,12.700,2.57,12.700,0.02,12.700,-0.01,12.700,0.02,12.700,0.00,12.700,-0.01,12.700,0.00,12.700,0.02,12.700,0.01,12.700,0.04,12.700,0.07,12.700,0.01,12.700,0.00,12.700,-0.02,12.700,-0.02,12.700,-0.02,12.700,0.02,12.700,0.00,12.700,0.01,12.700,3.11,12.700,1.69,12.700,-0.01,12.700,0.04,12.700,0.03,12.700,0.05,12.700,0.02,12.700,0.01,12.700,2.74,12.700,0.19,12.700,0.02,12.700,0.01,12.700,0.01,12.700,-0.01,12.700,0.08,12.700,0.21,12.700,4.30,12.700,4.65,12.700,0.02,12.700,0.10
12.750,-0.01,12.750,0.01,12.750,0.00,12.750,0.04,12.750,-0.02,12.750,0.00,12.750,-0.01,12.750,-0.01,12.750,0.00,12.750,0.01,12.750,0.04,12.750,0.03,12.750,-0.02,12.750,0.00,12.750,0.01,12.750,0.20,12.750,-0.01,12.750,0.00,12.750,0.55,12.750,0.00,12.750,0.00,12.750,-0.01,12.750,-0.02,12.750,-0.01,12.750,-0.01,12.750,-0.01,12.750,1.63,12.750,0.02,12.750,0.00,12.750,0.00,12.750,0.00,12.750,0.00,12.750,-0.01,12.750,0.03,12.750,0.00,12.750,-0.01,12.750,0.08,12.750,0.00,12.750,0.00,12.750,-0.02,12.750,-0.02,12.750,-0.01,12.750,0.03,12.750,0.01,12.750,0.01,12.750,3.30,12.750,1.89,12.750,-0.01,12.750,0.05,12.750,0.04,12.750,0.06,12.750,0.03,12.750,0.00,12.750,2.78,12.750,0.16,12.750,0.03,12.750,0.00,12.750,0.01,12.750,0.00,12.750,0.28,12.750,4.28,12.750,4.19,12.750,4.69,12.750,-0.01,12.750,0.02
12.800,-0.01,12.800,0.00,12.800,0.01,12.800,0.04,12.800,-0.01,12.800,-0.02,12.800,-0.01,12.800,-0.01,12.800,0.00,12.800,0.01,12.800,0.04,12.800,0.02,12.800,-0.04,12.800,0.00,12.800,-0.01,12.800,0.06,12.800,0.04,12.800,0.00,12.800,0.09,12.800,0.01,12.800,0.00,12.800,-0.01,12.800,-0.02,12.800,0.01,12.800,-0.02,12.800,-0.01,12.800,0.12,12.800,0.02,12.800,-0.01,12.800,0.01,12.800,0.00,12.800,0.01,12.800,0.00,12.800,0.03,12.800,0.00,12.800,0.01,12.800,0.24,12.800,0.00,12.800,0.00,12.800,-0.02,12.800,-0.02,12.800,-0.02,12.800,0.02,12.800,0.00,12.800,0.01,12.800,1.59,12.800,2.20,12.800,-0.01,12.800,0.06,12.800,0.04,12.800,0.07,12.800,0.05,12.800,0.01,12.800,2.97,12.800,0.17,12.800,0.03,12.800,0.01,12.800,0.00,12.800,-0.02,12.800,1.80,12.800,3.71,12.800,4.14,12.800,5.15,12.800,-0.01,12.800,0.03
12.850,5.55E-17,12.850,0.01,12.850,0.01,12.850,0.05,12.850,-0.02,12.850,-0.02,12.850,-0.02,12.850,0.00,12.850,0.00,12.850,0.02,12.850,0.05,12.850,0.03,12.850,-0.04,12.850,0.00,12.850,0.00,12.850,-0.02,12.850,0.02,12.850,0.00,12.850,0.05,12.850,0.00,12.850,0.00,12.850,0.00,12.850,-0.02,12.850,0.00,12.850,-0.02,12.850,-0.01,12.850,0.05,12.850,0.02,12.850,-0.02,12.850,0.02,12.850,0.00,12.850,0.00,12.850,0.00,12.850,0.03,12.850,0.00,12.850,0.00,12.850,1.17,12.850,0.00,12.850,0.01,12.850,-0.01,12.850,-0.02,12.850,-0.01,12.850,0.04,12.850,0.00,12.850,0.00,12.850,0.07,12.850,1.87,12.850,-0.01,12.850,0.05,12.850,0.05,12.850,0.09,12.850,0.07,12.850,0.00,12.850,3.12,12.850,0.18,12.850,0.02,12.850,0.00,12.850,0.00,12.850,-0.01,12.850,1.66,12.850,3.11,12.850,4.58,12.850,0.13,12.850,-0.02,12.850,-0.01
12.900,-0.01,12.900,0.02,12.900,0.01,12.900,0.05,12.900,-0.03,12.900,-0.01,12.900,0.00,12.900,0.00,12.900,0.00,12.900,0.01,12.900,0.04,12.900,0.03,12.900,-0.03,12.900,0.00,12.900,0.00,12.900,-0.01,12.900,-0.01,12.900,0.01,12.900,-0.01,12.900,0.01,12.900,0.01,12.900,0.00,12.900,-0.02,12.900,0.00,12.900,-0.01,12.900,-0.01,12.900,-0.02,12.900,0.02,12.900,0.00,12.900,0.01,12.900,0.00,12.900,0.00,12.900,0.01,12.900,0.04,12.900,0.01,12.900,0.00,12.900,2.32,12.900,0.00,12.900,0.01,12.900,-0.01,12.900,-0.02,12.900,0.00,12.900,0.04,12.900,0.01,12.900,0.01,12.900,0.02,12.900,0.09,12.900,0.00,12.900,0.06,12.900,0.04,12.900,0.14,12.900,0.11,12.900,0.01,12.900,3.45,12.900,0.19,12.900,0.02,12.900,-0.01,12.900,0.01,12.900,-0.02,12.900,1.54,12.900,4.13,12.900,5.04,12.900,0.04,12.900,-0.01,12.900,0.01
12.950,0.00,12.950,0.01,12.950,0.01,12.950,0.06,12.950,-0.02,12.950,-0.01,12.950,0.00,12.950,-0.01,12.950,0.00,12.950,0.02,12.950,0.04,12.950,0.06,12.950,-0.02,12.950,0.01,12.950,0.00,12.950,0.01,12.950,-0.01,12.950,0.02,12.950,0.01,12.950,0.02,12.950,0.01,12.950,-0.01,12.950,-0.02,12.950,-0.01,12.950,0.00,12.950,-0.01,12.950,-0.01,12.950,0.02,12.950,0.00,12.950,0.02,12.950,0.00,12.950,0.00,12.950,0.02,12.950,0.03,12.950,0.01,12.950,0.00,12.950,0.21,12.950,0.01,12.950,0.01,12.950,-0.02,12.950,-0.02,12.950,0.02,12.950,0.04,12.950,0.01,12.950,0.00,12.950,-0.01,12.950,0.04,12.950,0.01,12.950,0.07,12.950,0.04,12.950,0.32,12.950,0.27,12.950,0.03,12.950,3.62,12.950,0.18,12.950,0.02,12.950,-0.01,12.950,0.00,12.950,-0.01,12.950,2.58,12.950,3.27,12.950,0.35,12.950,-0.02,12.950,-0.01,12.950,0.01
13.000,-0.01,13.000,0.02,13.000,0.01,13.000,0.08,13.000,-0.03,13.000,-0.01,13.000,-0.01,13.000,-0.01,13.000,-0.01,13.000,0.02,13.000,0.05,13.000,0.11,13.000,-0.03,13.000,0.01,13.000,0.00,13.000,0.00,13.000,0.00,13.000,0.02,13.000,0.00,13.000,0.02,13.000,-0.01,13.000,0.00,13.000,-0.01,13.000,-0.01,13.000,-0.01,13.000,-0.01,13.000,-0.01,13.000,0.01,13.000,-0.01,13.000,0.02,13.000,0.00,13.000,0.03,13.000,0.01,13.000,0.03,13.000,0.00,13.000,0.00,13.000,0.05,13.000,0.01,13.000,0.01,13.000,-0.02,13.000,-0.01,13.000,0.02,13.000,0.04,13.000,0.00,13.000,0.01,13.000,0.00,13.000,-0.01,13.000,0.01,13.000,0.08,13.000,0.04,13.000,1.14,13.000,0.78,13.000,0.03,13.000,3.61,13.000,0.18,13.000,0.04,13.000,0.00,13.000,0.00,13.000,0.01,13.000,3.01,13.000,0.06,13.000,0.06,13.000,-0.03,13.000,0.00,13.000,0.01
13.050,-0.01,13.050,0.01,13.050,0.02,13.050,0.15,13.050,-0.03,13.050,-0.01,13.050,-0.01,13.050,0.00,13.050,0.00,13.050,0.02,13.050,0.04,13.050,0.25,13.050,-0.02,13.050,0.01,13.050,0.00,13.050,-0.01,13.050,0.01,13.050,0.02,13.050,0.00,13.050,0.03,13.050,0.00,13.050,0.00,13.050,-0.01,13.050,-0.01,13.050,0.01,13.050,-0.02,13.050,0.00,13.050,0.01,13.050,0.00,13.050,0.03,13.050,0.00,13.050,0.02,13.050,0.02,13.050,0.03,13.050,0.02,13.050,0.01,13.050,-0.03,13.050,0.01,13.050,0.01,13.050,-0.01,13.050,0.00,13.050,0.03,13.050,0.04,13.050,-0.01,13.050,0.01,13.050,-0.01,13.050,0.01,13.050,0.02,13.050,0.08,13.050,0.04,13.050,1.68,13.050,1.21,13.050,0.04,13.050,3.87,13.050,0.18,13.050,0.01,13.050,0.00,13.050,0.00,13.050,0.03,13.050,2.85,13.050,0.03,13.050,-0.01,13.050,-0.02,13.050,0.01,13.050,0.01
13.100,-0.01,13.100,0.03,13.100,0.03,13.100,0.41,13.100,-0.02,13.100,0.00,13.100,0.00,13.100,-0.01,13.100,-0.01,13.100,0.01,13.100,0.04,13.100,0.94,13.100,-0.01,13.100,0.01,13.100,0.00,13.100,0.00,13.100,0.00,13.100,0.01,13.100,0.00,13.100,0.05,13.100,0.01,13.100,0.00,13.100,-0.01,13.100,-0.01,13.100,0.01,13.100,-0.01,13.100,0.01,13.100,0.02,13.100,0.00,13.100,0.03,13.100,0.01,13.100,0.00,13.100,0.02,13.100,0.04,13.100,0.02,13.100,0.01,13.100,-0.02,13.100,0.01,13.100,0.01,13.100,-0.02,13.100,-0.01,13.100,0.04,13.100,0.05,13.100,-0.01,13.100,0.00,13.100,-0.01,13.100,0.01,13.100,0.01,13.100,0.08,13.100,0.04,13.100,1.60,13.100,1.47,13.100,0.05,13.100,3.81,13.100,0.21,13.100,0.02,13.100,0.00,13.100,-0.01,13.100,0.01,13.100,3.27,13.100,-0.03,13.100,0.00,13.100,-0.01,13.100,0.01,13.100,0.02
13.150,0.00,13.150,0.03,13.150,0.03,13.150,0.26,13.150,-0.02,13.150,-0.01,13.150,-0.02,13.150,-0.01,13.150,-0.01,13.150,0.02,13.150,0.04,13.150,1.61,13.150,-0.01,13.150,0.01,13.150,0.00,13.150,0.00,13.150,0.00,13.150,0.01,13.150,0.00,13.150,0.04,13.150,0.01,13.150,-0.01,13.150,-0.02,13.150,0.00,13.150,0.02,13.150,0.00,13.150,0.00,13.150,0.01,13.150,0.00,13.150,0.05,13.150,0.01,13.150,0.00,13.150,0.02,13.150,0.03,13.150,0.01,13.150,0.01,13.150,-0.02,13.150,0.01,13.150,0.00,13.150,-0.02,13.150,-0.01,13.150,0.05,13.150,0.05,13.150,0.01,13.150,0.00,13.150,-0.01,13.150,0.01,13.150,0.02,13.150,0.07,13.150,0.05,13.150,1.37,13.150,1.66,13.150,0.06,13.150,3.70,13.150,0.20,13.150,0.01,13.150,0.00,13.150,0.00,13.150,0.00,13.150,4.00,13.150,-0.02,13.150,-0.01,13.150,-0.01,13.150,0.01,13.150,0.01
13.200,0.00,13.200,0.03,13.200,0.05,13.200,0.05,13.200,-0.03,13.200,-0.01,13.200,-0.01,13.200,-0.01,13.200,-0.02,13.200,0.03,13.200,0.04,13.200,1.92,13.200,-0.02,13.200,0.01,13.200,0.00,13.200,0.00,13.200,0.00,13.200,0.01,13.200,0.01,13.200,0.06,13.200,0.01,13.200,-0.01,13.200,-0.01,13.200,0.00,13.200,0.03,13.200,0.00,13.200,0.00,13.200,0.02,13.200,-0.01,13.200,0.04,13.200,-0.01,13.200,0.00,13.200,0.03,13.200,0.04,13.200,0.01,13.200,0.01,13.200,-0.03,13.200,0.01,13.200,0.01,13.200,-0.01,13.200,-0.01,13.200,0.11,13.200,0.06,13.200,0.00,13.200,0.00,13.200,0.01,13.200,0.01,13.200,0.02,13.200,0.08,13.200,0.05,13.200,1.40,13.200,2.09,13.200,0.08,13.200,3.84,13.200,0.15,13.200,0.02,13.200,0.01,13.200,0.00,13.200,0.01,13.200,4.28,13.200,-0.02,13.200,-0.01,13.200,-0.01,13.200,0.01,13.200,0.02
13.250,0.00,13.250,0.04,13.250,0.06,13.250,-0.03,13.250,-0.02,13.250,-0.01,13.250,-0.01,13.250,-0.01,13.250,0.00,13.250,0.02,13.250,0.04,13.250,2.19,13.250,-0.01,13.250,0.00,13.250,0.01,13.250,0.00,13.250,0.00,13.250,0.01,13.250,0.00,13.250,0.06,13.250,0.01,13.250,0.00,13.250,-0.01,13.250,0.00,13.250,0.04,13.250,0.00,13.250,0.01,13.250,0.03,13.250,-0.01,13.250,0.06,13.250,0.01,13.250,-0.01,13.250,0.04,13.250,0.04,13.250,0.01,13.250,0.02,13.250,-0.03,13.250,0.01,13.250,0.00,13.250,-0.01,13.250,-0.01,13.250,0.35,13.250,0.06,13.250,0.00,13.250,0.00,13.250,0.01,13.250,0.00,13.250,0.03,13.250,0.09,13.250,0.05,13.250,1.61,13.250,1.69,13.250,0.11,13.250,4.02,13.250,0.09,13.250,0.02,13.250,0.01,13.250,-0.01,13.250,0.00,13.250,4.07,13.250,-0.01,13.250,0.01,13.250,-0.01,13.250,0.00,13.250,0.02
13.300,-0.01,13.300,0.06,13.300,0.08,13.300,-0.02,13.300,-0.02,13.300,-0.01,13.300,-0.02,13.300,-0.01,13.300,-0.01,13.300,0.02,13.300,0.04,13.300,0.65,13.300,-0.01,13.300,0.00,13.300,0.00,13.300,-0.01,13.300,0.01,13.300,0.03,13.300,0.00,13.300,0.11,13.300,0.01,13.300,-0.01,13.300,-0.01,13.300,-0.01,13.300,0.06,13.300,-0.01,13.300,0.00,13.300,0.03,13.300,-0.01,13.300,0.07,13.300,0.00,13.300,0.00,13.300,0.03,13.300,0.03,13.300,0.01,13.300,0.02,13.300,-0.02,13.300,0.00,13.300,-0.01,13.300,-0.01,13.300,-0.01,13.300,1.09,13.300,0.07,13.300,0.00,13.300,0.01,13.300,-0.01,13.300,0.00,13.300,0.04,13.300,0.10,13.300,0.05,13.300,0.08,13.300,0.04,13.300,0.47,13.300,4.41,13.300,0.08,13.300,0.01,13.300,0.01,13.300,0.00,13.300,0.02,13.300,4.21,13.300,-0.02,13.300,0.00,13.300,-0.01,13.300,0.00,13.300,0.04
13.350,0.00,13.350,0.08,13.350,0.13,13.350,-0.01,13.350,-0.01,13.350,0.00,13.350,-0.02,13.350,-0.01,13.350,-0.01,13.350,0.01,13.350,0.05,13.350,0.05,13.350,-0.01,13.350,0.01,13.350,0.00,13.350,0.00,13.350,0.01,13.350,0.04,13.350,0.01,13.350,0.27,13.350,0.00,13.350,-0.01,13.350,-0.01,13.350,-0.01,13.350,0.29,13.350,-0.01,13.350,0.00,13.350,0.04,13.350,-0.02,13.350,0.11,13.350,0.00,13.350,0.00,13.350,0.04,13.350,0.03,13.350,0.00,13.350,0.01,13.350,-0.03,13.350,0.01,13.350,-0.01,13.350,-0.01,13.350,-0.01,13.350,1.43,13.350,0.08,13.350,-0.01,13.350,0.01,13.350,0.00,13.350,0.00,13.350,0.06,13.350,0.10,13.350,0.06,13.350,0.04,13.350,-0.01,13.350,1.21,13.350,3.82,13.350,0.06,13.350,0.01,13.350,0.00,13.350,0.03,13.350,0.05,13.350,4.76,13.350,-0.02,13.350,0.00,13.350,-0.02,13.350,0.00,13.350,0.06
13.400,-0.02,13.400,0.12,13.400,0.22,13.400,-0.01,13.400,-0.03,13.400,0.01,13.400,-0.05,13.400,-0.01,13.400,-0.01,13.400,0.01,13.400,0.05,13.400,-0.02,13.400,0.00,13.400,0.01,13.400,0.00,13.400,0.00,13.400,0.00,13.400,0.03,13.400,0.00,13.400,0.27,13.400,0.00,13.400,-0.01,13.400,-0.01,13.400,-0.01,13.400,0.18,13.400,-0.01,13.400,0.00,13.400,0.04,13.400,-0.01,13.400,0.26,13.400,0.00,13.400,0.00,13.400,0.05,13.400,0.04,13.400,0.01,13.400,0.02,13.400,-0.03,13.400,0.00,13.400,0.00,13.400,-0.01,13.400,-0.01,13.400,1.67,13.400,0.11,13.400,0.00,13.400,0.01,13.400,0.00,13.400,0.00,13.400,0.08,13.400,0.11,13.400,0.07,13.400,0.00,13.400,-0.03,13.400,1.33,13.400,0.05,13.400,0.04,13.400,0.01,13.400,0.02,13.400,0.06,13.400,1.49,13.400,4.67,13.400,-0.03,13.400,0.00,13.400,-0.02,13.400,0.01,13.400,0.15
13.450,-0.01,13.450,0.27,13.450,0.36,13.450,-0.01,13.450,-0.02,13.450,-0.01,13.450,0.01,13.450,-0.01,13.450,-0.01,13.450,0.01,13.450,0.05,13.450,-0.02,13.450,-0.01,13.450,0.01,13.450,0.00,13.450,-0.01,13.450,0.02,13.450,0.04,13.450,0.00,13.450,0.05,13.450,0.00,13.450,-0.01,13.450,0.00,13.450,0.00,13.450,0.04,13.450,-0.01,13.450,0.00,13.450,0.06,13.450,0.01,13.450,0.31,13.450,0.01,13.450,0.00,13.450,0.05,13.450,0.03,13.450,0.01,13.450,0.01,13.450,-0.03,13.450,0.00,13.450,-0.01,13.450,-0.01,13.450,-0.01,13.450,2.12,13.450,0.15,13.450,0.00,13.450,0.02,13.450,0.01,13.450,0.00,13.450,0.15,13.450,0.13,13.450,0.08,13.450,0.00,13.450,-0.02,13.450,1.16,13.450,0.00,13.450,0.04,13.450,0.02,13.450,0.04,13.450,0.06,13.450,1.20,13.450,4.64,13.450,-0.02,13.450,0.00,13.450,-0.01,13.450,0.01,13.450,1.66
13.500,-0.01,13.500,1.10,13.500,0.66,13.500,0.00,13.500,-0.03,13.500,0.01,13.500,0.01,13.500,0.01,13.500,-0.01,13.500,0.02,13.500,0.05,13.500,-0.01,13.500,-0.01,13.500,0.01,13.500,0.00,13.500,-0.01,13.500,0.02,13.500,0.05,13.500,0.01,13.500,-0.02,13.500,0.00,13.500,-0.01,13.500,0.00,13.500,0.00,13.500,-0.04,13.500,-0.01,13.500,0.00,13.500,0.06,13.500,0.00,13.500,0.08,13.500,0.00,13.500,0.01,13.500,0.05,13.500,0.04,13.500,0.00,13.500,0.01,13.500,-0.02,13.500,0.00,13.500,-0.01,13.500,0.00,13.500,0.00,13.500,2.47,13.500,0.35,13.500,-0.01,13.500,0.00,13.500,-0.01,13.500,-0.01,13.500,0.30,13.500,0.14,13.500,0.10,13.500,-0.02,13.500,-0.01,13.500,1.10,13.500,-0.03,13.500,0.03,13.500,0.02,13.500,0.03,13.500,0.01,13.500,0.06,13.500,4.76,13.500,-0.02,13.500,0.00,13.500,-0.01,13.500,0.06,13.500,2.90
13.550,-0.01,13.550,1.85,13.550,0.94,13.550,-0.02,13.550,-0.02,13.550,0.00,13.550,-0.01,13.550,-0.01,13.550,-0.01,13.550,0.02,13.550,0.04,13.550,0.00,13.550,-0.01,13.550,0.01,13.550,0.00,13.550,-0.01,13.550,0.02,13.550,0.05,13.550,0.01,13.550,-0.01,13.550,0.00,13.550,0.01,13.550,0.00,13.550,-0.01,13.550,-0.03,13.550,-0.02,13.550,0.00,13.550,0.06,13.550,0.01,13.550,0.01,13.550,0.00,13.550,0.00,13.550,0.07,13.550,0.06,13.550,0.00,13.550,0.01,13.550,-0.03,13.550,-0.01,13.550,-0.01,13.550,0.00,13.550,-0.01,13.550,1.72,13.550,0.89,13.550,0.00,13.550,0.02,13.550,0.00,13.550,0.00,13.550,0.66,13.550,0.18,13.550,0.12,13.550,-0.01,13.550,-0.02,13.550,1.12,13.550,-0.02,13.550,0.02,13.550,0.02,13.550,-0.01,13.550,0.00,13.550,-0.01,13.550,4.90,13.550,-0.03,13.550,0.01,13.550,-0.01,13.550,0.01,13.550,2.89
13.600,0.00,13.600,2.17,13.600,1.21,13.600,-0.01,13.600,-0.02,13.600,-0.01,13.600,-0.01,13.600,0.00,13.600,-0.01,13.600,0.01,13.600,0.05,13.600,-0.01,13.600,-0.01,13.600,0.01,13.600,0.01,13.600,-0.01,13.600,0.03,13.600,0.05,13.600,0.00,13.600,0.00,13.600,0.07,13.600,0.01,13.600,-0.01,13.600,0.00,13.600,-0.02,13.600,-0.01,13.600,-0.01,13.600,0.07,13.600,0.01,13.600,0.01,13.600,-0.01,13.600,0.00,13.600,0.08,13.600,0.08,13.600,0.01,13.600,0.00,13.600,-0.02,13.600,0.00,13.600,-0.01,13.600,0.01,13.600,0.01,13.600,0.07,13.600,1.19,13.600,0.02,13.600,0.01,13.600,0.00,13.600,0.00,13.600,1.08,13.600,0.23,13.600,0.13,13.600,-0.02,13.600,-0.03,13.600,1.17,13.600,-0.03,13.600,0.02,13.600,0.02,13.600,-0.02,13.600,0.02,13.600,-0.01,13.600,5.29,13.600,-0.03,13.600,0.00,13.600,-0.01,13.600,0.00,13.600,3.61
13.650,0.00,13.650,0.07,13.650,0.53,13.650,-0.02,13.650,-0.03,13.650,0.00,13.650,-0.01,13.650,-0.01,13.650,-0.01,13.650,0.01,13.650,0.05,13.650,-0.02,13.650,-0.01,13.650,0.01,13.650,0.02,13.650,0.00,13.650,0.04,13.650,0.04,13.650,0.00,13.650,-0.01,13.650,0.04,13.650,0.01,13.650,0.00,13.650,-0.01,13.650,-0.02,13.650,-0.01,13.650,0.01,13.650,0.08,13.650,0.02,13.650,0.01,13.650,-0.01,13.650,0.00,13.650,0.11,13.650,0.09,13.650,0.00,13.650,0.02,13.650,-0.01,13.650,-0.01,13.650,-0.01,13.650,0.01,13.650,0.02,13.650,0.03,13.650,1.24,13.650,0.03,13.650,0.02,13.650,0.00,13.650,0.00,13.650,1.38,13.650,0.33,13.650,0.16,13.650,-0.02,13.650,-0.03,13.650,1.23,13.650,-0.01,13.650,0.02,13.650,0.01,13.650,0.01,13.650,0.02,13.650,0.00,13.650,0.20,13.650,-0.03,13.650,0.00,13.650,-0.01,13.650,0.01,13.650,3.90
13.700,0.00,13.700,0.04,13.700,0.06,13.700,0.00,13.700,-0.03,13.700,0.01,13.700,-0.01,13.700,-0.01,13.700,-0.01,13.700,0.02,13.700,0.05,13.700,0.00,13.700,-0.01,13.700,0.01,13.700,0.01,13.700,0.00,13.700,0.04,13.700,0.05,13.700,0.01,13.700,-0.01,13.700,0.01,13.700,-0.01,13.700,-0.01,13.700,-0.01,13.700,-0.02,13.700,-0.01,13.700,0.00,13.700,0.11,13.700,0.01,13.700,0.01,13.700,-0.01,13.700,0.01,13.700,0.31,13.700,0.13,13.700,0.01,13.700,0.02,13.700,-0.02,13.700,-0.01,13.700,-0.02,13.700,0.00,13.700,0.00,13.700,-0.02,13.700,1.25,13.700,0.03,13.700,0.01,13.700,0.00,13.700,0.00,13.700,1.29,13.700,0.38,13.700,0.17,13.700,-0.02,13.700,-0.03,13.700,1.25,13.700,-0.02,13.700,0.03,13.700,0.02,13.700,0.01,13.700,0.02,13.700,0.01,13.700,0.04,13.700,-0.03,13.700,0.01,13.700,-0.02,13.700,0.01,13.700,4.16
13.750,0.01,13.750,0.01,13.750,-0.01,13.750,0.00,13.750,-0.02,13.750,0.00,13.750,-0.01,13.750,-0.01,13.750,-0.01,13.750,0.03,13.750,0.04,13.750,0.00,13.750,-0.01,13.750,0.02,13.750,0.01,13.750,0.00,13.750,0.04,13.750,0.07,13.750,0.00,13.750,0.00,13.750,-0.01,13.750,-0.01,13.750,0.01,13.750,0.00,13.750,-0.01,13.750,0.00,13.750,-0.01,13.750,0.29,13.750,0.01,13.750,0.01,13.750,0.00,13.750,0.00,13.750,1.13,13.750,0.15,13.750,0.00,13.750,0.02,13.750,-0.01,13.750,0.00,13.750,-0.02,13.750,0.01,13.750,-0.01,13.750,-0.02,13.750,0.28,13.750,0.03,13.750,0.01,13.750,0.00,13.750,0.00,13.750,0.14,13.750,0.42,13.750,0.18,13.750,-0.01,13.750,-0.02,13.750,1.51,13.750,-0.02,13.750,0.04,13.750,0.02,13.750,0.02,13.750,0.02,13.750,-0.01,13.750,-0.03,13.750,-0.03,13.750,0.00,13.750,-0.02,13.750,0.01,13.750,4.80
13.800,-0.01,13.800,0.02,13.800,-0.01,13.800,0.00,13.800,-0.03,13.800,0.02,13.800,-0.01,13.800,-0.01,13.800,0.00,13.800,0.03,13.800,0.04,13.800,0.00,13.800,-0.01,13.800,0.01,13.800,0.01,13.800,-0.01,13.800,0.04,13.800,0.08,13.800,0.00,13.800,0.00,13.800,0.01,13.800,-0.02,13.800,0.00,13.800,0.00,13.800,-0.02,13.800,-0.01,13.800,-0.01,13.800,0.56,13.800,0.01,13.800,0.02,13.800,-0.01,13.800,0.00,13.800,0.88,13.800,0.21,13.800,0.02,13.800,0.03,13.800,-0.01,13.800,0.00,13.800,-0.01,13.800,0.01,13.800,0.01,13.800,-0.02,13.800,0.06,13.800,0.03,13.800,0.01,13.800,0.00,13.800,0.00,13.800,0.04,13.800,0.46,13.800,0.21,13.800,0.00,13.800,-0.03,13.800,1.82,13.800,-0.02,13.800,0.03,13.800,0.03,13.800,0.02,13.800,0.02,13.800,-0.01,13.800,-0.03,13.800,-0.02,13.800,0.01,13.800,-0.03,13.800,0.01,13.800,4.95
13.850,-0.01,13.850,0.02,13.850,0.00,13.850,-0.01,13.850,-0.02,13.850,0.03,13.850,-0.01,13.850,-0.01,13.850,0.00,13.850,0.02,13.850,0.05,13.850,0.00,13.850,-0.01,13.850,0.00,13.850,0.02,13.850,-0.01,13.850,0.05,13.850,0.10,13.850,0.00,13.850,-0.01,13.850,0.00,13.850,0.01,13.850,0.00,13.850,0.00,13.850,-0.01,13.850,-0.01,13.850,-0.01,13.850,0.08,13.850,0.01,13.850,0.01,13.850,0.00,13.850,0.00,13.850,0.07,13.850,0.34,13.850,0.02,13.850,0.03,13.850,-0.02,13.850,0.00,13.850,0.00,13.850,0.00,13.850,0.00,13.850,-0.03,13.850,0.01,13.850,0.04,13.850,0.01,13.850,0.00,13.850,0.01,13.850,-0.02,13.850,0.48,13.850,0.24,13.850,0.00,13.850,-0.04,13.850,1.98,13.850,-0.02,13.850,0.04,13.850,0.04,13.850,0.02,13.850,0.04,13.850,0.00,13.850,-0.04,13.850,-0.03,13.850,0.01,13.850,-0.02,13.850,0.02,13.850,4.85
13.900,0.01,13.900,0.01,13.900,0.00,13.900,-0.02,13.900,-0.01,13.900,0.04,13.900,0.01,13.900,0.00,13.900,0.00,13.900,0.02,13.900,0.04,13.900,0.00,13.900,-0.01,13.900,0.01,13.900,0.00,13.900,-0.01,13.900,0.04,13.900,0.12,13.900,0.01,13.900,-0.01,13.900,-0.01,13.900,-0.01,13.900,0.01,13.900,0.01,13.900,-0.02,13.900,-0.01,13.900,-0.01,13.900,0.00,13.900,0.02,13.900,0.02,13.900,0.00,13.900,0.01,13.900,0.02,13.900,0.55,13.900,0.03,13.900,0.04,13.900,-0.02,13.900,0.01,13.900,0.00,13.900,0.01,13.900,0.00,13.900,-0.02,13.900,-0.01,13.900,0.04,13.900,0.01,13.900,-0.01,13.900,0.00,13.900,-0.01,13.900,0.60,13.900,0.29,13.900,-0.01,13.900,-0.04,13.900,1.21,13.900,-0.01,13.900,0.02,13.900,0.05,13.900,0.05,13.900,0.05,13.900,0.00,13.900,-0.04,13.900,-0.02,13.900,0.07,13.900,0.10,13.900,0.03,13.900,4.71
13.950,0.00,13.950,0.01,13.950,0.01,13.950,-0.02,13.950,-0.01,13.950,0.04,13.950,0.01,13.950,0.00,13.950,0.01,13.950,0.03,13.950,0.04,13.950,0.00,13.950,0.01,13.950,0.01,13.950,0.01,13.950,-0.01,13.950,0.06,13.950,0.22,13.950,0.00,13.950,-0.01,13.950,-0.01,13.950,-0.01,13.950,0.01,13.950,0.00,13.950,-0.01,13.950,-0.01,13.950,0.01,13.950,0.01,13.950,0.01,13.950,0.01,13.950,0.00,13.950,0.00,13.950,-0.01,13.950,0.80,13.950,0.03,13.950,0.03,13.950,-0.02,13.950,0.00,13.950,0.00,13.950,0.00,13.950,0.00,13.950,-0.02,13.950,0.01,13.950,0.04,13.950,0.02,13.950,0.00,13.950,0.00,13.950,-0.01,13.950,0.71,13.950,0.38,13.950,-0.01,13.950,-0.03,13.950,0.06,13.950,-0.01,13.950,0.03,13.950,0.05,13.950,0.03,13.950,0.07,13.950,0.01,13.950,-0.03,13.950,0.01,13.950,0.02,13.950,-0.01,13.950,0.05,13.950,4.36
14.000,-0.01,14.000,0.01,14.000,0.01,14.000,-0.01,14.000,-0.02,14.000,0.07,14.000,0.02,14.000,0.00,14.000,0.01,14.000,0.03,14.000,0.05,14.000,0.00,14.000,-0.01,14.000,0.01,14.000,0.01,14.000,-0.01,14.000,0.06,14.000,0.41,14.000,0.01,14.000,0.00,14.000,0.01,14.000,-0.01,14.000,0.01,14.000,0.00,14.000,-0.01,14.000,0.00,14.000,0.00,14.000,0.01,14.000,0.01,14.000,0.01,14.000,0.00,14.000,-0.01,14.000,-0.01,14.000,0.73,14.000,0.04,14.000,0.04,14.000,-0.01,14.000,0.00,14.000,0.00,14.000,0.00,14.000,-0.01,14.000,-0.01,14.000,0.01,14.000,0.05,14.000,0.02,14.000,0.01,14.000,-0.01,14.000,-0.01,14.000,0.84,14.000,0.52,14.000,0.00,14.000,-0.04,14.000,0.02,14.000,-0.02,14.000,0.03,14.000,0.06,14.000,0.05,14.000,0.16,14.000,0.00,14.000,-0.04,14.000,0.00,14.000,0.01,14.000,0.08,14.000,0.06,14.000,4.51
14.050,-0.01,14.050,0.01,14.050,0.01,14.050,-0.01,14.050,-0.02,14.050,0.12,14.050,0.02,14.050,0.01,14.050,0.00,14.050,0.02,14.050,0.04,14.050,0.01,14.050,-0.01,14.050,0.01,14.050,0.03,14.050,-0.01,14.050,0.09,14.050,0.95,14.050,0.00,14.050,0.00,14.050,0.01,14.050,-0.01,14.050,-0.01,14.050,0.00,14.050,-0.02,14.050,0.05,14.050,0.00,14.050,0.01,14.050,0.01,14.050,0.01,14.050,-0.01,14.050,-0.01,14.050,0.00,14.050,0.14,14.050,0.04,14.050,0.03,14.050,-0.02,14.050,0.00,14.050,0.01,14.050,0.01,14.050,-0.01,14.050,-0.01,14.050,0.01,14.050,0.05,14.050,0.02,14.050,0.00,14.050,0.00,14.050,0.00,14.050,0.87,14.050,0.53,14.050,0.00,14.050,-0.03,14.050,-0.02,14.050,-0.02,14.050,0.02,14.050,0.07,14.050,0.16,14.050,2.16,14.050,0.00,14.050,-0.03,14.050,-0.02,14.050,-0.01,14.050,-0.03,14.050,0.18,14.050,5.19
14.100,0.01,14.100,0.01,14.100,0.01,14.100,0.00,14.100,-0.02,14.100,0.39,14.100,0.03,14.100,0.00,14.100,0.00,14.100,0.01,14.100,0.04,14.100,0.00,14.100,-0.01,14.100,0.00,14.100,0.03,14.100,-0.03,14.100,0.21,14.100,1.25,14.100,-0.01,14.100,-0.01,14.100,0.01,14.100,-0.01,14.100,-0.01,14.100,0.00,14.100,-0.03,14.100,0.02,14.100,0.00,14.100,0.00,14.100,0.01,14.100,0.02,14.100,0.02,14.100,0.01,14.100,0.00,14.100,0.04,14.100,0.03,14.100,0.05,14.100,-0.02,14.100,0.01,14.100,0.02,14.100,0.02,14.100,-0.01,14.100,-0.02,14.100,0.01,14.100,0.07,14.100,0.01,14.100,-0.01,14.100,0.01,14.100,0.00,14.100,0.17,14.100,0.35,14.100,0.00,14.100,-0.03,14.100,-0.01,14.100,-0.02,14.100,0.03,14.100,0.09,14.100,3.84,14.100,2.50,14.100,0.00,14.100,-0.03,14.100,-0.02,14.100,0.02,14.100,-0.02,14.100,3.06,14.100,5.09
14.150,-0.01,14.150,0.00,14.150,0.01,14.150,-0.01,14.150,-0.01,14.150,1.38,14.150,0.04,14.150,0.00,14.150,0.00,14.150,0.02,14.150,0.05,14.150,-0.01,14.150,0.00,14.150,0.02,14.150,0.04,14.150,-0.01,14.150,1.51,14.150,1.34,14.150,-0.01,14.150,-0.01,14.150,0.00,14.150,-0.01,14.150,-0.01,14.150,-0.01,14.150,-0.02,14.150,-0.01,14.150,0.01,14.150,0.01,14.150,0.01,14.150,0.00,14.150,0.03,14.150,0.01,14.150,0.00,14.150,-0.02,14.150,0.04,14.150,0.05,14.150,-0.02,14.150,0.00,14.150,0.01,14.150,0.02,14.150,0.00,14.150,-0.02,14.150,0.01,14.150,0.07,14.150,0.01,14.150,0.01,14.150,0.00,14.150,0.00,14.150,0.07,14.150,0.19,14.150,0.00,14.150,-0.05,14.150,-0.02,14.150,-0.02,14.150,0.02,14.150,0.22,14.150,3.86,14.150,2.02,14.150,0.00,14.150,-0.03,14.150,-0.01,14.150,0.02,14.150,0.00,14.150,2.99,14.150,5.24
14.200,5.55E-17,14.200,0.00,14.200,0.01,14.200,-0.01,14.200,-0.03,14.200,1.91,14.200,0.05,14.200,0.01,14.200,0.00,14.200,0.02,14.200,0.04,14.200,0.00,14.200,-0.01,14.200,0.01,14.200,0.04,14.200,-0.01,14.200,0.59,14.200,1.26,14.200,-0.01,14.200,-0.02,14.200,0.01,14.200,-0.02,14.200,0.00,14.200,-0.01,14.200,-0.02,14.200,-0.03,14.200,0.00,14.200,0.00,14.200,0.01,14.200,0.00,14.200,0.03,14.200,0.00,14.200,0.00,14.200,0.00,14.200,0.05,14.200,0.06,14.200,-0.01,14.200,0.02,14.200,0.01,14.200,0.03,14.200,0.00,14.200,-0.02,14.200,0.01,14.200,0.08,14.200,0.01,14.200,0.01,14.200,-0.01,14.200,-0.01,14.200,0.02,14.200,0.07,14.200,0.00,14.200,-0.03,14.200,-0.01,14.200,-0.02,14.200,0.03,14.200,1.64,14.200,2.43,14.200,2.37,14.200,0.00,14.200,-0.03,14.200,-0.01,14.200,0.04,14.200,0.01,14.200,2.54,14.200,2.55
14.250,-0.01,14.250,0.01,14.250,0.01,14.250,-0.01,14.250,-0.02,14.250,2.32,14.250,0.06,14.250,-0.01,14.250,0.00,14.250,0.02,14.250,0.05,14.250,0.01,14.250,-0.02,14.250,0.02,14.250,0.06,14.250,-0.02,14.250,0.07,14.250,0.45,14.250,0.00,14.250,-0.02,14.250,0.00,14.250,-0.01,14.250,-0.01,14.250,-0.01,14.250,-0.01,14.250,-0.01,14.250,-0.01,14.250,0.01,14.250,0.01,14.250,0.01,14.250,0.00,14.250,0.01,14.250,0.00,14.250,0.01,14.250,0.06,14.250,0.10,14.250,-0.01,14.250,0.00,14.250,0.01,14.250,0.02,14.250,-0.01,14.250,-0.02,14.250,0.00,14.250,0.12,14.250,0.01,14.250,-0.01,14.250,0.00,14.250,0.00,14.250,0.03,14.250,0.02,14.250,-0.01,14.250,-0.03,14.250,-0.01,14.250,-0.01,14.250,0.03,14.250,1.78,14.250,2.80,14.250,3.20,14.250,0.01,14.250,-0.02,14.250,0.02,14.250,0.04,14.250,0.01,14.250,3.91,14.250,0.07
14.300,-0.02,14.300,0.01,14.300,0.01,14.300,-0.01,14.300,0.00,14.300,2.51,14.300,0.11,14.300,-0.01,14.300,0.02,14.300,0.03,14.300,0.05,14.300,0.01,14.300,-0.02,14.300,0.02,14.300,0.09,14.300,-0.01,14.300,0.01,14.300,0.09,14.300,-0.01,14.300,-0.01,14.300,-0.01,14.300,0.01,14.300,-0.01,14.300,0.00,14.300,-0.02,14.300,-0.02,14.300,-0.01,14.300,0.01,14.300,0.01,14.300,0.00,14.300,0.01,14.300,0.00,14.300,-0.01,14.300,0.01,14.300,0.07,14.300,0.32,14.300,-0.02,14.300,0.01,14.300,0.02,14.300,0.03,14.300,-0.01,14.300,-0.02,14.300,-0.01,14.300,0.18,14.300,0.01,14.300,0.00,14.300,0.00,14.300,-0.01,14.300,0.03,14.300,-0.01,14.300,-0.01,14.300,-0.04,14.300,-0.01,14.300,-0.01,14.300,0.03,14.300,1.73,14.300,4.02,14.300,3.82,14.300,0.01,14.300,-0.03,14.300,0.07,14.300,0.07,14.300,0.03,14.300,5.09,14.300,0.03
14.350,0.06,14.350,0.01,14.350,0.02,14.350,-0.01,14.350,-0.01,14.350,2.61,14.350,0.20,14.350,-0.01,14.350,0.01,14.350,0.04,14.350,0.05,14.350,0.00,14.350,-0.01,14.350,0.01,14.350,0.20,14.350,0.02,14.350,0.00,14.350,0.06,14.350,-0.01,14.350,-0.01,14.350,0.01,14.350,0.01,14.350,-0.01,14.350,-0.02,14.350,-0.01,14.350,-0.01,14.350,-0.02,14.350,0.00,14.350,0.00,14.350,0.01,14.350,0.02,14.350,0.00,14.350,-0.01,14.350,0.01,14.350,0.10,14.350,1.70,14.350,-0.02,14.350,-0.01,14.350,0.03,14.350,0.04,14.350,-0.01,14.350,-0.01,14.350,0.00,14.350,0.32,14.350,0.01,14.350,0.00,14.350,0.00,14.350,0.00,14.350,0.03,14.350,0.01,14.350,-0.01,14.350,-0.04,14.350,-0.01,14.350,-0.01,14.350,0.03,14.350,1.94,14.350,4.39,14.350,4.23,14.350,0.03,14.350,-0.02,14.350,3.50,14.350,0.13,14.350,0.07,14.350,3.51,14.350,0.00
14.400,0.03,14.400,0.02,14.400,0.01,14.400,0.00,14.400,0.01,14.400,2.72,14.400,0.45,14.400,-0.01,14.400,0.01,14.400,0.05,14.400,0.05,14.400,0.01,14.400,-0.02,14.400,0.01,14.400,0.43,14.400,0.01,14.400,0.01,14.400,-0.01,14.400,-0.01,14.400,-0.01,14.400,0.02,14.400,0.03,14.400,0.01,14.400,0.00,14.400,-0.01,14.400,-0.02,14.400,0.07,14.400,0.02,14.400,0.02,14.400,0.01,14.400,0.01,14.400,0.01,14.400,-0.01,14.400,0.00,14.400,0.11,14.400,2.53,14.400,-0.02,14.400,-0.01,14.400,0.02,14.400,0.04,14.400,-0.01,14.400,-0.02,14.400,0.01,14.400,0.55,14.400,0.01,14.400,-0.01,14.400,0.00,14.400,-0.01,14.400,0.04,14.400,0.01,14.400,0.00,14.400,-0.02,14.400,0.00,14.400,-0.02,14.400,0.04,14.400,2.59,14.400,4.58,14.400,4.39,14.400,0.00,14.400,-0.03,14.400,4.96,14.400,1.87,14.400,1.49,14.400,0.08,14.400,-0.01
14.450,-0.01,14.450,0.01,14.450,0.00,14.450,-0.01,14.450,0.00,14.450,2.70,14.450,1.24,14.450,-0.01,14.450,0.03,14.450,0.07,14.450,0.06,14.450,0.01,14.450,-0.03,14.450,0.01,14.450,0.08,14.450,0.00,14.450,0.01,14.450,0.00,14.450,0.00,14.450,0.00,14.450,0.02,14.450,0.04,14.450,0.01,14.450,0.00,14.450,-0.01,14.450,0.00,14.450,0.02,14.450,0.02,14.450,0.02,14.450,0.00,14.450,0.00,14.450,0.01,14.450,-0.01,14.450,0.00,14.450,0.12,14.450,2.77,14.450,-0.01,14.450,0.00,14.450,0.03,14.450,0.06,14.450,0.00,14.450,-0.02,14.450,0.01,14.450,0.68,14.450,0.01,14.450,0.01,14.450,-0.01,14.450,0.00,14.450,0.03,14.450,0.02,14.450,-0.01,14.450,-0.02,14.450,-0.01,14.450,-0.01,14.450,0.05,14.450,3.06,14.450,5.08,14.450,4.60,14.450,-0.01,14.450,-0.04,14.450,4.07,14.450,2.75,14.450,4.90,14.450,0.03,14.450,-0.01
14.500,-0.01,14.500,0.01,14.500,0.00,14.500,0.00,14.500,0.00,14.500,0.04,14.500,1.88,14.500,-0.02,14.500,0.03,14.500,0.10,14.500,0.08,14.500,0.00,14.500,-0.04,14.500,0.01,14.500,0.03,14.500,-0.01,14.500,0.01,14.500,-0.01,14.500,0.00,14.500,0.00,14.500,0.02,14.500,0.05,14.500,0.02,14.500,-0.01,14.500,0.00,14.500,-0.01,14.500,-0.01,14.500,0.01,14.500,0.01,14.500,0.01,14.500,0.01,14.500,0.02,14.500,0.00,14.500,0.01,14.500,0.15,14.500,3.00,14.500,0.03,14.500,0.01,14.500,0.04,14.500,0.09,14.500,0.00,14.500,-0.02,14.500,0.01,14.500,0.78,14.500,0.01,14.500,-0.01,14.500,-0.01,14.500,-0.01,14.500,0.03,14.500,0.01,14.500,-0.01,14.500,-0.02,14.500,0.00,14.500,0.00,14.500,0.05,14.500,3.25,14.500,0.38,14.500,4.99,14.500,0.00,14.500,-0.04,14.500,3.78,14.500,2.37,14.500,3.86,14.500,-0.01,14.500,0.01
14.550,0.00,14.550,0.01,14.550,0.00,14.550,-0.01,14.550,0.00,14.550,0.03,14.550,1.74,14.550,-0.01,14.550,0.05,14.550,0.28,14.550,0.09,14.550,0.00,14.550,-0.04,14.550,0.01,14.550,-0.01,14.550,-0.02,14.550,0.01,14.550,0.00,14.550,0.00,14.550,0.00,14.550,0.02,14.550,0.13,14.550,0.03,14.550,-0.02,14.550,-0.01,14.550,0.00,14.550,-0.02,14.550,0.01,14.550,0.01,14.550,0.01,14.550,0.01,14.550,0.03,14.550,-0.01,14.550,0.02,14.550,0.21,14.550,0.24,14.550,0.02,14.550,0.01,14.550,0.05,14.550,0.15,14.550,0.01,14.550,-0.02,14.550,0.00,14.550,0.95,14.550,0.02,14.550,0.01,14.550,0.00,14.550,-0.01,14.550,0.02,14.550,0.01,14.550,-0.01,14.550,-0.02,14.550,-0.01,14.550,-0.01,14.550,0.05,14.550,3.47,14.550,0.06,14.550,0.17,14.550,0.01,14.550,-0.03,14.550,3.79,14.550,4.52,14.550,3.46,14.550,0.00,14.550,-0.01
14.600,0.00,14.600,0.01,14.600,0.00,14.600,-0.01,14.600,0.00,14.600,-0.02,14.600,0.07,14.600,0.00,14.600,0.05,14.600,0.16,14.600,0.11,14.600,0.01,14.600,-0.04,14.600,0.01,14.600,-0.01,14.600,-0.01,14.600,0.01,14.600,0.00,14.600,0.01,14.600,-0.01,14.600,0.03,14.600,0.91,14.600,0.03,14.600,-0.02,14.600,-0.02,14.600,0.00,14.600,-0.01,14.600,0.01,14.600,0.02,14.600,0.00,14.600,0.01,14.600,0.03,14.600,0.00,14.600,0.01,14.600,0.37,14.600,0.07,14.600,0.02,14.600,0.00,14.600,0.10,14.600,0.48,14.600,0.01,14.600,-0.01,14.600,0.02,14.600,0.58,14.600,0.02,14.600,0.00,14.600,-0.01,14.600,-0.01,14.600,0.02,14.600,0.01,14.600,-0.01,14.600,-0.03,14.600,-0.01,14.600,0.01,14.600,0.05,14.600,4.26,14.600,-0.01,14.600,0.05,14.600,0.01,14.600,-0.04,14.600,4.31,14.600,0.48,14.600,5.08,14.600,-0.01,14.600,-0.01
14.650,5.55E-17,14.650,0.01,14.650,0.00,14.650,0.00,14.650,0.00,14.650,-0.02,14.650,0.03,14.650,0.01,14.650,0.06,14.650,0.06,14.650,0.16,14.650,0.00,14.650,-0.03,14.650,0.00,14.650,0.00,14.650,-0.01,14.650,0.00,14.650,-0.01,14.650,0.01,14.650,0.00,14.650,0.02,14.650,2.33,14.650,0.04,14.650,-0.01,14.650,-0.01,14.650,0.00,14.650,0.00,14.650,0.01,14.650,0.02,14.650,0.01,14.650,0.00,14.650,0.04,14.650,0.00,14.650,0.01,14.650,0.32,14.650,-0.01,14.650,-0.01,14.650,0.01,14.650,0.40,14.650,0.09,14.650,0.02,14.650,-0.01,14.650,0.01,14.650,0.16,14.650,0.01,14.650,0.01,14.650,-0.01,14.650,-0.01,14.650,0.03,14.650,0.01,14.650,-0.01,14.650,-0.02,14.650,0.00,14.650,0.02,14.650,0.07,14.650,4.62,14.650,-0.01,14.650,-0.02,14.650,0.03,14.650,-0.03,14.650,4.95,14.650,0.07,14.650,0.73,14.650,0.00,14.650,0.00
14.700,0.00,14.700,0.01,14.700,0.00,14.700,-0.01,14.700,0.00,14.700,-0.02,14.700,-0.02,14.700,0.01,14.700,0.08,14.700,-0.01,14.700,0.35,14.700,0.00,14.700,-0.03,14.700,0.00,14.700,0.01,14.700,-0.01,14.700,0.00,14.700,0.00,14.700,0.00,14.700,0.00,14.700,0.04,14.700,0.19,14.700,0.04,14.700,-0.01,14.700,-0.01,14.700,0.01,14.700,0.01,14.700,0.01,14.700,0.04,14.700,0.00,14.700,0.01,14.700,0.05,14.700,-0.01,14.700,0.01,14.700,0.07,14.700,0.00,14.700,0.00,14.700,0.00,14.700,0.20,14.700,0.04,14.700,0.03,14.700,-0.02,14.700,0.01,14.700,0.05,14.700,0.02,14.700,-0.01,14.700,-0.01,14.700,-0.01,14.700,0.03,14.700,0.01,14.700,0.01,14.700,-0.02,14.700,0.00,14.700,-0.01,14.700,0.09,14.700,4.61,14.700,-0.02,14.700,-0.02,14.700,0.05,14.700,0.02,14.700,0.40,14.700,0.01,14.700,0.06,14.700,0.00,14.700,-0.01
14.750,-0.01,14.750,0.01,14.750,0.01,14.750,0.01,14.750,0.01,14.750,-0.02,14.750,-0.01,14.750,0.02,14.750,0.14,14.750,0.01,14.750,0.89,14.750,0.00,14.750,-0.03,14.750,0.00,14.750,0.00,14.750,-0.02,14.750,0.02,14.750,0.01,14.750,-0.01,14.750,0.00,14.750,0.05,14.750,0.04,14.750,0.03,14.750,-0.01,14.750,-0.02,14.750,0.01,14.750,0.00,14.750,0.01,14.750,0.04,14.750,0.01,14.750,0.02,14.750,0.06,14.750,0.00,14.750,0.01,14.750,0.02,14.750,0.00,14.750,0.00,14.750,0.00,14.750,0.04,14.750,-0.01,14.750,0.04,14.750,-0.01,14.750,0.01,14.750,0.00,14.750,0.02,14.750,0.00,14.750,-0.01,14.750,-0.01,14.750,0.02,14.750,0.01,14.750,0.01,14.750,-0.03,14.750,0.00,14.750,-0.01,14.750,0.17,14.750,0.07,14.750,-0.01,14.750,-0.03,14.750,0.12,14.750,0.01,14.750,0.04,14.750,0.00,14.750,0.00,14.750,-0.01,14.750,-0.01
14.800,-0.01,14.800,0.01,14.800,0.00,14.800,0.00,14.800,0.02,14.800,-0.02,14.800,-0.02,14.800,0.03,14.800,0.54,14.800,0.02,14.800,1.51,14.800,0.01,14.800,-0.03,14.800,0.02,14.800,0.01,14.800,0.00,14.800,0.01,14.800,0.01,14.800,-0.01,14.800,-0.01,14.800,0.06,14.800,-0.03,14.800,0.05,14.800,0.00,14.800,-0.01,14.800,-0.01,14.800,0.00,14.800,0.01,14.800,0.05,14.800,0.01,14.800,0.03,14.800,0.06,14.800,0.01,14.800,0.00,14.800,0.00,14.800,0.01,14.800,0.00,14.800,0.00,14.800,-0.02,14.800,0.00,14.800,0.05,14.800,-0.02,14.800,0.01,14.800,-0.01,14.800,0.02,14.800,0.00,14.800,-0.01,14.800,-0.02,14.800,0.02,14.800,0.00,14.800,0.01,14.800,-0.02,14.800,-0.01,14.800,-0.01,14.800,0.39,14.800,0.05,14.800,-0.01,14.800,-0.02,14.800,2.23,14.800,-0.02,14.800,-0.02,14.800,0.00,14.800,-0.02,14.800,-0.01,14.800,-0.01
14.850,0.01,14.850,0.01,14.850,0.00,14.850,0.00,14.850,0.01,14.850,-0.02,14.850,-0.01,14.850,0.03,14.850,0.17,14.850,0.01,14.850,2.09,14.850,0.01,14.850,-0.03,14.850,0.01,14.850,0.00,14.850,-0.01,14.850,0.01,14.850,0.00,14.850,0.00,14.850,0.00,14.850,0.07,14.850,-0.02,14.850,0.07,14.850,0.00,14.850,-0.01,14.850,0.00,14.850,0.00,14.850,0.01,14.850,0.06,14.850,0.01,14.850,0.05,14.850,0.08,14.850,0.01,14.850,0.01,14.850,0.01,14.850,-0.01,14.850,-0.01,14.850,0.00,14.850,-0.02,14.850,-0.01,14.850,0.09,14.850,-0.02,14.850,0.01,14.850,0.00,14.850,0.03,14.850,0.00,14.850,-0.01,14.850,-0.01,14.850,0.01,14.850,0.00,14.850,0.00,14.850,-0.01,14.850,-0.02,14.850,0.00,14.850,0.69,14.850,0.00,14.850,-0.01,14.850,-0.01,14.850,3.29,14.850,-0.03,14.850,-0.03,14.850,0.00,14.850,-0.01,14.850,-0.01,14.850,-0.01
14.900,0.01,14.900,0.02,14.900,-0.01,14.900,-0.01,14.900,0.01,14.900,-0.01,14.900,-0.01,14.900,0.04,14.900,0.04,14.900,0.01,14.900,2.54,14.900,-0.01,14.900,-0.03,14.900,0.01,14.900,-0.01,14.900,-0.02,14.900,0.00,14.900,0.01,14.900,0.01,14.900,-0.01,14.900,0.09,14.900,-0.01,14.900,0.12,14.900,0.01,14.900,-0.02,14.900,0.00,14.900,0.01,14.900,0.01,14.900,0.07,14.900,0.02,14.900,0.06,14.900,0.10,14.900,0.00,14.900,0.01,14.900,0.02,14.900,0.00,14.900,0.00,14.900,0.00,14.900,-0.02,14.900,-0.02,14.900,0.25,14.900,-0.02,14.900,0.00,14.900,0.01,14.900,0.02,14.900,0.01,14.900,-0.01,14.900,0.00,14.900,0.02,14.900,0.01,14.900,0.01,14.900,-0.02,14.900,0.00,14.900,0.00,14.900,0.98,14.900,0.00,14.900,-0.01,14.900,-0.01,14.900,2.58,14.900,-0.02,14.900,-0.01,14.900,0.02,14.900,0.01,14.900,-0.01,14.900,-0.01
14.950,0.01,14.950,0.02,14.950,-0.01,14.950,0.00,14.950,0.02,14.950,-0.02,14.950,-0.01,14.950,0.06,14.950,-0.02,14.950,0.01,14.950,2.86,14.950,-0.02,14.950,-0.01,14.950,0.01,14.950,-0.01,14.950,-0.01,14.950,0.01,14.950,0.01,14.950,0.00,14.950,-0.01,14.950,0.11,14.950,-0.01,14.950,0.30,14.950,0.02,14.950,-0.02,14.950,-0.01,14.950,0.00,14.950,0.02,14.950,0.09,14.950,0.01,14.950,0.07,14.950,0.20,14.950,-0.01,14.950,0.01,14.950,0.02,14.950,0.00,14.950,0.00,14.950,0.00,14.950,-0.01,14.950,-0.01,14.950,1.40,14.950,-0.02,14.950,0.01,14.950,0.00,14.950,0.01,14.950,0.00,14.950,0.00,14.950,-0.02,14.950,0.02,14.950,0.01,14.950,0.00,14.950,-0.01,14.950,-0.01,14.950,0.00,14.950,1.33,14.950,0.00,14.950,-0.02,14.950,-0.01,14.950,2.75,14.950,-0.01,14.950,-0.02,14.950,0.02,14.950,0.00,14.950,-0.02,14.950,-0.01
15.000,0.01,15.000,0.01,15.000,0.00,15.000,0.01,15.000,0.04,15.000,-0.02,15.000,-0.01,15.000,0.07,15.000,0.00,15.000,0.00,15.000,0.04,15.000,-0.01,15.000,-0.02,15.000,0.01,15.000,0.00,15.000,-0.01,15.000,0.01,15.000,0.01,15.000,0.00,15.000,-0.01,15.000,0.18,15.000,-0.01,15.000,1.12,15.000,0.02,15.000,-0.02,15.000,-0.01,15.000,0.01,15.000,0.03,15.000,0.14,15.000,0.02,15.000,0.07,15.000,0.39,15.000,0.00,15.000,-0.01,15.000,0.01,15.000,0.00,15.000,0.00,15.000,0.00,15.000,-0.01,15.000,-0.02,15.000,1.93,15.000,-0.01,15.000,0.00,15.000,0.00,15.000,0.02,15.000,0.00,15.000,0.00,15.000,-0.01,15.000,0.02,15.000,0.02,15.000,0.00,15.000,-0.02,15.000,-0.01,15.000,0.01,15.000,1.83,15.000,0.02,15.000,-0.01,15.000,-0.01,15.000,4.59,15.000,0.00,15.000,-0.02,15.000,0.00,15.000,-0.01,15.000,-0.02,15.000,0.00
15.050,0.00,15.050,0.01,15.050,-0.01,15.050,-0.01,15.050,0.04,15.050,-0.02,15.050,-0.01,15.050,0.09,15.050,0.00,15.050,0.01,15.050,0.06,15.050,-0.01,15.050,-0.02,15.050,0.00,15.050,0.00,15.050,-0.01,15.050,0.01,15.050,0.00,15.050,-0.01,15.050,0.00,15.050,0.32,15.050,-0.01,15.050,0.78,15.050,0.03,15.050,-0.02,15.050,-0.01,15.050,0.01,15.050,0.02,15.050,0.47,15.050,0.01,15.050,0.09,15.050,0.62,15.050,0.00,15.050,0.00,15.050,0.01,15.050,0.00,15.050,0.00,15.050,0.00,15.050,0.00,15.050,-0.01,15.050,2.09,15.050,-0.01,15.050,0.01,15.050,0.00,15.050,0.01,15.050,0.00,15.050,0.00,15.050,-0.01,15.050,0.02,15.050,0.02,15.050,0.01,15.050,-0.03,15.050,-0.01,15.050,0.02,15.050,2.10,15.050,0.01,15.050,-0.01,15.050,-0.01,15.050,0.08,15.050,-0.01,15.050,-0.02,15.050,-0.01,15.050,-0.01,15.050,-0.01,15.050,-0.01
15.100,0.01,15.100,0.02,15.100,0.00,15.100,-0.01,15.100,0.04,15.100,-0.03,15.100,-0.01,15.100,0.20,15.100,0.01,15.100,0.01,15.100,-0.02,15.100,-0.02,15.100,-0.01,15.100,0.01,15.100,0.01,15.100,-0.01,15.100,0.01,15.100,0.01,15.100,-0.01,15.100,-0.01,15.100,0.66,15.100,-0.02,15.100,0.09,15.100,0.02,15.100,-0.02,15.100,-0.02,15.100,0.01,15.100,0.02,15.100,0.24,15.100,0.01,15.100,0.11,15.100,0.78,15.100,-0.01,15.100,0.01,15.100,0.01,15.100,0.00,15.100,0.01,15.100,-0.01,15.100,-0.01,15.100,0.00,15.100,2.23,15.100,-0.02,15.100,0.01,15.100,0.01,15.100,0.01,15.100,0.00,15.100,0.00,15.100,-0.01,15.100,0.02,15.100,0.02,15.100,0.00,15.100,-0.02,15.100,-0.01,15.100,0.02,15.100,2.46,15.100,0.01,15.100,-0.02,15.100,-0.01,15.100,0.05,15.100,0.00,15.100,-0.01,15.100,-0.01,15.100,0.01,15.100,-0.01,15.100,0.00
15.150,-0.01,15.150,0.00,15.150,0.00,15.150,0.00,15.150,0.06,15.150,-0.02,15.150,-0.01,15.150,0.62,15.150,0.00,15.150,0.01,15.150,-0.01,15.150,0.00,15.150,-0.01,15.150,0.01,15.150,0.00,15.150,-0.01,15.150,0.01,15.150,0.00,15.150,-0.01,15.150,-0.01,15.150,1.06,15.150,-0.01,15.150,0.05,15.150,0.03,15.150,-0.04,15.150,-0.01,15.150,0.02,15.150,0.02,15.150,0.06,15.150,0.01,15.150,0.14,15.150,1.05,15.150,0.00,15.150,0.00,15.150,0.01,15.150,-0.01,15.150,0.00,15.150,0.00,15.150,-0.01,15.150,0.00,15.150,2.63,15.150,0.02,15.150,0.01,15.150,0.01,15.150,0.02,15.150,0.06,15.150,0.05,15.150,0.00,15.150,0.03,15.150,0.02,15.150,0.01,15.150,0.00,15.150,-0.01,15.150,0.02,15.150,2.59,15.150,0.01,15.150,-0.01,15.150,0.00,15.150,0.00,15.150,0.01,15.150,-0.03,15.150,0.00,15.150,0.00,15.150,-0.02,15.150,0.01
15.200,-0.01,15.200,0.01,15.200,0.00,15.200,0.00,15.200,0.07,15.200,-0.03,15.200,-0.01,15.200,0.89,15.200,0.00,15.200,0.01,15.200,-0.02,15.200,-0.01,15.200,-0.01,15.200,0.02,15.200,0.01,15.200,0.01,15.200,0.01,15.200,0.00,15.200,-0.01,15.200,-0.01,15.200,1.49,15.200,0.00,15.200,-0.01,15.200,0.03,15.200,-0.04,15.200,0.00,15.200,0.02,15.200,0.02,15.200,0.01,15.200,0.00,15.200,0.29,15.200,1.44,15.200,0.00,15.200,0.00,15.200,0.01,15.200,-0.01,15.200,-0.01,15.200,-0.01,15.200,-0.01,15.200,-0.01,15.200,2.29,15.200,0.01,15.200,0.01,15.200,0.01,15.200,0.02,15.200,0.04,15.200,0.03,15.200,0.00,15.200,0.03,15.200,0.01,15.200,0.01,15.200,-0.01,15.200,-0.01,15.200,0.05,15.200,2.60,15.200,0.01,15.200,0.00,15.200,-0.01,15.200,0.00,15.200,0.04,15.200,-0.02,15.200,-0.01,15.200,0.00,15.200,-0.01,15.200,0.01
15.250,0.00,15.250,0.01,15.250,-0.01,15.250,0.00,15.250,0.13,15.250,-0.02,15.250,-0.01,15.250,0.07,15.250,0.00,15.250,0.01,15.250,-0.02,15.250,0.00,15.250,0.00,15.250,0.02,15.250,-0.01,15.250,0.02,15.250,0.00,15.250,0.01,15.250,-0.01,15.250,-0.01,15.250,2.10,15.250,0.00,15.250,0.01,15.250,0.04,15.250,-0.03,15.250,-0.02,15.250,0.03,15.250,0.00,15.250,0.01,15.250,0.02,15.250,0.68,15.250,1.75,15.250,0.01,15.250,0.01,15.250,0.02,15.250,-0.01,15.250,0.01,15.250,-0.01,15.250,-0.01,15.250,0.00,15.250,0.06,15.250,-0.02,15.250,0.02,15.250,0.01,15.250,0.02,15.250,0.02,15.250,0.00,15.250,0.00,15.250,0.03,15.250,0.01,15.250,0.01,15.250,0.00,15.250,-0.01,15.250,0.07,15.250,2.87,15.250,0.01,15.250,0.00,15.250,0.00,15.250,0.01,15.250,0.09,15.250,-0.02,15.250,0.00,15.250,0.01,15.250,-0.01,15.250,0.00
15.300,0.00,15.300,0.01,15.300,0.00,15.300,0.00,15.300,0.38,15.300,-0.02,15.300,-0.01,15.300,0.03,15.300,0.01,15.300,0.01,15.300,-0.03,15.300,0.02,15.300,0.00,15.300,0.03,15.300,-0.01,15.300,0.02,15.300,0.00,15.300,0.02,15.300,-0.01,15.300,-0.01,15.300,2.40,15.300,0.00,15.300,-0.01,15.300,0.07,15.300,-0.02,15.300,-0.01,15.300,0.03,15.300,0.01,15.300,0.01,15.300,0.01,15.300,1.12,15.300,2.12,15.300,0.00,15.300,0.00,15.300,0.01,15.300,-0.01,15.300,0.01,15.300,0.00,15.300,-0.02,15.300,0.00,15.300,0.02,15.300,-0.01,15.300,0.01,15.300,0.01,15.300,0.02,15.300,-0.01,15.300,-0.02,15.300,-0.02,15.300,0.02,15.300,0.01,15.300,0.01,15.300,0.00,15.300,-0.01,15.300,0.12,15.300,3.04,15.300,0.01,15.300,0.00,15.300,-0.02,15.300,0.01,15.300,2.75,15.300,-0.02,15.300,0.00,15.300,0.00,15.300,-0.01,15.300,0.00
15.350,0.01,15.350,0.01,15.350,0.01,15.350,-0.01,15.350,0.06,15.350,-0.02,15.350,-0.01,15.350,-0.02,15.350,0.01,15.350,0.00,15.350,-0.02,15.350,0.02,15.350,0.02,15.350,0.04,15.350,0.00,15.350,0.01,15.350,0.01,15.350,0.00,15.350,0.00,15.350,-0.01,15.350,2.64,15.350,-0.01,15.350,0.00,15.350,0.10,15.350,-0.02,15.350,0.00,15.350,0.03,15.350,0.02,15.350,0.01,15.350,0.02,15.350,1.63,15.350,2.48,15.350,-0.01,15.350,0.00,15.350,0.02,15.350,-0.02,15.350,0.02,15.350,-0.01,15.350,-0.01,15.350,-0.02,15.350,-0.01,15.350,-0.01,15.350,0.01,15.350,0.01,15.350,0.03,15.350,0.01,15.350,0.00,15.350,-0.01,15.350,0.02,15.350,0.01,15.350,0.01,15.350,0.01,15.350,0.00,15.350,0.21,15.350,3.24,15.350,0.00,15.350,-0.01,15.350,-0.01,15.350,0.01,15.350,3.74,15.350,-0.02,15.350,0.00,15.350,0.00,15.350,0.00,15.350,0.01
15.400,0.02,15.400,0.00,15.400,0.01,15.400,0.00,15.400,0.04,15.400,-0.03,15.400,-0.01,15.400,-0.01,15.400,0.00,15.400,0.00,15.400,-0.02,15.400,0.03,15.400,0.04,15.400,0.04,15.400,0.00,15.400,0.01,15.400,0.01,15.400,0.01,15.400,0.00,15.400,-0.01,15.400,2.98,15.400,-0.01,15.400,0.00,15.400,0.13,15.400,-0.02,15.400,0.00,15.400,0.04,15.400,0.01,15.400,0.00,15.400,0.01,15.400,2.59,15.400,1.45,15.400,-0.01,15.400,-0.01,15.400,0.01,15.400,-0.01,15.400,0.02,15.400,0.00,15.400,-0.02,15.400,-0.01,15.400,-0.01,15.400,-0.01,15.400,0.02,15.400,0.00,15.400,0.04,15.400,0.01,15.400,0.01,15.400,-0.01,15.400,0.03,15.400,0.01,15.400,0.00,15.400,0.02,15.400,0.00,15.400,0.60,15.400,3.31,15.400,0.02,15.400,-0.01,15.400,-0.02,15.400,0.00,15.400,2.34,15.400,-0.02,15.400,-0.01,15.400,0.00,15.400,0.11,15.400,0.00
15.450,0.02,15.450,0.00,15.450,0.01,15.450,-0.01,15.450,-0.02,15.450,-0.03,15.450,-0.02,15.450,-0.01,15.450,0.00,15.450,0.02,15.450,-0.03,15.450,0.03,15.450,0.14,15.450,0.05,15.450,0.01,15.450,0.03,15.450,0.01,15.450,0.00,15.450,0.00,15.450,0.00,15.450,0.53,15.450,-0.01,15.450,0.00,15.450,0.20,15.450,-0.03,15.450,-0.01,15.450,0.04,15.450,0.01,15.450,0.00,15.450,0.01,15.450,3.49,15.450,0.07,15.450,-0.01,15.450,-0.02,15.450,0.01,15.450,-0.01,15.450,0.02,15.450,0.01,15.450,-0.01,15.450,-0.01,15.450,-0.01,15.450,-0.01,15.450,0.01,15.450,0.00,15.450,0.04,15.450,0.02,15.450,0.01,15.450,-0.02,15.450,0.02,15.450,0.01,15.450,0.02,15.450,0.01,15.450,-0.01,15.450,0.92,15.450,3.43,15.450,0.02,15.450,-0.01,15.450,-0.01,15.450,0.00,15.450,2.11,15.450,-0.02,15.450,-0.01,15.450,-0.01,15.450,0.00,15.450,0.00
15.500,0.03,15.500,0.01,15.500,0.01,15.500,0.00,15.500,-0.01,15.500,-0.03,15.500,-0.02,15.500,-0.01,15.500,-0.01,15.500,0.02,15.500,-0.02,15.500,0.04,15.500,0.78,15.500,0.05,15.500,0.00,15.500,0.03,15.500,0.00,15.500,0.00,15.500,0.00,15.500,-0.01,15.500,0.06,15.500,-0.01,15.500,0.00,15.500,0.39,15.500,-0.02,15.500,0.00,15.500,0.05,15.500,0.01,15.500,0.00,15.500,0.01,15.500,0.11,15.500,0.03,15.500,0.00,15.500,-0.01,15.500,0.01,15.500,-0.02,15.500,0.02,15.500,0.00,15.500,-0.01,15.500,-0.01,15.500,-0.02,15.500,-0.01,15.500,0.01,15.500,0.00,15.500,0.04,15.500,0.02,15.500,0.01,15.500,-0.01,15.500,0.02,15.500,0.01,15.500,0.01,15.500,0.01,15.500,-0.01,15.500,1.12,15.500,3.64,15.500,0.02,15.500,-0.01,15.500,0.04,15.500,0.00,15.500,2.95,15.500,-0.02,15.500,-0.01,15.500,-0.01,15.500,0.07,15.500,0.00
15.550,0.02,15.550,0.01,15.550,0.02,15.550,0.00,15.550,-0.01,15.550,-0.02,15.550,-0.02,15.550,-0.01,15.550,-0.01,15.550,0.01,15.550,-0.02,15.550,0.05,15.550,1.26,15.550,0.06,15.550,-0.01,15.550,0.03,15.550,0.01,15.550,0.01,15.550,0.01,15.550,0.00,15.550,0.00,15.550,0.00,15.550,-0.01,15.550,0.79,15.550,-0.01,15.550,0.01,15.550,0.06,15.550,0.00,15.550,0.00,15.550,0.01,15.550,0.05,15.550,0.00,15.550,-0.01,15.550,-0.01,15.550,0.01,15.550,-0.01,15.550,0.05,15.550,0.01,15.550,-0.01,15.550,-0.01,15.550,0.00,15.550,-0.01,15.550,0.02,15.550,0.00,15.550,0.05,15.550,0.01,15.550,0.01,15.550,-0.02,15.550,0.01,15.550,0.00,15.550,0.01,15.550,0.02,15.550,0.00,15.550,1.25,15.550,3.89,15.550,0.00,15.550,-0.01,15.550,0.02,15.550,0.00,15.550,3.62,15.550,-0.02,15.550,0.01,15.550,0.00,15.550,-0.02,15.550,0.03
15.600,0.03,15.600,0.02,15.600,0.02,15.600,0.01,15.600,-0.01,15.600,-0.03,15.600,-0.01,15.600,-0.01,15.600,-0.01,15.600,0.01,15.600,-0.03,15.600,0.06,15.600,0.17,15.600,0.09,15.600,-0.01,15.600,0.03,15.600,0.01,15.600,0.01,15.600,0.01,15.600,0.00,15.600,-0.01,15.600,-0.01,15.600,-0.01,15.600,0.19,15.600,-0.01,15.600,0.00,15.600,0.07,15.600,0.01,15.600,0.01,15.600,0.02,15.600,-0.02,15.600,0.00,15.600,0.00,15.600,-0.01,15.600,0.01,15.600,-0.01,15.600,0.06,15.600,0.02,15.600,-0.01,15.600,0.00,15.600,-0.02,15.600,0.00,15.600,0.02,15.600,-0.01,15.600,0.05,15.600,0.02,15.600,0.00,15.600,-0.02,15.600,0.02,15.600,0.00,15.600,0.03,15.600,0.03,15.600,0.01,15.600,1.27,15.600,4.13,15.600,0.01,15.600,0.05,15.600,0.03,15.600,0.00,15.600,3.52,15.600,-0.01,15.600,0.01,15.600,-0.01,15.600,0.00,15.600,0.03
15.650,0.05,15.650,0.02,15.650,0.01,15.650,0.00,15.650,-0.01,15.650,-0.02,15.650,-0.01,15.650,-0.01,15.650,0.00,15.650,0.01,15.650,-0.02,15.650,0.09,15.650,0.03,15.650,0.14,15.650,-0.01,15.650,0.04,15.650,0.00,15.650,-0.01,15.650,0.01,15.650,0.00,15.650,0.00,15.650,-0.01,15.650,-0.01,15.650,0.05,15.650,-0.01,15.650,0.00,15.650,0.15,15.650,0.02,15.650,0.00,15.650,0.02,15.650,-0.01,15.650,0.00,15.650,0.01,15.650,0.01,15.650,0.02,15.650,-0.02,15.650,0.08,15.650,0.00,15.650,-0.01,15.650,-0.01,15.650,-0.01,15.650,0.00,15.650,0.02,15.650,0.01,15.650,0.06,15.650,0.02,15.650,0.01,15.650,-0.01,15.650,0.02,15.650,0.01,15.650,0.03,15.650,0.04,15.650,0.00,15.650,1.33,15.650,4.20,15.650,0.01,15.650,0.00,15.650,-0.01,15.650,0.00,15.650,3.74,15.650,-0.02,15.650,0.03,15.650,-0.01,15.650,-0.01,15.650,0.08
15.700,0.06,15.700,0.03,15.700,0.01,15.700,0.01,15.700,-0.01,15.700,-0.02,15.700,-0.02,15.700,-0.01,15.700,0.00,15.700,0.00,15.700,-0.02,15.700,0.18,15.700,-0.02,15.700,0.40,15.700,0.00,15.700,0.04,15.700,0.00,15.700,0.00,15.700,0.02,15.700,0.01,15.700,0.00,15.700,-0.01,15.700,-0.01,15.700,-0.01,15.700,-0.02,15.700,0.02,15.700,0.88,15.700,0.01,15.700,0.00,15.700,0.01,15.700,-0.01,15.700,0.01,15.700,0.00,15.700,0.01,15.700,0.01,15.700,-0.02,15.700,0.18,15.700,0.01,15.700,-0.01,15.700,-0.02,15.700,-0.01,15.700,-0.01,15.700,0.01,15.700,0.00,15.700,0.06,15.700,0.02,15.700,0.01,15.700,-0.01,15.700,0.02,15.700,0.02,15.700,0.03,15.700,0.05,15.700,0.00,15.700,1.65,15.700,4.20,15.700,0.01,15.700,0.02,15.700,0.00,15.700,0.00,15.700,4.47,15.700,-0.02,15.700,0.05,15.700,0.01,15.700,-0.01,15.700,0.45
15.750,0.09,15.750,0.02,15.750,0.01,15.750,0.03,15.750,-0.01,15.750,-0.02,15.750,-0.01,15.750,-0.01,15.750,0.01,15.750,0.01,15.750,-0.02,15.750,0.53,15.750,-0.04,15.750,0.38,15.750,0.00,15.750,0.06,15.750,0.00,15.750,0.00,15.750,0.02,15.750,0.01,15.750,0.00,15.750,-0.01,15.750,-0.01,15.750,-0.02,15.750,-0.01,15.750,0.04,15.750,2.22,15.750,0.01,15.750,0.00,15.750,0.02,15.750,0.00,15.750,0.00,15.750,-0.01,15.750,0.00,15.750,0.02,15.750,-0.01,15.750,0.92,15.750,0.00,15.750,-0.01,15.750,0.00,15.750,0.00,15.750,-0.02,15.750,0.01,15.750,0.01,15.750,0.06,15.750,0.02,15.750,0.00,15.750,-0.01,15.750,0.02,15.750,0.01,15.750,0.04,15.750,0.08,15.750,-0.01,15.750,2.01,15.750,4.18,15.750,0.00,15.750,-0.01,15.750,0.01,15.750,0.00,15.750,4.99,15.750,-0.02,15.750,-0.01,15.750,0.06,15.750,-0.01,15.750,2.61
15.800,0.12,15.800,0.01,15.800,-0.01,15.800,0.04,15.800,-0.01,15.800,-0.02,15.800,-0.01,15.800,-0.02,15.800,0.00,15.800,0.00,15.800,-0.02,15.800,1.20,15.800,-0.02,15.800,0.06,15.800,-0.01,15.800,0.08,15.800,0.00,15.800,-0.01,15.800,0.03,15.800,0.01,15.800,0.01,15.800,-0.01,15.800,-0.01,15.800,-0.02,15.800,-0.01,15.800,0.03,15.800,0.15,15.800,0.00,15.800,0.00,15.800,0.02,15.800,-0.01,15.800,0.00,15.800,0.00,15.800,0.00,15.800,0.01,15.800,-0.01,15.800,2.49,15.800,0.01,15.800,-0.02,15.800,0.00,15.800,-0.02,15.800,0.00,15.800,0.01,15.800,0.01,15.800,0.07,15.800,0.01,15.800,0.01,15.800,-0.01,15.800,0.02,15.800,0.01,15.800,0.04,15.800,0.15,15.800,-0.01,15.800,2.51,15.800,4.17,15.800,0.00,15.800,0.01,15.800,0.02,15.800,0.00,15.800,2.06,15.800,-0.02,15.800,0.00,15.800,0.04,15.800,-0.01,15.800,2.35
15.850,0.25,15.850,0.02,15.850,0.02,15.850,0.04,15.850,0.01,15.850,-0.01,15.850,-0.01,15.850,-0.01,15.850,0.00,15.850,0.00,15.850,-0.01,15.850,1.55,15.850,-0.02,15.850,0.01,15.850,0.00,15.850,0.09,15.850,0.01,15.850,0.00,15.850,0.03,15.850,0.01,15.850,0.01,15.850,-0.01,15.850,-0.02,15.850,-0.01,15.850,0.00,15.850,0.04,15.850,0.06,15.850,0.01,15.850,0.00,15.850,0.01,15.850,-0.01,15.850,0.00,15.850,0.01,15.850,-0.01,15.850,0.01,15.850,-0.01,15.850,0.32,15.850,0.01,15.850,-0.01,15.850,-0.01,15.850,-0.01,15.850,0.00,15.850,0.00,15.850,0.00,15.850,0.07,15.850,0.01,15.850,0.01,15.850,-0.01,15.850,0.00,15.850,0.00,15.850,0.05,15.850,0.40,15.850,0.00,15.850,2.72,15.850,4.18,15.850,-0.01,15.850,0.00,15.850,0.01,15.850,-0.01,15.850,0.05,15.850,-0.01,15.850,0.00,15.850,0.01,15.850,-0.01,15.850,2.32
15.900,0.63,15.900,0.03,15.900,0.01,15.900,0.08,15.900,0.01,15.900,-0.02,15.900,-0.02,15.900,-0.02,15.900,0.00,15.900,0.01,15.900,-0.02,15.900,2.17,15.900,-0.02,15.900,0.00,15.900,-0.01,15.900,0.13,15.900,0.00,15.900,-0.01,15.900,0.03,15.900,0.02,15.900,0.01,15.900,-0.01,15.900,-0.01,15.900,-0.01,15.900,-0.01,15.900,0.05,15.900,-0.01,15.900,0.00,15.900,0.01,15.900,0.01,15.900,0.00,15.900,0.00,15.900,0.01,15.900,0.00,15.900,0.01,15.900,0.00,15.900,0.06,15.900,0.01,15.900,-0.02,15.900,0.00,15.900,-0.01,15.900,0.01,15.900,0.00,15.900,0.01,15.900,0.08,15.900,0.02,15.900,0.01,15.900,-0.01,15.900,0.01,15.900,0.00,15.900,0.06,15.900,0.88,15.900,0.01,15.900,2.98,15.900,4.18,15.900,0.04,15.900,0.01,15.900,0.02,15.900,0.00,15.900,0.00,15.900,-0.02,15.900,0.00,15.900,-0.02,15.900,-0.01,15.900,3.40
15.950,1.08,15.950,0.04,15.950,0.00,15.950,0.10,15.950,-0.01,15.950,-0.02,15.950,-0.02,15.950,-0.02,15.950,0.01,15.950,0.01,15.950,-0.02,15.950,0.29,15.950,-0.02,15.950,0.02,15.950,0.00,15.950,0.20,15.950,0.01,15.950,0.00,15.950,0.04,15.950,0.02,15.950,0.00,15.950,0.01,15.950,-0.01,15.950,-0.01,15.950,0.01,15.950,0.06,15.950,-0.01,15.950,0.02,15.950,0.01,15.950,0.02,15.950,0.00,15.950,0.00,15.950,0.00,15.950,0.01,15.950,0.01,15.950,-0.01,15.950,0.00,15.950,0.01,15.950,-0.02,15.950,0.00,15.950,-0.01,15.950,0.02,15.950,0.02,15.950,-0.01,15.950,0.08,15.950,0.02,15.950,0.01,15.950,0.00,15.950,0.00,15.950,0.00,15.950,0.09,15.950,1.05,15.950,0.00,15.950,3.11,15.950,4.32,15.950,0.03,15.950,0.01,15.950,0.02,15.950,-0.01,15.950,-0.03,15.950,-0.01,15.950,0.01,15.950,0.00,15.950,-0.01,15.950,4.24
16.000,1.51,16.000,0.05,16.000,0.01,16.000,0.16,16.000,0.01,16.000,0.00,16.000,-0.02,16.000,-0.02,16.000,0.00,16.000,0.01,16.000,-0.02,16.000,0.05,16.000,-0.01,16.000,0.01,16.000,0.00,16.000,0.35,16.000,0.00,16.000,-0.01,16.000,0.07,16.000,0.04,16.000,0.00,16.000,-0.01,16.000,-0.01,16.000,-0.01,16.000,0.02,16.000,0.10,16.000,0.00,16.000,0.02,16.000,0.00,16.000,0.03,16.000,-0.01,16.000,0.00,16.000,0.00,16.000,0.01,16.000,0.01,16.000,0.01,16.000,-0.01,16.000,0.00,16.000,-0.01,16.000,-0.01,16.000,-0.02,16.000,0.02,16.000,0.01,16.000,0.00,16.000,0.09,16.000,0.01,16.000,0.02,16.000,0.00,16.000,0.02,16.000,0.01,16.000,0.18,16.000,1.29,16.000,0.01,16.000,3.28,16.000,4.47,16.000,0.00,16.000,0.02,16.000,0.01,16.000,0.09,16.000,-0.03,16.000,-0.01,16.000,0.01,16.000,0.00,16.000,0.00,16.000,5.09
16.050,1.92,16.050,0.06,16.050,0.00,16.050,0.22,16.050,0.00,16.050,-0.01,16.050,-0.01,16.050,-0.01,16.050,0.00,16.050,0.01,16.050,-0.02,16.050,-0.01,16.050,-0.02,16.050,0.00,16.050,0.00,16.050,0.84,16.050,0.00,16.050,0.00,16.050,0.09,16.050,0.05,16.050,0.00,16.050,-0.01,16.050,0.00,16.050,0.00,16.050,0.03,16.050,0.25,16.050,0.01,16.050,0.01,16.050,0.01,16.050,0.04,16.050,0.00,16.050,-0.01,16.050,0.00,16.050,0.01,16.050,0.01,16.050,0.00,16.050,0.00,16.050,0.00,16.050,-0.02,16.050,0.00,16.050,-0.02,16.050,0.02,16.050,0.02,16.050,0.00,16.050,0.09,16.050,0.02,16.050,0.02,16.050,0.00,16.050,0.03,16.050,0.00,16.050,0.89,16.050,1.31,16.050,0.01,16.050,3.55,16.050,4.93,16.050,-0.01,16.050,0.04,16.050,0.03,16.050,0.03,16.050,-0.03,16.050,-0.02,16.050,0.03,16.050,0.02,16.050,0.00,16.050,4.76
16.100,2.25,16.100,0.08,16.100,-0.02,16.100,0.49,16.100,-0.01,16.100,-0.02,16.100,0.00,16.100,-0.02,16.100,0.01,16.100,0.01,16.100,-0.01,16.100,0.00,16.100,-0.02,16.100,0.01,16.100,0.00,16.100,1.31,16.100,0.00,16.100,0.01,16.100,0.15,16.100,0.05,16.100,-0.01,16.100,0.00,16.100,-0.01,16.100,-0.01,16.100,0.03,16.100,1.08,16.100,0.00,16.100,0.01,16.100,0.01,16.100,0.04,16.100,-0.01,16.100,-0.01,16.100,0.00,16.100,0.01,16.100,0.01,16.100,0.01,16.100,0.00,16.100,0.01,16.100,-0.01,16.100,0.00,16.100,-0.02,16.100,0.02,16.100,-0.01,16.100,-0.01,16.100,0.11,16.100,0.03,16.100,0.00,16.100,0.00,16.100,0.01,16.100,0.01,16.100,1.45,16.100,1.41,16.100,0.01,16.100,3.76,16.100,3.28,16.100,0.00,16.100,0.06,16.100,0.06,16.100,0.03,16.100,-0.02,16.100,-0.02,16.100,0.06,16.100,0.04,16.100,-0.01,16.100,4.86
16.150,2.54,16.150,0.10,16.150,0.01,16.150,0.29,16.150,0.00,16.150,-0.01,16.150,-0.02,16.150,-0.02,16.150,0.01,16.150,0.01,16.150,-0.02,16.150,0.00,16.150,-0.02,16.150,0.00,16.150,0.01,16.150,1.53,16.150,-0.01,16.150,0.00,16.150,0.67,16.150,0.07,16.150,-0.01,16.150,0.00,16.150,-0.01,16.150,-0.01,16.150,0.05,16.150,1.91,16.150,-0.01,16.150,0.00,16.150,0.00,16.150,0.04,16.150,-0.01,16.150,-0.01,16.150,0.01,16.150,0.02,16.150,0.00,16.150,0.00,16.150,-0.01,16.150,0.01,16.150,-0.01,16.150,-0.01,16.150,-0.02,16.150,0.03,16.150,0.04,16.150,0.01,16.150,0.14,16.150,0.03,16.150,0.01,16.150,0.00,16.150,0.03,16.150,0.01,16.150,1.48,16.150,1.63,16.150,0.01,16.150,3.76,16.150,0.07,16.150,0.01,16.150,0.27,16.150,0.10,16.150,-0.01,16.150,-0.02,16.150,-0.01,16.150,0.08,16.150,0.09,16.150,0.00,16.150,1.75
16.200,2.84,16.200,0.24,16.200,0.01,16.200,0.04,16.200,0.00,16.200,-0.02,16.200,-0.02,16.200,-0.01,16.200,0.01,16.200,0.01,16.200,-0.02,16.200,0.00,16.200,-0.02,16.200,0.00,16.200,0.00,16.200,1.87,16.200,0.00,16.200,0.00,16.200,0.11,16.200,0.11,16.200,-0.01,16.200,-0.01,16.200,-0.01,16.200,-0.01,16.200,0.10,16.200,2.34,16.200,0.00,16.200,0.01,16.200,0.00,16.200,0.06,16.200,0.00,16.200,0.00,16.200,0.00,16.200,0.01,16.200,0.00,16.200,0.01,16.200,-0.01,16.200,0.01,16.200,-0.02,16.200,0.00,16.200,-0.02,16.200,0.03,16.200,0.02,16.200,0.00,16.200,0.18,16.200,0.04,16.200,0.02,16.200,0.00,16.200,0.02,16.200,0.00,16.200,1.55,16.200,1.76,16.200,0.02,16.200,4.28,16.200,0.02,16.200,0.02,16.200,3.50,16.200,0.89,16.200,0.00,16.200,-0.02,16.200,-0.02,16.200,2.27,16.200,2.00,16.200,0.00,16.200,0.06
16.250,0.65,16.250,0.76,16.250,0.01,16.250,-0.02,16.250,0.00,16.250,-0.01,16.250,-0.02,16.250,-0.02,16.250,0.01,16.250,0.00,16.250,-0.02,16.250,0.00,16.250,-0.02,16.250,0.01,16.250,0.01,16.250,2.25,16.250,0.00,16.250,0.00,16.250,0.04,16.250,0.21,16.250,0.00,16.250,-0.01,16.250,-0.01,16.250,-0.01,16.250,0.49,16.250,2.55,16.250,0.01,16.250,0.01,16.250,-0.01,16.250,0.06,16.250,-0.01,16.250,0.00,16.250,0.00,16.250,0.02,16.250,0.01,16.250,-0.01,16.250,-0.02,16.250,0.01,16.250,-0.02,16.250,-0.01,16.250,-0.02,16.250,0.05,16.250,0.01,16.250,0.01,16.250,0.24,16.250,0.04,16.250,0.00,16.250,0.00,16.250,0.03,16.250,0.00,16.250,1.79,16.250,1.94,16.250,0.03,16.250,4.49,16.250,-0.01,16.250,0.03,16.250,3.18,16.250,2.48,16.250,0.01,16.250,-0.02,16.250,-0.02,16.250,3.71,16.250,3.86,16.250,0.00,16.250,0.02
16.300,0.07,16.300,1.40,16.300,0.01,16.300,-0.02,16.300,-0.01,16.300,-0.01,16.300,-0.04,16.300,-0.02,16.300,0.01,16.300,-0.02,16.300,-0.02,16.300,0.00,16.300,-0.01,16.300,0.01,16.300,0.01,16.300,2.59,16.300,-0.01,16.300,0.00,16.300,-0.02,16.300,0.32,16.300,-0.01,16.300,-0.01,16.300,-0.01,16.300,-0.01,16.300,0.07,16.300,2.68,16.300,0.01,16.300,0.01,16.300,-0.01,16.300,0.07,16.300,-0.01,16.300,0.00,16.300,-0.01,16.300,0.01,16.300,0.01,16.300,-0.01,16.300,-0.02,16.300,0.01,16.300,-0.02,16.300,-0.02,16.300,-0.02,16.300,0.06,16.300,0.01,16.300,0.00,16.300,0.29,16.300,0.04,16.300,0.00,16.300,0.01,16.300,0.02,16.300,0.00,16.300,0.24,16.300,1.91,16.300,0.03,16.300,4.44,16.300,0.00,16.300,0.05,16.300,2.42,16.300,2.21,16.300,0.00,16.300,-0.01,16.300,-0.01,16.300,2.81,16.300,3.21,16.300,0.00,16.300,-0.01
16.350,-0.01,16.350,1.87,16.350,-0.01,16.350,-0.01,16.350,0.00,16.350,-0.01,16.350,0.04,16.350,-0.02,16.350,0.00,16.350,0.00,16.350,-0.02,16.350,0.00,16.350,-0.02,16.350,0.01,16.350,0.01,16.350,2.91,16.350,0.00,16.350,0.01,16.350,0.00,16.350,0.06,16.350,-0.01,16.350,-0.01,16.350,0.00,16.350,-0.01,16.350,0.03,16.350,3.02,16.350,0.00,16.350,0.01,16.350,-0.01,16.350,0.09,16.350,0.00,16.350,0.00,16.350,-0.01,16.350,0.02,16.350,0.01,16.350,-0.01,16.350,-0.01,16.350,0.02,16.350,-0.02,16.350,-0.02,16.350,-0.02,16.350,0.13,16.350,0.02,16.350,0.00,16.350,0.38,16.350,0.04,16.350,0.01,16.350,0.00,16.350,0.01,16.350,0.00,16.350,0.06,16.350,1.23,16.350,0.04,16.350,4.38,16.350,0.00,16.350,0.06,16.350,2.90,16.350,2.66,16.350,0.00,16.350,-0.01,16.350,-0.02,16.350,2.64,16.350,3.09,16.350,0.00,16.350,-0.01
16.400,0.00,16.400,0.87,16.400,0.00,16.400,0.00,16.400,0.00,16.400,-0.01,16.400,0.03,16.400,-0.02,16.400,0.01,16.400,0.00,16.400,-0.01,16.400,0.00,16.400,-0.02,16.400,0.01,16.400,0.00,16.400,1.20,16.400,0.00,16.400,0.01,16.400,0.00,16.400,0.00,16.400,0.00,16.400,-0.01,16.400,-0.01,16.400,0.00,16.400,-0.02,16.400,0.36,16.400,0.00,16.400,0.00,16.400,-0.01,16.400,0.13,16.400,0.00,16.400,0.00,16.400,-0.01,16.400,0.01,16.400,0.01,16.400,-0.01,16.400,-0.01,16.400,0.03,16.400,-0.03,16.400,-0.01,16.400,-0.03,16.400,0.52,16.400,0.01,16.400,0.01,16.400,0.55,16.400,0.05,16.400,0.00,16.400,-0.01,16.400,0.01,16.400,0.01,16.400,0.00,16.400,0.03,16.400,0.04,16.400,4.65,16.400,0.02,16.400,0.10,16.400,3.92,16.400,4.00,16.400,-0.01,16.400,-0.01,16.400,-0.02,16.400,3.00,16.400,4.45,16.400,0.01,16.400,0.00
16.450,0.01,16.450,0.08,16.450,0.00,16.450,-0.01,16.450,-0.01,16.450,0.01,16.450,-0.02,16.450,-0.03,16.450,0.02,16.450,0.01,16.450,-0.01,16.450,-0.01,16.450,-0.02,16.450,0.01,16.450,0.01,16.450,0.05,16.450,-0.01,16.450,0.03,16.450,0.00,16.450,-0.01,16.450,0.00,16.450,-0.02,16.450,0.00,16.450,-0.02,16.450,-0.01,16.450,0.07,16.450,0.00,16.450,0.02,16.450,-0.01,16.450,0.26,16.450,0.00,16.450,0.00,16.450,-0.01,16.450,0.01,16.450,0.01,16.450,-0.01,16.450,-0.01,16.450,0.04,16.450,-0.03,16.450,0.00,16.450,-0.03,16.450,1.63,16.450,0.01,16.450,0.00,16.450,0.34,16.450,0.06,16.450,0.00,16.450,-0.01,16.450,0.02,16.450,0.00,16.450,-0.01,16.450,-0.01,16.450,0.04,16.450,4.67,16.450,0.01,16.450,0.23,16.450,4.46,16.450,4.96,16.450,0.00,16.450,-0.02,16.450,-0.02,16.450,3.73,16.450,5.37,16.450,0.02,16.450,-0.01
16.500,0.01,16.500,0.02,16.500,0.02,16.500,0.00,16.500,0.00,16.500,0.01,16.500,-0.01,16.500,-0.02,16.500,0.01,16.500,0.01,16.500,-0.01,16.500,0.00,16.500,-0.01,16.500,-0.01,16.500,0.01,16.500,0.02,16.500,0.00,16.500,0.04,16.500,-0.01,16.500,-0.01,16.500,-0.01,16.500,-0.01,16.500,-0.01,16.500,-0.01,16.500,0.00,16.500,0.00,16.500,0.01,16.500,0.02,16.500,0.01,16.500,0.57,16.500,-0.01,16.500,0.00,16.500,0.01,16.500,0.01,16.500,0.01,16.500,0.04,16.500,-0.01,16.500,0.03,16.500,-0.02,16.500,0.00,16.500,-0.03,16.500,2.49,16.500,0.02,16.500,0.01,16.500,0.10,16.500,0.07,16.500,0.00,16.500,0.00,16.500,0.02,16.500,0.00,16.500,0.01,16.500,-0.04,16.500,0.05,16.500,4.60,16.500,0.01,16.500,1.46,16.500,4.34,16.500,0.17,16.500,0.01,16.500,-0.02,16.500,-0.02,16.500,4.22,16.500,0.14,16.500,0.04,16.500,0.00
16.550,0.01,16.550,0.01,16.550,0.02,16.550,0.00,16.550,0.00,16.550,-0.01,16.550,-0.02,16.550,-0.01,16.550,0.01,16.550,0.01,16.550,-0.01,16.550,0.00,16.550,-0.01,16.550,0.00,16.550,0.01,16.550,-0.03,16.550,0.01,16.550,0.04,16.550,0.00,16.550,-0.01,16.550,0.00,16.550,0.00,16.550,-0.01,16.550,-0.01,16.550,-0.01,16.550,0.01,16.550,0.00,16.550,0.01,16.550,0.01,16.550,0.19,16.550,-0.01,16.550,0.01,16.550,-0.01,16.550,0.01,16.550,0.02,16.550,0.03,16.550,-0.01,16.550,0.04,16.550,-0.02,16.550,0.00,16.550,-0.03,16.550,0.60,16.550,0.01,16.550,0.01,16.550,0.05,16.550,0.06,16.550,-0.01,16.550,-0.01,16.550,0.02,16.550,0.02,16.550,0.00,16.550,-0.03,16.550,0.06,16.550,4.74,16.550,0.01,16.550,1.79,16.550,5.12,16.550,0.07,16.550,0.02,16.550,-0.02,16.550,-0.02,16.550,4.33,16.550,0.06,16.550,0.04,16.550,0.00
16.600,0.01,16.600,0.00,16.600,0.02,16.600,0.00,16.600,0.00,16.600,-0.01,16.600,-0.02,16.600,-0.02,16.600,0.01,16.600,0.01,16.600,0.00,16.600,0.00,16.600,0.00,16.600,0.01,16.600,0.00,16.600,-0.01,16.600,0.00,16.600,0.03,16.600,0.00,16.600,-0.01,16.600,0.00,16.600,0.00,16.600,-0.01,16.600,-0.01,16.600,-0.01,16.600,-0.01,16.600,0.00,16.600,0.02,16.600,0.00,16.600,0.06,16.600,-0.02,16.600,-0.01,16.600,-0.01,16.600,0.01,16.600,0.01,16.600,0.02,16.600,-0.01,16.600,0.05,16.600,-0.02,16.600,0.00,16.600,-0.03,16.600,0.05,16.600,0.02,16.600,0.01,16.600,0.00,16.600,0.08,16.600,0.00,16.600,-0.01,16.600,0.02,16.600,0.01,16.600,-0.01,16.600,-0.03,16.600,0.08,16.600,0.11,16.600,0.02,16.600,1.50,16.600,0.09,16.600,0.00,16.600,0.04,16.600,-0.02,16.600,-0.02,16.600,4.85,16.600,-0.02,16.600,0.05,16.600,-0.01
16.650,0.01,16.650,0.01,16.650,0.02,16.650,0.00,16.650,-0.01,16.650,0.00,16.650,-0.01,16.650,-0.01,16.650,0.01,16.650,0.03,16.650,0.00,16.650,-0.01,16.650,-0.02,16.650,0.00,16.650,0.01,16.650,0.00,16.650,0.01,16.650,0.04,16.650,-0.01,16.650,-0.01,16.650,0.00,16.650,-0.01,16.650,-0.01,16.650,0.00,16.650,-0.01,16.650,0.00,16.650,-0.01,16.650,0.02,16.650,0.01,16.650,0.00,16.650,-0.02,16.650,0.00,16.650,0.00,16.650,0.00,16.650,0.00,16.650,-0.02,16.650,-0.02,16.650,0.06,16.650,-0.01,16.650,0.00,16.650,-0.02,16.650,0.00,16.650,0.01,16.650,-0.01,16.650,0.01,16.650,0.10,16.650,0.02,16.650,-0.01,16.650,0.02,16.650,0.00,16.650,-0.01,16.650,-0.03,16.650,0.10,16.650,0.05,16.650,0.00,16.650,1.50,16.650,0.04,16.650,0.01,16.650,0.09,16.650,-0.02,16.650,-0.02,16.650,5.00,16.650,-0.02,16.650,0.10,16.650,0.01
16.700,0.02,16.700,0.01,16.700,0.03,16.700,0.00,16.700,0.01,16.700,-0.01,16.700,-0.01,16.700,-0.01,16.700,0.01,16.700,0.02,16.700,0.01,16.700,0.00,16.700,-0.01,16.700,0.00,16.700,0.00,16.700,-0.01,16.700,0.01,16.700,0.05,16.700,-0.01,16.700,-0.01,16.700,0.01,16.700,-0.01,16.700,-0.01,16.700,0.00,16.700,-0.01,16.700,-0.01,16.700,-0.01,16.700,0.01,16.700,0.01,16.700,0.00,16.700,-0.01,16.700,-0.01,16.700,0.00,16.700,-0.01,16.700,0.01,16.700,-0.01,16.700,-0.01,16.700,0.06,16.700,-0.01,16.700,0.00,16.700,-0.01,16.700,-0.02,16.700,0.01,16.700,-0.01,16.700,0.01,16.700,0.12,16.700,0.03,16.700,-0.01,16.700,0.02,16.700,-0.01,16.700,-0.01,16.700,-0.04,16.700,0.16,16.700,-0.02,16.700,0.00,16.700,1.77,16.700,-0.02,16.700,-0.02,16.700,1.94,16.700,-0.02,16.700,0.01,16.700,4.86,16.700,-0.02,16.700,1.77,16.700,0.00
16.750,0.01,16.750,0.01,16.750,0.04,16.750,0.01,16.750,0.01,16.750,0.00,16.750,-0.02,16.750,-0.01,16.750,0.01,16.750,0.02,16.750,0.02,16.750,0.00,16.750,-0.01,16.750,0.00,16.750,0.02,16.750,-0.01,16.750,0.01,16.750,0.06,16.750,-0.01,16.750,-0.01,16.750,0.01,16.750,-0.01,16.750,-0.02,16.750,0.00,16.750,-0.01,16.750,-0.01,16.750,-0.01,16.750,0.00,16.750,0.00,16.750,0.01,16.750,-0.02,16.750,-0.01,16.750,-0.01,16.750,0.00,16.750,0.01,16.750,0.01,16.750,-0.01,16.750,0.09,16.750,-0.01,16.750,0.00,16.750,-0.01,16.750,-0.01,16.750,0.01,16.750,-0.01,16.750,0.02,16.750,0.24,16.750,0.03,16.750,-0.01,16.750,0.02,16.750,-0.01,16.750,0.00,16.750,-0.04,16.750,0.36,16.750,-0.02,16.750,0.01,16.750,2.20,16.750,-0.01,16.750,0.00,16.750,3.86,16.750,-0.02,16.750,0.01,16.750,4.58,16.750,-0.02,16.750,3.32,16.750,0.00
16.800,0.00,16.800,0.00,16.800,0.04,16.800,0.01,16.800,0.01,16.800,0.00,16.800,-0.01,16.800,0.00,16.800,0.01,16.800,0.01,16.800,0.00,16.800,-0.01,16.800,0.00,16.800,0.00,16.800,0.02,16.800,-0.01,16.800,0.00,16.800,0.07,16.800,0.00,16.800,-0.01,16.800,0.01,16.800,-0.01,16.800,-0.01,16.800,-0.01,16.800,-0.01,16.800,-0.01,16.800,-0.01,16.800,0.01,16.800,0.00,16.800,0.01,16.800,-0.01,16.800,-0.01,16.800,0.00,16.800,-0.01,16.800,0.02,16.800,0.02,16.800,-0.02,16.800,0.14,16.800,-0.01,16.800,0.00,16.800,-0.02,16.800,0.00,16.800,0.02,16.800,-0.01,16.800,0.02,16.800,0.63,16.800,0.03,16.800,-0.01,16.800,0.01,16.800,-0.01,16.800,-0.01,16.800,-0.04,16.800,0.82,16.800,-0.03,16.800,0.01,16.800,2.66,16.800,-0.01,16.800,0.00,16.800,3.19,16.800,-0.01,16.800,0.02,16.800,4.64,16.800,-0.02,16.800,2.81,16.800,0.00
16.850,0.01,16.850,0.00,16.850,0.05,16.850,0.00,16.850,0.01,16.850,0.01,16.850,-0.01,16.850,0.00,16.850,0.02,16.850,0.02,16.850,0.01,16.850,-0.01,16.850,0.00,16.850,0.00,16.850,0.00,16.850,-0.01,16.850,0.02,16.850,0.09,16.850,-0.01,16.850,-0.01,16.850,0.01,16.850,-0.01,16.850,-0.02,16.850,-0.01,16.850,-0.01,16.850,-0.01,16.850,-0.01,16.850,0.00,16.850,0.00,16.850,0.01,16.850,-0.01,16.850,0.00,16.850,0.00,16.850,0.00,16.850,0.01,16.850,0.01,16.850,-0.01,16.850,0.37,16.850,-0.01,16.850,0.00,16.850,-0.03,16.850,0.00,16.850,0.01,16.850,-0.02,16.850,0.01,16.850,1.13,16.850,0.03,16.850,-0.01,16.850,0.01,16.850,0.00,16.850,-0.01,16.850,-0.03,16.850,1.22,16.850,-0.01,16.850,0.00,16.850,2.97,16.850,0.00,16.850,0.00,16.850,2.35,16.850,-0.02,16.850,-0.03,16.850,4.81,16.850,-0.02,16.850,2.82,16.850,0.00
16.900,0.00,16.900,-0.01,16.900,0.06,16.900,0.01,16.900,0.00,16.900,0.01,16.900,0.00,16.900,0.00,16.900,0.02,16.900,0.03,16.900,0.01,16.900,0.00,16.900,-0.01,16.900,0.01,16.900,0.01,16.900,0.00,16.900,0.02,16.900,0.11,16.900,0.00,16.900,-0.01,16.900,0.01,16.900,0.00,16.900,-0.02,16.900,0.00,16.900,-0.01,16.900,-0.01,16.900,-0.02,16.900,0.01,16.900,0.01,16.900,0.01,16.900,-0.01,16.900,0.01,16.900,-0.01,16.900,0.00,16.900,0.01,16.900,0.01,16.900,0.00,16.900,1.38,16.900,-0.02,16.900,0.01,16.900,-0.02,16.900,-0.01,16.900,0.01,16.900,-0.01,16.900,0.01,16.900,1.33,16.900,0.03,16.900,-0.01,16.900,0.01,16.900,0.00,16.900,-0.01,16.900,-0.03,16.900,1.45,16.900,-0.01,16.900,-0.01,16.900,3.25,16.900,-0.01,16.900,0.00,16.900,3.34,16.900,-0.02,16.900,-0.02,16.900,4.98,16.900,-0.02,16.900,3.53,16.900,0.00
16.950,0.00,16.950,0.01,16.950,0.05,16.950,0.00,16.950,0.01,16.950,0.01,16.950,0.01,16.950,0.00,16.950,0.01,16.950,0.03,16.950,0.00,16.950,0.00,16.950,0.00,16.950,0.00,16.950,0.00,16.950,0.00,16.950,0.02,16.950,0.22,16.950,-0.01,16.950,-0.01,16.950,0.01,16.950,-0.01,16.950,0.00,16.950,0.01,16.950,-0.01,16.950,0.00,16.950,-0.01,16.950,0.01,16.950,0.00,16.950,0.00,16.950,-0.01,16.950,0.00,16.950,0.00,16.950,-0.01,16.950,0.02,16.950,0.01,16.950,-0.01,16.950,0.23,16.950,0.00,16.950,0.00,16.950,-0.03,16.950,-0.01,16.950,0.02,16.950,-0.01,16.950,0.01,16.950,1.46,16.950,0.04,16.950,-0.01,16.950,0.02,16.950,0.00,16.950,-0.01,16.950,-0.03,16.950,1.63,16.950,-0.01,16.950,0.01,16.950,3.61,16.950,0.00,16.950,0.00,16.950,4.61,16.950,0.00,16.950,-0.02,16.950,4.96,16.950,-0.01,16.950,4.28,16.950,0.01
17.000,0.00,17.000,0.00,17.000,0.07,17.000,0.00,17.000,0.01,17.000,0.01,17.000,0.02,17.000,0.00,17.000,0.00,17.000,0.04,17.000,0.00,17.000,0.00,17.000,-0.01,17.000,0.00,17.000,0.00,17.000,0.00,17.000,0.02,17.000,0.58,17.000,0.00,17.000,-0.01,17.000,0.01,17.000,-0.02,17.000,-0.01,17.000,-0.02,17.000,0.00,17.000,-0.01,17.000,0.00,17.000,0.00,17.000,-0.01,17.000,0.00,17.000,-0.02,17.000,0.00,17.000,0.00,17.000,0.00,17.000,0.02,17.000,0.01,17.000,0.00,17.000,0.06,17.000,-0.01,17.000,0.00,17.000,-0.02,17.000,-0.01,17.000,0.02,17.000,0.00,17.000,0.01,17.000,1.70,17.000,0.03,17.000,-0.01,17.000,0.02,17.000,0.00,17.000,-0.01,17.000,-0.03,17.000,0.08,17.000,-0.02,17.000,0.00,17.000,3.69,17.000,0.00,17.000,0.00,17.000,4.48,17.000,0.01,17.000,-0.02,17.000,5.23,17.000,-0.03,17.000,4.16,17.000,0.01
17.050,0.01,17.050,0.01,17.050,0.08,17.050,0.00,17.050,0.01,17.050,0.01,17.050,0.02,17.050,-0.01,17.050,0.00,17.050,0.04,17.050,0.00,17.050,0.00,17.050,-0.01,17.050,0.01,17.050,0.01,17.050,0.00,17.050,0.02,17.050,1.11,17.050,0.00,17.050,-0.01,17.050,0.01,17.050,-0.01,17.050,-0.01,17.050,-0.01,17.050,-0.01,17.050,-0.02,17.050,0.00,17.050,0.01,17.050,0.00,17.050,0.01,17.050,-0.01,17.050,-0.01,17.050,-0.01,17.050,0.00,17.050,0.01,17.050,0.01,17.050,-0.01,17.050,0.00,17.050,0.00,17.050,0.00,17.050,-0.02,17.050,-0.01,17.050,0.04,17.050,0.01,17.050,0.00,17.050,2.01,17.050,0.05,17.050,0.01,17.050,0.03,17.050,0.00,17.050,-0.01,17.050,-0.03,17.050,0.04,17.050,-0.02,17.050,0.01,17.050,3.88,17.050,-0.01,17.050,0.01,17.050,3.82,17.050,-0.01,17.050,-0.02,17.050,5.25,17.050,-0.03,17.050,4.14,17.050,0.01
17.100,0.00,17.100,0.01,17.100,0.09,17.100,0.00,17.100,0.01,17.100,0.01,17.100,0.03,17.100,-0.01,17.100,0.00,17.100,0.05,17.100,-0.01,17.100,-0.01,17.100,-0.02,17.100,0.01,17.100,0.02,17.100,0.00,17.100,0.02,17.100,1.16,17.100,-0.01,17.100,-0.01,17.100,0.01,17.100,0.00,17.100,-0.01,17.100,-0.01,17.100,0.00,17.100,-0.01,17.100,-0.01,17.100,0.02,17.100,0.01,17.100,0.01,17.100,-0.01,17.100,0.00,17.100,0.00,17.100,0.02,17.100,0.01,17.100,-0.01,17.100,-0.02,17.100,-0.01,17.100,0.00,17.100,-0.01,17.100,-0.01,17.100,-0.02,17.100,0.05,17.100,0.01,17.100,0.00,17.100,2.29,17.100,0.07,17.100,0.00,17.100,0.03,17.100,0.00,17.100,0.00,17.100,-0.04,17.100,-0.02,17.100,-0.02,17.100,0.01,17.100,3.96,17.100,-0.01,17.100,-0.01,17.100,2.74,17.100,-0.02,17.100,-0.02,17.100,5.26,17.100,-0.03,17.100,4.68,17.100,0.06
17.150,0.01,17.150,0.01,17.150,0.18,17.150,0.00,17.150,0.01,17.150,0.00,17.150,0.02,17.150,-0.03,17.150,0.01,17.150,0.05,17.150,0.01,17.150,-0.01,17.150,-0.02,17.150,0.00,17.150,0.02,17.150,-0.01,17.150,0.01,17.150,0.24,17.150,-0.01,17.150,-0.01,17.150,0.00,17.150,-0.01,17.150,-0.02,17.150,0.00,17.150,-0.01,17.150,-0.01,17.150,-0.01,17.150,0.01,17.150,0.00,17.150,0.01,17.150,-0.01,17.150,-0.01,17.150,-0.01,17.150,0.02,17.150,0.01,17.150,0.00,17.150,-0.02,17.150,-0.01,17.150,0.00,17.150,-0.01,17.150,-0.01,17.150,-0.01,17.150,0.04,17.150,0.01,17.150,0.00,17.150,2.62,17.150,0.09,17.150,0.01,17.150,0.03,17.150,-0.01,17.150,-0.01,17.150,-0.04,17.150,-0.01,17.150,-0.02,17.150,0.01,17.150,4.30,17.150,-0.01,17.150,0.00,17.150,2.78,17.150,0.00,17.150,-0.02,17.150,5.25,17.150,-0.02,17.150,4.64,17.150,0.01
17.200,0.01,17.200,0.01,17.200,0.44,17.200,0.01,17.200,0.01,17.200,-0.01,17.200,0.03,17.200,-0.03,17.200,0.02,17.200,0.08,17.200,0.01,17.200,0.00,17.200,-0.02,17.200,0.01,17.200,0.02,17.200,-0.01,17.200,0.00,17.200,0.06,17.200,-0.01,17.200,-0.01,17.200,-0.02,17.200,0.01,17.200,-0.01,17.200,-0.02,17.200,0.00,17.200,-0.01,17.200,-0.01,17.200,0.01,17.200,0.01,17.200,0.01,17.200,-0.01,17.200,0.00,17.200,-0.01,17.200,0.02,17.200,0.00,17.200,0.01,17.200,-0.02,17.200,0.00,17.200,0.00,17.200,-0.01,17.200,-0.01,17.200,-0.01,17.200,0.05,17.200,0.02,17.200,0.01,17.200,2.98,17.200,0.18,17.200,0.02,17.200,0.03,17.200,0.00,17.200,0.00,17.200,-0.04,17.200,0.00,17.200,-0.02,17.200,0.01,17.200,4.33,17.200,-0.01,17.200,0.01,17.200,4.61,17.200,0.00,17.200,-0.01,17.200,5.32,17.200,-0.02,17.200,4.70,17.200,0.02
17.250,0.00,17.250,0.01,17.250,0.93,17.250,0.00,17.250,0.01,17.250,0.00,17.250,0.04,17.250,-0.02,17.250,0.02,17.250,0.09,17.250,0.02,17.250,-0.02,17.250,0.01,17.250,0.00,17.250,0.03,17.250,-0.01,17.250,0.02,17.250,-0.01,17.250,0.00,17.250,-0.01,17.250,0.07,17.250,0.00,17.250,-0.02,17.250,0.00,17.250,0.00,17.250,-0.01,17.250,-0.01,17.250,0.01,17.250,0.01,17.250,0.02,17.250,0.00,17.250,0.01,17.250,0.00,17.250,0.02,17.250,0.01,17.250,0.02,17.250,-0.01,17.250,0.01,17.250,0.00,17.250,0.00,17.250,-0.02,17.250,-0.01,17.250,0.05,17.250,0.01,17.250,0.01,17.250,0.68,17.250,0.60,17.250,0.03,17.250,0.03,17.250,0.00,17.250,-0.01,17.250,-0.04,17.250,0.00,17.250,-0.03,17.250,0.01,17.250,4.44,17.250,-0.01,17.250,0.00,17.250,0.82,17.250,-0.01,17.250,0.00,17.250,5.29,17.250,-0.01,17.250,4.66,17.250,-0.02
17.300,0.00,17.300,0.02,17.300,1.19,17.300,0.00,17.300,0.01,17.300,0.01,17.300,0.06,17.300,-0.02,17.300,0.02,17.300,0.12,17.300,0.01,17.300,0.01,17.300,-0.01,17.300,0.00,17.300,0.04,17.300,-0.01,17.300,0.01,17.300,-0.01,17.300,0.01,17.300,-0.02,17.300,0.04,17.300,-0.02,17.300,0.01,17.300,-0.01,17.300,0.00,17.300,-0.01,17.300,0.00,17.300,0.00,17.300,0.01,17.300,0.01,17.300,0.00,17.300,0.04,17.300,-0.01,17.300,0.03,17.300,0.01,17.300,0.03,17.300,-0.02,17.300,0.01,17.300,0.00,17.300,0.00,17.300,-0.01,17.300,-0.02,17.300,0.04,17.300,0.01,17.300,0.00,17.300,0.07,17.300,1.27,17.300,0.02,17.300,0.02,17.300,0.01,17.300,-0.01,17.300,-0.05,17.300,0.00,17.300,-0.04,17.300,0.01,17.300,4.74,17.300,-0.01,17.300,0.00,17.300,0.06,17.300,0.00,17.300,0.00,17.300,5.27,17.300,-0.02,17.300,4.28,17.300,0.01
17.350,0.00,17.350,0.02,17.350,0.08,17.350,-0.01,17.350,0.01,17.350,0.02,17.350,0.07,17.350,-0.02,17.350,0.03,17.350,0.18,17.350,0.02,17.350,0.01,17.350,-0.02,17.350,0.01,17.350,0.04,17.350,0.00,17.350,0.01,17.350,-0.01,17.350,0.00,17.350,-0.02,17.350,-0.01,17.350,0.01,17.350,-0.01,17.350,-0.01,17.350,0.00,17.350,-0.01,17.350,-0.01,17.350,0.01,17.350,0.00,17.350,0.01,17.350,0.00,17.350,0.02,17.350,-0.01,17.350,0.03,17.350,0.00,17.350,0.04,17.350,-0.01,17.350,0.01,17.350,0.00,17.350,0.00,17.350,-0.01,17.350,-0.02,17.350,0.05,17.350,0.02,17.350,0.00,17.350,0.02,17.350,1.76,17.350,0.02,17.350,0.02,17.350,0.01,17.350,-0.02,17.350,-0.05,17.350,-0.01,17.350,-0.03,17.350,-0.01,17.350,4.69,17.350,-0.01,17.350,0.02,17.350,0.03,17.350,0.01,17.350,0.01,17.350,5.37,17.350,-0.02,17.350,0.11,17.350,0.02
17.400,0.01,17.400,0.01,17.400,0.04,17.400,0.00,17.400,0.01,17.400,0.03,17.400,0.10,17.400,-0.02,17.400,0.04,17.400,0.30,17.400,0.02,17.400,-0.01,17.400,-0.02,17.400,0.01,17.400,0.05,17.400,-0.01,17.400,0.02,17.400,-0.01,17.400,0.00,17.400,-0.01,17.400,0.00,17.400,0.03,17.400,-0.02,17.400,0.00,17.400,0.00,17.400,-0.01,17.400,0.00,17.400,0.04,17.400,0.00,17.400,0.01,17.400,0.00,17.400,0.00,17.400,0.00,17.400,0.03,17.400,0.00,17.400,0.03,17.400,-0.01,17.400,0.01,17.400,-0.01,17.400,0.01,17.400,0.00,17.400,-0.01,17.400,0.06,17.400,0.02,17.400,0.00,17.400,0.00,17.400,2.10,17.400,0.02,17.400,0.02,17.400,0.01,17.400,-0.01,17.400,-0.05,17.400,-0.01,17.400,-0.04,17.400,-0.01,17.400,3.79,17.400,-0.01,17.400,0.04,17.400,-0.01,17.400,0.02,17.400,0.05,17.400,5.30,17.400,-0.03,17.400,0.04,17.400,0.01
17.450,0.00,17.450,0.01,17.450,-0.01,17.450,0.00,17.450,0.00,17.450,0.05,17.450,0.24,17.450,-0.01,17.450,0.06,17.450,0.40,17.450,0.02,17.450,0.00,17.450,-0.01,17.450,0.00,17.450,0.08,17.450,0.01,17.450,0.03,17.450,-0.01,17.450,0.00,17.450,-0.01,17.450,0.02,17.450,0.00,17.450,-0.02,17.450,0.00,17.450,-0.01,17.450,-0.01,17.450,-0.01,17.450,0.04,17.450,0.01,17.450,0.00,17.450,0.00,17.450,0.00,17.450,0.00,17.450,0.02,17.450,0.00,17.450,0.05,17.450,-0.01,17.450,0.00,17.450,-0.01,17.450,-0.01,17.450,0.01,17.450,-0.01,17.450,0.06,17.450,0.03,17.450,-0.01,17.450,0.01,17.450,2.41,17.450,0.03,17.450,0.02,17.450,0.01,17.450,-0.02,17.450,-0.04,17.450,-0.01,17.450,-0.04,17.450,0.00,17.450,0.08,17.450,0.00,17.450,0.03,17.450,0.00,17.450,0.03,17.450,0.64,17.450,5.30,17.450,-0.01,17.450,-0.03,17.450,0.03
17.500,0.00,17.500,0.02,17.500,0.00,17.500,0.00,17.500,0.02,17.500,0.06,17.500,1.35,17.500,-0.01,17.500,0.07,17.500,0.08,17.500,0.02,17.500,0.00,17.500,-0.02,17.500,0.01,17.500,0.09,17.500,0.00,17.500,0.03,17.500,0.00,17.500,-0.01,17.500,-0.02,17.500,0.02,17.500,-0.01,17.500,-0.02,17.500,0.01,17.500,-0.01,17.500,-0.01,17.500,-0.01,17.500,0.03,17.500,0.00,17.500,0.01,17.500,0.00,17.500,0.00,17.500,-0.01,17.500,0.03,17.500,0.00,17.500,0.05,17.500,-0.01,17.500,0.01,17.500,-0.01,17.500,0.00,17.500,0.01,17.500,-0.01,17.500,0.07,17.500,0.04,17.500,0.00,17.500,0.00,17.500,0.58,17.500,0.04,17.500,0.02,17.500,0.01,17.500,-0.02,17.500,-0.05,17.500,-0.01,17.500,-0.03,17.500,0.07,17.500,0.00,17.500,-0.01,17.500,-0.01,17.500,0.00,17.500,0.14,17.500,3.26,17.500,5.28,17.500,-0.02,17.500,-0.02,17.500,0.04
17.550,0.01,17.550,0.01,17.550,0.01,17.550,0.01,17.550,0.02,17.550,0.07,17.550,1.10,17.550,-0.01,17.550,0.10,17.550,0.05,17.550,0.04,17.550,0.00,17.550,-0.02,17.550,0.02,17.550,0.29,17.550,0.00,17.550,0.04,17.550,0.01,17.550,0.00,17.550,-0.02,17.550,0.01,17.550,-0.01,17.550,-0.02,17.550,0.01,17.550,0.00,17.550,-0.02,17.550,-0.01,17.550,0.04,17.550,0.00,17.550,0.01,17.550,-0.01,17.550,0.00,17.550,0.01,17.550,0.02,17.550,0.00,17.550,0.06,17.550,-0.01,17.550,0.00,17.550,0.00,17.550,0.01,17.550,-0.02,17.550,-0.02,17.550,0.09,17.550,0.04,17.550,0.00,17.550,0.00,17.550,0.07,17.550,0.05,17.550,0.03,17.550,0.01,17.550,-0.02,17.550,-0.05,17.550,0.00,17.550,-0.03,17.550,0.04,17.550,-0.02,17.550,-0.01,17.550,0.00,17.550,0.01,17.550,2.33,17.550,2.56,17.550,5.33,17.550,0.02,17.550,-0.04,17.550,0.07
17.600,0.00,17.600,0.02,17.600,-0.01,17.600,0.00,17.600,0.02,17.600,0.07,17.600,0.06,17.600,-0.01,17.600,0.21,17.600,0.01,17.600,0.04,17.600,-0.01,17.600,-0.02,17.600,0.01,17.600,0.14,17.600,0.00,17.600,0.04,17.600,0.01,17.600,0.00,17.600,-0.01,17.600,0.01,17.600,-0.01,17.600,-0.01,17.600,0.01,17.600,-0.01,17.600,-0.01,17.600,-0.02,17.600,0.05,17.600,0.01,17.600,0.01,17.600,-0.01,17.600,0.00,17.600,0.00,17.600,0.03,17.600,0.00,17.600,0.08,17.600,0.04,17.600,-0.01,17.600,0.01,17.600,-0.01,17.600,-0.02,17.600,-0.01,17.600,0.10,17.600,0.05,17.600,0.00,17.600,0.00,17.600,-0.01,17.600,0.06,17.600,0.03,17.600,0.02,17.600,-0.01,17.600,-0.04,17.600,-0.01,17.600,-0.03,17.600,0.02,17.600,-0.01,17.600,0.00,17.600,0.01,17.600,0.01,17.600,3.01,17.600,2.53,17.600,5.29,17.600,0.01,17.600,-0.02,17.600,0.49
17.650,0.01,17.650,0.02,17.650,-0.01,17.650,0.01,17.650,0.02,17.650,0.11,17.650,0.01,17.650,0.00,17.650,0.66,17.650,0.02,17.650,0.06,17.650,-0.01,17.650,-0.02,17.650,0.00,17.650,0.06,17.650,-0.01,17.650,0.05,17.650,0.00,17.650,0.00,17.650,-0.01,17.650,0.02,17.650,0.01,17.650,-0.01,17.650,0.04,17.650,0.00,17.650,-0.01,17.650,0.01,17.650,0.06,17.650,-0.01,17.650,0.01,17.650,0.01,17.650,0.01,17.650,0.00,17.650,0.04,17.650,-0.01,17.650,0.08,17.650,0.01,17.650,0.00,17.650,-0.01,17.650,0.00,17.650,-0.01,17.650,-0.01,17.650,0.12,17.650,0.05,17.650,0.01,17.650,-0.01,17.650,0.00,17.650,0.07,17.650,0.03,17.650,0.03,17.650,-0.02,17.650,-0.03,17.650,0.00,17.650,-0.03,17.650,-0.02,17.650,0.00,17.650,0.06,17.650,0.01,17.650,0.02,17.650,2.47,17.650,3.84,17.650,4.96,17.650,-0.01,17.650,-0.03,17.650,4.71
17.700,5.55E-17,17.700,0.02,17.700,-0.01,17.700,0.00,17.700,0.02,17.700,0.21,17.700,-0.02,17.700,-0.01,17.700,0.07,17.700,0.02,17.700,0.07,17.700,-0.01,17.700,-0.01,17.700,0.01,17.700,-0.01,17.700,0.00,17.700,0.05,17.700,0.00,17.700,0.00,17.700,-0.02,17.700,0.02,17.700,-0.01,17.700,-0.01,17.700,0.03,17.700,0.00,17.700,-0.01,17.700,0.00,17.700,0.07,17.700,0.00,17.700,0.01,17.700,-0.01,17.700,0.01,17.700,0.00,17.700,0.04,17.700,-0.01,17.700,0.10,17.700,0.00,17.700,0.00,17.700,0.00,17.700,0.00,17.700,-0.01,17.700,-0.02,17.700,0.24,17.700,0.05,17.700,0.01,17.700,-0.01,17.700,-0.01,17.700,0.08,17.700,0.04,17.700,0.02,17.700,-0.02,17.700,-0.02,17.700,0.00,17.700,-0.04,17.700,0.00,17.700,0.00,17.700,0.03,17.700,0.01,17.700,0.00,17.700,2.79,17.700,4.75,17.700,0.16,17.700,0.00,17.700,-0.02,17.700,4.55
17.750,5.55E-17,17.750,0.01,17.750,-0.01,17.750,0.00,17.750,0.01,17.750,0.41,17.750,-0.01,17.750,-0.01,17.750,0.01,17.750,0.02,17.750,0.10,17.750,0.02,17.750,-0.01,17.750,0.01,17.750,0.00,17.750,0.00,17.750,0.05,17.750,0.00,17.750,0.00,17.750,-0.01,17.750,0.02,17.750,-0.01,17.750,-0.01,17.750,0.02,17.750,-0.01,17.750,-0.01,17.750,-0.02,17.750,0.08,17.750,0.00,17.750,0.01,17.750,-0.01,17.750,0.00,17.750,-0.01,17.750,0.06,17.750,-0.01,17.750,0.13,17.750,-0.03,17.750,0.00,17.750,0.00,17.750,-0.01,17.750,-0.01,17.750,-0.01,17.750,1.00,17.750,0.05,17.750,0.00,17.750,0.00,17.750,-0.01,17.750,0.09,17.750,0.04,17.750,0.03,17.750,-0.03,17.750,-0.03,17.750,-0.01,17.750,-0.04,17.750,0.02,17.750,0.01,17.750,0.01,17.750,0.04,17.750,0.01,17.750,4.18,17.750,5.10,17.750,0.06,17.750,0.00,17.750,-0.02,17.750,3.79
17.800,0.00,17.800,0.02,17.800,-0.01,17.800,0.01,17.800,0.01,17.800,0.65,17.800,-0.01,17.800,-0.01,17.800,-0.03,17.800,0.02,17.800,0.21,17.800,0.03,17.800,0.00,17.800,0.01,17.800,0.00,17.800,0.01,17.800,0.07,17.800,0.00,17.800,0.01,17.800,-0.01,17.800,0.01,17.800,-0.01,17.800,0.01,17.800,0.03,17.800,-0.02,17.800,-0.01,17.800,0.00,17.800,0.09,17.800,0.00,17.800,0.00,17.800,0.00,17.800,0.00,17.800,0.00,17.800,0.07,17.800,0.00,17.800,0.40,17.800,-0.01,17.800,-0.01,17.800,-0.01,17.800,0.00,17.800,-0.01,17.800,-0.01,17.800,0.13,17.800,0.09,17.800,0.01,17.800,0.01,17.800,-0.01,17.800,0.16,17.800,0.04,17.800,0.04,17.800,-0.02,17.800,-0.03,17.800,-0.01,17.800,-0.02,17.800,0.00,17.800,0.01,17.800,-0.01,17.800,0.05,17.800,0.02,17.800,4.48,17.800,5.20,17.800,0.00,17.800,-0.01,17.800,-0.01,17.800,4.56
17.850,-0.01,17.850,0.02,17.850,-0.01,17.850,0.00,17.850,0.02,17.850,0.96,17.850,-0.02,17.850,-0.01,17.850,0.00,17.850,0.02,17.850,0.70,17.850,0.03,17.850,0.01,17.850,0.01,17.850,0.00,17.850,-0.01,17.850,0.08,17.850,0.01,17.850,0.00,17.850,0.00,17.850,0.00,17.850,-0.01,17.850,0.01,17.850,0.05,17.850,-0.03,17.850,0.01,17.850,0.00,17.850,0.13,17.850,-0.01,17.850,0.01,17.850,0.04,17.850,0.00,17.850,0.01,17.850,0.08,17.850,0.00,17.850,1.27,17.850,-0.01,17.850,0.00,17.850,0.00,17.850,-0.01,17.850,-0.01,17.850,-0.01,17.850,0.08,17.850,0.14,17.850,0.00,17.850,0.00,17.850,-0.01,17.850,0.36,17.850,0.05,17.850,0.04,17.850,-0.01,17.850,-0.04,17.850,-0.01,17.850,-0.03,17.850,0.02,17.850,0.01,17.850,0.01,17.850,0.11,17.850,0.01,17.850,4.31,17.850,0.18,17.850,-0.01,17.850,-0.01,17.850,-0.01,17.850,5.40
17.900,0.00,17.900,0.01,17.900,-0.02,17.900,0.01,17.900,0.01,17.900,1.31,17.900,-0.01,17.900,0.00,17.900,-0.01,17.900,0.03,17.900,1.43,17.900,0.03,17.900,0.02,17.900,0.00,17.900,-0.01,17.900,-0.01,17.900,0.11,17.900,0.01,17.900,0.00,17.900,0.00,17.900,0.01,17.900,0.00,17.900,0.01,17.900,0.05,17.900,-0.02,17.900,0.06,17.900,0.01,17.900,0.30,17.900,0.00,17.900,0.01,17.900,0.02,17.900,0.00,17.900,0.00,17.900,0.12,17.900,0.00,17.900,1.90,17.900,-0.01,17.900,0.00,17.900,0.00,17.900,0.00,17.900,0.01,17.900,-0.01,17.900,0.01,17.900,0.26,17.900,0.00,17.900,0.00,17.900,-0.01,17.900,0.76,17.900,0.05,17.900,0.03,17.900,0.01,17.900,-0.02,17.900,-0.01,17.900,-0.03,17.900,0.04,17.900,0.01,17.900,0.01,17.900,3.12,17.900,0.00,17.900,4.26,17.900,0.05,17.900,0.00,17.900,0.03,17.900,-0.01,17.900,5.40
17.950,0.00,17.950,0.01,17.950,-0.02,17.950,0.02,17.950,0.02,17.950,1.67,17.950,0.00,17.950,0.01,17.950,-0.01,17.950,0.01,17.950,1.91,17.950,0.02,17.950,0.02,17.950,0.02,17.950,-0.01,17.950,-0.01,17.950,0.22,17.950,0.00,17.950,0.00,17.950,-0.01,17.950,0.01,17.950,-0.02,17.950,0.02,17.950,0.05,17.950,-0.01,17.950,0.02,17.950,0.01,17.950,1.38,17.950,-0.01,17.950,0.01,17.950,0.00,17.950,0.01,17.950,0.00,17.950,0.33,17.950,0.01,17.950,2.35,17.950,-0.01,17.950,0.00,17.950,0.00,17.950,0.00,17.950,0.00,17.950,-0.01,17.950,0.02,17.950,0.40,17.950,0.00,17.950,0.00,17.950,-0.01,17.950,1.12,17.950,0.05,17.950,0.05,17.950,0.00,17.950,-0.03,17.950,-0.01,17.950,-0.03,17.950,0.05,17.950,0.00,17.950,-0.01,17.950,4.09,17.950,0.01,17.950,5.02,17.950,-0.02,17.950,0.01,17.950,0.03,17.950,-0.02,17.950,0.13
18.000,-0.01,18.000,0.02,18.000,-0.01,18.000,0.01,18.000,0.02,18.000,1.95,18.000,-0.01,18.000,0.01,18.000,-0.01,18.000,0.01,18.000,2.10,18.000,0.02,18.000,0.03,18.000,0.03,18.000,-0.01,18.000,0.00,18.000,0.89,18.000,0.00,18.000,0.01,18.000,0.01,18.000,0.01,18.000,0.00,18.000,0.04,18.000,0.05,18.000,-0.01,18.000,-0.01,18.000,0.01,18.000,0.22,18.000,0.00,18.000,0.01,18.000,0.01,18.000,0.00,18.000,-0.01,18.000,0.65,18.000,0.01,18.000,2.66,18.000,-0.01,18.000,0.00,18.000,-0.01,18.000,0.00,18.000,0.01,18.000,-0.01,18.000,0.01,18.000,0.55,18.000,0.00,18.000,0.00,18.000,0.00,18.000,1.35,18.000,0.05,18.000,0.05,18.000,0.00,18.000,-0.02,18.000,0.00,18.000,-0.03,18.000,0.10,18.000,0.00,18.000,0.02,18.000,2.88,18.000,0.01,18.000,5.29,18.000,-0.02,18.000,0.01,18.000,0.08,18.000,-0.01,18.000,0.06
18.050,0.00,18.050,0.00,18.050,-0.01,18.050,0.00,18.050,0.04,18.050,2.10,18.050,0.00,18.050,0.00,18.050,-0.01,18.050,0.01,18.050,2.29,18.050,0.03,18.050,0.04,18.050,0.04,18.050,-0.01,18.050,0.01,18.050,1.71,18.050,0.00,18.050,0.01,18.050,0.01,18.050,0.02,18.050,0.01,18.050,0.04,18.050,0.07,18.050,-0.02,18.050,-0.01,18.050,0.01,18.050,0.07,18.050,0.00,18.050,0.00,18.050,0.01,18.050,0.00,18.050,0.00,18.050,0.09,18.050,0.02,18.050,2.92,18.050,-0.01,18.050,0.00,18.050,-0.01,18.050,0.00,18.050,0.00,18.050,-0.02,18.050,0.00,18.050,0.69,18.050,0.00,18.050,0.01,18.050,-0.02,18.050,0.84,18.050,0.04,18.050,0.05,18.050,-0.01,18.050,-0.02,18.050,-0.01,18.050,-0.03,18.050,0.43,18.050,0.01,18.050,0.05,18.050,2.91,18.050,0.01,18.050,5.15,18.050,-0.02,18.050,0.00,18.050,0.93,18.050,-0.01,18.050,-0.02
18.100,0.00,18.100,0.01,18.100,-0.01,18.100,0.00,18.100,0.03,18.100,2.05,18.100,-0.01,18.100,0.01,18.100,-0.01,18.100,0.02,18.100,2.57,18.100,0.05,18.100,0.04,18.100,0.04,18.100,0.00,18.100,-0.01,18.100,1.94,18.100,0.00,18.100,0.00,18.100,0.01,18.100,0.03,18.100,0.02,18.100,0.05,18.100,0.10,18.100,-0.01,18.100,0.00,18.100,0.02,18.100,-0.01,18.100,0.01,18.100,0.01,18.100,0.01,18.100,0.00,18.100,-0.01,18.100,0.05,18.100,0.03,18.100,0.39,18.100,-0.01,18.100,0.01,18.100,0.00,18.100,0.00,18.100,0.00,18.100,-0.03,18.100,0.01,18.100,0.87,18.100,0.01,18.100,0.00,18.100,-0.01,18.100,0.18,18.100,0.05,18.100,0.06,18.100,0.01,18.100,0.00,18.100,-0.01,18.100,-0.02,18.100,1.35,18.100,0.01,18.100,0.11,18.100,4.36,18.100,0.01,18.100,5.04,18.100,-0.02,18.100,0.00,18.100,3.05,18.100,-0.01,18.100,-0.01
18.150,0.00,18.150,0.02,18.150,0.00,18.150,0.00,18.150,0.05,18.150,2.17,18.150,0.01,18.150,0.03,18.150,-0.01,18.150,0.02,18.150,2.59,18.150,0.06,18.150,0.05,18.150,0.05,18.150,0.00,18.150,0.01,18.150,2.19,18.150,0.00,18.150,0.01,18.150,0.01,18.150,0.02,18.150,0.03,18.150,0.07,18.150,0.25,18.150,0.00,18.150,0.00,18.150,0.02,18.150,0.01,18.150,0.01,18.150,0.00,18.150,0.01,18.150,0.00,18.150,-0.01,18.150,0.00,18.150,0.03,18.150,0.07,18.150,-0.01,18.150,0.00,18.150,0.00,18.150,-0.01,18.150,0.00,18.150,-0.02,18.150,0.01,18.150,0.68,18.150,0.00,18.150,0.00,18.150,-0.02,18.150,0.05,18.150,0.05,18.150,0.08,18.150,-0.01,18.150,0.00,18.150,-0.01,18.150,-0.02,18.150,1.33,18.150,0.01,18.150,3.59,18.150,2.40,18.150,0.02,18.150,5.00,18.150,-0.02,18.150,0.00,18.150,2.51,18.150,0.00,18.150,-0.01
18.200,0.00,18.200,0.02,18.200,-0.01,18.200,0.00,18.200,0.06,18.200,2.30,18.200,-0.01,18.200,0.02,18.200,-0.01,18.200,0.02,18.200,2.72,18.200,0.08,18.200,0.06,18.200,0.07,18.200,0.00,18.200,-0.01,18.200,0.87,18.200,0.01,18.200,0.01,18.200,0.01,18.200,0.03,18.200,0.01,18.200,0.19,18.200,0.77,18.200,0.00,18.200,-0.01,18.200,0.02,18.200,0.01,18.200,0.02,18.200,0.01,18.200,0.02,18.200,0.01,18.200,0.00,18.200,-0.01,18.200,0.03,18.200,-0.01,18.200,0.00,18.200,0.00,18.200,0.00,18.200,0.00,18.200,0.01,18.200,-0.01,18.200,0.01,18.200,0.19,18.200,0.01,18.200,0.01,18.200,-0.02,18.200,-0.01,18.200,0.05,18.200,0.07,18.200,-0.01,18.200,0.00,18.200,-0.01,18.200,-0.02,18.200,1.10,18.200,0.01,18.200,3.44,18.200,0.06,18.200,0.01,18.200,5.29,18.200,-0.02,18.200,0.00,18.200,2.84,18.200,-0.01,18.200,-0.01
18.250,5.55E-17,18.250,0.02,18.250,-0.01,18.250,0.00,18.250,0.06,18.250,2.37,18.250,-0.01,18.250,0.04,18.250,-0.01,18.250,0.02,18.250,2.87,18.250,0.14,18.250,0.07,18.250,0.08,18.250,0.00,18.250,0.00,18.250,0.08,18.250,0.00,18.250,0.01,18.250,0.01,18.250,0.04,18.250,0.01,18.250,0.72,18.250,0.09,18.250,0.00,18.250,0.00,18.250,0.04,18.250,0.01,18.250,0.02,18.250,0.01,18.250,0.02,18.250,0.01,18.250,0.00,18.250,0.00,18.250,0.04,18.250,0.01,18.250,-0.01,18.250,-0.01,18.250,-0.01,18.250,-0.01,18.250,0.00,18.250,0.02,18.250,0.02,18.250,0.06,18.250,0.01,18.250,0.01,18.250,-0.03,18.250,-0.02,18.250,0.06,18.250,0.08,18.250,-0.02,18.250,0.02,18.250,-0.01,18.250,0.02,18.250,1.19,18.250,0.01,18.250,2.32,18.250,0.00,18.250,0.00,18.250,0.38,18.250,-0.01,18.250,0.00,18.250,4.09,18.250,-0.01,18.250,-0.01
18.300,-0.01,18.300,0.02,18.300,0.00,18.300,0.01,18.300,0.07,18.300,2.64,18.300,-0.01,18.300,0.06,18.300,-0.01,18.300,0.01,18.300,2.87,18.300,0.37,18.300,0.12,18.300,0.14,18.300,0.00,18.300,0.00,18.300,0.05,18.300,0.00,18.300,0.01,18.300,0.01,18.300,0.04,18.300,0.03,18.300,1.21,18.300,0.04,18.300,0.01,18.300,0.00,18.300,0.05,18.300,0.01,18.300,0.01,18.300,0.01,18.300,0.02,18.300,-0.01,18.300,0.01,18.300,-0.01,18.300,0.04,18.300,0.01,18.300,0.00,18.300,0.00,18.300,-0.01,18.300,-0.01,18.300,-0.01,18.300,-0.01,18.300,0.01,18.300,0.00,18.300,0.00,18.300,0.01,18.300,-0.02,18.300,-0.01,18.300,0.07,18.300,0.08,18.300,-0.01,18.300,0.03,18.300,0.00,18.300,0.01,18.300,1.45,18.300,0.01,18.300,2.14,18.300,0.00,18.300,0.00,18.300,0.05,18.300,-0.03,18.300,0.00,18.300,4.16,18.300,0.00,18.300,-0.02
18.350,-0.01,18.350,0.01,18.350,0.00,18.350,-0.01,18.350,0.09,18.350,2.69,18.350,-0.01,18.350,0.12,18.350,-0.01,18.350,0.01,18.350,0.08,18.350,1.08,18.350,0.43,18.350,0.57,18.350,0.00,18.350,-0.01,18.350,-0.01,18.350,0.00,18.350,0.02,18.350,0.00,18.350,0.04,18.350,0.08,18.350,1.32,18.350,0.00,18.350,0.00,18.350,0.02,18.350,0.05,18.350,0.01,18.350,0.00,18.350,0.01,18.350,0.01,18.350,0.00,18.350,0.00,18.350,0.00,18.350,0.04,18.350,0.00,18.350,-0.01,18.350,0.00,18.350,-0.01,18.350,-0.02,18.350,0.00,18.350,-0.01,18.350,0.02,18.350,-0.01,18.350,0.01,18.350,0.00,18.350,-0.02,18.350,-0.01,18.350,0.07,18.350,0.09,18.350,0.00,18.350,0.05,18.350,-0.01,18.350,0.01,18.350,2.29,18.350,0.01,18.350,3.43,18.350,-0.02,18.350,0.01,18.350,-0.02,18.350,-0.02,18.350,0.00,18.350,4.72,18.350,0.00,18.350,-0.02
18.400,-0.01,18.400,0.01,18.400,0.00,18.400,-0.01,18.400,0.18,18.400,1.01,18.400,0.01,18.400,0.31,18.400,-0.01,18.400,0.01,18.400,0.05,18.400,1.51,18.400,0.65,18.400,0.14,18.400,0.01,18.400,-0.01,18.400,0.01,18.400,0.01,18.400,0.01,18.400,0.01,18.400,0.06,18.400,0.53,18.400,1.38,18.400,0.00,18.400,0.00,18.400,0.00,18.400,0.07,18.400,0.00,18.400,0.01,18.400,0.01,18.400,0.01,18.400,0.01,18.400,0.00,18.400,-0.01,18.400,0.05,18.400,0.00,18.400,0.01,18.400,0.00,18.400,-0.01,18.400,-0.01,18.400,0.00,18.400,-0.02,18.400,0.01,18.400,-0.01,18.400,0.00,18.400,-0.01,18.400,-0.02,18.400,-0.01,18.400,0.07,18.400,0.11,18.400,0.00,18.400,0.07,18.400,-0.01,18.400,-0.02,18.400,3.13,18.400,0.01,18.400,4.83,18.400,-0.01,18.400,0.02,18.400,-0.03,18.400,-0.02,18.400,0.01,18.400,5.22,18.400,0.06,18.400,-0.01
18.450,-0.01,18.450,0.01,18.450,0.00,18.450,-0.01,18.450,0.39,18.450,0.07,18.450,0.01,18.450,1.00,18.450,0.00,18.450,0.01,18.450,-0.01,18.450,1.80,18.450,0.06,18.450,0.05,18.450,-0.01,18.450,-0.02,18.450,0.01,18.450,0.01,18.450,0.01,18.450,0.01,18.450,0.07,18.450,1.36,18.450,0.18,18.450,0.00,18.450,0.00,18.450,0.00,18.450,0.09,18.450,0.00,18.450,0.03,18.450,0.02,18.450,0.02,18.450,0.01,18.450,0.01,18.450,-0.01,18.450,0.05,18.450,0.02,18.450,0.01,18.450,0.00,18.450,-0.02,18.450,-0.01,18.450,0.01,18.450,-0.02,18.450,0.02,18.450,0.01,18.450,0.00,18.450,0.00,18.450,-0.02,18.450,-0.01,18.450,0.08,18.450,0.14,18.450,-0.01,18.450,0.10,18.450,-0.01,18.450,-0.01,18.450,3.44,18.450,0.00,18.450,5.10,18.450,0.00,18.450,0.01,18.450,-0.02,18.450,-0.03,18.450,0.00,18.450,3.23,18.450,0.00,18.450,-0.01
18.500,-0.01,18.500,0.01,18.500,0.01,18.500,0.00,18.500,0.06,18.500,-0.01,18.500,-0.01,18.500,0.62,18.500,0.01,18.500,0.01,18.500,-0.02,18.500,2.26,18.500,0.00,18.500,-0.01,18.500,-0.01,18.500,-0.01,18.500,0.00,18.500,-0.01,18.500,0.01,18.500,0.00,18.500,0.11,18.500,0.06,18.500,0.04,18.500,0.01,18.500,0.00,18.500,0.02,18.500,0.14,18.500,0.00,18.500,0.03,18.500,0.02,18.500,0.03,18.500,0.02,18.500,0.00,18.500,0.00,18.500,0.06,18.500,0.01,18.500,0.03,18.500,-0.01,18.500,-0.02,18.500,-0.01,18.500,-0.01,18.500,-0.02,18.500,0.02,18.500,0.01,18.500,0.00,18.500,0.00,18.500,-0.02,18.500,0.00,18.500,0.07,18.500,0.15,18.500,-0.01,18.500,0.18,18.500,0.00,18.500,0.01,18.500,3.58,18.500,0.00,18.500,5.03,18.500,-0.01,18.500,0.03,18.500,-0.02,18.500,-0.03,18.500,0.00,18.500,0.06,18.500,0.04,18.500,-0.01
18.550,-0.02,18.550,0.02,18.550,0.00,18.550,0.00,18.550,0.01,18.550,-0.01,18.550,-0.01,18.550,0.06,18.550,0.01,18.550,0.01,18.550,0.00,18.550,0.15,18.550,-0.01,18.550,0.01,18.550,-0.01,18.550,-0.01,18.550,0.01,18.550,-0.01,18.550,0.01,18.550,0.00,18.550,0.18,18.550,0.00,18.550,-0.02,18.550,-0.01,18.550,0.01,18.550,0.02,18.550,0.29,18.550,0.01,18.550,0.03,18.550,0.01,18.550,0.04,18.550,0.01,18.550,0.00,18.550,0.01,18.550,0.07,18.550,0.01,18.550,0.03,18.550,0.00,18.550,-0.01,18.550,-0.01,18.550,-0.01,18.550,-0.01,18.550,0.01,18.550,0.01,18.550,0.00,18.550,0.01,18.550,-0.03,18.550,0.00,18.550,0.07,18.550,0.20,18.550,0.00,18.550,0.37,18.550,0.02,18.550,0.00,18.550,3.34,18.550,0.01,18.550,2.22,18.550,-0.02,18.550,0.03,18.550,-0.03,18.550,-0.02,18.550,0.00,18.550,0.03,18.550,-0.01,18.550,-0.01
18.600,0.00,18.600,0.02,18.600,0.01,18.600,0.01,18.600,-0.01,18.600,-0.01,18.600,-0.01,18.600,0.02,18.600,0.00,18.600,0.01,18.600,0.00,18.600,0.06,18.600,0.00,18.600,0.02,18.600,-0.01,18.600,-0.01,18.600,0.01,18.600,-0.01,18.600,0.01,18.600,0.00,18.600,1.02,18.600,-0.02,18.600,-0.02,18.600,-0.01,18.600,0.01,18.600,0.00,18.600,0.93,18.600,0.00,18.600,0.04,18.600,0.03,18.600,0.04,18.600,0.01,18.600,0.00,18.600,0.00,18.600,0.10,18.600,0.00,18.600,0.03,18.600,0.00,18.600,-0.02,18.600,-0.02,18.600,0.02,18.600,-0.02,18.600,0.02,18.600,0.01,18.600,0.01,18.600,0.01,18.600,-0.03,18.600,0.00,18.600,0.07,18.600,0.27,18.600,0.00,18.600,0.92,18.600,0.02,18.600,-0.01,18.600,3.20,18.600,0.01,18.600,0.06,18.600,-0.01,18.600,0.05,18.600,-0.02,18.600,-0.02,18.600,-0.01,18.600,-0.01,18.600,0.00,18.600,0.00
18.650,-0.01,18.650,0.02,18.650,0.00,18.650,0.02,18.650,0.01,18.650,0.00,18.650,-0.01,18.650,-0.02,18.650,0.01,18.650,0.00,18.650,-0.01,18.650,-0.02,18.650,-0.01,18.650,0.01,18.650,-0.01,18.650,-0.01,18.650,0.01,18.650,-0.01,18.650,0.00,18.650,0.00,18.650,3.10,18.650,-0.01,18.650,-0.01,18.650,0.00,18.650,0.00,18.650,0.01,18.650,1.96,18.650,0.01,18.650,0.04,18.650,0.01,18.650,0.04,18.650,0.00,18.650,0.00,18.650,-0.01,18.650,0.18,18.650,0.01,18.650,0.03,18.650,0.00,18.650,-0.02,18.650,-0.02,18.650,0.01,18.650,-0.02,18.650,0.02,18.650,0.01,18.650,0.01,18.650,0.01,18.650,-0.02,18.650,0.00,18.650,0.08,18.650,0.38,18.650,0.00,18.650,1.08,18.650,0.01,18.650,0.00,18.650,3.51,18.650,0.03,18.650,0.01,18.650,-0.03,18.650,0.09,18.650,-0.02,18.650,-0.01,18.650,0.00,18.650,0.00,18.650,0.01,18.650,0.00
18.700,0.00,18.700,0.02,18.700,0.00,18.700,0.02,18.700,0.00,18.700,-0.01,18.700,-0.02,18.700,0.00,18.700,0.01,18.700,0.00,18.700,0.00,18.700,0.01,18.700,-0.01,18.700,0.00,18.700,-0.01,18.700,-0.02,18.700,0.00,18.700,-0.01,18.700,0.00,18.700,0.00,18.700,3.46,18.700,-0.01,18.700,0.00,18.700,0.01,18.700,0.00,18.700,0.00,18.700,2.08,18.700,0.00,18.700,0.04,18.700,0.01,18.700,0.06,18.700,0.00,18.700,0.00,18.700,-0.01,18.700,0.33,18.700,0.00,18.700,0.06,18.700,0.00,18.700,-0.01,18.700,-0.01,18.700,0.01,18.700,-0.01,18.700,0.02,18.700,0.00,18.700,-0.01,18.700,0.02,18.700,-0.02,18.700,-0.01,18.700,0.08,18.700,0.50,18.700,0.00,18.700,1.22,18.700,0.00,18.700,0.00,18.700,4.31,18.700,0.04,18.700,-0.01,18.700,-0.02,18.700,1.69,18.700,-0.03,18.700,-0.01,18.700,0.09,18.700,0.01,18.700,0.00,18.700,-0.01
18.750,-0.01,18.750,0.01,18.750,0.01,18.750,0.04,18.750,0.01,18.750,-0.02,18.750,0.00,18.750,-0.01,18.750,0.01,18.750,0.00,18.750,-0.01,18.750,0.01,18.750,-0.01,18.750,0.00,18.750,0.00,18.750,-0.01,18.750,0.01,18.750,0.00,18.750,0.01,18.750,0.01,18.750,3.36,18.750,-0.01,18.750,0.01,18.750,0.01,18.750,-0.01,18.750,0.01,18.750,0.19,18.750,0.00,18.750,0.05,18.750,0.00,18.750,0.06,18.750,0.01,18.750,0.00,18.750,0.00,18.750,0.41,18.750,0.02,18.750,0.09,18.750,0.01,18.750,-0.01,18.750,0.00,18.750,0.02,18.750,-0.01,18.750,0.02,18.750,0.01,18.750,0.00,18.750,0.00,18.750,-0.01,18.750,-0.01,18.750,0.08,18.750,0.41,18.750,0.01,18.750,1.41,18.750,0.00,18.750,0.00,18.750,4.73,18.750,-0.02,18.750,-0.01,18.750,-0.01,18.750,4.69,18.750,-0.03,18.750,-0.01,18.750,0.01,18.750,0.00,18.750,0.02,18.750,-0.01
18.800,-0.01,18.800,0.02,18.800,0.01,18.800,0.04,18.800,0.01,18.800,-0.02,18.800,-0.01,18.800,-0.01,18.800,0.00,18.800,0.00,18.800,-0.01,18.800,0.02,18.800,-0.02,18.800,-0.01,18.800,0.00,18.800,-0.01,18.800,0.01,18.800,0.00,18.800,0.01,18.800,0.03,18.800,0.43,18.800,-0.01,18.800,0.00,18.800,0.01,18.800,0.00,18.800,0.02,18.800,0.05,18.800,0.01,18.800,0.05,18.800,0.01,18.800,0.08,18.800,0.03,18.800,-0.01,18.800,0.01,18.800,0.13,18.800,0.01,18.800,0.36,18.800,0.00,18.800,-0.01,18.800,0.00,18.800,0.01,18.800,-0.01,18.800,0.02,18.800,0.01,18.800,0.00,18.800,0.00,18.800,-0.02,18.800,-0.01,18.800,0.08,18.800,0.19,18.800,0.01,18.800,1.74,18.800,0.01,18.800,0.02,18.800,4.71,18.800,0.00,18.800,-0.01,18.800,-0.01,18.800,3.61,18.800,-0.02,18.800,0.04,18.800,0.04,18.800,0.00,18.800,0.01,18.800,0.00
18.850,-0.01,18.850,0.02,18.850,0.00,18.850,0.07,18.850,0.00,18.850,-0.02,18.850,-0.01,18.850,-0.01,18.850,0.01,18.850,0.00,18.850,-0.01,18.850,0.02,18.850,-0.02,18.850,0.00,18.850,-0.01,18.850,0.00,18.850,0.02,18.850,0.00,18.850,0.00,18.850,0.04,18.850,0.07,18.850,-0.01,18.850,0.00,18.850,0.00,18.850,0.01,18.850,0.00,18.850,-0.01,18.850,0.01,18.850,0.09,18.850,0.02,18.850,0.10,18.850,0.03,18.850,0.00,18.850,0.01,18.850,0.05,18.850,0.02,18.850,1.93,18.850,0.00,18.850,-0.02,18.850,0.00,18.850,0.01,18.850,-0.01,18.850,0.01,18.850,0.00,18.850,0.01,18.850,0.00,18.850,-0.01,18.850,-0.01,18.850,0.08,18.850,0.06,18.850,0.01,18.850,2.06,18.850,0.00,18.850,0.02,18.850,4.26,18.850,0.01,18.850,0.00,18.850,-0.02,18.850,2.71,18.850,-0.04,18.850,0.01,18.850,-0.01,18.850,0.00,18.850,0.02,18.850,-0.01
18.900,5.55E-17,18.900,0.03,18.900,0.00,18.900,0.08,18.900,0.01,18.900,-0.01,18.900,0.00,18.900,-0.01,18.900,0.00,18.900,0.00,18.900,0.00,18.900,0.00,18.900,-0.03,18.900,0.01,18.900,0.00,18.900,-0.01,18.900,0.01,18.900,0.00,18.900,0.00,18.900,0.03,18.900,-0.01,18.900,0.00,18.900,0.00,18.900,0.00,18.900,0.03,18.900,0.01,18.900,-0.01,18.900,0.02,18.900,0.17,18.900,0.02,18.900,0.13,18.900,0.04,18.900,0.01,18.900,0.01,18.900,-0.02,18.900,0.02,18.900,1.97,18.900,-0.01,18.900,-0.01,18.900,0.01,18.900,0.03,18.900,-0.02,18.900,0.01,18.900,0.00,18.900,0.00,18.900,-0.01,18.900,-0.02,18.900,-0.02,18.900,0.09,18.900,0.02,18.900,0.02,18.900,1.57,18.900,0.01,18.900,0.01,18.900,4.04,18.900,0.01,18.900,-0.01,18.900,-0.02,18.900,2.68,18.900,-0.03,18.900,-0.04,18.900,0.00,18.900,0.00,18.900,0.02,18.900,0.00
18.950,-0.01,18.950,0.03,18.950,0.00,18.950,0.13,18.950,0.02,18.950,-0.02,18.950,0.00,18.950,0.00,18.950,0.01,18.950,0.01,18.950,-0.01,18.950,0.01,18.950,-0.02,18.950,0.00,18.950,0.00,18.950,-0.01,18.950,0.01,18.950,0.00,18.950,0.00,18.950,0.04,18.950,-0.01,18.950,0.00,18.950,0.00,18.950,0.00,18.950,0.02,18.950,0.01,18.950,0.00,18.950,0.01,18.950,0.81,18.950,0.02,18.950,0.18,18.950,0.04,18.950,0.02,18.950,0.01,18.950,0.00,18.950,0.01,18.950,0.05,18.950,-0.01,18.950,-0.01,18.950,-0.01,18.950,0.05,18.950,-0.02,18.950,0.01,18.950,0.01,18.950,-0.01,18.950,0.00,18.950,-0.02,18.950,-0.01,18.950,0.09,18.950,-0.01,18.950,0.04,18.950,0.04,18.950,0.01,18.950,0.02,18.950,4.33,18.950,0.02,18.950,0.00,18.950,-0.02,18.950,3.85,18.950,-0.02,18.950,-0.02,18.950,0.01,18.950,-0.01,18.950,0.03,18.950,0.12
19.000,-0.01,19.000,0.04,19.000,-0.01,19.000,0.26,19.000,0.01,19.000,-0.02,19.000,-0.01,19.000,0.00,19.000,0.01,19.000,0.00,19.000,-0.01,19.000,0.01,19.000,-0.02,19.000,0.00,19.000,-0.01,19.000,-0.01,19.000,0.01,19.000,0.00,19.000,0.00,19.000,0.05,19.000,0.00,19.000,-0.01,19.000,-0.01,19.000,0.01,19.000,0.03,19.000,0.01,19.000,0.01,19.000,0.00,19.000,0.09,19.000,0.04,19.000,0.29,19.000,0.05,19.000,0.01,19.000,0.01,19.000,0.00,19.000,0.01,19.000,0.00,19.000,-0.01,19.000,0.00,19.000,-0.01,19.000,0.06,19.000,0.00,19.000,0.01,19.000,0.01,19.000,0.00,19.000,0.00,19.000,-0.02,19.000,-0.01,19.000,0.09,19.000,0.01,19.000,0.05,19.000,0.01,19.000,0.01,19.000,0.03,19.000,2.63,19.000,0.03,19.000,0.00,19.000,-0.04,19.000,5.01,19.000,-0.03,19.000,-0.01,19.000,0.01,19.000,0.00,19.000,0.04,19.000,0.01
19.050,-0.01,19.050,0.04,19.050,0.00,19.050,0.66,19.050,0.01,19.050,-0.01,19.050,0.00,19.050,-0.01,19.050,0.00,19.050,0.00,19.050,-0.01,19.050,0.01,19.050,-0.02,19.050,0.00,19.050,-0.01,19.050,-0.01,19.050,0.01,19.050,-0.01,19.050,0.01,19.050,0.05,19.050,0.00,19.050,-0.01,19.050,-0.02,19.050,0.01,19.050,0.04,19.050,0.01,19.050,0.01,19.050,0.00,19.050,0.04,19.050,0.04,19.050,0.68,19.050,0.05,19.050,0.02,19.050,0.01,19.050,-0.01,19.050,0.02,19.050,-0.02,19.050,-0.01,19.050,-0.01,19.050,-0.01,19.050,0.12,19.050,0.01,19.050,0.01,19.050,0.00,19.050,0.00,19.050,0.00,19.050,-0.02,19.050,-0.01,19.050,0.09,19.050,0.02,19.050,0.05,19.050,-0.03,19.050,0.01,19.050,0.05,19.050,0.09,19.050,0.02,19.050,0.00,19.050,-0.02,19.050,0.12,19.050,-0.03,19.050,0.01,19.050,0.00,19.050,0.00,19.050,0.08,19.050,0.07
19.100,5.55E-17,19.100,0.05,19.100,0.00,19.100,0.07,19.100,0.01,19.100,-0.01,19.100,-0.01,19.100,-0.02,19.100,0.00,19.100,-0.01,19.100,-0.01,19.100,0.02,19.100,-0.01,19.100,0.00,19.100,-0.01,19.100,-0.01,19.100,0.02,19.100,-0.01,19.100,0.00,19.100,0.06,19.100,0.00,19.100,-0.01,19.100,-0.01,19.100,0.01,19.100,0.05,19.100,0.01,19.100,0.00,19.100,0.00,19.100,-0.01,19.100,0.05,19.100,1.43,19.100,0.07,19.100,0.03,19.100,0.01,19.100,0.00,19.100,0.01,19.100,-0.01,19.100,-0.02,19.100,-0.01,19.100,-0.01,19.100,0.55,19.100,0.01,19.100,0.01,19.100,0.00,19.100,0.00,19.100,0.00,19.100,-0.01,19.100,-0.01,19.100,0.11,19.100,0.01,19.100,0.06,19.100,-0.04,19.100,0.01,19.100,0.09,19.100,0.02,19.100,0.02,19.100,0.00,19.100,-0.01,19.100,0.05,19.100,-0.02,19.100,0.02,19.100,0.01,19.100,0.00,19.100,0.21,19.100,-0.01
19.150,0.01,19.150,0.07,19.150,0.00,19.150,0.04,19.150,0.01,19.150,-0.02,19.150,-0.01,19.150,0.00,19.150,-0.01,19.150,0.00,19.150,-0.01,19.150,0.02,19.150,-0.03,19.150,0.00,19.150,-0.01,19.150,-0.01,19.150,0.01,19.150,0.01,19.150,0.01,19.150,0.07,19.150,0.01,19.150,-0.01,19.150,0.00,19.150,0.01,19.150,0.08,19.150,0.01,19.150,0.00,19.150,0.01,19.150,0.00,19.150,0.06,19.150,2.08,19.150,0.08,19.150,0.03,19.150,0.01,19.150,0.00,19.150,0.02,19.150,-0.01,19.150,-0.01,19.150,-0.01,19.150,0.00,19.150,1.75,19.150,0.03,19.150,0.01,19.150,0.00,19.150,0.00,19.150,0.01,19.150,-0.02,19.150,-0.01,19.150,0.11,19.150,0.00,19.150,0.08,19.150,-0.04,19.150,0.02,19.150,0.23,19.150,-0.01,19.150,0.03,19.150,0.01,19.150,0.00,19.150,-0.01,19.150,-0.01,19.150,0.10,19.150,0.03,19.150,0.00,19.150,3.84,19.150,0.01
19.200,0.01,19.200,0.10,19.200,-0.01,19.200,-0.01,19.200,0.01,19.200,-0.02,19.200,-0.03,19.200,-0.01,19.200,0.00,19.200,0.01,19.200,0.00,19.200,0.02,19.200,-0.02,19.200,0.01,19.200,-0.01,19.200,-0.02,19.200,0.01,19.200,0.02,19.200,0.00,19.200,0.09,19.200,0.01,19.200,-0.02,19.200,-0.01,19.200,0.00,19.200,0.18,19.200,0.00,19.200,-0.01,19.200,0.01,19.200,0.00,19.200,0.08,19.200,2.85,19.200,0.10,19.200,0.03,19.200,0.01,19.200,0.00,19.200,0.01,19.200,-0.02,19.200,-0.01,19.200,-0.01,19.200,0.01,19.200,2.46,19.200,0.03,19.200,0.02,19.200,0.01,19.200,0.00,19.200,0.01,19.200,-0.01,19.200,0.00,19.200,0.11,19.200,0.00,19.200,0.10,19.200,-0.03,19.200,0.03,19.200,0.58,19.200,0.00,19.200,0.04,19.200,0.00,19.200,0.01,19.200,-0.01,19.200,-0.01,19.200,2.79,19.200,0.05,19.200,0.00,19.200,3.36,19.200,0.00
19.250,0.01,19.250,0.27,19.250,0.03,19.250,-0.01,19.250,0.01,19.250,-0.01,19.250,0.07,19.250,-0.01,19.250,-0.01,19.250,0.01,19.250,0.00,19.250,0.02,19.250,-0.02,19.250,0.01,19.250,-0.01,19.250,-0.01,19.250,0.00,19.250,0.03,19.250,0.01,19.250,0.17,19.250,0.01,19.250,-0.02,19.250,-0.01,19.250,0.01,19.250,0.45,19.250,0.00,19.250,0.00,19.250,0.01,19.250,0.00,19.250,0.13,19.250,3.22,19.250,0.25,19.250,0.03,19.250,0.00,19.250,0.01,19.250,0.01,19.250,-0.01,19.250,-0.01,19.250,-0.01,19.250,-0.01,19.250,2.63,19.250,0.03,19.250,0.01,19.250,0.00,19.250,0.01,19.250,0.01,19.250,-0.01,19.250,-0.01,19.250,0.13,19.250,0.00,19.250,0.13,19.250,-0.04,19.250,0.03,19.250,0.74,19.250,0.02,19.250,0.05,19.250,0.01,19.250,0.03,19.250,-0.01,19.250,0.04,19.250,2.93,19.250,0.05,19.250,0.01,19.250,3.19,19.250,0.01
19.300,0.02,19.300,0.89,19.300,0.01,19.300,0.00,19.300,0.00,19.300,-0.02,19.300,0.04,19.300,-0.01,19.300,-0.01,19.300,0.01,19.300,0.00,19.300,0.02,19.300,-0.01,19.300,0.00,19.300,-0.02,19.300,-0.01,19.300,0.01,19.300,0.03,19.300,0.02,19.300,0.47,19.300,0.01,19.300,-0.02,19.300,-0.01,19.300,0.01,19.300,0.08,19.300,0.01,19.300,-0.01,19.300,0.01,19.300,0.00,19.300,0.45,19.300,1.02,19.300,0.51,19.300,0.03,19.300,0.00,19.300,0.01,19.300,0.01,19.300,-0.01,19.300,-0.01,19.300,-0.01,19.300,-0.01,19.300,2.81,19.300,0.04,19.300,0.01,19.300,-0.01,19.300,0.01,19.300,0.00,19.300,-0.02,19.300,-0.01,19.300,0.16,19.300,0.01,19.300,0.24,19.300,-0.03,19.300,0.03,19.300,0.73,19.300,0.02,19.300,0.06,19.300,0.00,19.300,-0.01,19.300,0.01,19.300,0.02,19.300,2.36,19.300,0.08,19.300,0.00,19.300,4.77,19.300,0.02
19.350,0.03,19.350,1.52,19.350,-0.01,19.350,0.00,19.350,-0.01,19.350,-0.02,19.350,-0.01,19.350,-0.02,19.350,-0.01,19.350,0.02,19.350,0.01,19.350,0.01,19.350,-0.01,19.350,0.01,19.350,0.00,19.350,0.00,19.350,0.01,19.350,0.04,19.350,0.03,19.350,0.09,19.350,0.01,19.350,-0.02,19.350,0.00,19.350,0.02,19.350,0.02,19.350,0.02,19.350,-0.01,19.350,0.01,19.350,0.00,19.350,0.11,19.350,0.07,19.350,0.78,19.350,0.04,19.350,0.01,19.350,0.01,19.350,0.01,19.350,-0.01,19.350,-0.01,19.350,-0.01,19.350,-0.02,19.350,3.17,19.350,0.05,19.350,0.02,19.350,-0.01,19.350,0.01,19.350,0.04,19.350,-0.02,19.350,0.00,19.350,0.25,19.350,0.00,19.350,0.76,19.350,-0.03,19.350,0.03,19.350,0.84,19.350,0.01,19.350,0.08,19.350,0.00,19.350,-0.01,19.350,-0.01,19.350,-0.02,19.350,2.65,19.350,0.25,19.350,0.01,19.350,4.75,19.350,0.03
19.400,0.03,19.400,2.03,19.400,0.00,19.400,-0.01,19.400,-0.01,19.400,-0.02,19.400,0.00,19.400,-0.02,19.400,-0.01,19.400,0.03,19.400,-0.01,19.400,0.00,19.400,-0.02,19.400,0.00,19.400,0.01,19.400,-0.02,19.400,0.01,19.400,0.06,19.400,0.03,19.400,0.04,19.400,0.01,19.400,-0.02,19.400,0.00,19.400,0.01,19.400,-0.02,19.400,0.02,19.400,-0.01,19.400,0.01,19.400,0.00,19.400,0.06,19.400,0.01,19.400,0.93,19.400,0.05,19.400,0.02,19.400,0.01,19.400,0.01,19.400,0.01,19.400,0.01,19.400,-0.01,19.400,-0.01,19.400,0.13,19.400,0.06,19.400,0.02,19.400,0.01,19.400,0.01,19.400,0.04,19.400,-0.02,19.400,0.00,19.400,0.47,19.400,0.01,19.400,1.28,19.400,-0.04,19.400,0.05,19.400,1.55,19.400,0.01,19.400,0.09,19.400,0.01,19.400,0.00,19.400,-0.01,19.400,-0.01,19.400,4.10,19.400,2.89,19.400,0.04,19.400,0.16,19.400,0.08
19.450,0.03,19.450,0.15,19.450,0.00,19.450,0.00,19.450,-0.01,19.450,-0.01,19.450,0.00,19.450,-0.02,19.450,-0.01,19.450,0.02,19.450,-0.01,19.450,0.00,19.450,-0.02,19.450,-0.01,19.450,0.00,19.450,-0.02,19.450,0.01,19.450,0.06,19.450,0.03,19.450,-0.02,19.450,0.00,19.450,-0.01,19.450,0.00,19.450,-0.01,19.450,-0.01,19.450,0.04,19.450,0.00,19.450,0.01,19.450,0.01,19.450,-0.01,19.450,0.00,19.450,1.05,19.450,0.06,19.450,0.00,19.450,0.00,19.450,0.01,19.450,0.00,19.450,0.00,19.450,0.00,19.450,0.00,19.450,0.03,19.450,0.08,19.450,0.03,19.450,0.01,19.450,0.01,19.450,0.00,19.450,-0.01,19.450,-0.01,19.450,0.84,19.450,0.01,19.450,1.21,19.450,-0.03,19.450,0.06,19.450,1.87,19.450,0.01,19.450,0.26,19.450,0.00,19.450,0.01,19.450,-0.01,19.450,0.00,19.450,4.39,19.450,3.20,19.450,0.02,19.450,0.05,19.450,1.15
19.500,0.04,19.500,0.06,19.500,0.00,19.500,-0.01,19.500,-0.01,19.500,-0.03,19.500,0.00,19.500,-0.01,19.500,0.00,19.500,0.01,19.500,-0.01,19.500,0.00,19.500,-0.03,19.500,0.00,19.500,0.01,19.500,-0.01,19.500,0.01,19.500,0.07,19.500,0.05,19.500,-0.01,19.500,0.00,19.500,-0.02,19.500,0.01,19.500,0.00,19.500,0.00,19.500,0.04,19.500,-0.01,19.500,0.01,19.500,0.00,19.500,0.00,19.500,0.00,19.500,1.17,19.500,0.07,19.500,0.00,19.500,0.00,19.500,0.01,19.500,-0.01,19.500,0.00,19.500,-0.01,19.500,-0.01,19.500,-0.03,19.500,0.09,19.500,0.02,19.500,0.00,19.500,0.02,19.500,-0.01,19.500,-0.01,19.500,-0.01,19.500,0.57,19.500,0.02,19.500,1.11,19.500,-0.04,19.500,0.07,19.500,2.36,19.500,0.02,19.500,1.84,19.500,0.01,19.500,0.01,19.500,0.00,19.500,0.00,19.500,4.16,19.500,2.85,19.500,0.04,19.500,-0.02,19.500,4.01
19.550,0.06,19.550,-0.02,19.550,0.01,19.550,-0.01,19.550,0.00,19.550,-0.01,19.550,0.00,19.550,-0.01,19.550,0.00,19.550,0.01,19.550,-0.01,19.550,0.00,19.550,-0.02,19.550,0.01,19.550,0.00,19.550,-0.01,19.550,0.00,19.550,0.06,19.550,0.05,19.550,-0.01,19.550,0.00,19.550,-0.02,19.550,-0.01,19.550,0.00,19.550,0.01,19.550,0.04,19.550,0.00,19.550,0.01,19.550,0.00,19.550,-0.01,19.550,-0.01,19.550,1.50,19.550,0.10,19.550,-0.01,19.550,0.00,19.550,0.00,19.550,-0.01,19.550,-0.01,19.550,-0.02,19.550,-0.01,19.550,-0.01,19.550,0.21,19.550,0.02,19.550,0.01,19.550,0.00,19.550,0.01,19.550,0.01,19.550,0.00,19.550,0.15,19.550,0.02,19.550,1.09,19.550,-0.04,19.550,0.08,19.550,2.58,19.550,0.01,19.550,2.10,19.550,0.00,19.550,0.02,19.550,0.00,19.550,0.00,19.550,4.83,19.550,2.81,19.550,-0.01,19.550,-0.02,19.550,3.26
19.600,0.10,19.600,0.00,19.600,0.01,19.600,-0.01,19.600,0.00,19.600,-0.02,19.600,0.00,19.600,-0.01,19.600,0.00,19.600,0.03,19.600,-0.01,19.600,0.01,19.600,-0.02,19.600,0.00,19.600,-0.01,19.600,0.00,19.600,0.01,19.600,0.08,19.600,0.06,19.600,-0.01,19.600,0.01,19.600,-0.02,19.600,-0.01,19.600,-0.01,19.600,0.00,19.600,0.04,19.600,-0.01,19.600,0.01,19.600,0.00,19.600,-0.01,19.600,0.00,19.600,1.88,19.600,0.15,19.600,0.00,19.600,0.01,19.600,0.01,19.600,-0.01,19.600,0.01,19.600,-0.02,19.600,-0.02,19.600,-0.02,19.600,0.56,19.600,0.03,19.600,0.01,19.600,0.00,19.600,0.01,19.600,0.00,19.600,0.01,19.600,0.08,19.600,0.01,19.600,1.07,19.600,-0.04,19.600,0.11,19.600,2.80,19.600,0.02,19.600,2.13,19.600,0.02,19.600,0.06,19.600,0.00,19.600,0.02,19.600,1.11,19.600,3.20,19.600,0.01,19.600,-0.02,19.600,3.08
19.650,0.17,19.650,0.01,19.650,0.00,19.650,0.00,19.650,0.01,19.650,-0.02,19.650,0.00,19.650,-0.01,19.650,0.01,19.650,0.02,19.650,-0.01,19.650,0.01,19.650,-0.01,19.650,0.00,19.650,0.00,19.650,0.00,19.650,0.01,19.650,0.08,19.650,0.08,19.650,-0.02,19.650,0.00,19.650,-0.02,19.650,-0.01,19.650,-0.01,19.650,0.00,19.650,0.05,19.650,-0.01,19.650,0.00,19.650,-0.01,19.650,-0.01,19.650,0.00,19.650,2.18,19.650,0.32,19.650,-0.01,19.650,0.00,19.650,0.01,19.650,-0.01,19.650,0.01,19.650,0.00,19.650,-0.01,19.650,-0.03,19.650,1.26,19.650,0.03,19.650,0.01,19.650,-0.01,19.650,0.03,19.650,0.00,19.650,0.00,19.650,0.02,19.650,0.01,19.650,1.06,19.650,-0.03,19.650,0.16,19.650,3.03,19.650,0.01,19.650,1.98,19.650,0.04,19.650,0.24,19.650,0.01,19.650,0.03,19.650,0.05,19.650,4.04,19.650,0.00,19.650,-0.02,19.650,4.56
19.700,0.45,19.700,0.00,19.700,0.00,19.700,-0.01,19.700,-0.01,19.700,-0.02,19.700,-0.01,19.700,-0.02,19.700,0.00,19.700,0.02,19.700,0.01,19.700,0.01,19.700,-0.02,19.700,0.00,19.700,0.00,19.700,0.01,19.700,0.00,19.700,0.12,19.700,0.11,19.700,0.00,19.700,-0.01,19.700,-0.02,19.700,-0.01,19.700,0.00,19.700,-0.01,19.700,0.05,19.700,-0.01,19.700,0.00,19.700,0.01,19.700,0.00,19.700,0.00,19.700,2.50,19.700,0.67,19.700,-0.01,19.700,0.01,19.700,0.00,19.700,0.00,19.700,0.01,19.700,-0.01,19.700,0.00,19.700,-0.02,19.700,2.18,19.700,0.02,19.700,0.00,19.700,-0.01,19.700,0.02,19.700,0.00,19.700,0.00,19.700,0.02,19.700,0.01,19.700,1.02,19.700,-0.04,19.700,0.33,19.700,3.30,19.700,0.01,19.700,2.34,19.700,0.06,19.700,3.88,19.700,-0.01,19.700,0.04,19.700,-0.01,19.700,4.13,19.700,0.02,19.700,-0.02,19.700,5.05
19.750,0.92,19.750,0.00,19.750,0.00,19.750,-0.01,19.750,-0.01,19.750,-0.01,19.750,0.01,19.750,-0.01,19.750,0.00,19.750,0.04,19.750,-0.01,19.750,0.01,19.750,-0.02,19.750,-0.01,19.750,0.00,19.750,0.01,19.750,0.00,19.750,0.17,19.750,0.27,19.750,0.00,19.750,-0.01,19.750,-0.01,19.750,-0.01,19.750,-0.02,19.750,0.00,19.750,0.10,19.750,0.00,19.750,0.00,19.750,0.01,19.750,0.00,19.750,-0.01,19.750,0.18,19.750,1.03,19.750,-0.01,19.750,0.01,19.750,0.01,19.750,-0.01,19.750,0.01,19.750,0.02,19.750,-0.01,19.750,-0.02,19.750,2.31,19.750,0.02,19.750,0.00,19.750,0.00,19.750,0.02,19.750,0.00,19.750,0.00,19.750,0.02,19.750,0.01,19.750,1.09,19.750,-0.02,19.750,0.70,19.750,3.41,19.750,0.01,19.750,2.81,19.750,0.00,19.750,3.84,19.750,-0.01,19.750,0.04,19.750,-0.03,19.750,4.69,19.750,0.03,19.750,-0.01,19.750,4.98
19.800,1.26,19.800,0.00,19.800,0.00,19.800,0.00,19.800,-0.01,19.800,-0.01,19.800,0.02,19.800,-0.01,19.800,0.01,19.800,0.04,19.800,-0.01,19.800,0.01,19.800,-0.02,19.800,0.00,19.800,0.00,19.800,0.01,19.800,0.00,19.800,0.23,19.800,0.37,19.800,-0.01,19.800,0.00,19.800,0.00,19.800,-0.01,19.800,0.02,19.800,0.00,19.800,0.35,19.800,-0.02,19.800,0.00,19.800,0.01,19.800,0.00,19.800,0.00,19.800,0.06,19.800,1.27,19.800,0.00,19.800,0.01,19.800,0.02,19.800,-0.02,19.800,0.01,19.800,0.02,19.800,-0.01,19.800,-0.02,19.800,0.74,19.800,0.02,19.800,0.00,19.800,0.00,19.800,0.01,19.800,0.01,19.800,0.00,19.800,0.02,19.800,0.02,19.800,1.25,19.800,-0.03,19.800,0.98,19.800,3.50,19.800,0.01,19.800,2.87,19.800,0.00,19.800,2.87,19.800,-0.01,19.800,0.07,19.800,-0.03,19.800,5.29,19.800,0.05,19.800,-0.02,19.800,4.93
19.850,1.46,19.850,-0.01,19.850,0.01,19.850,0.00,19.850,0.00,19.850,-0.01,19.850,0.02,19.850,-0.01,19.850,0.01,19.850,0.04,19.850,-0.01,19.850,0.01,19.850,-0.02,19.850,0.00,19.850,0.00,19.850,0.01,19.850,-0.01,19.850,0.31,19.850,0.07,19.850,-0.02,19.850,0.00,19.850,-0.01,19.850,0.00,19.850,-0.01,19.850,0.00,19.850,1.87,19.850,-0.02,19.850,0.00,19.850,0.01,19.850,0.00,19.850,-0.01,19.850,-0.01,19.850,1.44,19.850,0.00,19.850,0.00,19.850,0.00,19.850,-0.01,19.850,0.00,19.850,0.03,19.850,0.00,19.850,-0.02,19.850,0.04,19.850,0.03,19.850,0.00,19.850,0.00,19.850,0.01,19.850,0.00,19.850,-0.01,19.850,0.02,19.850,0.01,19.850,1.34,19.850,-0.03,19.850,1.14,19.850,3.94,19.850,0.00,19.850,3.18,19.850,0.02,19.850,3.55,19.850,-0.01,19.850,0.59,19.850,-0.03,19.850,5.07,19.850,0.12,19.850,-0.02,19.850,5.00
19.900,1.64,19.900,0.01,19.900,0.00,19.900,-0.01,19.900,0.00,19.900,-0.01,19.900,0.02,19.900,-0.02,19.900,0.02,19.900,0.05,19.900,-0.01,19.900,0.00,19.900,-0.03,19.900,-0.01,19.900,-0.01,19.900,0.02,19.900,0.00,19.900,0.49,19.900,-0.02,19.900,-0.02,19.900,0.01,19.900,-0.01,19.900,0.00,19.900,0.00,19.900,0.00,19.900,2.71,19.900,-0.01,19.900,0.01,19.900,0.00,19.900,0.01,19.900,-0.01,19.900,-0.01,19.900,1.28,19.900,-0.01,19.900,0.00,19.900,0.03,19.900,-0.01,19.900,0.00,19.900,0.04,19.900,0.00,19.900,-0.02,19.900,0.00,19.900,0.01,19.900,0.00,19.900,0.00,19.900,0.01,19.900,0.00,19.900,-0.01,19.900,0.02,19.900,0.01,19.900,1.38,19.900,-0.03,19.900,1.24,19.900,4.01,19.900,0.00,19.900,3.86,19.900,0.04,19.900,5.00,19.900,0.00,19.900,4.37,19.900,-0.03,19.900,5.14,19.900,2.88,19.900,-0.01,19.900,4.86
19.950,1.85,19.950,0.01,19.950,-0.01,19.950,-0.01,19.950,0.00,19.950,0.00,19.950,0.05,19.950,-0.02,19.950,0.02,19.950,0.06,19.950,-0.01,19.950,0.01,19.950,-0.01,19.950,0.00,19.950,0.00,19.950,0.02,19.950,0.00,19.950,0.92,19.950,0.00,19.950,-0.02,19.950,0.00,19.950,-0.01,19.950,0.00,19.950,0.01,19.950,0.01,19.950,2.88,19.950,-0.02,19.950,0.01,19.950,0.00,19.950,0.01,19.950,-0.01,19.950,-0.01,19.950,0.19,19.950,-0.01,19.950,-0.01,19.950,-0.01,19.950,0.00,19.950,0.01,19.950,0.07,19.950,-0.01,19.950,-0.02,19.950,-0.03,19.950,0.02,19.950,-0.01,19.950,0.01,19.950,0.00,19.950,0.00,19.950,0.00,19.950,0.02,19.950,0.01,19.950,1.38,19.950,-0.02,19.950,1.25,19.950,0.04,19.950,0.01,19.950,4.53,19.950,0.06,19.950,0.12,19.950,0.00,19.950,3.79,19.950,-0.03,19.950,5.36,19.950,4.02,19.950,-0.01,19.950,5.12
20.000,2.02,20.000,2.78E-17,20.000,0.00,20.000,-0.01,20.000,0.01,20.000,0.01,20.000,0.06,20.000,-0.01,20.000,0.03,20.000,0.09,20.000,-0.01,20.000,0.00,20.000,-0.02,20.000,0.01,20.000,0.01,20.000,0.02,20.000,0.00,20.000,1.31,20.000,0.00,20.000,-0.01,20.000,0.00,20.000,0.00,20.000,-0.01,20.000,0.00,20.000,0.00,20.000,3.05,20.000,-0.01,20.000,0.01,20.000,0.00,20.000,0.02,20.000,-0.01,20.000,-0.01,20.000,0.05,20.000,0.00,20.000,0.01,20.000,0.00,20.000,0.00,20.000,0.01,20.000,0.18,20.000,-0.01,20.000,-0.01,20.000,-0.02,20.000,0.02,20.000,-0.01,20.000,0.02,20.000,0.01,20.000,0.00,20.000,-0.01,20.000,0.02,20.000,0.01,20.000,1.41,20.000,-0.02,20.000,1.46,20.000,0.01,20.000,0.00,20.000,4.36,20.000,0.35,20.000,0.05,20.000,0.06,20.000,2.62,20.000,-0.03,20.000,0.23,20.000,3.20,20.000,-0.01,20.000,3.89
20.050,2.16,20.050,0.00,20.050,0.00,20.050,-0.01,20.050,0.01,20.050,0.01,20.050,0.07,20.050,-0.02,20.050,0.02,20.050,0.19,20.050,-0.01,20.050,0.01,20.050,-0.01,20.050,0.00,20.050,0.01,20.050,0.04,20.050,0.00,20.050,0.25,20.050,0.00,20.050,-0.01,20.050,0.01,20.050,-0.01,20.050,-0.01,20.050,0.00,20.050,0.00,20.050,1.39,20.050,-0.01,20.050,0.01,20.050,0.00,20.050,0.01,20.050,0.00,20.050,-0.01,20.050,0.00,20.050,-0.01,20.050,0.01,20.050,0.01,20.050,-0.01,20.050,0.00,20.050,0.73,20.050,-0.01,20.050,-0.01,20.050,-0.01,20.050,0.01,20.050,0.00,20.050,0.03,20.050,0.02,20.050,0.00,20.050,-0.01,20.050,0.02,20.050,0.01,20.050,1.54,20.050,-0.02,20.050,1.73,20.050,-0.04,20.050,0.02,20.050,4.30,20.050,3.92,20.050,-0.01,20.050,0.02,20.050,3.72,20.050,-0.03,20.050,0.06,20.050,3.80,20.050,0.00,20.050,0.08
20.100,2.32,20.100,0.01,20.100,0.00,20.100,-0.01,20.100,0.01,20.100,0.00,20.100,0.17,20.100,-0.02,20.100,0.02,20.100,0.42,20.100,-0.01,20.100,0.00,20.100,-0.01,20.100,0.00,20.100,0.01,20.100,0.05,20.100,0.01,20.100,0.06,20.100,0.01,20.100,-0.01,20.100,0.00,20.100,-0.01,20.100,-0.01,20.100,0.00,20.100,0.00,20.100,0.07,20.100,0.00,20.100,0.01,20.100,0.01,20.100,0.02,20.100,-0.01,20.100,-0.01,20.100,0.00,20.100,0.00,20.100,0.01,20.100,0.01,20.100,0.00,20.100,0.00,20.100,0.06,20.100,-0.01,20.100,-0.01,20.100,-0.01,20.100,0.02,20.100,0.01,20.100,0.02,20.100,0.03,20.100,0.01,20.100,-0.01,20.100,0.02,20.100,0.00,20.100,1.80,20.100,-0.01,20.100,1.70,20.100,-0.03,20.100,0.01,20.100,4.43,20.100,3.07,20.100,-0.01,20.100,0.00,20.100,4.69,20.100,-0.02,20.100,-0.01,20.100,5.14,20.100,0.00,20.100,0.02
20.150,2.45,20.150,0.01,20.150,0.01,20.150,-0.01,20.150,0.01,20.150,0.00,20.150,0.83,20.150,-0.02,20.150,0.02,20.150,0.07,20.150,0.00,20.150,0.02,20.150,-0.01,20.150,-0.01,20.150,0.04,20.150,0.06,20.150,0.01,20.150,0.01,20.150,0.01,20.150,-0.01,20.150,0.00,20.150,-0.02,20.150,-0.01,20.150,-0.01,20.150,-0.01,20.150,-0.01,20.150,0.00,20.150,0.02,20.150,0.01,20.150,0.00,20.150,-0.01,20.150,0.00,20.150,0.00,20.150,0.00,20.150,0.01,20.150,0.01,20.150,0.00,20.150,0.00,20.150,0.01,20.150,0.00,20.150,-0.01,20.150,-0.01,20.150,0.01,20.150,0.01,20.150,0.03,20.150,0.04,20.150,0.03,20.150,0.00,20.150,0.02,20.150,0.01,20.150,0.14,20.150,-0.01,20.150,1.69,20.150,-0.02,20.150,0.01,20.150,4.39,20.150,2.80,20.150,-0.01,20.150,-0.03,20.150,4.75,20.150,-0.02,20.150,-0.01,20.150,5.27,20.150,0.00,20.150,-0.02
20.200,2.57,20.200,0.02,20.200,0.00,20.200,-0.01,20.200,0.00,20.200,0.01,20.200,2.00,20.200,-0.02,20.200,0.03,20.200,0.04,20.200,-0.01,20.200,0.03,20.200,-0.01,20.200,-0.01,20.200,0.04,20.200,0.07,20.200,0.00,20.200,0.01,20.200,0.01,20.200,0.00,20.200,0.00,20.200,-0.01,20.200,-0.01,20.200,0.00,20.200,-0.01,20.200,-0.02,20.200,0.00,20.200,0.02,20.200,0.01,20.200,0.00,20.200,-0.01,20.200,-0.01,20.200,0.01,20.200,-0.01,20.200,0.01,20.200,0.01,20.200,-0.01,20.200,0.01,20.200,-0.03,20.200,0.00,20.200,-0.02,20.200,-0.02,20.200,0.01,20.200,0.00,20.200,0.05,20.200,0.04,20.200,0.02,20.200,0.00,20.200,0.01,20.200,0.00,20.200,0.06,20.200,0.01,20.200,1.68,20.200,-0.02,20.200,0.05,20.200,4.46,20.200,3.32,20.200,-0.01,20.200,0.00,20.200,5.14,20.200,-0.02,20.200,-0.02,20.200,2.56,20.200,-0.01,20.200,-0.02
20.250,2.62,20.250,0.02,20.250,0.01,20.250,-0.02,20.250,-0.01,20.250,0.00,20.250,1.09,20.250,-0.03,20.250,0.04,20.250,-0.01,20.250,-0.01,20.250,0.01,20.250,-0.02,20.250,0.00,20.250,0.03,20.250,0.14,20.250,0.00,20.250,0.01,20.250,0.00,20.250,-0.02,20.250,0.00,20.250,-0.01,20.250,-0.01,20.250,0.01,20.250,0.00,20.250,-0.01,20.250,0.00,20.250,0.01,20.250,0.01,20.250,0.00,20.250,-0.01,20.250,0.01,20.250,-0.01,20.250,0.00,20.250,0.01,20.250,0.00,20.250,-0.02,20.250,0.00,20.250,-0.02,20.250,0.00,20.250,-0.02,20.250,-0.01,20.250,0.01,20.250,0.01,20.250,0.05,20.250,0.04,20.250,-0.01,20.250,0.00,20.250,0.03,20.250,0.00,20.250,-0.02,20.250,-0.01,20.250,1.74,20.250,-0.04,20.250,0.05,20.250,0.07,20.250,4.38,20.250,-0.01,20.250,0.01,20.250,5.33,20.250,-0.03,20.250,0.01,20.250,0.06,20.250,0.00,20.250,-0.03
20.300,2.73,20.300,0.02,20.300,0.00,20.300,-0.01,20.300,0.00,20.300,0.01,20.300,0.07,20.300,-0.03,20.300,0.04,20.300,-0.01,20.300,-0.01,20.300,-0.01,20.300,-0.01,20.300,-0.01,20.300,0.04,20.300,0.45,20.300,-0.02,20.300,0.01,20.300,0.00,20.300,-0.01,20.300,0.00,20.300,0.02,20.300,-0.01,20.300,0.01,20.300,0.00,20.300,-0.01,20.300,-0.03,20.300,0.01,20.300,0.01,20.300,0.00,20.300,-0.01,20.300,-0.01,20.300,0.00,20.300,-0.01,20.300,0.01,20.300,0.01,20.300,0.00,20.300,0.00,20.300,-0.01,20.300,0.00,20.300,-0.01,20.300,-0.01,20.300,0.01,20.300,0.00,20.300,0.05,20.300,0.05,20.300,0.00,20.300,0.00,20.300,0.02,20.300,0.00,20.300,-0.02,20.300,-0.01,20.300,1.78,20.300,-0.03,20.300,0.00,20.300,0.03,20.300,4.70,20.300,-0.01,20.300,0.00,20.300,4.83,20.300,-0.03,20.300,-0.01,20.300,0.02,20.300,0.06,20.300,0.00
20.350,2.87,20.350,0.01,20.350,0.01,20.350,0.00,20.350,-0.01,20.350,0.01,20.350,0.03,20.350,-0.01,20.350,0.05,20.350,-0.01,20.350,-0.02,20.350,0.00,20.350,-0.01,20.350,0.00,20.350,0.06,20.350,1.20,20.350,0.03,20.350,0.01,20.350,-0.01,20.350,-0.01,20.350,-0.01,20.350,0.00,20.350,-0.01,20.350,0.01,20.350,-0.01,20.350,-0.01,20.350,0.04,20.350,0.01,20.350,0.02,20.350,0.01,20.350,0.00,20.350,0.00,20.350,-0.01,20.350,0.00,20.350,0.01,20.350,0.01,20.350,-0.01,20.350,0.01,20.350,-0.02,20.350,0.01,20.350,-0.02,20.350,0.00,20.350,0.02,20.350,-0.01,20.350,0.05,20.350,0.06,20.350,0.00,20.350,0.00,20.350,0.02,20.350,0.01,20.350,-0.01,20.350,-0.02,20.350,1.89,20.350,-0.04,20.350,-0.01,20.350,0.00,20.350,4.83,20.350,-0.02,20.350,0.02,20.350,0.08,20.350,-0.03,20.350,0.00,20.350,-0.02,20.350,0.02,20.350,-0.01
20.400,0.05,20.400,0.01,20.400,0.01,20.400,-0.01,20.400,0.00,20.400,0.00,20.400,-0.02,20.400,-0.02,20.400,0.07,20.400,0.01,20.400,-0.01,20.400,0.01,20.400,-0.01,20.400,-0.02,20.400,0.07,20.400,1.68,20.400,0.02,20.400,0.01,20.400,0.01,20.400,0.01,20.400,0.00,20.400,-0.02,20.400,-0.01,20.400,0.03,20.400,-0.01,20.400,-0.02,20.400,0.02,20.400,0.01,20.400,0.01,20.400,0.00,20.400,0.00,20.400,-0.01,20.400,0.00,20.400,0.00,20.400,0.00,20.400,0.01,20.400,-0.01,20.400,0.01,20.400,-0.02,20.400,0.01,20.400,0.00,20.400,0.00,20.400,0.05,20.400,0.00,20.400,0.06,20.400,0.07,20.400,0.01,20.400,0.00,20.400,0.02,20.400,-0.01,20.400,-0.01,20.400,-0.02,20.400,1.96,20.400,-0.03,20.400,0.01,20.400,0.00,20.400,0.07,20.400,-0.01,20.400,0.03,20.400,0.03,20.400,-0.02,20.400,0.00,20.400,-0.01,20.400,-0.01,20.400,-0.01
20.450,0.01,20.450,2.78E-17,20.450,0.01,20.450,-0.02,20.450,-0.01,20.450,-0.01,20.450,-0.01,20.450,-0.02,20.450,0.11,20.450,0.01,20.450,0.00,20.450,0.01,20.450,-0.02,20.450,-0.01,20.450,0.13,20.450,2.08,20.450,0.00,20.450,0.00,20.450,0.00,20.450,0.00,20.450,-0.01,20.450,-0.01,20.450,-0.01,20.450,0.04,20.450,0.01,20.450,-0.01,20.450,-0.02,20.450,0.01,20.450,0.01,20.450,0.01,20.450,0.00,20.450,0.00,20.450,0.00,20.450,-0.02,20.450,0.01,20.450,0.01,20.450,-0.01,20.450,-0.01,20.450,-0.01,20.450,0.02,20.450,-0.01,20.450,-0.01,20.450,0.04,20.450,-0.02,20.450,0.07,20.450,0.09,20.450,0.01,20.450,0.00,20.450,0.02,20.450,0.00,20.450,-0.01,20.450,-0.02,20.450,1.97,20.450,-0.04,20.450,0.02,20.450,-0.01,20.450,0.02,20.450,-0.02,20.450,0.05,20.450,-0.03,20.450,-0.04,20.450,0.00,20.450,-0.01,20.450,-0.02,20.450,-0.01
20.500,-0.02,20.500,0.01,20.500,0.00,20.500,-0.01,20.500,0.00,20.500,0.01,20.500,0.00,20.500,-0.02,20.500,0.26,20.500,0.00,20.500,0.01,20.500,0.00,20.500,-0.02,20.500,-0.02,20.500,0.36,20.500,2.40,20.500,0.00,20.500,0.00,20.500,0.00,20.500,0.00,20.500,-0.01,20.500,-0.01,20.500,0.00,20.500,0.04,20.500,0.00,20.500,-0.02,20.500,-0.01,20.500,0.01,20.500,0.02,20.500,0.02,20.500,0.00,20.500,0.00,20.500,0.01,20.500,-0.01,20.500,0.00,20.500,0.00,20.500,-0.01,20.500,0.01,20.500,-0.01,20.500,0.01,20.500,-0.01,20.500,0.00,20.500,0.01,20.500,-0.01,20.500,0.08,20.500,0.13,20.500,0.00,20.500,0.01,20.500,0.02,20.500,0.00,20.500,-0.01,20.500,-0.02,20.500,1.67,20.500,-0.03,20.500,0.00,20.500,0.00,20.500,-0.01,20.500,-0.01,20.500,0.10,20.500,-0.02,20.500,-0.03,20.500,0.01,20.500,-0.01,20.500,-0.01,20.500,-0.01
20.550,-0.01,20.550,0.01,20.550,0.01,20.550,-0.03,20.550,0.01,20.550,0.00,20.550,-0.01,20.550,-0.03,20.550,0.65,20.550,0.00,20.550,0.02,20.550,0.01,20.550,-0.01,20.550,-0.01,20.550,0.15,20.550,2.68,20.550,0.01,20.550,0.00,20.550,0.00,20.550,0.00,20.550,0.00,20.550,-0.01,20.550,-0.01,20.550,0.05,20.550,0.00,20.550,-0.02,20.550,-0.01,20.550,0.00,20.550,0.02,20.550,0.01,20.550,-0.01,20.550,0.00,20.550,0.01,20.550,-0.02,20.550,-0.01,20.550,0.01,20.550,-0.01,20.550,0.00,20.550,-0.01,20.550,0.01,20.550,-0.02,20.550,-0.01,20.550,0.01,20.550,-0.02,20.550,0.09,20.550,0.22,20.550,0.00,20.550,0.00,20.550,0.02,20.550,0.00,20.550,-0.01,20.550,-0.02,20.550,1.62,20.550,-0.02,20.550,0.00,20.550,0.00,20.550,0.00,20.550,-0.01,20.550,0.96,20.550,-0.02,20.550,-0.03,20.550,0.01,20.550,-0.01,20.550,0.00,20.550,0.00
20.600,0.00,20.600,0.00,20.600,0.01,20.600,-0.01,20.600,-0.01,20.600,-0.01,20.600,0.00,20.600,-0.02,20.600,0.06,20.600,-0.01,20.600,0.02,20.600,0.01,20.600,-0.02,20.600,-0.01,20.600,0.05,20.600,2.92,20.600,0.01,20.600,0.01,20.600,-0.01,20.600,-0.01,20.600,0.00,20.600,-0.01,20.600,0.00,20.600,0.05,20.600,0.00,20.600,-0.02,20.600,0.00,20.600,0.01,20.600,0.01,20.600,0.01,20.600,0.00,20.600,0.00,20.600,0.01,20.600,-0.01,20.600,0.01,20.600,0.01,20.600,-0.01,20.600,-0.01,20.600,-0.01,20.600,0.01,20.600,-0.01,20.600,-0.01,20.600,0.01,20.600,0.00,20.600,0.09,20.600,0.60,20.600,0.00,20.600,0.00,20.600,0.02,20.600,0.02,20.600,-0.01,20.600,-0.02,20.600,1.64,20.600,-0.03,20.600,0.01,20.600,0.00,20.600,-0.01,20.600,0.00,20.600,3.24,20.600,-0.02,20.600,-0.03,20.600,0.01,20.600,-0.01,20.600,0.01,20.600,-0.01
20.650,0.00,20.650,0.00,20.650,0.01,20.650,-0.01,20.650,0.00,20.650,0.01,20.650,-0.01,20.650,-0.02,20.650,0.01,20.650,0.00,20.650,0.03,20.650,0.01,20.650,0.00,20.650,0.00,20.650,-0.01,20.650,0.09,20.650,0.01,20.650,0.01,20.650,-0.01,20.650,-0.01,20.650,-0.01,20.650,-0.01,20.650,0.00,20.650,0.06,20.650,0.00,20.650,-0.02,20.650,0.01,20.650,0.01,20.650,0.01,20.650,0.02,20.650,0.00,20.650,-0.01,20.650,0.00,20.650,-0.01,20.650,0.00,20.650,0.01,20.650,-0.01,20.650,0.00,20.650,-0.01,20.650,0.00,20.650,-0.01,20.650,-0.01,20.650,0.00,20.650,0.00,20.650,0.10,20.650,1.25,20.650,0.01,20.650,0.00,20.650,0.03,20.650,0.02,20.650,0.00,20.650,-0.02,20.650,1.51,20.650,-0.02,20.650,0.02,20.650,-0.01,20.650,-0.01,20.650,0.00,20.650,2.22,20.650,-0.01,20.650,-0.03,20.650,0.01,20.650,-0.01,20.650,0.00,20.650,-0.02
20.700,0.00,20.700,0.00,20.700,-0.01,20.700,-0.02,20.700,0.00,20.700,0.03,20.700,0.00,20.700,-0.02,20.700,-0.03,20.700,0.00,20.700,0.05,20.700,0.01,20.700,0.00,20.700,0.00,20.700,-0.01,20.700,0.05,20.700,0.00,20.700,0.00,20.700,0.00,20.700,0.00,20.700,-0.01,20.700,-0.01,20.700,0.01,20.700,0.08,20.700,0.00,20.700,-0.02,20.700,0.00,20.700,0.02,20.700,0.01,20.700,0.01,20.700,0.00,20.700,0.00,20.700,0.01,20.700,-0.01,20.700,-0.01,20.700,0.01,20.700,-0.01,20.700,0.00,20.700,-0.02,20.700,0.00,20.700,-0.01,20.700,-0.02,20.700,0.01,20.700,0.00,20.700,0.12,20.700,1.54,20.700,0.00,20.700,0.01,20.700,0.02,20.700,0.02,20.700,-0.01,20.700,0.00,20.700,1.39,20.700,-0.02,20.700,0.03,20.700,0.01,20.700,0.00,20.700,0.00,20.700,1.28,20.700,-0.02,20.700,-0.03,20.700,0.01,20.700,0.00,20.700,0.00,20.700,0.00
20.750,0.00,20.750,2.78E-17,20.750,0.00,20.750,-0.02,20.750,-0.01,20.750,0.02,20.750,-0.01,20.750,-0.02,20.750,-0.01,20.750,0.02,20.750,0.07,20.750,0.00,20.750,0.00,20.750,0.01,20.750,0.00,20.750,-0.01,20.750,0.01,20.750,0.00,20.750,0.00,20.750,0.00,20.750,0.00,20.750,-0.02,20.750,-0.01,20.750,0.09,20.750,-0.01,20.750,-0.01,20.750,0.00,20.750,0.01,20.750,0.01,20.750,0.01,20.750,0.00,20.750,0.01,20.750,0.01,20.750,0.00,20.750,-0.01,20.750,0.01,20.750,-0.01,20.750,0.01,20.750,-0.01,20.750,0.01,20.750,-0.01,20.750,0.00,20.750,0.01,20.750,0.01,20.750,0.14,20.750,1.64,20.750,0.02,20.750,0.00,20.750,0.02,20.750,0.01,20.750,0.00,20.750,0.02,20.750,1.06,20.750,-0.02,20.750,0.03,20.750,0.00,20.750,0.00,20.750,-0.01,20.750,2.84,20.750,-0.01,20.750,-0.03,20.750,0.00,20.750,0.00,20.750,0.01,20.750,0.00
20.800,-0.01,20.800,0.01,20.800,0.00,20.800,-0.01,20.800,-0.01,20.800,0.03,20.800,-0.02,20.800,-0.01,20.800,-0.01,20.800,0.00,20.800,0.18,20.800,0.02,20.800,0.03,20.800,0.00,20.800,0.01,20.800,0.00,20.800,0.01,20.800,0.01,20.800,-0.01,20.800,-0.01,20.800,-0.01,20.800,0.01,20.800,0.00,20.800,0.13,20.800,-0.01,20.800,-0.01,20.800,0.02,20.800,0.01,20.800,0.01,20.800,0.01,20.800,0.01,20.800,-0.01,20.800,0.01,20.800,0.00,20.800,-0.02,20.800,0.02,20.800,-0.01,20.800,0.01,20.800,-0.01,20.800,0.01,20.800,-0.01,20.800,-0.01,20.800,0.01,20.800,0.00,20.800,0.19,20.800,1.78,20.800,0.02,20.800,0.00,20.800,0.02,20.800,0.02,20.800,-0.01,20.800,0.02,20.800,0.15,20.800,-0.02,20.800,0.04,20.800,0.00,20.800,0.00,20.800,0.01,20.800,4.19,20.800,-0.01,20.800,0.05,20.800,-0.01,20.800,0.00,20.800,0.04,20.800,0.00
20.850,-0.01,20.850,0.01,20.850,-0.01,20.850,-0.01,20.850,0.00,20.850,0.03,20.850,-0.01,20.850,0.00,20.850,-0.01,20.850,0.01,20.850,0.67,20.850,0.03,20.850,0.04,20.850,0.00,20.850,0.00,20.850,-0.01,20.850,0.01,20.850,0.00,20.850,0.00,20.850,0.00,20.850,0.06,20.850,0.02,20.850,-0.01,20.850,0.32,20.850,0.00,20.850,-0.01,20.850,0.02,20.850,0.02,20.850,0.01,20.850,0.01,20.850,0.00,20.850,-0.01,20.850,0.01,20.850,-0.01,20.850,-0.01,20.850,0.03,20.850,-0.01,20.850,0.00,20.850,-0.02,20.850,0.01,20.850,-0.01,20.850,-0.01,20.850,0.02,20.850,0.01,20.850,0.29,20.850,2.14,20.850,0.02,20.850,-0.01,20.850,0.02,20.850,0.02,20.850,-0.01,20.850,0.02,20.850,0.11,20.850,-0.02,20.850,0.07,20.850,0.00,20.850,0.00,20.850,0.05,20.850,4.12,20.850,-0.01,20.850,-0.01,20.850,0.01,20.850,0.00,20.850,0.06,20.850,0.01
20.900,0.00,20.900,0.01,20.900,0.00,20.900,-0.02,20.900,-0.01,20.900,0.04,20.900,0.00,20.900,0.01,20.900,-0.01,20.900,0.01,20.900,1.75,20.900,0.04,20.900,0.06,20.900,0.00,20.900,0.00,20.900,0.01,20.900,0.02,20.900,-0.01,20.900,-0.01,20.900,-0.01,20.900,0.02,20.900,0.02,20.900,0.00,20.900,0.85,20.900,0.00,20.900,-0.02,20.900,0.03,20.900,0.02,20.900,0.01,20.900,0.01,20.900,0.00,20.900,0.00,20.900,0.01,20.900,-0.01,20.900,-0.01,20.900,0.03,20.900,-0.01,20.900,0.01,20.900,-0.01,20.900,0.01,20.900,-0.01,20.900,-0.01,20.900,0.02,20.900,0.01,20.900,0.49,20.900,2.47,20.900,0.02,20.900,-0.01,20.900,0.03,20.900,0.01,20.900,-0.01,20.900,0.02,20.900,0.10,20.900,-0.02,20.900,0.09,20.900,0.01,20.900,-0.01,20.900,0.02,20.900,3.95,20.900,-0.01,20.900,-0.01,20.900,-0.01,20.900,0.00,20.900,1.01,20.900,0.09
20.950,0.00,20.950,0.02,20.950,0.00,20.950,-0.02,20.950,-0.01,20.950,0.05,20.950,0.00,20.950,0.00,20.950,0.00,20.950,0.01,20.950,2.05,20.950,0.04,20.950,0.10,20.950,0.00,20.950,0.00,20.950,0.00,20.950,0.02,20.950,0.00,20.950,-0.01,20.950,-0.01,20.950,-0.02,20.950,0.03,20.950,0.00,20.950,0.22,20.950,0.01,20.950,-0.02,20.950,0.03,20.950,0.02,20.950,0.01,20.950,0.02,20.950,-0.01,20.950,-0.01,20.950,0.00,20.950,0.01,20.950,0.00,20.950,0.04,20.950,-0.02,20.950,0.01,20.950,0.00,20.950,0.00,20.950,0.00,20.950,-0.01,20.950,0.02,20.950,0.02,20.950,0.40,20.950,2.77,20.950,0.02,20.950,-0.01,20.950,0.02,20.950,0.02,20.950,-0.01,20.950,0.02,20.950,0.09,20.950,-0.02,20.950,0.12,20.950,0.01,20.950,-0.01,20.950,0.07,20.950,4.24,20.950,-0.02,20.950,-0.04,20.950,0.01,20.950,0.00,20.950,4.92,20.950,0.00
21.000,0.00,21.000,0.01,21.000,0.00,21.000,-0.01,21.000,0.00,21.000,0.06,21.000,-0.01,21.000,0.02,21.000,-0.01,21.000,0.02,21.000,2.51,21.000,0.05,21.000,0.29,21.000,0.01,21.000,0.00,21.000,-0.02,21.000,0.03,21.000,-0.01,21.000,-0.01,21.000,-0.01,21.000,-0.01,21.000,0.03,21.000,-0.01,21.000,0.05,21.000,0.00,21.000,-0.02,21.000,0.03,21.000,0.01,21.000,0.02,21.000,0.00,21.000,0.01,21.000,-0.01,21.000,0.01,21.000,0.00,21.000,0.00,21.000,0.04,21.000,-0.01,21.000,0.00,21.000,-0.01,21.000,0.01,21.000,-0.01,21.000,-0.01,21.000,0.03,21.000,0.03,21.000,0.20,21.000,2.96,21.000,0.02,21.000,-0.01,21.000,0.02,21.000,0.02,21.000,-0.02,21.000,0.03,21.000,0.09,21.000,-0.02,21.000,0.26,21.000,0.02,21.000,-0.01,21.000,-0.03,21.000,4.55,21.000,-0.02,21.000,-0.02,21.000,0.11,21.000,0.00,21.000,3.88,21.000,0.03
21.050,0.01,21.050,0.01,21.050,0.00,21.050,0.00,21.050,0.00,21.050,0.08,21.050,0.00,21.050,0.03,21.050,-0.01,21.050,0.01,21.050,2.85,21.050,0.06,21.050,1.00,21.050,0.02,21.050,0.00,21.050,-0.01,21.050,0.03,21.050,-0.01,21.050,-0.01,21.050,-0.01,21.050,0.00,21.050,0.04,21.050,0.00,21.050,0.01,21.050,0.00,21.050,-0.02,21.050,0.03,21.050,0.03,21.050,0.01,21.050,0.01,21.050,0.00,21.050,-0.01,21.050,0.01,21.050,0.00,21.050,0.00,21.050,0.05,21.050,-0.01,21.050,0.00,21.050,0.00,21.050,0.00,21.050,-0.01,21.050,-0.02,21.050,0.02,21.050,0.02,21.050,0.06,21.050,1.30,21.050,0.02,21.050,-0.01,21.050,0.02,21.050,0.01,21.050,-0.01,21.050,0.05,21.050,0.10,21.050,-0.01,21.050,1.15,21.050,0.01,21.050,0.00,21.050,0.02,21.050,4.55,21.050,-0.01,21.050,-0.01,21.050,0.03,21.050,-0.01,21.050,3.35,21.050,-0.01
21.100,0.00,21.100,0.01,21.100,-0.01,21.100,-0.01,21.100,0.01,21.100,0.12,21.100,-0.01,21.100,0.03,21.100,-0.01,21.100,0.01,21.100,1.83,21.100,0.09,21.100,0.69,21.100,0.01,21.100,0.01,21.100,-0.02,21.100,0.04,21.100,-0.01,21.100,0.00,21.100,0.00,21.100,0.00,21.100,0.04,21.100,0.00,21.100,-0.01,21.100,0.01,21.100,-0.02,21.100,0.05,21.100,0.02,21.100,0.01,21.100,0.01,21.100,-0.01,21.100,-0.02,21.100,0.01,21.100,-0.01,21.100,0.00,21.100,0.05,21.100,-0.01,21.100,0.00,21.100,-0.02,21.100,0.01,21.100,-0.02,21.100,-0.01,21.100,0.04,21.100,0.04,21.100,0.04,21.100,0.07,21.100,0.02,21.100,0.01,21.100,0.02,21.100,0.02,21.100,-0.01,21.100,0.06,21.100,0.12,21.100,-0.02,21.100,1.88,21.100,0.01,21.100,-0.01,21.100,0.02,21.100,4.61,21.100,-0.02,21.100,0.00,21.100,0.03,21.100,0.00,21.100,4.48,21.100,0.01
21.150,0.01,21.150,0.00,21.150,0.00,21.150,-0.01,21.150,0.02,21.150,0.22,21.150,-0.01,21.150,0.03,21.150,-0.01,21.150,0.02,21.150,0.08,21.150,0.12,21.150,0.04,21.150,0.03,21.150,-0.01,21.150,-0.02,21.150,0.05,21.150,0.00,21.150,0.00,21.150,0.00,21.150,0.01,21.150,0.06,21.150,0.00,21.150,0.01,21.150,0.00,21.150,-0.02,21.150,0.05,21.150,0.01,21.150,0.01,21.150,0.00,21.150,0.00,21.150,-0.01,21.150,0.02,21.150,-0.01,21.150,-0.01,21.150,0.10,21.150,-0.01,21.150,0.01,21.150,-0.01,21.150,0.01,21.150,-0.02,21.150,-0.01,21.150,0.05,21.150,0.04,21.150,-0.01,21.150,0.01,21.150,0.02,21.150,-0.01,21.150,0.02,21.150,0.01,21.150,-0.01,21.150,0.11,21.150,0.27,21.150,-0.02,21.150,1.75,21.150,0.01,21.150,0.00,21.150,0.02,21.150,4.88,21.150,-0.03,21.150,0.02,21.150,-0.01,21.150,-0.01,21.150,4.96,21.150,0.00
21.200,0.00,21.200,2.78E-17,21.200,0.00,21.200,0.00,21.200,0.02,21.200,0.37,21.200,-0.02,21.200,0.04,21.200,-0.01,21.200,0.01,21.200,0.03,21.200,0.38,21.200,0.02,21.200,0.03,21.200,0.00,21.200,-0.01,21.200,0.07,21.200,0.00,21.200,0.00,21.200,0.00,21.200,0.01,21.200,0.08,21.200,-0.01,21.200,-0.01,21.200,0.00,21.200,-0.02,21.200,0.07,21.200,0.02,21.200,0.01,21.200,0.01,21.200,0.00,21.200,-0.01,21.200,0.01,21.200,-0.01,21.200,0.00,21.200,0.16,21.200,-0.01,21.200,0.01,21.200,-0.01,21.200,0.01,21.200,-0.02,21.200,-0.02,21.200,0.05,21.200,0.04,21.200,0.01,21.200,-0.01,21.200,0.02,21.200,0.01,21.200,0.02,21.200,0.02,21.200,-0.01,21.200,0.46,21.200,0.70,21.200,-0.02,21.200,1.80,21.200,0.00,21.200,0.00,21.200,0.01,21.200,5.13,21.200,-0.02,21.200,0.11,21.200,0.02,21.200,0.09,21.200,4.61,21.200,0.01
21.250,0.01,21.250,2.78E-17,21.250,-0.01,21.250,0.00,21.250,0.03,21.250,0.79,21.250,0.00,21.250,0.04,21.250,-0.01,21.250,0.02,21.250,-0.02,21.250,1.14,21.250,-0.03,21.250,0.04,21.250,0.01,21.250,-0.01,21.250,0.09,21.250,0.00,21.250,-0.01,21.250,0.00,21.250,0.01,21.250,0.15,21.250,-0.01,21.250,0.00,21.250,0.01,21.250,-0.01,21.250,0.13,21.250,0.02,21.250,0.01,21.250,0.00,21.250,-0.01,21.250,-0.01,21.250,0.01,21.250,-0.01,21.250,0.00,21.250,0.58,21.250,-0.02,21.250,0.01,21.250,-0.01,21.250,0.01,21.250,-0.01,21.250,-0.02,21.250,0.05,21.250,0.04,21.250,0.01,21.250,0.00,21.250,0.02,21.250,0.00,21.250,0.03,21.250,0.01,21.250,-0.01,21.250,1.37,21.250,0.11,21.250,-0.01,21.250,2.62,21.250,0.01,21.250,-0.01,21.250,0.02,21.250,0.44,21.250,-0.02,21.250,3.62,21.250,0.02,21.250,0.01,21.250,0.11,21.250,0.01
21.300,5.55E-17,21.300,0.01,21.300,0.00,21.300,0.00,21.300,0.02,21.300,1.20,21.300,0.00,21.300,0.04,21.300,0.00,21.300,0.01,21.300,-0.02,21.300,1.76,21.300,-0.02,21.300,0.06,21.300,0.01,21.300,-0.01,21.300,0.15,21.300,-0.01,21.300,-0.01,21.300,0.00,21.300,0.01,21.300,0.68,21.300,0.00,21.300,0.00,21.300,0.01,21.300,-0.01,21.300,0.49,21.300,0.02,21.300,0.01,21.300,-0.01,21.300,0.00,21.300,0.00,21.300,0.01,21.300,-0.01,21.300,0.00,21.300,1.58,21.300,-0.01,21.300,0.00,21.300,-0.01,21.300,0.01,21.300,0.00,21.300,-0.01,21.300,0.05,21.300,0.05,21.300,0.00,21.300,0.00,21.300,0.03,21.300,0.00,21.300,0.02,21.300,0.02,21.300,0.00,21.300,1.96,21.300,0.05,21.300,0.02,21.300,3.05,21.300,0.02,21.300,0.00,21.300,0.04,21.300,0.07,21.300,-0.02,21.300,3.79,21.300,0.03,21.300,0.03,21.300,0.05,21.300,0.01
21.350,5.55E-17,21.350,0.01,21.350,-0.01,21.350,-0.01,21.350,0.02,21.350,1.43,21.350,0.00,21.350,0.05,21.350,-0.01,21.350,0.02,21.350,-0.01,21.350,0.96,21.350,-0.02,21.350,0.16,21.350,0.01,21.350,-0.01,21.350,0.27,21.350,-0.01,21.350,-0.01,21.350,0.00,21.350,0.00,21.350,1.72,21.350,0.00,21.350,0.01,21.350,0.00,21.350,-0.02,21.350,2.35,21.350,0.01,21.350,0.00,21.350,0.01,21.350,0.00,21.350,-0.02,21.350,0.02,21.350,-0.01,21.350,-0.01,21.350,2.21,21.350,-0.02,21.350,0.01,21.350,0.00,21.350,0.01,21.350,-0.01,21.350,-0.01,21.350,0.06,21.350,0.06,21.350,0.00,21.350,0.00,21.350,0.02,21.350,0.00,21.350,0.02,21.350,0.02,21.350,0.01,21.350,1.99,21.350,-0.01,21.350,0.03,21.350,3.18,21.350,0.01,21.350,0.03,21.350,0.09,21.350,0.00,21.350,0.01,21.350,2.94,21.350,0.03,21.350,-0.02,21.350,0.00,21.350,0.03
21.400,0.01,21.400,0.00,21.400,-0.01,21.400,-0.01,21.400,0.03,21.400,1.71,21.400,-0.01,21.400,0.07,21.400,-0.01,21.400,0.01,21.400,-0.01,21.400,0.06,21.400,-0.02,21.400,0.60,21.400,0.00,21.400,0.01,21.400,0.61,21.400,0.00,21.400,0.00,21.400,0.00,21.400,0.00,21.400,2.52,21.400,0.00,21.400,0.01,21.400,0.01,21.400,-0.03,21.400,0.22,21.400,0.03,21.400,0.00,21.400,0.01,21.400,0.01,21.400,-0.02,21.400,0.01,21.400,-0.01,21.400,-0.01,21.400,2.55,21.400,-0.01,21.400,0.02,21.400,0.01,21.400,0.01,21.400,0.00,21.400,-0.01,21.400,0.06,21.400,0.06,21.400,0.00,21.400,0.01,21.400,0.02,21.400,0.00,21.400,0.02,21.400,0.01,21.400,0.02,21.400,0.11,21.400,-0.01,21.400,-0.03,21.400,3.26,21.400,0.00,21.400,0.03,21.400,1.85,21.400,0.00,21.400,-0.01,21.400,2.92,21.400,0.02,21.400,0.00,21.400,-0.02,21.400,0.05
21.450,0.01,21.450,0.02,21.450,0.00,21.450,0.00,21.450,0.03,21.450,2.07,21.450,-0.01,21.450,0.11,21.450,-0.01,21.450,0.00,21.450,0.00,21.450,0.00,21.450,-0.03,21.450,0.06,21.450,-0.01,21.450,0.00,21.450,1.22,21.450,0.00,21.450,0.01,21.450,0.00,21.450,0.00,21.450,0.22,21.450,0.00,21.450,-0.01,21.450,0.00,21.450,-0.02,21.450,0.05,21.450,0.02,21.450,0.01,21.450,0.01,21.450,0.08,21.450,-0.01,21.450,0.00,21.450,-0.01,21.450,-0.01,21.450,2.69,21.450,-0.01,21.450,0.02,21.450,0.00,21.450,0.01,21.450,-0.01,21.450,-0.02,21.450,0.06,21.450,0.06,21.450,0.00,21.450,0.00,21.450,0.02,21.450,0.01,21.450,0.02,21.450,0.02,21.450,0.01,21.450,0.04,21.450,0.00,21.450,-0.02,21.450,3.59,21.450,0.00,21.450,-0.01,21.450,3.84,21.450,-0.01,21.450,-0.02,21.450,4.18,21.450,0.02,21.450,0.02,21.450,-0.01,21.450,0.44
21.500,-0.01,21.500,0.02,21.500,-0.01,21.500,-0.02,21.500,0.04,21.500,2.35,21.500,-0.01,21.500,0.18,21.500,0.00,21.500,0.01,21.500,-0.01,21.500,-0.02,21.500,-0.02,21.500,-0.02,21.500,0.00,21.500,0.00,21.500,1.94,21.500,-0.01,21.500,-0.01,21.500,0.00,21.500,-0.01,21.500,0.06,21.500,0.01,21.500,0.00,21.500,0.00,21.500,-0.01,21.500,-0.03,21.500,0.01,21.500,0.01,21.500,0.01,21.500,0.03,21.500,-0.01,21.500,0.00,21.500,-0.01,21.500,0.00,21.500,2.80,21.500,-0.01,21.500,0.01,21.500,-0.01,21.500,0.01,21.500,-0.01,21.500,-0.01,21.500,0.07,21.500,0.07,21.500,0.01,21.500,0.00,21.500,0.03,21.500,0.00,21.500,0.02,21.500,0.01,21.500,0.01,21.500,-0.04,21.500,0.00,21.500,-0.02,21.500,3.62,21.500,0.00,21.500,0.00,21.500,3.09,21.500,0.02,21.500,-0.02,21.500,5.03,21.500,0.02,21.500,0.02,21.500,0.00,21.500,5.13
21.550,-0.01,21.550,0.01,21.550,-0.01,21.550,-0.01,21.550,0.04,21.550,2.45,21.550,-0.01,21.550,0.54,21.550,0.00,21.550,0.01,21.550,-0.01,21.550,-0.01,21.550,-0.03,21.550,-0.02,21.550,0.00,21.550,0.01,21.550,2.29,21.550,0.00,21.550,-0.01,21.550,0.01,21.550,0.01,21.550,-0.02,21.550,0.00,21.550,-0.01,21.550,0.00,21.550,-0.01,21.550,-0.01,21.550,0.02,21.550,0.01,21.550,0.00,21.550,0.00,21.550,-0.02,21.550,0.00,21.550,0.00,21.550,-0.01,21.550,2.98,21.550,-0.01,21.550,0.01,21.550,0.00,21.550,0.01,21.550,0.00,21.550,-0.01,21.550,0.06,21.550,0.08,21.550,0.00,21.550,0.00,21.550,0.04,21.550,0.01,21.550,0.02,21.550,0.02,21.550,0.01,21.550,-0.03,21.550,0.00,21.550,-0.01,21.550,3.77,21.550,0.06,21.550,0.00,21.550,2.76,21.550,0.00,21.550,-0.01,21.550,5.31,21.550,0.02,21.550,0.04,21.550,-0.01,21.550,4.15
21.600,-0.01,21.600,0.01,21.600,0.00,21.600,-0.02,21.600,0.04,21.600,2.55,21.600,-0.01,21.600,1.17,21.600,0.00,21.600,0.02,21.600,-0.02,21.600,-0.01,21.600,-0.04,21.600,-0.01,21.600,0.01,21.600,0.01,21.600,0.38,21.600,-0.01,21.600,-0.01,21.600,0.01,21.600,0.02,21.600,-0.01,21.600,0.01,21.600,-0.01,21.600,0.01,21.600,0.00,21.600,0.00,21.600,0.01,21.600,0.01,21.600,0.00,21.600,-0.01,21.600,-0.02,21.600,0.00,21.600,0.00,21.600,0.01,21.600,2.96,21.600,-0.01,21.600,0.01,21.600,-0.01,21.600,0.02,21.600,-0.01,21.600,0.00,21.600,0.07,21.600,0.11,21.600,0.01,21.600,-0.01,21.600,0.03,21.600,0.01,21.600,0.02,21.600,0.02,21.600,0.01,21.600,-0.03,21.600,-0.01,21.600,-0.01,21.600,3.88,21.600,0.03,21.600,0.00,21.600,4.19,21.600,-0.01,21.600,0.00,21.600,0.34,21.600,0.02,21.600,0.06,21.600,0.00,21.600,2.99
21.650,0.01,21.650,0.02,21.650,0.00,21.650,-0.01,21.650,0.05,21.650,2.76,21.650,0.00,21.650,0.09,21.650,0.01,21.650,0.01,21.650,-0.01,21.650,0.01,21.650,-0.02,21.650,-0.02,21.650,0.00,21.650,0.00,21.650,0.05,21.650,0.00,21.650,0.00,21.650,0.03,21.650,0.02,21.650,-0.02,21.650,-0.02,21.650,0.00,21.650,0.01,21.650,-0.01,21.650,-0.01,21.650,0.01,21.650,0.02,21.650,0.00,21.650,0.01,21.650,-0.01,21.650,0.01,21.650,0.00,21.650,-0.01,21.650,2.85,21.650,-0.02,21.650,0.00,21.650,-0.01,21.650,0.01,21.650,-0.01,21.650,-0.01,21.650,0.07,21.650,0.16,21.650,0.01,21.650,0.00,21.650,0.04,21.650,0.00,21.650,0.02,21.650,0.01,21.650,0.02,21.650,-0.03,21.650,0.01,21.650,-0.01,21.650,4.07,21.650,0.03,21.650,0.01,21.650,4.13,21.650,0.00,21.650,0.02,21.650,0.05,21.650,0.01,21.650,0.33,21.650,-0.01,21.650,3.57
21.700,0.01,21.700,0.01,21.700,-0.01,21.700,0.00,21.700,0.06,21.700,0.95,21.700,0.00,21.700,0.04,21.700,-0.01,21.700,0.02,21.700,-0.01,21.700,0.00,21.700,-0.03,21.700,-0.02,21.700,-0.01,21.700,0.01,21.700,0.00,21.700,0.00,21.700,-0.01,21.700,0.03,21.700,0.02,21.700,-0.01,21.700,0.00,21.700,0.01,21.700,0.02,21.700,0.01,21.700,-0.01,21.700,0.01,21.700,0.01,21.700,0.00,21.700,0.00,21.700,0.00,21.700,0.01,21.700,0.00,21.700,-0.01,21.700,0.11,21.700,-0.03,21.700,-0.01,21.700,-0.01,21.700,0.01,21.700,-0.01,21.700,-0.02,21.700,0.09,21.700,0.25,21.700,0.00,21.700,-0.01,21.700,0.04,21.700,-0.01,21.700,0.03,21.700,0.01,21.700,0.01,21.700,-0.03,21.700,-0.01,21.700,0.01,21.700,4.12,21.700,-0.01,21.700,0.02,21.700,0.08,21.700,-0.01,21.700,0.03,21.700,-0.03,21.700,0.02,21.700,3.43,21.700,0.00,21.700,5.36
21.750,-0.01,21.750,0.01,21.750,-0.01,21.750,0.01,21.750,0.08,21.750,0.07,21.750,-0.02,21.750,-0.01,21.750,-0.01,21.750,0.02,21.750,-0.02,21.750,-0.01,21.750,-0.03,21.750,-0.02,21.750,0.00,21.750,0.01,21.750,0.00,21.750,-0.01,21.750,0.01,21.750,0.04,21.750,0.04,21.750,0.00,21.750,0.01,21.750,0.01,21.750,0.04,21.750,0.03,21.750,-0.01,21.750,0.02,21.750,0.01,21.750,0.01,21.750,0.00,21.750,0.00,21.750,0.00,21.750,0.00,21.750,-0.02,21.750,0.06,21.750,-0.02,21.750,-0.01,21.750,-0.01,21.750,0.01,21.750,-0.01,21.750,-0.01,21.750,0.09,21.750,0.39,21.750,0.01,21.750,0.00,21.750,0.04,21.750,0.00,21.750,0.02,21.750,0.01,21.750,0.02,21.750,-0.03,21.750,0.00,21.750,0.01,21.750,4.16,21.750,0.01,21.750,0.05,21.750,0.04,21.750,0.00,21.750,0.03,21.750,-0.02,21.750,0.02,21.750,3.14,21.750,-0.01,21.750,5.18
21.800,0.00,21.800,0.02,21.800,-0.01,21.800,0.03,21.800,0.16,21.800,-0.01,21.800,0.03,21.800,-0.01,21.800,-0.01,21.800,0.01,21.800,-0.01,21.800,-0.01,21.800,-0.03,21.800,-0.03,21.800,0.00,21.800,0.01,21.800,0.00,21.800,-0.01,21.800,0.00,21.800,0.02,21.800,0.03,21.800,-0.01,21.800,0.00,21.800,0.00,21.800,0.05,21.800,0.00,21.800,-0.01,21.800,0.02,21.800,0.01,21.800,0.00,21.800,0.01,21.800,-0.01,21.800,0.00,21.800,0.00,21.800,0.00,21.800,-0.01,21.800,-0.02,21.800,0.00,21.800,-0.01,21.800,0.02,21.800,0.00,21.800,0.00,21.800,0.11,21.800,0.66,21.800,0.01,21.800,0.01,21.800,0.04,21.800,0.00,21.800,0.02,21.800,0.01,21.800,0.01,21.800,-0.02,21.800,0.00,21.800,0.03,21.800,4.28,21.800,0.00,21.800,0.14,21.800,-0.01,21.800,-0.01,21.800,0.03,21.800,-0.03,21.800,0.03,21.800,2.90,21.800,0.00,21.800,2.74
21.850,0.01,21.850,0.03,21.850,-0.02,21.850,0.04,21.850,0.38,21.850,-0.02,21.850,0.02,21.850,-0.01,21.850,-0.01,21.850,0.00,21.850,-0.01,21.850,0.00,21.850,-0.02,21.850,-0.02,21.850,-0.01,21.850,0.00,21.850,0.00,21.850,-0.01,21.850,0.00,21.850,0.04,21.850,0.04,21.850,0.00,21.850,0.01,21.850,0.00,21.850,0.06,21.850,-0.01,21.850,-0.01,21.850,0.02,21.850,0.01,21.850,0.00,21.850,0.01,21.850,-0.01,21.850,0.01,21.850,0.00,21.850,0.00,21.850,-0.01,21.850,-0.02,21.850,-0.01,21.850,0.00,21.850,0.01,21.850,0.00,21.850,-0.01,21.850,0.11,21.850,0.79,21.850,0.01,21.850,-0.01,21.850,0.04,21.850,0.00,21.850,0.02,21.850,0.01,21.850,0.01,21.850,-0.02,21.850,-0.01,21.850,0.04,21.850,4.29,21.850,0.01,21.850,4.04,21.850,-0.01,21.850,0.00,21.850,0.09,21.850,-0.02,21.850,0.03,21.850,4.60,21.850,0.00,21.850,0.08
21.900,0.01,21.900,0.04,21.900,-0.02,21.900,0.05,21.900,0.06,21.900,-0.02,21.900,-0.01,21.900,-0.01,21.900,0.00,21.900,0.01,21.900,-0.01,21.900,0.00,21.900,-0.03,21.900,-0.02,21.900,0.00,21.900,0.01,21.900,-0.01,21.900,0.00,21.900,-0.01,21.900,0.04,21.900,0.05,21.900,-0.01,21.900,0.00,21.900,0.00,21.900,0.09,21.900,0.00,21.900,-0.01,21.900,0.01,21.900,0.02,21.900,0.01,21.900,0.01,21.900,-0.01,21.900,0.01,21.900,0.00,21.900,0.00,21.900,-0.01,21.900,-0.02,21.900,0.00,21.900,-0.01,21.900,0.02,21.900,0.06,21.900,-0.01,21.900,0.13,21.900,0.17,21.900,0.01,21.900,0.01,21.900,0.04,21.900,-0.01,21.900,0.02,21.900,0.01,21.900,0.02,21.900,-0.01,21.900,0.00,21.900,0.07,21.900,4.44,21.900,0.02,21.900,4.02,21.900,-0.01,21.900,0.00,21.900,0.48,21.900,-0.03,21.900,0.04,21.900,1.01,21.900,0.00,21.900,0.03
21.950,0.01,21.950,0.04,21.950,-0.02,21.950,0.06,21.950,0.01,21.950,-0.01,21.950,0.00,21.950,0.00,21.950,-0.01,21.950,0.00,21.950,-0.01,21.950,0.00,21.950,-0.02,21.950,-0.02,21.950,0.00,21.950,0.00,21.950,-0.01,21.950,0.00,21.950,-0.01,21.950,0.06,21.950,0.07,21.950,-0.01,21.950,-0.01,21.950,0.00,21.950,0.26,21.950,0.00,21.950,-0.01,21.950,0.02,21.950,0.02,21.950,0.01,21.950,0.00,21.950,-0.01,21.950,0.01,21.950,0.00,21.950,0.00,21.950,0.01,21.950,-0.02,21.950,-0.01,21.950,0.00,21.950,0.01,21.950,0.01,21.950,-0.01,21.950,0.17,21.950,0.05,21.950,0.02,21.950,0.01,21.950,0.04,21.950,0.00,21.950,0.02,21.950,0.02,21.950,0.02,21.950,-0.01,21.950,-0.01,21.950,0.32,21.950,4.47,21.950,0.02,21.950,2.64,21.950,-0.01,21.950,-0.02,21.950,2.84,21.950,-0.03,21.950,0.06,21.950,0.07,21.950,0.00,21.950,-0.01
22.000,0.01,22.000,0.05,22.000,-0.01,22.000,0.10,22.000,-0.01,22.000,-0.01,22.000,-0.01,22.000,-0.01,22.000,-0.01,22.000,0.00,22.000,-0.01,22.000,0.00,22.000,-0.03,22.000,-0.02,22.000,-0.01,22.000,0.01,22.000,0.00,22.000,0.01,22.000,-0.01,22.000,0.13,22.000,0.08,22.000,-0.01,22.000,0.00,22.000,0.00,22.000,0.34,22.000,0.00,22.000,0.00,22.000,0.02,22.000,0.02,22.000,0.01,22.000,0.00,22.000,-0.01,22.000,0.01,22.000,-0.01,22.000,0.00,22.000,0.00,22.000,-0.03,22.000,-0.01,22.000,-0.01,22.000,0.00,22.000,0.00,22.000,-0.02,22.000,0.28,22.000,-0.01,22.000,0.02,22.000,0.01,22.000,0.05,22.000,0.00,22.000,0.04,22.000,0.01,22.000,0.03,22.000,-0.02,22.000,0.00,22.000,1.27,22.000,4.53,22.000,0.02,22.000,2.96,22.000,-0.01,22.000,-0.01,22.000,2.37,22.000,-0.03,22.000,0.08,22.000,0.01,22.000,0.00,22.000,0.00
22.050,0.01,22.050,0.06,22.050,-0.01,22.050,0.15,22.050,-0.02,22.050,-0.01,22.050,-0.01,22.050,-0.01,22.050,-0.01,22.050,0.01,22.050,0.00,22.050,0.00,22.050,-0.02,22.050,-0.02,22.050,0.00,22.050,0.00,22.050,-0.01,22.050,-0.01,22.050,-0.02,22.050,0.41,22.050,0.12,22.050,-0.01,22.050,0.00,22.050,0.00,22.050,0.06,22.050,0.00,22.050,-0.01,22.050,0.02,22.050,0.04,22.050,0.01,22.050,0.01,22.050,-0.01,22.050,0.01,22.050,-0.01,22.050,-0.01,22.050,0.00,22.050,-0.03,22.050,0.00,22.050,0.00,22.050,0.02,22.050,-0.04,22.050,-0.01,22.050,0.45,22.050,-0.01,22.050,0.02,22.050,0.01,22.050,0.06,22.050,-0.01,22.050,0.03,22.050,0.01,22.050,0.03,22.050,-0.01,22.050,0.00,22.050,1.40,22.050,4.53,22.050,0.03,22.050,4.43,22.050,0.00,22.050,-0.01,22.050,1.77,22.050,-0.02,22.050,0.11,22.050,-0.02,22.050,0.00,22.050,0.00
22.100,0.00,22.100,0.06,22.100,0.00,22.100,0.29,22.100,-0.02,22.100,-0.01,22.100,0.00,22.100,0.00,22.100,-0.01,22.100,0.01,22.100,-0.02,22.100,0.00,22.100,-0.02,22.100,-0.03,22.100,-0.01,22.100,0.00,22.100,-0.01,22.100,-0.01,22.100,-0.01,22.100,0.11,22.100,0.32,22.100,-0.01,22.100,0.00,22.100,0.01,22.100,0.00,22.100,0.00,22.100,0.00,22.100,0.02,22.100,0.03,22.100,0.01,22.100,0.02,22.100,-0.01,22.100,0.02,22.100,-0.01,22.100,0.00,22.100,-0.01,22.100,-0.02,22.100,0.00,22.100,-0.01,22.100,0.01,22.100,-0.01,22.100,-0.02,22.100,0.63,22.100,0.01,22.100,0.02,22.100,0.01,22.100,0.06,22.100,0.00,22.100,0.03,22.100,0.01,22.100,0.02,22.100,-0.04,22.100,0.00,22.100,1.14,22.100,4.64,22.100,0.05,22.100,5.05,22.100,0.00,22.100,0.00,22.100,2.42,22.100,-0.03,22.100,0.17,22.100,-0.01,22.100,0.01,22.100,0.00
22.150,5.55E-17,22.150,0.10,22.150,-0.01,22.150,0.62,22.150,-0.02,22.150,-0.02,22.150,-0.01,22.150,0.00,22.150,-0.01,22.150,0.02,22.150,-0.02,22.150,0.00,22.150,-0.02,22.150,-0.02,22.150,-0.02,22.150,0.00,22.150,0.00,22.150,-0.01,22.150,0.00,22.150,0.04,22.150,1.07,22.150,-0.01,22.150,-0.01,22.150,0.00,22.150,-0.01,22.150,0.00,22.150,0.00,22.150,0.02,22.150,0.04,22.150,0.01,22.150,0.02,22.150,0.00,22.150,0.00,22.150,-0.01,22.150,0.00,22.150,0.00,22.150,-0.02,22.150,0.00,22.150,0.00,22.150,0.01,22.150,0.00,22.150,-0.02,22.150,0.71,22.150,0.01,22.150,0.01,22.150,0.00,22.150,0.08,22.150,0.00,22.150,0.02,22.150,0.01,22.150,0.04,22.150,-0.03,22.150,-0.01,22.150,1.08,22.150,0.13,22.150,0.06,22.150,0.66,22.150,0.01,22.150,0.00,22.150,3.54,22.150,-0.04,22.150,0.71,22.150,-0.01,22.150,0.02,22.150,0.00
22.200,0.01,22.200,0.26,22.200,0.00,22.200,0.19,22.200,-0.02,22.200,-0.01,22.200,-0.01,22.200,0.00,22.200,0.00,22.200,0.02,22.200,-0.02,22.200,0.00,22.200,-0.02,22.200,-0.02,22.200,-0.01,22.200,0.00,22.200,0.00,22.200,-0.01,22.200,0.00,22.200,-0.02,22.200,1.73,22.200,0.00,22.200,0.01,22.200,0.01,22.200,-0.01,22.200,0.00,22.200,0.00,22.200,0.03,22.200,0.05,22.200,0.00,22.200,0.03,22.200,0.00,22.200,-0.01,22.200,0.00,22.200,0.00,22.200,0.01,22.200,-0.01,22.200,0.01,22.200,0.00,22.200,0.02,22.200,-0.01,22.200,-0.01,22.200,0.83,22.200,0.00,22.200,0.02,22.200,0.01,22.200,0.11,22.200,-0.01,22.200,0.02,22.200,0.01,22.200,0.04,22.200,-0.02,22.200,-0.01,22.200,1.11,22.200,0.06,22.200,0.09,22.200,0.06,22.200,0.01,22.200,0.01,22.200,4.38,22.200,-0.04,22.200,2.40,22.200,0.00,22.200,0.00,22.200,0.00
22.250,-0.01,22.250,0.96,22.250,0.00,22.250,0.03,22.250,-0.02,22.250,-0.02,22.250,-0.01,22.250,0.00,22.250,0.00,22.250,0.02,22.250,-0.01,22.250,0.00,22.250,-0.03,22.250,-0.02,22.250,0.00,22.250,0.01,22.250,-0.01,22.250,-0.01,22.250,0.01,22.250,-0.01,22.250,2.38,22.250,0.00,22.250,0.01,22.250,0.01,22.250,-0.01,22.250,0.01,22.250,0.00,22.250,0.03,22.250,0.07,22.250,0.00,22.250,0.04,22.250,0.00,22.250,0.01,22.250,0.01,22.250,0.01,22.250,-0.01,22.250,-0.02,22.250,0.00,22.250,-0.01,22.250,0.01,22.250,0.00,22.250,-0.02,22.250,1.04,22.250,0.00,22.250,0.01,22.250,0.00,22.250,0.15,22.250,-0.01,22.250,0.01,22.250,0.02,22.250,0.04,22.250,-0.02,22.250,-0.01,22.250,1.32,22.250,-0.01,22.250,0.12,22.250,-0.01,22.250,0.01,22.250,0.03,22.250,4.50,22.250,-0.04,22.250,2.07,22.250,-0.01,22.250,-0.02,22.250,-0.01
22.300,-0.02,22.300,1.51,22.300,0.00,22.300,-0.03,22.300,-0.02,22.300,-0.01,22.300,-0.01,22.300,0.00,22.300,-0.01,22.300,0.04,22.300,-0.01,22.300,0.00,22.300,-0.02,22.300,-0.01,22.300,-0.01,22.300,0.00,22.300,0.00,22.300,-0.01,22.300,0.01,22.300,-0.02,22.300,2.86,22.300,-0.01,22.300,0.00,22.300,0.00,22.300,-0.01,22.300,0.00,22.300,0.00,22.300,0.05,22.300,0.11,22.300,0.01,22.300,0.03,22.300,0.00,22.300,0.00,22.300,0.01,22.300,0.00,22.300,0.00,22.300,-0.02,22.300,-0.01,22.300,-0.01,22.300,0.01,22.300,0.00,22.300,-0.01,22.300,1.23,22.300,-0.01,22.300,0.01,22.300,0.00,22.300,0.28,22.300,-0.01,22.300,0.02,22.300,0.03,22.300,0.06,22.300,-0.03,22.300,-0.01,22.300,1.64,22.300,-0.01,22.300,0.30,22.300,-0.02,22.300,0.01,22.300,0.04,22.300,4.91,22.300,-0.04,22.300,2.60,22.300,-0.01,22.300,0.00,22.300,0.00
22.350,-0.02,22.350,1.80,22.350,0.00,22.350,-0.02,22.350,-0.02,22.350,-0.01,22.350,-0.01,22.350,0.01,22.350,0.00,22.350,0.03,22.350,-0.01,22.350,0.00,22.350,-0.02,22.350,-0.01,22.350,-0.01,22.350,0.00,22.350,0.01,22.350,-0.01,22.350,0.01,22.350,-0.02,22.350,3.27,22.350,-0.01,22.350,-0.01,22.350,0.00,22.350,-0.01,22.350,0.01,22.350,-0.01,22.350,0.04,22.350,0.34,22.350,0.01,22.350,0.04,22.350,0.00,22.350,0.00,22.350,0.02,22.350,0.01,22.350,-0.01,22.350,-0.01,22.350,-0.01,22.350,-0.01,22.350,0.02,22.350,0.00,22.350,-0.02,22.350,0.76,22.350,0.00,22.350,0.01,22.350,0.00,22.350,0.50,22.350,-0.01,22.350,0.02,22.350,0.03,22.350,0.06,22.350,-0.03,22.350,-0.01,22.350,2.17,22.350,0.00,22.350,1.29,22.350,-0.01,22.350,0.01,22.350,-0.01,22.350,5.32,22.350,-0.03,22.350,3.50,22.350,-0.01,22.350,0.00,22.350,-0.01
22.400,-0.01,22.400,2.17,22.400,0.00,22.400,-0.02,22.400,-0.01,22.400,-0.02,22.400,0.00,22.400,0.00,22.400,-0.01,22.400,0.05,22.400,0.00,22.400,0.00,22.400,-0.03,22.400,-0.01,22.400,0.01,22.400,0.03,22.400,0.00,22.400,-0.01,22.400,0.01,22.400,-0.01,22.400,0.50,22.400,-0.01,22.400,0.00,22.400,0.00,22.400,-0.01,22.400,0.02,22.400,-0.01,22.400,0.04,22.400,0.42,22.400,0.01,22.400,0.04,22.400,0.00,22.400,0.00,22.400,0.01,22.400,0.02,22.400,-0.01,22.400,-0.01,22.400,0.00,22.400,-0.01,22.400,0.01,22.400,0.00,22.400,-0.02,22.400,0.11,22.400,0.01,22.400,0.01,22.400,0.01,22.400,0.77,22.400,-0.01,22.400,0.02,22.400,0.03,22.400,0.08,22.400,-0.02,22.400,0.00,22.400,2.81,22.400,0.00,22.400,1.43,22.400,-0.01,22.400,0.02,22.400,0.00,22.400,4.80,22.400,-0.04,22.400,4.03,22.400,-0.01,22.400,0.01,22.400,-0.02
22.450,5.55E-17,22.450,0.10,22.450,-0.01,22.450,-0.02,22.450,-0.01,22.450,-0.02,22.450,0.02,22.450,0.00,22.450,-0.01,22.450,0.06,22.450,-0.01,22.450,0.00,22.450,-0.02,22.450,-0.01,22.450,-0.01,22.450,0.02,22.450,0.00,22.450,-0.02,22.450,0.02,22.450,-0.02,22.450,0.07,22.450,0.00,22.450,0.00,22.450,0.00,22.450,-0.01,22.450,0.03,22.450,-0.01,22.450,0.05,22.450,0.05,22.450,0.01,22.450,0.05,22.450,-0.01,22.450,0.01,22.450,0.01,22.450,0.02,22.450,0.01,22.450,-0.01,22.450,0.01,22.450,0.00,22.450,0.01,22.450,-0.01,22.450,-0.02,22.450,0.06,22.450,0.00,22.450,0.01,22.450,0.01,22.450,1.15,22.450,-0.01,22.450,0.03,22.450,0.03,22.450,0.09,22.450,-0.03,22.450,0.01,22.450,3.03,22.450,0.01,22.450,1.38,22.450,-0.02,22.450,0.01,22.450,0.01,22.450,3.94,22.450,-0.03,22.450,4.03,22.450,0.00,22.450,0.02,22.450,0.00
22.500,-0.01,22.500,0.05,22.500,-0.01,22.500,-0.02,22.500,-0.01,22.500,-0.02,22.500,0.03,22.500,0.00,22.500,0.02,22.500,0.06,22.500,-0.01,22.500,-0.01,22.500,-0.02,22.500,-0.01,22.500,0.00,22.500,0.00,22.500,0.00,22.500,-0.02,22.500,0.02,22.500,-0.01,22.500,0.01,22.500,-0.01,22.500,0.00,22.500,0.00,22.500,-0.01,22.500,0.03,22.500,-0.01,22.500,0.06,22.500,0.00,22.500,0.01,22.500,0.05,22.500,-0.01,22.500,0.00,22.500,0.01,22.500,0.03,22.500,0.00,22.500,-0.01,22.500,0.00,22.500,-0.01,22.500,0.01,22.500,0.00,22.500,-0.02,22.500,0.01,22.500,0.01,22.500,0.01,22.500,0.00,22.500,1.77,22.500,-0.01,22.500,0.02,22.500,0.04,22.500,0.09,22.500,-0.01,22.500,0.01,22.500,3.06,22.500,0.01,22.500,1.60,22.500,-0.01,22.500,0.00,22.500,0.01,22.500,3.35,22.500,-0.03,22.500,4.07,22.500,0.00,22.500,0.01,22.500,-0.01
22.550,0.01,22.550,2.78E-17,22.550,-0.02,22.550,-0.01,22.550,-0.02,22.550,-0.01,22.550,0.02,22.550,0.00,22.550,0.00,22.550,0.06,22.550,0.01,22.550,0.00,22.550,-0.02,22.550,-0.01,22.550,0.01,22.550,0.00,22.550,-0.01,22.550,-0.01,22.550,0.02,22.550,-0.02,22.550,0.00,22.550,-0.01,22.550,0.00,22.550,0.00,22.550,-0.02,22.550,0.03,22.550,-0.01,22.550,0.08,22.550,-0.01,22.550,0.00,22.550,0.07,22.550,-0.01,22.550,0.01,22.550,0.02,22.550,0.03,22.550,-0.01,22.550,0.00,22.550,-0.01,22.550,-0.01,22.550,0.00,22.550,0.00,22.550,-0.02,22.550,0.02,22.550,0.01,22.550,0.01,22.550,0.01,22.550,2.29,22.550,0.00,22.550,0.03,22.550,0.05,22.550,0.11,22.550,-0.01,22.550,0.01,22.550,3.66,22.550,0.01,22.550,2.06,22.550,-0.01,22.550,0.01,22.550,0.02,22.550,3.97,22.550,-0.04,22.550,4.87,22.550,0.00,22.550,0.01,22.550,-0.01
22.600,0.00,22.600,0.01,22.600,-0.02,22.600,-0.02,22.600,-0.02,22.600,-0.01,22.600,0.02,22.600,-0.01,22.600,0.00,22.600,0.08,22.600,-0.01,22.600,0.00,22.600,-0.02,22.600,-0.01,22.600,0.00,22.600,0.00,22.600,0.00,22.600,-0.02,22.600,0.01,22.600,-0.01,22.600,0.00,22.600,0.00,22.600,0.00,22.600,0.01,22.600,-0.02,22.600,0.04,22.600,0.00,22.600,0.17,22.600,-0.01,22.600,0.01,22.600,0.09,22.600,0.00,22.600,0.00,22.600,0.02,22.600,0.04,22.600,-0.01,22.600,0.00,22.600,0.00,22.600,-0.01,22.600,0.01,22.600,-0.01,22.600,-0.02,22.600,0.02,22.600,0.01,22.600,0.02,22.600,0.00,22.600,0.59,22.600,-0.01,22.600,0.03,22.600,0.04,22.600,0.13,22.600,-0.02,22.600,0.00,22.600,3.96,22.600,0.01,22.600,2.44,22.600,-0.01,22.600,0.01,22.600,0.03,22.600,4.26,22.600,-0.03,22.600,5.10,22.600,0.00,22.600,0.03,22.600,-0.01
22.650,0.01,22.650,0.01,22.650,-0.02,22.650,-0.02,22.650,-0.01,22.650,-0.03,22.650,0.04,22.650,-0.01,22.650,0.00,22.650,0.11,22.650,0.00,22.650,-0.01,22.650,-0.02,22.650,0.00,22.650,-0.01,22.650,0.00,22.650,-0.01,22.650,-0.02,22.650,0.03,22.650,-0.01,22.650,0.00,22.650,0.00,22.650,-0.01,22.650,0.02,22.650,-0.02,22.650,0.04,22.650,0.00,22.650,1.10,22.650,0.00,22.650,0.01,22.650,0.09,22.650,0.00,22.650,0.01,22.650,0.02,22.650,0.05,22.650,0.00,22.650,0.00,22.650,0.00,22.650,-0.01,22.650,0.02,22.650,0.00,22.650,-0.01,22.650,0.03,22.650,0.00,22.650,0.02,22.650,0.01,22.650,0.07,22.650,-0.01,22.650,0.02,22.650,0.04,22.650,0.22,22.650,-0.02,22.650,-0.01,22.650,4.11,22.650,-0.01,22.650,2.88,22.650,-0.02,22.650,0.00,22.650,0.06,22.650,5.00,22.650,0.04,22.650,3.39,22.650,0.00,22.650,0.03,22.650,-0.01
22.700,0.01,22.700,0.01,22.700,-0.01,22.700,-0.01,22.700,-0.02,22.700,-0.01,22.700,0.05,22.700,-0.02,22.700,0.00,22.700,0.14,22.700,0.02,22.700,0.00,22.700,-0.02,22.700,-0.01,22.700,-0.01,22.700,0.01,22.700,0.00,22.700,-0.02,22.700,0.02,22.700,-0.01,22.700,0.00,22.700,0.00,22.700,0.00,22.700,0.00,22.700,-0.02,22.700,0.05,22.700,-0.01,22.700,0.19,22.700,0.01,22.700,0.01,22.700,0.10,22.700,-0.01,22.700,0.00,22.700,0.02,22.700,0.06,22.700,0.00,22.700,0.01,22.700,-0.01,22.700,-0.01,22.700,0.03,22.700,0.00,22.700,-0.01,22.700,0.03,22.700,0.01,22.700,0.01,22.700,0.01,22.700,0.00,22.700,-0.02,22.700,0.02,22.700,0.04,22.700,0.38,22.700,-0.02,22.700,0.01,22.700,4.12,22.700,0.00,22.700,3.30,22.700,-0.01,22.700,0.03,22.700,0.14,22.700,5.11,22.700,0.00,22.700,0.10,22.700,0.00,22.700,0.04,22.700,-0.01
22.750,0.00,22.750,0.01,22.750,-0.01,22.750,-0.02,22.750,-0.01,22.750,-0.01,22.750,0.11,22.750,0.00,22.750,0.01,22.750,0.19,22.750,0.00,22.750,0.00,22.750,-0.03,22.750,-0.01,22.750,-0.01,22.750,0.01,22.750,0.00,22.750,-0.03,22.750,0.02,22.750,-0.02,22.750,0.00,22.750,0.00,22.750,0.01,22.750,0.01,22.750,-0.01,22.750,0.06,22.750,-0.02,22.750,0.06,22.750,0.00,22.750,0.01,22.750,0.14,22.750,0.01,22.750,0.00,22.750,0.02,22.750,0.08,22.750,-0.01,22.750,0.02,22.750,0.00,22.750,-0.02,22.750,0.03,22.750,0.01,22.750,-0.01,22.750,0.02,22.750,0.01,22.750,0.01,22.750,0.01,22.750,0.00,22.750,-0.01,22.750,0.01,22.750,0.05,22.750,0.59,22.750,-0.01,22.750,0.01,22.750,4.01,22.750,0.00,22.750,3.87,22.750,-0.02,22.750,0.05,22.750,2.32,22.750,5.06,22.750,-0.01,22.750,0.06,22.750,0.00,22.750,0.06,22.750,0.00
22.800,0.01,22.800,0.00,22.800,-0.02,22.800,-0.02,22.800,-0.02,22.800,-0.01,22.800,0.46,22.800,-0.01,22.800,0.00,22.800,0.24,22.800,-0.01,22.800,0.04,22.800,-0.02,22.800,0.01,22.800,-0.01,22.800,0.00,22.800,0.00,22.800,-0.01,22.800,0.03,22.800,-0.02,22.800,0.00,22.800,0.00,22.800,0.02,22.800,0.00,22.800,-0.02,22.800,0.09,22.800,-0.02,22.800,-0.01,22.800,-0.01,22.800,0.02,22.800,0.23,22.800,0.01,22.800,0.01,22.800,0.03,22.800,0.09,22.800,0.00,22.800,0.02,22.800,-0.01,22.800,-0.02,22.800,0.04,22.800,0.02,22.800,0.00,22.800,0.02,22.800,0.00,22.800,0.02,22.800,0.01,22.800,0.01,22.800,0.00,22.800,0.01,22.800,0.04,22.800,0.72,22.800,-0.02,22.800,0.01,22.800,4.01,22.800,0.00,22.800,3.95,22.800,-0.02,22.800,0.04,22.800,3.18,22.800,5.20,22.800,-0.05,22.800,-0.01,22.800,0.05,22.800,0.12,22.800,-0.02
22.850,5.55E-17,22.850,0.01,22.850,-0.01,22.850,-0.02,22.850,-0.02,22.850,-0.01,22.850,1.46,22.850,0.00,22.850,0.01,22.850,0.30,22.850,-0.01,22.850,0.00,22.850,-0.01,22.850,0.01,22.850,0.00,22.850,0.01,22.850,-0.01,22.850,-0.01,22.850,0.02,22.850,-0.02,22.850,0.00,22.850,0.00,22.850,0.02,22.850,0.00,22.850,-0.02,22.850,0.15,22.850,-0.01,22.850,0.00,22.850,-0.01,22.850,0.01,22.850,0.42,22.850,0.00,22.850,0.01,22.850,0.04,22.850,0.11,22.850,0.00,22.850,0.03,22.850,0.00,22.850,0.00,22.850,0.04,22.850,0.03,22.850,0.01,22.850,0.02,22.850,-0.01,22.850,0.01,22.850,0.01,22.850,0.00,22.850,-0.01,22.850,0.01,22.850,0.05,22.850,0.88,22.850,-0.03,22.850,0.02,22.850,4.33,22.850,0.01,22.850,4.38,22.850,0.00,22.850,0.01,22.850,2.26,22.850,4.94,22.850,-0.01,22.850,-0.01,22.850,0.04,22.850,1.66,22.850,-0.02
22.900,0.01,22.900,0.00,22.900,-0.02,22.900,-0.02,22.900,0.00,22.900,-0.02,22.900,1.88,22.900,-0.01,22.900,0.01,22.900,0.37,22.900,-0.01,22.900,-0.01,22.900,-0.01,22.900,0.00,22.900,0.01,22.900,0.01,22.900,-0.01,22.900,-0.01,22.900,0.03,22.900,-0.03,22.900,-0.02,22.900,0.00,22.900,0.02,22.900,0.00,22.900,-0.01,22.900,0.62,22.900,-0.01,22.900,-0.01,22.900,0.00,22.900,0.01,22.900,0.98,22.900,0.01,22.900,0.00,22.900,0.05,22.900,0.18,22.900,0.00,22.900,0.04,22.900,0.00,22.900,0.00,22.900,0.05,22.900,0.04,22.900,0.01,22.900,0.01,22.900,0.00,22.900,0.01,22.900,0.00,22.900,0.00,22.900,0.01,22.900,0.00,22.900,0.05,22.900,1.10,22.900,-0.02,22.900,0.01,22.900,4.53,22.900,-0.01,22.900,4.60,22.900,-0.01,22.900,0.00,22.900,1.84,22.900,4.93,22.900,-0.01,22.900,-0.01,22.900,-0.01,22.900,2.95,22.900,-0.01
22.950,0.01,22.950,0.02,22.950,-0.02,22.950,-0.02,22.950,-0.02,22.950,-0.02,22.950,2.23,22.950,0.00,22.950,0.00,22.950,0.44,22.950,0.01,22.950,0.00,22.950,-0.02,22.950,0.00,22.950,0.02,22.950,0.01,22.950,-0.01,22.950,-0.01,22.950,0.05,22.950,-0.02,22.950,0.00,22.950,0.00,22.950,0.04,22.950,0.01,22.950,-0.01,22.950,1.75,22.950,0.00,22.950,0.01,22.950,-0.01,22.950,0.01,22.950,1.63,22.950,0.00,22.950,0.00,22.950,0.06,22.950,0.43,22.950,0.00,22.950,0.06,22.950,0.01,22.950,0.01,22.950,0.04,22.950,0.05,22.950,0.02,22.950,0.03,22.950,-0.01,22.950,0.02,22.950,0.00,22.950,0.00,22.950,0.00,22.950,0.01,22.950,0.06,22.950,1.19,22.950,-0.01,22.950,0.00,22.950,1.21,22.950,0.00,22.950,4.08,22.950,0.00,22.950,0.02,22.950,2.89,22.950,4.49,22.950,0.01,22.950,0.01,22.950,-0.02,22.950,2.66,22.950,-0.01
23.000,0.00,23.000,0.02,23.000,-0.02,23.000,-0.01,23.000,-0.02,23.000,-0.02,23.000,0.17,23.000,0.00,23.000,0.00,23.000,0.19,23.000,0.00,23.000,0.01,23.000,-0.01,23.000,0.00,23.000,0.01,23.000,0.01,23.000,0.01,23.000,-0.01,23.000,0.05,23.000,-0.02,23.000,-0.01,23.000,0.00,23.000,0.03,23.000,0.02,23.000,0.00,23.000,2.13,23.000,-0.01,23.000,0.00,23.000,-0.01,23.000,0.01,23.000,2.49,23.000,0.00,23.000,0.01,23.000,0.08,23.000,0.14,23.000,0.00,23.000,0.14,23.000,0.02,23.000,0.01,23.000,0.06,23.000,0.05,23.000,0.03,23.000,0.03,23.000,-0.01,23.000,0.02,23.000,0.00,23.000,0.01,23.000,0.00,23.000,0.01,23.000,0.05,23.000,1.42,23.000,0.01,23.000,0.00,23.000,0.05,23.000,0.00,23.000,0.07,23.000,0.01,23.000,0.02,23.000,4.25,23.000,3.88,23.000,0.01,23.000,0.00,23.000,0.00,23.000,3.38,23.000,0.00
23.050,0.02,23.050,0.02,23.050,-0.02,23.050,-0.02,23.050,-0.02,23.050,-0.01,23.050,0.04,23.050,0.00,23.050,0.02,23.050,0.06,23.050,0.00,23.050,0.01,23.050,0.00,23.050,0.01,23.050,0.02,23.050,0.01,23.050,0.00,23.050,-0.01,23.050,0.08,23.050,-0.01,23.050,-0.01,23.050,0.00,23.050,0.03,23.050,0.01,23.050,-0.02,23.050,2.12,23.050,-0.01,23.050,0.01,23.050,-0.02,23.050,0.00,23.050,2.95,23.050,0.00,23.050,0.01,23.050,0.09,23.050,0.06,23.050,-0.01,23.050,0.81,23.050,0.02,23.050,-0.01,23.050,0.05,23.050,0.06,23.050,0.03,23.050,0.02,23.050,0.00,23.050,0.02,23.050,0.00,23.050,0.00,23.050,0.00,23.050,0.02,23.050,0.08,23.050,1.65,23.050,-0.01,23.050,0.01,23.050,-0.02,23.050,0.01,23.050,0.01,23.050,0.01,23.050,0.01,23.050,4.13,23.050,4.29,23.050,0.05,23.050,0.00,23.050,0.04,23.050,4.83,23.050,0.01
23.100,0.03,23.100,0.02,23.100,-0.02,23.100,-0.02,23.100,-0.02,23.100,-0.01,23.100,-0.03,23.100,-0.01,23.100,0.02,23.100,0.00,23.100,0.00,23.100,0.00,23.100,0.01,23.100,-0.01,23.100,0.02,23.100,0.02,23.100,0.00,23.100,-0.01,23.100,0.16,23.100,-0.01,23.100,0.00,23.100,0.02,23.100,0.03,23.100,0.00,23.100,0.01,23.100,2.26,23.100,-0.01,23.100,0.01,23.100,-0.01,23.100,0.01,23.100,3.28,23.100,0.01,23.100,0.01,23.100,0.14,23.100,-0.01,23.100,-0.01,23.100,2.04,23.100,0.04,23.100,0.01,23.100,0.07,23.100,0.06,23.100,0.05,23.100,0.02,23.100,0.00,23.100,0.02,23.100,0.00,23.100,0.01,23.100,-0.01,23.100,0.03,23.100,0.08,23.100,1.76,23.100,-0.01,23.100,0.01,23.100,-0.04,23.100,0.01,23.100,-0.01,23.100,0.03,23.100,0.03,23.100,4.31,23.100,4.41,23.100,1.14,23.100,0.00,23.100,0.05,23.100,4.80,23.100,0.01
23.150,0.04,23.150,0.01,23.150,-0.01,23.150,-0.02,23.150,-0.02,23.150,0.00,23.150,-0.02,23.150,0.00,23.150,0.02,23.150,0.00,23.150,0.00,23.150,-0.01,23.150,0.01,23.150,0.00,23.150,0.04,23.150,0.01,23.150,0.01,23.150,-0.01,23.150,0.68,23.150,-0.01,23.150,0.00,23.150,0.00,23.150,0.04,23.150,-0.01,23.150,-0.01,23.150,2.51,23.150,-0.01,23.150,0.00,23.150,-0.01,23.150,0.01,23.150,3.40,23.150,-0.01,23.150,0.00,23.150,0.22,23.150,0.00,23.150,0.00,23.150,2.60,23.150,0.04,23.150,-0.01,23.150,0.09,23.150,0.09,23.150,0.06,23.150,0.02,23.150,0.01,23.150,0.02,23.150,0.01,23.150,0.01,23.150,-0.01,23.150,0.03,23.150,0.11,23.150,1.38,23.150,-0.01,23.150,0.02,23.150,-0.04,23.150,0.01,23.150,-0.01,23.150,0.04,23.150,0.03,23.150,5.04,23.150,4.20,23.150,3.88,23.150,0.00,23.150,0.12,23.150,3.08,23.150,0.00
23.200,0.04,23.200,0.02,23.200,-0.01,23.200,-0.01,23.200,-0.02,23.200,-0.01,23.200,-0.01,23.200,0.01,23.200,0.02,23.200,0.01,23.200,0.01,23.200,0.01,23.200,0.02,23.200,-0.01,23.200,0.04,23.200,0.01,23.200,0.01,23.200,-0.01,23.200,0.13,23.200,-0.01,23.200,0.00,23.200,-0.03,23.200,0.06,23.200,-0.01,23.200,-0.01,23.200,2.84,23.200,0.02,23.200,0.01,23.200,-0.01,23.200,0.01,23.200,0.09,23.200,0.00,23.200,0.00,23.200,0.45,23.200,0.00,23.200,0.00,23.200,1.83,23.200,0.05,23.200,0.00,23.200,0.12,23.200,0.16,23.200,0.11,23.200,0.03,23.200,0.01,23.200,0.03,23.200,0.02,23.200,0.01,23.200,0.02,23.200,0.02,23.200,0.13,23.200,0.07,23.200,-0.02,23.200,0.03,23.200,-0.04,23.200,0.01,23.200,0.00,23.200,-0.01,23.200,0.05,23.200,0.76,23.200,4.28,23.200,3.05,23.200,0.01,23.200,2.28,23.200,0.09,23.200,0.01
23.250,0.04,23.250,0.01,23.250,-0.02,23.250,-0.02,23.250,-0.01,23.250,0.00,23.250,-0.01,23.250,-0.01,23.250,0.04,23.250,0.01,23.250,0.01,23.250,0.00,23.250,0.01,23.250,0.00,23.250,0.06,23.250,0.01,23.250,0.01,23.250,0.00,23.250,0.04,23.250,-0.01,23.250,0.01,23.250,-0.01,23.250,0.05,23.250,0.00,23.250,0.00,23.250,3.35,23.250,0.00,23.250,0.00,23.250,-0.01,23.250,0.01,23.250,0.04,23.250,0.00,23.250,0.01,23.250,0.71,23.250,0.01,23.250,0.00,23.250,0.07,23.250,0.07,23.250,-0.01,23.250,0.20,23.250,0.34,23.250,0.27,23.250,0.03,23.250,0.01,23.250,0.03,23.250,0.03,23.250,0.01,23.250,0.02,23.250,0.01,23.250,0.19,23.250,0.01,23.250,-0.02,23.250,0.04,23.250,-0.03,23.250,0.02,23.250,0.01,23.250,0.00,23.250,0.05,23.250,0.07,23.250,5.19,23.250,2.59,23.250,-0.01,23.250,3.20,23.250,0.05,23.250,0.04
23.300,0.05,23.300,0.00,23.300,-0.01,23.300,-0.02,23.300,-0.02,23.300,-0.01,23.300,-0.02,23.300,-0.01,23.300,0.04,23.300,0.01,23.300,0.04,23.300,0.01,23.300,0.01,23.300,0.00,23.300,0.16,23.300,0.03,23.300,0.01,23.300,0.00,23.300,-0.02,23.300,-0.02,23.300,0.01,23.300,-0.01,23.300,0.06,23.300,-0.01,23.300,0.00,23.300,0.10,23.300,-0.02,23.300,0.01,23.300,-0.01,23.300,0.02,23.300,-0.02,23.300,-0.01,23.300,0.01,23.300,0.17,23.300,-0.01,23.300,0.09,23.300,0.02,23.300,0.12,23.300,0.00,23.300,0.56,23.300,0.84,23.300,0.89,23.300,0.03,23.300,0.01,23.300,0.03,23.300,0.01,23.300,-0.01,23.300,0.03,23.300,0.02,23.300,0.28,23.300,-0.02,23.300,-0.01,23.300,0.04,23.300,-0.02,23.300,0.04,23.300,0.00,23.300,0.01,23.300,0.12,23.300,0.00,23.300,0.60,23.300,3.39,23.300,-0.01,23.300,2.71,23.300,0.00,23.300,0.11
23.350,0.06,23.350,0.01,23.350,-0.01,23.350,-0.02,23.350,-0.02,23.350,0.01,23.350,-0.01,23.350,-0.02,23.350,0.06,23.350,0.01,23.350,0.04,23.350,0.02,23.350,0.01,23.350,0.00,23.350,0.30,23.350,0.02,23.350,0.01,23.350,0.01,23.350,-0.01,23.350,-0.01,23.350,0.01,23.350,-0.02,23.350,0.08,23.350,0.00,23.350,0.01,23.350,0.05,23.350,-0.02,23.350,0.01,23.350,0.00,23.350,0.03,23.350,-0.02,23.350,0.01,23.350,0.01,23.350,0.05,23.350,0.00,23.350,0.02,23.350,-0.02,23.350,0.24,23.350,-0.01,23.350,0.11,23.350,1.36,23.350,1.99,23.350,0.03,23.350,0.01,23.350,0.03,23.350,0.01,23.350,0.01,23.350,0.01,23.350,0.02,23.350,0.42,23.350,-0.01,23.350,-0.02,23.350,0.04,23.350,-0.02,23.350,-0.01,23.350,0.01,23.350,0.01,23.350,1.41,23.350,0.00,23.350,0.05,23.350,4.14,23.350,0.00,23.350,2.97,23.350,-0.01,23.350,3.24
23.400,0.06,23.400,0.01,23.400,-0.01,23.400,-0.01,23.400,-0.01,23.400,0.00,23.400,-0.01,23.400,-0.02,23.400,0.06,23.400,0.01,23.400,0.05,23.400,0.03,23.400,0.03,23.400,-0.01,23.400,0.04,23.400,0.02,23.400,0.00,23.400,0.02,23.400,-0.01,23.400,-0.01,23.400,0.00,23.400,-0.01,23.400,0.12,23.400,0.01,23.400,0.00,23.400,-0.02,23.400,-0.01,23.400,0.00,23.400,0.01,23.400,0.02,23.400,-0.03,23.400,0.00,23.400,0.00,23.400,0.00,23.400,0.00,23.400,0.02,23.400,-0.01,23.400,0.99,23.400,-0.01,23.400,0.05,23.400,1.88,23.400,0.42,23.400,0.04,23.400,0.00,23.400,0.02,23.400,0.01,23.400,0.01,23.400,0.03,23.400,0.02,23.400,0.56,23.400,-0.01,23.400,-0.03,23.400,0.05,23.400,-0.03,23.400,0.01,23.400,0.01,23.400,0.01,23.400,3.21,23.400,0.00,23.400,-0.02,23.400,4.46,23.400,0.00,23.400,4.45,23.400,0.00,23.400,4.02
23.450,0.09,23.450,0.02,23.450,0.00,23.450,-0.01,23.450,-0.02,23.450,0.01,23.450,0.00,23.450,-0.02,23.450,0.07,23.450,0.01,23.450,0.07,23.450,0.04,23.450,0.05,23.450,0.00,23.450,-0.01,23.450,0.03,23.450,0.01,23.450,0.00,23.450,-0.01,23.450,-0.01,23.450,-0.01,23.450,-0.01,23.450,0.64,23.450,0.01,23.450,-0.01,23.450,-0.02,23.450,0.00,23.450,0.01,23.450,0.01,23.450,0.03,23.450,-0.03,23.450,0.00,23.450,0.01,23.450,0.00,23.450,0.01,23.450,-0.01,23.450,-0.01,23.450,0.56,23.450,-0.01,23.450,0.00,23.450,2.23,23.450,0.05,23.450,0.03,23.450,0.00,23.450,0.02,23.450,0.00,23.450,0.00,23.450,0.03,23.450,0.02,23.450,0.40,23.450,-0.01,23.450,-0.02,23.450,0.06,23.450,-0.03,23.450,0.01,23.450,0.01,23.450,0.01,23.450,2.93,23.450,-0.01,23.450,-0.02,23.450,4.58,23.450,-0.01,23.450,5.36,23.450,0.00,23.450,3.16
23.500,0.18,23.500,0.01,23.500,0.01,23.500,-0.03,23.500,-0.02,23.500,0.00,23.500,-0.01,23.500,-0.01,23.500,0.09,23.500,0.00,23.500,0.09,23.500,0.03,23.500,0.07,23.500,-0.01,23.500,-0.04,23.500,0.02,23.500,0.02,23.500,0.01,23.500,0.00,23.500,-0.02,23.500,-0.01,23.500,0.00,23.500,0.24,23.500,0.02,23.500,0.00,23.500,-0.01,23.500,-0.01,23.500,0.01,23.500,0.01,23.500,0.03,23.500,-0.02,23.500,0.00,23.500,0.01,23.500,0.00,23.500,0.00,23.500,0.00,23.500,-0.02,23.500,0.06,23.500,-0.01,23.500,0.01,23.500,2.69,23.500,-0.03,23.500,0.02,23.500,0.01,23.500,0.02,23.500,0.01,23.500,0.00,23.500,0.04,23.500,0.02,23.500,0.23,23.500,-0.02,23.500,-0.02,23.500,0.06,23.500,-0.03,23.500,0.01,23.500,-0.01,23.500,0.01,23.500,2.98,23.500,-0.01,23.500,-0.02,23.500,4.71,23.500,-0.01,23.500,1.52,23.500,0.00,23.500,3.10
23.550,0.48,23.550,0.02,23.550,0.00,23.550,-0.01,23.550,-0.01,23.550,0.00,23.550,-0.01,23.550,-0.02,23.550,0.13,23.550,0.00,23.550,0.10,23.550,0.04,23.550,0.17,23.550,0.01,23.550,-0.02,23.550,0.02,23.550,0.01,23.550,0.01,23.550,0.00,23.550,-0.01,23.550,0.00,23.550,-0.02,23.550,0.06,23.550,0.03,23.550,0.00,23.550,-0.01,23.550,-0.01,23.550,0.01,23.550,0.00,23.550,0.02,23.550,-0.02,23.550,0.01,23.550,0.01,23.550,0.01,23.550,0.00,23.550,0.01,23.550,0.00,23.550,0.02,23.550,0.00,23.550,0.02,23.550,3.19,23.550,-0.03,23.550,0.03,23.550,0.00,23.550,0.01,23.550,0.01,23.550,0.01,23.550,0.04,23.550,0.02,23.550,0.08,23.550,-0.01,23.550,-0.01,23.550,0.07,23.550,-0.03,23.550,0.01,23.550,0.01,23.550,0.05,23.550,4.50,23.550,-0.01,23.550,-0.01,23.550,0.07,23.550,-0.01,23.550,0.07,23.550,0.01,23.550,4.64
23.600,1.03,23.600,0.01,23.600,0.00,23.600,-0.01,23.600,0.00,23.600,0.00,23.600,-0.01,23.600,-0.02,23.600,0.33,23.600,0.01,23.600,0.17,23.600,0.04,23.600,0.82,23.600,0.02,23.600,-0.01,23.600,0.02,23.600,0.00,23.600,0.01,23.600,-0.01,23.600,-0.02,23.600,0.00,23.600,-0.02,23.600,-0.01,23.600,0.04,23.600,0.00,23.600,0.00,23.600,-0.01,23.600,0.01,23.600,0.00,23.600,0.04,23.600,-0.02,23.600,0.00,23.600,0.01,23.600,0.01,23.600,0.01,23.600,0.02,23.600,-0.01,23.600,-0.01,23.600,0.01,23.600,0.01,23.600,0.40,23.600,-0.01,23.600,0.02,23.600,-0.01,23.600,0.02,23.600,0.01,23.600,0.01,23.600,0.05,23.600,0.02,23.600,0.04,23.600,-0.01,23.600,0.00,23.600,0.09,23.600,-0.03,23.600,0.01,23.600,0.01,23.600,0.09,23.600,5.08,23.600,-0.01,23.600,-0.01,23.600,0.02,23.600,-0.01,23.600,0.02,23.600,0.00,23.600,5.19
23.650,1.30,23.650,0.02,23.650,0.00,23.650,-0.02,23.650,-0.01,23.650,0.01,23.650,-0.01,23.650,-0.02,23.650,0.44,23.650,0.01,23.650,0.53,23.650,0.05,23.650,0.17,23.650,0.04,23.650,-0.02,23.650,0.02,23.650,0.01,23.650,0.01,23.650,-0.01,23.650,-0.01,23.650,0.01,23.650,-0.01,23.650,-0.01,23.650,0.04,23.650,-0.01,23.650,-0.01,23.650,-0.01,23.650,0.01,23.650,0.00,23.650,0.04,23.650,-0.02,23.650,0.00,23.650,0.02,23.650,0.01,23.650,-0.01,23.650,0.01,23.650,-0.01,23.650,-0.01,23.650,0.00,23.650,0.01,23.650,0.07,23.650,-0.02,23.650,0.03,23.650,0.00,23.650,0.02,23.650,0.01,23.650,0.00,23.650,0.06,23.650,0.02,23.650,0.00,23.650,-0.01,23.650,0.01,23.650,0.11,23.650,-0.02,23.650,0.01,23.650,0.01,23.650,2.73,23.650,0.12,23.650,-0.01,23.650,-0.01,23.650,-0.03,23.650,0.01,23.650,-0.01,23.650,0.00,23.650,4.83
23.700,1.50,23.700,0.02,23.700,0.01,23.700,-0.01,23.700,-0.01,23.700,0.00,23.700,-0.01,23.700,-0.01,23.700,0.05,23.700,0.01,23.700,1.58,23.700,0.05,23.700,0.04,23.700,0.03,23.700,-0.01,23.700,0.03,23.700,0.01,23.700,0.01,23.700,0.00,23.700,-0.01,23.700,0.00,23.700,0.01,23.700,0.00,23.700,0.05,23.700,0.00,23.700,-0.01,23.700,-0.01,23.700,0.01,23.700,0.00,23.700,0.03,23.700,-0.01,23.700,0.00,23.700,0.01,23.700,0.00,23.700,-0.01,23.700,0.01,23.700,-0.01,23.700,-0.01,23.700,0.00,23.700,0.01,23.700,-0.01,23.700,-0.01,23.700,0.03,23.700,0.00,23.700,0.01,23.700,0.00,23.700,0.01,23.700,0.08,23.700,0.01,23.700,0.00,23.700,-0.01,23.700,0.01,23.700,0.19,23.700,-0.02,23.700,0.01,23.700,0.01,23.700,3.23,23.700,0.06,23.700,0.00,23.700,-0.02,23.700,-0.04,23.700,-0.02,23.700,-0.01,23.700,0.00,23.700,4.59
23.750,1.62,23.750,0.01,23.750,0.02,23.750,-0.01,23.750,-0.01,23.750,0.01,23.750,-0.01,23.750,-0.01,23.750,0.02,23.750,0.01,23.750,1.98,23.750,0.07,23.750,-0.03,23.750,0.05,23.750,-0.02,23.750,0.05,23.750,0.01,23.750,0.01,23.750,-0.01,23.750,0.00,23.750,-0.01,23.750,0.01,23.750,0.00,23.750,0.08,23.750,0.00,23.750,-0.02,23.750,0.00,23.750,0.01,23.750,0.01,23.750,0.03,23.750,-0.01,23.750,0.01,23.750,0.02,23.750,0.01,23.750,0.01,23.750,0.02,23.750,0.00,23.750,0.00,23.750,-0.01,23.750,0.01,23.750,0.00,23.750,-0.01,23.750,0.03,23.750,0.00,23.750,0.01,23.750,0.01,23.750,0.00,23.750,0.09,23.750,0.02,23.750,0.00,23.750,-0.02,23.750,0.00,23.750,0.32,23.750,-0.02,23.750,0.01,23.750,0.00,23.750,1.85,23.750,-0.01,23.750,0.00,23.750,-0.03,23.750,-0.03,23.750,-0.01,23.750,-0.01,23.750,-0.01,23.750,4.62
23.800,1.76,23.800,0.02,23.800,0.03,23.800,-0.01,23.800,-0.02,23.800,0.01,23.800,-0.01,23.800,-0.01,23.800,-0.02,23.800,0.01,23.800,2.54,23.800,0.09,23.800,-0.02,23.800,0.05,23.800,-0.02,23.800,0.05,23.800,0.01,23.800,-0.01,23.800,0.00,23.800,-0.01,23.800,0.00,23.800,0.02,23.800,-0.01,23.800,0.10,23.800,0.00,23.800,-0.02,23.800,0.01,23.800,0.01,23.800,-0.01,23.800,0.05,23.800,0.00,23.800,-0.01,23.800,0.01,23.800,0.01,23.800,0.01,23.800,0.01,23.800,0.00,23.800,0.00,23.800,0.00,23.800,0.01,23.800,0.00,23.800,-0.02,23.800,0.02,23.800,0.00,23.800,0.02,23.800,0.01,23.800,0.00,23.800,0.12,23.800,0.03,23.800,0.00,23.800,-0.01,23.800,0.00,23.800,0.63,23.800,-0.02,23.800,0.01,23.800,0.00,23.800,1.56,23.800,-0.01,23.800,-0.01,23.800,-0.02,23.800,-0.02,23.800,-0.01,23.800,0.00,23.800,0.00,23.800,4.65
23.850,1.95,23.850,0.02,23.850,0.02,23.850,-0.01,23.850,-0.02,23.850,0.00,23.850,-0.01,23.850,0.00,23.850,-0.01,23.850,0.02,23.850,2.77,23.850,0.12,23.850,-0.01,23.850,0.06,23.850,-0.02,23.850,0.05,23.850,0.01,23.850,0.00,23.850,0.00,23.850,-0.01,23.850,0.00,23.850,0.03,23.850,0.00,23.850,0.16,23.850,0.00,23.850,-0.02,23.850,0.02,23.850,0.01,23.850,0.00,23.850,0.05,23.850,-0.01,23.850,-0.01,23.850,0.01,23.850,0.00,23.850,0.01,23.850,0.00,23.850,-0.01,23.850,0.00,23.850,0.01,23.850,0.01,23.850,-0.02,23.850,-0.02,23.850,0.02,23.850,0.00,23.850,0.01,23.850,0.01,23.850,0.00,23.850,0.25,23.850,0.02,23.850,0.00,23.850,-0.02,23.850,0.01,23.850,0.91,23.850,-0.03,23.850,0.01,23.850,0.01,23.850,2.47,23.850,-0.01,23.850,0.00,23.850,-0.02,23.850,-0.03,23.850,-0.01,23.850,0.00,23.850,0.00,23.850,4.49
23.900,2.12,23.900,0.02,23.900,0.04,23.900,-0.01,23.900,-0.02,23.900,0.01,23.900,-0.01,23.900,0.00,23.900,-0.02,23.900,0.01,23.900,0.07,23.900,0.29,23.900,-0.01,23.900,0.09,23.900,-0.01,23.900,0.06,23.900,0.01,23.900,0.00,23.900,0.01,23.900,-0.01,23.900,0.00,23.900,0.04,23.900,0.00,23.900,0.33,23.900,0.00,23.900,-0.02,23.900,0.03,23.900,0.00,23.900,0.00,23.900,0.06,23.900,-0.02,23.900,0.00,23.900,0.02,23.900,0.01,23.900,0.01,23.900,0.00,23.900,-0.01,23.900,-0.01,23.900,0.00,23.900,0.01,23.900,-0.02,23.900,-0.02,23.900,0.00,23.900,-0.01,23.900,0.01,23.900,0.01,23.900,0.00,23.900,0.59,23.900,0.02,23.900,0.01,23.900,-0.02,23.900,0.01,23.900,0.63,23.900,-0.03,23.900,0.00,23.900,0.01,23.900,3.58,23.900,-0.01,23.900,0.00,23.900,-0.02,23.900,-0.03,23.900,0.00,23.900,-0.01,23.900,0.00,23.900,5.16
23.950,2.24,23.950,0.02,23.950,0.04,23.950,-0.02,23.950,-0.02,23.950,0.03,23.950,0.00,23.950,-0.01,23.950,-0.01,23.950,0.01,23.950,0.03,23.950,1.18,23.950,-0.01,23.950,0.13,23.950,-0.01,23.950,0.06,23.950,0.02,23.950,0.01,23.950,0.01,23.950,-0.01,23.950,0.00,23.950,0.05,23.950,0.00,23.950,0.82,23.950,0.01,23.950,-0.02,23.950,0.03,23.950,0.02,23.950,0.01,23.950,0.08,23.950,-0.01,23.950,0.01,23.950,0.03,23.950,-0.01,23.950,0.00,23.950,0.01,23.950,0.00,23.950,0.00,23.950,0.01,23.950,0.01,23.950,-0.01,23.950,-0.01,23.950,0.02,23.950,-0.01,23.950,0.00,23.950,0.01,23.950,-0.01,23.950,0.99,23.950,0.01,23.950,0.01,23.950,-0.02,23.950,0.01,23.950,0.10,23.950,-0.02,23.950,0.00,23.950,0.01,23.950,3.76,23.950,0.00,23.950,0.00,23.950,-0.02,23.950,-0.04,23.950,-0.02,23.950,0.00,23.950,0.00,23.950,5.30
24.000,2.36,24.000,0.04,24.000,0.04,24.000,-0.01,24.000,-0.02,24.000,0.03,24.000,-0.02,24.000,-0.01,24.000,-0.01,24.000,0.01,24.000,-0.03,24.000,1.87,24.000,-0.02,24.000,0.42,24.000,-0.02,24.000,0.07,24.000,0.01,24.000,0.01,24.000,0.00,24.000,-0.01,24.000,-0.01,24.000,0.06,24.000,-0.01,24.000,0.33,24.000,0.00,24.000,-0.02,24.000,0.02,24.000,0.01,24.000,0.01,24.000,0.09,24.000,-0.02,24.000,0.01,24.000,0.04,24.000,-0.01,24.000,0.00,24.000,0.01,24.000,-0.01,24.000,0.00,24.000,0.01,24.000,0.01,24.000,-0.01,24.000,-0.01,24.000,0.02,24.000,-0.01,24.000,0.01,24.000,0.01,24.000,0.00,24.000,1.13,24.000,0.02,24.000,0.01,24.000,-0.02,24.000,0.02,24.000,0.06,24.000,-0.01,24.000,0.01,24.000,0.01,24.000,4.07,24.000,-0.01,24.000,0.00,24.000,-0.02,24.000,-0.03,24.000,0.00,24.000,-0.01,24.000,0.01,24.000,5.14
24.050,2.50,24.050,0.03,24.050,0.06,24.050,-0.01,24.050,-0.02,24.050,0.03,24.050,-0.02,24.050,-0.01,24.050,-0.01,24.050,0.02,24.050,0.00,24.050,1.22,24.050,-0.02,24.050,0.32,24.050,-0.03,24.050,0.09,24.050,0.01,24.050,0.01,24.050,0.00,24.050,0.00,24.050,-0.01,24.050,0.08,24.050,0.00,24.050,0.06,24.050,0.00,24.050,-0.03,24.050,0.03,24.050,0.02,24.050,0.01,24.050,0.16,24.050,-0.02,24.050,0.00,24.050,0.04,24.050,0.00,24.050,0.00,24.050,0.00,24.050,-0.01,24.050,0.00,24.050,0.01,24.050,0.00,24.050,0.00,24.050,-0.01,24.050,0.01,24.050,-0.01,24.050,0.02,24.050,0.01,24.050,0.00,24.050,1.19,24.050,0.02,24.050,-0.01,24.050,0.00,24.050,0.03,24.050,-0.01,24.050,0.03,24.050,0.01,24.050,0.08,24.050,4.59,24.050,-0.01,24.050,0.01,24.050,-0.02,24.050,-0.03,24.050,0.00,24.050,-0.01,24.050,0.00,24.050,5.18
24.100,2.52,24.100,0.01,24.100,0.08,24.100,-0.01,24.100,-0.01,24.100,0.05,24.100,-0.01,24.100,0.01,24.100,-0.01,24.100,0.02,24.100,-0.01,24.100,0.07,24.100,-0.02,24.100,0.05,24.100,-0.01,24.100,0.10,24.100,0.00,24.100,0.02,24.100,0.00,24.100,0.00,24.100,-0.01,24.100,0.12,24.100,0.00,24.100,0.02,24.100,0.00,24.100,-0.03,24.100,0.05,24.100,0.02,24.100,0.00,24.100,0.34,24.100,-0.01,24.100,-0.01,24.100,0.05,24.100,-0.01,24.100,0.01,24.100,0.00,24.100,0.00,24.100,0.00,24.100,0.00,24.100,0.01,24.100,-0.01,24.100,-0.01,24.100,0.02,24.100,0.00,24.100,0.02,24.100,0.01,24.100,0.01,24.100,1.43,24.100,0.02,24.100,0.01,24.100,-0.01,24.100,0.05,24.100,0.01,24.100,0.02,24.100,0.01,24.100,0.02,24.100,4.65,24.100,-0.01,24.100,-0.01,24.100,-0.03,24.100,-0.04,24.100,0.00,24.100,-0.01,24.100,0.01,24.100,1.35
24.150,2.54,24.150,0.00,24.150,0.15,24.150,-0.01,24.150,-0.01,24.150,0.04,24.150,-0.01,24.150,0.02,24.150,0.00,24.150,0.01,24.150,-0.01,24.150,0.02,24.150,-0.02,24.150,-0.01,24.150,-0.02,24.150,0.12,24.150,0.01,24.150,0.02,24.150,-0.01,24.150,0.00,24.150,0.00,24.150,0.52,24.150,-0.01,24.150,-0.01,24.150,0.00,24.150,-0.02,24.150,0.09,24.150,0.01,24.150,0.01,24.150,0.47,24.150,-0.01,24.150,0.00,24.150,0.05,24.150,0.00,24.150,0.01,24.150,0.01,24.150,0.00,24.150,0.00,24.150,0.00,24.150,0.01,24.150,-0.01,24.150,-0.02,24.150,0.01,24.150,0.00,24.150,0.02,24.150,0.01,24.150,0.01,24.150,0.60,24.150,0.02,24.150,0.01,24.150,-0.01,24.150,0.09,24.150,0.02,24.150,-0.03,24.150,0.04,24.150,0.02,24.150,4.97,24.150,-0.01,24.150,0.01,24.150,-0.01,24.150,-0.03,24.150,0.00,24.150,0.00,24.150,0.01,24.150,0.06
24.200,2.58,24.200,0.01,24.200,0.42,24.200,0.00,24.200,0.00,24.200,0.06,24.200,-0.01,24.200,0.03,24.200,0.00,24.200,0.01,24.200,-0.01,24.200,-0.01,24.200,-0.02,24.200,-0.01,24.200,-0.01,24.200,0.16,24.200,0.00,24.200,0.04,24.200,0.00,24.200,0.01,24.200,-0.01,24.200,1.81,24.200,0.00,24.200,0.00,24.200,0.01,24.200,-0.02,24.200,0.20,24.200,0.01,24.200,0.00,24.200,0.10,24.200,-0.01,24.200,0.00,24.200,0.06,24.200,0.00,24.200,0.01,24.200,0.02,24.200,0.00,24.200,0.00,24.200,0.01,24.200,0.01,24.200,-0.01,24.200,-0.01,24.200,0.02,24.200,0.00,24.200,0.04,24.200,0.03,24.200,0.01,24.200,0.08,24.200,0.01,24.200,0.01,24.200,-0.01,24.200,0.19,24.200,0.01,24.200,-0.02,24.200,0.04,24.200,-0.01,24.200,0.08,24.200,0.00,24.200,-0.01,24.200,0.00,24.200,-0.03,24.200,0.11,24.200,-0.02,24.200,0.01,24.200,0.02
24.250,2.71,24.250,0.01,24.250,1.18,24.250,-0.01,24.250,0.01,24.250,0.06,24.250,0.00,24.250,0.03,24.250,-0.01,24.250,0.01,24.250,-0.01,24.250,0.01,24.250,-0.02,24.250,-0.01,24.250,-0.01,24.250,0.20,24.250,0.03,24.250,0.05,24.250,0.00,24.250,0.01,24.250,-0.02,24.250,2.19,24.250,0.00,24.250,0.01,24.250,0.01,24.250,-0.03,24.250,1.04,24.250,0.01,24.250,0.01,24.250,0.06,24.250,-0.01,24.250,-0.01,24.250,0.07,24.250,0.00,24.250,0.01,24.250,0.02,24.250,-0.01,24.250,0.00,24.250,0.01,24.250,0.01,24.250,0.00,24.250,-0.03,24.250,0.02,24.250,-0.01,24.250,0.02,24.250,0.04,24.250,0.01,24.250,0.05,24.250,0.02,24.250,0.01,24.250,0.00,24.250,0.76,24.250,0.00,24.250,-0.02,24.250,0.05,24.250,0.00,24.250,0.04,24.250,0.00,24.250,0.01,24.250,0.00,24.250,-0.03,24.250,0.01,24.250,-0.01,24.250,0.14,24.250,-0.01
24.300,2.79,24.300,2.78E-17,24.300,0.10,24.300,-0.02,24.300,0.00,24.300,0.08,24.300,-0.01,24.300,0.04,24.300,-0.01,24.300,0.01,24.300,0.01,24.300,0.00,24.300,-0.01,24.300,-0.01,24.300,-0.02,24.300,0.22,24.300,0.03,24.300,0.08,24.300,-0.01,24.300,0.02,24.300,0.06,24.300,0.14,24.300,-0.01,24.300,0.01,24.300,0.01,24.300,-0.02,24.300,2.30,24.300,0.01,24.300,0.01,24.300,-0.01,24.300,-0.02,24.300,0.00,24.300,0.08,24.300,-0.01,24.300,0.01,24.300,0.03,24.300,-0.01,24.300,-0.01,24.300,0.00,24.300,0.01,24.300,-0.01,24.300,-0.03,24.300,0.02,24.300,-0.01,24.300,0.03,24.300,0.04,24.300,0.01,24.300,0.00,24.300,0.02,24.300,0.01,24.300,-0.01,24.300,1.45,24.300,0.01,24.300,-0.01,24.300,0.07,24.300,-0.01,24.300,-0.01,24.300,0.00,24.300,0.00,24.300,0.03,24.300,-0.03,24.300,0.05,24.300,-0.01,24.300,-0.01,24.300,0.00
24.350,0.04,24.350,0.00,24.350,0.05,24.350,-0.01,24.350,0.02,24.350,0.09,24.350,-0.01,24.350,0.04,24.350,-0.01,24.350,0.01,24.350,0.01,24.350,0.00,24.350,0.00,24.350,0.00,24.350,-0.01,24.350,0.29,24.350,0.00,24.350,0.23,24.350,0.00,24.350,0.02,24.350,0.04,24.350,0.04,24.350,0.00,24.350,0.00,24.350,0.01,24.350,-0.01,24.350,0.29,24.350,0.00,24.350,0.01,24.350,0.01,24.350,-0.01,24.350,0.01,24.350,0.09,24.350,-0.01,24.350,0.01,24.350,0.03,24.350,0.00,24.350,0.00,24.350,0.00,24.350,0.01,24.350,0.00,24.350,-0.02,24.350,0.02,24.350,-0.01,24.350,0.04,24.350,0.04,24.350,0.00,24.350,0.00,24.350,0.01,24.350,0.01,24.350,-0.01,24.350,1.72,24.350,0.02,24.350,-0.02,24.350,0.09,24.350,0.01,24.350,-0.01,24.350,-0.01,24.350,-0.01,24.350,0.00,24.350,-0.03,24.350,-0.01,24.350,-0.02,24.350,0.05,24.350,-0.01
24.400,0.03,24.400,0.01,24.400,0.00,24.400,-0.01,24.400,0.01,24.400,0.11,24.400,-0.02,24.400,0.05,24.400,-0.02,24.400,0.02,24.400,0.01,24.400,0.01,24.400,-0.01,24.400,-0.01,24.400,-0.01,24.400,0.58,24.400,0.00,24.400,0.82,24.400,0.00,24.400,0.03,24.400,0.00,24.400,-0.02,24.400,-0.01,24.400,0.00,24.400,0.01,24.400,-0.01,24.400,0.06,24.400,0.01,24.400,0.02,24.400,0.00,24.400,-0.01,24.400,0.00,24.400,0.10,24.400,0.00,24.400,0.00,24.400,0.04,24.400,-0.01,24.400,-0.01,24.400,0.00,24.400,0.01,24.400,0.00,24.400,-0.02,24.400,0.03,24.400,-0.01,24.400,0.05,24.400,0.04,24.400,0.01,24.400,0.00,24.400,0.02,24.400,0.02,24.400,0.00,24.400,1.59,24.400,0.01,24.400,-0.01,24.400,0.31,24.400,0.00,24.400,-0.01,24.400,-0.01,24.400,0.01,24.400,-0.01,24.400,-0.03,24.400,0.01,24.400,-0.01,24.400,-0.02,24.400,-0.01
24.450,-0.02,24.450,0.01,24.450,0.00,24.450,-0.01,24.450,0.01,24.450,0.19,24.450,-0.01,24.450,0.06,24.450,-0.01,24.450,0.00,24.450,0.00,24.450,0.00,24.450,-0.01,24.450,-0.02,24.450,-0.01,24.450,1.52,24.450,0.00,24.450,0.06,24.450,0.01,24.450,0.03,24.450,-0.01,24.450,-0.02,24.450,-0.01,24.450,0.01,24.450,-0.01,24.450,-0.02,24.450,-0.02,24.450,0.00,24.450,0.01,24.450,0.01,24.450,0.00,24.450,0.00,24.450,0.11,24.450,0.00,24.450,0.01,24.450,0.04,24.450,0.00,24.450,-0.01,24.450,0.01,24.450,0.01,24.450,-0.01,24.450,-0.01,24.450,0.02,24.450,-0.01,24.450,0.05,24.450,0.05,24.450,0.00,24.450,0.01,24.450,0.02,24.450,0.01,24.450,0.00,24.450,1.71,24.450,0.00,24.450,-0.01,24.450,1.71,24.450,0.01,24.450,0.00,24.450,-0.01,24.450,0.00,24.450,-0.01,24.450,-0.03,24.450,0.01,24.450,-0.01,24.450,0.01,24.450,-0.01
24.500,-0.01,24.500,0.00,24.500,0.00,24.500,0.01,24.500,0.01,24.500,0.43,24.500,0.01,24.500,0.08,24.500,-0.01,24.500,0.01,24.500,0.00,24.500,0.01,24.500,-0.01,24.500,-0.01,24.500,-0.01,24.500,2.30,24.500,-0.01,24.500,-0.01,24.500,0.01,24.500,0.02,24.500,0.01,24.500,-0.01,24.500,-0.01,24.500,0.01,24.500,0.01,24.500,-0.02,24.500,0.00,24.500,0.00,24.500,0.01,24.500,0.00,24.500,-0.02,24.500,0.00,24.500,0.17,24.500,0.01,24.500,0.02,24.500,0.05,24.500,0.00,24.500,-0.01,24.500,0.01,24.500,0.01,24.500,-0.02,24.500,-0.02,24.500,0.00,24.500,-0.01,24.500,0.06,24.500,0.07,24.500,0.00,24.500,0.01,24.500,0.02,24.500,0.01,24.500,0.01,24.500,1.97,24.500,0.00,24.500,-0.02,24.500,2.23,24.500,0.02,24.500,0.01,24.500,-0.01,24.500,0.00,24.500,-0.01,24.500,0.08,24.500,0.01,24.500,-0.01,24.500,0.02,24.500,0.00
24.550,-0.01,24.550,0.01,24.550,0.01,24.550,0.01,24.550,0.02,24.550,0.98,24.550,0.02,24.550,0.11,24.550,-0.01,24.550,0.02,24.550,0.01,24.550,0.00,24.550,0.00,24.550,0.00,24.550,-0.01,24.550,2.92,24.550,-0.01,24.550,-0.01,24.550,0.00,24.550,0.03,24.550,0.00,24.550,-0.01,24.550,-0.01,24.550,0.00,24.550,0.02,24.550,-0.03,24.550,-0.01,24.550,0.00,24.550,0.01,24.550,0.01,24.550,-0.01,24.550,-0.01,24.550,0.28,24.550,0.01,24.550,0.01,24.550,0.06,24.550,0.01,24.550,-0.01,24.550,0.00,24.550,0.00,24.550,-0.02,24.550,-0.01,24.550,0.07,24.550,-0.01,24.550,0.07,24.550,0.08,24.550,0.00,24.550,0.01,24.550,0.02,24.550,0.00,24.550,0.03,24.550,0.22,24.550,0.01,24.550,-0.01,24.550,1.80,24.550,0.02,24.550,0.01,24.550,0.00,24.550,0.02,24.550,0.01,24.550,-0.01,24.550,0.01,24.550,-0.01,24.550,0.01,24.550,0.00
24.600,-0.01,24.600,0.03,24.600,0.02,24.600,0.03,24.600,0.02,24.600,1.47,24.600,-0.01,24.600,0.14,24.600,-0.01,24.600,0.01,24.600,0.00,24.600,0.00,24.600,-0.01,24.600,0.00,24.600,0.00,24.600,0.30,24.600,0.00,24.600,-0.01,24.600,0.00,24.600,0.03,24.600,0.01,24.600,-0.02,24.600,0.00,24.600,0.01,24.600,0.04,24.600,-0.03,24.600,0.00,24.600,0.00,24.600,0.00,24.600,0.00,24.600,-0.01,24.600,0.00,24.600,0.53,24.600,0.00,24.600,0.00,24.600,0.07,24.600,-0.01,24.600,-0.01,24.600,0.02,24.600,0.01,24.600,-0.02,24.600,-0.01,24.600,0.04,24.600,0.00,24.600,0.07,24.600,0.12,24.600,0.00,24.600,0.01,24.600,0.03,24.600,0.00,24.600,0.01,24.600,0.04,24.600,0.00,24.600,-0.01,24.600,1.68,24.600,0.03,24.600,0.01,24.600,0.09,24.600,0.03,24.600,0.02,24.600,0.02,24.600,0.02,24.600,-0.01,24.600,0.01,24.600,-0.01
24.650,-0.01,24.650,0.03,24.650,0.00,24.650,0.04,24.650,0.01,24.650,1.75,24.650,-0.01,24.650,0.23,24.650,-0.02,24.650,0.01,24.650,0.00,24.650,0.01,24.650,-0.02,24.650,0.00,24.650,-0.01,24.650,0.07,24.650,0.01,24.650,-0.02,24.650,0.00,24.650,0.05,24.650,0.01,24.650,-0.01,24.650,-0.01,24.650,0.00,24.650,0.03,24.650,-0.03,24.650,-0.01,24.650,0.00,24.650,-0.01,24.650,0.00,24.650,-0.02,24.650,-0.01,24.650,1.00,24.650,-0.01,24.650,0.01,24.650,0.08,24.650,-0.01,24.650,-0.01,24.650,0.02,24.650,0.01,24.650,-0.01,24.650,-0.01,24.650,0.01,24.650,0.00,24.650,0.08,24.650,0.23,24.650,0.00,24.650,0.01,24.650,0.03,24.650,0.01,24.650,0.00,24.650,-0.03,24.650,0.01,24.650,-0.01,24.650,2.03,24.650,0.05,24.650,0.00,24.650,0.04,24.650,0.00,24.650,0.04,24.650,-0.04,24.650,0.01,24.650,-0.01,24.650,0.01,24.650,0.01
24.700,5.55E-17,24.700,0.03,24.700,0.00,24.700,0.03,24.700,0.01,24.700,2.00,24.700,0.00,24.700,0.43,24.700,-0.02,24.700,0.02,24.700,0.00,24.700,-0.01,24.700,-0.01,24.700,0.00,24.700,-0.01,24.700,-0.01,24.700,0.00,24.700,-0.02,24.700,0.01,24.700,0.06,24.700,0.01,24.700,-0.02,24.700,-0.01,24.700,0.00,24.700,0.02,24.700,-0.02,24.700,-0.02,24.700,0.01,24.700,0.00,24.700,0.02,24.700,-0.02,24.700,-0.01,24.700,1.32,24.700,-0.01,24.700,0.01,24.700,0.13,24.700,-0.01,24.700,0.00,24.700,0.01,24.700,0.02,24.700,-0.01,24.700,-0.01,24.700,0.01,24.700,-0.01,24.700,0.10,24.700,0.51,24.700,0.00,24.700,0.00,24.700,0.03,24.700,0.01,24.700,0.00,24.700,-0.03,24.700,0.01,24.700,0.00,24.700,2.50,24.700,0.06,24.700,-0.01,24.700,0.02,24.700,-0.01,24.700,0.06,24.700,-0.01,24.700,0.00,24.700,-0.01,24.700,0.01,24.700,0.00
24.750,-0.01,24.750,0.03,24.750,0.01,24.750,0.05,24.750,0.01,24.750,2.28,24.750,0.00,24.750,0.95,24.750,-0.01,24.750,0.02,24.750,0.00,24.750,0.00,24.750,-0.02,24.750,0.00,24.750,0.00,24.750,-0.01,24.750,-0.01,24.750,-0.02,24.750,0.00,24.750,0.08,24.750,0.01,24.750,-0.01,24.750,0.00,24.750,0.00,24.750,0.02,24.750,-0.02,24.750,-0.01,24.750,0.01,24.750,0.00,24.750,0.01,24.750,-0.02,24.750,-0.01,24.750,0.09,24.750,0.00,24.750,0.00,24.750,0.41,24.750,0.00,24.750,0.00,24.750,0.01,24.750,0.01,24.750,0.00,24.750,-0.01,24.750,0.01,24.750,0.00,24.750,0.10,24.750,0.88,24.750,0.00,24.750,0.00,24.750,0.03,24.750,0.00,24.750,0.01,24.750,-0.03,24.750,0.00,24.750,-0.01,24.750,2.48,24.750,0.09,24.750,-0.01,24.750,-0.02,24.750,0.01,24.750,0.42,24.750,0.00,24.750,0.01,24.750,-0.02,24.750,0.03,24.750,0.00
24.800,-0.01,24.800,0.04,24.800,0.00,24.800,0.06,24.800,0.01,24.800,2.44,24.800,-0.01,24.800,1.22,24.800,0.00,24.800,0.01,24.800,0.00,24.800,0.01,24.800,-0.01,24.800,0.00,24.800,0.00,24.800,0.00,24.800,-0.01,24.800,-0.01,24.800,-0.01,24.800,0.10,24.800,0.00,24.800,-0.02,24.800,0.01,24.800,0.00,24.800,0.03,24.800,-0.02,24.800,-0.01,24.800,0.01,24.800,0.00,24.800,0.01,24.800,-0.01,24.800,-0.01,24.800,0.05,24.800,0.01,24.800,0.01,24.800,1.41,24.800,-0.01,24.800,0.01,24.800,0.01,24.800,0.01,24.800,-0.01,24.800,-0.01,24.800,0.02,24.800,0.00,24.800,0.10,24.800,1.09,24.800,0.00,24.800,-0.01,24.800,0.03,24.800,0.00,24.800,0.01,24.800,-0.03,24.800,0.01,24.800,-0.01,24.800,3.12,24.800,0.21,24.800,-0.01,24.800,0.01,24.800,0.00,24.800,2.80,24.800,0.01,24.800,0.00,24.800,-0.01,24.800,0.06,24.800,0.00
24.850,-0.01,24.850,0.05,24.850,0.00,24.850,0.10,24.850,0.02,24.850,2.54,24.850,-0.01,24.850,0.13,24.850,-0.01,24.850,0.01,24.850,0.00,24.850,0.00,24.850,-0.01,24.850,0.00,24.850,0.00,24.850,0.00,24.850,0.00,24.850,-0.01,24.850,0.01,24.850,0.15,24.850,0.01,24.850,-0.01,24.850,0.00,24.850,0.00,24.850,0.05,24.850,-0.03,24.850,-0.01,24.850,0.00,24.850,0.00,24.850,0.00,24.850,-0.02,24.850,-0.01,24.850,0.00,24.850,0.00,24.850,0.01,24.850,2.20,24.850,0.00,24.850,0.00,24.850,0.02,24.850,0.02,24.850,0.00,24.850,-0.02,24.850,0.02,24.850,0.00,24.850,0.10,24.850,1.32,24.850,-0.01,24.850,0.00,24.850,0.04,24.850,0.00,24.850,0.02,24.850,-0.03,24.850,0.00,24.850,0.00,24.850,3.29,24.850,1.43,24.850,-0.01,24.850,0.02,24.850,0.02,24.850,2.33,24.850,0.04,24.850,0.00,24.850,-0.01,24.850,0.16,24.850,0.00
24.900,-0.01,24.900,0.08,24.900,0.00,24.900,0.16,24.900,0.03,24.900,2.75,24.900,-0.01,24.900,0.06,24.900,-0.01,24.900,0.01,24.900,0.00,24.900,0.00,24.900,-0.02,24.900,-0.01,24.900,0.00,24.900,0.01,24.900,-0.01,24.900,-0.01,24.900,0.01,24.900,0.29,24.900,0.01,24.900,-0.02,24.900,0.01,24.900,0.00,24.900,0.09,24.900,-0.02,24.900,0.00,24.900,0.01,24.900,0.01,24.900,0.01,24.900,-0.02,24.900,-0.01,24.900,0.00,24.900,-0.01,24.900,0.01,24.900,2.57,24.900,-0.01,24.900,0.00,24.900,0.02,24.900,0.01,24.900,0.00,24.900,-0.02,24.900,0.02,24.900,0.00,24.900,0.12,24.900,1.46,24.900,0.01,24.900,0.00,24.900,0.02,24.900,0.00,24.900,0.01,24.900,-0.03,24.900,0.00,24.900,0.01,24.900,3.54,24.900,1.95,24.900,-0.01,24.900,0.04,24.900,0.04,24.900,1.80,24.900,0.46,24.900,0.03,24.900,-0.01,24.900,3.36,24.900,0.00
24.950,-0.01,24.950,0.15,24.950,0.00,24.950,0.24,24.950,0.02,24.950,2.89,24.950,0.00,24.950,0.00,24.950,0.01,24.950,0.00,24.950,0.00,24.950,0.00,24.950,0.00,24.950,0.00,24.950,-0.01,24.950,0.00,24.950,-0.01,24.950,-0.01,24.950,0.02,24.950,0.40,24.950,0.00,24.950,-0.01,24.950,0.01,24.950,0.00,24.950,0.34,24.950,-0.02,24.950,-0.01,24.950,0.01,24.950,0.01,24.950,0.01,24.950,-0.02,24.950,-0.01,24.950,0.00,24.950,0.01,24.950,0.01,24.950,2.81,24.950,-0.02,24.950,0.00,24.950,0.03,24.950,0.02,24.950,0.00,24.950,-0.01,24.950,0.01,24.950,0.00,24.950,0.12,24.950,1.63,24.950,0.01,24.950,-0.01,24.950,0.04,24.950,0.01,24.950,0.02,24.950,-0.03,24.950,0.00,24.950,0.01,24.950,3.65,24.950,1.76,24.950,-0.01,24.950,0.06,24.950,0.04,24.950,2.84,24.950,4.59,24.950,0.04,24.950,0.00,24.950,3.16,24.950,-0.01
25.000,0.01,25.000,0.55,25.000,0.01,25.000,0.38,25.000,0.04,25.000,0.08,25.000,-0.01,25.000,0.01,25.000,0.00,25.000,0.01,25.000,-0.01,25.000,0.00,25.000,-0.01,25.000,0.00,25.000,-0.01,25.000,-0.01,25.000,-0.01,25.000,-0.01,25.000,0.01,25.000,0.06,25.000,0.02,25.000,-0.01,25.000,0.00,25.000,-0.01,25.000,0.17,25.000,-0.02,25.000,0.00,25.000,0.00,25.000,0.01,25.000,0.01,25.000,-0.02,25.000,0.00,25.000,0.00,25.000,0.00,25.000,0.00,25.000,2.66,25.000,-0.02,25.000,0.00,25.000,0.04,25.000,0.01,25.000,0.00,25.000,-0.01,25.000,0.02,25.000,0.00,25.000,0.16,25.000,1.82,25.000,0.00,25.000,-0.01,25.000,0.03,25.000,0.00,25.000,0.01,25.000,-0.03,25.000,0.00,25.000,0.03,25.000,3.76,25.000,1.78,25.000,-0.01,25.000,0.20,25.000,0.11,25.000,4.38,25.000,3.51,25.000,0.06,25.000,0.00,25.000,2.99,25.000,0.01
25.050,-0.01,25.050,1.27,25.050,0.00,25.050,0.56,25.050,0.05,25.050,0.03,25.050,0.00,25.050,0.01,25.050,-0.01,25.050,0.02,25.050,0.00,25.050,-0.01,25.050,-0.01,25.050,0.00,25.050,0.00,25.050,-0.01,25.050,-0.02,25.050,-0.02,25.050,0.00,25.050,0.03,25.050,0.01,25.050,-0.02,25.050,0.01,25.050,0.00,25.050,0.05,25.050,0.02,25.050,-0.01,25.050,0.00,25.050,0.01,25.050,0.01,25.050,-0.02,25.050,0.00,25.050,0.00,25.050,0.00,25.050,0.00,25.050,0.08,25.050,0.05,25.050,0.00,25.050,0.04,25.050,0.01,25.050,-0.02,25.050,-0.02,25.050,0.03,25.050,0.02,25.050,0.30,25.050,1.98,25.050,0.01,25.050,0.00,25.050,0.03,25.050,0.00,25.050,0.01,25.050,-0.02,25.050,-0.01,25.050,0.04,25.050,3.93,25.050,2.22,25.050,0.01,25.050,3.24,25.050,2.67,25.050,4.46,25.050,2.65,25.050,0.07,25.050,-0.01,25.050,3.75,25.050,0.03
25.100,5.55E-17,25.100,1.57,25.100,0.00,25.100,0.68,25.100,0.06,25.100,-0.01,25.100,-0.01,25.100,0.02,25.100,0.00,25.100,0.02,25.100,0.00,25.100,-0.01,25.100,-0.01,25.100,0.00,25.100,-0.02,25.100,0.00,25.100,-0.01,25.100,-0.02,25.100,-0.01,25.100,-0.02,25.100,0.02,25.100,-0.01,25.100,0.00,25.100,0.00,25.100,-0.02,25.100,0.01,25.100,-0.01,25.100,0.00,25.100,0.01,25.100,0.00,25.100,-0.02,25.100,0.01,25.100,0.00,25.100,0.00,25.100,0.00,25.100,0.04,25.100,0.00,25.100,-0.01,25.100,0.05,25.100,0.02,25.100,-0.01,25.100,-0.01,25.100,0.01,25.100,0.00,25.100,0.46,25.100,2.19,25.100,0.00,25.100,0.00,25.100,0.03,25.100,0.00,25.100,0.01,25.100,-0.03,25.100,0.00,25.100,0.07,25.100,4.05,25.100,2.66,25.100,0.02,25.100,3.24,25.100,4.18,25.100,4.76,25.100,3.35,25.100,0.14,25.100,0.00,25.100,4.73,25.100,0.03
25.150,5.55E-17,25.150,1.90,25.150,0.00,25.150,0.13,25.150,0.08,25.150,0.01,25.150,0.02,25.150,0.01,25.150,0.00,25.150,0.03,25.150,0.00,25.150,0.00,25.150,-0.01,25.150,0.00,25.150,-0.01,25.150,0.00,25.150,-0.01,25.150,-0.02,25.150,0.00,25.150,-0.01,25.150,0.02,25.150,-0.02,25.150,0.00,25.150,0.00,25.150,0.00,25.150,-0.03,25.150,0.00,25.150,-0.01,25.150,0.01,25.150,0.01,25.150,-0.03,25.150,0.01,25.150,-0.01,25.150,0.01,25.150,0.00,25.150,-0.01,25.150,-0.02,25.150,0.00,25.150,0.06,25.150,0.01,25.150,-0.01,25.150,-0.01,25.150,0.01,25.150,0.01,25.150,0.12,25.150,2.46,25.150,0.00,25.150,0.00,25.150,0.04,25.150,0.01,25.150,0.01,25.150,-0.04,25.150,0.01,25.150,0.27,25.150,4.17,25.150,3.14,25.150,0.03,25.150,2.49,25.150,2.74,25.150,1.04,25.150,4.42,25.150,0.65,25.150,-0.01,25.150,5.36,25.150,0.00
25.200,-0.01,25.200,2.10,25.200,0.00,25.200,0.04,25.200,0.12,25.200,0.00,25.200,0.01,25.200,0.01,25.200,0.00,25.200,0.04,25.200,0.00,25.200,0.00,25.200,0.00,25.200,0.00,25.200,-0.01,25.200,0.00,25.200,0.00,25.200,-0.02,25.200,-0.01,25.200,0.00,25.200,0.04,25.200,0.00,25.200,0.00,25.200,0.00,25.200,-0.01,25.200,-0.02,25.200,0.01,25.200,-0.01,25.200,0.01,25.200,0.01,25.200,-0.02,25.200,0.01,25.200,-0.01,25.200,0.01,25.200,0.01,25.200,0.00,25.200,-0.03,25.200,0.01,25.200,0.08,25.200,0.01,25.200,-0.01,25.200,-0.01,25.200,0.02,25.200,0.00,25.200,0.06,25.200,2.67,25.200,0.01,25.200,-0.01,25.200,0.05,25.200,0.01,25.200,0.00,25.200,-0.04,25.200,0.00,25.200,1.70,25.200,4.11,25.200,3.56,25.200,-0.01,25.200,3.13,25.200,2.01,25.200,0.06,25.200,4.83,25.200,1.98,25.200,-0.01,25.200,1.61,25.200,0.00
25.250,-0.01,25.250,2.20,25.250,0.01,25.250,-0.02,25.250,0.27,25.250,0.00,25.250,0.02,25.250,0.01,25.250,-0.01,25.250,0.04,25.250,-0.01,25.250,-0.01,25.250,0.00,25.250,0.00,25.250,-0.01,25.250,0.00,25.250,-0.01,25.250,-0.02,25.250,-0.01,25.250,0.00,25.250,0.02,25.250,-0.02,25.250,-0.01,25.250,0.00,25.250,-0.01,25.250,-0.01,25.250,0.01,25.250,0.02,25.250,0.01,25.250,0.02,25.250,-0.02,25.250,0.01,25.250,0.00,25.250,0.01,25.250,0.01,25.250,-0.01,25.250,-0.02,25.250,-0.01,25.250,0.11,25.250,0.02,25.250,-0.02,25.250,-0.01,25.250,0.01,25.250,0.01,25.250,0.01,25.250,1.43,25.250,0.00,25.250,0.00,25.250,0.04,25.250,0.00,25.250,-0.01,25.250,-0.04,25.250,0.01,25.250,2.39,25.250,4.16,25.250,3.99,25.250,0.01,25.250,4.37,25.250,3.53,25.250,0.00,25.250,4.74,25.250,1.60,25.250,-0.01,25.250,0.07,25.250,0.01
25.300,-0.01,25.300,0.06,25.300,0.00,25.300,-0.01,25.300,0.20,25.300,0.00,25.300,0.03,25.300,0.02,25.300,-0.01,25.300,0.05,25.300,-0.01,25.300,0.00,25.300,-0.01,25.300,0.01,25.300,-0.01,25.300,0.01,25.300,-0.01,25.300,-0.02,25.300,-0.01,25.300,0.00,25.300,0.04,25.300,-0.02,25.300,-0.01,25.300,0.00,25.300,-0.01,25.300,-0.01,25.300,0.01,25.300,-0.02,25.300,0.00,25.300,0.00,25.300,-0.02,25.300,0.00,25.300,0.01,25.300,0.01,25.300,0.00,25.300,0.00,25.300,-0.02,25.300,0.00,25.300,0.18,25.300,0.01,25.300,-0.02,25.300,-0.01,25.300,0.01,25.300,0.00,25.300,0.00,25.300,0.07,25.300,0.01,25.300,0.01,25.300,0.04,25.300,0.00,25.300,0.00,25.300,-0.03,25.300,0.01,25.300,2.60,25.300,4.36,25.300,4.35,25.300,0.01,25.300,4.28,25.300,4.82,25.300,-0.02,25.300,5.20,25.300,1.78,25.300,-0.01,25.300,0.01,25.300,0.01
25.350,-0.02,25.350,0.03,25.350,0.00,25.350,-0.01,25.350,0.06,25.350,-0.01,25.350,0.04,25.350,0.01,25.350,-0.01,25.350,0.05,25.350,0.00,25.350,-0.01,25.350,-0.01,25.350,0.00,25.350,-0.01,25.350,0.00,25.350,0.01,25.350,-0.02,25.350,-0.01,25.350,0.00,25.350,0.04,25.350,-0.02,25.350,0.01,25.350,-0.01,25.350,0.00,25.350,0.00,25.350,0.00,25.350,-0.02,25.350,0.01,25.350,0.01,25.350,-0.01,25.350,0.02,25.350,0.01,25.350,0.01,25.350,0.01,25.350,0.01,25.350,-0.02,25.350,0.01,25.350,0.27,25.350,0.01,25.350,-0.02,25.350,-0.01,25.350,0.01,25.350,0.01,25.350,0.01,25.350,0.00,25.350,0.01,25.350,0.01,25.350,0.04,25.350,0.01,25.350,0.02,25.350,-0.04,25.350,0.00,25.350,3.13,25.350,4.54,25.350,4.57,25.350,0.01,25.350,0.09,25.350,4.76,25.350,-0.02,25.350,1.03,25.350,2.81,25.350,-0.01,25.350,-0.01,25.350,0.01
25.400,-0.01,25.400,2.78E-17,25.400,0.00,25.400,-0.01,25.400,0.00,25.400,0.00,25.400,0.04,25.400,0.01,25.400,-0.01,25.400,0.06,25.400,0.06,25.400,0.01,25.400,-0.01,25.400,0.00,25.400,-0.01,25.400,0.01,25.400,0.01,25.400,-0.02,25.400,0.01,25.400,0.00,25.400,0.04,25.400,-0.02,25.400,0.02,25.400,-0.01,25.400,0.01,25.400,-0.01,25.400,-0.01,25.400,-0.01,25.400,0.00,25.400,0.02,25.400,-0.02,25.400,0.00,25.400,0.01,25.400,0.01,25.400,0.02,25.400,0.00,25.400,-0.01,25.400,0.00,25.400,0.41,25.400,0.00,25.400,-0.01,25.400,-0.02,25.400,0.01,25.400,0.00,25.400,0.01,25.400,0.00,25.400,0.04,25.400,0.01,25.400,0.04,25.400,0.01,25.400,0.03,25.400,-0.04,25.400,0.01,25.400,3.72,25.400,1.13,25.400,0.37,25.400,0.02,25.400,0.05,25.400,4.50,25.400,-0.01,25.400,0.06,25.400,3.97,25.400,-0.01,25.400,0.00,25.400,0.01
25.450,-0.01,25.450,0.02,25.450,0.01,25.450,-0.01,25.450,0.00,25.450,0.00,25.450,0.06,25.450,0.01,25.450,-0.01,25.450,0.08,25.450,0.03,25.450,-0.01,25.450,-0.02,25.450,0.01,25.450,-0.01,25.450,0.00,25.450,0.02,25.450,-0.03,25.450,0.00,25.450,0.01,25.450,0.05,25.450,-0.01,25.450,0.04,25.450,0.00,25.450,0.00,25.450,0.00,25.450,-0.01,25.450,-0.01,25.450,0.01,25.450,0.01,25.450,-0.01,25.450,0.01,25.450,0.01,25.450,0.01,25.450,0.01,25.450,0.01,25.450,-0.02,25.450,-0.01,25.450,0.55,25.450,0.01,25.450,-0.01,25.450,-0.01,25.450,0.05,25.450,0.00,25.450,0.02,25.450,0.00,25.450,0.03,25.450,0.01,25.450,0.04,25.450,0.02,25.450,0.02,25.450,-0.03,25.450,0.01,25.450,3.94,25.450,0.08,25.450,0.07,25.450,0.03,25.450,0.00,25.450,4.52,25.450,0.00,25.450,0.00,25.450,4.94,25.450,-0.01,25.450,0.00,25.450,0.02
25.500,-0.01,25.500,0.01,25.500,0.01,25.500,-0.01,25.500,0.01,25.500,0.00,25.500,0.07,25.500,0.00,25.500,-0.02,25.500,0.14,25.500,-0.01,25.500,-0.01,25.500,-0.01,25.500,0.01,25.500,-0.01,25.500,-0.01,25.500,0.02,25.500,-0.02,25.500,-0.01,25.500,-0.01,25.500,0.05,25.500,-0.02,25.500,0.01,25.500,0.00,25.500,0.00,25.500,0.01,25.500,-0.01,25.500,-0.01,25.500,0.00,25.500,0.02,25.500,-0.01,25.500,0.02,25.500,0.02,25.500,0.01,25.500,0.01,25.500,0.00,25.500,-0.01,25.500,-0.01,25.500,0.79,25.500,0.01,25.500,0.00,25.500,-0.02,25.500,0.04,25.500,0.01,25.500,0.00,25.500,-0.01,25.500,0.02,25.500,0.00,25.500,0.05,25.500,0.02,25.500,0.04,25.500,-0.03,25.500,0.01,25.500,3.87,25.500,0.00,25.500,0.00,25.500,0.05,25.500,0.01,25.500,2.37,25.500,-0.01,25.500,-0.02,25.500,4.94,25.500,-0.02,25.500,0.00,25.500,0.07
25.550,-0.01,25.550,0.01,25.550,0.01,25.550,-0.01,25.550,0.00,25.550,-0.01,25.550,0.12,25.550,0.00,25.550,0.00,25.550,0.31,25.550,0.00,25.550,-0.01,25.550,-0.01,25.550,0.01,25.550,0.00,25.550,0.01,25.550,0.04,25.550,-0.02,25.550,-0.01,25.550,-0.01,25.550,0.06,25.550,-0.02,25.550,-0.01,25.550,0.01,25.550,0.00,25.550,-0.01,25.550,-0.01,25.550,0.00,25.550,0.00,25.550,0.01,25.550,0.01,25.550,0.01,25.550,0.01,25.550,0.00,25.550,0.02,25.550,0.00,25.550,-0.02,25.550,-0.01,25.550,0.52,25.550,0.02,25.550,-0.01,25.550,-0.01,25.550,0.05,25.550,0.02,25.550,0.01,25.550,-0.01,25.550,0.00,25.550,0.00,25.550,0.05,25.550,0.01,25.550,0.03,25.550,-0.03,25.550,0.01,25.550,4.06,25.550,-0.01,25.550,-0.01,25.550,0.14,25.550,-0.01,25.550,0.08,25.550,-0.01,25.550,-0.04,25.550,4.10,25.550,-0.01,25.550,0.00,25.550,2.29
25.600,-0.01,25.600,0.01,25.600,0.00,25.600,-0.01,25.600,-0.01,25.600,0.00,25.600,0.38,25.600,0.00,25.600,0.00,25.600,0.26,25.600,-0.01,25.600,0.00,25.600,-0.01,25.600,0.01,25.600,0.00,25.600,0.01,25.600,0.04,25.600,-0.02,25.600,0.00,25.600,0.00,25.600,0.07,25.600,-0.01,25.600,0.01,25.600,0.00,25.600,0.02,25.600,-0.01,25.600,-0.01,25.600,0.00,25.600,0.00,25.600,0.01,25.600,0.01,25.600,0.01,25.600,0.01,25.600,0.01,25.600,0.02,25.600,0.00,25.600,-0.01,25.600,-0.01,25.600,0.11,25.600,0.01,25.600,-0.01,25.600,-0.02,25.600,0.06,25.600,0.03,25.600,0.01,25.600,-0.01,25.600,0.00,25.600,0.00,25.600,0.05,25.600,0.01,25.600,0.05,25.600,-0.03,25.600,0.01,25.600,4.24,25.600,-0.01,25.600,-0.01,25.600,2.93,25.600,-0.01,25.600,0.04,25.600,-0.02,25.600,-0.02,25.600,0.06,25.600,-0.01,25.600,0.00,25.600,4.27
25.650,-0.01,25.650,0.01,25.650,0.00,25.650,-0.02,25.650,0.00,25.650,-0.01,25.650,1.51,25.650,0.01,25.650,-0.01,25.650,0.07,25.650,-0.01,25.650,0.01,25.650,-0.01,25.650,0.00,25.650,0.00,25.650,0.00,25.650,0.06,25.650,-0.01,25.650,0.00,25.650,0.00,25.650,0.08,25.650,-0.01,25.650,0.01,25.650,0.00,25.650,0.01,25.650,0.01,25.650,0.00,25.650,0.00,25.650,0.01,25.650,0.01,25.650,0.00,25.650,0.01,25.650,0.01,25.650,0.01,25.650,0.01,25.650,0.00,25.650,-0.01,25.650,-0.01,25.650,0.04,25.650,0.01,25.650,-0.02,25.650,-0.02,25.650,0.05,25.650,0.02,25.650,0.00,25.650,-0.01,25.650,0.02,25.650,0.00,25.650,0.04,25.650,0.01,25.650,0.06,25.650,-0.03,25.650,0.01,25.650,4.31,25.650,0.00,25.650,0.01,25.650,3.56,25.650,-0.01,25.650,0.00,25.650,0.00,25.650,-0.02,25.650,0.04,25.650,0.00,25.650,0.00,25.650,3.32
25.700,0.00,25.700,0.02,25.700,-0.01,25.700,-0.01,25.700,0.00,25.700,-0.01,25.700,2.04,25.700,0.00,25.700,0.01,25.700,0.01,25.700,-0.01,25.700,0.04,25.700,-0.01,25.700,0.00,25.700,-0.01,25.700,-0.01,25.700,0.06,25.700,-0.01,25.700,-0.01,25.700,0.00,25.700,0.10,25.700,-0.01,25.700,0.00,25.700,0.00,25.700,0.00,25.700,0.00,25.700,0.00,25.700,0.00,25.700,0.01,25.700,0.02,25.700,-0.01,25.700,0.01,25.700,0.01,25.700,0.00,25.700,0.02,25.700,0.00,25.700,-0.01,25.700,-0.01,25.700,-0.02,25.700,0.01,25.700,-0.01,25.700,-0.02,25.700,0.06,25.700,0.03,25.700,0.01,25.700,-0.01,25.700,0.01,25.700,0.00,25.700,0.04,25.700,0.01,25.700,0.07,25.700,-0.02,25.700,0.01,25.700,4.40,25.700,-0.01,25.700,0.00,25.700,2.36,25.700,-0.02,25.700,0.01,25.700,-0.01,25.700,-0.02,25.700,-0.01,25.700,-0.01,25.700,0.01,25.700,3.32
25.750,-0.01,25.750,0.02,25.750,-0.01,25.750,0.00,25.750,0.00,25.750,-0.01,25.750,2.25,25.750,0.00,25.750,0.01,25.750,0.01,25.750,-0.01,25.750,0.02,25.750,-0.01,25.750,0.00,25.750,0.00,25.750,-0.01,25.750,0.09,25.750,-0.01,25.750,-0.01,25.750,0.01,25.750,0.11,25.750,0.00,25.750,-0.01,25.750,0.00,25.750,-0.01,25.750,0.01,25.750,-0.01,25.750,0.00,25.750,-0.01,25.750,0.02,25.750,0.00,25.750,0.01,25.750,0.01,25.750,-0.01,25.750,0.02,25.750,0.01,25.750,0.00,25.750,0.01,25.750,-0.01,25.750,0.01,25.750,-0.03,25.750,-0.02,25.750,0.06,25.750,0.02,25.750,0.02,25.750,-0.01,25.750,0.01,25.750,0.01,25.750,0.05,25.750,0.01,25.750,0.10,25.750,0.01,25.750,0.01,25.750,4.39,25.750,-0.01,25.750,0.01,25.750,2.07,25.750,-0.02,25.750,-0.01,25.750,-0.01,25.750,-0.02,25.750,-0.01,25.750,-0.01,25.750,0.00,25.750,5.26
25.800,-0.01,25.800,0.01,25.800,-0.01,25.800,0.00,25.800,-0.01,25.800,-0.01,25.800,0.14,25.800,0.00,25.800,0.01,25.800,0.01,25.800,0.00,25.800,-0.02,25.800,-0.01,25.800,0.01,25.800,0.00,25.800,0.00,25.800,0.18,25.800,-0.02,25.800,-0.01,25.800,0.01,25.800,0.16,25.800,-0.01,25.800,0.00,25.800,0.00,25.800,0.01,25.800,0.02,25.800,0.00,25.800,-0.01,25.800,0.01,25.800,0.01,25.800,-0.01,25.800,0.03,25.800,0.00,25.800,0.00,25.800,0.01,25.800,0.01,25.800,0.01,25.800,0.00,25.800,-0.01,25.800,0.00,25.800,-0.02,25.800,-0.01,25.800,0.05,25.800,0.03,25.800,0.01,25.800,0.00,25.800,0.02,25.800,-0.01,25.800,0.06,25.800,0.00,25.800,0.17,25.800,-0.01,25.800,0.02,25.800,3.00,25.800,-0.01,25.800,0.01,25.800,3.14,25.800,-0.01,25.800,0.00,25.800,-0.01,25.800,-0.02,25.800,-0.01,25.800,-0.01,25.800,-0.01,25.800,0.13
25.850,-0.01,25.850,0.01,25.850,0.00,25.850,0.00,25.850,0.01,25.850,0.00,25.850,0.05,25.850,-0.01,25.850,0.01,25.850,0.01,25.850,0.02,25.850,0.00,25.850,-0.01,25.850,0.00,25.850,0.01,25.850,0.00,25.850,0.25,25.850,-0.02,25.850,-0.01,25.850,-0.01,25.850,0.33,25.850,-0.02,25.850,-0.01,25.850,0.00,25.850,0.00,25.850,0.04,25.850,-0.01,25.850,0.01,25.850,0.01,25.850,0.01,25.850,0.00,25.850,0.02,25.850,0.01,25.850,-0.01,25.850,0.01,25.850,0.01,25.850,0.01,25.850,0.00,25.850,0.00,25.850,0.00,25.850,-0.01,25.850,-0.01,25.850,0.05,25.850,0.05,25.850,0.01,25.850,-0.01,25.850,0.01,25.850,0.00,25.850,0.06,25.850,0.00,25.850,0.66,25.850,-0.04,25.850,0.03,25.850,0.05,25.850,-0.01,25.850,0.00,25.850,4.99,25.850,-0.01,25.850,0.01,25.850,-0.01,25.850,-0.01,25.850,0.00,25.850,-0.01,25.850,0.00,25.850,0.06
25.900,-0.01,25.900,0.00,25.900,0.00,25.900,0.00,25.900,0.01,25.900,0.00,25.900,-0.01,25.900,0.00,25.900,0.02,25.900,0.01,25.900,0.02,25.900,0.00,25.900,0.00,25.900,0.00,25.900,0.01,25.900,0.00,25.900,0.43,25.900,-0.01,25.900,0.01,25.900,0.00,25.900,1.11,25.900,-0.01,25.900,0.00,25.900,0.01,25.900,-0.01,25.900,0.04,25.900,-0.01,25.900,0.01,25.900,0.01,25.900,0.01,25.900,-0.01,25.900,0.02,25.900,0.01,25.900,-0.01,25.900,0.00,25.900,0.01,25.900,0.02,25.900,0.01,25.900,-0.01,25.900,0.00,25.900,0.00,25.900,-0.01,25.900,0.06,25.900,0.05,25.900,0.01,25.900,0.00,25.900,0.02,25.900,0.00,25.900,0.05,25.900,-0.01,25.900,1.43,25.900,-0.03,25.900,0.02,25.900,-0.02,25.900,0.01,25.900,0.01,25.900,0.25,25.900,-0.02,25.900,0.01,25.900,-0.01,25.900,0.00,25.900,0.00,25.900,0.00,25.900,-0.01,25.900,-0.01
25.950,-0.02,25.950,0.01,25.950,-0.01,25.950,-0.01,25.950,0.00,25.950,0.00,25.950,0.00,25.950,0.00,25.950,0.03,25.950,0.01,25.950,0.03,25.950,-0.01,25.950,0.00,25.950,-0.01,25.950,0.02,25.950,0.00,25.950,0.99,25.950,-0.02,25.950,0.02,25.950,0.00,25.950,2.48,25.950,-0.01,25.950,0.01,25.950,0.01,25.950,-0.02,25.950,0.05,25.950,0.00,25.950,0.03,25.950,0.01,25.950,0.00,25.950,0.00,25.950,0.03,25.950,0.01,25.950,0.00,25.950,0.02,25.950,0.01,25.950,0.02,25.950,0.00,25.950,-0.01,25.950,0.00,25.950,0.00,25.950,-0.02,25.950,0.07,25.950,0.07,25.950,0.01,25.950,-0.01,25.950,0.02,25.950,0.00,25.950,0.07,25.950,0.01,25.950,1.54,25.950,-0.03,25.950,0.01,25.950,-0.03,25.950,0.00,25.950,0.00,25.950,0.06,25.950,-0.02,25.950,0.00,25.950,-0.02,25.950,-0.01,25.950,0.00,25.950,-0.01,25.950,0.00,25.950,-0.01
26.000,-0.02,26.000,0.01,26.000,-0.01,26.000,0.01,26.000,0.00,26.000,0.01,26.000,0.00,26.000,-0.01,26.000,0.04,26.000,0.02,26.000,0.04,26.000,-0.01,26.000,0.01,26.000,0.01,26.000,0.02,26.000,0.01,26.000,1.68,26.000,-0.01,26.000,0.02,26.000,-0.01,26.000,2.09,26.000,-0.01,26.000,0.01,26.000,0.01,26.000,-0.01,26.000,0.05,26.000,0.00,26.000,0.04,26.000,0.01,26.000,0.00,26.000,0.00,26.000,0.03,26.000,0.02,26.000,-0.01,26.000,0.01,26.000,0.00,26.000,0.03,26.000,0.00,26.000,0.00,26.000,0.02,26.000,0.02,26.000,-0.02,26.000,0.07,26.000,0.09,26.000,0.01,26.000,-0.01,26.000,0.02,26.000,0.00,26.000,0.07,26.000,-0.02,26.000,1.47,26.000,-0.02,26.000,0.01,26.000,-0.02,26.000,0.01,26.000,0.01,26.000,-0.01,26.000,-0.02,26.000,0.00,26.000,-0.02,26.000,-0.01,26.000,0.00,26.000,-0.02,26.000,0.01,26.000,-0.02
26.050,0.00,26.050,0.01,26.050,-0.01,26.050,0.01,26.050,0.00,26.050,0.01,26.050,0.00,26.050,-0.01,26.050,0.05,26.050,0.01,26.050,0.04,26.050,-0.01,26.050,0.02,26.050,0.01,26.050,0.01,26.050,-0.01,26.050,2.21,26.050,0.00,26.050,0.03,26.050,0.00,26.050,0.06,26.050,-0.01,26.050,0.02,26.050,0.00,26.050,-0.01,26.050,0.08,26.050,-0.01,26.050,0.06,26.050,0.01,26.050,0.00,26.050,0.01,26.050,0.04,26.050,0.01,26.050,0.00,26.050,0.01,26.050,0.01,26.050,0.03,26.050,0.00,26.050,0.00,26.050,0.02,26.050,0.03,26.050,0.00,26.050,0.08,26.050,0.11,26.050,0.02,26.050,0.00,26.050,0.02,26.050,0.00,26.050,0.07,26.050,0.02,26.050,1.46,26.050,-0.03,26.050,0.03,26.050,-0.03,26.050,0.01,26.050,0.01,26.050,-0.02,26.050,-0.02,26.050,0.00,26.050,-0.02,26.050,-0.01,26.050,0.01,26.050,-0.01,26.050,0.01,26.050,-0.01
26.100,-0.01,26.100,0.01,26.100,0.01,26.100,-0.01,26.100,-0.01,26.100,0.01,26.100,-0.01,26.100,-0.01,26.100,0.07,26.100,0.03,26.100,0.05,26.100,0.00,26.100,0.02,26.100,0.01,26.100,0.02,26.100,-0.01,26.100,0.13,26.100,-0.01,26.100,0.03,26.100,0.00,26.100,0.01,26.100,-0.02,26.100,0.02,26.100,-0.01,26.100,-0.01,26.100,0.10,26.100,-0.01,26.100,0.07,26.100,0.01,26.100,0.00,26.100,0.00,26.100,0.04,26.100,0.00,26.100,0.00,26.100,0.01,26.100,0.00,26.100,0.05,26.100,-0.01,26.100,-0.01,26.100,0.02,26.100,-0.01,26.100,0.01,26.100,0.09,26.100,0.18,26.100,0.02,26.100,-0.01,26.100,0.02,26.100,0.00,26.100,0.07,26.100,0.00,26.100,1.66,26.100,-0.03,26.100,0.02,26.100,-0.03,26.100,0.01,26.100,0.00,26.100,-0.02,26.100,-0.02,26.100,-0.01,26.100,-0.01,26.100,-0.02,26.100,0.00,26.100,-0.02,26.100,0.04,26.100,0.00
26.150,-0.01,26.150,0.00,26.150,0.00,26.150,0.00,26.150,0.00,26.150,0.01,26.150,-0.01,26.150,0.00,26.150,0.09,26.150,0.03,26.150,0.08,26.150,0.00,26.150,0.02,26.150,0.01,26.150,0.02,26.150,0.00,26.150,0.05,26.150,-0.01,26.150,0.03,26.150,-0.01,26.150,-0.01,26.150,-0.01,26.150,0.01,26.150,-0.01,26.150,-0.02,26.150,0.19,26.150,-0.01,26.150,0.09,26.150,0.02,26.150,0.00,26.150,0.00,26.150,0.05,26.150,0.01,26.150,0.00,26.150,0.01,26.150,0.00,26.150,0.04,26.150,0.00,26.150,0.00,26.150,0.02,26.150,-0.01,26.150,0.00,26.150,0.12,26.150,0.37,26.150,0.02,26.150,0.00,26.150,0.03,26.150,0.00,26.150,0.07,26.150,0.01,26.150,1.90,26.150,-0.03,26.150,0.03,26.150,-0.03,26.150,0.01,26.150,0.00,26.150,-0.01,26.150,-0.02,26.150,-0.01,26.150,-0.02,26.150,-0.02,26.150,0.00,26.150,-0.02,26.150,0.02,26.150,-0.01
26.200,-0.01,26.200,0.00,26.200,0.00,26.200,0.00,26.200,0.01,26.200,0.01,26.200,0.00,26.200,0.00,26.200,0.15,26.200,0.02,26.200,0.11,26.200,0.02,26.200,0.04,26.200,0.01,26.200,0.03,26.200,-0.01,26.200,-0.02,26.200,-0.01,26.200,0.04,26.200,-0.01,26.200,-0.01,26.200,-0.01,26.200,0.02,26.200,-0.01,26.200,-0.01,26.200,0.75,26.200,-0.01,26.200,0.25,26.200,0.02,26.200,0.01,26.200,0.02,26.200,0.06,26.200,0.01,26.200,0.00,26.200,0.01,26.200,0.00,26.200,0.06,26.200,0.00,26.200,-0.01,26.200,0.02,26.200,-0.01,26.200,0.00,26.200,0.15,26.200,0.69,26.200,0.01,26.200,-0.01,26.200,0.03,26.200,0.00,26.200,0.07,26.200,0.01,26.200,1.85,26.200,-0.02,26.200,0.02,26.200,-0.03,26.200,0.01,26.200,0.00,26.200,-0.02,26.200,-0.01,26.200,0.00,26.200,0.07,26.200,-0.02,26.200,0.01,26.200,-0.01,26.200,0.00,26.200,0.00
26.250,-0.02,26.250,0.00,26.250,0.00,26.250,0.00,26.250,-0.01,26.250,0.01,26.250,0.00,26.250,0.00,26.250,0.46,26.250,0.01,26.250,0.31,26.250,0.02,26.250,0.05,26.250,0.02,26.250,0.03,26.250,0.00,26.250,0.00,26.250,0.00,26.250,0.05,26.250,-0.01,26.250,0.00,26.250,-0.01,26.250,0.03,26.250,-0.01,26.250,0.00,26.250,1.97,26.250,-0.02,26.250,0.98,26.250,0.02,26.250,0.00,26.250,0.02,26.250,0.08,26.250,0.00,26.250,0.00,26.250,0.00,26.250,0.01,26.250,0.10,26.250,0.02,26.250,-0.01,26.250,0.01,26.250,-0.02,26.250,0.01,26.250,0.26,26.250,0.86,26.250,0.02,26.250,0.00,26.250,0.04,26.250,0.00,26.250,0.06,26.250,0.02,26.250,1.84,26.250,-0.02,26.250,0.01,26.250,-0.03,26.250,0.01,26.250,0.00,26.250,0.00,26.250,0.00,26.250,0.00,26.250,0.00,26.250,-0.01,26.250,0.00,26.250,-0.02,26.250,0.00,26.250,0.00
26.300,-0.01,26.300,0.01,26.300,0.00,26.300,0.01,26.300,0.00,26.300,0.00,26.300,-0.01,26.300,-0.01,26.300,0.26,26.300,0.01,26.300,1.37,26.300,0.03,26.300,0.08,26.300,0.02,26.300,0.04,26.300,0.00,26.300,0.01,26.300,-0.01,26.300,0.08,26.300,-0.01,26.300,-0.01,26.300,-0.02,26.300,0.05,26.300,-0.01,26.300,-0.01,26.300,2.71,26.300,-0.01,26.300,1.31,26.300,0.01,26.300,0.00,26.300,0.04,26.300,0.11,26.300,0.01,26.300,0.00,26.300,0.01,26.300,0.01,26.300,0.20,26.300,0.01,26.300,0.00,26.300,0.01,26.300,0.00,26.300,-0.02,26.300,0.47,26.300,0.52,26.300,0.01,26.300,0.00,26.300,0.04,26.300,0.00,26.300,0.06,26.300,0.02,26.300,1.52,26.300,-0.01,26.300,0.02,26.300,-0.03,26.300,0.00,26.300,0.08,26.300,-0.01,26.300,0.03,26.300,0.00,26.300,0.02,26.300,0.06,26.300,0.01,26.300,-0.01,26.300,0.01,26.300,-0.01
26.350,-0.01,26.350,0.00,26.350,0.00,26.350,0.00,26.350,0.01,26.350,0.00,26.350,0.00,26.350,-0.01,26.350,0.04,26.350,0.02,26.350,1.81,26.350,0.04,26.350,0.21,26.350,0.02,26.350,0.04,26.350,0.00,26.350,0.00,26.350,-0.02,26.350,0.19,26.350,0.00,26.350,0.00,26.350,-0.01,26.350,0.05,26.350,0.00,26.350,0.00,26.350,3.06,26.350,-0.02,26.350,0.13,26.350,0.01,26.350,0.00,26.350,0.04,26.350,0.15,26.350,0.00,26.350,0.00,26.350,0.01,26.350,0.00,26.350,0.38,26.350,0.02,26.350,-0.01,26.350,0.01,26.350,0.00,26.350,-0.01,26.350,0.90,26.350,0.14,26.350,0.01,26.350,0.00,26.350,0.04,26.350,-0.01,26.350,0.07,26.350,0.01,26.350,0.08,26.350,-0.02,26.350,0.01,26.350,-0.03,26.350,0.09,26.350,0.04,26.350,0.00,26.350,0.02,26.350,0.00,26.350,-0.02,26.350,-0.01,26.350,0.01,26.350,0.00,26.350,0.01,26.350,-0.01
26.400,-0.02,26.400,0.01,26.400,-0.01,26.400,0.00,26.400,0.00,26.400,0.01,26.400,0.00,26.400,-0.02,26.400,-0.01,26.400,0.01,26.400,2.00,26.400,0.03,26.400,1.11,26.400,0.01,26.400,0.06,26.400,0.01,26.400,0.01,26.400,-0.01,26.400,0.60,26.400,-0.01,26.400,0.00,26.400,-0.01,26.400,0.08,26.400,0.00,26.400,-0.01,26.400,0.08,26.400,-0.01,26.400,0.06,26.400,0.01,26.400,0.01,26.400,0.06,26.400,0.26,26.400,0.00,26.400,0.01,26.400,0.01,26.400,0.00,26.400,0.73,26.400,0.02,26.400,0.00,26.400,0.01,26.400,0.00,26.400,-0.01,26.400,1.26,26.400,0.05,26.400,0.01,26.400,0.00,26.400,0.04,26.400,-0.01,26.400,0.08,26.400,0.02,26.400,0.04,26.400,-0.01,26.400,0.01,26.400,-0.02,26.400,0.04,26.400,0.02,26.400,-0.01,26.400,0.00,26.400,0.01,26.400,0.01,26.400,0.06,26.400,0.01,26.400,-0.01,26.400,0.01,26.400,-0.01
26.450,-0.01,26.450,0.01,26.450,0.00,26.450,0.00,26.450,0.01,26.450,0.01,26.450,0.00,26.450,-0.01,26.450,-0.01,26.450,0.02,26.450,2.37,26.450,0.04,26.450,0.05,26.450,0.01,26.450,0.08,26.450,0.04,26.450,0.01,26.450,-0.01,26.450,0.06,26.450,-0.02,26.450,0.01,26.450,-0.01,26.450,0.10,26.450,-0.01,26.450,-0.01,26.450,0.04,26.450,-0.01,26.450,-0.01,26.450,0.00,26.450,0.02,26.450,0.06,26.450,0.62,26.450,0.00,26.450,0.01,26.450,0.00,26.450,0.00,26.450,1.12,26.450,0.03,26.450,0.00,26.450,0.00,26.450,0.01,26.450,0.00,26.450,0.16,26.450,-0.01,26.450,0.01,26.450,-0.01,26.450,0.03,26.450,0.00,26.450,0.08,26.450,0.01,26.450,0.01,26.450,0.00,26.450,0.01,26.450,-0.03,26.450,0.02,26.450,-0.01,26.450,0.00,26.450,0.00,26.450,0.00,26.450,0.01,26.450,-0.04,26.450,0.01,26.450,-0.01,26.450,0.02,26.450,0.00
26.500,-0.01,26.500,0.01,26.500,-0.01,26.500,0.00,26.500,0.00,26.500,0.00,26.500,-0.01,26.500,0.00,26.500,-0.01,26.500,0.02,26.500,2.67,26.500,0.05,26.500,0.00,26.500,0.00,26.500,0.11,26.500,0.02,26.500,0.01,26.500,0.00,26.500,0.02,26.500,0.00,26.500,0.01,26.500,-0.01,26.500,0.20,26.500,-0.01,26.500,-0.01,26.500,-0.02,26.500,-0.01,26.500,-0.01,26.500,0.01,26.500,0.01,26.500,0.07,26.500,1.28,26.500,-0.01,26.500,0.00,26.500,0.00,26.500,-0.01,26.500,1.32,26.500,0.02,26.500,-0.01,26.500,0.01,26.500,0.00,26.500,-0.01,26.500,0.06,26.500,-0.01,26.500,0.01,26.500,-0.01,26.500,0.05,26.500,0.00,26.500,0.09,26.500,0.01,26.500,0.00,26.500,0.02,26.500,0.01,26.500,-0.02,26.500,0.00,26.500,0.02,26.500,0.00,26.500,0.01,26.500,-0.01,26.500,0.03,26.500,-0.01,26.500,0.01,26.500,-0.01,26.500,0.03,26.500,0.00
26.550,-0.01,26.550,0.02,26.550,0.01,26.550,-0.01,26.550,0.00,26.550,0.00,26.550,-0.01,26.550,0.00,26.550,-0.01,26.550,0.01,26.550,2.93,26.550,0.05,26.550,-0.01,26.550,0.03,26.550,0.24,26.550,-0.02,26.550,0.00,26.550,-0.01,26.550,-0.02,26.550,-0.01,26.550,0.01,26.550,-0.01,26.550,0.45,26.550,-0.01,26.550,0.00,26.550,-0.02,26.550,-0.02,26.550,0.01,26.550,0.01,26.550,0.01,26.550,0.09,26.550,1.61,26.550,0.00,26.550,0.00,26.550,0.01,26.550,0.01,26.550,1.43,26.550,0.02,26.550,-0.01,26.550,0.00,26.550,0.00,26.550,0.00,26.550,-0.02,26.550,0.00,26.550,0.02,26.550,-0.01,26.550,0.05,26.550,0.00,26.550,0.08,26.550,0.02,26.550,0.00,26.550,0.01,26.550,0.01,26.550,-0.02,26.550,0.01,26.550,0.02,26.550,0.01,26.550,0.00,26.550,0.00,26.550,0.05,26.550,0.00,26.550,0.01,26.550,0.00,26.550,0.04,26.550,-0.01
26.600,-0.01,26.600,0.01,26.600,0.01,26.600,-0.01,26.600,0.00,26.600,0.00,26.600,-0.01,26.600,0.00,26.600,-0.01,26.600,0.02,26.600,1.28,26.600,0.06,26.600,-0.01,26.600,0.02,26.600,0.30,26.600,-0.02,26.600,-0.01,26.600,-0.02,26.600,-0.02,26.600,-0.01,26.600,-0.01,26.600,-0.01,26.600,1.29,26.600,0.00,26.600,0.01,26.600,-0.02,26.600,-0.01,26.600,0.00,26.600,0.02,26.600,0.00,26.600,0.13,26.600,1.75,26.600,-0.01,26.600,0.00,26.600,0.01,26.600,0.02,26.600,1.56,26.600,0.04,26.600,0.00,26.600,0.01,26.600,0.01,26.600,0.00,26.600,-0.01,26.600,-0.01,26.600,0.01,26.600,-0.01,26.600,0.05,26.600,0.01,26.600,0.08,26.600,0.02,26.600,0.01,26.600,0.02,26.600,0.00,26.600,-0.03,26.600,0.02,26.600,0.01,26.600,0.01,26.600,0.01,26.600,0.01,26.600,0.16,26.600,0.00,26.600,0.01,26.600,-0.01,26.600,0.06,26.600,-0.01
26.650,-0.01,26.650,0.01,26.650,0.00,26.650,-0.01,26.650,0.01,26.650,0.00,26.650,-0.01,26.650,0.00,26.650,-0.01,26.650,0.01,26.650,0.07,26.650,0.10,26.650,-0.02,26.650,0.04,26.650,0.06,26.650,-0.01,26.650,0.01,26.650,-0.02,26.650,-0.02,26.650,-0.01,26.650,-0.01,26.650,-0.02,26.650,0.93,26.650,-0.01,26.650,0.01,26.650,-0.01,26.650,0.00,26.650,0.00,26.650,0.02,26.650,0.01,26.650,0.24,26.650,2.16,26.650,0.00,26.650,0.00,26.650,0.01,26.650,0.02,26.650,1.83,26.650,0.06,26.650,-0.01,26.650,0.01,26.650,0.01,26.650,0.00,26.650,0.00,26.650,0.00,26.650,0.01,26.650,-0.01,26.650,0.07,26.650,0.00,26.650,0.08,26.650,0.02,26.650,0.01,26.650,0.02,26.650,-0.01,26.650,-0.02,26.650,0.02,26.650,0.02,26.650,0.00,26.650,0.01,26.650,0.08,26.650,2.08,26.650,0.03,26.650,0.01,26.650,-0.01,26.650,0.10,26.650,-0.01
26.700,-0.01,26.700,-0.01,26.700,0.01,26.700,0.00,26.700,0.00,26.700,0.00,26.700,-0.01,26.700,-0.01,26.700,-0.01,26.700,0.01,26.700,0.00,26.700,0.17,26.700,-0.02,26.700,0.04,26.700,-0.01,26.700,-0.01,26.700,0.01,26.700,-0.01,26.700,-0.02,26.700,0.01,26.700,-0.01,26.700,-0.02,26.700,0.12,26.700,-0.01,26.700,0.00,26.700,-0.01,26.700,-0.01,26.700,0.00,26.700,0.03,26.700,0.01,26.700,0.52,26.700,2.67,26.700,0.01,26.700,0.01,26.700,0.02,26.700,-0.01,26.700,2.19,26.700,0.06,26.700,0.00,26.700,0.00,26.700,0.00,26.700,0.01,26.700,0.00,26.700,-0.01,26.700,0.02,26.700,-0.01,26.700,0.10,26.700,0.01,26.700,0.08,26.700,0.03,26.700,0.00,26.700,0.03,26.700,0.00,26.700,-0.02,26.700,0.02,26.700,0.03,26.700,0.00,26.700,0.02,26.700,0.01,26.700,2.78,26.700,1.09,26.700,0.13,26.700,0.01,26.700,2.89,26.700,-0.01
26.750,-0.02,26.750,0.00,26.750,0.00,26.750,-0.01,26.750,0.01,26.750,0.00,26.750,0.00,26.750,-0.01,26.750,-0.01,26.750,0.02,26.750,-0.02,26.750,0.83,26.750,-0.02,26.750,0.05,26.750,0.00,26.750,-0.02,26.750,0.00,26.750,-0.01,26.750,-0.02,26.750,-0.01,26.750,-0.01,26.750,-0.01,26.750,0.04,26.750,-0.01,26.750,0.00,26.750,-0.01,26.750,0.00,26.750,0.00,26.750,0.01,26.750,0.01,26.750,0.95,26.750,0.21,26.750,0.00,26.750,0.00,26.750,0.02,26.750,0.01,26.750,2.54,26.750,0.08,26.750,-0.01,26.750,0.00,26.750,0.01,26.750,0.02,26.750,0.00,26.750,0.00,26.750,0.01,26.750,-0.01,26.750,0.21,26.750,0.01,26.750,0.08,26.750,0.02,26.750,0.00,26.750,0.05,26.750,0.01,26.750,-0.02,26.750,0.02,26.750,0.03,26.750,0.01,26.750,0.05,26.750,0.00,26.750,2.12,26.750,0.86,26.750,0.02,26.750,0.01,26.750,4.09,26.750,-0.01
26.800,-0.01,26.800,0.01,26.800,0.00,26.800,0.00,26.800,0.00,26.800,0.00,26.800,-0.01,26.800,0.00,26.800,0.00,26.800,0.02,26.800,-0.01,26.800,2.12,26.800,-0.01,26.800,0.07,26.800,0.01,26.800,-0.01,26.800,-0.01,26.800,0.00,26.800,-0.02,26.800,0.00,26.800,-0.01,26.800,0.00,26.800,-0.02,26.800,-0.01,26.800,-0.01,26.800,-0.01,26.800,0.00,26.800,0.00,26.800,0.02,26.800,0.01,26.800,1.32,26.800,0.06,26.800,0.01,26.800,0.00,26.800,0.02,26.800,0.01,26.800,0.18,26.800,0.12,26.800,-0.01,26.800,0.00,26.800,0.01,26.800,0.01,26.800,0.00,26.800,0.00,26.800,0.01,26.800,-0.01,26.800,0.76,26.800,0.00,26.800,0.10,26.800,0.03,26.800,0.00,26.800,0.06,26.800,0.01,26.800,-0.02,26.800,0.03,26.800,0.03,26.800,0.00,26.800,0.15,26.800,0.00,26.800,2.11,26.800,0.06,26.800,0.08,26.800,0.00,26.800,3.44,26.800,-0.01
26.850,5.55E-17,26.850,0.03,26.850,0.01,26.850,0.00,26.850,-0.01,26.850,-0.01,26.850,-0.01,26.850,0.00,26.850,0.00,26.850,0.02,26.850,-0.01,26.850,0.18,26.850,-0.02,26.850,0.09,26.850,0.01,26.850,-0.01,26.850,0.00,26.850,0.00,26.850,-0.02,26.850,0.01,26.850,-0.01,26.850,-0.01,26.850,-0.02,26.850,-0.01,26.850,-0.01,26.850,-0.01,26.850,0.00,26.850,0.01,26.850,0.02,26.850,0.02,26.850,1.87,26.850,-0.01,26.850,0.00,26.850,0.01,26.850,0.02,26.850,0.00,26.850,0.05,26.850,0.26,26.850,-0.01,26.850,0.02,26.850,0.01,26.850,0.02,26.850,0.01,26.850,0.01,26.850,0.02,26.850,-0.02,26.850,1.22,26.850,-0.01,26.850,0.12,26.850,0.04,26.850,0.00,26.850,0.09,26.850,0.01,26.850,-0.03,26.850,0.02,26.850,0.04,26.850,0.01,26.850,3.48,26.850,0.01,26.850,3.70,26.850,-0.01,26.850,-0.01,26.850,-0.01,26.850,3.54,26.850,0.00
26.900,5.55E-17,26.900,0.01,26.900,0.00,26.900,0.00,26.900,0.00,26.900,0.00,26.900,-0.01,26.900,0.00,26.900,0.00,26.900,0.02,26.900,-0.01,26.900,0.06,26.900,-0.01,26.900,0.14,26.900,0.00,26.900,-0.01,26.900,-0.01,26.900,0.00,26.900,0.00,26.900,0.01,26.900,0.00,26.900,0.01,26.900,-0.01,26.900,-0.02,26.900,0.00,26.900,-0.01,26.900,0.01,26.900,0.02,26.900,0.02,26.900,0.02,26.900,2.29,26.900,0.00,26.900,0.01,26.900,0.01,26.900,0.01,26.900,0.00,26.900,-0.02,26.900,0.79,26.900,0.00,26.900,0.01,26.900,0.02,26.900,0.02,26.900,0.00,26.900,-0.01,26.900,0.02,26.900,-0.01,26.900,1.63,26.900,0.02,26.900,0.15,26.900,0.03,26.900,0.00,26.900,0.21,26.900,0.02,26.900,-0.02,26.900,0.05,26.900,0.04,26.900,0.01,26.900,4.45,26.900,0.02,26.900,4.77,26.900,-0.03,26.900,0.02,26.900,-0.01,26.900,4.51,26.900,0.00
26.950,-0.01,26.950,0.01,26.950,0.01,26.950,-0.01,26.950,0.01,26.950,0.01,26.950,-0.02,26.950,0.01,26.950,0.00,26.950,0.01,26.950,-0.01,26.950,-0.02,26.950,-0.01,26.950,0.53,26.950,-0.01,26.950,-0.01,26.950,0.00,26.950,0.01,26.950,0.00,26.950,0.00,26.950,-0.01,26.950,0.03,26.950,-0.01,26.950,-0.02,26.950,-0.01,26.950,-0.01,26.950,-0.01,26.950,0.01,26.950,0.02,26.950,0.02,26.950,2.72,26.950,0.00,26.950,0.01,26.950,0.02,26.950,0.01,26.950,0.00,26.950,-0.01,26.950,1.62,26.950,0.00,26.950,0.02,26.950,0.02,26.950,0.03,26.950,0.00,26.950,-0.01,26.950,0.01,26.950,-0.01,26.950,1.98,26.950,0.03,26.950,0.24,26.950,0.04,26.950,-0.01,26.950,1.03,26.950,0.03,26.950,-0.02,26.950,0.05,26.950,0.06,26.950,0.00,26.950,3.37,26.950,0.03,26.950,4.58,26.950,0.00,26.950,0.00,26.950,-0.01,26.950,5.38,26.950,0.00
27.000,5.55E-17,27.000,0.02,27.000,0.00,27.000,-0.01,27.000,0.00,27.000,0.02,27.000,-0.01,27.000,0.00,27.000,0.00,27.000,0.02,27.000,0.00,27.000,-0.01,27.000,-0.01,27.000,0.11,27.000,0.01,27.000,0.00,27.000,0.01,27.000,0.00,27.000,-0.01,27.000,0.01,27.000,0.00,27.000,0.03,27.000,-0.01,27.000,0.00,27.000,-0.01,27.000,-0.01,27.000,-0.01,27.000,0.01,27.000,0.02,27.000,0.02,27.000,3.11,27.000,0.01,27.000,0.02,27.000,0.02,27.000,0.01,27.000,0.00,27.000,-0.01,27.000,0.72,27.000,-0.01,27.000,0.02,27.000,0.02,27.000,0.04,27.000,0.01,27.000,-0.01,27.000,0.00,27.000,-0.01,27.000,2.16,27.000,0.01,27.000,0.33,27.000,0.04,27.000,0.00,27.000,1.53,27.000,0.02,27.000,-0.03,27.000,0.06,27.000,0.09,27.000,-0.01,27.000,3.30,27.000,0.07,27.000,4.76,27.000,-0.01,27.000,0.01,27.000,0.00,27.000,5.37,27.000,0.00
27.050,-0.01,27.050,0.01,27.050,0.01,27.050,0.00,27.050,0.01,27.050,0.02,27.050,-0.01,27.050,0.00,27.050,0.01,27.050,0.02,27.050,0.01,27.050,0.00,27.050,-0.01,27.050,0.05,27.050,0.01,27.050,-0.01,27.050,0.01,27.050,0.00,27.050,-0.01,27.050,0.01,27.050,0.00,27.050,0.07,27.050,-0.01,27.050,-0.01,27.050,-0.01,27.050,-0.01,27.050,-0.01,27.050,0.00,27.050,0.02,27.050,0.03,27.050,3.23,27.050,0.01,27.050,0.00,27.050,0.02,27.050,0.01,27.050,0.01,27.050,-0.01,27.050,0.15,27.050,-0.01,27.050,0.01,27.050,0.03,27.050,0.05,27.050,0.01,27.050,0.01,27.050,0.01,27.050,0.00,27.050,2.26,27.050,0.00,27.050,0.43,27.050,0.05,27.050,0.00,27.050,1.43,27.050,0.02,27.050,-0.02,27.050,0.09,27.050,0.20,27.050,-0.01,27.050,4.73,27.050,0.34,27.050,4.69,27.050,-0.01,27.050,0.01,27.050,0.00,27.050,5.36,27.050,0.00
27.100,-0.01,27.100,0.01,27.100,0.01,27.100,-0.01,27.100,0.00,27.100,0.03,27.100,0.00,27.100,0.01,27.100,0.00,27.100,0.02,27.100,0.00,27.100,0.00,27.100,0.00,27.100,-0.02,27.100,0.00,27.100,0.00,27.100,0.01,27.100,-0.01,27.100,-0.02,27.100,0.02,27.100,0.00,27.100,0.21,27.100,0.00,27.100,-0.01,27.100,0.00,27.100,-0.01,27.100,-0.01,27.100,0.01,27.100,0.03,27.100,0.02,27.100,3.41,27.100,0.01,27.100,0.02,27.100,0.03,27.100,0.01,27.100,0.01,27.100,-0.01,27.100,0.06,27.100,0.00,27.100,0.02,27.100,0.04,27.100,0.07,27.100,0.02,27.100,0.00,27.100,0.02,27.100,-0.01,27.100,2.33,27.100,0.00,27.100,0.50,27.100,0.05,27.100,0.00,27.100,1.35,27.100,0.02,27.100,0.00,27.100,0.20,27.100,1.95,27.100,0.00,27.100,0.12,27.100,2.64,27.100,0.09,27.100,-0.01,27.100,0.02,27.100,0.00,27.100,1.02,27.100,0.01
27.150,-0.01,27.150,0.01,27.150,0.03,27.150,-0.01,27.150,0.00,27.150,0.03,27.150,0.00,27.150,0.00,27.150,0.00,27.150,0.02,27.150,0.00,27.150,0.00,27.150,-0.01,27.150,-0.01,27.150,-0.01,27.150,0.01,27.150,0.00,27.150,-0.01,27.150,-0.01,27.150,0.03,27.150,0.00,27.150,1.48,27.150,0.00,27.150,-0.01,27.150,0.00,27.150,-0.01,27.150,-0.01,27.150,0.01,27.150,0.02,27.150,0.03,27.150,0.99,27.150,0.01,27.150,0.01,27.150,0.04,27.150,0.01,27.150,0.02,27.150,-0.02,27.150,0.01,27.150,0.00,27.150,0.00,27.150,0.07,27.150,0.09,27.150,0.01,27.150,0.01,27.150,0.01,27.150,0.00,27.150,0.90,27.150,0.00,27.150,0.58,27.150,0.05,27.150,0.00,27.150,1.32,27.150,0.02,27.150,0.01,27.150,1.00,27.150,2.44,27.150,0.00,27.150,0.05,27.150,2.08,27.150,0.05,27.150,-0.01,27.150,0.02,27.150,0.00,27.150,0.08,27.150,0.01
27.200,5.55E-17,27.200,2.78E-17,27.200,0.03,27.200,0.00,27.200,0.00,27.200,0.04,27.200,0.00,27.200,0.00,27.200,0.00,27.200,0.02,27.200,0.00,27.200,-0.01,27.200,-0.01,27.200,0.00,27.200,-0.01,27.200,0.01,27.200,0.01,27.200,0.00,27.200,-0.01,27.200,0.03,27.200,0.00,27.200,0.73,27.200,0.01,27.200,-0.01,27.200,0.00,27.200,-0.01,27.200,0.00,27.200,0.02,27.200,0.01,27.200,0.04,27.200,0.06,27.200,0.01,27.200,0.01,27.200,0.05,27.200,0.01,27.200,0.01,27.200,-0.02,27.200,0.00,27.200,-0.01,27.200,0.00,27.200,0.07,27.200,0.11,27.200,0.02,27.200,0.00,27.200,0.01,27.200,-0.01,27.200,0.07,27.200,-0.01,27.200,0.73,27.200,0.05,27.200,-0.01,27.200,1.57,27.200,0.04,27.200,-0.01,27.200,1.29,27.200,2.10,27.200,0.00,27.200,-0.01,27.200,1.05,27.200,-0.03,27.200,-0.01,27.200,0.03,27.200,0.00,27.200,0.02,27.200,0.00
27.250,5.55E-17,27.250,0.01,27.250,0.05,27.250,-0.01,27.250,0.00,27.250,0.05,27.250,-0.01,27.250,-0.01,27.250,0.00,27.250,0.01,27.250,0.00,27.250,0.00,27.250,-0.01,27.250,0.00,27.250,0.01,27.250,0.00,27.250,0.00,27.250,-0.01,27.250,-0.01,27.250,0.03,27.250,0.00,27.250,0.05,27.250,0.01,27.250,0.00,27.250,-0.01,27.250,0.00,27.250,0.01,27.250,0.02,27.250,0.02,27.250,0.05,27.250,-0.01,27.250,0.00,27.250,0.01,27.250,0.06,27.250,0.02,27.250,0.00,27.250,-0.01,27.250,0.01,27.250,0.00,27.250,0.02,27.250,0.10,27.250,0.11,27.250,0.00,27.250,0.00,27.250,0.01,27.250,0.00,27.250,0.04,27.250,0.00,27.250,0.82,27.250,0.06,27.250,-0.01,27.250,2.03,27.250,0.04,27.250,-0.03,27.250,1.20,27.250,2.08,27.250,0.00,27.250,-0.02,27.250,1.53,27.250,-0.02,27.250,-0.01,27.250,0.05,27.250,0.00,27.250,0.00,27.250,-0.01
27.300,0.00,27.300,2.78E-17,27.300,0.05,27.300,0.00,27.300,0.01,27.300,0.06,27.300,0.00,27.300,0.00,27.300,0.00,27.300,0.02,27.300,-0.01,27.300,0.00,27.300,-0.01,27.300,0.01,27.300,0.01,27.300,0.01,27.300,0.00,27.300,0.00,27.300,-0.01,27.300,0.04,27.300,0.00,27.300,0.00,27.300,0.01,27.300,0.00,27.300,-0.01,27.300,-0.01,27.300,0.00,27.300,0.02,27.300,0.02,27.300,0.04,27.300,-0.01,27.300,0.00,27.300,0.00,27.300,0.06,27.300,0.01,27.300,0.02,27.300,-0.02,27.300,0.00,27.300,0.00,27.300,0.03,27.300,0.18,27.300,0.11,27.300,0.01,27.300,0.00,27.300,0.02,27.300,-0.02,27.300,-0.01,27.300,-0.01,27.300,0.81,27.300,0.05,27.300,-0.01,27.300,2.15,27.300,0.05,27.300,-0.02,27.300,1.32,27.300,2.62,27.300,-0.01,27.300,-0.02,27.300,3.05,27.300,-0.01,27.300,-0.01,27.300,0.05,27.300,0.00,27.300,0.00,27.300,-0.01
27.350,0.00,27.350,0.01,27.350,0.05,27.350,0.00,27.350,0.00,27.350,0.07,27.350,-0.01,27.350,0.00,27.350,0.00,27.350,0.02,27.350,-0.01,27.350,0.00,27.350,-0.01,27.350,-0.01,27.350,0.01,27.350,0.01,27.350,-0.01,27.350,0.01,27.350,-0.01,27.350,0.04,27.350,0.00,27.350,-0.03,27.350,0.00,27.350,-0.01,27.350,0.00,27.350,-0.01,27.350,0.00,27.350,0.02,27.350,0.02,27.350,0.05,27.350,0.00,27.350,0.00,27.350,0.00,27.350,0.08,27.350,0.00,27.350,0.02,27.350,-0.01,27.350,0.00,27.350,-0.01,27.350,0.03,27.350,0.39,27.350,0.11,27.350,0.01,27.350,0.00,27.350,0.02,27.350,-0.02,27.350,0.00,27.350,0.00,27.350,0.24,27.350,0.07,27.350,0.00,27.350,0.17,27.350,0.06,27.350,-0.02,27.350,2.05,27.350,3.02,27.350,0.00,27.350,-0.01,27.350,3.67,27.350,-0.02,27.350,-0.01,27.350,0.14,27.350,-0.01,27.350,-0.01,27.350,-0.01
27.400,-0.01,27.400,0.02,27.400,0.05,27.400,-0.02,27.400,0.00,27.400,0.08,27.400,0.00,27.400,0.00,27.400,0.00,27.400,0.01,27.400,-0.01,27.400,0.00,27.400,-0.01,27.400,-0.01,27.400,0.00,27.400,0.01,27.400,0.00,27.400,0.01,27.400,-0.01,27.400,0.05,27.400,0.00,27.400,-0.02,27.400,0.00,27.400,0.00,27.400,0.02,27.400,-0.01,27.400,0.00,27.400,0.01,27.400,0.03,27.400,0.07,27.400,-0.01,27.400,0.01,27.400,0.01,27.400,0.10,27.400,0.02,27.400,0.03,27.400,-0.01,27.400,0.00,27.400,0.00,27.400,0.03,27.400,0.72,27.400,0.12,27.400,0.01,27.400,0.01,27.400,0.02,27.400,0.01,27.400,0.01,27.400,0.00,27.400,0.06,27.400,0.06,27.400,-0.01,27.400,0.03,27.400,0.06,27.400,-0.02,27.400,2.59,27.400,3.47,27.400,-0.01,27.400,0.00,27.400,4.03,27.400,-0.01,27.400,-0.01,27.400,2.82,,,27.400,0.00,27.400,0.00
27.450,0.00,27.450,0.02,27.450,0.04,27.450,0.00,27.450,0.00,27.450,0.09,27.450,0.00,27.450,0.01,27.450,-0.01,27.450,0.02,27.450,0.00,27.450,-0.01,27.450,-0.01,27.450,0.00,27.450,0.00,27.450,0.02,27.450,0.00,27.450,0.01,27.450,-0.02,27.450,0.06,27.450,-0.01,27.450,-0.01,27.450,-0.01,27.450,-0.01,27.450,0.01,27.450,-0.02,27.450,-0.01,27.450,0.01,27.450,0.03,27.450,0.09,27.450,0.00,27.450,0.00,27.450,0.01,27.450,0.17,27.450,0.02,27.450,0.03,27.450,-0.01,27.450,0.01,27.450,0.00,27.450,0.04,27.450,1.05,27.450,0.19,27.450,0.02,27.450,-0.01,27.450,0.02,27.450,0.03,27.450,0.00,27.450,0.00,27.450,0.02,27.450,0.07,27.450,-0.01,27.450,-0.04,27.450,0.06,27.450,-0.01,27.450,3.01,27.450,3.85,27.450,0.00,27.450,0.01,27.450,4.25,27.450,-0.01,27.450,-0.01,27.450,3.20,,,27.450,-0.01,27.450,-0.01
27.500,0.00,27.500,0.04,27.500,0.05,27.500,0.01,27.500,0.00,27.500,0.12,27.500,0.01,27.500,0.02,27.500,-0.01,27.500,0.02,27.500,0.01,27.500,-0.01,27.500,0.00,27.500,0.01,27.500,0.00,27.500,0.02,27.500,0.00,27.500,0.01,27.500,-0.01,27.500,0.08,27.500,0.00,27.500,-0.02,27.500,0.01,27.500,-0.01,27.500,0.01,27.500,-0.01,27.500,-0.01,27.500,0.00,27.500,0.05,27.500,0.10,27.500,-0.01,27.500,0.01,27.500,0.01,27.500,0.48,27.500,0.03,27.500,0.04,27.500,-0.01,27.500,0.00,27.500,0.00,27.500,0.05,27.500,1.47,27.500,0.35,27.500,0.01,27.500,0.00,27.500,0.03,27.500,0.02,27.500,0.01,27.500,-0.01,27.500,0.00,27.500,0.08,27.500,0.01,27.500,-0.04,27.500,0.06,27.500,0.00,27.500,3.22,27.500,4.06,27.500,0.00,27.500,0.01,27.500,4.41,27.500,-0.01,27.500,-0.02,27.500,2.74,,,27.500,0.00,27.500,-0.02
27.550,-0.01,27.550,0.04,27.550,0.03,27.550,0.01,27.550,0.00,27.550,0.19,27.550,-0.01,27.550,0.02,27.550,-0.01,27.550,0.02,27.550,0.01,27.550,-0.01,27.550,0.01,27.550,0.01,27.550,0.00,27.550,0.03,27.550,0.00,27.550,0.00,27.550,-0.01,27.550,0.11,27.550,0.01,27.550,-0.02,27.550,0.00,27.550,-0.01,27.550,0.01,27.550,0.00,27.550,-0.01,27.550,0.00,27.550,0.04,27.550,0.16,27.550,0.00,27.550,0.02,27.550,0.00,27.550,0.64,27.550,0.02,27.550,0.04,27.550,-0.01,27.550,0.00,27.550,0.00,27.550,0.05,27.550,2.02,27.550,1.14,27.550,0.01,27.550,0.00,27.550,0.02,27.550,0.01,27.550,0.01,27.550,0.00,27.550,0.01,27.550,0.10,27.550,0.00,27.550,-0.04,27.550,0.08,27.550,-0.02,27.550,3.40,27.550,4.14,27.550,0.00,27.550,0.01,27.550,4.80,27.550,-0.03,27.550,-0.02,27.550,3.31,,,27.550,0.00,27.550,-0.01
27.600,0.01,27.600,0.05,27.600,0.04,27.600,0.02,27.600,0.01,27.600,0.33,27.600,-0.01,27.600,0.02,27.600,0.00,27.600,0.03,27.600,0.01,27.600,-0.01,27.600,0.00,27.600,0.00,27.600,0.00,27.600,0.02,27.600,0.00,27.600,-0.01,27.600,-0.01,27.600,0.25,27.600,0.00,27.600,-0.02,27.600,-0.01,27.600,-0.02,27.600,0.01,27.600,0.00,27.600,0.00,27.600,0.00,27.600,0.06,27.600,0.25,27.600,0.00,27.600,0.02,27.600,0.01,27.600,0.13,27.600,0.03,27.600,0.07,27.600,-0.01,27.600,0.00,27.600,-0.01,27.600,0.04,27.600,2.55,27.600,2.11,27.600,0.01,27.600,0.01,27.600,0.02,27.600,-0.02,27.600,0.00,27.600,0.00,27.600,0.01,27.600,0.11,27.600,0.00,27.600,-0.03,27.600,0.08,27.600,-0.01,27.600,3.83,27.600,4.42,27.600,0.01,27.600,0.00,27.600,5.07,27.600,-0.03,27.600,-0.01,27.600,4.19,,,27.600,0.00,27.600,-0.01
27.650,0.02,27.650,0.05,27.650,0.04,27.650,0.02,27.650,0.00,27.650,0.64,27.650,0.00,27.650,0.03,27.650,-0.02,27.650,0.02,27.650,0.01,27.650,-0.01,27.650,-0.01,27.650,0.00,27.650,0.00,27.650,0.02,27.650,0.00,27.650,0.00,27.650,-0.01,27.650,0.38,27.650,0.00,27.650,-0.02,27.650,0.00,27.650,-0.01,27.650,0.01,27.650,-0.01,27.650,-0.01,27.650,0.01,27.650,0.08,27.650,0.47,27.650,0.00,27.650,0.01,27.650,0.02,27.650,0.04,27.650,0.04,27.650,0.09,27.650,0.00,27.650,0.00,27.650,0.00,27.650,0.07,27.650,3.00,27.650,2.49,27.650,0.00,27.650,0.01,27.650,0.02,27.650,-0.02,27.650,0.01,27.650,0.00,27.650,0.01,27.650,0.12,27.650,-0.01,27.650,-0.03,27.650,0.11,27.650,0.01,27.650,4.07,27.650,4.63,27.650,-0.01,27.650,0.00,27.650,4.88,27.650,-0.02,27.650,0.00,27.650,4.70,,,27.650,0.00,27.650,-0.01
27.700,0.01,27.700,0.05,27.700,0.04,27.700,0.04,27.700,0.00,27.700,1.00,27.700,0.00,27.700,0.02,27.700,-0.02,27.700,0.03,27.700,0.00,27.700,-0.01,27.700,-0.01,27.700,0.01,27.700,0.00,27.700,0.03,27.700,0.00,27.700,-0.01,27.700,-0.01,27.700,0.05,27.700,-0.01,27.700,-0.02,27.700,-0.01,27.700,0.00,27.700,0.02,27.700,-0.01,27.700,0.00,27.700,0.00,27.700,0.11,27.700,0.25,27.700,0.00,27.700,0.01,27.700,0.02,27.700,-0.02,27.700,0.05,27.700,0.12,27.700,-0.01,27.700,-0.01,27.700,-0.01,27.700,0.07,27.700,0.07,27.700,1.08,27.700,0.01,27.700,0.01,27.700,0.02,27.700,-0.01,27.700,0.00,27.700,-0.01,27.700,0.01,27.700,0.15,27.700,0.00,27.700,-0.03,27.700,0.22,27.700,0.02,27.700,4.15,27.700,4.86,27.700,-0.01,27.700,0.00,27.700,4.88,27.700,-0.01,27.700,0.00,27.700,4.55,,,27.700,0.00,27.700,-0.01
27.750,0.02,27.750,0.05,27.750,0.05,27.750,0.06,27.750,0.02,27.750,1.36,27.750,-0.01,27.750,0.03,27.750,-0.01,27.750,0.03,27.750,0.01,27.750,0.00,27.750,-0.01,27.750,0.00,27.750,0.01,27.750,0.03,27.750,-0.01,27.750,-0.01,27.750,-0.02,27.750,0.01,27.750,-0.01,27.750,-0.02,27.750,-0.01,27.750,0.02,27.750,0.03,27.750,0.00,27.750,0.00,27.750,0.00,27.750,0.18,27.750,0.06,27.750,0.01,27.750,0.00,27.750,0.04,27.750,-0.01,27.750,0.05,27.750,0.42,27.750,0.00,27.750,-0.01,27.750,0.00,27.750,0.08,27.750,0.03,27.750,0.07,27.750,0.01,27.750,0.01,27.750,0.02,27.750,-0.01,27.750,0.00,27.750,0.00,27.750,0.01,27.750,0.24,27.750,0.00,27.750,-0.03,27.750,0.49,27.750,0.02,27.750,4.43,27.750,0.27,27.750,-0.01,27.750,0.00,27.750,4.87,27.750,-0.01,27.750,0.00,27.750,4.89,,,27.750,0.00,27.750,-0.01
27.800,0.02,27.800,0.07,27.800,0.05,27.800,0.08,27.800,0.02,27.800,1.67,27.800,-0.01,27.800,0.05,27.800,-0.01,27.800,0.03,27.800,0.01,27.800,-0.01,27.800,0.00,27.800,-0.01,27.800,0.01,27.800,0.05,27.800,0.00,27.800,-0.01,27.800,-0.01,27.800,-0.02,27.800,0.00,27.800,-0.02,27.800,0.00,27.800,0.01,27.800,0.03,27.800,-0.01,27.800,0.00,27.800,0.00,27.800,0.52,27.800,0.01,27.800,-0.01,27.800,0.01,27.800,0.03,27.800,-0.01,27.800,0.08,27.800,1.59,27.800,-0.01,27.800,-0.01,27.800,0.01,27.800,0.09,27.800,-0.02,27.800,0.03,27.800,0.02,27.800,0.01,27.800,0.03,27.800,0.00,27.800,0.01,27.800,0.01,27.800,0.01,27.800,0.35,27.800,-0.01,27.800,-0.02,27.800,1.08,27.800,0.02,27.800,3.17,27.800,0.08,27.800,-0.02,27.800,0.01,27.800,4.87,27.800,-0.01,27.800,-0.01,27.800,0.49,,,27.800,-0.01,27.800,-0.01
27.850,0.02,27.850,0.15,27.850,0.05,27.850,0.25,27.850,0.02,27.850,1.92,27.850,-0.01,27.850,0.05,27.850,-0.01,27.850,0.03,27.850,0.01,27.850,-0.01,27.850,-0.01,27.850,0.00,27.850,-0.01,27.850,0.05,27.850,0.01,27.850,0.00,27.850,-0.01,27.850,-0.01,27.850,0.00,27.850,-0.02,27.850,0.00,27.850,0.02,27.850,0.04,27.850,-0.01,27.850,0.00,27.850,0.01,27.850,0.47,27.850,0.01,27.850,0.00,27.850,0.01,27.850,0.04,27.850,0.02,27.850,0.10,27.850,2.09,27.850,0.00,27.850,0.00,27.850,0.01,27.850,0.12,27.850,-0.02,27.850,-0.02,27.850,0.01,27.850,0.01,27.850,0.02,27.850,-0.01,27.850,0.01,27.850,0.02,27.850,0.01,27.850,0.52,27.850,-0.01,27.850,-0.03,27.850,1.46,27.850,0.02,27.850,0.08,27.850,0.01,27.850,-0.01,27.850,0.00,27.850,4.86,27.850,-0.02,27.850,0.00,27.850,0.08,,,27.850,0.00,27.850,-0.01
27.900,0.04,27.900,0.50,27.900,0.05,27.900,0.54,27.900,0.04,27.900,2.14,27.900,-0.01,27.900,0.06,27.900,-0.01,27.900,0.03,27.900,0.02,27.900,-0.01,27.900,-0.01,27.900,0.01,27.900,0.00,27.900,0.07,27.900,0.00,27.900,0.01,27.900,-0.01,27.900,-0.01,27.900,0.00,27.900,-0.02,27.900,-0.01,27.900,0.02,27.900,0.04,27.900,-0.01,27.900,0.01,27.900,0.01,27.900,0.09,27.900,0.01,27.900,0.00,27.900,0.01,27.900,0.03,27.900,0.01,27.900,0.18,27.900,2.47,27.900,0.01,27.900,0.00,27.900,0.00,27.900,0.18,27.900,-0.01,27.900,-0.01,27.900,0.01,27.900,0.01,27.900,0.04,27.900,-0.01,27.900,0.01,27.900,0.03,27.900,0.01,27.900,0.46,27.900,0.00,27.900,-0.03,27.900,1.54,27.900,0.04,27.900,0.01,27.900,0.00,27.900,-0.01,27.900,0.01,27.900,5.05,27.900,-0.02,27.900,-0.01,27.900,-0.01,,,27.900,0.00,27.900,-0.01
27.950,0.04,27.950,1.36,27.950,0.07,27.950,0.05,27.950,0.03,27.950,2.27,27.950,-0.01,27.950,0.08,27.950,-0.01,27.950,0.03,27.950,0.01,27.950,-0.01,27.950,0.00,27.950,0.01,27.950,0.00,27.950,0.08,27.950,0.01,27.950,0.03,27.950,-0.01,27.950,0.00,27.950,0.00,27.950,-0.02,27.950,-0.01,27.950,0.02,27.950,0.06,27.950,0.05,27.950,0.06,27.950,0.02,27.950,0.06,27.950,0.02,27.950,0.00,27.950,0.01,27.950,0.05,27.950,0.02,27.950,0.43,27.950,2.91,27.950,0.00,27.950,-0.01,27.950,-0.01,27.950,0.38,27.950,-0.01,27.950,-0.01,27.950,0.00,27.950,0.01,27.950,0.02,27.950,0.01,27.950,0.00,27.950,0.05,27.950,0.01,27.950,0.27,27.950,0.01,27.950,-0.04,27.950,1.41,27.950,0.06,27.950,0.00,27.950,-0.01,27.950,-0.01,27.950,0.02,27.950,0.24,27.950,-0.02,27.950,0.00,27.950,-0.02,,,27.950,0.02,27.950,-0.01
28.000,0.06,28.000,2.00,28.000,0.07,28.000,-0.01,28.000,0.05,28.000,2.39,28.000,0.00,28.000,0.12,28.000,0.00,28.000,0.02,28.000,0.01,28.000,-0.01,28.000,0.01,28.000,0.00,28.000,-0.01,28.000,0.08,28.000,0.00,28.000,0.02,28.000,-0.01,28.000,0.00,28.000,0.05,28.000,-0.02,28.000,-0.01,28.000,0.02,28.000,0.10,28.000,0.02,28.000,0.02,28.000,0.01,28.000,0.01,28.000,0.02,28.000,0.00,28.000,0.01,28.000,0.04,28.000,0.01,28.000,0.08,28.000,0.86,28.000,0.00,28.000,-0.02,28.000,-0.01,28.000,0.47,28.000,-0.02,28.000,-0.01,28.000,0.01,28.000,0.00,28.000,0.03,28.000,0.01,28.000,0.01,28.000,0.09,28.000,0.01,28.000,0.10,28.000,0.02,28.000,-0.03,28.000,1.41,28.000,0.10,28.000,0.01,28.000,0.01,28.000,-0.01,28.000,0.04,28.000,0.07,28.000,-0.02,28.000,-0.01,28.000,-0.01,,,28.000,0.10,28.000,0.00
28.050,0.07,28.050,1.58,28.050,0.07,28.050,-0.02,28.050,0.04,28.050,2.53,28.050,-0.01,28.050,0.23,28.050,-0.01,28.050,0.04,28.050,0.01,28.050,0.00,28.050,0.00,28.050,0.00,28.050,-0.02,28.050,0.12,28.050,-0.01,28.050,0.04,28.050,0.00,28.050,-0.01,28.050,0.03,28.050,-0.01,28.050,-0.02,28.050,0.03,28.050,0.21,28.050,-0.02,28.050,-0.01,28.050,0.00,28.050,0.02,28.050,0.01,28.050,0.00,28.050,0.00,28.050,0.04,28.050,0.01,28.050,0.04,28.050,0.08,28.050,-0.01,28.050,-0.01,28.050,0.00,28.050,0.09,28.050,-0.01,28.050,-0.01,28.050,0.01,28.050,0.00,28.050,0.02,28.050,0.01,28.050,0.02,28.050,0.14,28.050,0.02,28.050,0.05,28.050,0.02,28.050,-0.03,28.050,1.59,28.050,0.43,28.050,0.02,28.050,0.01,28.050,-0.01,28.050,0.04,28.050,0.00,28.050,-0.02,28.050,0.05,28.050,0.01,,,28.050,0.02,28.050,0.00
28.100,0.10,28.100,0.09,28.100,0.07,28.100,-0.02,28.100,0.05,28.100,2.54,28.100,-0.01,28.100,0.55,28.100,-0.01,28.100,0.04,28.100,0.01,28.100,0.00,28.100,-0.02,28.100,-0.01,28.100,0.00,28.100,0.18,28.100,0.00,28.100,0.03,28.100,-0.01,28.100,-0.01,28.100,-0.01,28.100,-0.02,28.100,-0.03,28.100,0.05,28.100,0.47,28.100,-0.01,28.100,0.00,28.100,0.00,28.100,0.02,28.100,0.02,28.100,0.00,28.100,-0.01,28.100,0.05,28.100,0.01,28.100,-0.02,28.100,0.02,28.100,0.00,28.100,0.00,28.100,0.00,28.100,0.06,28.100,-0.01,28.100,-0.01,28.100,0.01,28.100,0.01,28.100,0.02,28.100,0.01,28.100,0.00,28.100,0.26,28.100,0.03,28.100,-0.01,28.100,0.02,28.100,-0.02,28.100,1.85,28.100,1.43,28.100,0.01,28.100,0.02,28.100,-0.02,28.100,0.00,28.100,-0.01,28.100,-0.01,28.100,0.01,28.100,0.00,,,28.100,0.02,28.100,0.00
28.150,0.15,28.150,0.00,28.150,0.06,28.150,-0.02,28.150,0.06,28.150,0.06,28.150,-0.01,28.150,1.02,28.150,-0.01,28.150,0.05,28.150,0.01,28.150,0.00,28.150,0.00,28.150,-0.02,28.150,0.00,28.150,0.28,28.150,-0.01,28.150,0.05,28.150,-0.01,28.150,-0.01,28.150,0.00,28.150,-0.02,28.150,-0.03,28.150,0.07,28.150,0.09,28.150,0.01,28.150,0.00,28.150,-0.01,28.150,0.01,28.150,0.01,28.150,0.00,28.150,0.01,28.150,0.04,28.150,0.01,28.150,0.00,28.150,-0.01,28.150,0.00,28.150,0.00,28.150,0.01,28.150,0.00,28.150,-0.01,28.150,-0.01,28.150,0.01,28.150,0.01,28.150,0.03,28.150,0.01,28.150,0.00,28.150,0.65,28.150,0.02,28.150,0.00,28.150,0.02,28.150,-0.02,28.150,1.91,28.150,1.52,28.150,0.00,28.150,0.01,28.150,-0.01,28.150,0.01,28.150,0.00,28.150,-0.01,28.150,-0.02,28.150,0.00,,,28.150,-0.01,28.150,0.00
28.200,0.30,28.200,0.00,28.200,0.07,28.200,-0.02,28.200,0.09,28.200,0.00,28.200,-0.01,28.200,0.06,28.200,0.00,28.200,0.05,28.200,0.01,28.200,-0.01,28.200,-0.01,28.200,0.00,28.200,0.00,28.200,0.59,28.200,-0.01,28.200,0.04,28.200,0.00,28.200,-0.02,28.200,0.00,28.200,-0.01,28.200,-0.02,28.200,0.16,28.200,0.04,28.200,0.00,28.200,-0.01,28.200,0.00,28.200,0.02,28.200,0.02,28.200,0.01,28.200,0.01,28.200,0.04,28.200,0.00,28.200,0.00,28.200,0.01,28.200,0.00,28.200,-0.01,28.200,0.00,28.200,0.01,28.200,-0.02,28.200,-0.01,28.200,0.01,28.200,0.00,28.200,0.04,28.200,0.00,28.200,0.00,28.200,1.15,28.200,0.02,28.200,0.00,28.200,0.02,28.200,-0.02,28.200,1.98,28.200,1.40,28.200,0.00,28.200,0.01,28.200,-0.01,28.200,0.01,28.200,0.00,28.200,0.00,28.200,-0.03,28.200,0.00,,,28.200,0.02,28.200,0.00
28.250,0.75,28.250,0.01,28.250,0.07,28.250,-0.02,28.250,0.17,28.250,0.00,28.250,-0.01,28.250,0.03,28.250,-0.01,28.250,0.06,28.250,0.00,28.250,-0.01,28.250,0.00,28.250,0.00,28.250,0.00,28.250,1.16,28.250,0.00,28.250,0.05,28.250,0.00,28.250,-0.01,28.250,0.01,28.250,-0.01,28.250,-0.01,28.250,0.45,28.250,-0.01,28.250,0.00,28.250,-0.01,28.250,0.01,28.250,0.02,28.250,0.02,28.250,0.00,28.250,0.01,28.250,0.05,28.250,0.00,28.250,0.01,28.250,0.00,28.250,0.00,28.250,-0.01,28.250,0.00,28.250,0.01,28.250,-0.02,28.250,-0.02,28.250,0.01,28.250,-0.01,28.250,0.04,28.250,0.00,28.250,0.00,28.250,0.98,28.250,0.02,28.250,0.00,28.250,0.03,28.250,-0.03,28.250,0.27,28.250,1.64,28.250,0.01,28.250,0.01,28.250,-0.01,28.250,0.01,28.250,0.00,28.250,-0.01,28.250,-0.01,28.250,0.00,,,28.250,0.03,28.250,0.00
28.300,1.30,28.300,0.01,28.300,0.08,28.300,-0.01,28.300,0.40,28.300,0.00,28.300,0.00,28.300,-0.02,28.300,-0.01,28.300,0.07,28.300,0.00,28.300,0.00,28.300,-0.01,28.300,-0.01,28.300,-0.01,28.300,1.42,28.300,0.00,28.300,0.08,28.300,0.00,28.300,-0.01,28.300,0.02,28.300,-0.01,28.300,-0.01,28.300,0.56,28.300,-0.01,28.300,-0.01,28.300,-0.02,28.300,0.01,28.300,0.01,28.300,0.01,28.300,0.00,28.300,0.00,28.300,0.05,28.300,0.00,28.300,-0.01,28.300,0.00,28.300,0.00,28.300,0.00,28.300,-0.01,28.300,0.01,28.300,-0.02,28.300,-0.01,28.300,0.02,28.300,0.00,28.300,0.05,28.300,0.01,28.300,0.00,28.300,0.16,28.300,0.03,28.300,0.00,28.300,0.02,28.300,-0.02,28.300,0.07,28.300,1.77,28.300,0.01,28.300,0.02,28.300,-0.01,28.300,0.03,28.300,0.00,28.300,-0.01,28.300,-0.02,28.300,-0.01,,,28.300,0.04,28.300,-0.01
28.350,1.77,28.350,2.78E-17,28.350,0.10,28.350,-0.01,28.350,0.06,28.350,-0.01,28.350,-0.01,28.350,-0.01,28.350,-0.01,28.350,0.10,28.350,0.00,28.350,-0.01,28.350,0.00,28.350,-0.01,28.350,0.00,28.350,1.62,28.350,0.01,28.350,0.10,28.350,0.00,28.350,0.00,28.350,0.01,28.350,-0.01,28.350,-0.01,28.350,0.08,28.350,-0.01,28.350,0.01,28.350,-0.02,28.350,0.01,28.350,0.01,28.350,0.01,28.350,0.00,28.350,0.02,28.350,0.06,28.350,0.00,28.350,0.00,28.350,0.00,28.350,0.02,28.350,-0.01,28.350,0.00,28.350,0.00,28.350,-0.02,28.350,-0.02,28.350,0.02,28.350,0.00,28.350,0.06,28.350,0.01,28.350,0.01,28.350,0.06,28.350,0.02,28.350,0.01,28.350,0.03,28.350,-0.02,28.350,0.00,28.350,1.66,28.350,0.01,28.350,0.01,28.350,-0.01,28.350,0.03,28.350,0.01,28.350,-0.01,28.350,-0.02,28.350,0.00,,,28.350,0.03,28.350,0.00
28.400,2.03,28.400,0.00,28.400,0.11,28.400,0.00,28.400,0.03,28.400,0.00,28.400,-0.01,28.400,0.00,28.400,0.00,28.400,0.10,28.400,-0.01,28.400,0.00,28.400,-0.01,28.400,-0.01,28.400,-0.01,28.400,2.03,28.400,0.01,28.400,0.33,28.400,0.00,28.400,0.01,28.400,0.01,28.400,-0.02,28.400,-0.02,28.400,0.04,28.400,-0.01,28.400,0.00,28.400,-0.01,28.400,0.02,28.400,0.01,28.400,0.02,28.400,-0.01,28.400,0.02,28.400,0.08,28.400,0.01,28.400,0.01,28.400,0.00,28.400,0.00,28.400,-0.01,28.400,0.01,28.400,0.01,28.400,-0.02,28.400,-0.03,28.400,0.01,28.400,0.01,28.400,0.06,28.400,0.01,28.400,0.01,28.400,0.00,28.400,0.02,28.400,0.00,28.400,0.02,28.400,-0.03,28.400,0.01,28.400,1.35,28.400,0.01,28.400,0.01,28.400,0.00,28.400,0.06,28.400,0.01,28.400,0.00,28.400,0.01,28.400,-0.01,,,28.400,0.08,28.400,-0.01
28.450,2.10,28.450,0.01,28.450,0.12,28.450,-0.01,28.450,-0.01,28.450,-0.01,28.450,0.00,28.450,0.00,28.450,0.00,28.450,0.12,28.450,0.00,28.450,-0.01,28.450,-0.02,28.450,0.00,28.450,0.00,28.450,2.46,28.450,0.00,28.450,0.79,28.450,0.00,28.450,0.00,28.450,0.02,28.450,-0.02,28.450,-0.02,28.450,-0.02,28.450,0.01,28.450,0.00,28.450,-0.01,28.450,0.00,28.450,0.02,28.450,0.02,28.450,0.00,28.450,0.00,28.450,0.09,28.450,0.00,28.450,-0.01,28.450,0.01,28.450,-0.02,28.450,-0.01,28.450,-0.01,28.450,0.01,28.450,-0.02,28.450,-0.01,28.450,0.01,28.450,0.01,28.450,0.07,28.450,0.01,28.450,0.01,28.450,0.01,28.450,0.01,28.450,0.00,28.450,0.02,28.450,-0.04,28.450,0.01,28.450,0.86,28.450,0.00,28.450,0.02,28.450,-0.01,28.450,0.12,28.450,-0.01,28.450,-0.01,28.450,0.01,28.450,-0.02,,,28.450,0.62,28.450,-0.01
28.500,2.26,28.500,0.00,28.500,0.25,28.500,-0.01,28.500,-0.02,28.500,-0.01,28.500,-0.01,28.500,-0.01,28.500,0.00,28.500,0.14,28.500,-0.01,28.500,0.04,28.500,-0.01,28.500,-0.01,28.500,-0.01,28.500,2.67,28.500,0.00,28.500,0.06,28.500,-0.01,28.500,-0.01,28.500,0.01,28.500,-0.02,28.500,-0.02,28.500,0.00,28.500,-0.01,28.500,0.00,28.500,0.00,28.500,0.01,28.500,0.01,28.500,0.02,28.500,0.00,28.500,0.00,28.500,0.09,28.500,0.01,28.500,0.00,28.500,0.01,28.500,0.00,28.500,0.00,28.500,-0.01,28.500,0.01,28.500,-0.01,28.500,-0.02,28.500,0.01,28.500,0.00,28.500,0.06,28.500,0.00,28.500,0.01,28.500,0.01,28.500,0.02,28.500,0.00,28.500,0.02,28.500,-0.03,28.500,0.01,28.500,0.88,28.500,0.00,28.500,0.02,28.500,0.00,28.500,2.97,28.500,0.01,28.500,-0.02,28.500,0.02,28.500,0.00,,,28.500,2.69,28.500,-0.02
28.550,2.43,28.550,0.00,28.550,0.45,28.550,-0.01,28.550,-0.01,28.550,-0.01,28.550,-0.02,28.550,-0.01,28.550,-0.01,28.550,0.15,28.550,0.00,28.550,0.02,28.550,-0.01,28.550,0.00,28.550,0.00,28.550,2.82,28.550,0.00,28.550,0.02,28.550,0.00,28.550,0.00,28.550,0.01,28.550,-0.02,28.550,-0.01,28.550,-0.01,28.550,-0.01,28.550,0.01,28.550,-0.01,28.550,0.01,28.550,0.01,28.550,0.02,28.550,0.00,28.550,0.01,28.550,0.09,28.550,0.01,28.550,0.00,28.550,0.00,28.550,-0.01,28.550,-0.01,28.550,-0.01,28.550,0.00,28.550,-0.02,28.550,-0.02,28.550,0.01,28.550,0.01,28.550,0.07,28.550,-0.01,28.550,0.00,28.550,-0.01,28.550,0.01,28.550,0.00,28.550,0.02,28.550,-0.02,28.550,0.01,28.550,1.40,28.550,0.00,28.550,0.02,28.550,0.00,28.550,3.53,28.550,0.00,28.550,-0.01,28.550,0.03,28.550,-0.01,,,28.550,2.16,28.550,-0.01
28.600,2.59,28.600,0.00,28.600,0.71,28.600,-0.01,28.600,0.00,28.600,0.00,28.600,-0.01,28.600,-0.01,28.600,0.00,28.600,0.22,28.600,0.05,28.600,-0.01,28.600,0.00,28.600,-0.01,28.600,0.00,28.600,2.92,28.600,0.00,28.600,-0.02,28.600,-0.01,28.600,-0.02,28.600,0.02,28.600,-0.01,28.600,-0.01,28.600,0.00,28.600,0.01,28.600,0.02,28.600,0.00,28.600,0.01,28.600,0.02,28.600,0.02,28.600,-0.01,28.600,0.01,28.600,0.12,28.600,0.00,28.600,0.00,28.600,0.01,28.600,-0.01,28.600,-0.01,28.600,-0.01,28.600,0.00,28.600,-0.02,28.600,-0.02,28.600,-0.01,28.600,0.01,28.600,0.07,28.600,0.01,28.600,0.00,28.600,-0.01,28.600,0.01,28.600,0.00,28.600,0.02,28.600,-0.03,28.600,0.01,28.600,1.49,28.600,0.00,28.600,0.02,28.600,0.00,28.600,3.07,28.600,0.00,28.600,0.01,28.600,0.06,28.600,0.00,,,28.600,2.03,28.600,0.00
28.650,2.67,28.650,0.01,28.650,0.96,28.650,-0.01,28.650,0.01,28.650,-0.01,28.650,-0.01,28.650,-0.01,28.650,0.01,28.650,0.34,28.650,0.03,28.650,-0.02,28.650,0.00,28.650,-0.02,28.650,0.00,28.650,0.11,28.650,0.03,28.650,-0.01,28.650,-0.01,28.650,0.00,28.650,0.04,28.650,-0.01,28.650,-0.01,28.650,0.01,28.650,0.00,28.650,0.02,28.650,0.00,28.650,0.01,28.650,0.02,28.650,0.02,28.650,-0.01,28.650,0.01,28.650,0.16,28.650,0.01,28.650,0.01,28.650,0.01,28.650,-0.02,28.650,-0.02,28.650,0.01,28.650,-0.01,28.650,-0.02,28.650,-0.01,28.650,0.01,28.650,0.01,28.650,0.07,28.650,0.02,28.650,0.00,28.650,0.01,28.650,0.01,28.650,0.00,28.650,0.02,28.650,-0.01,28.650,0.01,28.650,1.53,28.650,0.00,28.650,0.03,28.650,-0.01,28.650,3.94,28.650,0.00,28.650,-0.01,28.650,0.28,28.650,-0.01,,,28.650,2.69,28.650,-0.02
28.700,2.67,28.700,0.01,28.700,1.05,28.700,-0.01,28.700,0.00,28.700,-0.01,28.700,0.00,28.700,0.00,28.700,0.01,28.700,0.46,28.700,0.00,28.700,-0.01,28.700,0.01,28.700,-0.02,28.700,0.00,28.700,0.05,28.700,0.01,28.700,0.00,28.700,-0.01,28.700,-0.01,28.700,0.02,28.700,0.00,28.700,0.00,28.700,-0.01,28.700,-0.01,28.700,0.02,28.700,-0.01,28.700,0.01,28.700,0.02,28.700,0.01,28.700,0.00,28.700,0.01,28.700,0.24,28.700,0.02,28.700,0.00,28.700,0.02,28.700,-0.01,28.700,0.02,28.700,0.01,28.700,0.00,28.700,-0.02,28.700,-0.01,28.700,0.01,28.700,0.02,28.700,0.09,28.700,0.03,28.700,0.01,28.700,0.01,28.700,0.01,28.700,0.00,28.700,0.02,28.700,0.01,28.700,0.00,28.700,1.83,28.700,-0.01,28.700,0.04,28.700,0.00,28.700,3.15,28.700,-0.01,28.700,0.01,28.700,2.64,28.700,0.01,,,28.700,4.13,28.700,-0.01
28.750,2.65,28.750,2.78E-17,28.750,0.07,28.750,-0.01,28.750,0.00,28.750,-0.01,28.750,-0.01,28.750,0.00,28.750,0.02,28.750,0.11,28.750,-0.01,28.750,-0.01,28.750,0.01,28.750,-0.01,28.750,0.00,28.750,-0.01,28.750,-0.01,28.750,-0.01,28.750,0.00,28.750,-0.01,28.750,0.02,28.750,-0.01,28.750,-0.02,28.750,-0.01,28.750,-0.01,28.750,0.04,28.750,-0.02,28.750,0.01,28.750,0.01,28.750,0.02,28.750,0.00,28.750,0.01,28.750,0.31,28.750,0.02,28.750,0.00,28.750,0.01,28.750,-0.01,28.750,-0.01,28.750,0.01,28.750,0.00,28.750,-0.02,28.750,-0.02,28.750,0.02,28.750,0.02,28.750,0.10,28.750,0.03,28.750,0.00,28.750,0.01,28.750,0.02,28.750,0.01,28.750,0.02,28.750,-0.02,28.750,0.00,28.750,2.49,28.750,0.01,28.750,0.06,28.750,-0.01,28.750,0.06,28.750,-0.01,28.750,0.02,28.750,2.66,28.750,0.01,,,28.750,5.33,28.750,-0.01
28.800,2.72,28.800,0.00,28.800,0.02,28.800,-0.01,28.800,-0.01,28.800,-0.01,28.800,-0.02,28.800,-0.01,28.800,0.02,28.800,0.07,28.800,0.00,28.800,-0.01,28.800,0.02,28.800,-0.01,28.800,-0.01,28.800,0.00,28.800,0.00,28.800,0.00,28.800,-0.01,28.800,-0.01,28.800,0.04,28.800,0.00,28.800,-0.02,28.800,0.00,28.800,-0.02,28.800,0.04,28.800,-0.01,28.800,0.00,28.800,0.01,28.800,0.02,28.800,-0.01,28.800,0.02,28.800,0.46,28.800,0.01,28.800,0.01,28.800,0.01,28.800,-0.01,28.800,-0.01,28.800,0.00,28.800,-0.01,28.800,-0.02,28.800,-0.02,28.800,0.01,28.800,0.01,28.800,0.12,28.800,0.03,28.800,0.01,28.800,0.02,28.800,0.01,28.800,0.00,28.800,0.02,28.800,-0.03,28.800,-0.01,28.800,2.97,28.800,0.01,28.800,0.00,,,28.800,0.02,28.800,0.00,28.800,0.04,28.800,2.21,28.800,0.00,,,28.800,5.00,28.800,-0.01
28.850,0.01,28.850,-0.01,28.850,0.00,28.850,-0.02,28.850,-0.02,28.850,-0.02,28.850,-0.01,28.850,-0.01,28.850,0.03,28.850,0.01,28.850,0.00,28.850,-0.02,28.850,0.02,28.850,-0.02,28.850,-0.01,28.850,0.00,28.850,0.00,28.850,-0.01,28.850,0.00,28.850,-0.01,28.850,0.05,28.850,-0.01,28.850,-0.01,28.850,0.00,28.850,-0.01,28.850,0.05,28.850,-0.01,28.850,0.00,28.850,0.01,28.850,0.02,28.850,0.00,28.850,0.01,28.850,0.59,28.850,0.01,28.850,0.01,28.850,0.01,28.850,-0.02,28.850,0.00,28.850,0.00,28.850,0.00,28.850,-0.02,28.850,-0.02,28.850,0.00,28.850,0.01,28.850,0.15,28.850,0.04,28.850,0.00,28.850,0.01,28.850,0.02,28.850,0.01,28.850,0.02,28.850,-0.02,28.850,0.00,28.850,3.47,28.850,0.03,28.850,0.02,,,28.850,0.00,28.850,-0.01,28.850,0.07,28.850,2.31,28.850,0.00,,,28.850,5.13,28.850,-0.01
28.900,0.03,28.900,-0.01,28.900,0.00,28.900,-0.02,28.900,-0.01,28.900,-0.02,28.900,-0.01,28.900,-0.01,28.900,0.02,28.900,0.01,28.900,0.00,28.900,0.01,28.900,0.03,28.900,-0.02,28.900,-0.01,28.900,0.00,28.900,-0.01,28.900,-0.01,28.900,-0.01,28.900,-0.01,28.900,0.06,28.900,0.00,28.900,-0.02,28.900,0.00,28.900,-0.01,28.900,0.06,28.900,-0.01,28.900,0.01,28.900,0.01,28.900,0.03,28.900,0.00,28.900,0.01,28.900,0.75,28.900,0.01,28.900,0.01,28.900,0.01,28.900,-0.01,28.900,-0.01,28.900,0.00,28.900,0.00,28.900,-0.01,28.900,-0.01,28.900,0.00,28.900,0.02,28.900,0.22,28.900,0.04,28.900,0.01,28.900,0.00,28.900,0.01,28.900,0.01,28.900,0.03,28.900,-0.03,28.900,0.00,28.900,3.87,28.900,0.02,28.900,0.02,,,28.900,-0.01,28.900,-0.01,28.900,0.94,28.900,3.27,28.900,0.04,,,28.900,4.78,28.900,-0.01
28.950,-0.03,28.950,0.00,28.950,0.00,28.950,-0.02,28.950,-0.01,28.950,-0.02,28.950,-0.01,28.950,-0.01,28.950,0.05,28.950,0.02,28.950,0.00,28.950,-0.01,28.950,0.04,28.950,-0.02,28.950,-0.01,28.950,0.00,28.950,0.00,28.950,-0.01,28.950,0.00,28.950,0.00,28.950,0.07,28.950,-0.01,28.950,0.00,28.950,-0.01,28.950,-0.01,28.950,0.07,28.950,-0.01,28.950,0.01,28.950,0.01,28.950,0.02,28.950,0.00,28.950,0.01,28.950,1.06,28.950,0.00,28.950,0.01,28.950,0.01,28.950,-0.01,28.950,-0.01,28.950,0.00,28.950,-0.01,28.950,-0.02,28.950,-0.01,28.950,0.01,28.950,0.02,28.950,0.26,28.950,0.04,28.950,0.00,28.950,0.01,28.950,0.02,28.950,0.00,28.950,0.02,28.950,-0.02,28.950,0.01,28.950,4.17,28.950,0.05,28.950,0.03,,,28.950,-0.02,28.950,0.00,28.950,4.21,28.950,3.94,28.950,0.02,,,28.950,0.14,28.950,-0.01
29.000,-0.02,29.000,0.00,29.000,-0.01,29.000,-0.02,29.000,-0.02,29.000,-0.02,29.000,-0.01,29.000,-0.01,29.000,0.04,29.000,0.01,29.000,0.00,29.000,0.00,29.000,0.11,29.000,-0.02,29.000,0.00,29.000,0.00,29.000,0.00,29.000,-0.01,29.000,0.00,29.000,0.00,29.000,0.08,29.000,0.00,29.000,0.02,29.000,-0.01,29.000,-0.02,29.000,0.10,29.000,-0.01,29.000,0.02,29.000,-0.01,29.000,0.02,29.000,0.00,29.000,0.01,29.000,1.16,29.000,0.00,29.000,0.01,29.000,0.02,29.000,-0.02,29.000,0.00,29.000,0.02,29.000,-0.01,29.000,-0.01,29.000,-0.01,29.000,0.01,29.000,0.02,29.000,0.31,29.000,0.04,29.000,0.01,29.000,0.01,29.000,0.02,29.000,-0.01,29.000,0.03,29.000,-0.02,29.000,0.01,29.000,4.47,29.000,0.00,29.000,0.03,,,29.000,-0.01,29.000,-0.01,29.000,2.97,29.000,4.64,29.000,0.01,,,29.000,0.06,29.000,-0.02
29.050,-0.01,29.050,0.01,29.050,-0.01,29.050,-0.01,29.050,-0.01,29.050,-0.02,29.050,0.00,29.050,0.00,29.050,0.07,29.050,0.02,29.050,0.02,29.050,-0.01,29.050,0.99,29.050,-0.02,29.050,0.01,29.050,0.01,29.050,-0.02,29.050,0.00,29.050,-0.01,29.050,-0.01,29.050,0.12,29.050,0.00,29.050,-0.02,29.050,-0.02,29.050,-0.02,29.050,0.22,29.050,0.00,29.050,0.02,29.050,0.00,29.050,0.02,29.050,0.00,29.050,0.01,29.050,1.21,29.050,0.01,29.050,0.00,29.050,0.01,29.050,-0.01,29.050,0.02,29.050,0.01,29.050,-0.01,29.050,-0.01,29.050,-0.01,29.050,0.01,29.050,0.00,29.050,0.38,29.050,0.06,29.050,0.00,29.050,0.01,29.050,0.01,29.050,0.01,29.050,0.04,29.050,-0.02,29.050,0.01,29.050,0.11,29.050,0.01,29.050,0.03,,,29.050,-0.01,29.050,0.00,29.050,2.36,29.050,5.01,29.050,0.00,,,29.050,-0.01,29.050,-0.01
29.100,-0.01,29.100,0.00,29.100,-0.01,29.100,-0.02,29.100,-0.02,29.100,-0.02,29.100,-0.01,29.100,-0.01,29.100,0.10,29.100,0.02,29.100,0.01,29.100,0.00,29.100,0.06,29.100,-0.01,29.100,0.02,29.100,0.01,29.100,-0.01,29.100,-0.01,29.100,0.00,29.100,-0.01,29.100,0.36,29.100,-0.01,29.100,-0.02,29.100,-0.01,29.100,-0.01,29.100,0.46,29.100,0.01,29.100,0.04,29.100,-0.01,29.100,0.02,29.100,0.01,29.100,0.00,29.100,1.28,29.100,0.00,29.100,0.00,29.100,0.02,29.100,-0.01,29.100,0.01,29.100,0.00,29.100,-0.01,29.100,-0.01,29.100,-0.02,29.100,0.00,29.100,0.01,29.100,0.52,29.100,0.07,29.100,0.00,29.100,0.01,29.100,0.02,29.100,0.01,29.100,0.05,29.100,-0.02,29.100,-0.01,29.100,0.04,29.100,0.02,29.100,0.04,,,29.100,-0.01,29.100,0.00,29.100,4.79,29.100,3.42,29.100,0.01,,,29.100,0.00,29.100,-0.01
29.150,-0.01,29.150,0.01,29.150,0.00,29.150,-0.01,29.150,-0.02,29.150,-0.01,29.150,-0.01,29.150,0.00,29.150,0.41,29.150,0.02,29.150,0.01,29.150,0.00,29.150,-0.01,29.150,0.00,29.150,0.04,29.150,0.00,29.150,-0.01,29.150,0.00,29.150,0.02,29.150,0.00,29.150,0.75,29.150,0.00,29.150,-0.01,29.150,0.00,29.150,-0.01,29.150,0.95,29.150,0.00,29.150,0.01,29.150,-0.01,29.150,0.02,29.150,0.05,29.150,0.01,29.150,1.34,29.150,0.00,29.150,0.00,29.150,0.01,29.150,-0.01,29.150,0.00,29.150,0.00,29.150,-0.01,29.150,-0.02,29.150,-0.02,29.150,0.01,29.150,0.01,29.150,0.39,29.150,0.09,29.150,0.00,29.150,0.00,29.150,0.01,29.150,0.02,29.150,0.05,29.150,-0.02,29.150,0.00,29.150,-0.03,29.150,0.02,29.150,0.04,,,29.150,-0.01,29.150,0.00,29.150,0.45,29.150,0.05,29.150,0.02,,,29.150,0.01,29.150,-0.01
29.200,-0.01,29.200,0.01,29.200,0.01,29.200,-0.01,29.200,-0.02,29.200,-0.02,29.200,-0.01,29.200,0.00,29.200,0.18,29.200,0.02,29.200,0.02,29.200,0.01,29.200,-0.04,29.200,0.00,29.200,0.04,29.200,0.01,29.200,-0.01,29.200,0.00,29.200,0.01,29.200,0.00,29.200,1.06,29.200,0.01,29.200,-0.02,29.200,0.00,29.200,-0.01,29.200,1.43,29.200,0.00,29.200,0.00,29.200,0.00,29.200,0.02,29.200,0.03,29.200,0.06,29.200,1.37,29.200,0.00,29.200,0.01,29.200,0.01,29.200,-0.01,29.200,0.00,29.200,0.00,29.200,0.00,29.200,-0.02,29.200,-0.02,29.200,0.01,29.200,0.01,29.200,0.13,29.200,0.18,29.200,0.01,29.200,0.00,29.200,0.01,29.200,0.02,29.200,0.05,29.200,0.00,29.200,0.00,29.200,-0.04,29.200,0.03,29.200,0.03,,,29.200,-0.01,29.200,0.00,29.200,0.04,29.200,0.01,29.200,0.02,,,29.200,0.01,29.200,-0.01
29.250,-0.01,29.250,0.01,29.250,0.00,29.250,-0.01,29.250,-0.01,29.250,-0.01,29.250,0.00,29.250,-0.01,29.250,0.04,29.250,0.01,29.250,0.02,29.250,0.01,29.250,-0.04,29.250,0.00,29.250,0.05,29.250,0.00,29.250,-0.01,29.250,0.00,29.250,0.00,29.250,0.00,29.250,1.27,29.250,-0.01,29.250,-0.01,29.250,0.00,29.250,-0.02,29.250,1.90,29.250,0.01,29.250,0.01,29.250,-0.01,29.250,0.02,29.250,0.00,29.250,0.04,29.250,1.36,29.250,0.01,29.250,0.01,29.250,0.02,29.250,0.00,29.250,0.00,29.250,0.00,29.250,0.00,29.250,-0.02,29.250,-0.01,29.250,0.01,29.250,0.02,29.250,0.06,29.250,0.77,29.250,0.01,29.250,-0.01,29.250,0.01,29.250,0.01,29.250,0.05,29.250,0.02,29.250,0.01,29.250,-0.04,29.250,0.03,29.250,0.05,,,29.250,0.00,29.250,0.00,29.250,-0.03,29.250,-0.03,29.250,0.03,,,29.250,0.01,29.250,0.00
29.300,-0.01,29.300,0.01,29.300,0.01,29.300,-0.01,29.300,-0.02,29.300,0.00,29.300,-0.01,29.300,0.00,29.300,-0.02,29.300,0.01,29.300,0.03,29.300,0.02,29.300,-0.03,29.300,0.02,29.300,0.06,29.300,0.01,29.300,-0.01,29.300,0.01,29.300,-0.01,29.300,0.00,29.300,1.54,29.300,-0.03,29.300,-0.02,29.300,-0.01,29.300,-0.01,29.300,2.39,29.300,0.00,29.300,0.01,29.300,0.00,29.300,0.02,29.300,-0.01,29.300,0.00,29.300,1.28,29.300,0.00,29.300,0.00,29.300,0.01,29.300,0.01,29.300,0.01,29.300,0.00,29.300,-0.01,29.300,-0.01,29.300,-0.01,29.300,0.01,29.300,0.01,29.300,0.01,29.300,1.49,29.300,0.01,29.300,0.00,29.300,0.01,29.300,0.01,29.300,0.05,29.300,0.01,29.300,0.01,29.300,-0.02,29.300,0.02,29.300,0.05,,,29.300,0.00,29.300,0.01,29.300,-0.03,29.300,-0.03,29.300,0.07,,,29.300,0.01,29.300,-0.01
29.350,-0.01,29.350,-0.01,29.350,0.01,29.350,-0.01,29.350,-0.02,29.350,-0.01,29.350,-0.01,29.350,0.00,29.350,0.00,29.350,0.02,29.350,0.03,29.350,0.02,29.350,-0.04,29.350,0.00,29.350,0.06,29.350,-0.01,29.350,0.00,29.350,-0.01,29.350,-0.01,29.350,0.00,29.350,1.86,29.350,-0.02,29.350,-0.02,29.350,0.00,29.350,-0.01,29.350,2.90,29.350,0.01,29.350,0.01,29.350,0.00,29.350,0.02,29.350,0.00,29.350,0.00,29.350,1.18,29.350,0.01,29.350,0.01,29.350,0.02,29.350,0.01,29.350,0.00,29.350,0.00,29.350,-0.01,29.350,-0.01,29.350,-0.01,29.350,0.01,29.350,0.01,29.350,0.01,29.350,1.77,29.350,0.00,29.350,0.01,29.350,0.01,29.350,0.01,29.350,0.07,29.350,0.02,29.350,0.01,29.350,-0.02,29.350,0.03,29.350,0.06,,,29.350,0.01,29.350,0.00,29.350,-0.03,29.350,-0.03,29.350,0.48,,,29.350,0.00,29.350,-0.01
29.400,0.00,29.400,0.00,29.400,0.01,29.400,-0.02,29.400,-0.02,29.400,-0.02,29.400,-0.02,29.400,-0.01,29.400,-0.01,29.400,0.02,29.400,0.04,29.400,0.03,29.400,-0.04,29.400,0.00,29.400,0.08,29.400,0.00,29.400,0.00,29.400,-0.01,29.400,0.01,29.400,-0.01,29.400,2.19,29.400,-0.01,29.400,-0.02,29.400,0.00,29.400,-0.02,29.400,3.25,29.400,0.01,29.400,0.01,29.400,0.00,29.400,0.03,29.400,-0.01,29.400,0.02,29.400,1.16,29.400,0.01,29.400,0.00,29.400,0.02,29.400,0.02,29.400,0.00,29.400,0.01,29.400,-0.01,29.400,-0.02,29.400,-0.01,29.400,0.01,29.400,0.00,29.400,0.02,29.400,2.00,29.400,0.00,29.400,0.00,29.400,0.02,29.400,0.00,29.400,0.08,29.400,0.03,29.400,0.01,29.400,-0.02,29.400,0.05,29.400,0.07,,,29.400,0.00,29.400,-0.01,29.400,-0.02,29.400,-0.02,29.400,3.74,,,29.400,0.00,29.400,-0.02
29.450,0.00,29.450,0.01,29.450,0.01,29.450,-0.01,29.450,-0.01,29.450,-0.01,29.450,-0.01,29.450,0.00,29.450,0.00,29.450,0.02,29.450,0.05,29.450,0.04,29.450,-0.03,29.450,0.00,29.450,0.09,29.450,0.00,29.450,0.02,29.450,0.01,29.450,0.01,29.450,-0.01,29.450,2.65,29.450,-0.01,29.450,-0.01,29.450,0.00,29.450,-0.02,29.450,0.08,29.450,0.00,29.450,0.00,29.450,0.00,29.450,0.02,29.450,0.00,29.450,0.01,29.450,1.12,29.450,0.00,29.450,0.01,29.450,0.01,29.450,0.03,29.450,0.00,29.450,0.01,29.450,-0.01,29.450,-0.02,29.450,-0.01,29.450,0.01,29.450,0.01,29.450,0.01,29.450,2.39,29.450,0.00,29.450,0.00,29.450,0.02,29.450,0.01,29.450,0.09,29.450,0.04,29.450,0.03,29.450,-0.02,29.450,0.06,29.450,0.12,,,29.450,0.01,29.450,0.00,29.450,-0.03,29.450,-0.02,29.450,2.85,,,29.450,0.01,29.450,-0.01
29.500,5.55E-17,29.500,0.01,29.500,0.01,29.500,0.00,29.500,-0.02,29.500,-0.01,29.500,-0.01,29.500,-0.01,29.500,-0.01,29.500,0.01,29.500,0.05,29.500,0.03,29.500,-0.03,29.500,0.00,29.500,0.11,29.500,0.00,29.500,0.01,29.500,-0.01,29.500,0.02,29.500,0.01,29.500,3.09,29.500,-0.02,29.500,-0.01,29.500,-0.01,29.500,-0.01,29.500,0.05,29.500,0.01,29.500,0.01,29.500,0.00,29.500,0.02,29.500,0.01,29.500,0.01,29.500,1.09,29.500,0.01,29.500,0.00,29.500,0.01,29.500,0.04,29.500,-0.01,29.500,0.01,29.500,0.01,29.500,-0.02,29.500,-0.02,29.500,0.02,29.500,0.01,29.500,0.01,29.500,2.75,29.500,0.00,29.500,0.00,29.500,0.01,29.500,0.02,29.500,0.10,29.500,0.04,29.500,0.02,29.500,-0.02,29.500,0.09,29.500,0.62,,,29.500,0.00,29.500,-0.01,29.500,-0.02,29.500,-0.04,29.500,2.52,,,29.500,0.00,29.500,-0.02
29.550,-0.01,29.550,0.00,29.550,0.00,29.550,-0.01,29.550,-0.01,29.550,-0.01,29.550,-0.01,29.550,-0.01,29.550,-0.01,29.550,0.01,29.550,0.07,29.550,0.04,29.550,-0.02,29.550,0.01,29.550,0.22,29.550,0.00,29.550,0.01,29.550,0.00,29.550,0.01,29.550,0.01,29.550,0.91,29.550,-0.02,29.550,-0.01,29.550,-0.02,29.550,-0.01,29.550,-0.02,29.550,0.02,29.550,0.02,29.550,0.00,29.550,0.01,29.550,0.00,29.550,0.01,29.550,1.08,29.550,0.01,29.550,0.00,29.550,0.02,29.550,0.03,29.550,0.01,29.550,0.00,29.550,0.00,29.550,-0.01,29.550,0.00,29.550,0.03,29.550,0.01,29.550,0.01,29.550,3.04,29.550,0.01,29.550,-0.01,29.550,0.01,29.550,0.01,29.550,0.11,29.550,0.04,29.550,0.01,29.550,-0.02,29.550,0.14,29.550,2.20,,,29.550,0.00,29.550,-0.01,29.550,-0.02,29.550,-0.02,29.550,3.08,,,29.550,0.00,29.550,-0.01
29.600,-0.01,29.600,0.01,29.600,0.01,29.600,-0.01,29.600,0.00,29.600,0.00,29.600,-0.02,29.600,-0.02,29.600,0.00,29.600,0.02,29.600,0.14,29.600,0.08,29.600,-0.02,29.600,0.02,29.600,0.30,29.600,0.00,29.600,0.02,29.600,0.01,29.600,0.02,29.600,0.01,29.600,0.07,29.600,-0.01,29.600,0.01,29.600,-0.01,29.600,0.00,29.600,0.00,29.600,0.02,29.600,0.01,29.600,0.01,29.600,0.03,29.600,0.01,29.600,0.01,29.600,1.12,29.600,0.01,29.600,0.00,29.600,0.02,29.600,0.04,29.600,0.01,29.600,-0.01,29.600,0.01,29.600,-0.01,29.600,-0.01,29.600,0.03,29.600,0.02,29.600,0.02,29.600,3.13,29.600,0.00,29.600,0.01,29.600,0.02,29.600,0.00,29.600,0.13,29.600,0.06,29.600,0.01,29.600,-0.02,29.600,0.51,29.600,1.92,,,29.600,0.02,29.600,-0.01,29.600,-0.02,29.600,-0.03,29.600,4.09,,,29.600,-0.01,29.600,-0.02
29.650,-0.01,29.650,0.04,29.650,0.01,29.650,-0.01,29.650,-0.01,29.650,0.00,29.650,-0.01,29.650,0.00,29.650,0.00,29.650,0.02,29.650,0.30,29.650,0.27,29.650,-0.02,29.650,0.02,29.650,0.06,29.650,0.00,29.650,0.01,29.650,0.01,29.650,0.04,29.650,0.00,29.650,0.02,29.650,-0.01,29.650,0.01,29.650,0.00,29.650,0.01,29.650,0.00,29.650,0.02,29.650,0.01,29.650,0.01,29.650,0.01,29.650,0.00,29.650,0.02,29.650,1.15,29.650,0.00,29.650,0.00,29.650,0.02,29.650,0.04,29.650,0.01,29.650,-0.01,29.650,0.01,29.650,-0.02,29.650,-0.01,29.650,0.04,29.650,0.00,29.650,0.02,29.650,0.65,29.650,0.01,29.650,0.00,29.650,0.02,29.650,0.00,29.650,0.18,29.650,0.07,29.650,0.01,29.650,-0.02,29.650,1.45,29.650,1.75,,,29.650,0.07,29.650,-0.01,29.650,-0.02,29.650,-0.02,29.650,4.52,,,29.650,0.00,29.650,-0.01
29.700,-0.01,29.700,0.01,29.700,0.00,29.700,-0.01,29.700,-0.01,29.700,-0.01,29.700,-0.01,29.700,-0.01,29.700,0.00,29.700,0.02,29.700,0.71,29.700,1.77,29.700,-0.04,29.700,0.02,29.700,0.00,29.700,-0.01,29.700,0.01,29.700,0.01,29.700,0.05,29.700,-0.01,29.700,-0.01,29.700,-0.01,29.700,0.01,29.700,0.00,29.700,-0.01,29.700,0.01,29.700,0.03,29.700,0.01,29.700,0.01,29.700,0.02,29.700,0.01,29.700,0.01,29.700,1.18,29.700,0.00,29.700,0.01,29.700,0.02,29.700,0.06,29.700,0.00,29.700,0.00,29.700,0.02,29.700,-0.01,29.700,-0.01,29.700,0.04,29.700,0.00,29.700,0.02,29.700,0.07,29.700,0.01,29.700,0.00,29.700,0.03,29.700,0.01,29.700,0.48,29.700,0.09,29.700,0.00,29.700,-0.02,29.700,1.63,29.700,2.25,,,29.700,0.03,29.700,0.00,29.700,-0.02,29.700,-0.02,29.700,5.05,,,29.700,-0.01,29.700,-0.02
29.750,-0.02,29.750,-0.01,29.750,0.00,29.750,0.00,29.750,-0.01,29.750,0.00,29.750,-0.01,29.750,-0.01,29.750,-0.01,29.750,0.02,29.750,0.98,29.750,0.06,29.750,-0.03,29.750,0.04,29.750,-0.01,29.750,0.00,29.750,0.03,29.750,0.00,29.750,0.05,29.750,-0.01,29.750,0.00,29.750,0.01,29.750,0.01,29.750,0.01,29.750,0.00,29.750,-0.01,29.750,0.03,29.750,0.02,29.750,0.01,29.750,0.02,29.750,0.01,29.750,0.01,29.750,1.36,29.750,0.00,29.750,0.01,29.750,0.02,29.750,0.09,29.750,0.01,29.750,0.01,29.750,0.01,29.750,-0.01,29.750,-0.02,29.750,0.04,29.750,0.01,29.750,0.03,29.750,0.01,29.750,0.01,29.750,0.01,29.750,0.02,29.750,0.00,29.750,1.21,29.750,0.14,29.750,0.01,29.750,-0.02,29.750,1.55,29.750,2.83,,,29.750,0.00,29.750,-0.01,29.750,-0.02,29.750,-0.02,29.750,0.17,,,29.750,0.00,29.750,-0.02
29.800,-0.02,29.800,0.00,29.800,0.00,29.800,-0.01,29.800,-0.01,29.800,-0.01,29.800,0.00,29.800,0.00,29.800,0.00,29.800,0.01,29.800,1.35,29.800,0.03,29.800,-0.03,29.800,0.09,29.800,0.00,29.800,0.00,29.800,0.02,29.800,0.01,29.800,0.07,29.800,0.00,29.800,0.01,29.800,0.02,29.800,0.02,29.800,0.00,29.800,0.00,29.800,0.00,29.800,0.03,29.800,0.03,29.800,0.01,29.800,0.02,29.800,0.02,29.800,0.00,29.800,1.23,29.800,-0.01,29.800,0.01,29.800,0.02,29.800,0.27,29.800,0.01,29.800,0.00,29.800,0.01,29.800,0.00,29.800,-0.01,29.800,0.04,29.800,0.02,29.800,0.03,29.800,0.00,29.800,0.01,29.800,0.00,29.800,0.02,29.800,0.00,29.800,1.38,29.800,0.23,29.800,0.01,29.800,-0.01,29.800,1.60,29.800,3.47,,,29.800,0.01,29.800,-0.02,29.800,-0.02,29.800,-0.04,29.800,0.06,,,29.800,0.01,29.800,-0.01
29.850,-0.02,29.850,0.00,29.850,0.00,29.850,0.00,29.850,-0.01,29.850,-0.01,29.850,-0.01,29.850,0.00,29.850,0.01,29.850,0.02,29.850,1.81,29.850,-0.02,29.850,-0.03,29.850,0.62,29.850,-0.01,29.850,0.00,29.850,0.04,29.850,0.00,29.850,0.15,29.850,0.01,29.850,0.01,29.850,0.02,29.850,0.02,29.850,0.00,29.850,0.00,29.850,-0.01,29.850,0.02,29.850,0.04,29.850,0.00,29.850,0.02,29.850,0.03,29.850,0.01,29.850,1.31,29.850,-0.01,29.850,0.01,29.850,0.02,29.850,1.24,29.850,0.02,29.850,-0.01,29.850,0.02,29.850,0.03,29.850,0.02,29.850,0.05,29.850,0.01,29.850,0.02,29.850,0.00,29.850,0.00,29.850,0.00,29.850,0.02,29.850,0.00,29.850,1.31,29.850,0.52,29.850,0.00,29.850,-0.02,29.850,1.99,29.850,4.22,,,29.850,0.01,29.850,-0.01,29.850,-0.02,29.850,-0.03,29.850,0.00,,,29.850,0.02,29.850,-0.01
29.900,-0.01,29.900,0.01,29.900,0.00,29.900,-0.01,29.900,0.00,29.900,-0.02,29.900,-0.01,29.900,-0.01,29.900,0.00,29.900,0.01,29.900,2.13,29.900,0.00,29.900,-0.04,29.900,0.06,29.900,0.00,29.900,-0.01,29.900,0.04,29.900,-0.01,29.900,0.60,29.900,0.00,29.900,0.01,29.900,0.04,29.900,0.03,29.900,-0.01,29.900,0.00,29.900,-0.01,29.900,0.02,29.900,0.04,29.900,0.01,29.900,0.01,29.900,0.04,29.900,0.00,29.900,1.48,29.900,0.00,29.900,0.01,29.900,0.03,29.900,2.28,29.900,0.02,29.900,0.01,29.900,0.02,29.900,0.02,29.900,-0.01,29.900,0.06,29.900,0.01,29.900,0.02,29.900,0.00,29.900,-0.01,29.900,0.01,29.900,0.02,29.900,0.01,29.900,1.24,29.900,1.02,29.900,0.01,29.900,-0.03,29.900,2.32,29.900,4.47,,,29.900,0.03,29.900,0.00,29.900,-0.02,29.900,-0.03,29.900,-0.01,,,29.900,0.00,29.900,-0.01
29.950,-0.01,29.950,0.01,29.950,0.00,29.950,-0.01,29.950,0.01,29.950,-0.01,29.950,0.01,29.950,-0.01,29.950,-0.01,29.950,0.00,29.950,2.47,29.950,0.00,29.950,-0.04,29.950,0.04,29.950,0.00,29.950,0.00,29.950,0.04,29.950,0.00,29.950,0.09,29.950,0.00,29.950,0.02,29.950,0.05,29.950,0.06,29.950,-0.01,29.950,0.01,29.950,0.00,29.950,0.02,29.950,0.04,29.950,0.01,29.950,0.02,29.950,0.03,29.950,0.00,29.950,0.82,29.950,0.01,29.950,0.01,29.950,0.02,29.950,0.33,29.950,0.03,29.950,0.01,29.950,0.01,29.950,-0.03,29.950,-0.01,29.950,0.07,29.950,0.02,29.950,0.02,29.950,0.00,29.950,0.00,29.950,0.00,29.950,0.02,29.950,0.01,29.950,1.22,29.950,1.19,29.950,0.02,29.950,-0.03,29.950,2.60,29.950,4.57,,,29.950,0.04,29.950,-0.02,29.950,0.00,29.950,-0.03,29.950,-0.02,,,29.950,-0.01,29.950,-0.01
30.000,-0.02,30.000,2.78E-17,30.000,0.00,30.000,-0.02,30.000,0.00,30.000,-0.01,30.000,0.02,30.000,0.00,30.000,0.00,30.000,0.02,30.000,2.75,30.000,0.00,30.000,-0.04,30.000,-0.01,30.000,0.00,30.000,-0.01,30.000,0.03,30.000,0.01,30.000,0.04,30.000,0.00,30.000,0.02,30.000,0.08,30.000,0.07,30.000,-0.01,30.000,0.00,30.000,-0.01,30.000,0.03,30.000,0.04,30.000,0.00,30.000,0.01,30.000,0.03,30.000,0.01,30.000,0.25,30.000,0.00,30.000,0.00,30.000,0.05,30.000,0.06,30.000,0.04,30.000,0.02,30.000,0.01,30.000,-0.01,30.000,-0.02,30.000,0.06,30.000,0.01,30.000,0.01,30.000,-0.01,30.000,0.01,30.000,0.00,30.000,0.02,30.000,0.00,30.000,1.24,30.000,1.17,30.000,0.02,30.000,-0.02,30.000,2.74,30.000,4.76,,,30.000,0.05,30.000,0.00,30.000,-0.01,30.000,-0.03,30.000,0.00,,,30.000,-0.01,30.000,0.00
30.050,-0.02,30.050,0.01,30.050,-0.01,30.050,-0.01,30.050,0.00,30.050,-0.01,30.050,0.01,30.050,0.00,30.050,0.00,30.050,0.02,30.050,0.69,30.050,0.01,30.050,-0.03,30.050,-0.01,30.050,0.00,30.050,0.00,30.050,0.05,30.050,0.00,30.050,-0.02,30.050,0.01,30.050,0.01,30.050,0.26,30.050,0.11,30.050,-0.01,30.050,0.00,30.050,0.00,30.050,0.06,30.050,0.04,30.050,-0.01,30.050,0.02,30.050,0.04,30.050,0.02,30.050,0.07,30.050,0.00,30.050,0.00,30.050,0.02,30.050,-0.02,30.050,0.04,30.050,0.02,30.050,0.01,30.050,0.00,30.050,-0.02,30.050,0.07,30.050,0.01,30.050,0.01,30.050,-0.01,30.050,0.01,30.050,-0.01,30.050,0.02,30.050,0.01,30.050,1.66,30.050,1.15,30.050,0.01,30.050,0.00,30.050,3.15,30.050,0.15,,,30.050,0.06,30.050,0.00,30.050,-0.02,30.050,-0.02,30.050,0.00,,,30.050,0.01,30.050,-0.01
30.100,-0.01,30.100,0.01,30.100,0.00,30.100,-0.01,30.100,0.00,30.100,-0.01,30.100,0.02,30.100,0.00,30.100,0.01,30.100,0.02,30.100,0.06,30.100,0.01,30.100,-0.04,30.100,-0.02,30.100,-0.01,30.100,0.01,30.100,0.05,30.100,0.01,30.100,-0.02,30.100,0.02,30.100,0.01,30.100,1.51,30.100,0.15,30.100,-0.01,30.100,0.00,30.100,0.01,30.100,0.09,30.100,0.05,30.100,0.00,30.100,0.01,30.100,0.05,30.100,0.02,30.100,0.03,30.100,0.02,30.100,0.00,30.100,0.00,30.100,-0.01,30.100,0.05,30.100,0.03,30.100,0.00,30.100,0.00,30.100,-0.01,30.100,0.08,30.100,0.01,30.100,0.01,30.100,-0.02,30.100,0.01,30.100,0.01,30.100,0.00,30.100,0.01,30.100,2.08,30.100,1.22,30.100,0.01,30.100,0.00,30.100,3.53,30.100,0.07,,,30.100,0.11,30.100,0.00,30.100,0.03,30.100,-0.02,30.100,-0.01,,,30.100,0.01,30.100,0.00
30.150,-0.01,30.150,0.01,30.150,0.01,30.150,-0.01,30.150,0.00,30.150,-0.01,30.150,0.02,30.150,0.00,30.150,0.00,30.150,0.02,30.150,0.01,30.150,0.00,30.150,-0.04,30.150,-0.01,30.150,-0.01,30.150,0.00,30.150,0.06,30.150,0.00,30.150,-0.01,30.150,0.03,30.150,0.01,30.150,2.55,30.150,0.37,30.150,-0.02,30.150,-0.01,30.150,0.00,30.150,0.27,30.150,0.06,30.150,0.00,30.150,0.02,30.150,0.06,30.150,0.04,30.150,0.01,30.150,0.01,30.150,0.01,30.150,0.01,30.150,-0.01,30.150,0.07,30.150,0.03,30.150,0.01,30.150,0.01,30.150,-0.01,30.150,0.08,30.150,0.02,30.150,0.00,30.150,-0.01,30.150,0.00,30.150,0.00,30.150,0.01,30.150,0.00,30.150,2.36,30.150,1.64,30.150,0.02,30.150,-0.04,30.150,3.61,30.150,0.00,,,30.150,1.38,30.150,-0.01,30.150,0.00,30.150,-0.01,30.150,-0.01,,,30.150,0.01,30.150,0.00
30.200,-0.01,30.200,0.01,30.200,0.01,30.200,-0.01,30.200,-0.01,30.200,0.00,30.200,0.03,30.200,0.00,30.200,0.00,30.200,0.01,30.200,-0.01,30.200,0.00,30.200,-0.04,30.200,-0.02,30.200,-0.01,30.200,0.01,30.200,0.05,30.200,0.01,30.200,-0.01,30.200,0.03,30.200,0.01,30.200,1.20,30.200,1.39,30.200,-0.02,30.200,0.00,30.200,0.00,30.200,1.84,30.200,0.09,30.200,0.00,30.200,0.01,30.200,0.06,30.200,0.04,30.200,0.02,30.200,0.00,30.200,0.01,30.200,0.00,30.200,0.00,30.200,0.12,30.200,0.04,30.200,0.01,30.200,0.00,30.200,-0.02,30.200,0.08,30.200,0.01,30.200,0.01,30.200,-0.01,30.200,0.00,30.200,0.00,30.200,0.01,30.200,0.01,30.200,1.49,30.200,1.80,30.200,0.03,30.200,-0.03,30.200,4.01,30.200,0.01,,,30.200,3.03,30.200,0.00,30.200,0.02,30.200,-0.01,30.200,0.00,,,30.200,0.01,30.200,0.00
30.250,-0.01,30.250,0.01,30.250,0.02,30.250,-0.02,30.250,0.00,30.250,-0.01,30.250,0.04,30.250,-0.01,30.250,0.00,30.250,0.02,30.250,-0.01,30.250,-0.01,30.250,-0.04,30.250,-0.01,30.250,0.00,30.250,0.00,30.250,0.05,30.250,0.01,30.250,-0.02,30.250,0.03,30.250,0.00,30.250,0.13,30.250,0.50,30.250,-0.01,30.250,0.00,30.250,0.00,30.250,0.88,30.250,0.12,30.250,0.00,30.250,0.02,30.250,0.08,30.250,0.04,30.250,0.02,30.250,0.00,30.250,0.00,30.250,0.01,30.250,0.00,30.250,0.29,30.250,0.05,30.250,0.01,30.250,0.00,30.250,-0.02,30.250,0.08,30.250,0.02,30.250,0.01,30.250,-0.01,30.250,0.00,30.250,0.00,30.250,0.01,30.250,-0.01,30.250,0.08,30.250,2.10,30.250,0.05,30.250,-0.02,30.250,4.04,30.250,0.01,,,30.250,3.02,30.250,-0.01,30.250,-0.02,30.250,-0.01,30.250,0.00,,,30.250,0.01,30.250,0.00
30.300,-0.01,30.300,2.78E-17,30.300,0.02,30.300,-0.01,30.300,-0.01,30.300,0.00,30.300,0.05,30.300,-0.01,30.300,-0.01,30.300,0.02,30.300,-0.01,30.300,-0.01,30.300,-0.05,30.300,-0.01,30.300,0.00,30.300,0.00,30.300,0.06,30.300,0.01,30.300,-0.01,30.300,0.03,30.300,-0.01,30.300,0.04,30.300,0.06,30.300,0.00,30.300,0.00,30.300,0.00,30.300,0.07,30.300,0.31,30.300,0.01,30.300,0.01,30.300,0.10,30.300,0.05,30.300,0.02,30.300,-0.01,30.300,-0.01,30.300,0.01,30.300,0.00,30.300,1.45,30.300,0.05,30.300,0.01,30.300,0.00,30.300,-0.02,30.300,0.10,30.300,0.03,30.300,0.01,30.300,-0.01,30.300,0.00,30.300,-0.01,30.300,0.01,30.300,0.00,30.300,0.03,30.300,2.02,30.300,0.06,30.300,-0.01,30.300,3.97,30.300,0.02,,,30.300,3.00,30.300,-0.01,30.300,0.04,30.300,-0.01,30.300,0.00,,,30.300,0.03,30.300,-0.01
30.350,0.00,30.350,2.78E-17,30.350,0.01,30.350,-0.01,30.350,0.00,30.350,0.00,30.350,0.07,30.350,-0.01,30.350,0.00,30.350,0.02,30.350,0.01,30.350,0.00,30.350,-0.04,30.350,-0.01,30.350,-0.01,30.350,0.00,30.350,0.07,30.350,0.00,30.350,-0.01,30.350,0.04,30.350,0.00,30.350,-0.02,30.350,0.01,30.350,0.00,30.350,-0.01,30.350,0.00,30.350,0.04,30.350,0.96,30.350,0.00,30.350,0.02,30.350,0.12,30.350,0.05,30.350,0.02,30.350,0.00,30.350,0.00,30.350,0.02,30.350,-0.01,30.350,0.45,30.350,0.05,30.350,0.00,30.350,0.00,30.350,-0.01,30.350,0.12,30.350,0.04,30.350,0.03,30.350,0.00,30.350,0.01,30.350,-0.01,30.350,0.01,30.350,0.00,30.350,0.00,30.350,1.59,30.350,0.08,30.350,-0.01,30.350,4.46,30.350,0.02,,,30.350,3.53,30.350,0.00,30.350,0.04,30.350,-0.03,30.350,-0.01,,,30.350,0.03,30.350,-0.01
30.400,-0.01,30.400,0.00,30.400,0.01,30.400,0.00,30.400,-0.01,30.400,0.02,30.400,0.10,30.400,0.00,30.400,-0.01,30.400,0.00,30.400,0.00,30.400,-0.01,30.400,-0.04,30.400,0.00,30.400,0.00,30.400,0.00,30.400,0.10,30.400,0.00,30.400,-0.01,30.400,0.05,30.400,0.01,30.400,-0.02,30.400,-0.02,30.400,-0.01,30.400,0.00,30.400,0.00,30.400,-0.02,30.400,1.21,30.400,0.00,30.400,0.02,30.400,0.25,30.400,0.07,30.400,0.01,30.400,0.00,30.400,-0.01,30.400,0.01,30.400,-0.01,30.400,0.07,30.400,0.05,30.400,0.01,30.400,-0.01,30.400,-0.01,30.400,0.16,30.400,0.04,30.400,0.02,30.400,-0.01,30.400,0.04,30.400,-0.01,30.400,0.01,30.400,-0.01,30.400,0.01,30.400,0.05,30.400,0.12,30.400,-0.02,30.400,0.42,30.400,0.03,,,30.400,4.74,30.400,0.00,30.400,0.09,30.400,-0.03,30.400,0.00,,,30.400,0.05,30.400,0.00
30.450,-0.01,30.450,0.00,30.450,0.01,30.450,0.00,30.450,0.00,30.450,0.01,30.450,0.25,30.450,-0.01,30.450,0.00,30.450,0.01,30.450,-0.01,30.450,0.00,30.450,-0.04,30.450,-0.01,30.450,0.00,30.450,0.00,30.450,0.22,30.450,0.01,30.450,-0.01,30.450,0.09,30.450,0.00,30.450,-0.01,30.450,-0.01,30.450,0.00,30.450,0.01,30.450,0.01,30.450,-0.01,30.450,0.12,30.450,0.01,30.450,0.04,30.450,0.63,30.450,0.09,30.450,0.02,30.450,0.00,30.450,0.00,30.450,0.00,30.450,-0.01,30.450,0.03,30.450,0.07,30.450,0.01,30.450,-0.01,30.450,-0.01,30.450,0.34,30.450,0.04,30.450,0.01,30.450,0.00,30.450,0.03,30.450,-0.02,30.450,0.02,30.450,0.00,30.450,0.02,30.450,0.03,30.450,0.34,30.450,0.00,30.450,0.08,30.450,0.03,,,30.450,3.44,30.450,0.00,30.450,0.40,30.450,-0.02,30.450,0.00,,,30.450,0.03,30.450,-0.01
30.500,-0.01,30.500,0.02,30.500,0.01,30.500,0.01,30.500,0.00,30.500,0.02,30.500,0.87,30.500,0.00,30.500,0.01,30.500,0.01,30.500,0.00,30.500,0.00,30.500,-0.04,30.500,-0.01,30.500,0.00,30.500,-0.01,30.500,0.53,30.500,0.02,30.500,-0.01,30.500,0.38,30.500,-0.01,30.500,-0.02,30.500,0.00,30.500,0.00,30.500,0.01,30.500,0.01,30.500,0.01,30.500,0.05,30.500,0.00,30.500,0.04,30.500,1.04,30.500,0.12,30.500,0.01,30.500,-0.01,30.500,0.00,30.500,0.00,30.500,0.00,30.500,-0.02,30.500,0.09,30.500,0.00,30.500,-0.01,30.500,-0.01,30.500,1.21,30.500,0.04,30.500,0.01,30.500,-0.01,30.500,0.00,30.500,-0.01,30.500,0.01,30.500,0.00,30.500,0.00,30.500,-0.02,30.500,1.13,30.500,0.00,30.500,0.01,30.500,0.04,,,30.500,0.08,30.500,-0.01,30.500,1.51,30.500,0.06,30.500,-0.01,,,30.500,0.05,30.500,-0.01
30.550,-0.01,30.550,0.03,30.550,0.01,30.550,0.00,30.550,0.01,30.550,0.00,30.550,1.69,30.550,-0.01,30.550,-0.01,30.550,0.02,30.550,0.01,30.550,0.01,30.550,-0.04,30.550,0.00,30.550,0.00,30.550,-0.01,30.550,0.91,30.550,0.01,30.550,-0.01,30.550,0.08,30.550,0.00,30.550,-0.01,30.550,-0.01,30.550,0.00,30.550,0.00,30.550,0.00,30.550,0.00,30.550,-0.01,30.550,-0.01,30.550,0.05,30.550,1.13,30.550,0.14,30.550,0.01,30.550,0.00,30.550,0.00,30.550,0.01,30.550,-0.01,30.550,0.00,30.550,0.10,30.550,-0.01,30.550,0.00,30.550,-0.02,30.550,0.10,30.550,0.04,30.550,0.02,30.550,-0.01,30.550,-0.01,30.550,-0.01,30.550,0.01,30.550,0.01,30.550,0.00,30.550,-0.02,30.550,1.60,30.550,0.00,30.550,0.01,30.550,0.02,,,30.550,0.03,30.550,0.00,30.550,2.03,30.550,-0.01,30.550,0.00,,,30.550,0.04,30.550,-0.01
30.600,-0.01,30.600,0.03,30.600,0.01,30.600,0.02,30.600,0.00,30.600,0.00,30.600,1.90,30.600,0.00,30.600,0.00,30.600,0.01,30.600,0.00,30.600,0.00,30.600,-0.04,30.600,0.00,30.600,0.00,30.600,-0.01,30.600,1.30,30.600,0.01,30.600,0.00,30.600,0.06,30.600,-0.01,30.600,0.00,30.600,-0.01,30.600,-0.01,30.600,0.01,30.600,0.01,30.600,0.00,30.600,0.01,30.600,-0.01,30.600,0.07,30.600,1.22,30.600,0.19,30.600,0.00,30.600,0.00,30.600,0.00,30.600,0.00,30.600,-0.02,30.600,-0.01,30.600,0.12,30.600,0.01,30.600,-0.01,30.600,-0.01,30.600,0.06,30.600,0.04,30.600,0.02,30.600,-0.01,30.600,0.01,30.600,-0.02,30.600,0.01,30.600,0.01,30.600,0.01,30.600,-0.02,30.600,1.56,30.600,0.01,30.600,0.00,30.600,0.02,,,30.600,0.00,30.600,-0.01,30.600,2.71,30.600,0.05,30.600,0.01,,,30.600,0.04,30.600,-0.02
30.650,-0.01,30.650,0.04,30.650,0.01,30.650,0.04,30.650,0.00,30.650,0.01,30.650,0.07,30.650,-0.01,30.650,-0.01,30.650,0.01,30.650,-0.01,30.650,-0.01,30.650,-0.04,30.650,0.00,30.650,0.00,30.650,0.00,30.650,1.65,30.650,0.01,30.650,-0.01,30.650,-0.02,30.650,0.00,30.650,0.00,30.650,0.00,30.650,-0.01,30.650,0.01,30.650,0.00,30.650,0.00,30.650,0.02,30.650,0.00,30.650,0.06,30.650,1.30,30.650,0.28,30.650,0.01,30.650,0.00,30.650,0.01,30.650,0.01,30.650,-0.02,30.650,0.00,30.650,0.21,30.650,0.01,30.650,-0.01,30.650,-0.01,30.650,0.00,30.650,0.05,30.650,0.02,30.650,-0.02,30.650,0.00,30.650,-0.02,30.650,0.01,30.650,0.01,30.650,0.01,30.650,-0.02,30.650,1.18,30.650,0.01,30.650,0.01,30.650,0.02,,,30.650,0.00,30.650,0.00,30.650,3.32,30.650,-0.05,30.650,0.01,,,30.650,0.05,30.650,-0.01
30.700,-0.01,30.700,0.04,30.700,0.02,30.700,0.05,30.700,0.00,30.700,0.00,30.700,0.02,30.700,0.01,30.700,0.00,30.700,0.00,30.700,0.00,30.700,0.01,30.700,-0.05,30.700,0.00,30.700,0.00,30.700,-0.01,30.700,1.93,30.700,0.00,30.700,-0.02,30.700,-0.02,30.700,0.00,30.700,-0.01,30.700,-0.01,30.700,-0.01,30.700,0.01,30.700,0.01,30.700,0.00,30.700,0.01,30.700,0.00,30.700,0.08,30.700,1.49,30.700,0.53,30.700,0.00,30.700,0.01,30.700,0.01,30.700,0.02,30.700,-0.01,30.700,0.00,30.700,0.37,30.700,0.01,30.700,-0.01,30.700,0.01,30.700,0.01,30.700,0.06,30.700,0.02,30.700,0.00,30.700,0.00,30.700,-0.02,30.700,0.00,30.700,0.01,30.700,0.01,30.700,-0.03,30.700,1.14,30.700,0.03,30.700,0.01,30.700,0.01,,,30.700,0.00,30.700,0.00,30.700,3.47,30.700,-0.02,30.700,0.04,,,30.700,0.05,30.700,-0.02
30.750,-0.01,30.750,0.04,30.750,0.02,30.750,0.07,30.750,0.00,30.750,0.01,30.750,-0.02,30.750,0.01,30.750,-0.01,30.750,0.00,30.750,0.00,30.750,0.00,30.750,-0.04,30.750,-0.01,30.750,0.01,30.750,-0.02,30.750,2.02,30.750,0.01,30.750,-0.02,30.750,-0.02,30.750,0.00,30.750,-0.01,30.750,0.00,30.750,-0.01,30.750,0.01,30.750,0.01,30.750,0.00,30.750,0.00,30.750,0.00,30.750,0.12,30.750,1.55,30.750,0.97,30.750,0.01,30.750,0.01,30.750,0.01,30.750,0.03,30.750,0.00,30.750,0.01,30.750,0.64,30.750,0.02,30.750,0.01,30.750,0.02,30.750,0.01,30.750,0.08,30.750,0.03,30.750,0.00,30.750,0.00,30.750,-0.02,30.750,0.01,30.750,0.01,30.750,0.01,30.750,-0.03,30.750,1.39,30.750,0.05,30.750,0.00,30.750,0.02,,,30.750,0.00,30.750,0.01,30.750,3.69,30.750,-0.01,30.750,0.01,,,30.750,0.07,30.750,-0.02
30.800,-0.01,30.800,0.06,30.800,0.04,30.800,0.14,30.800,0.01,30.800,0.01,30.800,-0.01,30.800,0.01,30.800,0.00,30.800,0.01,30.800,-0.01,30.800,0.00,30.800,-0.03,30.800,0.00,30.800,0.00,30.800,-0.01,30.800,2.14,30.800,0.00,30.800,-0.01,30.800,-0.01,30.800,0.00,30.800,0.00,30.800,0.00,30.800,-0.01,30.800,0.02,30.800,0.00,30.800,-0.01,30.800,0.01,30.800,0.00,30.800,0.18,30.800,1.59,30.800,1.53,30.800,0.01,30.800,0.01,30.800,0.01,30.800,0.03,30.800,0.00,30.800,0.01,30.800,0.85,30.800,0.02,30.800,0.01,30.800,0.01,30.800,0.00,30.800,0.09,30.800,0.03,30.800,0.00,30.800,0.01,30.800,-0.01,30.800,0.00,30.800,0.00,30.800,0.02,30.800,-0.02,30.800,1.72,30.800,0.05,30.800,0.02,30.800,0.02,,,30.800,-0.01,30.800,0.01,30.800,4.51,30.800,-0.02,30.800,0.00,,,30.800,0.20,30.800,-0.01
30.850,-0.01,30.850,0.08,30.850,0.05,30.850,0.35,30.850,0.01,30.850,0.01,30.850,-0.02,30.850,0.02,30.850,0.00,30.850,0.01,30.850,-0.02,30.850,0.00,30.850,-0.04,30.850,-0.01,30.850,0.00,30.850,-0.01,30.850,1.16,30.850,0.00,30.850,-0.02,30.850,-0.01,30.850,0.01,30.850,0.00,30.850,-0.01,30.850,-0.01,30.850,0.03,30.850,0.01,30.850,0.00,30.850,0.01,30.850,0.00,30.850,0.50,30.850,1.68,30.850,1.99,30.850,0.01,30.850,0.01,30.850,0.01,30.850,0.05,30.850,0.00,30.850,-0.01,30.850,0.57,30.850,0.01,30.850,0.01,30.850,0.02,30.850,0.00,30.850,0.12,30.850,0.02,30.850,0.00,30.850,0.00,30.850,-0.02,30.850,0.01,30.850,0.02,30.850,0.02,30.850,-0.02,30.850,1.88,30.850,0.12,30.850,0.01,30.850,0.03,,,30.850,-0.01,30.850,0.01,30.850,3.46,30.850,-0.02,30.850,-0.01,,,30.850,3.64,30.850,-0.01
30.900,0.00,30.900,0.12,30.900,0.05,30.900,0.70,30.900,0.00,30.900,0.00,30.900,-0.02,30.900,0.02,30.900,0.00,30.900,0.01,30.900,0.00,30.900,0.00,30.900,-0.02,30.900,-0.01,30.900,0.00,30.900,-0.01,30.900,0.05,30.900,0.00,30.900,-0.01,30.900,-0.01,30.900,0.00,30.900,-0.01,30.900,-0.01,30.900,0.00,30.900,0.04,30.900,-0.01,30.900,0.00,30.900,0.00,30.900,0.00,30.900,0.16,30.900,1.79,30.900,2.23,30.900,0.01,30.900,0.01,30.900,0.01,30.900,0.04,30.900,0.00,30.900,0.00,30.900,0.15,30.900,0.02,30.900,0.01,30.900,0.01,30.900,0.00,30.900,0.23,30.900,0.02,30.900,0.00,30.900,0.01,30.900,-0.01,30.900,0.01,30.900,0.00,30.900,0.01,30.900,-0.02,30.900,1.11,30.900,0.88,30.900,0.01,30.900,0.02,,,30.900,0.00,30.900,0.00,30.900,0.06,30.900,-0.03,30.900,0.01,,,30.900,3.16,30.900,-0.02
30.950,0.01,30.950,0.39,30.950,0.05,30.950,0.39,30.950,0.00,30.950,0.00,30.950,-0.02,30.950,0.02,30.950,-0.01,30.950,0.02,30.950,-0.01,30.950,-0.01,30.950,-0.01,30.950,-0.01,30.950,-0.01,30.950,-0.01,30.950,0.02,30.950,0.00,30.950,-0.01,30.950,-0.01,30.950,0.01,30.950,-0.01,30.950,0.01,30.950,0.01,30.950,0.06,30.950,0.00,30.950,0.00,30.950,0.00,30.950,0.01,30.950,0.06,30.950,1.94,30.950,2.30,30.950,0.00,30.950,0.00,30.950,0.00,30.950,0.04,30.950,0.00,30.950,0.00,30.950,0.04,30.950,0.03,30.950,0.02,30.950,0.02,30.950,0.01,30.950,0.40,30.950,0.01,30.950,0.00,30.950,0.00,30.950,-0.01,30.950,0.01,30.950,0.00,30.950,0.01,30.950,-0.02,30.950,0.06,30.950,1.85,30.950,0.01,30.950,0.03,,,30.950,-0.01,30.950,0.00,30.950,0.01,30.950,-0.01,30.950,0.02,,,30.950,2.66,30.950,-0.02
31.000,0.01,31.000,1.27,31.000,0.06,31.000,0.06,31.000,0.01,31.000,0.01,31.000,-0.01,31.000,0.02,31.000,0.00,31.000,0.02,31.000,-0.01,31.000,-0.01,31.000,-0.02,31.000,-0.01,31.000,-0.01,31.000,-0.01,31.000,-0.02,31.000,-0.01,31.000,-0.01,31.000,-0.01,31.000,0.00,31.000,0.00,31.000,-0.01,31.000,0.02,31.000,0.07,31.000,0.00,31.000,0.00,31.000,0.01,31.000,0.00,31.000,0.00,31.000,2.01,31.000,2.37,31.000,0.01,31.000,0.00,31.000,0.00,31.000,0.05,31.000,0.00,31.000,0.00,31.000,-0.02,31.000,0.03,31.000,0.02,31.000,0.04,31.000,0.01,31.000,0.64,31.000,0.01,31.000,0.00,31.000,0.01,31.000,-0.02,31.000,0.00,31.000,0.00,31.000,0.02,31.000,-0.02,31.000,0.02,31.000,1.86,31.000,0.00,31.000,0.02,,,31.000,-0.01,31.000,0.00,31.000,-0.03,31.000,0.01,31.000,0.01,,,31.000,4.51,31.000,-0.01
31.050,-0.01,31.050,2.00,31.050,0.07,31.050,0.01,31.050,0.02,31.050,0.01,31.050,-0.02,31.050,0.04,31.050,0.00,31.050,0.02,31.050,-0.02,31.050,0.00,31.050,-0.01,31.050,-0.01,31.050,0.00,31.050,-0.01,31.050,-0.01,31.050,0.00,31.050,-0.02,31.050,-0.01,31.050,0.01,31.050,-0.01,31.050,0.00,31.050,0.02,31.050,0.09,31.050,-0.01,31.050,-0.01,31.050,0.01,31.050,0.00,31.050,0.00,31.050,2.02,31.050,2.56,31.050,0.02,31.050,0.01,31.050,0.00,31.050,0.05,31.050,0.00,31.050,-0.01,31.050,-0.01,31.050,0.02,31.050,0.03,31.050,0.05,31.050,-0.01,31.050,0.90,31.050,0.02,31.050,0.00,31.050,0.01,31.050,-0.02,31.050,0.01,31.050,0.01,31.050,0.01,31.050,-0.02,31.050,-0.01,31.050,1.66,31.050,0.00,31.050,0.02,,,31.050,-0.01,31.050,-0.01,31.050,-0.02,31.050,0.01,31.050,0.02,,,31.050,0.56,31.050,-0.01
31.100,0.00,31.100,0.08,31.100,0.07,31.100,-0.03,31.100,0.02,31.100,0.02,31.100,-0.03,31.100,0.05,31.100,0.00,31.100,0.02,31.100,-0.01,31.100,0.00,31.100,-0.01,31.100,-0.01,31.100,0.00,31.100,-0.01,31.100,-0.01,31.100,0.00,31.100,-0.02,31.100,-0.01,31.100,0.00,31.100,-0.01,31.100,0.00,31.100,0.04,31.100,0.10,31.100,-0.01,31.100,0.00,31.100,0.01,31.100,0.00,31.100,0.01,31.100,2.14,31.100,0.93,31.100,0.01,31.100,0.02,31.100,0.00,31.100,0.05,31.100,-0.01,31.100,0.00,31.100,-0.02,31.100,0.04,31.100,0.03,31.100,0.06,31.100,0.01,31.100,0.41,31.100,0.02,31.100,0.00,31.100,0.01,31.100,-0.02,31.100,0.01,31.100,0.00,31.100,0.01,31.100,-0.03,31.100,-0.01,31.100,1.81,31.100,0.01,31.100,0.03,,,31.100,-0.01,31.100,0.01,31.100,-0.03,31.100,0.00,31.100,0.02,,,31.100,0.08,31.100,-0.01
31.150,-0.01,31.150,0.05,31.150,0.08,31.150,-0.02,31.150,0.04,31.150,0.02,31.150,-0.02,31.150,0.05,31.150,-0.01,31.150,0.04,31.150,-0.01,31.150,-0.01,31.150,-0.01,31.150,0.00,31.150,0.00,31.150,-0.02,31.150,-0.01,31.150,0.01,31.150,-0.01,31.150,-0.01,31.150,-0.02,31.150,-0.01,31.150,0.00,31.150,0.02,31.150,0.13,31.150,0.00,31.150,-0.01,31.150,0.00,31.150,0.00,31.150,0.01,31.150,2.20,31.150,0.08,31.150,0.01,31.150,0.03,31.150,0.00,31.150,0.04,31.150,-0.01,31.150,0.01,31.150,-0.01,31.150,0.04,31.150,0.04,31.150,0.08,31.150,0.00,31.150,0.07,31.150,0.02,31.150,-0.01,31.150,0.01,31.150,-0.02,31.150,0.01,31.150,-0.01,31.150,0.02,31.150,-0.02,31.150,-0.01,31.150,2.05,31.150,0.01,31.150,0.04,,,31.150,-0.01,31.150,0.01,31.150,-0.02,31.150,0.00,31.150,0.02,,,31.150,0.00,31.150,-0.01
31.200,-0.01,31.200,-0.03,31.200,0.09,31.200,0.00,31.200,0.04,31.200,0.01,31.200,-0.02,31.200,0.06,31.200,0.00,31.200,0.03,31.200,0.00,31.200,0.00,31.200,-0.01,31.200,0.00,31.200,-0.02,31.200,-0.02,31.200,0.00,31.200,0.01,31.200,-0.01,31.200,-0.01,31.200,0.03,31.200,-0.01,31.200,0.00,31.200,0.04,31.200,0.18,31.200,-0.01,31.200,-0.01,31.200,0.01,31.200,-0.01,31.200,0.01,31.200,2.25,31.200,0.02,31.200,0.01,31.200,0.05,31.200,0.01,31.200,0.06,31.200,-0.01,31.200,0.00,31.200,0.00,31.200,0.03,31.200,0.05,31.200,0.13,31.200,0.00,31.200,0.03,31.200,0.01,31.200,0.00,31.200,0.00,31.200,-0.02,31.200,0.01,31.200,0.00,31.200,0.02,31.200,-0.02,31.200,-0.01,31.200,2.85,31.200,0.02,31.200,0.06,,,31.200,-0.01,31.200,0.01,31.200,-0.02,31.200,-0.01,31.200,0.06,,,31.200,-0.02,31.200,-0.01
31.250,-0.02,31.250,-0.01,31.250,0.13,31.250,0.00,31.250,0.05,31.250,0.02,31.250,-0.02,31.250,0.09,31.250,0.01,31.250,0.04,31.250,0.00,31.250,-0.01,31.250,-0.02,31.250,-0.01,31.250,-0.01,31.250,-0.01,31.250,0.00,31.250,0.01,31.250,-0.02,31.250,-0.02,31.250,0.05,31.250,-0.01,31.250,-0.01,31.250,0.04,31.250,0.29,31.250,0.00,31.250,0.00,31.250,0.02,31.250,0.00,31.250,0.02,31.250,2.27,31.250,0.00,31.250,0.01,31.250,0.05,31.250,0.02,31.250,0.07,31.250,-0.01,31.250,-0.01,31.250,-0.01,31.250,0.04,31.250,0.08,31.250,0.44,31.250,0.00,31.250,-0.01,31.250,0.01,31.250,-0.01,31.250,0.01,31.250,-0.02,31.250,0.01,31.250,0.00,31.250,0.02,31.250,-0.02,31.250,0.01,31.250,3.15,31.250,0.00,31.250,0.04,,,31.250,0.00,31.250,0.02,31.250,-0.01,31.250,0.00,31.250,1.01,,,31.250,0.00,31.250,-0.01
31.300,0.00,31.300,0.00,31.300,0.20,31.300,0.00,31.300,0.06,31.300,0.01,31.300,-0.01,31.300,0.15,31.300,0.01,31.300,0.04,31.300,0.00,31.300,-0.01,31.300,-0.01,31.300,0.00,31.300,-0.01,31.300,-0.01,31.300,-0.01,31.300,0.01,31.300,-0.02,31.300,-0.01,31.300,0.01,31.300,-0.01,31.300,-0.01,31.300,0.06,31.300,0.50,31.300,0.00,31.300,0.00,31.300,0.00,31.300,-0.01,31.300,0.01,31.300,2.23,31.300,0.01,31.300,0.02,31.300,0.04,31.300,0.03,31.300,0.08,31.300,0.00,31.300,0.00,31.300,0.00,31.300,0.04,31.300,0.12,31.300,1.34,31.300,0.01,31.300,0.01,31.300,0.01,31.300,0.00,31.300,0.01,31.300,-0.02,31.300,0.01,31.300,0.01,31.300,0.01,31.300,-0.02,31.300,0.00,31.300,3.50,31.300,0.01,31.300,0.01,,,31.300,0.00,31.300,0.01,31.300,-0.02,31.300,-0.01,31.300,3.68,,,31.300,0.00,31.300,-0.01
31.350,-0.01,31.350,-0.01,31.350,0.34,31.350,0.00,31.350,0.09,31.350,0.01,31.350,-0.01,31.350,0.31,31.350,0.01,31.350,0.05,31.350,-0.01,31.350,-0.01,31.350,-0.02,31.350,0.00,31.350,0.01,31.350,0.00,31.350,0.00,31.350,0.01,31.350,-0.02,31.350,-0.01,31.350,0.01,31.350,-0.01,31.350,0.00,31.350,0.11,31.350,0.45,31.350,0.07,31.350,0.00,31.350,0.01,31.350,0.00,31.350,0.02,31.350,2.19,31.350,0.02,31.350,0.00,31.350,0.05,31.350,0.03,31.350,0.09,31.350,-0.01,31.350,0.01,31.350,-0.01,31.350,0.05,31.350,0.33,31.350,1.95,31.350,0.01,31.350,0.00,31.350,0.02,31.350,-0.01,31.350,0.01,31.350,-0.03,31.350,0.01,31.350,0.01,31.350,0.01,31.350,-0.02,31.350,-0.01,31.350,3.84,31.350,0.01,31.350,0.02,,,31.350,0.00,31.350,0.01,31.350,-0.03,31.350,0.00,31.350,1.97,,,31.350,0.00,31.350,-0.01
31.400,-0.01,31.400,-0.01,31.400,0.57,31.400,-0.01,31.400,0.19,31.400,0.00,31.400,-0.02,31.400,0.70,31.400,0.01,31.400,0.05,31.400,-0.01,31.400,0.00,31.400,-0.01,31.400,-0.01,31.400,0.00,31.400,-0.02,31.400,0.01,31.400,0.01,31.400,-0.02,31.400,-0.01,31.400,0.01,31.400,-0.01,31.400,0.00,31.400,0.22,31.400,0.19,31.400,0.04,31.400,0.01,31.400,0.01,31.400,0.01,31.400,0.02,31.400,2.02,31.400,0.01,31.400,0.01,31.400,0.06,31.400,0.04,31.400,0.12,31.400,-0.01,31.400,0.00,31.400,0.00,31.400,0.06,31.400,1.12,31.400,2.23,31.400,0.00,31.400,0.01,31.400,0.02,31.400,0.00,31.400,0.02,31.400,-0.03,31.400,0.01,31.400,0.00,31.400,0.02,31.400,-0.02,31.400,0.01,31.400,4.10,31.400,0.00,31.400,0.03,,,31.400,0.01,31.400,0.00,31.400,-0.03,31.400,0.00,31.400,1.86,,,31.400,0.00,31.400,-0.01
31.450,0.00,31.450,-0.01,31.450,0.83,31.450,-0.01,31.450,0.26,31.450,0.00,31.450,-0.02,31.450,1.27,31.450,0.00,31.450,0.05,31.450,-0.01,31.450,0.00,31.450,-0.01,31.450,0.00,31.450,0.01,31.450,-0.02,31.450,0.01,31.450,0.01,31.450,-0.02,31.450,0.00,31.450,0.02,31.450,0.00,31.450,0.00,31.450,0.52,31.450,0.06,31.450,0.01,31.450,0.00,31.450,0.01,31.450,0.01,31.450,0.01,31.450,1.75,31.450,0.00,31.450,0.01,31.450,0.08,31.450,0.04,31.450,0.16,31.450,-0.01,31.450,0.01,31.450,0.00,31.450,0.06,31.450,1.73,31.450,2.47,31.450,0.00,31.450,0.00,31.450,0.02,31.450,-0.01,31.450,0.02,31.450,-0.01,31.450,0.01,31.450,0.00,31.450,0.01,31.450,-0.02,31.450,0.00,31.450,4.19,31.450,0.01,31.450,0.02,,,31.450,0.00,31.450,0.01,31.450,-0.02,31.450,0.01,31.450,3.77,,,31.450,0.01,31.450,-0.02
31.500,-0.01,31.500,-0.01,31.500,1.23,31.500,0.00,31.500,0.07,31.500,0.01,31.500,-0.03,31.500,0.16,31.500,0.00,31.500,0.06,31.500,0.04,31.500,0.00,31.500,-0.02,31.500,0.01,31.500,0.01,31.500,-0.01,31.500,0.00,31.500,0.01,31.500,-0.01,31.500,-0.01,31.500,0.03,31.500,-0.01,31.500,0.00,31.500,0.73,31.500,0.01,31.500,0.00,31.500,0.00,31.500,0.01,31.500,0.01,31.500,0.01,31.500,1.67,31.500,0.00,31.500,0.01,31.500,0.11,31.500,0.04,31.500,0.31,31.500,-0.01,31.500,-0.01,31.500,0.00,31.500,0.06,31.500,2.27,31.500,0.33,31.500,0.00,31.500,0.00,31.500,0.03,31.500,0.00,31.500,0.03,31.500,0.00,31.500,0.01,31.500,0.01,31.500,0.02,31.500,-0.02,31.500,-0.01,31.500,4.44,31.500,0.00,31.500,0.02,,,31.500,0.00,31.500,0.01,31.500,-0.02,31.500,0.05,31.500,4.72,,,31.500,0.01,31.500,-0.02
31.550,-0.01,31.550,-0.01,31.550,0.09,31.550,-0.01,31.550,0.00,31.550,0.01,31.550,-0.02,31.550,0.05,31.550,0.01,31.550,0.07,31.550,0.03,31.550,0.00,31.550,-0.01,31.550,0.00,31.550,0.01,31.550,-0.01,31.550,0.00,31.550,0.00,31.550,-0.01,31.550,-0.02,31.550,0.03,31.550,-0.02,31.550,0.00,31.550,0.20,31.550,-0.01,31.550,0.00,31.550,0.00,31.550,0.00,31.550,-0.01,31.550,0.02,31.550,1.75,31.550,0.01,31.550,0.01,31.550,0.24,31.550,0.05,31.550,0.58,31.550,-0.01,31.550,-0.01,31.550,0.00,31.550,0.07,31.550,2.56,31.550,0.05,31.550,0.01,31.550,-0.01,31.550,0.03,31.550,0.01,31.550,0.03,31.550,0.00,31.550,0.03,31.550,0.01,31.550,0.01,31.550,-0.02,31.550,-0.01,31.550,4.51,31.550,0.01,31.550,0.02,,,31.550,0.00,31.550,0.02,31.550,-0.02,31.550,0.21,31.550,5.02,,,31.550,0.01,31.550,-0.02
31.600,-0.02,31.600,2.78E-17,31.600,0.05,31.600,-0.01,31.600,-0.02,31.600,0.01,31.600,-0.02,31.600,-0.03,31.600,0.02,31.600,0.09,31.600,-0.01,31.600,0.00,31.600,0.00,31.600,0.01,31.600,0.00,31.600,0.00,31.600,0.00,31.600,0.01,31.600,-0.01,31.600,-0.01,31.600,0.02,31.600,-0.02,31.600,-0.01,31.600,0.04,31.600,0.01,31.600,0.01,31.600,0.00,31.600,0.01,31.600,0.00,31.600,0.02,31.600,1.86,31.600,0.02,31.600,0.01,31.600,0.51,31.600,0.06,31.600,0.82,31.600,-0.01,31.600,-0.01,31.600,0.00,31.600,0.08,31.600,2.70,31.600,-0.01,31.600,0.00,31.600,0.01,31.600,0.01,31.600,-0.01,31.600,0.04,31.600,0.00,31.600,0.02,31.600,0.01,31.600,0.02,31.600,-0.03,31.600,-0.01,31.600,4.58,31.600,0.01,31.600,0.02,,,31.600,0.01,31.600,0.01,31.600,-0.01,31.600,2.59,31.600,2.74,,,31.600,0.01,31.600,-0.02
31.650,0.00,31.650,2.78E-17,31.650,-0.01,31.650,-0.01,31.650,-0.01,31.650,0.02,31.650,-0.01,31.650,-0.02,31.650,0.03,31.650,0.11,31.650,-0.02,31.650,0.00,31.650,0.01,31.650,0.00,31.650,0.00,31.650,0.00,31.650,0.00,31.650,0.01,31.650,-0.01,31.650,-0.01,31.650,0.02,31.650,-0.01,31.650,0.00,31.650,-0.01,31.650,0.01,31.650,0.01,31.650,0.00,31.650,0.00,31.650,-0.01,31.650,0.01,31.650,2.13,31.650,0.02,31.650,0.01,31.650,0.69,31.650,0.07,31.650,1.11,31.650,0.00,31.650,-0.01,31.650,-0.01,31.650,0.09,31.650,2.87,31.650,-0.03,31.650,0.01,31.650,0.01,31.650,0.02,31.650,0.01,31.650,0.04,31.650,0.00,31.650,0.01,31.650,0.02,31.650,0.01,31.650,-0.01,31.650,-0.01,31.650,4.55,31.650,0.01,31.650,0.04,,,31.650,0.00,31.650,0.01,31.650,-0.02,31.650,2.35,31.650,0.07,,,31.650,0.02,31.650,-0.02
31.700,0.00,31.700,-0.01,31.700,0.01,31.700,0.00,31.700,0.00,31.700,0.03,31.700,-0.01,31.700,0.00,31.700,0.04,31.700,0.12,31.700,0.00,31.700,0.00,31.700,0.01,31.700,-0.01,31.700,-0.01,31.700,0.00,31.700,-0.01,31.700,0.01,31.700,-0.01,31.700,-0.01,31.700,0.01,31.700,-0.01,31.700,-0.01,31.700,-0.02,31.700,0.01,31.700,0.01,31.700,-0.01,31.700,0.01,31.700,0.00,31.700,0.01,31.700,2.42,31.700,0.01,31.700,0.02,31.700,0.59,31.700,0.09,31.700,1.51,31.700,-0.01,31.700,0.00,31.700,0.00,31.700,0.11,31.700,2.97,31.700,-0.01,31.700,0.00,31.700,0.01,31.700,0.02,31.700,0.00,31.700,0.05,31.700,0.00,31.700,0.01,31.700,0.02,31.700,0.01,31.700,-0.02,31.700,0.00,31.700,0.07,31.700,0.02,31.700,0.05,,,31.700,0.00,31.700,0.01,31.700,-0.01,31.700,1.72,31.700,0.04,,,31.700,0.01,31.700,-0.01
31.750,0.03,31.750,0.00,31.750,0.01,31.750,0.00,31.750,-0.01,31.750,0.04,31.750,-0.02,31.750,-0.01,31.750,0.03,31.750,0.15,31.750,-0.01,31.750,-0.01,31.750,0.01,31.750,-0.02,31.750,0.00,31.750,0.01,31.750,0.00,31.750,0.01,31.750,-0.01,31.750,-0.01,31.750,0.01,31.750,-0.01,31.750,-0.01,31.750,-0.01,31.750,0.01,31.750,0.01,31.750,0.00,31.750,0.01,31.750,0.01,31.750,0.02,31.750,2.73,31.750,0.01,31.750,0.02,31.750,0.18,31.750,0.13,31.750,1.86,31.750,-0.01,31.750,-0.01,31.750,0.00,31.750,0.12,31.750,0.17,31.750,-0.01,31.750,-0.01,31.750,0.01,31.750,0.03,31.750,0.00,31.750,0.05,31.750,0.01,31.750,0.01,31.750,0.03,31.750,0.02,31.750,-0.02,31.750,-0.01,31.750,0.03,31.750,0.01,31.750,0.06,,,31.750,0.00,31.750,0.01,31.750,-0.02,31.750,1.70,31.750,-0.01,,,31.750,0.01,31.750,-0.01
31.800,0.02,31.800,0.01,31.800,0.00,31.800,-0.01,31.800,-0.01,31.800,0.06,31.800,-0.01,31.800,0.00,31.800,0.03,31.800,0.38,31.800,0.01,31.800,0.00,31.800,0.02,31.800,-0.01,31.800,-0.01,31.800,0.01,31.800,-0.01,31.800,0.01,31.800,-0.01,31.800,-0.01,31.800,0.01,31.800,-0.02,31.800,0.00,31.800,0.00,31.800,0.00,31.800,0.01,31.800,0.00,31.800,0.01,31.800,0.01,31.800,0.02,31.800,2.99,31.800,0.00,31.800,0.02,31.800,0.06,31.800,0.29,31.800,2.45,31.800,-0.01,31.800,-0.01,31.800,0.01,31.800,0.14,31.800,0.06,31.800,-0.02,31.800,0.00,31.800,0.01,31.800,0.02,31.800,0.00,31.800,0.07,31.800,0.01,31.800,0.01,31.800,0.02,31.800,0.01,31.800,-0.02,31.800,-0.01,31.800,-0.04,31.800,0.03,31.800,0.07,,,31.800,0.00,31.800,0.01,31.800,-0.01,31.800,1.90,31.800,-0.01,,,31.800,0.01,31.800,-0.01
31.850,0.03,31.850,0.00,31.850,0.01,31.850,-0.01,31.850,0.01,31.850,0.07,31.850,-0.02,31.850,0.00,31.850,0.05,31.850,0.12,31.850,0.00,31.850,-0.01,31.850,0.03,31.850,-0.02,31.850,0.01,31.850,0.01,31.850,0.01,31.850,0.01,31.850,-0.02,31.850,-0.01,31.850,0.03,31.850,-0.02,31.850,-0.01,31.850,0.01,31.850,0.00,31.850,0.01,31.850,0.00,31.850,-0.01,31.850,0.00,31.850,0.02,31.850,3.22,31.850,0.01,31.850,0.01,31.850,-0.01,31.850,0.40,31.850,3.01,31.850,0.00,31.850,-0.01,31.850,0.00,31.850,0.24,31.850,-0.02,31.850,-0.02,31.850,0.01,31.850,-0.01,31.850,0.02,31.850,-0.01,31.850,0.09,31.850,0.02,31.850,0.01,31.850,0.04,31.850,0.01,31.850,-0.03,31.850,-0.01,31.850,-0.04,31.850,0.04,31.850,0.11,,,31.850,-0.01,31.850,0.01,31.850,-0.02,31.850,2.20,31.850,-0.01,,,31.850,0.01,31.850,-0.01
31.900,0.04,31.900,0.00,31.900,0.01,31.900,0.01,31.900,0.00,31.900,0.11,31.900,-0.02,31.900,0.00,31.900,0.06,31.900,0.09,31.900,0.00,31.900,0.00,31.900,0.03,31.900,-0.01,31.900,0.01,31.900,0.00,31.900,0.01,31.900,0.00,31.900,-0.01,31.900,-0.01,31.900,0.02,31.900,-0.03,31.900,-0.01,31.900,0.01,31.900,0.00,31.900,0.01,31.900,-0.01,31.900,-0.01,31.900,0.01,31.900,0.02,31.900,3.35,31.900,0.01,31.900,0.01,31.900,-0.02,31.900,0.08,31.900,3.27,31.900,0.00,31.900,0.03,31.900,-0.01,31.900,0.38,31.900,-0.01,31.900,-0.02,31.900,0.01,31.900,0.00,31.900,0.01,31.900,-0.01,31.900,0.13,31.900,0.01,31.900,0.01,31.900,0.04,31.900,0.02,31.900,-0.02,31.900,0.00,31.900,-0.05,31.900,0.00,31.900,0.69,,,31.900,0.00,31.900,0.00,31.900,-0.01,31.900,2.10,31.900,-0.01,,,31.900,0.01,31.900,-0.01
31.950,0.05,31.950,0.00,31.950,0.01,31.950,0.01,31.950,0.01,31.950,0.20,31.950,-0.02,31.950,0.00,31.950,0.08,31.950,0.00,31.950,0.00,31.950,0.01,31.950,0.03,31.950,-0.01,31.950,0.01,31.950,-0.01,31.950,0.00,31.950,0.00,31.950,0.00,31.950,0.00,31.950,0.03,31.950,0.01,31.950,-0.01,31.950,-0.01,31.950,0.01,31.950,0.01,31.950,0.00,31.950,0.00,31.950,0.00,31.950,0.02,31.950,0.13,31.950,0.01,31.950,0.01,31.950,0.00,31.950,0.05,31.950,2.93,31.950,-0.01,31.950,0.03,31.950,-0.01,31.950,0.55,31.950,0.00,31.950,-0.01,31.950,0.01,31.950,0.01,31.950,0.01,31.950,-0.01,31.950,0.23,31.950,0.03,31.950,0.01,31.950,0.04,31.950,0.02,31.950,-0.03,31.950,0.00,31.950,-0.03,31.950,0.01,31.950,2.40,,,31.950,0.00,31.950,0.01,31.950,-0.02,31.950,2.15,31.950,-0.01,,,31.950,0.02,31.950,-0.02
32.000,0.07,32.000,-0.01,32.000,0.01,32.000,0.00,32.000,0.00,32.000,0.45,32.000,-0.02,32.000,-0.01,32.000,0.12,32.000,0.00,32.000,0.00,32.000,0.02,32.000,0.05,32.000,0.00,32.000,0.00,32.000,-0.01,32.000,0.01,32.000,0.01,32.000,-0.01,32.000,-0.01,32.000,0.04,32.000,0.00,32.000,-0.02,32.000,-0.01,32.000,0.01,32.000,0.03,32.000,0.00,32.000,0.00,32.000,0.00,32.000,0.02,32.000,0.06,32.000,0.01,32.000,0.01,32.000,-0.01,32.000,-0.01,32.000,0.14,32.000,0.00,32.000,0.00,32.000,0.00,32.000,0.18,32.000,-0.01,32.000,-0.02,32.000,0.00,32.000,0.00,32.000,0.01,32.000,-0.01,32.000,0.58,32.000,0.04,32.000,0.02,32.000,0.03,32.000,0.03,32.000,-0.03,32.000,0.00,32.000,-0.04,32.000,0.02,32.000,2.35,,,32.000,-0.01,32.000,0.01,32.000,-0.02,32.000,2.80,32.000,0.00,,,32.000,0.00,32.000,-0.01
32.050,0.15,32.050,-0.01,32.050,0.00,32.050,0.00,32.050,0.00,32.050,1.27,32.050,-0.02,32.050,-0.01,32.050,0.29,32.050,0.01,32.050,-0.01,32.050,0.02,32.050,0.04,32.050,0.00,32.050,0.01,32.050,0.00,32.050,0.01,32.050,0.00,32.050,0.00,32.050,-0.01,32.050,0.06,32.050,-0.03,32.050,-0.01,32.050,0.00,32.050,0.01,32.050,0.04,32.050,0.01,32.050,-0.01,32.050,0.00,32.050,0.02,32.050,-0.02,32.050,0.01,32.050,0.01,32.050,-0.01,32.050,0.00,32.050,0.06,32.050,0.00,32.050,0.00,32.050,0.01,32.050,0.06,32.050,0.00,32.050,-0.01,32.050,0.02,32.050,0.01,32.050,0.01,32.050,0.01,32.050,1.11,32.050,0.07,32.050,0.02,32.050,0.05,32.050,0.02,32.050,-0.02,32.050,-0.01,32.050,-0.04,32.050,0.01,32.050,2.14,,,32.050,-0.01,32.050,0.01,32.050,-0.01,32.050,4.74,32.050,-0.01,,,32.050,0.00,32.050,-0.02
32.100,0.32,32.100,-0.01,32.100,0.01,32.100,-0.01,32.100,0.00,32.100,1.75,32.100,-0.01,32.100,0.00,32.100,0.65,32.100,0.02,32.100,0.01,32.100,0.03,32.100,0.06,32.100,-0.01,32.100,0.00,32.100,-0.02,32.100,0.01,32.100,0.00,32.100,-0.01,32.100,-0.01,32.100,0.06,32.100,-0.02,32.100,-0.01,32.100,-0.01,32.100,0.00,32.100,0.05,32.100,0.01,32.100,-0.01,32.100,0.00,32.100,0.02,32.100,-0.02,32.100,0.00,32.100,0.02,32.100,-0.01,32.100,0.00,32.100,-0.01,32.100,0.00,32.100,0.00,32.100,0.00,32.100,0.00,32.100,-0.01,32.100,-0.01,32.100,0.02,32.100,0.01,32.100,0.01,32.100,0.04,32.100,1.43,32.100,0.09,32.100,0.02,32.100,0.05,32.100,0.01,32.100,-0.02,32.100,-0.01,32.100,-0.04,32.100,0.01,32.100,2.19,,,32.100,-0.01,32.100,0.02,32.100,-0.01,32.100,5.05,32.100,-0.01,,,32.100,0.00,32.100,-0.02
32.150,0.69,32.150,-0.02,32.150,0.00,32.150,0.00,32.150,0.01,32.150,2.09,32.150,-0.01,32.150,0.00,32.150,0.08,32.150,0.01,32.150,0.02,32.150,0.04,32.150,0.09,32.150,-0.02,32.150,0.00,32.150,0.00,32.150,0.00,32.150,0.00,32.150,-0.01,32.150,-0.01,32.150,0.06,32.150,-0.03,32.150,-0.02,32.150,0.00,32.150,0.00,32.150,0.04,32.150,0.01,32.150,-0.01,32.150,0.00,32.150,0.01,32.150,-0.01,32.150,0.01,32.150,0.01,32.150,-0.01,32.150,0.01,32.150,0.00,32.150,0.00,32.150,0.00,32.150,-0.01,32.150,0.00,32.150,-0.01,32.150,-0.01,32.150,0.02,32.150,0.00,32.150,0.02,32.150,0.03,32.150,1.63,32.150,0.14,32.150,0.04,32.150,0.05,32.150,0.01,32.150,-0.01,32.150,0.00,32.150,-0.04,32.150,0.00,32.150,2.38,,,32.150,-0.01,32.150,0.01,32.150,-0.02,32.150,4.80,32.150,-0.01,,,32.150,-0.01,32.150,-0.02
32.200,0.82,32.200,-0.01,32.200,0.00,32.200,-0.01,32.200,-0.01,32.200,2.31,32.200,-0.04,32.200,0.00,32.200,0.03,32.200,0.01,32.200,0.02,32.200,0.03,32.200,0.27,32.200,-0.01,32.200,0.00,32.200,0.01,32.200,0.00,32.200,0.00,32.200,0.00,32.200,-0.01,32.200,0.07,32.200,-0.02,32.200,-0.02,32.200,0.00,32.200,0.00,32.200,0.04,32.200,0.01,32.200,-0.01,32.200,0.01,32.200,0.02,32.200,-0.01,32.200,0.01,32.200,0.01,32.200,-0.02,32.200,0.01,32.200,0.02,32.200,0.00,32.200,0.00,32.200,0.00,32.200,0.01,32.200,-0.01,32.200,-0.01,32.200,0.02,32.200,0.00,32.200,0.02,32.200,-0.02,32.200,1.94,32.200,0.31,32.200,0.04,32.200,0.06,32.200,0.01,32.200,0.00,32.200,0.01,32.200,-0.03,32.200,0.02,32.200,2.90,,,32.200,0.00,32.200,0.01,32.200,-0.01,32.200,0.05,32.200,-0.01,,,32.200,0.01,32.200,-0.01
32.250,0.72,32.250,-0.01,32.250,0.01,32.250,-0.01,32.250,-0.01,32.250,2.30,32.250,0.02,32.250,-0.01,32.250,-0.01,32.250,0.01,32.250,0.02,32.250,0.03,32.250,1.22,32.250,0.00,32.250,0.01,32.250,-0.01,32.250,0.01,32.250,0.00,32.250,0.00,32.250,-0.01,32.250,0.09,32.250,-0.02,32.250,-0.02,32.250,-0.01,32.250,0.00,32.250,0.04,32.250,0.00,32.250,0.00,32.250,0.00,32.250,0.02,32.250,-0.01,32.250,-0.01,32.250,0.00,32.250,-0.02,32.250,0.00,32.250,0.01,32.250,-0.01,32.250,0.00,32.250,0.01,32.250,0.00,32.250,-0.01,32.250,0.00,32.250,0.02,32.250,0.00,32.250,0.01,32.250,-0.02,32.250,2.40,32.250,0.72,32.250,0.05,32.250,0.08,32.250,0.02,32.250,0.01,32.250,0.01,32.250,-0.04,32.250,0.02,32.250,3.69,,,32.250,-0.01,32.250,0.00,32.250,-0.01,32.250,0.02,32.250,0.00,,,32.250,0.00,32.250,-0.01
32.300,0.76,32.300,0.00,32.300,0.01,32.300,-0.01,32.300,-0.01,32.300,2.39,32.300,0.01,32.300,-0.01,32.300,0.01,32.300,0.01,32.300,0.04,32.300,0.04,32.300,0.06,32.300,-0.01,32.300,0.03,32.300,0.01,32.300,0.01,32.300,0.01,32.300,0.01,32.300,-0.01,32.300,0.14,32.300,-0.01,32.300,-0.01,32.300,-0.01,32.300,0.01,32.300,0.05,32.300,0.03,32.300,0.01,32.300,0.01,32.300,0.02,32.300,-0.01,32.300,0.01,32.300,0.01,32.300,-0.01,32.300,0.00,32.300,0.01,32.300,-0.01,32.300,-0.01,32.300,0.00,32.300,0.00,32.300,-0.02,32.300,-0.01,32.300,0.01,32.300,-0.01,32.300,0.02,32.300,-0.01,32.300,2.53,32.300,1.12,32.300,0.05,32.300,0.08,32.300,0.02,32.300,0.01,32.300,0.02,32.300,-0.04,32.300,0.02,32.300,4.50,,,32.300,0.00,32.300,0.01,32.300,-0.01,32.300,-0.03,32.300,0.00,,,32.300,0.00,32.300,-0.02
32.350,0.81,32.350,-0.01,32.350,0.01,32.350,-0.01,32.350,0.00,32.350,2.59,32.350,-0.02,32.350,0.00,32.350,0.01,32.350,0.00,32.350,0.06,32.350,0.03,32.350,0.03,32.350,-0.01,32.350,0.03,32.350,0.01,32.350,0.00,32.350,0.01,32.350,0.01,32.350,-0.01,32.350,0.31,32.350,-0.01,32.350,-0.02,32.350,-0.01,32.350,0.01,32.350,0.05,32.350,0.01,32.350,0.01,32.350,0.01,32.350,0.01,32.350,-0.01,32.350,0.01,32.350,0.01,32.350,-0.01,32.350,0.00,32.350,0.01,32.350,0.00,32.350,-0.02,32.350,0.00,32.350,0.01,32.350,-0.01,32.350,-0.01,32.350,0.02,32.350,0.01,32.350,0.01,32.350,0.00,32.350,0.39,32.350,1.32,32.350,0.05,32.350,0.11,32.350,0.00,32.350,0.02,32.350,0.01,32.350,-0.03,32.350,0.02,32.350,0.39,,,32.350,0.00,32.350,0.00,32.350,-0.01,32.350,-0.03,32.350,0.00,,,32.350,0.01,32.350,-0.03
32.400,0.86,32.400,0.00,32.400,0.01,32.400,-0.02,32.400,0.00,32.400,2.68,32.400,-0.01,32.400,0.00,32.400,0.00,32.400,0.00,32.400,0.09,32.400,0.04,32.400,-0.04,32.400,-0.02,32.400,0.03,32.400,0.01,32.400,0.02,32.400,-0.01,32.400,0.00,32.400,-0.02,32.400,0.79,32.400,-0.01,32.400,0.04,32.400,-0.01,32.400,0.01,32.400,0.06,32.400,-0.02,32.400,0.01,32.400,0.01,32.400,0.02,32.400,0.00,32.400,0.00,32.400,0.01,32.400,-0.01,32.400,0.01,32.400,0.01,32.400,-0.01,32.400,-0.02,32.400,0.00,32.400,0.01,32.400,-0.01,32.400,-0.01,32.400,0.02,32.400,-0.01,32.400,0.01,32.400,0.00,32.400,0.07,32.400,1.35,32.400,0.04,32.400,0.12,32.400,0.00,32.400,0.04,32.400,0.01,32.400,-0.03,32.400,0.02,32.400,0.06,,,32.400,0.00,32.400,0.01,32.400,-0.01,32.400,-0.03,32.400,0.00,,,32.400,0.02,32.400,-0.02
32.450,0.89,32.450,-0.02,32.450,0.00,32.450,-0.02,32.450,0.00,32.450,0.04,32.450,-0.01,32.450,0.00,32.450,0.01,32.450,0.01,32.450,0.12,32.450,0.05,32.450,-0.03,32.450,-0.01,32.450,0.02,32.450,0.02,32.450,0.01,32.450,0.00,32.450,0.00,32.450,-0.01,32.450,1.36,32.450,-0.01,32.450,0.02,32.450,0.00,32.450,0.01,32.450,0.06,32.450,-0.01,32.450,0.00,32.450,0.00,32.450,0.02,32.450,-0.01,32.450,0.01,32.450,0.00,32.450,-0.01,32.450,0.01,32.450,0.00,32.450,-0.01,32.450,-0.02,32.450,0.00,32.450,0.01,32.450,-0.01,32.450,-0.01,32.450,0.01,32.450,-0.01,32.450,0.02,32.450,0.01,32.450,0.00,32.450,1.34,32.450,0.04,32.450,0.15,32.450,0.00,32.450,0.04,32.450,0.01,32.450,-0.03,32.450,0.02,32.450,-0.01,,,32.450,0.00,32.450,0.00,32.450,-0.02,32.450,-0.04,32.450,0.00,,,32.450,0.01,32.450,-0.01
32.500,1.09,32.500,0.00,32.500,0.01,32.500,-0.02,32.500,0.00,32.500,0.06,32.500,-0.02,32.500,-0.01,32.500,0.00,32.500,0.01,32.500,0.22,32.500,0.05,32.500,-0.02,32.500,-0.01,32.500,0.04,32.500,0.02,32.500,0.01,32.500,-0.01,32.500,0.00,32.500,-0.01,32.500,1.98,32.500,-0.02,32.500,-0.01,32.500,-0.01,32.500,0.01,32.500,0.09,32.500,-0.01,32.500,0.01,32.500,0.02,32.500,0.01,32.500,0.00,32.500,0.00,32.500,0.01,32.500,-0.01,32.500,0.01,32.500,0.00,32.500,0.00,32.500,-0.02,32.500,0.00,32.500,0.01,32.500,-0.02,32.500,-0.01,32.500,0.01,32.500,-0.01,32.500,0.02,32.500,0.01,32.500,0.01,32.500,0.44,32.500,0.04,32.500,0.19,32.500,0.01,32.500,0.05,32.500,0.00,32.500,-0.04,32.500,0.03,32.500,-0.01,,,32.500,-0.01,32.500,0.01,32.500,-0.03,32.500,-0.03,32.500,0.08,,,32.500,0.01,32.500,-0.02
32.550,1.40,32.550,0.00,32.550,0.01,32.550,-0.01,32.550,0.00,32.550,-0.02,32.550,-0.02,32.550,-0.02,32.550,0.01,32.550,0.01,32.550,0.46,32.550,0.06,32.550,-0.03,32.550,0.00,32.550,0.05,32.550,0.02,32.550,0.01,32.550,0.00,32.550,0.00,32.550,-0.01,32.550,2.77,32.550,-0.01,32.550,0.00,32.550,-0.01,32.550,0.00,32.550,0.12,32.550,0.00,32.550,0.01,32.550,0.02,32.550,0.01,32.550,-0.01,32.550,0.01,32.550,0.01,32.550,0.00,32.550,0.01,32.550,0.00,32.550,-0.01,32.550,-0.02,32.550,0.01,32.550,0.01,32.550,-0.02,32.550,-0.01,32.550,0.01,32.550,-0.01,32.550,0.01,32.550,0.00,32.550,0.01,32.550,0.07,32.550,0.04,32.550,0.24,32.550,0.03,32.550,0.12,32.550,0.01,32.550,-0.02,32.550,0.04,32.550,-0.01,,,32.550,0.00,32.550,0.01,32.550,-0.02,32.550,-0.03,32.550,0.00,,,32.550,-0.01,32.550,0.00
32.600,1.49,32.600,0.00,32.600,0.00,32.600,-0.02,32.600,0.01,32.600,-0.02,32.600,-0.02,32.600,-0.01,32.600,0.01,32.600,0.02,32.600,1.11,32.600,0.08,32.600,-0.02,32.600,-0.01,32.600,0.05,32.600,0.03,32.600,0.01,32.600,0.00,32.600,0.00,32.600,-0.01,32.600,2.82,32.600,0.01,32.600,-0.01,32.600,-0.01,32.600,0.01,32.600,0.16,32.600,-0.02,32.600,0.01,32.600,0.02,32.600,0.03,32.600,-0.01,32.600,0.02,32.600,0.01,32.600,0.00,32.600,0.00,32.600,0.00,32.600,0.00,32.600,0.00,32.600,0.00,32.600,0.00,32.600,-0.02,32.600,-0.01,32.600,0.02,32.600,-0.01,32.600,0.01,32.600,0.00,32.600,0.00,32.600,0.03,32.600,0.04,32.600,0.34,32.600,0.03,32.600,0.28,32.600,-0.01,32.600,-0.04,32.600,0.03,32.600,0.00,,,32.600,0.00,32.600,0.04,32.600,-0.02,32.600,-0.03,32.600,0.01,,,32.600,0.00,32.600,0.00
32.650,1.63,32.650,2.78E-17,32.650,0.00,32.650,-0.02,32.650,0.00,32.650,-0.02,32.650,-0.01,32.650,-0.01,32.650,0.01,32.650,0.01,32.650,1.56,32.650,0.16,32.650,-0.02,32.650,-0.01,32.650,0.05,32.650,0.04,32.650,0.00,32.650,0.00,32.650,0.01,32.650,-0.01,32.650,0.08,32.650,0.02,32.650,-0.02,32.650,0.00,32.650,0.00,32.650,0.32,32.650,-0.01,32.650,0.01,32.650,0.02,32.650,0.01,32.650,0.00,32.650,0.01,32.650,0.00,32.650,0.00,32.650,0.01,32.650,0.01,32.650,0.00,32.650,0.00,32.650,0.00,32.650,0.01,32.650,-0.01,32.650,-0.01,32.650,0.01,32.650,0.00,32.650,0.02,32.650,0.00,32.650,0.00,32.650,-0.04,32.650,0.03,32.650,0.48,32.650,0.04,32.650,0.53,32.650,-0.01,32.650,-0.03,32.650,0.05,32.650,0.01,,,32.650,-0.02,32.650,0.04,32.650,-0.02,32.650,-0.03,32.650,-0.02,,,32.650,-0.01,32.650,-0.01
32.700,1.74,32.700,0.01,32.700,0.01,32.700,-0.02,32.700,0.01,32.700,-0.01,32.700,-0.01,32.700,-0.01,32.700,0.01,32.700,0.01,32.700,1.90,32.700,0.88,32.700,-0.02,32.700,-0.01,32.700,0.08,32.700,0.06,32.700,0.01,32.700,-0.01,32.700,0.01,32.700,-0.01,32.700,0.04,32.700,0.03,32.700,-0.01,32.700,0.00,32.700,0.02,32.700,0.78,32.700,0.00,32.700,0.01,32.700,0.02,32.700,0.02,32.700,-0.01,32.700,0.01,32.700,0.01,32.700,0.01,32.700,0.01,32.700,0.00,32.700,0.00,32.700,0.01,32.700,0.00,32.700,0.00,32.700,0.00,32.700,-0.01,32.700,0.01,32.700,0.00,32.700,0.03,32.700,0.00,32.700,0.00,32.700,-0.02,32.700,0.04,32.700,0.49,32.700,0.05,32.700,0.59,32.700,0.00,32.700,-0.02,32.700,0.05,32.700,0.01,,,32.700,-0.01,32.700,-0.01,32.700,-0.02,32.700,-0.03,32.700,0.01,,,32.700,0.00,32.700,-0.01
32.750,1.74,32.750,0.01,32.750,0.01,32.750,-0.02,32.750,0.00,32.750,-0.02,32.750,0.00,32.750,-0.01,32.750,0.01,32.750,0.02,32.750,2.49,32.750,2.04,32.750,-0.02,32.750,-0.01,32.750,0.09,32.750,0.07,32.750,0.01,32.750,-0.01,32.750,0.00,32.750,-0.02,32.750,0.00,32.750,0.03,32.750,-0.01,32.750,0.00,32.750,0.02,32.750,1.10,32.750,-0.01,32.750,0.02,32.750,0.03,32.750,0.01,32.750,-0.01,32.750,0.02,32.750,0.00,32.750,-0.01,32.750,0.00,32.750,0.01,32.750,0.00,32.750,0.01,32.750,0.00,32.750,-0.01,32.750,-0.01,32.750,-0.01,32.750,0.02,32.750,0.00,32.750,0.03,32.750,0.00,32.750,0.01,32.750,-0.01,32.750,0.04,32.750,0.23,32.750,0.05,32.750,0.70,32.750,0.01,32.750,-0.03,32.750,0.05,32.750,0.01,,,32.750,-0.01,32.750,0.00,32.750,-0.02,32.750,-0.03,32.750,0.01,,,32.750,0.00,32.750,-0.01
32.800,1.73,32.800,0.01,32.800,0.00,32.800,-0.02,32.800,-0.01,32.800,-0.02,32.800,-0.01,32.800,-0.02,32.800,0.01,32.800,0.01,32.800,0.33,32.800,1.01,32.800,-0.01,32.800,0.00,32.800,0.14,32.800,0.14,32.800,0.01,32.800,0.00,32.800,0.01,32.800,-0.02,32.800,0.01,32.800,0.04,32.800,-0.01,32.800,0.00,32.800,0.01,32.800,1.16,32.800,-0.01,32.800,0.03,32.800,0.02,32.800,0.01,32.800,0.00,32.800,0.01,32.800,0.00,32.800,0.00,32.800,-0.01,32.800,0.00,32.800,0.00,32.800,0.01,32.800,0.00,32.800,-0.01,32.800,-0.01,32.800,-0.01,32.800,0.02,32.800,0.00,32.800,0.04,32.800,0.02,32.800,-0.01,32.800,-0.01,32.800,0.02,32.800,0.07,32.800,0.06,32.800,0.85,32.800,0.02,32.800,-0.03,32.800,0.07,32.800,0.01,,,32.800,-0.01,32.800,0.00,32.800,-0.01,32.800,-0.02,32.800,0.01,,,32.800,0.00,32.800,0.00
32.850,1.76,32.850,0.00,32.850,0.01,32.850,-0.02,32.850,-0.01,32.850,-0.01,32.850,0.00,32.850,-0.02,32.850,0.01,32.850,0.02,32.850,0.07,32.850,0.06,32.850,-0.01,32.850,0.00,32.850,0.43,32.850,0.32,32.850,0.01,32.850,0.00,32.850,0.00,32.850,-0.01,32.850,0.01,32.850,0.06,32.850,-0.01,32.850,0.00,32.850,0.01,32.850,1.31,32.850,-0.01,32.850,0.00,32.850,0.02,32.850,0.02,32.850,-0.01,32.850,0.02,32.850,0.01,32.850,0.00,32.850,0.00,32.850,0.01,32.850,0.00,32.850,0.02,32.850,0.00,32.850,0.00,32.850,-0.02,32.850,-0.01,32.850,0.01,32.850,0.01,32.850,0.04,32.850,0.00,32.850,-0.01,32.850,-0.02,32.850,0.03,32.850,0.03,32.850,0.07,32.850,0.93,32.850,0.01,32.850,-0.02,32.850,0.11,32.850,0.00,,,32.850,-0.01,32.850,0.00,32.850,-0.01,32.850,-0.02,32.850,0.02,,,32.850,0.00,32.850,-0.01
32.900,1.76,32.900,0.00,32.900,0.01,32.900,-0.02,32.900,0.00,32.900,-0.01,32.900,0.01,32.900,-0.01,32.900,0.01,32.900,0.02,32.900,-0.02,32.900,0.02,32.900,-0.01,32.900,0.00,32.900,0.08,32.900,0.65,32.900,0.01,32.900,0.00,32.900,-0.01,32.900,-0.01,32.900,0.01,32.900,0.07,32.900,0.00,32.900,0.01,32.900,0.01,32.900,1.77,32.900,-0.01,32.900,0.00,32.900,0.03,32.900,0.01,32.900,0.00,32.900,0.01,32.900,0.00,32.900,0.00,32.900,0.00,32.900,0.01,32.900,-0.01,32.900,0.02,32.900,0.01,32.900,0.00,32.900,0.00,32.900,-0.02,32.900,0.01,32.900,0.00,32.900,0.05,32.900,0.00,32.900,-0.01,32.900,-0.02,32.900,0.04,32.900,0.01,32.900,0.07,32.900,1.14,32.900,0.01,32.900,-0.01,32.900,0.50,32.900,0.01,,,32.900,0.00,32.900,0.00,32.900,-0.01,32.900,-0.02,32.900,0.01,,,,,32.900,-0.01
32.950,1.80,32.950,2.78E-17,32.950,0.00,32.950,-0.03,32.950,-0.01,32.950,-0.01,32.950,0.01,32.950,-0.01,32.950,0.00,32.950,0.02,32.950,-0.02,32.950,-0.02,32.950,-0.01,32.950,0.00,32.950,0.03,32.950,0.80,32.950,0.01,32.950,0.00,32.950,0.01,32.950,0.00,32.950,0.02,32.950,0.12,32.950,0.02,32.950,0.01,32.950,0.01,32.950,2.43,32.950,-0.01,32.950,0.00,32.950,0.05,32.950,0.02,32.950,-0.01,32.950,0.01,32.950,-0.01,32.950,-0.01,32.950,0.00,32.950,0.01,32.950,0.00,32.950,0.03,32.950,0.00,32.950,0.01,32.950,-0.02,32.950,-0.01,32.950,0.01,32.950,0.01,32.950,0.04,32.950,0.02,32.950,0.00,32.950,-0.01,32.950,0.04,32.950,0.01,32.950,0.10,32.950,1.30,32.950,0.03,32.950,0.00,32.950,2.24,32.950,0.00,,,32.950,-0.01,32.950,0.00,32.950,-0.01,32.950,-0.03,32.950,0.00,,,,,32.950,-0.01
33.000,1.89,33.000,2.78E-17,33.000,0.02,33.000,-0.03,33.000,-0.01,33.000,-0.01,33.000,0.01,33.000,-0.01,33.000,0.00,33.000,0.02,33.000,-0.02,33.000,-0.01,33.000,-0.01,33.000,-0.01,33.000,-0.02,33.000,1.15,33.000,0.02,33.000,0.00,33.000,0.00,33.000,-0.01,33.000,0.01,33.000,0.37,33.000,0.02,33.000,0.01,33.000,0.01,33.000,3.00,33.000,0.00,33.000,0.01,33.000,0.05,33.000,0.02,33.000,0.00,33.000,0.01,33.000,0.01,33.000,-0.01,33.000,0.00,33.000,0.01,33.000,0.00,33.000,0.04,33.000,0.00,33.000,0.00,33.000,-0.01,33.000,-0.01,33.000,0.01,33.000,0.02,33.000,0.05,33.000,0.03,33.000,0.00,33.000,0.00,33.000,0.05,33.000,0.02,33.000,0.11,33.000,1.46,33.000,0.04,33.000,0.03,33.000,2.39,33.000,0.01,,,33.000,0.00,33.000,0.00,33.000,0.00,33.000,-0.03,33.000,0.00,,,,,33.000,-0.02
33.050,1.97,33.050,2.78E-17,33.050,0.02,33.050,-0.03,33.050,0.00,33.050,-0.01,33.050,0.01,33.050,0.01,33.050,0.00,33.050,0.01,33.050,-0.03,33.050,-0.01,33.050,-0.01,33.050,0.00,33.050,-0.01,33.050,1.56,33.050,0.02,33.050,0.00,33.050,-0.01,33.050,0.00,33.050,0.02,33.050,1.25,33.050,0.03,33.050,-0.01,33.050,0.01,33.050,2.26,33.050,0.00,33.050,0.01,33.050,0.07,33.050,0.02,33.050,-0.01,33.050,0.04,33.050,0.00,33.050,0.01,33.050,-0.01,33.050,0.02,33.050,0.01,33.050,0.04,33.050,0.00,33.050,-0.01,33.050,0.00,33.050,-0.01,33.050,0.01,33.050,0.00,33.050,0.06,33.050,0.01,33.050,0.00,33.050,-0.01,33.050,0.05,33.050,0.01,33.050,0.20,33.050,1.84,33.050,0.05,33.050,-0.05,33.050,2.10,33.050,0.01,,,33.050,-0.01,33.050,0.00,33.050,-0.01,33.050,-0.03,33.050,0.00,,,,,33.050,-0.02
33.100,2.06,33.100,0.01,33.100,0.02,33.100,-0.03,33.100,0.00,33.100,-0.01,33.100,0.01,33.100,0.00,33.100,-0.02,33.100,0.02,33.100,-0.03,33.100,-0.02,33.100,-0.02,33.100,-0.01,33.100,0.00,33.100,1.89,33.100,0.06,33.100,0.00,33.100,0.00,33.100,-0.01,33.100,0.01,33.100,2.01,33.100,0.05,33.100,-0.01,33.100,0.00,33.100,0.07,33.100,0.01,33.100,0.01,33.100,0.09,33.100,0.02,33.100,-0.01,33.100,0.04,33.100,0.01,33.100,0.00,33.100,0.00,33.100,0.02,33.100,-0.01,33.100,0.05,33.100,0.01,33.100,0.00,33.100,-0.02,33.100,-0.02,33.100,0.00,33.100,0.01,33.100,0.06,33.100,0.03,33.100,0.01,33.100,-0.01,33.100,0.05,33.100,0.02,33.100,0.76,33.100,2.17,33.100,0.07,33.100,-0.02,33.100,2.35,33.100,0.01,,,33.100,0.00,33.100,0.00,33.100,-0.02,33.100,-0.03,33.100,0.01,,,,,33.100,-0.02
33.150,2.11,33.150,0.01,33.150,0.01,33.150,-0.02,33.150,0.00,33.150,-0.01,33.150,0.03,33.150,0.00,33.150,-0.01,33.150,0.02,33.150,-0.02,33.150,-0.01,33.150,0.00,33.150,0.01,33.150,0.00,33.150,2.31,33.150,0.03,33.150,0.00,33.150,0.00,33.150,0.00,33.150,0.01,33.150,2.55,33.150,0.07,33.150,0.00,33.150,0.00,33.150,0.02,33.150,0.02,33.150,0.00,33.150,0.11,33.150,0.03,33.150,0.01,33.150,0.00,33.150,0.01,33.150,0.00,33.150,0.01,33.150,0.01,33.150,0.00,33.150,0.07,33.150,0.01,33.150,0.00,33.150,-0.02,33.150,-0.01,33.150,0.00,33.150,0.00,33.150,0.06,33.150,0.03,33.150,0.00,33.150,0.00,33.150,0.06,33.150,0.02,33.150,1.32,33.150,1.49,33.150,0.08,33.150,-0.02,33.150,2.77,33.150,0.00,,,33.150,-0.01,33.150,0.00,33.150,-0.01,33.150,-0.03,33.150,0.00,,,,,33.150,-0.01
33.200,2.12,33.200,0.01,33.200,0.00,33.200,-0.01,33.200,0.00,33.200,-0.02,33.200,0.05,33.200,0.00,33.200,-0.01,33.200,0.01,33.200,-0.01,33.200,-0.01,33.200,-0.01,33.200,0.00,33.200,0.00,33.200,2.77,33.200,0.00,33.200,0.01,33.200,0.00,33.200,-0.01,33.200,0.00,33.200,0.49,33.200,0.11,33.200,-0.01,33.200,0.00,33.200,0.00,33.200,0.02,33.200,0.01,33.200,0.18,33.200,0.02,33.200,0.00,33.200,0.01,33.200,0.01,33.200,0.00,33.200,0.00,33.200,0.01,33.200,-0.01,33.200,0.16,33.200,0.00,33.200,0.00,33.200,-0.01,33.200,-0.02,33.200,0.01,33.200,0.00,33.200,0.06,33.200,0.03,33.200,0.01,33.200,-0.02,33.200,0.07,33.200,0.01,33.200,1.27,33.200,0.04,33.200,0.14,33.200,-0.02,33.200,2.93,33.200,0.02,,,33.200,-0.01,33.200,0.01,33.200,-0.01,33.200,-0.02,33.200,0.00,,,,,33.200,-0.01
33.250,2.17,33.250,0.01,33.250,0.00,33.250,-0.01,33.250,-0.01,33.250,-0.02,33.250,0.07,33.250,-0.02,33.250,0.00,33.250,0.00,33.250,-0.02,33.250,0.00,33.250,-0.02,33.250,-0.01,33.250,-0.01,33.250,0.08,33.250,0.00,33.250,0.00,33.250,0.01,33.250,0.01,33.250,0.00,33.250,0.05,33.250,0.21,33.250,-0.01,33.250,0.01,33.250,0.00,33.250,0.03,33.250,0.01,33.250,0.71,33.250,0.01,33.250,0.00,33.250,0.02,33.250,0.01,33.250,0.00,33.250,-0.01,33.250,0.01,33.250,0.00,33.250,0.78,33.250,0.00,33.250,0.00,33.250,-0.02,33.250,-0.01,33.250,0.00,33.250,0.01,33.250,0.09,33.250,0.03,33.250,0.01,33.250,-0.01,33.250,0.07,33.250,0.01,33.250,1.11,33.250,0.01,33.250,0.37,33.250,-0.01,33.250,3.27,33.250,0.01,,,33.250,0.00,33.250,-0.01,33.250,-0.02,33.250,-0.03,33.250,0.00,,,,,33.250,-0.01
33.300,2.24,33.300,2.78E-17,33.300,0.01,33.300,-0.01,33.300,-0.01,33.300,-0.02,33.300,0.10,33.300,-0.02,33.300,-0.01,33.300,0.02,33.300,-0.01,33.300,-0.01,33.300,-0.01,33.300,0.00,33.300,0.00,33.300,0.05,33.300,0.01,33.300,-0.01,33.300,0.01,33.300,0.01,33.300,0.00,33.300,0.01,33.300,0.79,33.300,-0.01,33.300,0.02,33.300,-0.01,33.300,0.01,33.300,0.02,33.300,0.20,33.300,0.02,33.300,0.01,33.300,0.01,33.300,0.01,33.300,0.00,33.300,0.00,33.300,0.05,33.300,-0.01,33.300,1.02,33.300,0.00,33.300,0.00,33.300,-0.01,33.300,-0.01,33.300,-0.01,33.300,0.00,33.300,0.09,33.300,0.04,33.300,0.00,33.300,-0.02,33.300,0.06,33.300,0.01,33.300,1.20,33.300,-0.03,33.300,0.91,33.300,-0.01,33.300,3.69,33.300,0.01,,,33.300,0.01,33.300,0.01,33.300,-0.02,33.300,-0.03,33.300,0.00,,,,,33.300,-0.02
33.350,2.21,33.350,0.00,33.350,0.01,33.350,-0.01,33.350,0.01,33.350,-0.01,33.350,0.26,33.350,-0.02,33.350,0.00,33.350,0.02,33.350,-0.01,33.350,-0.01,33.350,-0.02,33.350,0.01,33.350,0.01,33.350,-0.02,33.350,0.00,33.350,0.00,33.350,0.02,33.350,0.01,33.350,0.00,33.350,-0.02,33.350,1.48,33.350,-0.01,33.350,0.00,33.350,-0.01,33.350,0.02,33.350,0.02,33.350,0.06,33.350,0.01,33.350,0.00,33.350,0.01,33.350,0.01,33.350,0.00,33.350,-0.01,33.350,0.03,33.350,0.00,33.350,0.18,33.350,0.00,33.350,0.00,33.350,-0.01,33.350,-0.01,33.350,0.01,33.350,0.00,33.350,0.11,33.350,0.05,33.350,0.01,33.350,-0.01,33.350,0.05,33.350,0.01,33.350,1.37,33.350,-0.01,33.350,1.33,33.350,-0.01,33.350,4.00,33.350,0.01,,,33.350,0.00,33.350,0.01,33.350,-0.01,33.350,-0.02,33.350,0.00,,,,,33.350,-0.02
33.400,2.25,33.400,0.01,33.400,0.00,33.400,0.00,33.400,0.01,33.400,-0.01,33.400,0.50,33.400,-0.02,33.400,-0.01,33.400,0.02,33.400,-0.02,33.400,-0.01,33.400,-0.01,33.400,0.01,33.400,0.01,33.400,-0.01,33.400,0.01,33.400,0.00,33.400,0.04,33.400,-0.01,33.400,0.01,33.400,-0.02,33.400,0.37,33.400,-0.02,33.400,0.00,33.400,-0.01,33.400,0.02,33.400,0.02,33.400,-0.01,33.400,0.02,33.400,0.00,33.400,0.02,33.400,0.00,33.400,0.00,33.400,0.00,33.400,0.04,33.400,-0.01,33.400,0.05,33.400,-0.01,33.400,0.01,33.400,-0.01,33.400,-0.01,33.400,0.01,33.400,0.01,33.400,0.11,33.400,0.05,33.400,0.00,33.400,-0.01,33.400,0.06,33.400,0.02,33.400,1.27,33.400,-0.01,33.400,1.79,33.400,-0.02,33.400,4.20,33.400,0.01,,,33.400,0.00,33.400,0.01,33.400,-0.01,33.400,-0.02,33.400,0.00,,,,,33.400,-0.01
33.450,2.35,33.450,0.01,33.450,0.02,33.450,0.01,33.450,0.00,33.450,-0.01,33.450,0.78,33.450,-0.02,33.450,-0.01,33.450,-0.01,33.450,-0.01,33.450,0.00,33.450,-0.01,33.450,0.01,33.450,0.00,33.450,-0.01,33.450,0.00,33.450,0.00,33.450,0.04,33.450,0.00,33.450,0.00,33.450,-0.02,33.450,0.06,33.450,-0.01,33.450,0.01,33.450,-0.01,33.450,0.03,33.450,0.03,33.450,-0.01,33.450,0.03,33.450,0.00,33.450,0.02,33.450,0.01,33.450,-0.01,33.450,0.00,33.450,0.00,33.450,-0.01,33.450,-0.01,33.450,0.01,33.450,0.00,33.450,-0.01,33.450,-0.02,33.450,0.00,33.450,0.01,33.450,0.13,33.450,0.07,33.450,0.00,33.450,0.00,33.450,0.05,33.450,0.00,33.450,1.05,33.450,-0.01,33.450,1.82,33.450,-0.02,33.450,4.49,33.450,0.04,,,33.450,0.01,33.450,0.00,33.450,-0.01,33.450,-0.02,33.450,0.00,,,,,33.450,-0.01
33.500,2.35,33.500,0.00,33.500,0.03,33.500,0.02,33.500,-0.01,33.500,-0.01,33.500,0.98,33.500,-0.02,33.500,-0.01,33.500,0.01,33.500,-0.01,33.500,0.00,33.500,-0.01,33.500,0.01,33.500,0.01,33.500,0.00,33.500,0.00,33.500,-0.01,33.500,0.05,33.500,0.01,33.500,0.00,33.500,-0.02,33.500,0.03,33.500,-0.01,33.500,-0.01,33.500,-0.01,33.500,0.04,33.500,0.04,33.500,0.00,33.500,0.03,33.500,0.00,33.500,0.02,33.500,0.01,33.500,0.00,33.500,-0.01,33.500,0.00,33.500,0.00,33.500,-0.01,33.500,0.02,33.500,0.00,33.500,0.00,33.500,-0.01,33.500,0.01,33.500,0.01,33.500,0.15,33.500,0.08,33.500,0.00,33.500,0.00,33.500,0.07,33.500,0.01,33.500,0.77,33.500,-0.01,33.500,1.73,33.500,0.01,33.500,4.66,33.500,0.05,,,33.500,0.01,33.500,0.01,33.500,-0.01,33.500,-0.02,33.500,0.00,,,,,33.500,0.00
33.550,2.35,33.550,0.02,33.550,0.01,33.550,0.02,33.550,-0.01,33.550,0.00,33.550,1.20,33.550,-0.01,33.550,-0.01,33.550,0.00,33.550,-0.01,33.550,0.00,33.550,-0.01,33.550,0.00,33.550,0.01,33.550,-0.01,33.550,0.01,33.550,0.00,33.550,0.08,33.550,0.02,33.550,0.00,33.550,-0.02,33.550,-0.02,33.550,-0.01,33.550,0.00,33.550,-0.01,33.550,0.06,33.550,0.05,33.550,0.00,33.550,0.02,33.550,0.00,33.550,0.02,33.550,0.01,33.550,0.00,33.550,-0.01,33.550,0.02,33.550,0.00,33.550,0.00,33.550,0.01,33.550,0.00,33.550,-0.01,33.550,-0.02,33.550,0.00,33.550,0.00,33.550,0.22,33.550,0.14,33.550,0.00,33.550,0.00,33.550,0.07,33.550,0.00,33.550,0.83,33.550,-0.02,33.550,1.64,33.550,0.01,33.550,4.49,33.550,0.00,,,33.550,0.00,33.550,0.01,33.550,-0.01,33.550,-0.02,33.550,0.01,,,,,33.550,-0.01
33.600,2.46,33.600,0.02,33.600,0.02,33.600,0.03,33.600,0.00,33.600,-0.01,33.600,1.58,33.600,-0.01,33.600,-0.01,33.600,0.00,33.600,-0.01,33.600,-0.01,33.600,-0.01,33.600,0.00,33.600,0.00,33.600,0.00,33.600,0.00,33.600,0.00,33.600,0.12,33.600,0.02,33.600,0.01,33.600,-0.03,33.600,0.00,33.600,-0.01,33.600,0.01,33.600,-0.01,33.600,0.08,33.600,0.05,33.600,0.00,33.600,0.03,33.600,0.01,33.600,0.01,33.600,0.00,33.600,0.00,33.600,-0.01,33.600,0.01,33.600,-0.01,33.600,0.00,33.600,0.00,33.600,-0.01,33.600,0.00,33.600,-0.01,33.600,0.01,33.600,0.01,33.600,0.33,33.600,0.26,33.600,0.00,33.600,0.00,33.600,0.07,33.600,0.01,33.600,1.54,33.600,-0.02,33.600,1.73,33.600,0.02,33.600,4.52,33.600,0.01,,,33.600,0.01,33.600,0.00,33.600,-0.01,33.600,-0.02,33.600,0.00,,,,,33.600,-0.02
33.650,2.49,33.650,0.04,33.650,0.02,33.650,0.03,33.650,0.01,33.650,-0.01,33.650,2.21,33.650,-0.01,33.650,0.00,33.650,0.01,33.650,-0.01,33.650,-0.01,33.650,-0.01,33.650,0.01,33.650,0.00,33.650,-0.01,33.650,0.01,33.650,0.00,33.650,0.22,33.650,0.02,33.650,0.01,33.650,-0.02,33.650,-0.01,33.650,0.00,33.650,0.01,33.650,-0.01,33.650,0.24,33.650,0.06,33.650,0.00,33.650,0.03,33.650,0.00,33.650,0.02,33.650,0.00,33.650,0.00,33.650,-0.01,33.650,0.02,33.650,0.00,33.650,0.00,33.650,0.00,33.650,0.01,33.650,-0.01,33.650,0.00,33.650,0.00,33.650,0.00,33.650,0.48,33.650,0.79,33.650,0.00,33.650,0.00,33.650,0.09,33.650,0.01,33.650,1.55,33.650,-0.02,33.650,1.55,33.650,0.02,33.650,4.77,33.650,0.02,,,33.650,0.00,33.650,0.01,33.650,-0.01,33.650,-0.03,33.650,0.00,,,,,33.650,-0.01
33.700,2.57,33.700,0.04,33.700,0.01,33.700,0.04,33.700,0.01,33.700,-0.01,33.700,0.08,33.700,-0.01,33.700,0.00,33.700,0.01,33.700,-0.01,33.700,0.01,33.700,-0.01,33.700,0.00,33.700,0.01,33.700,0.00,33.700,0.01,33.700,0.00,33.700,0.67,33.700,0.03,33.700,0.01,33.700,-0.02,33.700,0.00,33.700,-0.01,33.700,0.02,33.700,0.00,33.700,1.68,33.700,0.06,33.700,0.01,33.700,0.03,33.700,0.01,33.700,0.02,33.700,0.00,33.700,-0.01,33.700,0.00,33.700,0.02,33.700,-0.01,33.700,-0.01,33.700,0.00,33.700,0.00,33.700,0.00,33.700,-0.01,33.700,0.01,33.700,0.01,33.700,0.38,33.700,1.38,33.700,-0.01,33.700,-0.01,33.700,0.09,33.700,0.00,33.700,1.41,33.700,-0.03,33.700,0.06,33.700,0.06,33.700,4.85,33.700,0.02,,,33.700,0.00,33.700,0.01,33.700,-0.02,33.700,-0.03,33.700,0.01,,,,,33.700,-0.01
33.750,2.65,33.750,0.05,33.750,0.01,33.750,0.07,33.750,0.01,33.750,-0.01,33.750,0.04,33.750,-0.01,33.750,0.00,33.750,0.02,33.750,-0.01,33.750,0.00,33.750,-0.02,33.750,-0.01,33.750,0.01,33.750,0.00,33.750,0.02,33.750,0.01,33.750,0.06,33.750,0.02,33.750,0.01,33.750,-0.02,33.750,-0.01,33.750,-0.01,33.750,0.03,33.750,0.00,33.750,0.32,33.750,0.07,33.750,0.01,33.750,0.04,33.750,0.01,33.750,0.01,33.750,0.00,33.750,-0.01,33.750,0.01,33.750,0.01,33.750,0.00,33.750,0.00,33.750,0.00,33.750,0.00,33.750,0.08,33.750,-0.01,33.750,0.05,33.750,0.01,33.750,0.12,33.750,1.52,33.750,-0.01,33.750,-0.01,33.750,0.08,33.750,0.00,33.750,1.27,33.750,-0.02,33.750,0.03,33.750,0.11,33.750,4.71,33.750,0.02,,,33.750,-0.01,33.750,0.00,33.750,-0.01,33.750,-0.02,33.750,0.00,,,,,33.750,0.00
33.800,2.62,33.800,0.05,33.800,0.02,33.800,0.24,33.800,-0.01,33.800,0.00,33.800,-0.03,33.800,0.00,33.800,-0.01,33.800,0.02,33.800,-0.02,33.800,-0.01,33.800,-0.01,33.800,-0.01,33.800,0.00,33.800,0.01,33.800,0.03,33.800,0.01,33.800,0.02,33.800,0.03,33.800,0.02,33.800,-0.02,33.800,-0.02,33.800,-0.01,33.800,0.02,33.800,-0.02,33.800,0.05,33.800,0.09,33.800,0.01,33.800,0.05,33.800,0.05,33.800,0.02,33.800,0.02,33.800,-0.02,33.800,0.00,33.800,0.02,33.800,0.00,33.800,0.00,33.800,0.01,33.800,-0.01,33.800,0.04,33.800,0.00,33.800,0.05,33.800,0.01,33.800,0.05,33.800,1.70,33.800,-0.01,33.800,-0.02,33.800,0.08,33.800,0.00,33.800,1.35,33.800,-0.03,33.800,-0.02,33.800,0.76,33.800,4.89,33.800,0.03,,,33.800,0.00,33.800,0.00,33.800,-0.02,33.800,-0.04,33.800,0.01,,,,,33.800,0.00
33.850,2.40,33.850,0.06,33.850,0.03,33.850,0.51,33.850,0.00,33.850,-0.01,33.850,-0.01,33.850,0.00,33.850,-0.01,33.850,0.01,33.850,-0.01,33.850,-0.01,33.850,0.01,33.850,-0.01,33.850,0.00,33.850,0.00,33.850,0.04,33.850,0.01,33.850,-0.02,33.850,0.04,33.850,0.02,33.850,-0.01,33.850,-0.01,33.850,-0.01,33.850,0.04,33.850,-0.02,33.850,-0.01,33.850,0.11,33.850,0.01,33.850,0.06,33.850,0.03,33.850,0.02,33.850,0.01,33.850,0.00,33.850,0.01,33.850,0.01,33.850,-0.01,33.850,-0.01,33.850,0.00,33.850,0.00,33.850,0.01,33.850,-0.02,33.850,0.01,33.850,0.03,33.850,0.00,33.850,2.00,33.850,-0.01,33.850,-0.01,33.850,0.08,33.850,-0.01,33.850,1.56,33.850,-0.02,33.850,-0.02,33.850,1.93,33.850,4.95,33.850,0.04,,,33.850,0.00,33.850,0.00,33.850,-0.02,33.850,-0.03,33.850,0.01,,,,,33.850,0.00
33.900,2.04,33.900,0.07,33.900,0.04,33.900,0.04,33.900,0.00,33.900,-0.01,33.900,-0.01,33.900,-0.01,33.900,-0.01,33.900,0.02,33.900,0.00,33.900,-0.01,33.900,-0.01,33.900,0.00,33.900,0.02,33.900,0.00,33.900,0.04,33.900,0.01,33.900,-0.01,33.900,0.05,33.900,0.00,33.900,-0.01,33.900,-0.01,33.900,-0.01,33.900,0.04,33.900,-0.01,33.900,-0.02,33.900,0.19,33.900,0.01,33.900,0.07,33.900,0.00,33.900,0.03,33.900,0.02,33.900,-0.01,33.900,0.00,33.900,0.01,33.900,0.00,33.900,0.00,33.900,0.00,33.900,0.01,33.900,-0.02,33.900,-0.01,33.900,0.01,33.900,0.01,33.900,0.01,33.900,2.61,33.900,-0.01,33.900,-0.01,33.900,0.09,33.900,0.00,33.900,1.41,33.900,-0.02,33.900,-0.02,33.900,1.85,33.900,0.11,33.900,0.05,,,33.900,0.01,33.900,0.00,33.900,-0.02,33.900,-0.03,33.900,0.01,,,,,33.900,0.01
33.950,1.89,33.950,0.07,33.950,0.05,33.950,0.00,33.950,-0.01,33.950,-0.01,33.950,-0.02,33.950,-0.01,33.950,-0.01,33.950,0.02,33.950,0.00,33.950,-0.02,33.950,-0.01,33.950,0.00,33.950,0.01,33.950,0.00,33.950,0.05,33.950,0.01,33.950,-0.01,33.950,0.08,33.950,0.01,33.950,-0.01,33.950,0.00,33.950,0.00,33.950,0.04,33.950,-0.01,33.950,-0.01,33.950,0.46,33.950,0.01,33.950,0.10,33.950,0.00,33.950,0.04,33.950,0.02,33.950,-0.02,33.950,0.01,33.950,0.01,33.950,-0.01,33.950,0.00,33.950,0.00,33.950,0.00,33.950,0.00,33.950,-0.01,33.950,0.02,33.950,0.00,33.950,0.01,33.950,3.26,33.950,0.00,33.950,-0.01,33.950,0.11,33.950,0.00,33.950,1.03,33.950,-0.02,33.950,-0.02,33.950,1.86,33.950,0.06,33.950,0.05,,,33.950,0.01,33.950,0.00,33.950,-0.01,33.950,-0.03,33.950,0.02,,,,,33.950,0.00
34.000,1.75,34.000,0.10,34.000,0.05,34.000,-0.03,34.000,0.00,34.000,-0.01,34.000,-0.02,34.000,0.00,34.000,0.00,34.000,0.02,34.000,0.00,34.000,-0.02,34.000,0.00,34.000,0.00,34.000,0.01,34.000,0.00,34.000,0.04,34.000,0.01,34.000,-0.01,34.000,0.19,34.000,0.01,34.000,-0.01,34.000,-0.01,34.000,0.02,34.000,0.04,34.000,-0.01,34.000,-0.01,34.000,1.41,34.000,0.01,34.000,0.12,34.000,0.00,34.000,0.04,34.000,0.03,34.000,-0.01,34.000,0.00,34.000,0.00,34.000,-0.01,34.000,0.00,34.000,0.00,34.000,0.01,34.000,0.00,34.000,-0.02,34.000,0.01,34.000,0.00,34.000,0.01,34.000,0.18,34.000,0.00,34.000,-0.01,34.000,0.14,34.000,0.00,34.000,0.60,34.000,-0.02,34.000,-0.01,34.000,2.43,34.000,-0.01,34.000,0.06,,,34.000,0.00,34.000,0.01,34.000,-0.02,34.000,-0.02,34.000,0.01,,,,,34.000,-0.01
34.050,1.68,34.050,0.13,34.050,0.05,34.050,-0.02,34.050,0.00,34.050,-0.01,34.050,0.00,34.050,0.00,34.050,0.00,34.050,0.02,34.050,-0.01,34.050,-0.02,34.050,-0.01,34.050,-0.01,34.050,0.00,34.050,0.00,34.050,0.04,34.050,0.01,34.050,0.00,34.050,0.29,34.050,0.02,34.050,-0.01,34.050,-0.01,34.050,0.02,34.050,0.06,34.050,-0.02,34.050,0.00,34.050,0.27,34.050,0.02,34.050,0.25,34.050,0.01,34.050,0.03,34.050,0.04,34.050,-0.01,34.050,-0.01,34.050,0.01,34.050,-0.01,34.050,0.00,34.050,0.00,34.050,0.01,34.050,0.00,34.050,-0.02,34.050,0.01,34.050,0.01,34.050,0.02,34.050,0.06,34.050,-0.01,34.050,-0.01,34.050,0.22,34.050,0.00,34.050,0.52,34.050,-0.02,34.050,-0.01,34.050,3.17,34.050,0.00,34.050,0.10,,,34.050,0.01,34.050,0.01,34.050,-0.02,34.050,-0.03,34.050,0.01,,,,,34.050,0.00
34.100,1.84,34.100,0.14,34.100,0.08,34.100,-0.01,34.100,0.01,34.100,-0.01,34.100,-0.01,34.100,0.02,34.100,0.00,34.100,0.02,34.100,-0.01,34.100,-0.02,34.100,0.00,34.100,-0.01,34.100,0.01,34.100,0.00,34.100,0.04,34.100,0.02,34.100,-0.01,34.100,0.05,34.100,0.01,34.100,-0.02,34.100,-0.01,34.100,0.03,34.100,0.08,34.100,-0.02,34.100,0.01,34.100,0.06,34.100,0.02,34.100,0.48,34.100,0.01,34.100,0.05,34.100,0.04,34.100,-0.01,34.100,0.00,34.100,0.01,34.100,-0.01,34.100,0.00,34.100,0.01,34.100,0.01,34.100,0.01,34.100,-0.01,34.100,0.01,34.100,0.01,34.100,0.01,34.100,-0.01,34.100,0.01,34.100,-0.02,34.100,0.35,34.100,0.00,34.100,0.50,34.100,-0.02,34.100,0.00,34.100,3.66,34.100,-0.01,34.100,0.17,,,34.100,0.01,34.100,0.01,34.100,-0.02,34.100,-0.02,34.100,0.00,,,,,,
34.150,2.06,34.150,0.16,34.150,0.09,34.150,-0.02,34.150,0.02,34.150,-0.01,34.150,-0.01,34.150,0.02,34.150,0.00,34.150,0.02,34.150,0.00,34.150,0.00,34.150,0.00,34.150,-0.01,34.150,-0.01,34.150,0.00,34.150,0.05,34.150,0.02,34.150,0.00,34.150,-0.01,34.150,0.02,34.150,-0.02,34.150,-0.01,34.150,0.04,34.150,0.09,34.150,-0.02,34.150,0.00,34.150,0.00,34.150,0.02,34.150,0.08,34.150,0.02,34.150,0.06,34.150,0.05,34.150,0.00,34.150,-0.01,34.150,0.02,34.150,-0.02,34.150,-0.01,34.150,0.00,34.150,0.02,34.150,0.01,34.150,-0.02,34.150,0.02,34.150,0.01,34.150,0.01,34.150,-0.01,34.150,0.00,34.150,-0.01,34.150,0.62,34.150,0.00,34.150,0.44,34.150,-0.03,34.150,-0.01,34.150,3.84,34.150,0.01,34.150,0.71,,,34.150,0.01,34.150,0.01,34.150,-0.02,34.150,-0.02,34.150,0.01,,,,,,
34.200,2.33,34.200,0.24,34.200,0.18,34.200,-0.02,34.200,0.03,34.200,-0.02,34.200,0.00,34.200,0.02,34.200,0.00,34.200,0.02,34.200,-0.01,34.200,-0.01,34.200,-0.01,34.200,-0.01,34.200,-0.01,34.200,0.01,34.200,0.06,34.200,0.02,34.200,-0.01,34.200,-0.02,34.200,0.02,34.200,-0.02,34.200,-0.01,34.200,0.05,34.200,0.12,34.200,-0.01,34.200,0.01,34.200,-0.01,34.200,0.01,34.200,0.04,34.200,0.01,34.200,0.06,34.200,0.06,34.200,-0.01,34.200,0.00,34.200,0.03,34.200,-0.01,34.200,0.00,34.200,0.00,34.200,0.01,34.200,0.01,34.200,-0.01,34.200,0.01,34.200,0.01,34.200,0.01,34.200,0.01,34.200,0.00,34.200,-0.02,34.200,0.84,34.200,0.00,34.200,0.35,34.200,-0.03,34.200,-0.01,34.200,3.77,34.200,-0.01,34.200,1.37,,,34.200,0.01,34.200,0.01,34.200,-0.02,34.200,-0.02,34.200,0.03,,,,,,
34.250,2.47,34.250,0.48,34.250,0.41,34.250,-0.01,34.250,0.03,34.250,-0.01,34.250,-0.01,34.250,0.03,34.250,0.00,34.250,0.03,34.250,0.00,34.250,-0.02,34.250,-0.01,34.250,-0.02,34.250,0.00,34.250,0.01,34.250,0.07,34.250,0.02,34.250,-0.01,34.250,-0.01,34.250,0.01,34.250,-0.01,34.250,-0.01,34.250,0.06,34.250,0.16,34.250,-0.01,34.250,0.00,34.250,0.00,34.250,0.02,34.250,0.00,34.250,0.01,34.250,0.07,34.250,0.07,34.250,-0.01,34.250,0.01,34.250,0.04,34.250,-0.01,34.250,0.00,34.250,0.00,34.250,0.00,34.250,0.00,34.250,-0.01,34.250,0.01,34.250,0.01,34.250,0.00,34.250,0.00,34.250,0.01,34.250,-0.01,34.250,0.51,34.250,0.01,34.250,0.18,34.250,-0.02,34.250,-0.01,34.250,3.87,34.250,-0.01,34.250,1.68,,,34.250,0.00,34.250,0.01,34.250,-0.02,34.250,-0.04,34.250,0.01,,,,,,
34.300,0.05,34.300,0.85,34.300,0.77,34.300,-0.02,34.300,0.04,34.300,-0.01,34.300,-0.02,34.300,0.04,34.300,-0.01,34.300,0.03,34.300,-0.01,34.300,-0.01,34.300,0.00,34.300,-0.02,34.300,0.01,34.300,0.00,34.300,0.08,34.300,0.01,34.300,0.00,34.300,-0.01,34.300,0.00,34.300,-0.02,34.300,-0.01,34.300,0.08,34.300,0.34,34.300,0.00,34.300,-0.02,34.300,0.01,34.300,0.02,34.300,0.01,34.300,0.01,34.300,0.08,34.300,0.10,34.300,0.00,34.300,0.00,34.300,0.05,34.300,-0.01,34.300,0.00,34.300,0.00,34.300,0.01,34.300,0.01,34.300,-0.01,34.300,0.01,34.300,0.01,34.300,0.01,34.300,0.00,34.300,0.01,34.300,-0.01,34.300,0.20,34.300,0.00,34.300,0.12,34.300,-0.02,34.300,0.00,34.300,4.16,34.300,-0.01,34.300,1.82,,,34.300,0.01,34.300,0.00,34.300,-0.02,34.300,-0.03,34.300,0.02,,,,,,
34.350,-0.01,34.350,1.37,34.350,1.01,34.350,-0.02,34.350,0.07,34.350,-0.02,34.350,-0.01,34.350,0.05,34.350,0.00,34.350,0.03,34.350,0.07,34.350,-0.01,34.350,-0.01,34.350,-0.01,34.350,0.01,34.350,0.00,34.350,0.12,34.350,0.02,34.350,-0.01,34.350,0.00,34.350,0.00,34.350,-0.02,34.350,0.00,34.350,0.08,34.350,0.30,34.350,-0.01,34.350,-0.01,34.350,0.01,34.350,0.02,34.350,0.01,34.350,0.01,34.350,0.10,34.350,0.16,34.350,-0.01,34.350,-0.01,34.350,0.06,34.350,-0.02,34.350,-0.01,34.350,0.01,34.350,0.02,34.350,0.01,34.350,0.01,34.350,0.02,34.350,0.01,34.350,0.01,34.350,0.01,34.350,0.00,34.350,-0.01,34.350,0.06,34.350,0.00,34.350,0.10,34.350,0.00,34.350,-0.01,34.350,1.86,34.350,0.00,34.350,2.59,,,34.350,0.01,34.350,0.00,34.350,-0.02,34.350,-0.02,34.350,0.02,,,,,,
34.400,-0.02,34.400,2.04,34.400,0.99,34.400,-0.03,34.400,0.12,34.400,-0.01,34.400,0.00,34.400,0.07,34.400,0.00,34.400,0.04,34.400,0.02,34.400,-0.01,34.400,0.00,34.400,-0.01,34.400,0.01,34.400,0.00,34.400,0.20,34.400,0.02,34.400,0.00,34.400,-0.01,34.400,0.00,34.400,-0.01,34.400,0.00,34.400,0.10,34.400,0.07,34.400,-0.01,34.400,-0.01,34.400,0.01,34.400,0.02,34.400,0.01,34.400,0.01,34.400,0.14,34.400,0.35,34.400,0.00,34.400,0.00,34.400,0.09,34.400,-0.02,34.400,-0.01,34.400,0.01,34.400,0.01,34.400,0.00,34.400,0.02,34.400,0.02,34.400,0.00,34.400,0.01,34.400,0.01,34.400,0.00,34.400,0.00,34.400,0.01,34.400,0.00,34.400,0.11,34.400,0.00,34.400,-0.01,34.400,0.04,34.400,-0.01,34.400,3.30,,,34.400,0.01,34.400,0.00,34.400,-0.02,34.400,-0.03,34.400,0.01,,,,,,
34.450,-0.02,34.450,0.11,34.450,0.08,34.450,-0.02,34.450,0.22,34.450,-0.01,34.450,-0.01,34.450,0.10,34.450,-0.01,34.450,0.02,34.450,-0.01,34.450,-0.01,34.450,-0.01,34.450,-0.01,34.450,0.01,34.450,-0.01,34.450,0.69,34.450,0.01,34.450,-0.01,34.450,-0.01,34.450,0.01,34.450,0.00,34.450,-0.01,34.450,0.13,34.450,0.00,34.450,0.00,34.450,-0.01,34.450,0.02,34.450,0.03,34.450,0.02,34.450,0.03,34.450,0.27,34.450,0.85,34.450,0.00,34.450,0.00,34.450,0.13,34.450,-0.02,34.450,-0.01,34.450,0.02,34.450,0.02,34.450,0.01,34.450,0.00,34.450,0.02,34.450,0.01,34.450,0.01,34.450,0.00,34.450,0.00,34.450,-0.01,34.450,-0.01,34.450,0.00,34.450,0.13,34.450,-0.03,34.450,-0.01,34.450,-0.02,34.450,0.00,34.450,3.80,,,34.450,0.01,34.450,0.00,34.450,-0.03,34.450,-0.02,34.450,0.01,,,,,,
34.500,-0.01,34.500,0.06,34.500,0.02,34.500,-0.01,34.500,0.31,34.500,-0.01,34.500,-0.02,34.500,0.21,34.500,-0.01,34.500,0.02,34.500,-0.01,34.500,-0.01,34.500,-0.02,34.500,-0.02,34.500,0.00,34.500,0.00,34.500,2.19,34.500,0.01,34.500,-0.01,34.500,-0.02,34.500,0.03,34.500,-0.02,34.500,0.00,34.500,0.16,34.500,-0.01,34.500,0.00,34.500,0.00,34.500,0.01,34.500,0.02,34.500,0.01,34.500,0.03,34.500,0.72,34.500,1.35,34.500,-0.01,34.500,0.01,34.500,0.53,34.500,-0.02,34.500,-0.01,34.500,0.02,34.500,0.01,34.500,0.01,34.500,0.02,34.500,0.02,34.500,0.02,34.500,0.01,34.500,0.01,34.500,0.00,34.500,-0.01,34.500,0.00,34.500,0.01,34.500,0.12,34.500,-0.02,34.500,-0.01,34.500,-0.03,34.500,0.00,34.500,4.37,,,34.500,-0.01,34.500,0.00,34.500,-0.02,34.500,-0.03,34.500,0.03,,,,,,
34.550,-0.01,34.550,-0.01,34.550,0.00,34.550,-0.01,34.550,0.06,34.550,-0.02,34.550,-0.01,34.550,0.64,34.550,-0.01,34.550,0.04,34.550,-0.01,34.550,-0.01,34.550,-0.02,34.550,-0.01,34.550,0.00,34.550,0.00,34.550,0.17,34.550,0.01,34.550,-0.01,34.550,-0.02,34.550,0.02,34.550,0.00,34.550,-0.01,34.550,0.26,34.550,0.00,34.550,-0.01,34.550,-0.01,34.550,0.00,34.550,0.01,34.550,0.02,34.550,0.04,34.550,1.50,34.550,1.00,34.550,-0.01,34.550,0.00,34.550,1.99,34.550,-0.02,34.550,-0.01,34.550,0.02,34.550,0.01,34.550,0.01,34.550,0.01,34.550,0.02,34.550,0.01,34.550,0.01,34.550,0.01,34.550,0.00,34.550,-0.02,34.550,0.00,34.550,0.01,34.550,0.12,34.550,-0.02,34.550,0.00,34.550,-0.03,34.550,0.00,34.550,4.65,,,34.550,0.01,34.550,0.01,34.550,-0.02,34.550,-0.02,34.550,0.02,,,,,,
34.600,-0.02,34.600,0.01,34.600,0.01,34.600,-0.02,34.600,0.01,34.600,-0.01,34.600,-0.01,34.600,1.18,34.600,-0.01,34.600,0.03,34.600,0.00,34.600,0.00,34.600,-0.02,34.600,-0.02,34.600,0.00,34.600,-0.01,34.600,0.06,34.600,0.02,34.600,-0.02,34.600,-0.02,34.600,0.02,34.600,-0.01,34.600,-0.01,34.600,0.51,34.600,0.01,34.600,-0.01,34.600,-0.01,34.600,0.01,34.600,0.01,34.600,0.01,34.600,0.04,34.600,2.06,34.600,0.14,34.600,0.00,34.600,0.01,34.600,2.72,34.600,-0.02,34.600,0.00,34.600,0.02,34.600,0.02,34.600,0.04,34.600,0.02,34.600,0.05,34.600,0.00,34.600,0.01,34.600,0.01,34.600,0.00,34.600,-0.01,34.600,0.00,34.600,0.01,34.600,0.13,34.600,-0.01,34.600,0.00,34.600,-0.02,34.600,0.00,34.600,0.18,,,34.600,0.00,34.600,0.00,34.600,-0.02,34.600,-0.03,34.600,0.01,,,,,,
34.650,0.00,34.650,0.01,34.650,0.00,34.650,-0.01,34.650,-0.01,34.650,-0.01,34.650,-0.01,34.650,0.10,34.650,-0.01,34.650,0.04,34.650,-0.01,34.650,-0.01,34.650,-0.01,34.650,-0.03,34.650,0.00,34.650,0.00,34.650,-0.02,34.650,0.03,34.650,0.00,34.650,-0.02,34.650,-0.01,34.650,-0.01,34.650,-0.01,34.650,0.86,34.650,0.01,34.650,-0.01,34.650,0.00,34.650,0.00,34.650,0.01,34.650,0.01,34.650,0.04,34.650,2.30,34.650,0.07,34.650,-0.01,34.650,-0.01,34.650,2.91,34.650,-0.01,34.650,0.00,34.650,0.01,34.650,0.01,34.650,0.04,34.650,0.05,34.650,0.06,34.650,0.01,34.650,0.01,34.650,0.00,34.650,-0.01,34.650,-0.01,34.650,0.00,34.650,0.01,34.650,0.16,34.650,-0.02,34.650,-0.01,34.650,-0.03,34.650,0.01,34.650,0.07,,,34.650,-0.02,34.650,0.00,34.650,-0.02,34.650,-0.04,34.650,0.03,,,,,,
34.700,-0.01,34.700,0.02,34.700,0.00,34.700,-0.01,34.700,0.00,34.700,-0.01,34.700,-0.02,34.700,0.04,34.700,-0.01,34.700,0.03,34.700,0.00,34.700,0.00,34.700,0.01,34.700,-0.02,34.700,0.00,34.700,0.00,34.700,-0.01,34.700,0.02,34.700,0.00,34.700,-0.02,34.700,0.00,34.700,-0.02,34.700,-0.01,34.700,0.30,34.700,0.00,34.700,0.00,34.700,0.00,34.700,0.01,34.700,0.01,34.700,0.01,34.700,0.04,34.700,2.29,34.700,-0.01,34.700,-0.02,34.700,0.00,34.700,3.21,34.700,0.00,34.700,-0.01,34.700,0.02,34.700,0.02,34.700,0.05,34.700,0.06,34.700,0.06,34.700,0.01,34.700,0.00,34.700,0.01,34.700,0.00,34.700,-0.01,34.700,0.00,34.700,0.00,34.700,0.17,34.700,-0.02,34.700,0.00,34.700,-0.03,34.700,0.00,34.700,0.01,,,34.700,0.00,34.700,0.00,34.700,-0.03,34.700,-0.03,34.700,0.02,,,,,,
34.750,-0.01,34.750,0.02,34.750,0.01,34.750,-0.01,34.750,0.00,34.750,-0.01,34.750,-0.02,34.750,-0.02,34.750,-0.02,34.750,0.05,34.750,0.00,34.750,0.00,34.750,0.00,34.750,-0.03,34.750,0.00,34.750,-0.01,34.750,0.00,34.750,0.02,34.750,-0.01,34.750,-0.02,34.750,0.02,34.750,-0.01,34.750,0.00,34.750,0.06,34.750,0.01,34.750,-0.01,34.750,-0.01,34.750,0.01,34.750,0.00,34.750,0.02,34.750,0.05,34.750,2.31,34.750,-0.01,34.750,-0.01,34.750,0.00,34.750,3.43,34.750,-0.01,34.750,-0.01,34.750,0.03,34.750,0.01,34.750,0.05,34.750,0.11,34.750,0.07,34.750,0.03,34.750,0.01,34.750,0.01,34.750,0.00,34.750,-0.01,34.750,0.01,34.750,0.01,34.750,0.22,34.750,-0.03,34.750,0.00,34.750,-0.03,34.750,0.00,34.750,0.00,,,34.750,0.01,34.750,0.01,34.750,-0.02,34.750,-0.03,34.750,0.03,,,,,,
34.800,-0.02,34.800,0.01,34.800,-0.01,34.800,-0.01,34.800,-0.01,34.800,0.00,34.800,-0.02,34.800,0.00,34.800,-0.01,34.800,0.06,34.800,0.00,34.800,0.00,34.800,0.01,34.800,-0.02,34.800,0.01,34.800,0.00,34.800,0.01,34.800,0.02,34.800,0.00,34.800,-0.02,34.800,0.01,34.800,-0.01,34.800,-0.01,34.800,0.03,34.800,0.00,34.800,-0.01,34.800,-0.01,34.800,0.01,34.800,0.00,34.800,0.02,34.800,0.05,34.800,2.57,34.800,0.01,34.800,-0.01,34.800,0.00,34.800,0.25,34.800,0.00,34.800,-0.01,34.800,0.02,34.800,0.02,34.800,0.04,34.800,0.30,34.800,0.06,34.800,0.02,34.800,0.02,34.800,0.00,34.800,-0.01,34.800,-0.01,34.800,0.00,34.800,0.01,34.800,0.25,34.800,-0.02,34.800,0.00,34.800,-0.02,34.800,0.01,34.800,-0.01,,,34.800,0.00,34.800,0.01,34.800,-0.02,34.800,-0.02,34.800,0.04,,,,,,
34.850,-0.01,34.850,0.02,34.850,-0.01,34.850,-0.01,34.850,0.00,34.850,-0.01,34.850,-0.02,34.850,0.01,34.850,-0.01,34.850,0.07,34.850,0.00,34.850,-0.01,34.850,0.01,34.850,-0.02,34.850,0.01,34.850,-0.02,34.850,0.02,34.850,0.02,34.850,-0.01,34.850,-0.02,34.850,0.01,34.850,-0.01,34.850,-0.01,34.850,0.00,34.850,0.00,34.850,-0.01,34.850,-0.01,34.850,0.01,34.850,0.00,34.850,0.01,34.850,0.05,34.850,2.42,34.850,0.01,34.850,0.00,34.850,0.00,34.850,0.05,34.850,0.00,34.850,0.00,34.850,0.04,34.850,0.02,34.850,0.06,34.850,1.23,34.850,0.06,34.850,0.01,34.850,0.02,34.850,0.01,34.850,0.00,34.850,-0.01,34.850,0.01,34.850,0.00,34.850,0.39,34.850,-0.01,34.850,0.00,34.850,-0.03,34.850,0.02,34.850,0.00,,,34.850,0.00,34.850,0.01,34.850,-0.02,34.850,-0.03,34.850,0.06,,,,,,
34.900,-0.02,34.900,0.02,34.900,0.00,34.900,-0.01,34.900,-0.01,34.900,0.00,34.900,-0.02,34.900,-0.01,34.900,0.00,34.900,0.08,34.900,0.00,34.900,-0.01,34.900,0.02,34.900,-0.02,34.900,0.00,34.900,0.00,34.900,0.02,34.900,0.02,34.900,0.00,34.900,-0.01,34.900,0.00,34.900,-0.01,34.900,-0.01,34.900,-0.01,34.900,-0.01,34.900,0.04,34.900,-0.01,34.900,0.01,34.900,0.01,34.900,0.01,34.900,0.06,34.900,0.09,34.900,0.02,34.900,0.01,34.900,0.02,34.900,-0.02,34.900,0.00,34.900,-0.01,34.900,0.04,34.900,0.03,34.900,0.06,34.900,1.89,34.900,0.08,34.900,0.02,34.900,0.01,34.900,0.00,34.900,-0.01,34.900,-0.02,34.900,0.01,34.900,0.00,34.900,0.60,34.900,0.00,34.900,0.01,34.900,-0.02,34.900,0.01,34.900,0.01,,,34.900,-0.01,34.900,0.01,34.900,-0.02,34.900,-0.03,34.900,0.10,,,,,,
34.950,-0.02,34.950,0.01,34.950,-0.01,34.950,-0.02,34.950,0.00,34.950,-0.01,34.950,-0.03,34.950,-0.01,34.950,-0.01,34.950,0.10,34.950,0.00,34.950,-0.02,34.950,0.01,34.950,-0.01,34.950,0.01,34.950,0.00,34.950,0.02,34.950,0.02,34.950,0.00,34.950,-0.02,34.950,0.01,34.950,-0.02,34.950,-0.01,34.950,0.00,34.950,-0.01,34.950,0.02,34.950,0.00,34.950,0.01,34.950,0.00,34.950,0.02,34.950,0.06,34.950,0.05,34.950,0.01,34.950,0.01,34.950,0.01,34.950,-0.01,34.950,0.01,34.950,0.00,34.950,0.06,34.950,0.02,34.950,0.09,34.950,2.02,34.950,0.07,34.950,0.03,34.950,0.01,34.950,0.01,34.950,0.00,34.950,-0.02,34.950,0.01,34.950,0.00,34.950,0.43,34.950,0.01,34.950,0.02,34.950,-0.03,34.950,0.01,34.950,0.01,,,34.950,-0.01,34.950,0.00,34.950,-0.02,34.950,-0.03,34.950,3.35,,,,,,
35.000,-0.01,35.000,0.02,35.000,0.01,35.000,-0.02,35.000,0.01,35.000,-0.01,35.000,-0.02,35.000,0.00,35.000,-0.01,35.000,0.10,35.000,0.01,35.000,-0.02,35.000,0.02,35.000,0.00,35.000,0.01,35.000,0.01,35.000,0.02,35.000,0.01,35.000,0.00,35.000,-0.01,35.000,0.01,35.000,-0.01,35.000,0.00,35.000,-0.01,35.000,0.00,35.000,-0.01,35.000,-0.01,35.000,0.00,35.000,0.00,35.000,0.01,35.000,0.08,35.000,0.00,35.000,0.02,35.000,0.00,35.000,0.02,35.000,0.01,35.000,0.00,35.000,-0.01,35.000,0.08,35.000,0.03,35.000,0.16,35.000,2.28,35.000,0.08,35.000,0.04,35.000,0.01,35.000,0.01,35.000,-0.01,35.000,-0.02,35.000,0.00,35.000,0.00,35.000,0.12,35.000,0.01,35.000,0.02,35.000,-0.03,35.000,0.01,35.000,0.01,,,35.000,0.00,35.000,0.00,35.000,-0.02,35.000,-0.04,35.000,0.23,,,,,,
35.050,0.00,35.050,0.02,35.050,0.01,35.050,-0.02,35.050,0.01,35.050,0.00,35.050,-0.02,35.050,-0.01,35.050,0.00,35.050,0.11,35.050,0.01,35.050,-0.02,35.050,0.02,35.050,-0.01,35.050,0.02,35.050,0.02,35.050,0.01,35.050,0.01,35.050,-0.01,35.050,-0.02,35.050,0.01,35.050,-0.01,35.050,-0.01,35.050,0.00,35.050,-0.01,35.050,-0.01,35.050,0.00,35.050,0.00,35.050,0.00,35.050,0.01,35.050,0.12,35.050,0.01,35.050,0.01,35.050,0.02,35.050,0.02,35.050,0.00,35.050,0.00,35.050,0.00,35.050,0.07,35.050,0.04,35.050,0.35,35.050,1.62,35.050,0.10,35.050,0.03,35.050,0.02,35.050,0.01,35.050,-0.01,35.050,-0.02,35.050,-0.01,35.050,0.01,35.050,0.06,35.050,0.02,35.050,0.01,35.050,-0.02,35.050,0.03,35.050,0.01,,,35.050,-0.02,35.050,0.01,35.050,-0.02,35.050,-0.03,35.050,0.05,,,,,,
35.100,-0.01,35.100,0.01,35.100,0.00,35.100,-0.01,35.100,0.01,35.100,-0.01,35.100,-0.02,35.100,0.00,35.100,-0.01,35.100,0.18,35.100,0.01,35.100,-0.02,35.100,0.02,35.100,-0.01,35.100,0.03,35.100,-0.01,35.100,0.00,35.100,0.01,35.100,-0.01,35.100,-0.01,35.100,0.00,35.100,-0.01,35.100,-0.01,35.100,-0.01,35.100,0.00,35.100,0.00,35.100,-0.01,35.100,0.00,35.100,0.00,35.100,0.01,35.100,0.32,35.100,0.00,35.100,0.01,35.100,0.01,35.100,0.02,35.100,0.01,35.100,0.01,35.100,-0.01,35.100,0.11,35.100,0.03,35.100,0.92,35.100,0.10,35.100,0.12,35.100,0.04,35.100,0.01,35.100,0.01,35.100,0.04,35.100,0.00,35.100,-0.01,35.100,0.01,35.100,0.00,35.100,0.02,35.100,0.00,35.100,-0.02,35.100,0.07,35.100,0.00,,,35.100,0.00,35.100,0.00,35.100,-0.02,35.100,-0.02,35.100,0.00,,,,,,
35.150,-0.01,35.150,0.01,35.150,0.01,35.150,-0.02,35.150,0.01,35.150,-0.01,35.150,-0.02,35.150,0.00,35.150,-0.02,35.150,0.38,35.150,0.03,35.150,-0.02,35.150,0.02,35.150,-0.01,35.150,0.02,35.150,-0.02,35.150,0.00,35.150,0.01,35.150,0.00,35.150,-0.01,35.150,0.01,35.150,-0.02,35.150,0.00,35.150,0.00,35.150,0.01,35.150,0.00,35.150,-0.01,35.150,0.01,35.150,0.02,35.150,0.01,35.150,1.26,35.150,0.00,35.150,0.02,35.150,0.02,35.150,0.01,35.150,0.00,35.150,0.01,35.150,0.00,35.150,0.16,35.150,0.05,35.150,1.38,35.150,0.04,35.150,0.19,35.150,0.05,35.150,0.01,35.150,0.00,35.150,0.01,35.150,-0.02,35.150,-0.01,35.150,0.00,35.150,0.02,35.150,0.01,35.150,0.00,35.150,-0.02,35.150,0.01,35.150,0.02,,,35.150,0.00,35.150,0.00,35.150,-0.02,35.150,-0.02,35.150,-0.01,,,,,,
35.200,-0.01,35.200,0.01,35.200,0.00,35.200,-0.02,35.200,0.01,35.200,0.00,35.200,-0.02,35.200,0.00,35.200,-0.02,35.200,0.28,35.200,0.03,35.200,-0.01,35.200,0.06,35.200,0.00,35.200,0.01,35.200,-0.01,35.200,0.01,35.200,0.02,35.200,0.00,35.200,0.00,35.200,0.02,35.200,-0.01,35.200,-0.01,35.200,0.00,35.200,0.01,35.200,0.01,35.200,0.00,35.200,0.01,35.200,0.01,35.200,0.01,35.200,2.44,35.200,0.00,35.200,0.01,35.200,0.01,35.200,0.02,35.200,0.00,35.200,0.01,35.200,0.00,35.200,0.39,35.200,0.05,35.200,1.83,35.200,-0.02,35.200,0.37,35.200,0.05,35.200,0.01,35.200,0.02,35.200,-0.02,35.200,-0.02,35.200,0.00,35.200,0.02,35.200,0.02,35.200,0.02,35.200,0.01,35.200,-0.03,35.200,0.01,35.200,0.02,,,35.200,0.00,35.200,0.01,35.200,-0.02,35.200,-0.03,35.200,-0.02,,,,,,
35.250,0.00,35.250,0.01,35.250,-0.01,35.250,-0.01,35.250,-0.01,35.250,0.00,35.250,-0.02,35.250,-0.02,35.250,-0.01,35.250,0.08,35.250,0.05,35.250,-0.01,35.250,0.08,35.250,-0.01,35.250,0.03,35.250,-0.01,35.250,0.01,35.250,0.01,35.250,0.01,35.250,-0.01,35.250,0.02,35.250,-0.01,35.250,-0.02,35.250,0.00,35.250,0.01,35.250,0.00,35.250,0.01,35.250,0.01,35.250,0.01,35.250,0.01,35.250,3.33,35.250,0.00,35.250,0.00,35.250,0.03,35.250,0.03,35.250,-0.01,35.250,0.01,35.250,0.00,35.250,0.82,35.250,0.05,35.250,2.42,35.250,0.00,35.250,0.88,35.250,0.05,35.250,0.00,35.250,0.01,35.250,0.00,35.250,-0.02,35.250,0.01,35.250,0.01,35.250,0.02,35.250,0.01,35.250,0.01,35.250,-0.03,35.250,0.02,35.250,0.02,,,35.250,0.01,35.250,0.01,35.250,-0.02,35.250,-0.02,35.250,-0.01,,,,,,
35.300,5.55E-17,35.300,0.02,35.300,-0.02,35.300,-0.01,35.300,0.00,35.300,0.02,35.300,-0.02,35.300,-0.01,35.300,-0.02,35.300,0.01,35.300,0.06,35.300,-0.02,35.300,0.21,35.300,-0.01,35.300,0.04,35.300,0.00,35.300,0.02,35.300,0.02,35.300,-0.01,35.300,-0.01,35.300,0.03,35.300,-0.01,35.300,-0.02,35.300,0.00,35.300,0.00,35.300,0.00,35.300,-0.01,35.300,0.01,35.300,0.02,35.300,0.00,35.300,0.21,35.300,0.00,35.300,0.00,35.300,0.04,35.300,0.05,35.300,-0.01,35.300,0.03,35.300,0.02,35.300,0.26,35.300,0.05,35.300,3.00,35.300,0.00,35.300,1.29,35.300,0.05,35.300,0.00,35.300,0.01,35.300,-0.01,35.300,-0.01,35.300,-0.01,35.300,0.01,35.300,0.02,35.300,0.03,35.300,0.01,35.300,-0.03,35.300,0.01,35.300,0.01,,,35.300,0.02,35.300,0.00,35.300,-0.01,35.300,-0.03,35.300,-0.01,,,,,,
35.350,-0.01,35.350,0.01,35.350,0.00,35.350,-0.01,35.350,0.00,35.350,-0.01,35.350,-0.02,35.350,-0.01,35.350,-0.01,35.350,0.01,35.350,0.12,35.350,-0.02,35.350,0.99,35.350,0.00,35.350,0.03,35.350,0.00,35.350,0.01,35.350,0.01,35.350,0.00,35.350,-0.01,35.350,0.02,35.350,-0.01,35.350,-0.01,35.350,-0.01,35.350,0.01,35.350,0.01,35.350,0.00,35.350,0.01,35.350,0.02,35.350,0.01,35.350,0.07,35.350,0.00,35.350,0.00,35.350,0.05,35.350,0.07,35.350,0.00,35.350,0.04,35.350,0.01,35.350,0.05,35.350,0.05,35.350,0.12,35.350,-0.01,35.350,0.22,35.350,0.05,35.350,0.01,35.350,0.02,35.350,-0.01,35.350,-0.01,35.350,-0.01,35.350,0.01,35.350,0.02,35.350,0.04,35.350,0.01,35.350,-0.02,35.350,0.03,35.350,0.01,,,35.350,0.01,35.350,0.00,35.350,-0.02,35.350,-0.02,35.350,0.00,,,,,,
35.400,-0.01,35.400,0.00,35.400,0.01,35.400,-0.01,35.400,0.00,35.400,0.00,35.400,-0.02,35.400,-0.01,35.400,-0.01,35.400,0.01,35.400,0.50,35.400,-0.02,35.400,0.13,35.400,-0.01,35.400,0.04,35.400,-0.01,35.400,0.01,35.400,0.01,35.400,0.00,35.400,-0.01,35.400,0.02,35.400,-0.01,35.400,-0.01,35.400,-0.01,35.400,0.01,35.400,0.00,35.400,0.00,35.400,0.01,35.400,0.01,35.400,0.01,35.400,0.00,35.400,0.01,35.400,0.01,35.400,0.06,35.400,0.13,35.400,0.00,35.400,0.05,35.400,0.01,35.400,-0.01,35.400,0.06,35.400,0.07,35.400,-0.01,35.400,0.08,35.400,0.06,35.400,0.00,35.400,0.01,35.400,0.00,35.400,0.00,35.400,0.00,35.400,0.00,35.400,0.02,35.400,0.06,35.400,0.02,35.400,-0.03,35.400,0.03,35.400,0.01,,,35.400,0.01,35.400,0.02,35.400,-0.03,35.400,-0.04,35.400,0.00,,,,,,
35.450,0.00,35.450,0.01,35.450,0.00,35.450,-0.02,35.450,0.01,35.450,0.00,35.450,-0.02,35.450,0.00,35.450,-0.01,35.450,0.01,35.450,1.14,35.450,-0.02,35.450,0.04,35.450,-0.01,35.450,0.05,35.450,0.01,35.450,0.00,35.450,0.01,35.450,0.00,35.450,-0.01,35.450,0.04,35.450,0.00,35.450,-0.01,35.450,-0.01,35.450,0.01,35.450,0.01,35.450,0.00,35.450,0.01,35.450,0.01,35.450,0.00,35.450,0.00,35.450,0.00,35.450,0.00,35.450,0.07,35.450,0.42,35.450,0.01,35.450,0.06,35.450,0.01,35.450,-0.01,35.450,0.08,35.450,-0.02,35.450,-0.01,35.450,0.02,35.450,0.06,35.450,-0.01,35.450,0.00,35.450,0.01,35.450,-0.01,35.450,0.01,35.450,0.00,35.450,0.02,35.450,0.09,35.450,0.02,35.450,-0.02,35.450,0.04,35.450,0.01,,,35.450,0.01,35.450,0.02,35.450,-0.02,35.450,-0.02,35.450,0.00,,,,,,
35.500,-0.01,35.500,0.01,35.500,0.01,35.500,-0.03,35.500,0.00,35.500,0.01,35.500,-0.02,35.500,0.01,35.500,-0.01,35.500,0.02,35.500,1.00,35.500,-0.02,35.500,-0.03,35.500,-0.01,35.500,0.07,35.500,0.00,35.500,0.01,35.500,0.00,35.500,0.01,35.500,-0.01,35.500,0.04,35.500,0.00,35.500,-0.01,35.500,-0.02,35.500,0.01,35.500,0.01,35.500,0.01,35.500,0.01,35.500,0.02,35.500,0.01,35.500,0.01,35.500,0.00,35.500,-0.01,35.500,0.08,35.500,0.16,35.500,0.01,35.500,0.08,35.500,0.01,35.500,0.00,35.500,0.10,35.500,-0.01,35.500,0.00,35.500,0.01,35.500,0.08,35.500,0.00,35.500,0.00,35.500,0.00,35.500,-0.01,35.500,0.00,35.500,0.01,35.500,0.01,35.500,0.21,35.500,0.03,35.500,-0.02,35.500,0.03,35.500,0.01,,,35.500,0.01,35.500,0.01,35.500,-0.02,35.500,-0.02,35.500,0.01,,,,,,
35.550,-0.02,35.550,0.00,35.550,0.00,35.550,-0.02,35.550,0.01,35.550,0.01,35.550,-0.02,35.550,0.00,35.550,-0.01,35.550,0.02,35.550,0.88,35.550,-0.01,35.550,-0.02,35.550,-0.02,35.550,0.08,35.550,0.01,35.550,0.00,35.550,0.00,35.550,0.01,35.550,-0.02,35.550,0.04,35.550,-0.01,35.550,0.00,35.550,-0.01,35.550,0.01,35.550,0.02,35.550,-0.01,35.550,0.01,35.550,0.01,35.550,0.01,35.550,-0.01,35.550,0.01,35.550,0.00,35.550,0.11,35.550,0.05,35.550,0.01,35.550,0.12,35.550,0.01,35.550,0.00,35.550,0.12,35.550,-0.01,35.550,-0.01,35.550,0.03,35.550,0.09,35.550,0.01,35.550,0.00,35.550,0.01,35.550,-0.01,35.550,-0.01,35.550,0.01,35.550,0.02,35.550,0.85,35.550,0.04,35.550,-0.01,35.550,0.02,35.550,0.01,,,35.550,0.00,35.550,0.01,35.550,-0.02,35.550,-0.03,35.550,0.00,,,,,,
35.600,-0.01,35.600,0.01,35.600,-0.01,35.600,-0.02,35.600,0.00,35.600,0.02,35.600,-0.02,35.600,0.00,35.600,-0.01,35.600,0.01,35.600,0.88,35.600,-0.01,35.600,-0.02,35.600,-0.02,35.600,0.12,35.600,-0.01,35.600,0.00,35.600,0.00,35.600,0.01,35.600,-0.01,35.600,0.04,35.600,0.00,35.600,0.00,35.600,-0.01,35.600,0.01,35.600,0.01,35.600,-0.01,35.600,0.01,35.600,0.01,35.600,0.01,35.600,0.00,35.600,0.01,35.600,0.00,35.600,0.19,35.600,-0.02,35.600,0.00,35.600,0.34,35.600,0.01,35.600,0.01,35.600,0.23,35.600,-0.01,35.600,-0.01,35.600,0.02,35.600,0.10,35.600,0.02,35.600,0.00,35.600,0.01,35.600,-0.02,35.600,-0.01,35.600,0.00,35.600,0.02,35.600,1.20,35.600,0.04,35.600,-0.01,35.600,0.03,35.600,0.03,,,35.600,0.00,35.600,0.01,35.600,-0.02,35.600,-0.03,35.600,-0.01,,,,,,
35.650,0.00,35.650,0.00,35.650,0.00,35.650,-0.02,35.650,0.00,35.650,0.03,35.650,-0.01,35.650,0.00,35.650,-0.01,35.650,0.01,35.650,0.95,35.650,-0.02,35.650,-0.01,35.650,-0.01,35.650,0.19,35.650,-0.01,35.650,-0.01,35.650,0.00,35.650,0.00,35.650,0.00,35.650,0.05,35.650,0.00,35.650,0.00,35.650,-0.01,35.650,0.01,35.650,0.01,35.650,-0.01,35.650,0.01,35.650,0.01,35.650,0.01,35.650,0.00,35.650,0.01,35.650,0.02,35.650,0.33,35.650,0.00,35.650,0.00,35.650,1.06,35.650,0.01,35.650,0.00,35.650,0.43,35.650,0.00,35.650,0.00,35.650,0.02,35.650,0.15,35.650,0.00,35.650,-0.01,35.650,0.01,35.650,0.00,35.650,0.01,35.650,0.01,35.650,0.03,35.650,1.33,35.650,0.06,35.650,0.02,35.650,0.04,35.650,0.04,,,35.650,-0.01,35.650,0.00,35.650,-0.02,35.650,-0.02,35.650,-0.01,,,,,,
35.700,-0.01,35.700,0.00,35.700,-0.01,35.700,-0.02,35.700,0.01,35.700,0.03,35.700,-0.01,35.700,0.00,35.700,0.00,35.700,0.01,35.700,1.14,35.700,-0.01,35.700,-0.02,35.700,-0.01,35.700,0.44,35.700,0.00,35.700,0.00,35.700,-0.01,35.700,0.01,35.700,-0.01,35.700,0.05,35.700,-0.01,35.700,0.00,35.700,-0.01,35.700,0.01,35.700,0.01,35.700,0.00,35.700,0.02,35.700,0.00,35.700,0.01,35.700,-0.01,35.700,0.02,35.700,0.01,35.700,0.62,35.700,0.01,35.700,0.00,35.700,1.67,35.700,0.00,35.700,0.01,35.700,0.45,35.700,-0.01,35.700,-0.01,35.700,0.02,35.700,0.20,35.700,0.01,35.700,0.00,35.700,0.00,35.700,0.01,35.700,0.01,35.700,0.01,35.700,0.01,35.700,1.18,35.700,0.08,35.700,0.01,35.700,0.04,35.700,0.03,,,35.700,0.00,35.700,0.02,35.700,-0.02,35.700,-0.02,35.700,0.00,,,,,,
35.750,-0.01,35.750,2.78E-17,35.750,-0.01,35.750,-0.02,35.750,0.00,35.750,0.03,35.750,-0.02,35.750,0.00,35.750,0.00,35.750,0.02,35.750,1.79,35.750,0.01,35.750,-0.01,35.750,-0.01,35.750,0.08,35.750,-0.01,35.750,0.00,35.750,0.00,35.750,0.00,35.750,-0.01,35.750,0.06,35.750,-0.01,35.750,0.01,35.750,-0.01,35.750,0.00,35.750,0.01,35.750,0.00,35.750,0.02,35.750,0.00,35.750,0.00,35.750,0.00,35.750,0.01,35.750,0.00,35.750,0.70,35.750,0.00,35.750,0.01,35.750,2.08,35.750,0.01,35.750,0.00,35.750,0.16,35.750,-0.01,35.750,0.01,35.750,0.03,35.750,0.26,35.750,0.01,35.750,-0.01,35.750,-0.01,35.750,0.02,35.750,0.00,35.750,0.01,35.750,0.01,35.750,1.18,35.750,0.11,35.750,-0.02,35.750,0.05,35.750,0.01,,,35.750,-0.01,35.750,0.02,35.750,-0.02,35.750,-0.02,35.750,0.00,,,,,,
35.800,-0.01,35.800,0.00,35.800,-0.01,35.800,-0.02,35.800,0.01,35.800,0.04,35.800,-0.02,35.800,-0.01,35.800,0.00,35.800,0.02,35.800,2.52,35.800,0.00,35.800,-0.01,35.800,-0.01,35.800,0.03,35.800,0.00,35.800,0.00,35.800,-0.01,35.800,0.01,35.800,0.00,35.800,0.08,35.800,0.00,35.800,0.00,35.800,-0.01,35.800,0.00,35.800,0.02,35.800,0.03,35.800,0.01,35.800,-0.01,35.800,0.02,35.800,-0.01,35.800,0.01,35.800,0.00,35.800,0.36,35.800,0.01,35.800,0.02,35.800,2.15,35.800,0.00,35.800,0.00,35.800,0.06,35.800,0.00,35.800,-0.01,35.800,0.02,35.800,0.35,35.800,0.01,35.800,0.00,35.800,-0.01,35.800,0.02,35.800,-0.01,35.800,0.03,35.800,0.01,35.800,1.22,35.800,0.14,35.800,-0.04,35.800,0.07,35.800,0.01,,,35.800,-0.01,35.800,0.02,35.800,-0.02,35.800,-0.04,35.800,0.01,,,,,,
35.850,-0.02,35.850,0.00,35.850,-0.01,35.850,-0.02,35.850,0.00,35.850,0.03,35.850,-0.02,35.850,-0.01,35.850,-0.01,35.850,0.02,35.850,2.94,35.850,-0.01,35.850,0.00,35.850,-0.01,35.850,-0.01,35.850,0.01,35.850,0.00,35.850,-0.01,35.850,-0.01,35.850,0.00,35.850,0.10,35.850,-0.01,35.850,0.00,35.850,-0.01,35.850,0.01,35.850,0.01,35.850,0.01,35.850,0.01,35.850,0.00,35.850,0.01,35.850,-0.01,35.850,0.00,35.850,-0.01,35.850,0.08,35.850,0.00,35.850,0.01,35.850,2.44,35.850,-0.02,35.850,0.01,35.850,0.01,35.850,-0.01,35.850,-0.01,35.850,0.02,35.850,0.55,35.850,0.01,35.850,0.00,35.850,0.00,35.850,0.03,35.850,0.00,35.850,0.03,35.850,0.02,35.850,1.38,35.850,0.34,35.850,-0.01,35.850,0.08,35.850,0.01,,,35.850,-0.01,35.850,0.03,35.850,-0.02,35.850,-0.04,35.850,0.00,,,,,,
35.900,-0.01,35.900,0.00,35.900,-0.01,35.900,-0.02,35.900,0.01,35.900,0.05,35.900,-0.02,35.900,0.00,35.900,-0.01,35.900,0.02,35.900,0.13,35.900,0.00,35.900,0.00,35.900,-0.01,35.900,0.00,35.900,0.01,35.900,0.01,35.900,0.00,35.900,0.00,35.900,-0.01,35.900,0.17,35.900,0.00,35.900,-0.01,35.900,-0.01,35.900,0.01,35.900,0.00,35.900,-0.03,35.900,0.00,35.900,0.00,35.900,0.01,35.900,0.00,35.900,0.00,35.900,0.00,35.900,0.04,35.900,0.00,35.900,0.01,35.900,0.17,35.900,0.04,35.900,0.00,35.900,0.01,35.900,0.00,35.900,0.00,35.900,0.02,35.900,0.86,35.900,-0.01,35.900,0.00,35.900,0.01,35.900,0.05,35.900,0.00,35.900,0.03,35.900,0.02,35.900,1.68,35.900,1.11,35.900,-0.01,35.900,0.10,35.900,0.01,,,,,35.900,0.02,35.900,-0.02,35.900,-0.04,35.900,0.00,,,,,,
35.950,-0.01,35.950,2.78E-17,35.950,-0.01,35.950,-0.01,35.950,0.01,35.950,0.04,35.950,-0.02,35.950,-0.01,35.950,-0.01,35.950,0.02,35.950,0.05,35.950,-0.01,35.950,-0.01,35.950,-0.01,35.950,-0.01,35.950,0.02,35.950,0.00,35.950,0.00,35.950,0.00,35.950,0.00,35.950,0.64,35.950,-0.01,35.950,-0.01,35.950,0.00,35.950,0.01,35.950,0.00,35.950,-0.01,35.950,0.01,35.950,0.01,35.950,0.02,35.950,0.00,35.950,0.00,35.950,0.00,35.950,-0.02,35.950,0.01,35.950,0.01,35.950,0.05,35.950,0.02,35.950,0.00,35.950,0.00,35.950,-0.01,35.950,0.00,35.950,0.02,35.950,0.50,35.950,0.01,35.950,0.00,35.950,0.01,35.950,0.08,35.950,0.01,35.950,0.03,35.950,0.01,35.950,1.84,35.950,1.50,35.950,-0.01,35.950,0.29,35.950,0.02,,,,,35.950,0.02,35.950,0.02,35.950,-0.03,35.950,0.00,,,,,,
36.000,-0.01,36.000,0.00,36.000,-0.01,36.000,-0.01,36.000,0.00,36.000,0.05,36.000,-0.02,36.000,-0.01,36.000,-0.02,36.000,0.03,36.000,-0.02,36.000,-0.01,36.000,-0.01,36.000,-0.01,36.000,-0.01,36.000,0.03,36.000,0.00,36.000,0.00,36.000,0.01,36.000,0.00,36.000,2.00,36.000,0.00,36.000,-0.01,36.000,-0.01,36.000,0.01,36.000,0.01,36.000,0.00,36.000,0.01,36.000,0.00,36.000,0.01,36.000,0.00,36.000,0.01,36.000,0.00,36.000,-0.01,36.000,0.00,36.000,0.01,36.000,-0.01,36.000,-0.01,36.000,-0.01,36.000,0.01,36.000,-0.01,36.000,0.00,36.000,0.03,36.000,0.13,36.000,0.01,36.000,0.01,36.000,0.02,36.000,0.11,36.000,0.00,36.000,0.03,36.000,0.02,36.000,1.99,36.000,0.73,36.000,-0.02,36.000,1.65,36.000,0.03,,,,,36.000,0.01,36.000,0.01,36.000,-0.03,36.000,-0.01,,,,,,
36.050,-0.01,36.050,0.01,36.050,0.00,36.050,-0.01,36.050,-0.01,36.050,0.05,36.050,-0.01,36.050,0.00,36.050,-0.01,36.050,0.02,36.050,-0.02,36.050,-0.01,36.050,-0.01,36.050,0.00,36.050,-0.01,36.050,0.03,36.050,0.00,36.050,-0.01,36.050,0.00,36.050,-0.01,36.050,2.94,36.050,0.00,36.050,-0.02,36.050,0.00,36.050,0.01,36.050,0.02,36.050,0.00,36.050,0.00,36.050,0.00,36.050,0.01,36.050,0.00,36.050,0.00,36.050,0.00,36.050,-0.01,36.050,0.01,36.050,0.01,36.050,-0.01,36.050,0.01,36.050,-0.01,36.050,0.01,36.050,0.00,36.050,0.00,36.050,0.03,36.050,0.05,36.050,0.01,36.050,0.02,36.050,0.02,36.050,0.27,36.050,0.00,36.050,0.03,36.050,0.02,36.050,2.31,36.050,0.07,36.050,0.00,36.050,2.12,36.050,0.03,,,,,36.050,0.02,36.050,-0.02,36.050,-0.04,36.050,0.00,,,,,,
36.100,-0.01,36.100,0.01,36.100,0.00,36.100,-0.01,36.100,0.00,36.100,0.06,36.100,-0.02,36.100,0.00,36.100,0.00,36.100,0.02,36.100,-0.02,36.100,-0.02,36.100,-0.02,36.100,0.00,36.100,0.00,36.100,0.04,36.100,-0.01,36.100,-0.02,36.100,0.00,36.100,0.02,36.100,2.78,36.100,-0.01,36.100,0.03,36.100,-0.01,36.100,0.02,36.100,0.02,36.100,0.00,36.100,0.00,36.100,0.00,36.100,0.00,36.100,0.01,36.100,0.01,36.100,0.00,36.100,0.00,36.100,0.00,36.100,0.01,36.100,-0.01,36.100,0.01,36.100,0.00,36.100,0.02,36.100,0.00,36.100,0.01,36.100,0.03,36.100,0.01,36.100,0.00,36.100,0.00,36.100,0.02,36.100,0.68,36.100,0.00,36.100,0.04,36.100,0.01,36.100,0.35,36.100,0.03,36.100,0.00,36.100,1.90,36.100,0.05,,,,,36.100,0.01,36.100,-0.02,36.100,-0.03,36.100,0.00,,,,,,
36.150,-0.01,36.150,0.01,36.150,-0.01,36.150,-0.02,36.150,0.00,36.150,0.06,36.150,-0.01,36.150,-0.01,36.150,-0.01,36.150,0.01,36.150,-0.03,36.150,0.00,36.150,-0.02,36.150,-0.01,36.150,0.00,36.150,0.04,36.150,0.00,36.150,-0.02,36.150,0.00,36.150,0.01,36.150,0.09,36.150,-0.01,36.150,0.01,36.150,0.01,36.150,0.01,36.150,0.01,36.150,0.00,36.150,0.02,36.150,0.01,36.150,0.01,36.150,0.00,36.150,0.02,36.150,0.00,36.150,0.00,36.150,0.00,36.150,0.01,36.150,0.00,36.150,0.00,36.150,-0.01,36.150,0.01,36.150,-0.01,36.150,0.00,36.150,0.02,36.150,0.01,36.150,0.01,36.150,-0.02,36.150,0.02,36.150,1.03,36.150,0.00,36.150,0.05,36.150,0.01,36.150,0.04,36.150,0.00,36.150,0.01,36.150,2.41,36.150,0.07,,,,,36.150,0.01,36.150,-0.01,36.150,-0.02,36.150,0.01,,,,,,
36.200,-0.01,,,36.200,0.00,36.200,-0.02,36.200,-0.01,36.200,0.07,36.200,-0.01,36.200,0.00,36.200,-0.01,36.200,0.02,36.200,-0.02,36.200,-0.01,36.200,-0.02,36.200,-0.01,36.200,0.01,36.200,0.04,36.200,-0.01,36.200,0.00,36.200,-0.01,36.200,0.01,36.200,0.05,36.200,-0.01,36.200,0.00,36.200,0.00,36.200,0.01,36.200,0.01,36.200,0.01,36.200,0.01,36.200,0.01,36.200,0.01,36.200,-0.01,36.200,0.02,36.200,0.00,36.200,-0.01,36.200,0.01,36.200,0.01,36.200,-0.01,36.200,0.01,36.200,-0.01,36.200,0.01,36.200,-0.01,36.200,0.00,36.200,0.02,36.200,0.01,36.200,0.01,36.200,-0.01,36.200,0.04,36.200,1.13,36.200,0.01,36.200,0.05,36.200,0.01,36.200,-0.03,36.200,-0.01,36.200,0.03,36.200,3.05,36.200,0.26,,,,,36.200,0.01,36.200,-0.01,36.200,-0.03,36.200,0.01,,,,,,
36.250,-0.01,,,36.250,0.01,36.250,-0.02,36.250,0.00,36.250,0.08,36.250,0.00,36.250,-0.01,36.250,-0.02,36.250,0.02,36.250,-0.02,36.250,-0.01,36.250,-0.02,36.250,0.00,36.250,0.01,36.250,0.04,36.250,0.00,36.250,-0.01,36.250,0.00,36.250,0.01,36.250,-0.01,36.250,-0.02,36.250,0.00,36.250,0.00,36.250,0.00,36.250,0.01,36.250,0.00,36.250,0.00,36.250,0.01,36.250,0.00,36.250,0.00,36.250,0.01,36.250,0.00,36.250,0.00,36.250,0.00,36.250,0.02,36.250,-0.02,36.250,0.00,36.250,0.00,36.250,0.02,36.250,-0.01,36.250,0.00,36.250,0.02,36.250,0.01,36.250,0.01,36.250,0.00,36.250,0.05,36.250,1.11,36.250,0.01,36.250,0.07,36.250,0.01,36.250,-0.03,36.250,0.00,36.250,0.06,36.250,3.38,36.250,2.39,,,,,36.250,0.01,36.250,-0.02,36.250,-0.03,36.250,0.01,,,,,,
36.300,-0.01,,,36.300,-0.01,36.300,-0.02,36.300,-0.01,36.300,0.11,36.300,0.00,36.300,0.00,36.300,-0.02,36.300,0.02,36.300,-0.03,36.300,0.00,36.300,-0.01,36.300,-0.01,36.300,-0.01,36.300,0.05,36.300,0.00,36.300,-0.01,36.300,-0.01,36.300,0.01,36.300,0.00,36.300,0.00,36.300,0.01,36.300,0.00,36.300,0.00,36.300,0.01,36.300,0.01,36.300,0.00,36.300,0.00,36.300,0.01,36.300,-0.02,36.300,0.02,36.300,0.00,36.300,0.00,36.300,0.01,36.300,0.02,36.300,-0.02,36.300,0.00,36.300,0.00,36.300,0.00,36.300,0.00,36.300,-0.01,36.300,0.03,36.300,0.01,36.300,0.02,36.300,0.00,36.300,0.04,36.300,1.10,36.300,0.01,36.300,0.05,36.300,0.02,36.300,-0.03,36.300,0.01,36.300,0.21,36.300,3.58,36.300,2.36,,,,,36.300,0.02,36.300,-0.02,36.300,-0.02,36.300,0.00,,,,,,
36.350,-0.01,,,36.350,0.00,36.350,-0.02,36.350,0.01,36.350,0.14,36.350,0.02,36.350,0.00,36.350,-0.01,36.350,0.02,36.350,-0.02,36.350,0.00,36.350,-0.01,36.350,-0.01,36.350,0.00,36.350,0.06,36.350,-0.01,36.350,0.00,36.350,-0.01,36.350,0.01,36.350,0.00,36.350,0.01,36.350,0.01,36.350,0.00,36.350,0.01,36.350,0.02,36.350,0.00,36.350,-0.01,36.350,0.01,36.350,0.01,36.350,-0.01,36.350,0.01,36.350,-0.01,36.350,-0.01,36.350,0.00,36.350,0.09,36.350,-0.01,36.350,-0.01,36.350,0.00,36.350,0.01,36.350,-0.01,36.350,0.01,36.350,0.02,36.350,0.01,36.350,0.02,36.350,-0.01,36.350,0.05,36.350,1.21,36.350,0.01,36.350,0.07,36.350,0.02,36.350,-0.04,36.350,0.01,36.350,1.66,36.350,3.85,36.350,2.10,,,,,36.350,0.01,36.350,-0.01,36.350,-0.03,36.350,0.01,,,,,,
36.400,0.00,,,36.400,0.00,,,36.400,0.00,36.400,0.26,36.400,0.03,36.400,0.00,36.400,-0.02,36.400,0.01,36.400,-0.01,36.400,-0.01,36.400,-0.01,36.400,-0.01,36.400,0.00,36.400,0.08,36.400,0.00,36.400,0.00,36.400,-0.01,36.400,0.02,36.400,0.00,36.400,-0.01,36.400,0.00,36.400,0.01,36.400,0.00,36.400,0.01,36.400,0.01,36.400,0.01,36.400,0.00,36.400,0.00,36.400,-0.01,36.400,0.01,36.400,-0.01,36.400,-0.01,36.400,0.00,36.400,0.07,36.400,0.00,36.400,0.00,36.400,-0.01,36.400,-0.01,36.400,0.00,36.400,0.00,36.400,0.01,36.400,0.01,36.400,0.02,36.400,0.00,36.400,0.06,36.400,1.18,36.400,0.00,36.400,0.08,36.400,0.02,36.400,-0.04,36.400,0.01,36.400,2.14,36.400,4.18,36.400,2.18,,,,,36.400,0.00,36.400,-0.01,36.400,-0.03,36.400,0.00,,,,,,
36.450,0.00,,,36.450,0.01,,,36.450,0.00,36.450,0.48,36.450,0.05,36.450,-0.02,36.450,0.00,36.450,0.01,36.450,-0.02,36.450,-0.01,36.450,-0.01,36.450,0.00,36.450,0.00,36.450,0.11,36.450,0.00,36.450,0.00,36.450,-0.01,36.450,0.03,36.450,0.01,36.450,-0.03,36.450,-0.01,36.450,0.00,36.450,0.00,36.450,0.01,36.450,0.01,36.450,0.03,36.450,0.00,36.450,0.01,36.450,-0.01,36.450,0.00,36.450,0.00,36.450,-0.01,36.450,-0.01,36.450,0.03,36.450,0.00,36.450,-0.02,36.450,0.00,36.450,0.00,36.450,-0.01,36.450,0.01,36.450,0.02,36.450,0.01,36.450,0.02,36.450,-0.01,36.450,0.07,36.450,0.23,36.450,0.00,36.450,0.10,36.450,0.02,36.450,-0.04,36.450,0.00,36.450,1.87,36.450,4.69,36.450,3.36,,,,,36.450,0.00,36.450,-0.02,36.450,-0.02,36.450,0.01,,,,,,
36.500,-0.01,,,36.500,0.00,,,36.500,-0.01,36.500,0.89,36.500,0.05,36.500,-0.02,36.500,-0.02,36.500,0.01,36.500,-0.02,36.500,-0.01,36.500,0.00,36.500,0.00,36.500,0.00,36.500,0.12,36.500,0.02,36.500,0.00,36.500,0.00,36.500,0.04,36.500,0.00,36.500,-0.02,36.500,-0.01,36.500,0.00,36.500,0.00,36.500,0.02,36.500,0.02,36.500,0.00,36.500,0.00,36.500,0.00,36.500,-0.01,36.500,0.00,36.500,0.01,36.500,-0.01,36.500,0.00,36.500,0.01,36.500,0.00,36.500,-0.02,36.500,0.00,36.500,-0.01,36.500,-0.01,36.500,0.00,36.500,0.02,36.500,0.01,36.500,0.01,36.500,-0.01,36.500,0.08,36.500,0.05,36.500,0.00,36.500,0.10,36.500,0.01,36.500,-0.03,36.500,0.01,36.500,1.83,36.500,0.50,36.500,4.27,,,,,36.500,0.02,36.500,-0.02,36.500,-0.02,36.500,-0.01,,,,,,
36.550,-0.01,,,36.550,0.00,,,36.550,-0.01,36.550,1.10,36.550,0.08,36.550,-0.02,36.550,-0.01,36.550,0.01,36.550,-0.01,36.550,0.00,36.550,-0.01,36.550,-0.01,36.550,0.00,36.550,0.21,36.550,0.01,36.550,0.01,36.550,0.00,36.550,0.04,36.550,0.00,36.550,-0.01,36.550,-0.01,36.550,0.01,36.550,0.00,36.550,0.01,36.550,0.04,36.550,0.00,36.550,0.01,36.550,0.00,36.550,0.00,36.550,0.01,36.550,0.00,36.550,-0.01,36.550,-0.01,36.550,0.02,36.550,-0.01,36.550,-0.01,36.550,0.00,36.550,0.00,36.550,-0.01,36.550,0.00,36.550,0.02,36.550,0.00,36.550,0.02,36.550,-0.01,36.550,0.11,36.550,0.00,36.550,0.01,36.550,0.12,36.550,0.01,36.550,-0.04,36.550,0.01,36.550,2.16,36.550,0.09,36.550,4.51,,,,,36.550,0.01,36.550,-0.01,36.550,-0.03,36.550,0.00,,,,,,
36.600,-0.01,,,36.600,0.00,,,36.600,0.00,36.600,1.17,36.600,0.06,36.600,-0.01,36.600,0.00,36.600,0.01,36.600,-0.02,36.600,0.00,36.600,-0.02,36.600,0.00,36.600,-0.01,36.600,0.35,36.600,0.01,36.600,0.01,36.600,0.00,36.600,0.03,36.600,-0.01,36.600,-0.02,36.600,0.01,36.600,-0.01,36.600,0.01,36.600,0.02,36.600,0.02,36.600,0.00,36.600,0.01,36.600,0.02,36.600,-0.01,36.600,0.00,36.600,0.00,36.600,-0.01,36.600,0.00,36.600,0.02,36.600,-0.01,36.600,0.00,36.600,-0.01,36.600,0.00,36.600,-0.01,36.600,-0.01,36.600,0.03,36.600,0.01,36.600,0.02,36.600,-0.01,36.600,0.14,36.600,-0.01,36.600,0.00,36.600,0.14,36.600,0.02,36.600,-0.04,36.600,0.01,36.600,2.66,36.600,0.01,36.600,0.58,,,,,36.600,0.00,36.600,-0.02,36.600,-0.03,36.600,0.00,,,,,,
36.650,-0.01,,,36.650,0.02,,,36.650,-0.01,36.650,1.22,36.650,0.08,36.650,-0.01,36.650,-0.01,36.650,0.01,36.650,-0.03,36.650,0.00,36.650,-0.01,36.650,-0.01,36.650,0.00,36.650,0.63,36.650,0.02,36.650,0.01,36.650,-0.01,36.650,0.04,36.650,0.00,36.650,-0.01,36.650,0.01,36.650,0.01,36.650,0.00,36.650,0.02,36.650,0.04,36.650,0.00,36.650,0.00,36.650,0.01,36.650,-0.01,36.650,-0.01,36.650,0.01,36.650,-0.01,36.650,0.00,36.650,0.02,36.650,0.00,36.650,-0.02,36.650,0.00,36.650,0.01,36.650,-0.01,36.650,-0.01,36.650,0.03,36.650,0.01,36.650,0.03,36.650,0.00,36.650,0.24,36.650,-0.01,36.650,0.00,36.650,0.18,36.650,0.02,36.650,-0.03,36.650,0.00,36.650,2.95,36.650,0.00,36.650,0.07,,,,,36.650,0.00,36.650,-0.01,36.650,-0.04,36.650,0.01,,,,,,
36.700,-0.01,,,36.700,0.02,,,36.700,-0.01,36.700,1.23,36.700,0.10,36.700,0.00,36.700,-0.01,36.700,0.02,36.700,-0.01,36.700,-0.01,36.700,-0.01,36.700,0.00,36.700,0.01,36.700,1.16,36.700,0.06,36.700,0.00,36.700,0.00,36.700,0.05,36.700,-0.01,36.700,-0.01,36.700,0.01,36.700,0.01,36.700,0.00,36.700,0.02,36.700,0.04,36.700,0.01,36.700,0.01,36.700,0.02,36.700,-0.01,36.700,0.01,36.700,0.00,36.700,-0.01,36.700,-0.01,36.700,0.02,36.700,-0.01,36.700,-0.01,36.700,0.00,36.700,0.00,36.700,0.00,36.700,0.00,36.700,0.03,36.700,0.01,36.700,0.02,36.700,-0.01,36.700,0.55,36.700,-0.01,36.700,0.01,36.700,0.22,36.700,0.02,36.700,-0.04,36.700,0.00,36.700,3.63,36.700,-0.01,36.700,0.00,,,,,36.700,0.00,36.700,-0.02,36.700,-0.03,36.700,0.01,,,,,,
36.750,0.00,,,36.750,0.03,,,36.750,-0.01,36.750,1.11,36.750,0.14,36.750,-0.01,36.750,-0.01,36.750,0.02,36.750,-0.01,36.750,-0.01,36.750,-0.01,36.750,-0.01,36.750,-0.01,36.750,1.98,36.750,0.04,36.750,0.00,36.750,0.00,36.750,0.06,36.750,-0.01,36.750,-0.02,36.750,0.01,36.750,0.00,36.750,0.00,36.750,0.01,36.750,0.06,36.750,0.01,36.750,0.01,36.750,0.02,36.750,-0.01,36.750,0.01,36.750,0.00,36.750,-0.01,36.750,0.00,36.750,0.02,36.750,-0.01,36.750,0.01,36.750,0.00,36.750,0.01,36.750,-0.01,36.750,-0.01,36.750,0.02,36.750,0.01,36.750,0.03,36.750,-0.01,36.750,1.09,36.750,-0.01,36.750,0.01,36.750,0.30,36.750,0.02,36.750,-0.03,36.750,-0.01,36.750,4.32,36.750,0.01,36.750,-0.02,,,,,36.750,0.00,36.750,-0.02,36.750,-0.03,36.750,0.01,,,,,,
36.800,-0.01,,,36.800,0.06,,,36.800,-0.01,36.800,0.70,36.800,0.26,36.800,-0.02,36.800,-0.01,36.800,0.00,36.800,-0.03,36.800,-0.01,36.800,-0.01,36.800,-0.02,36.800,0.01,36.800,2.82,36.800,0.00,36.800,0.01,36.800,-0.01,36.800,0.07,36.800,-0.01,36.800,-0.02,36.800,0.02,36.800,0.00,36.800,0.01,36.800,0.02,36.800,0.14,36.800,0.01,36.800,-0.01,36.800,0.02,36.800,-0.01,36.800,0.00,36.800,0.00,36.800,-0.01,36.800,0.00,36.800,0.03,36.800,-0.01,36.800,0.01,36.800,0.00,36.800,0.01,36.800,-0.01,36.800,0.00,36.800,0.02,36.800,0.01,36.800,0.01,36.800,0.00,36.800,1.41,36.800,-0.01,36.800,0.01,36.800,0.47,36.800,0.03,36.800,-0.03,36.800,0.00,36.800,0.09,36.800,0.01,36.800,-0.01,,,,,36.800,0.00,36.800,-0.02,36.800,-0.02,36.800,0.00,,,,,,
36.850,0.00,,,36.850,0.08,,,36.850,-0.01,36.850,0.52,36.850,0.54,36.850,-0.02,36.850,0.00,36.850,0.01,36.850,-0.03,36.850,-0.01,36.850,-0.01,36.850,-0.02,36.850,0.00,36.850,0.11,36.850,0.01,36.850,-0.01,36.850,0.00,36.850,0.10,36.850,-0.01,36.850,-0.02,36.850,0.02,36.850,0.00,36.850,0.01,36.850,0.02,36.850,0.88,36.850,-0.01,36.850,0.00,36.850,0.01,36.850,0.00,36.850,-0.01,36.850,0.00,36.850,0.00,36.850,0.00,36.850,0.03,36.850,-0.01,36.850,0.02,36.850,0.00,36.850,0.01,36.850,0.00,36.850,0.00,36.850,0.02,36.850,0.00,36.850,0.01,36.850,0.00,36.850,1.76,36.850,-0.02,36.850,0.01,36.850,0.41,36.850,0.02,36.850,-0.01,36.850,0.00,36.850,0.03,36.850,0.01,36.850,-0.01,,,,,36.850,-0.01,36.850,-0.02,36.850,-0.03,36.850,0.00,,,,,,
36.900,-0.01,,,36.900,0.17,,,36.900,-0.01,36.900,0.61,36.900,1.00,36.900,-0.01,36.900,-0.01,36.900,0.00,36.900,-0.02,36.900,0.00,36.900,-0.02,36.900,-0.01,36.900,0.00,36.900,0.05,36.900,0.01,36.900,0.00,36.900,0.00,36.900,0.36,36.900,0.00,36.900,-0.03,36.900,0.02,36.900,0.00,36.900,0.00,36.900,0.02,36.900,2.09,36.900,0.02,36.900,0.01,36.900,0.02,36.900,0.00,36.900,0.00,36.900,0.00,36.900,0.00,36.900,0.00,36.900,0.02,36.900,-0.01,36.900,0.02,36.900,0.00,36.900,0.01,36.900,-0.01,36.900,-0.01,36.900,0.02,36.900,0.00,36.900,0.01,36.900,0.00,36.900,2.31,36.900,-0.02,36.900,0.01,36.900,0.11,36.900,0.03,36.900,-0.02,36.900,0.00,36.900,-0.03,36.900,0.00,36.900,0.01,,,,,36.900,0.00,36.900,-0.01,36.900,-0.02,36.900,0.00,,,,,,
36.950,-0.01,,,36.950,0.32,,,36.950,0.01,36.950,0.93,36.950,1.11,36.950,-0.02,36.950,-0.02,36.950,0.01,36.950,-0.02,36.950,0.00,36.950,-0.03,36.950,0.00,36.950,0.00,36.950,-0.02,36.950,0.01,36.950,0.01,36.950,-0.01,36.950,0.12,36.950,-0.01,36.950,-0.02,36.950,0.01,36.950,0.00,36.950,-0.01,36.950,0.02,36.950,0.10,36.950,0.00,36.950,0.01,36.950,0.02,36.950,0.01,36.950,0.00,36.950,0.00,36.950,-0.01,36.950,0.00,36.950,0.02,36.950,-0.02,36.950,0.02,36.950,0.01,36.950,0.02,36.950,-0.01,36.950,0.00,36.950,0.02,36.950,0.00,36.950,0.01,36.950,0.00,36.950,1.24,36.950,0.00,36.950,0.01,36.950,0.05,36.950,0.02,36.950,-0.03,36.950,0.00,36.950,-0.03,36.950,0.01,36.950,0.02,,,,,36.950,0.01,36.950,-0.01,36.950,-0.03,36.950,-0.01,,,,,,
37.000,-0.01,,,37.000,0.58,,,37.000,0.00,37.000,1.27,37.000,1.38,37.000,-0.01,37.000,-0.01,37.000,0.01,37.000,-0.01,37.000,-0.01,37.000,-0.01,37.000,-0.01,37.000,0.00,37.000,-0.01,37.000,0.01,37.000,0.01,37.000,0.01,37.000,0.06,37.000,-0.01,37.000,-0.01,37.000,0.02,37.000,0.00,37.000,0.00,37.000,0.04,37.000,0.03,37.000,0.00,37.000,0.01,37.000,0.04,37.000,0.00,37.000,0.04,37.000,0.00,37.000,-0.01,37.000,-0.01,37.000,0.03,37.000,-0.02,37.000,0.03,37.000,0.00,37.000,0.01,37.000,-0.01,37.000,-0.01,37.000,0.02,37.000,0.00,37.000,0.01,37.000,-0.01,37.000,0.07,37.000,0.00,37.000,-0.02,37.000,0.00,37.000,0.02,37.000,-0.03,37.000,0.01,37.000,-0.03,37.000,0.01,37.000,0.02,,,,,37.000,0.01,37.000,-0.01,37.000,-0.02,37.000,0.00,,,,,,
37.050,5.55E-17,,,37.050,0.74,,,37.050,-0.01,37.050,1.42,37.050,1.91,37.050,0.00,37.050,-0.01,37.050,0.02,37.050,-0.02,37.050,-0.01,37.050,-0.01,37.050,0.00,37.050,0.01,37.050,0.00,37.050,0.01,37.050,0.01,37.050,0.01,37.050,-0.01,37.050,0.00,37.050,-0.01,37.050,0.02,37.050,0.01,37.050,0.01,37.050,0.03,37.050,-0.03,37.050,0.00,37.050,0.00,37.050,0.04,37.050,0.00,37.050,0.01,37.050,0.01,37.050,0.00,37.050,-0.01,37.050,0.02,37.050,-0.01,37.050,0.04,37.050,0.00,37.050,0.01,37.050,-0.01,37.050,-0.02,37.050,0.01,37.050,-0.01,37.050,0.02,37.050,-0.01,37.050,0.02,37.050,-0.01,37.050,0.02,37.050,0.01,37.050,0.03,37.050,-0.02,37.050,0.01,37.050,-0.03,37.050,0.01,37.050,0.02,,,,,37.050,0.00,37.050,-0.02,37.050,-0.03,37.050,0.00,,,,,,
37.100,-0.01,,,37.100,1.00,,,37.100,-0.01,37.100,1.71,37.100,1.26,37.100,-0.01,37.100,-0.01,37.100,0.02,37.100,-0.01,37.100,-0.01,37.100,-0.02,37.100,0.00,37.100,0.00,37.100,0.00,37.100,0.01,37.100,0.00,37.100,0.00,37.100,-0.01,37.100,-0.01,37.100,0.01,37.100,0.02,37.100,0.01,37.100,0.00,37.100,0.04,37.100,-0.01,37.100,0.00,37.100,-0.01,37.100,0.05,37.100,0.01,37.100,0.00,37.100,0.00,37.100,0.00,37.100,-0.01,37.100,0.01,37.100,-0.02,37.100,0.05,37.100,0.01,37.100,0.00,37.100,-0.01,37.100,-0.02,37.100,0.02,37.100,0.00,37.100,0.02,37.100,0.00,37.100,0.00,37.100,-0.01,37.100,0.01,37.100,0.01,37.100,0.03,37.100,-0.03,37.100,0.01,37.100,-0.03,37.100,0.00,37.100,0.01,,,,,37.100,0.00,37.100,-0.02,37.100,-0.03,37.100,-0.01,,,,,,
37.150,-0.01,,,37.150,0.53,,,37.150,-0.01,37.150,2.05,37.150,0.04,37.150,-0.01,37.150,0.00,37.150,0.02,37.150,-0.02,37.150,0.00,37.150,-0.01,37.150,0.01,37.150,0.00,37.150,0.00,37.150,0.01,37.150,0.00,37.150,0.01,37.150,-0.01,37.150,-0.01,37.150,0.02,37.150,0.03,37.150,0.03,37.150,0.00,37.150,0.03,37.150,0.00,37.150,0.00,37.150,0.00,37.150,0.05,37.150,0.00,37.150,-0.02,37.150,0.01,37.150,0.00,37.150,-0.01,37.150,0.02,37.150,-0.01,37.150,0.06,37.150,0.01,37.150,0.01,37.150,-0.02,37.150,-0.01,37.150,0.02,37.150,0.00,37.150,0.01,37.150,0.00,37.150,0.00,37.150,-0.01,37.150,0.00,37.150,0.01,37.150,0.02,37.150,-0.03,37.150,0.01,37.150,-0.03,37.150,0.01,37.150,0.01,,,,,37.150,0.00,37.150,-0.01,37.150,-0.02,37.150,0.00,,,,,,
37.200,-0.01,,,37.200,0.06,,,37.200,0.01,37.200,2.43,37.200,0.01,37.200,0.00,37.200,0.00,37.200,0.01,37.200,-0.02,37.200,0.00,37.200,-0.02,37.200,0.01,37.200,0.00,37.200,0.01,37.200,0.01,37.200,-0.01,37.200,0.00,37.200,-0.01,37.200,-0.01,37.200,0.03,37.200,0.05,37.200,0.03,37.200,0.00,37.200,0.03,37.200,0.00,37.200,0.00,37.200,0.00,37.200,0.05,37.200,-0.01,37.200,-0.01,37.200,0.02,37.200,-0.01,37.200,0.01,37.200,0.03,37.200,-0.02,37.200,0.09,37.200,0.00,37.200,0.01,37.200,-0.01,37.200,-0.01,37.200,0.02,37.200,0.01,37.200,0.02,37.200,-0.01,37.200,0.00,37.200,-0.02,37.200,0.00,37.200,0.01,37.200,0.02,37.200,-0.04,37.200,0.01,37.200,-0.02,37.200,0.01,37.200,0.02,,,,,37.200,0.01,37.200,-0.01,37.200,-0.03,37.200,0.00,,,,,,
37.250,-0.01,,,37.250,0.00,,,37.250,0.01,37.250,2.61,37.250,-0.02,37.250,0.00,37.250,0.00,37.250,0.02,37.250,-0.02,37.250,0.00,37.250,-0.02,37.250,0.01,37.250,0.00,37.250,0.01,37.250,0.01,37.250,0.00,37.250,0.00,37.250,-0.01,37.250,-0.02,37.250,0.04,37.250,0.04,37.250,0.03,37.250,0.00,37.250,0.03,37.250,0.00,37.250,0.00,37.250,0.00,37.250,0.07,37.250,0.00,37.250,0.00,37.250,0.01,37.250,0.00,37.250,0.01,37.250,0.04,37.250,-0.01,37.250,0.19,37.250,0.01,37.250,0.01,37.250,-0.01,37.250,-0.02,37.250,0.02,37.250,0.01,37.250,0.02,37.250,0.00,37.250,0.01,37.250,-0.01,37.250,-0.01,37.250,0.01,37.250,0.01,37.250,-0.04,37.250,0.02,37.250,-0.02,37.250,0.02,37.250,0.01,,,,,37.250,0.02,37.250,-0.03,37.250,-0.03,37.250,0.00,,,,,,
37.300,-0.01,,,37.300,-0.02,,,37.300,0.01,37.300,2.77,37.300,-0.02,37.300,0.01,37.300,0.00,37.300,0.02,37.300,-0.02,37.300,-0.01,37.300,-0.02,37.300,0.01,37.300,0.00,37.300,0.01,37.300,0.01,37.300,-0.01,37.300,0.01,37.300,0.00,37.300,-0.01,37.300,0.06,37.300,0.05,37.300,0.04,37.300,0.01,37.300,0.04,37.300,0.00,37.300,0.01,37.300,0.00,37.300,0.09,37.300,0.00,37.300,0.01,37.300,0.01,37.300,0.00,37.300,0.01,37.300,0.04,37.300,0.02,37.300,0.49,37.300,0.01,37.300,0.01,37.300,0.00,37.300,-0.02,37.300,0.02,37.300,0.01,37.300,0.02,37.300,0.00,37.300,0.01,37.300,-0.01,37.300,-0.01,37.300,0.02,37.300,0.01,37.300,-0.03,37.300,0.03,37.300,-0.04,37.300,0.02,37.300,0.01,,,,,37.300,0.03,37.300,-0.01,37.300,-0.03,37.300,-0.01,,,,,,
37.350,-0.01,,,37.350,0.00,,,37.350,0.02,37.350,2.87,37.350,-0.02,37.350,0.01,37.350,-0.01,37.350,0.02,37.350,-0.01,37.350,0.00,37.350,-0.01,37.350,0.01,37.350,0.01,37.350,0.01,37.350,0.02,37.350,0.01,37.350,0.02,37.350,-0.01,37.350,-0.01,37.350,0.08,37.350,0.06,37.350,0.03,37.350,0.01,37.350,0.03,37.350,-0.01,37.350,0.00,37.350,0.00,37.350,0.12,37.350,0.04,37.350,0.00,37.350,0.01,37.350,0.00,37.350,0.01,37.350,0.04,37.350,0.01,37.350,1.45,37.350,-0.01,37.350,0.00,37.350,0.00,37.350,-0.02,37.350,0.02,37.350,0.01,37.350,0.01,37.350,0.02,37.350,0.02,37.350,-0.01,37.350,0.00,37.350,0.02,37.350,0.02,37.350,-0.03,37.350,0.02,37.350,-0.03,37.350,0.02,37.350,0.01,,,,,37.350,0.02,37.350,-0.01,37.350,-0.03,37.350,0.00,,,,,,
37.400,-0.01,,,37.400,0.01,,,37.400,0.03,37.400,2.90,37.400,-0.01,37.400,0.01,37.400,0.01,37.400,0.02,37.400,-0.01,37.400,-0.01,37.400,-0.01,37.400,0.01,37.400,0.00,37.400,0.01,37.400,0.03,37.400,0.01,37.400,0.02,37.400,-0.01,37.400,-0.01,37.400,0.13,37.400,0.08,37.400,0.03,37.400,0.03,37.400,0.04,37.400,-0.01,37.400,0.00,37.400,0.00,37.400,0.31,37.400,0.02,37.400,0.00,37.400,0.02,37.400,-0.01,37.400,0.01,37.400,0.06,37.400,-0.02,37.400,0.85,37.400,0.00,37.400,0.01,37.400,-0.01,37.400,-0.02,37.400,0.02,37.400,0.01,37.400,0.01,37.400,0.02,37.400,0.01,37.400,-0.01,37.400,0.01,37.400,0.01,37.400,0.01,37.400,-0.01,37.400,0.02,37.400,-0.02,37.400,0.01,37.400,0.01,,,,,37.400,0.01,37.400,-0.01,37.400,-0.02,37.400,-0.01,,,,,,
37.450,-0.02,,,37.450,0.01,,,37.450,0.03,37.450,2.94,37.450,-0.01,37.450,0.02,37.450,-0.01,37.450,0.04,37.450,-0.01,37.450,0.00,37.450,-0.01,37.450,0.01,37.450,0.01,37.450,0.01,37.450,0.02,37.450,0.01,37.450,0.03,37.450,-0.01,37.450,-0.01,37.450,0.38,37.450,0.15,37.450,0.03,37.450,0.05,37.450,0.05,37.450,-0.01,37.450,0.01,37.450,0.00,37.450,0.29,37.450,-0.01,37.450,0.01,37.450,0.03,37.450,0.00,37.450,0.00,37.450,0.09,37.450,0.00,37.450,0.18,37.450,0.00,37.450,-0.01,37.450,-0.02,37.450,-0.02,37.450,0.02,37.450,0.01,37.450,0.02,37.450,0.03,37.450,0.01,37.450,-0.01,37.450,0.00,37.450,0.02,37.450,0.01,37.450,-0.02,37.450,0.01,37.450,-0.02,37.450,0.01,37.450,0.01,,,,,37.450,0.01,37.450,-0.02,37.450,-0.03,37.450,0.01,,,,,,
37.500,-0.01,,,37.500,0.00,,,37.500,0.04,37.500,0.12,37.500,-0.01,37.500,0.03,37.500,0.00,37.500,0.03,37.500,-0.01,37.500,0.00,37.500,0.00,37.500,0.02,37.500,0.01,37.500,0.00,37.500,0.03,37.500,0.00,37.500,0.03,37.500,0.00,37.500,-0.01,37.500,1.39,37.500,0.67,37.500,0.04,37.500,0.04,37.500,0.06,37.500,0.00,37.500,0.01,37.500,0.01,37.500,0.07,37.500,-0.01,37.500,-0.01,37.500,0.04,37.500,-0.01,37.500,0.00,37.500,0.14,37.500,0.00,37.500,0.04,37.500,0.00,37.500,-0.01,37.500,-0.01,37.500,-0.02,37.500,0.02,37.500,0.00,37.500,0.01,37.500,0.04,37.500,0.00,37.500,-0.01,37.500,0.00,37.500,0.02,37.500,0.01,37.500,-0.03,37.500,0.01,37.500,-0.02,37.500,0.01,37.500,0.01,,,,,37.500,0.02,37.500,-0.01,37.500,-0.03,37.500,0.00,,,,,,
37.550,-0.01,,,37.550,0.00,,,37.550,0.03,37.550,0.07,37.550,-0.01,37.550,0.05,37.550,0.00,37.550,0.02,37.550,-0.02,37.550,0.01,37.550,0.00,37.550,0.03,37.550,0.01,37.550,0.00,37.550,0.04,37.550,0.00,37.550,0.02,37.550,0.01,37.550,-0.02,37.550,2.34,37.550,0.92,37.550,0.06,37.550,0.05,37.550,0.07,37.550,-0.01,37.550,0.02,37.550,0.01,37.550,0.00,37.550,0.00,37.550,0.01,37.550,0.04,37.550,-0.01,37.550,-0.01,37.550,0.45,37.550,0.00,37.550,-0.01,37.550,0.00,37.550,0.00,37.550,-0.01,37.550,-0.02,37.550,0.02,37.550,0.01,37.550,0.01,37.550,0.06,37.550,0.00,37.550,-0.01,37.550,0.01,37.550,0.01,37.550,0.01,37.550,-0.04,37.550,0.01,37.550,-0.03,37.550,0.01,37.550,0.01,,,,,37.550,0.02,37.550,-0.01,37.550,-0.02,37.550,0.00,,,,,,
37.600,-0.02,,,37.600,0.00,,,37.600,0.04,37.600,0.00,37.600,0.00,37.600,0.05,37.600,0.00,37.600,0.04,37.600,-0.01,37.600,0.01,37.600,0.00,37.600,0.03,37.600,-0.01,37.600,0.00,37.600,0.03,37.600,0.00,37.600,0.04,37.600,0.01,37.600,-0.01,37.600,2.39,37.600,0.18,37.600,0.08,37.600,0.05,37.600,0.08,37.600,-0.02,37.600,0.01,37.600,0.00,37.600,0.00,37.600,0.00,37.600,0.02,37.600,0.04,37.600,-0.01,37.600,0.00,37.600,1.73,37.600,-0.01,37.600,-0.01,37.600,-0.01,37.600,0.00,37.600,0.00,37.600,-0.02,37.600,0.02,37.600,0.01,37.600,0.02,37.600,0.06,37.600,0.00,37.600,-0.02,37.600,0.01,37.600,0.02,37.600,0.01,37.600,-0.02,37.600,0.02,37.600,-0.03,37.600,0.01,37.600,0.02,,,,,37.600,0.03,37.600,-0.02,37.600,-0.03,37.600,0.00,,,,,,
37.650,-0.01,,,37.650,0.00,,,37.650,0.06,37.650,0.01,37.650,-0.01,37.650,0.08,37.650,0.00,37.650,0.04,37.650,-0.03,37.650,0.00,37.650,-0.01,37.650,0.02,37.650,0.00,37.650,0.00,37.650,0.04,37.650,0.00,37.650,0.05,37.650,0.01,37.650,-0.01,37.650,0.71,37.650,0.05,37.650,0.13,37.650,0.05,37.650,0.09,37.650,-0.01,37.650,0.01,37.650,0.00,37.650,0.00,37.650,0.01,37.650,0.04,37.650,0.04,37.650,0.00,37.650,0.00,37.650,2.35,37.650,-0.02,37.650,0.00,37.650,0.00,37.650,0.00,37.650,0.03,37.650,-0.02,37.650,0.05,37.650,0.01,37.650,0.02,37.650,0.08,37.650,0.00,37.650,0.00,37.650,0.00,37.650,0.01,37.650,0.02,37.650,-0.01,37.650,0.02,37.650,-0.02,37.650,0.01,37.650,0.01,,,,,37.650,0.07,37.650,-0.01,37.650,-0.02,37.650,-0.01,,,,,,
37.700,-0.01,,,37.700,0.00,,,37.700,0.05,37.700,0.02,37.700,-0.01,37.700,0.12,37.700,0.01,37.700,0.03,37.700,-0.02,37.700,-0.01,37.700,-0.01,37.700,0.02,37.700,0.00,37.700,-0.01,37.700,0.05,37.700,0.00,37.700,0.07,37.700,0.01,37.700,-0.01,37.700,0.05,37.700,-0.01,37.700,0.49,37.700,0.08,37.700,0.22,37.700,-0.01,37.700,0.01,37.700,-0.01,37.700,0.01,37.700,-0.01,37.700,0.06,37.700,0.04,37.700,0.00,37.700,0.00,37.700,2.44,37.700,-0.01,37.700,0.01,37.700,-0.01,37.700,0.01,37.700,0.02,37.700,-0.02,37.700,0.04,37.700,0.01,37.700,0.02,37.700,0.11,37.700,0.00,37.700,-0.02,37.700,0.01,37.700,0.02,37.700,0.02,37.700,-0.01,37.700,0.02,37.700,-0.02,37.700,0.00,37.700,0.01,,,,,37.700,0.04,37.700,0.00,37.700,-0.02,37.700,0.00,,,,,,
37.750,-0.01,,,37.750,0.00,,,37.750,0.05,37.750,0.01,37.750,-0.02,37.750,0.25,37.750,0.00,37.750,0.04,37.750,-0.01,37.750,0.00,37.750,-0.01,37.750,0.02,37.750,0.00,37.750,0.00,37.750,0.08,37.750,0.00,37.750,0.10,37.750,0.00,37.750,-0.01,37.750,-0.01,37.750,-0.02,37.750,0.39,37.750,0.12,37.750,1.24,37.750,-0.01,37.750,0.02,37.750,0.00,37.750,0.01,37.750,0.00,37.750,0.07,37.750,0.04,37.750,-0.01,37.750,-0.01,37.750,2.73,37.750,-0.02,37.750,-0.01,37.750,-0.01,37.750,0.00,37.750,-0.01,37.750,-0.01,37.750,0.01,37.750,0.02,37.750,0.02,37.750,0.15,37.750,0.00,37.750,-0.01,37.750,0.01,37.750,0.01,37.750,0.01,37.750,-0.02,37.750,0.03,37.750,-0.02,37.750,-0.01,37.750,0.02,,,,,37.750,0.05,37.750,0.01,37.750,-0.03,37.750,0.01,,,,,,
37.800,0.00,,,37.800,0.01,,,37.800,0.05,37.800,0.01,37.800,-0.01,37.800,0.70,37.800,0.00,37.800,0.04,37.800,-0.01,37.800,-0.01,37.800,-0.01,37.800,0.04,37.800,0.00,37.800,0.00,37.800,0.10,37.800,0.00,37.800,0.26,37.800,0.00,37.800,-0.02,37.800,-0.04,37.800,0.01,37.800,0.06,37.800,0.14,37.800,2.61,37.800,-0.01,37.800,0.03,37.800,0.00,37.800,0.01,37.800,0.01,37.800,0.08,37.800,0.04,37.800,0.00,37.800,-0.01,37.800,2.13,37.800,-0.01,37.800,0.00,37.800,-0.01,37.800,0.00,37.800,-0.01,37.800,-0.02,37.800,0.00,37.800,0.02,37.800,0.02,37.800,0.30,37.800,0.01,37.800,-0.01,37.800,0.02,37.800,0.01,37.800,0.01,37.800,-0.01,37.800,0.02,37.800,-0.03,37.800,0.00,37.800,0.02,,,,,37.800,0.07,37.800,0.01,37.800,-0.03,37.800,0.00,,,,,,
37.850,5.55E-17,,,37.850,0.00,,,37.850,0.05,37.850,0.00,37.850,-0.01,37.850,0.98,37.850,0.01,37.850,0.05,37.850,-0.01,37.850,0.00,37.850,-0.01,37.850,0.03,37.850,0.00,37.850,-0.01,37.850,0.15,37.850,0.00,37.850,0.43,37.850,0.00,37.850,0.00,37.850,-0.03,37.850,0.00,37.850,0.01,37.850,0.19,37.850,3.22,37.850,0.00,37.850,0.03,37.850,0.00,37.850,0.01,37.850,0.01,37.850,0.10,37.850,0.04,37.850,0.01,37.850,-0.01,37.850,0.08,37.850,0.00,37.850,0.00,37.850,-0.01,37.850,0.00,37.850,0.00,37.850,-0.02,37.850,0.02,37.850,0.01,37.850,0.04,37.850,0.68,37.850,0.00,37.850,-0.01,37.850,0.02,37.850,0.01,37.850,0.01,37.850,-0.02,37.850,0.04,37.850,-0.04,37.850,0.01,37.850,0.02,,,,,37.850,0.16,37.850,0.04,37.850,-0.02,37.850,-0.01,,,,,,
37.900,-0.01,,,37.900,0.01,,,37.900,0.07,37.900,0.01,37.900,-0.01,37.900,0.06,37.900,0.01,37.900,0.05,37.900,0.00,37.900,0.00,37.900,-0.01,37.900,0.05,37.900,0.00,37.900,0.00,37.900,0.53,37.900,0.01,37.900,0.09,37.900,0.00,37.900,0.00,37.900,-0.01,37.900,0.00,37.900,-0.03,37.900,0.25,37.900,2.55,37.900,-0.01,37.900,0.04,37.900,0.00,37.900,0.01,37.900,0.01,37.900,0.10,37.900,0.05,37.900,0.00,37.900,-0.01,37.900,0.03,37.900,0.00,37.900,0.00,37.900,-0.01,37.900,0.00,37.900,0.00,37.900,-0.02,37.900,0.02,37.900,0.01,37.900,0.04,37.900,1.06,37.900,0.00,37.900,-0.01,37.900,0.03,37.900,0.02,37.900,0.02,37.900,-0.02,37.900,0.04,37.900,-0.03,37.900,0.01,37.900,0.01,,,,,37.900,1.78,37.900,0.08,37.900,-0.02,37.900,-0.01,,,,,,
37.950,0.01,,,37.950,0.01,,,37.950,0.10,37.950,0.01,37.950,-0.01,37.950,0.03,37.950,0.01,37.950,0.06,37.950,0.00,37.950,0.00,37.950,-0.01,37.950,0.20,37.950,0.01,37.950,0.00,37.950,1.85,37.950,0.00,37.950,0.01,37.950,0.00,37.950,-0.01,37.950,-0.01,37.950,0.00,37.950,0.00,37.950,0.42,37.950,0.08,37.950,0.00,37.950,0.04,37.950,0.01,37.950,0.01,37.950,0.02,37.950,0.13,37.950,0.06,37.950,-0.01,37.950,-0.01,37.950,0.00,37.950,0.01,37.950,-0.02,37.950,-0.01,37.950,0.01,37.950,0.00,37.950,-0.02,37.950,0.03,37.950,0.01,37.950,0.04,37.950,1.17,37.950,0.00,37.950,-0.01,37.950,0.03,37.950,0.02,37.950,0.01,37.950,-0.02,37.950,0.05,37.950,-0.03,37.950,0.02,37.950,0.02,,,,,37.950,2.38,37.950,1.09,37.950,-0.03,37.950,0.00,,,,,,
38.000,0.01,,,38.000,0.00,,,38.000,0.16,38.000,0.01,38.000,-0.01,38.000,-0.02,38.000,0.01,38.000,0.06,38.000,0.03,38.000,-0.01,38.000,-0.01,38.000,0.16,38.000,0.00,38.000,0.00,38.000,0.83,38.000,-0.01,38.000,0.00,38.000,-0.01,38.000,-0.01,38.000,-0.01,38.000,-0.01,38.000,0.00,38.000,0.35,38.000,0.03,38.000,-0.01,38.000,0.03,38.000,0.00,38.000,0.02,38.000,0.02,38.000,0.24,38.000,0.06,38.000,0.00,38.000,-0.01,38.000,0.02,38.000,0.01,38.000,-0.02,38.000,0.00,38.000,0.02,38.000,0.01,38.000,-0.02,38.000,0.02,38.000,0.01,38.000,0.04,38.000,1.33,38.000,0.01,38.000,-0.01,38.000,0.04,38.000,0.03,38.000,0.01,38.000,-0.03,38.000,0.06,38.000,-0.03,38.000,0.11,38.000,0.02,,,,,38.000,1.89,38.000,1.97,38.000,-0.03,38.000,-0.01,,,,,,
38.050,0.01,,,38.050,0.00,,,38.050,0.36,38.050,0.02,38.050,-0.02,38.050,0.00,38.050,0.01,38.050,0.06,38.050,0.02,38.050,0.00,38.050,-0.01,38.050,0.07,38.050,0.00,38.050,-0.01,38.050,0.07,38.050,-0.01,38.050,0.01,38.050,-0.01,38.050,-0.01,38.050,-0.01,38.050,0.00,38.050,0.00,38.050,0.07,38.050,-0.01,38.050,0.00,38.050,0.05,38.050,0.00,38.050,0.01,38.050,0.03,38.050,0.41,38.050,0.08,38.050,0.00,38.050,-0.01,38.050,0.02,38.050,0.01,38.050,-0.01,38.050,0.00,38.050,0.03,38.050,0.00,38.050,-0.03,38.050,0.02,38.050,0.02,38.050,0.04,38.050,1.50,38.050,0.00,38.050,0.00,38.050,0.05,38.050,0.02,38.050,0.02,38.050,-0.03,38.050,0.07,38.050,-0.03,38.050,0.04,38.050,0.03,,,,,38.050,2.00,38.050,1.65,38.050,-0.03,38.050,0.00,,,,,,
38.100,0.02,,,38.100,0.01,,,38.100,0.07,38.100,0.01,38.100,-0.01,38.100,0.00,38.100,0.01,38.100,0.06,38.100,-0.02,38.100,0.00,38.100,-0.01,38.100,-0.01,38.100,0.01,38.100,-0.01,38.100,0.03,38.100,0.00,38.100,0.01,38.100,-0.01,38.100,-0.01,38.100,-0.01,38.100,0.01,38.100,0.00,38.100,0.03,38.100,0.01,38.100,-0.01,38.100,0.04,38.100,0.01,38.100,0.01,38.100,0.04,38.100,0.63,38.100,0.08,38.100,0.00,38.100,-0.01,38.100,0.02,38.100,0.01,38.100,-0.01,38.100,0.01,38.100,0.03,38.100,0.00,38.100,-0.02,38.100,0.02,38.100,0.01,38.100,0.04,38.100,1.72,38.100,0.00,38.100,0.00,38.100,0.06,38.100,0.02,38.100,0.01,38.100,-0.04,38.100,0.09,38.100,-0.04,38.100,0.02,38.100,0.03,,,,,38.100,3.13,38.100,1.53,38.100,-0.02,38.100,0.00,,,,,,
38.150,0.02,,,38.150,0.01,,,38.150,0.05,38.150,0.00,38.150,0.00,38.150,-0.01,38.150,0.00,38.150,0.07,38.150,0.00,38.150,0.00,38.150,-0.01,38.150,-0.02,38.150,0.00,38.150,-0.01,38.150,0.00,38.150,0.00,38.150,0.01,38.150,0.00,38.150,-0.02,38.150,0.00,38.150,0.00,38.150,0.00,38.150,-0.01,38.150,0.01,38.150,-0.01,38.150,0.06,38.150,0.00,38.150,0.01,38.150,0.03,38.150,0.87,38.150,0.11,38.150,-0.01,38.150,-0.01,38.150,0.01,38.150,0.02,38.150,-0.01,38.150,0.01,38.150,0.04,38.150,0.00,38.150,-0.02,38.150,0.02,38.150,0.01,38.150,0.04,38.150,1.88,38.150,0.01,38.150,0.00,38.150,0.05,38.150,0.01,38.150,0.01,38.150,-0.02,38.150,0.13,38.150,-0.03,38.150,0.01,38.150,0.02,,,,,38.150,3.79,38.150,3.10,38.150,-0.03,38.150,0.01,,,,,,
38.200,0.04,,,38.200,0.00,,,38.200,-0.02,38.200,0.01,38.200,-0.01,38.200,-0.01,38.200,0.01,38.200,0.08,38.200,0.00,38.200,0.00,38.200,-0.02,38.200,-0.02,38.200,0.01,38.200,0.00,38.200,0.01,38.200,0.00,38.200,0.00,38.200,0.01,38.200,0.06,38.200,-0.02,38.200,0.00,38.200,0.00,38.200,0.01,38.200,0.01,38.200,-0.01,38.200,0.08,38.200,0.01,38.200,0.02,38.200,0.03,38.200,1.15,38.200,0.12,38.200,-0.01,38.200,0.00,38.200,0.01,38.200,0.01,38.200,-0.01,38.200,0.02,38.200,0.05,38.200,0.00,38.200,-0.02,38.200,0.02,38.200,0.00,38.200,0.04,38.200,2.10,38.200,-0.01,38.200,0.00,38.200,0.04,38.200,0.01,38.200,0.02,38.200,-0.03,38.200,0.29,38.200,-0.03,38.200,0.02,38.200,0.03,,,,,38.200,3.88,38.200,4.05,38.200,-0.03,38.200,0.01,,,,,,
38.250,0.05,,,38.250,0.01,,,38.250,0.00,38.250,0.01,38.250,-0.01,38.250,0.00,38.250,0.00,38.250,0.08,38.250,0.00,38.250,-0.01,38.250,-0.01,38.250,-0.02,38.250,0.00,38.250,0.00,38.250,0.01,38.250,0.00,38.250,0.01,38.250,0.00,38.250,0.02,38.250,-0.02,38.250,-0.01,38.250,-0.01,38.250,0.01,38.250,0.01,38.250,-0.01,38.250,0.09,38.250,0.01,38.250,0.02,38.250,0.05,38.250,1.55,38.250,0.22,38.250,-0.01,38.250,0.00,38.250,0.01,38.250,0.02,38.250,0.00,38.250,0.04,38.250,0.05,38.250,0.01,38.250,-0.01,38.250,0.02,38.250,0.02,38.250,0.04,38.250,2.46,38.250,-0.01,38.250,-0.01,38.250,0.05,38.250,0.02,38.250,0.02,38.250,-0.03,38.250,0.88,38.250,-0.03,38.250,0.03,38.250,0.02,,,,,38.250,4.52,38.250,3.90,38.250,-0.02,38.250,-0.01,,,,,,
38.300,0.06,,,38.300,0.00,,,38.300,0.01,38.300,0.01,38.300,0.00,38.300,-0.01,38.300,0.00,38.300,0.10,38.300,0.01,38.300,-0.01,38.300,-0.01,38.300,-0.02,38.300,0.00,38.300,0.00,38.300,0.01,38.300,0.01,38.300,0.01,38.300,0.00,38.300,0.01,38.300,-0.01,38.300,0.01,38.300,0.01,38.300,0.01,38.300,0.01,38.300,-0.01,38.300,0.14,38.300,0.00,38.300,0.03,38.300,0.04,38.300,2.07,38.300,0.51,38.300,-0.02,38.300,0.00,38.300,0.01,38.300,0.03,38.300,0.00,38.300,0.03,38.300,0.07,38.300,0.00,38.300,-0.02,38.300,0.02,38.300,0.02,38.300,0.05,38.300,2.59,38.300,0.00,38.300,0.00,38.300,0.05,38.300,0.01,38.300,0.02,38.300,-0.02,38.300,1.26,38.300,-0.03,38.300,0.02,38.300,0.02,,,,,38.300,4.87,38.300,3.77,38.300,-0.03,,,,,,,,
38.350,0.08,,,38.350,0.00,,,38.350,-0.01,38.350,0.02,38.350,0.00,38.350,-0.01,38.350,0.00,38.350,0.11,38.350,0.01,38.350,0.00,38.350,0.00,38.350,-0.03,38.350,0.00,38.350,-0.01,38.350,0.02,38.350,0.02,38.350,0.01,38.350,-0.01,38.350,-0.02,38.350,-0.01,38.350,-0.01,38.350,0.00,38.350,0.00,38.350,0.02,38.350,-0.01,38.350,0.44,38.350,0.00,38.350,0.02,38.350,0.05,38.350,2.39,38.350,1.31,38.350,-0.01,38.350,0.00,38.350,0.01,38.350,0.03,38.350,-0.01,38.350,0.04,38.350,0.09,38.350,-0.01,38.350,-0.02,38.350,0.02,38.350,0.01,38.350,0.06,38.350,0.09,38.350,0.00,38.350,-0.01,38.350,0.05,38.350,0.00,38.350,0.03,38.350,-0.03,38.350,1.45,38.350,-0.03,38.350,0.02,38.350,0.01,,,,,38.350,4.96,38.350,4.98,38.350,-0.03,,,,,,,,
38.400,0.14,,,38.400,0.00,,,38.400,0.01,38.400,0.01,38.400,-0.01,38.400,0.00,38.400,0.01,38.400,0.14,38.400,0.00,38.400,-0.01,38.400,0.01,38.400,-0.02,38.400,0.00,38.400,-0.01,38.400,0.01,38.400,0.01,38.400,0.00,38.400,-0.01,38.400,0.00,38.400,-0.01,38.400,0.00,38.400,-0.01,38.400,0.00,38.400,0.01,38.400,-0.01,38.400,1.45,38.400,0.01,38.400,0.02,38.400,0.05,38.400,2.56,38.400,1.15,38.400,-0.01,38.400,0.00,38.400,0.01,38.400,0.03,38.400,-0.01,38.400,0.04,38.400,0.17,38.400,0.01,38.400,-0.03,38.400,0.02,38.400,0.01,38.400,0.07,38.400,0.06,38.400,0.00,38.400,-0.01,38.400,0.05,38.400,0.01,38.400,0.01,38.400,-0.02,38.400,1.56,38.400,-0.02,38.400,0.02,38.400,0.01,,,,,38.400,4.85,38.400,0.23,38.400,-0.03,,,,,,,,
38.450,0.27,,,38.450,0.01,,,38.450,0.01,38.450,0.02,38.450,-0.01,38.450,0.00,38.450,0.01,38.450,0.22,38.450,0.00,38.450,0.00,38.450,0.00,38.450,-0.02,38.450,0.00,38.450,0.00,38.450,0.01,38.450,0.01,38.450,0.01,38.450,-0.01,38.450,0.00,38.450,-0.01,38.450,-0.01,38.450,-0.01,38.450,0.01,38.450,0.01,38.450,-0.02,38.450,0.23,38.450,0.00,38.450,0.03,38.450,0.05,38.450,1.88,38.450,0.23,38.450,-0.01,38.450,-0.01,38.450,0.01,38.450,0.06,38.450,-0.02,38.450,0.05,38.450,0.46,38.450,0.01,38.450,-0.02,38.450,0.02,38.450,0.00,38.450,0.08,38.450,0.00,38.450,0.00,38.450,-0.01,38.450,0.07,38.450,0.00,38.450,0.02,38.450,-0.02,38.450,1.47,38.450,-0.04,38.450,0.04,38.450,0.02,,,,,38.450,4.71,38.450,0.04,38.450,-0.03,,,,,,,,
38.500,0.46,,,38.500,0.01,,,38.500,0.00,38.500,0.01,38.500,-0.01,38.500,0.00,38.500,0.01,38.500,0.33,38.500,0.01,38.500,0.00,38.500,-0.01,38.500,-0.03,38.500,0.00,38.500,-0.01,38.500,0.02,38.500,0.00,38.500,0.00,38.500,-0.01,38.500,0.00,38.500,-0.01,38.500,-0.01,38.500,0.00,38.500,0.00,38.500,0.01,38.500,-0.02,38.500,0.06,38.500,-0.01,38.500,0.02,38.500,0.06,38.500,0.08,38.500,0.06,38.500,0.00,38.500,0.01,38.500,0.01,38.500,0.08,38.500,-0.01,38.500,0.05,38.500,0.08,38.500,0.02,38.500,-0.02,38.500,0.04,38.500,0.01,38.500,0.10,38.500,0.00,38.500,0.00,38.500,-0.01,38.500,0.08,38.500,0.00,38.500,0.02,38.500,-0.02,38.500,0.08,38.500,-0.03,38.500,0.04,38.500,0.02,,,,,38.500,4.98,38.500,-0.03,38.500,-0.03,,,,,,,,
38.550,0.94,,,38.550,0.01,,,38.550,0.00,38.550,0.02,38.550,-0.01,38.550,-0.01,38.550,0.01,38.550,0.38,38.550,0.00,38.550,0.00,38.550,-0.01,38.550,-0.03,38.550,-0.01,38.550,0.00,38.550,0.01,38.550,0.01,38.550,0.00,38.550,-0.02,38.550,-0.01,38.550,-0.01,38.550,0.00,38.550,0.01,38.550,0.00,38.550,0.00,38.550,-0.01,38.550,0.00,38.550,0.00,38.550,0.01,38.550,0.08,38.550,0.03,38.550,0.01,38.550,-0.01,38.550,0.01,38.550,0.00,38.550,0.14,38.550,-0.01,38.550,0.07,38.550,0.03,38.550,0.02,38.550,-0.02,38.550,0.02,38.550,0.01,38.550,0.11,38.550,0.00,38.550,-0.01,38.550,-0.01,38.550,0.08,38.550,0.01,38.550,0.02,38.550,-0.02,38.550,0.05,38.550,-0.03,38.550,0.05,38.550,0.02,,,,,38.550,0.15,38.550,-0.04,38.550,-0.02,,,,,,,,
38.600,1.33,,,38.600,0.02,,,38.600,0.01,38.600,0.01,38.600,-0.01,38.600,0.00,38.600,0.00,38.600,0.09,38.600,0.01,38.600,0.01,38.600,-0.01,38.600,-0.03,38.600,0.01,38.600,-0.01,38.600,0.02,38.600,0.00,38.600,0.01,38.600,-0.01,38.600,0.00,38.600,-0.01,38.600,-0.01,38.600,0.01,38.600,0.01,38.600,0.01,38.600,0.00,38.600,0.01,38.600,0.00,38.600,0.02,38.600,0.14,38.600,-0.01,38.600,-0.01,38.600,-0.01,38.600,-0.01,38.600,0.00,38.600,0.63,38.600,0.00,38.600,0.12,38.600,-0.01,38.600,0.03,38.600,-0.02,38.600,0.03,38.600,0.02,38.600,0.12,38.600,0.00,38.600,0.00,38.600,-0.02,38.600,0.09,38.600,0.01,38.600,0.02,38.600,-0.01,38.600,0.00,38.600,-0.03,38.600,0.06,,,,,,,38.600,0.06,38.600,-0.04,38.600,-0.03,,,,,,,,
38.650,1.55,,,38.650,0.01,,,38.650,0.01,38.650,0.02,38.650,-0.01,38.650,-0.01,38.650,0.00,38.650,0.05,38.650,0.01,38.650,-0.01,38.650,-0.01,38.650,-0.02,38.650,0.00,38.650,-0.01,38.650,0.04,38.650,0.00,38.650,0.00,38.650,-0.01,38.650,-0.01,38.650,-0.01,38.650,-0.01,38.650,0.02,38.650,0.01,38.650,0.00,38.650,-0.01,38.650,0.01,38.650,0.01,38.650,0.02,38.650,0.32,38.650,-0.01,38.650,0.00,38.650,-0.01,38.650,-0.01,38.650,0.00,38.650,1.98,38.650,0.00,38.650,0.40,38.650,0.00,38.650,0.04,38.650,-0.02,38.650,0.03,38.650,-0.01,38.650,0.16,38.650,0.00,38.650,0.00,38.650,-0.01,38.650,0.11,38.650,0.01,38.650,0.02,38.650,-0.02,38.650,0.00,38.650,-0.03,38.650,0.08,,,,,,,38.650,-0.01,38.650,-0.03,38.650,-0.04,,,,,,,,
38.700,1.60,,,38.700,0.02,,,38.700,0.00,38.700,0.01,38.700,-0.02,38.700,-0.01,38.700,0.01,38.700,0.01,38.700,0.02,38.700,-0.01,38.700,-0.01,38.700,-0.03,38.700,0.00,38.700,0.00,38.700,0.02,38.700,0.00,38.700,0.00,38.700,0.00,38.700,-0.01,38.700,-0.02,38.700,0.00,38.700,0.02,38.700,0.00,38.700,0.01,38.700,-0.01,38.700,0.01,38.700,0.00,38.700,0.02,38.700,0.89,38.700,-0.01,38.700,0.00,38.700,-0.01,38.700,0.01,38.700,0.00,38.700,0.93,38.700,-0.01,38.700,0.36,38.700,0.00,38.700,0.05,38.700,-0.02,38.700,0.04,38.700,0.05,38.700,0.25,38.700,-0.01,38.700,0.00,38.700,-0.02,38.700,0.15,38.700,0.01,38.700,0.01,38.700,0.00,38.700,0.00,38.700,-0.02,38.700,0.10,,,,,,,38.700,-0.02,38.700,-0.03,38.700,-0.03,,,,,,,,
38.750,1.60,,,38.750,0.02,,,38.750,0.00,38.750,0.00,38.750,0.03,38.750,-0.01,38.750,0.01,38.750,0.01,38.750,0.02,38.750,-0.01,38.750,0.00,38.750,-0.03,38.750,0.00,38.750,0.00,38.750,0.02,38.750,0.01,38.750,0.00,38.750,0.00,38.750,0.00,38.750,-0.02,38.750,0.00,38.750,0.00,38.750,0.00,38.750,0.00,38.750,-0.02,38.750,0.01,38.750,0.01,38.750,0.02,38.750,1.57,38.750,-0.01,38.750,0.01,38.750,0.00,38.750,0.00,38.750,0.01,38.750,0.06,38.750,-0.01,38.750,0.05,38.750,0.00,38.750,0.07,38.750,-0.01,38.750,0.04,38.750,0.02,38.750,0.42,38.750,0.00,38.750,0.00,38.750,-0.02,38.750,0.19,38.750,0.01,38.750,0.01,38.750,-0.02,38.750,0.01,38.750,-0.04,38.750,0.24,,,,,,,38.750,-0.02,38.750,-0.03,38.750,-0.02,,,,,,,,
38.800,1.76,,,38.800,0.01,,,38.800,0.00,38.800,0.01,38.800,0.02,38.800,-0.02,38.800,0.02,38.800,0.02,38.800,0.03,38.800,-0.01,38.800,-0.01,38.800,-0.02,38.800,-0.01,38.800,0.01,38.800,0.02,38.800,0.01,38.800,0.00,38.800,0.00,38.800,-0.01,38.800,-0.01,38.800,0.00,38.800,0.01,38.800,0.00,38.800,0.02,38.800,-0.01,38.800,0.01,38.800,0.00,38.800,0.02,38.800,2.33,38.800,-0.01,38.800,0.01,38.800,0.00,38.800,-0.01,38.800,0.00,38.800,0.00,38.800,0.01,38.800,0.00,38.800,0.01,38.800,0.09,38.800,-0.02,38.800,0.05,38.800,0.01,38.800,0.36,38.800,0.00,38.800,0.00,38.800,-0.03,38.800,0.28,38.800,0.01,38.800,0.02,38.800,-0.01,38.800,0.00,38.800,-0.02,38.800,1.15,,,,,,,38.800,-0.01,38.800,-0.04,38.800,-0.02,,,,,,,,
38.850,1.90,,,38.850,0.01,,,38.850,0.00,38.850,0.00,38.850,-0.01,38.850,-0.02,38.850,0.01,38.850,0.01,38.850,0.04,38.850,0.00,38.850,-0.01,38.850,-0.02,38.850,0.00,38.850,0.03,38.850,0.03,38.850,-0.01,38.850,0.01,38.850,0.00,38.850,0.01,38.850,-0.01,38.850,0.01,38.850,0.00,38.850,0.01,38.850,0.02,38.850,0.00,38.850,0.01,38.850,0.00,38.850,0.02,38.850,2.83,38.850,-0.01,38.850,0.01,38.850,-0.02,38.850,0.01,38.850,0.02,38.850,-0.02,38.850,-0.01,38.850,-0.02,38.850,0.00,38.850,0.15,38.850,-0.02,38.850,0.05,38.850,-0.01,38.850,0.10,38.850,-0.01,38.850,-0.01,38.850,0.01,38.850,0.43,38.850,0.00,38.850,0.03,38.850,-0.01,38.850,0.02,38.850,-0.03,38.850,1.67,,,,,,,38.850,-0.01,38.850,-0.03,38.850,-0.03,,,,,,,,
38.900,2.12,,,38.900,0.02,,,38.900,0.01,38.900,0.02,38.900,-0.02,38.900,-0.02,38.900,0.00,38.900,0.01,38.900,0.07,38.900,-0.01,38.900,-0.01,38.900,-0.02,38.900,0.00,38.900,-0.01,38.900,0.02,38.900,0.00,38.900,0.01,38.900,-0.01,38.900,0.02,38.900,-0.01,38.900,0.00,38.900,-0.01,38.900,0.01,38.900,0.02,38.900,-0.01,38.900,0.00,38.900,0.01,38.900,0.02,38.900,3.39,38.900,-0.01,38.900,0.00,38.900,-0.01,38.900,0.01,38.900,0.01,38.900,-0.01,38.900,-0.01,38.900,-0.01,38.900,0.01,38.900,0.26,38.900,-0.03,38.900,0.05,38.900,0.00,38.900,0.06,38.900,-0.01,38.900,-0.01,38.900,0.01,38.900,0.61,38.900,0.01,38.900,0.03,38.900,-0.02,38.900,0.00,38.900,-0.04,38.900,1.60,,,,,,,38.900,-0.03,38.900,-0.02,38.900,-0.02,,,,,,,,
38.950,2.33,,,38.950,0.01,,,38.950,0.00,38.950,0.00,38.950,-0.02,38.950,-0.02,38.950,0.01,38.950,0.01,38.950,0.08,38.950,0.00,38.950,-0.02,38.950,-0.02,38.950,-0.01,38.950,0.00,38.950,0.02,38.950,-0.01,38.950,0.00,38.950,-0.01,38.950,0.02,38.950,-0.01,38.950,0.00,38.950,-0.01,38.950,0.01,38.950,0.01,38.950,-0.01,38.950,0.01,38.950,0.01,38.950,0.02,38.950,0.06,38.950,-0.02,38.950,0.00,38.950,-0.01,38.950,0.00,38.950,0.01,38.950,-0.01,38.950,-0.01,38.950,0.00,38.950,0.00,38.950,0.54,38.950,-0.02,38.950,0.07,38.950,0.00,38.950,0.01,38.950,-0.01,38.950,0.00,38.950,-0.02,38.950,0.81,38.950,0.01,38.950,0.04,38.950,-0.02,38.950,0.01,38.950,-0.04,38.950,1.88,,,,,,,38.950,-0.02,38.950,-0.02,38.950,-0.04,,,,,,,,
39.000,2.52,,,39.000,0.01,,,39.000,0.00,39.000,0.00,39.000,-0.02,39.000,-0.01,39.000,0.00,39.000,0.02,39.000,0.12,39.000,-0.01,39.000,-0.01,39.000,-0.02,,,39.000,-0.01,39.000,0.01,39.000,-0.01,39.000,0.00,39.000,0.00,39.000,0.03,39.000,-0.01,39.000,0.00,39.000,-0.01,39.000,0.00,39.000,0.01,39.000,-0.02,39.000,0.01,39.000,0.02,39.000,0.02,39.000,0.04,39.000,-0.01,39.000,0.00,39.000,0.00,39.000,-0.01,39.000,0.01,39.000,-0.01,39.000,-0.01,39.000,-0.01,39.000,0.01,39.000,0.87,39.000,-0.02,39.000,0.06,39.000,0.00,39.000,0.02,39.000,-0.01,39.000,0.00,39.000,-0.01,39.000,0.39,39.000,0.01,39.000,0.03,39.000,-0.01,39.000,0.01,39.000,-0.03,39.000,2.65,,,,,,,39.000,-0.02,39.000,-0.03,39.000,-0.04,,,,,,,,
39.050,2.70,,,39.050,0.01,,,39.050,-0.01,39.050,0.00,39.050,-0.02,39.050,-0.01,39.050,0.00,39.050,0.02,39.050,0.24,39.050,0.00,39.050,-0.02,39.050,-0.02,,,39.050,0.00,39.050,0.02,39.050,0.00,39.050,0.00,39.050,0.00,39.050,0.04,39.050,-0.01,39.050,0.00,39.050,-0.01,39.050,0.01,39.050,0.01,39.050,0.00,39.050,0.01,39.050,0.03,39.050,0.01,39.050,-0.01,39.050,-0.01,39.050,0.01,39.050,-0.01,39.050,-0.01,39.050,0.01,39.050,-0.01,39.050,-0.01,39.050,-0.01,39.050,0.00,39.050,1.22,39.050,-0.01,39.050,0.07,39.050,0.01,39.050,0.02,39.050,-0.01,39.050,-0.02,39.050,-0.01,39.050,0.07,39.050,0.01,39.050,0.03,39.050,-0.02,39.050,0.01,39.050,-0.04,39.050,2.88,,,,,,,39.050,-0.02,39.050,-0.03,39.050,-0.03,,,,,,,,
39.100,0.34,,,39.100,0.01,,,39.100,0.00,39.100,0.00,39.100,-0.01,39.100,-0.01,39.100,0.00,39.100,0.01,39.100,0.56,39.100,0.01,39.100,-0.01,39.100,-0.02,,,39.100,-0.01,39.100,0.01,39.100,0.01,39.100,0.00,39.100,0.00,39.100,0.06,39.100,-0.02,39.100,0.00,39.100,-0.01,39.100,0.02,39.100,0.01,39.100,0.00,39.100,0.01,39.100,0.04,39.100,0.03,39.100,-0.02,39.100,0.00,39.100,0.00,39.100,0.00,39.100,0.00,39.100,0.01,39.100,0.00,39.100,0.00,39.100,-0.01,39.100,0.00,39.100,1.56,39.100,-0.02,39.100,0.08,39.100,0.01,39.100,0.02,39.100,-0.01,39.100,-0.01,39.100,-0.02,39.100,0.04,39.100,0.01,39.100,0.04,39.100,-0.02,39.100,0.01,39.100,-0.03,39.100,3.54,,,,,,,39.100,-0.03,39.100,-0.02,39.100,-0.03,,,,,,,,
39.150,0.06,,,39.150,0.00,,,39.150,-0.01,39.150,0.00,39.150,-0.02,39.150,-0.01,39.150,0.01,39.150,0.01,39.150,1.15,39.150,0.01,39.150,-0.02,39.150,-0.02,,,39.150,-0.01,39.150,0.02,39.150,0.00,39.150,0.00,39.150,-0.01,39.150,0.07,39.150,-0.01,39.150,0.01,39.150,0.00,39.150,0.01,39.150,0.01,39.150,0.01,39.150,0.01,39.150,0.03,39.150,0.02,39.150,-0.02,39.150,-0.01,39.150,0.00,39.150,0.00,39.150,0.01,39.150,0.02,39.150,0.00,39.150,0.00,39.150,0.00,39.150,-0.01,39.150,1.96,39.150,0.00,39.150,0.08,39.150,0.01,39.150,0.02,39.150,-0.02,39.150,-0.01,39.150,-0.02,39.150,-0.01,39.150,0.02,39.150,0.04,39.150,-0.01,39.150,0.00,39.150,-0.03,39.150,3.76,,,,,,,39.150,-0.03,39.150,-0.02,39.150,-0.04,,,,,,,,
39.200,-0.01,,,39.200,-0.01,,,39.200,0.01,39.200,0.01,39.200,-0.01,39.200,0.00,39.200,0.01,39.200,0.01,39.200,1.38,39.200,0.00,39.200,-0.01,39.200,-0.02,,,39.200,-0.01,39.200,0.01,39.200,-0.01,39.200,-0.01,39.200,-0.01,39.200,0.09,39.200,-0.02,39.200,-0.01,39.200,-0.01,39.200,0.00,39.200,0.02,39.200,-0.02,39.200,0.01,39.200,0.03,39.200,0.02,39.200,-0.02,39.200,-0.01,39.200,0.01,39.200,0.02,39.200,0.02,39.200,0.02,39.200,-0.01,39.200,0.00,39.200,-0.01,39.200,0.00,39.200,2.42,39.200,0.00,39.200,0.08,39.200,0.01,39.200,0.02,39.200,-0.01,39.200,-0.01,39.200,-0.01,39.200,-0.01,39.200,0.01,39.200,0.05,39.200,-0.01,39.200,0.01,39.200,-0.02,39.200,4.09,,,,,,,39.200,-0.01,39.200,-0.03,39.200,-0.03,,,,,,,,
39.250,-0.01,,,39.250,0.00,,,39.250,0.01,39.250,0.00,39.250,-0.01,39.250,-0.01,39.250,-0.01,39.250,0.00,39.250,1.58,39.250,0.00,39.250,-0.02,39.250,-0.02,,,39.250,-0.01,39.250,0.02,39.250,-0.01,39.250,0.00,39.250,-0.01,39.250,0.16,39.250,-0.01,39.250,0.00,39.250,-0.01,39.250,0.01,39.250,0.01,39.250,0.00,39.250,0.01,39.250,0.03,39.250,0.02,39.250,-0.01,39.250,-0.01,39.250,0.01,39.250,0.03,39.250,0.01,39.250,0.01,39.250,-0.01,39.250,0.00,39.250,-0.01,39.250,0.01,39.250,2.84,39.250,0.00,39.250,0.09,39.250,0.02,39.250,0.03,39.250,0.00,39.250,-0.01,39.250,-0.01,39.250,0.00,39.250,0.00,39.250,0.05,39.250,-0.01,39.250,0.01,39.250,-0.03,39.250,4.22,,,,,,,39.250,-0.01,39.250,-0.02,39.250,-0.03,,,,,,,,
39.300,-0.01,,,39.300,-0.01,,,39.300,0.01,39.300,-0.01,39.300,0.00,39.300,-0.01,39.300,0.00,39.300,0.01,39.300,2.00,39.300,-0.01,39.300,-0.02,39.300,-0.02,,,39.300,0.00,39.300,0.01,39.300,-0.01,39.300,0.00,39.300,-0.02,39.300,0.32,39.300,-0.01,39.300,-0.01,39.300,0.00,39.300,0.01,39.300,0.01,39.300,-0.01,39.300,0.00,39.300,0.04,39.300,0.02,39.300,0.00,39.300,-0.01,39.300,0.00,39.300,0.02,39.300,0.02,39.300,0.03,39.300,-0.01,39.300,-0.01,39.300,0.00,39.300,0.00,39.300,0.05,39.300,0.01,39.300,0.10,39.300,0.01,39.300,0.02,39.300,-0.01,39.300,-0.01,39.300,-0.01,39.300,0.00,39.300,0.01,39.300,0.05,39.300,-0.01,39.300,0.00,39.300,-0.03,39.300,4.26,,,,,,,39.300,-0.01,39.300,-0.02,39.300,-0.02,,,,,,,,
39.350,-0.02,,,39.350,0.00,,,39.350,0.00,39.350,0.00,39.350,0.02,39.350,0.00,39.350,-0.01,39.350,0.02,39.350,2.59,39.350,0.01,39.350,-0.02,39.350,-0.01,,,39.350,0.01,39.350,0.01,39.350,-0.01,39.350,0.00,39.350,-0.01,39.350,0.66,39.350,-0.01,39.350,-0.01,39.350,-0.01,39.350,0.00,39.350,0.01,39.350,0.00,39.350,0.00,39.350,0.04,39.350,0.02,39.350,-0.02,39.350,-0.01,39.350,0.00,39.350,0.03,39.350,0.03,39.350,0.05,39.350,0.01,39.350,0.00,39.350,-0.01,39.350,0.00,39.350,0.03,39.350,0.00,39.350,0.12,39.350,0.01,39.350,0.02,39.350,-0.01,39.350,0.00,39.350,-0.03,39.350,-0.01,39.350,0.02,39.350,0.07,39.350,-0.01,39.350,0.01,39.350,-0.03,39.350,1.76,,,,,,,39.350,-0.01,39.350,-0.02,39.350,-0.04,,,,,,,,
39.400,-0.03,,,39.400,0.01,,,39.400,0.00,39.400,-0.01,39.400,0.02,39.400,0.00,39.400,0.00,39.400,0.02,39.400,0.34,39.400,0.01,39.400,-0.01,39.400,-0.02,,,39.400,0.00,39.400,0.01,39.400,-0.01,39.400,-0.01,39.400,0.00,39.400,1.09,39.400,0.00,39.400,-0.01,39.400,0.01,39.400,0.00,39.400,0.02,39.400,0.00,39.400,0.00,39.400,0.05,39.400,0.02,39.400,-0.01,39.400,-0.02,39.400,0.00,39.400,0.03,39.400,0.04,39.400,0.04,39.400,-0.01,39.400,-0.01,39.400,-0.02,39.400,0.00,39.400,-0.01,39.400,0.00,39.400,0.15,39.400,0.01,39.400,0.03,39.400,-0.02,39.400,0.00,39.400,-0.02,39.400,0.00,39.400,0.01,39.400,0.07,39.400,-0.01,39.400,0.01,39.400,-0.02,39.400,0.08,,,,,,,39.400,-0.01,39.400,-0.02,39.400,-0.03,,,,,,,,
39.450,-0.03,,,39.450,0.01,,,39.450,0.00,39.450,-0.01,39.450,0.03,39.450,-0.01,39.450,0.00,39.450,0.03,39.450,0.05,39.450,0.00,39.450,-0.01,39.450,-0.02,,,39.450,-0.01,39.450,0.01,39.450,-0.01,39.450,0.00,39.450,0.00,39.450,1.44,39.450,0.00,39.450,0.00,39.450,0.01,39.450,0.01,39.450,0.02,39.450,0.01,39.450,0.00,39.450,0.06,39.450,0.02,39.450,-0.01,39.450,-0.02,39.450,-0.01,39.450,0.03,39.450,0.05,39.450,0.02,39.450,-0.01,39.450,0.00,39.450,-0.02,39.450,0.00,39.450,-0.01,39.450,-0.01,39.450,0.27,39.450,0.00,39.450,0.02,39.450,-0.01,39.450,0.00,39.450,-0.02,39.450,0.00,39.450,0.01,39.450,0.08,39.450,-0.01,39.450,0.00,39.450,-0.02,39.450,0.01,,,,,,,39.450,-0.01,39.450,-0.02,39.450,-0.03,,,,,,,,
39.500,-0.03,,,39.500,0.01,,,39.500,0.01,39.500,0.00,39.500,0.03,39.500,0.00,39.500,0.01,39.500,0.01,39.500,-0.01,39.500,0.00,39.500,-0.01,39.500,-0.02,,,39.500,-0.01,39.500,0.02,39.500,-0.01,39.500,0.00,39.500,-0.01,39.500,1.80,39.500,-0.01,39.500,-0.01,39.500,0.00,39.500,0.01,39.500,0.03,39.500,0.01,39.500,0.00,39.500,0.07,39.500,0.02,39.500,-0.01,39.500,-0.02,39.500,0.00,39.500,0.04,39.500,0.05,39.500,0.00,39.500,-0.01,39.500,0.00,39.500,0.00,39.500,0.00,39.500,-0.02,39.500,-0.01,39.500,0.79,39.500,0.01,39.500,0.03,39.500,-0.02,39.500,0.00,39.500,-0.03,39.500,0.01,39.500,0.00,39.500,0.08,39.500,-0.02,39.500,0.01,39.500,-0.03,39.500,0.01,,,,,,,39.500,-0.01,39.500,-0.02,39.500,-0.04,,,,,,,,
39.550,-0.02,,,39.550,0.01,,,39.550,0.00,39.550,0.01,39.550,0.02,39.550,-0.01,39.550,0.01,39.550,0.01,39.550,-0.02,39.550,0.00,39.550,-0.01,39.550,-0.02,,,39.550,0.00,39.550,0.01,39.550,0.00,39.550,0.00,39.550,-0.02,39.550,2.48,39.550,0.00,39.550,0.00,39.550,0.01,39.550,0.01,39.550,0.04,39.550,0.01,39.550,0.00,39.550,0.09,39.550,0.02,39.550,-0.01,39.550,-0.01,39.550,-0.01,39.550,0.05,39.550,0.05,39.550,0.02,39.550,-0.01,39.550,0.00,39.550,0.00,39.550,0.00,39.550,-0.02,39.550,-0.01,39.550,0.77,39.550,0.01,39.550,0.01,39.550,0.00,39.550,0.00,39.550,-0.02,39.550,0.01,39.550,0.01,39.550,0.09,39.550,-0.01,39.550,0.01,39.550,-0.02,39.550,0.00,,,,,,,39.550,0.00,39.550,-0.02,39.550,-0.04,,,,,,,,
39.600,-0.02,,,39.600,0.01,,,39.600,0.00,39.600,0.00,39.600,0.03,39.600,-0.01,39.600,0.00,39.600,0.02,39.600,0.01,39.600,0.00,39.600,-0.01,39.600,-0.02,,,39.600,0.01,39.600,0.01,39.600,0.00,39.600,0.00,39.600,0.00,39.600,3.26,39.600,0.00,39.600,-0.01,39.600,0.01,39.600,0.01,39.600,0.03,39.600,0.01,39.600,0.01,39.600,0.18,39.600,0.03,39.600,0.00,39.600,-0.01,39.600,0.00,39.600,0.05,39.600,0.05,39.600,0.01,39.600,-0.01,39.600,-0.02,39.600,0.00,39.600,0.00,39.600,-0.01,39.600,-0.02,39.600,0.09,39.600,0.03,39.600,0.02,39.600,0.00,39.600,0.00,39.600,-0.01,39.600,0.00,39.600,0.00,39.600,0.13,39.600,-0.02,39.600,0.01,39.600,-0.02,39.600,0.01,,,,,,,39.600,0.00,39.600,-0.02,39.600,-0.03,,,,,,,,
39.650,-0.01,,,39.650,0.02,,,39.650,0.00,39.650,-0.01,39.650,0.03,39.650,-0.01,39.650,0.00,39.650,0.02,39.650,0.00,39.650,0.00,39.650,-0.01,39.650,-0.02,,,39.650,0.03,39.650,0.00,39.650,0.01,39.650,0.01,39.650,0.01,39.650,0.10,39.650,-0.01,39.650,0.00,39.650,0.00,39.650,0.01,39.650,-0.01,39.650,-0.01,39.650,0.01,39.650,0.76,39.650,0.02,39.650,-0.01,39.650,-0.01,39.650,0.00,39.650,0.06,39.650,0.06,39.650,0.01,39.650,-0.01,39.650,0.03,39.650,-0.01,39.650,0.00,39.650,-0.01,39.650,-0.02,39.650,0.04,39.650,0.03,39.650,0.01,39.650,0.00,39.650,0.01,39.650,-0.02,39.650,0.00,39.650,-0.01,39.650,0.13,39.650,-0.02,39.650,0.01,39.650,-0.03,39.650,0.01,,,,,,,39.650,-0.01,39.650,-0.03,39.650,-0.03,,,,,,,,
39.700,-0.01,,,39.700,0.02,,,39.700,0.00,39.700,0.01,39.700,0.05,39.700,-0.01,39.700,0.00,39.700,0.01,39.700,0.00,39.700,0.00,39.700,0.00,39.700,-0.03,,,39.700,0.02,39.700,0.01,39.700,0.01,39.700,0.00,39.700,0.01,39.700,0.05,39.700,0.03,39.700,0.01,39.700,0.01,39.700,0.01,39.700,-0.01,39.700,0.00,39.700,0.01,39.700,0.12,39.700,0.01,39.700,-0.01,39.700,-0.01,39.700,-0.01,39.700,0.06,39.700,0.09,39.700,0.02,39.700,-0.01,39.700,0.02,39.700,0.00,39.700,0.01,39.700,-0.02,39.700,-0.01,39.700,0.01,39.700,0.03,39.700,0.02,39.700,-0.01,39.700,0.04,39.700,-0.01,39.700,0.00,39.700,0.01,39.700,0.15,39.700,-0.01,39.700,0.00,39.700,-0.02,39.700,0.01,,,,,,,39.700,-0.01,39.700,-0.02,39.700,-0.04,,,,,,,,
39.750,0.00,,,39.750,0.04,,,39.750,0.00,39.750,0.01,39.750,0.04,39.750,-0.01,39.750,0.01,39.750,0.02,39.750,-0.01,39.750,0.00,39.750,0.00,39.750,-0.02,,,39.750,0.03,39.750,0.01,39.750,0.01,39.750,0.00,39.750,0.02,39.750,-0.02,39.750,0.02,39.750,0.01,39.750,0.03,39.750,0.01,39.750,0.00,39.750,0.01,39.750,0.00,39.750,0.05,39.750,0.02,39.750,-0.01,39.750,-0.01,39.750,0.00,39.750,0.07,39.750,0.13,39.750,0.02,39.750,-0.01,39.750,0.00,39.750,0.00,39.750,0.01,39.750,-0.01,39.750,0.00,39.750,0.02,39.750,0.04,39.750,0.01,39.750,0.00,39.750,0.04,39.750,-0.02,39.750,0.01,39.750,0.01,39.750,0.18,39.750,-0.01,39.750,0.01,39.750,-0.03,39.750,0.00,,,,,,,39.750,0.00,39.750,-0.03,39.750,-0.03,,,,,,,,
39.800,0.00,,,39.800,0.03,,,39.800,-0.01,39.800,0.00,39.800,0.06,39.800,-0.01,39.800,0.00,39.800,0.02,39.800,-0.01,39.800,-0.01,39.800,-0.01,39.800,-0.02,,,39.800,0.02,39.800,0.01,39.800,0.01,39.800,0.00,39.800,0.01,39.800,-0.01,39.800,-0.02,39.800,0.01,39.800,0.03,39.800,0.02,39.800,0.00,39.800,0.01,39.800,-0.01,39.800,-0.01,39.800,0.01,39.800,-0.01,39.800,-0.01,39.800,-0.01,39.800,0.07,39.800,0.28,39.800,0.03,39.800,-0.01,39.800,0.01,39.800,0.00,39.800,0.01,39.800,-0.01,39.800,0.02,39.800,0.02,39.800,0.04,39.800,0.02,39.800,-0.01,39.800,0.02,39.800,-0.01,39.800,0.00,39.800,0.01,39.800,0.23,39.800,-0.01,39.800,0.01,39.800,-0.03,39.800,0.00,,,,,,,39.800,-0.01,39.800,-0.02,39.800,-0.03,,,,,,,,
39.850,-0.01,,,39.850,0.04,,,39.850,0.01,39.850,0.00,39.850,0.06,39.850,-0.02,39.850,0.00,39.850,0.01,39.850,0.00,39.850,0.00,39.850,-0.01,39.850,-0.01,,,39.850,0.02,39.850,-0.01,39.850,0.00,39.850,0.00,39.850,0.01,39.850,0.00,39.850,-0.02,39.850,0.02,39.850,0.00,39.850,0.01,39.850,0.01,39.850,0.02,39.850,0.01,39.850,0.01,39.850,0.02,39.850,0.00,39.850,-0.01,39.850,-0.01,39.850,0.08,39.850,0.35,39.850,0.03,39.850,-0.02,39.850,0.00,39.850,0.01,39.850,0.01,39.850,-0.02,39.850,0.03,39.850,0.02,39.850,0.04,39.850,0.02,39.850,0.00,39.850,0.00,39.850,-0.01,39.850,0.00,39.850,0.01,39.850,0.37,39.850,-0.01,39.850,0.02,39.850,-0.03,39.850,0.01,,,,,,,39.850,-0.01,39.850,-0.02,39.850,-0.03,,,,,,,,
39.900,0.00,,,39.900,0.04,,,39.900,-0.01,39.900,0.01,39.900,0.06,39.900,-0.01,39.900,-0.01,39.900,0.02,39.900,0.00,39.900,0.01,39.900,-0.01,39.900,-0.01,,,39.900,0.04,39.900,0.06,39.900,0.00,39.900,-0.01,39.900,0.03,39.900,-0.02,39.900,-0.02,39.900,0.01,39.900,0.01,39.900,0.00,39.900,0.01,39.900,0.01,39.900,0.01,39.900,0.01,39.900,0.01,39.900,0.00,39.900,-0.01,39.900,0.00,39.900,0.10,39.900,0.07,39.900,0.03,39.900,-0.01,39.900,0.00,39.900,-0.01,39.900,0.02,39.900,-0.02,39.900,0.04,39.900,0.02,39.900,0.05,39.900,0.01,39.900,0.00,39.900,0.00,39.900,0.00,39.900,-0.01,39.900,0.01,39.900,0.83,39.900,-0.01,39.900,0.01,39.900,-0.03,39.900,0.01,,,,,,,,,39.900,-0.03,39.900,-0.03,,,,,,,,
39.950,-0.01,,,39.950,0.06,,,39.950,-0.01,39.950,0.01,39.950,0.09,39.950,-0.02,39.950,-0.01,39.950,0.01,39.950,0.00,39.950,0.01,39.950,0.00,39.950,-0.01,,,39.950,0.05,39.950,0.04,39.950,0.01,39.950,0.00,39.950,0.05,39.950,0.00,39.950,-0.02,39.950,0.01,39.950,0.00,39.950,0.00,39.950,0.01,39.950,0.01,39.950,0.01,39.950,0.00,39.950,0.01,39.950,0.01,39.950,0.00,39.950,0.01,39.950,0.17,39.950,0.03,39.950,0.03,39.950,-0.01,39.950,0.00,39.950,0.00,39.950,0.02,39.950,-0.01,39.950,0.06,39.950,0.03,39.950,0.05,39.950,0.02,39.950,-0.01,39.950,0.00,39.950,0.00,39.950,0.00,39.950,0.00,39.950,1.06,39.950,0.04,39.950,0.00,39.950,-0.03,39.950,0.01,,,,,,,,,39.950,-0.04,39.950,-0.03,,,,,,,,
40.000,-0.01,,,40.000,0.08,,,40.000,0.00,40.000,0.02,40.000,0.14,40.000,-0.01,40.000,0.00,40.000,0.01,40.000,0.00,40.000,0.00,40.000,-0.01,40.000,-0.02,,,40.000,0.07,40.000,0.01,40.000,0.00,40.000,0.00,40.000,0.05,40.000,0.00,40.000,-0.01,40.000,0.01,40.000,0.01,40.000,0.00,40.000,-0.01,40.000,0.03,40.000,0.01,40.000,0.00,40.000,0.02,40.000,0.01,40.000,0.00,40.000,0.00,40.000,0.25,40.000,-0.02,40.000,0.04,40.000,-0.01,40.000,0.00,40.000,-0.01,40.000,0.01,40.000,-0.02,40.000,0.09,40.000,0.03,40.000,0.06,40.000,0.02,40.000,-0.01,40.000,0.00,40.000,0.01,40.000,0.00,40.000,0.01,40.000,0.98,40.000,0.12,40.000,0.00,40.000,-0.04,40.000,0.00,,,,,,,,,40.000,-0.03,40.000,-0.03,,,,,,,,
40.050,0.00,,,40.050,0.12,,,40.050,-0.01,40.050,0.03,40.050,0.27,40.050,-0.01,40.050,0.00,40.050,0.01,40.050,0.00,40.050,0.01,40.050,-0.02,40.050,-0.02,,,40.050,0.08,40.050,0.01,40.050,0.00,40.050,0.00,40.050,0.08,40.050,-0.01,40.050,-0.02,40.050,0.00,40.050,0.01,40.050,0.01,40.050,0.02,40.050,0.05,40.050,0.01,40.050,0.01,40.050,0.03,40.050,0.00,40.050,0.00,40.050,-0.02,40.050,0.42,40.050,-0.02,40.050,0.03,40.050,-0.01,40.050,-0.01,40.050,-0.01,40.050,0.01,40.050,-0.01,40.050,0.36,40.050,0.04,40.050,0.05,40.050,0.02,40.050,-0.01,40.050,0.00,40.050,0.02,40.050,0.00,40.050,0.01,40.050,0.88,40.050,-0.01,40.050,0.00,40.050,-0.04,40.050,0.01,,,,,,,,,40.050,-0.03,40.050,-0.03,,,,,,,,
40.100,-0.01,,,40.100,0.21,,,40.100,0.00,40.100,0.04,40.100,0.64,40.100,-0.01,40.100,-0.01,40.100,0.02,40.100,0.01,40.100,0.01,40.100,0.00,40.100,-0.02,,,40.100,0.09,40.100,0.01,40.100,0.01,40.100,0.00,40.100,0.08,40.100,-0.01,40.100,-0.01,40.100,-0.01,40.100,0.01,40.100,0.00,40.100,0.03,40.100,0.04,40.100,0.01,40.100,0.01,40.100,0.02,40.100,0.00,40.100,0.00,40.100,-0.01,40.100,0.72,40.100,0.00,40.100,0.03,40.100,-0.01,40.100,0.00,40.100,-0.01,40.100,0.01,40.100,-0.02,40.100,2.15,40.100,0.02,40.100,0.06,40.100,0.01,40.100,-0.02,40.100,0.00,40.100,0.02,40.100,0.00,40.100,0.01,40.100,0.87,40.100,0.01,40.100,0.01,40.100,-0.03,40.100,0.01,,,,,,,,,40.100,-0.02,40.100,-0.03,,,,,,,,
40.150,-0.01,,,40.150,0.55,,,40.150,-0.01,40.150,0.03,40.150,1.22,40.150,-0.01,40.150,0.00,40.150,0.01,40.150,0.01,40.150,0.01,40.150,-0.01,40.150,-0.02,,,40.150,0.10,40.150,0.01,40.150,0.02,40.150,0.00,40.150,0.08,40.150,0.00,40.150,-0.01,40.150,0.00,40.150,0.01,40.150,0.01,40.150,0.03,40.150,0.04,40.150,0.02,40.150,0.01,40.150,0.02,40.150,-0.01,40.150,-0.01,40.150,-0.01,40.150,0.32,40.150,-0.01,40.150,0.03,40.150,-0.01,40.150,0.00,40.150,-0.01,40.150,0.02,40.150,-0.02,40.150,0.14,40.150,0.02,40.150,0.06,40.150,0.01,40.150,0.00,40.150,0.00,40.150,0.04,40.150,0.00,40.150,0.00,40.150,0.86,40.150,0.01,40.150,0.00,40.150,-0.03,40.150,0.01,,,,,,,,,40.150,-0.02,40.150,-0.02,,,,,,,,
40.200,0.00,,,40.200,1.19,,,40.200,-0.02,40.200,0.04,40.200,1.61,40.200,-0.01,40.200,0.00,40.200,0.02,40.200,0.00,40.200,0.01,40.200,-0.01,40.200,-0.02,,,40.200,0.15,40.200,0.01,40.200,0.03,40.200,0.00,40.200,0.11,40.200,-0.01,40.200,-0.02,40.200,-0.01,40.200,0.01,40.200,0.01,40.200,0.05,40.200,0.05,40.200,0.02,40.200,0.01,40.200,0.01,40.200,0.00,40.200,-0.01,40.200,0.00,40.200,0.06,40.200,0.00,40.200,0.04,40.200,-0.02,40.200,0.00,40.200,0.00,40.200,0.01,40.200,-0.02,40.200,0.05,40.200,0.02,40.200,0.09,40.200,0.01,40.200,-0.02,40.200,0.01,40.200,0.04,40.200,0.00,40.200,0.00,40.200,0.89,40.200,-0.01,40.200,0.00,40.200,-0.02,40.200,0.01,,,,,,,,,40.200,-0.02,40.200,-0.04,,,,,,,,
40.250,-0.01,,,40.250,0.08,,,40.250,0.00,40.250,0.04,40.250,2.03,40.250,-0.01,40.250,0.00,40.250,0.02,40.250,0.01,40.250,0.01,40.250,-0.01,40.250,-0.02,,,40.250,0.35,40.250,0.00,40.250,0.04,40.250,0.01,40.250,0.13,40.250,0.00,40.250,-0.01,40.250,-0.01,40.250,0.01,40.250,0.00,40.250,0.06,40.250,0.06,40.250,0.01,40.250,0.01,40.250,0.02,40.250,0.00,40.250,-0.01,40.250,0.00,40.250,0.01,40.250,-0.01,40.250,0.06,40.250,-0.01,40.250,-0.01,40.250,0.00,40.250,0.00,40.250,-0.01,40.250,-0.02,40.250,0.02,40.250,0.11,40.250,0.01,40.250,-0.01,40.250,0.00,40.250,0.06,40.250,0.00,40.250,0.02,40.250,1.11,40.250,-0.04,40.250,0.00,40.250,-0.03,40.250,0.00,,,,,,,,,40.250,-0.03,40.250,-0.03,,,,,,,,
40.300,-0.01,,,40.300,0.05,,,40.300,0.00,40.300,0.05,40.300,0.85,40.300,0.00,40.300,0.00,40.300,0.01,40.300,0.00,40.300,0.01,40.300,0.00,40.300,-0.02,,,40.300,1.32,40.300,0.00,40.300,0.03,40.300,0.01,40.300,0.24,40.300,0.01,40.300,-0.01,40.300,0.00,40.300,0.00,40.300,0.00,40.300,0.09,40.300,0.09,40.300,0.00,40.300,0.00,40.300,0.02,40.300,0.00,40.300,-0.01,40.300,0.01,40.300,-0.02,40.300,0.00,40.300,0.05,40.300,-0.01,40.300,-0.01,40.300,-0.01,40.300,0.01,40.300,-0.02,40.300,-0.01,40.300,0.02,40.300,0.14,40.300,0.01,40.300,0.00,40.300,-0.01,40.300,0.08,40.300,0.00,40.300,0.03,40.300,1.36,40.300,-0.03,40.300,-0.01,40.300,-0.03,40.300,0.01,,,,,,,,,,,40.300,-0.03,,,,,,,,
40.350,-0.01,,,40.350,0.00,,,40.350,-0.01,40.350,0.07,40.350,0.04,40.350,-0.01,40.350,-0.01,40.350,0.01,40.350,0.00,40.350,0.01,40.350,-0.02,40.350,-0.03,,,40.350,2.27,40.350,0.01,40.350,0.04,40.350,0.00,40.350,0.43,40.350,0.00,40.350,-0.02,40.350,-0.01,40.350,0.00,40.350,-0.01,40.350,0.16,40.350,0.21,40.350,0.00,40.350,0.00,40.350,0.00,40.350,0.00,40.350,-0.01,40.350,0.00,40.350,0.00,40.350,-0.01,40.350,0.06,40.350,-0.01,40.350,0.00,40.350,0.00,40.350,0.01,40.350,-0.02,40.350,-0.01,40.350,0.02,40.350,0.21,40.350,0.01,40.350,0.01,40.350,0.01,40.350,0.16,40.350,0.00,40.350,0.04,40.350,1.42,40.350,-0.02,40.350,0.00,40.350,-0.03,40.350,0.01,,,,,,,,,,,40.350,-0.03,,,,,,,,
40.400,-0.01,,,40.400,0.01,,,40.400,0.00,40.400,0.09,40.400,-0.01,40.400,-0.02,40.400,-0.01,40.400,0.01,40.400,0.00,40.400,0.02,40.400,-0.01,40.400,-0.03,,,40.400,2.71,40.400,0.02,40.400,0.05,40.400,0.01,40.400,0.23,40.400,0.01,40.400,-0.01,40.400,0.00,40.400,0.00,40.400,-0.01,40.400,0.62,40.400,0.59,40.400,0.00,40.400,0.00,40.400,0.01,40.400,0.01,40.400,-0.01,40.400,0.01,40.400,0.00,40.400,-0.01,40.400,0.07,40.400,0.00,40.400,0.00,40.400,0.00,40.400,0.00,40.400,-0.01,40.400,-0.01,40.400,0.02,40.400,0.33,40.400,0.01,40.400,0.04,40.400,0.00,40.400,0.47,40.400,0.00,40.400,0.04,40.400,1.22,40.400,-0.02,40.400,0.00,40.400,-0.03,40.400,0.00,,,,,,,,,,,40.400,-0.04,,,,,,,,
40.450,0.00,,,40.450,0.01,,,40.450,0.00,40.450,0.10,40.450,-0.03,40.450,-0.01,40.450,-0.02,40.450,0.01,40.450,0.00,40.450,0.02,40.450,0.00,40.450,-0.03,,,40.450,2.67,40.450,0.01,40.450,0.06,40.450,0.01,40.450,0.05,40.450,0.01,40.450,0.00,40.450,0.00,40.450,0.00,40.450,-0.01,40.450,1.60,40.450,1.50,40.450,0.01,40.450,0.01,40.450,0.01,40.450,0.00,40.450,0.00,40.450,0.03,40.450,-0.01,40.450,-0.02,40.450,0.09,40.450,0.05,40.450,-0.01,40.450,0.00,40.450,0.01,40.450,-0.02,40.450,0.00,40.450,0.02,40.450,0.68,40.450,0.00,40.450,0.02,40.450,0.01,40.450,1.29,40.450,0.01,40.450,0.05,40.450,1.13,40.450,-0.02,40.450,0.01,40.450,-0.03,40.450,0.00,,,,,,,,,,,40.450,-0.02,,,,,,,,
40.500,-0.01,,,40.500,0.00,,,40.500,-0.01,40.500,0.11,40.500,-0.01,40.500,-0.02,40.500,-0.01,40.500,0.01,40.500,0.01,40.500,0.01,40.500,0.00,40.500,-0.02,,,40.500,0.27,40.500,0.01,40.500,0.07,40.500,0.00,40.500,-0.01,40.500,0.00,40.500,0.01,40.500,-0.01,40.500,0.00,40.500,-0.01,40.500,2.05,40.500,2.30,40.500,0.01,40.500,0.01,40.500,0.01,40.500,-0.01,40.500,0.00,40.500,0.00,40.500,0.00,40.500,-0.01,40.500,0.11,40.500,0.02,40.500,0.00,40.500,-0.01,40.500,0.02,40.500,-0.01,40.500,0.00,40.500,0.02,40.500,0.55,40.500,0.01,40.500,0.00,40.500,0.01,40.500,0.16,40.500,0.01,40.500,0.04,40.500,1.16,40.500,-0.02,40.500,-0.01,40.500,-0.04,40.500,0.00,,,,,,,,,,,40.500,-0.03,,,,,,,,
40.550,-0.01,,,40.550,0.02,,,40.550,-0.01,40.550,0.16,40.550,-0.02,40.550,-0.01,40.550,0.00,40.550,0.02,40.550,0.00,40.550,0.01,40.550,0.00,40.550,-0.01,,,40.550,0.06,40.550,0.01,40.550,0.10,40.550,0.01,40.550,0.00,40.550,0.00,40.550,0.01,40.550,0.00,40.550,0.00,40.550,0.00,40.550,2.22,40.550,1.16,40.550,0.01,40.550,0.00,40.550,0.01,40.550,-0.01,40.550,-0.01,40.550,0.00,40.550,0.00,40.550,-0.01,40.550,0.19,40.550,-0.04,40.550,0.01,40.550,-0.02,40.550,0.01,40.550,-0.01,40.550,0.00,40.550,0.02,40.550,0.09,40.550,0.01,40.550,0.00,40.550,0.01,40.550,0.04,40.550,0.01,40.550,0.05,40.550,1.23,40.550,-0.01,40.550,0.00,40.550,-0.03,40.550,0.00,,,,,,,,,,,40.550,-0.03,,,,,,,,
40.600,-0.01,,,40.600,0.01,,,40.600,-0.01,40.600,0.29,40.600,-0.02,40.600,-0.01,40.600,-0.01,40.600,0.02,40.600,0.01,40.600,0.01,40.600,0.00,40.600,-0.04,,,40.600,0.00,40.600,0.01,40.600,0.28,40.600,0.02,40.600,-0.01,40.600,0.01,40.600,0.03,40.600,-0.01,40.600,0.01,40.600,0.00,40.600,2.35,40.600,0.08,40.600,0.00,40.600,0.01,40.600,0.01,40.600,-0.01,40.600,0.00,40.600,0.01,40.600,0.00,40.600,-0.01,40.600,0.81,40.600,-0.03,40.600,0.02,40.600,-0.01,40.600,0.01,40.600,-0.01,40.600,0.01,40.600,0.02,40.600,0.05,40.600,0.01,40.600,-0.01,40.600,0.01,40.600,-0.02,40.600,0.01,40.600,0.05,40.600,1.29,40.600,-0.01,40.600,0.01,40.600,-0.03,40.600,0.00,,,,,,,,,,,40.600,-0.02,,,,,,,,
40.650,-0.02,,,40.650,0.01,,,40.650,0.00,40.650,0.72,40.650,-0.01,40.650,-0.01,40.650,0.00,40.650,0.03,40.650,0.01,40.650,0.01,40.650,0.00,40.650,-0.03,,,40.650,-0.01,40.650,0.02,40.650,1.05,40.650,0.01,40.650,0.00,40.650,0.01,40.650,0.03,40.650,-0.02,40.650,-0.01,40.650,0.00,40.650,2.73,40.650,0.04,40.650,0.01,40.650,0.01,40.650,0.00,40.650,-0.01,40.650,0.00,40.650,-0.01,40.650,-0.01,40.650,-0.01,40.650,1.82,40.650,-0.02,40.650,0.02,40.650,-0.01,40.650,0.01,40.650,-0.02,40.650,0.00,40.650,0.02,40.650,-0.01,40.650,0.01,40.650,0.00,40.650,0.02,40.650,-0.01,40.650,0.01,40.650,0.06,40.650,1.40,40.650,-0.01,40.650,0.00,40.650,-0.03,40.650,0.00,,,,,,,,,,,40.650,-0.03,,,,,,,,
40.700,-0.01,,,40.700,0.01,,,40.700,0.00,40.700,1.08,40.700,-0.02,40.700,-0.01,40.700,0.00,40.700,0.02,40.700,0.00,40.700,-0.01,40.700,-0.01,40.700,-0.03,,,40.700,-0.01,40.700,0.02,40.700,0.07,40.700,0.02,40.700,-0.01,40.700,0.02,40.700,0.05,40.700,-0.01,40.700,0.00,40.700,0.00,40.700,3.13,40.700,-0.01,40.700,0.04,40.700,0.01,40.700,0.01,40.700,0.00,40.700,0.01,40.700,0.01,40.700,-0.01,40.700,-0.02,40.700,2.37,40.700,-0.01,40.700,0.02,40.700,-0.01,40.700,0.00,40.700,-0.02,40.700,0.00,40.700,0.02,40.700,-0.01,40.700,0.01,40.700,0.00,40.700,0.02,40.700,-0.01,40.700,0.00,40.700,0.06,40.700,1.80,40.700,-0.02,40.700,-0.01,40.700,-0.03,40.700,0.01,,,,,,,,,,,40.700,-0.02,,,,,,,,
40.750,-0.01,,,40.750,0.01,,,40.750,0.01,40.750,1.22,40.750,-0.02,40.750,-0.01,40.750,-0.01,40.750,0.02,40.750,0.00,40.750,0.00,40.750,0.00,40.750,-0.03,,,40.750,0.00,40.750,0.04,40.750,0.05,40.750,0.01,40.750,0.00,40.750,0.01,40.750,0.09,40.750,-0.01,40.750,0.00,40.750,0.00,40.750,0.11,40.750,0.00,40.750,0.01,40.750,0.00,40.750,0.01,40.750,-0.01,40.750,0.01,40.750,0.00,40.750,-0.01,40.750,-0.01,40.750,2.68,40.750,-0.02,40.750,0.03,40.750,-0.01,40.750,0.00,40.750,-0.02,40.750,0.00,40.750,0.01,40.750,0.01,40.750,0.01,40.750,0.00,40.750,0.02,40.750,-0.02,40.750,0.01,40.750,0.05,40.750,1.73,40.750,-0.01,40.750,-0.01,40.750,-0.03,40.750,0.03,,,,,,,,,,,40.750,-0.02,,,,,,,,
40.800,-0.01,,,40.800,0.02,,,40.800,-0.01,40.800,1.35,40.800,-0.02,40.800,-0.01,40.800,-0.01,40.800,0.01,40.800,0.00,40.800,0.01,40.800,-0.01,40.800,-0.03,,,40.800,0.00,40.800,0.04,40.800,-0.01,40.800,0.01,40.800,-0.01,40.800,0.02,40.800,0.24,40.800,0.00,40.800,0.01,40.800,0.00,40.800,0.05,40.800,0.00,40.800,0.00,40.800,0.00,40.800,0.01,40.800,0.01,40.800,-0.01,40.800,-0.01,40.800,0.00,40.800,-0.01,40.800,2.42,40.800,-0.02,40.800,0.03,40.800,-0.02,40.800,0.01,40.800,-0.02,40.800,0.00,40.800,0.01,40.800,0.00,40.800,0.02,40.800,0.00,40.800,0.02,40.800,-0.01,40.800,0.00,40.800,0.05,40.800,1.51,40.800,-0.02,40.800,-0.01,40.800,-0.03,40.800,0.05,,,,,,,,,,,40.800,-0.01,,,,,,,,
40.850,-0.01,,,40.850,0.02,,,40.850,-0.02,40.850,1.64,40.850,-0.02,40.850,-0.01,40.850,-0.01,40.850,0.01,40.850,0.00,40.850,0.01,40.850,-0.01,40.850,-0.02,,,40.850,0.00,40.850,0.05,40.850,0.01,40.850,0.02,40.850,0.00,40.850,0.01,40.850,1.20,40.850,0.00,40.850,0.01,40.850,0.00,40.850,-0.02,40.850,0.00,40.850,0.01,40.850,0.00,40.850,0.01,40.850,0.01,40.850,0.01,40.850,0.00,40.850,0.00,40.850,-0.02,40.850,0.11,40.850,-0.02,40.850,0.04,40.850,-0.02,40.850,0.01,40.850,-0.02,40.850,0.00,40.850,0.02,40.850,0.02,40.850,0.01,40.850,-0.01,40.850,0.03,40.850,-0.01,40.850,0.00,40.850,0.07,40.850,1.32,40.850,-0.03,40.850,-0.01,40.850,-0.03,40.850,0.01,,,,,,,,,,,40.850,-0.02,,,,,,,,
40.900,-0.01,,,40.900,0.01,,,40.900,-0.01,40.900,2.09,40.900,-0.02,40.900,-0.02,40.900,-0.01,40.900,0.03,40.900,-0.01,40.900,0.01,40.900,-0.01,40.900,-0.02,,,40.900,0.00,40.900,0.04,40.900,0.01,40.900,0.02,40.900,-0.01,40.900,0.00,40.900,2.34,40.900,0.00,40.900,-0.01,40.900,-0.01,40.900,-0.02,40.900,0.00,40.900,0.01,40.900,0.00,40.900,0.01,40.900,0.02,40.900,0.00,40.900,0.01,40.900,0.01,40.900,-0.01,40.900,0.06,40.900,-0.02,40.900,0.05,40.900,0.00,40.900,0.01,40.900,-0.02,40.900,0.00,40.900,0.02,40.900,0.02,40.900,0.02,40.900,0.00,40.900,0.03,40.900,0.00,40.900,0.01,40.900,0.09,40.900,1.40,40.900,-0.01,40.900,0.00,40.900,-0.04,40.900,0.00,,,,,,,,,,,40.900,-0.02,,,,,,,,
40.950,-0.01,,,40.950,0.01,,,40.950,-0.01,40.950,2.42,40.950,-0.02,40.950,-0.02,40.950,0.01,40.950,0.02,40.950,-0.01,40.950,0.01,40.950,-0.01,40.950,-0.02,,,40.950,0.00,40.950,0.05,40.950,0.01,40.950,0.03,40.950,-0.01,40.950,0.01,40.950,0.80,40.950,-0.01,40.950,-0.01,40.950,0.01,40.950,-0.02,40.950,0.00,40.950,0.01,40.950,0.00,40.950,0.02,40.950,0.01,40.950,0.00,40.950,-0.01,40.950,0.00,40.950,-0.01,40.950,0.01,40.950,-0.02,40.950,0.09,40.950,-0.01,40.950,0.00,40.950,-0.02,40.950,0.01,40.950,0.03,40.950,0.02,40.950,0.02,40.950,-0.01,40.950,0.03,40.950,-0.01,40.950,0.00,40.950,0.09,40.950,1.55,40.950,-0.01,40.950,0.00,40.950,-0.03,40.950,0.01,,,,,,,,,,,40.950,-0.02,,,,,,,,
41.000,-0.01,,,41.000,0.01,,,41.000,0.00,41.000,2.60,41.000,-0.02,41.000,-0.02,41.000,-0.02,41.000,0.00,41.000,-0.01,41.000,0.00,41.000,-0.02,41.000,0.00,,,41.000,0.01,41.000,0.06,41.000,-0.01,41.000,0.02,41.000,-0.01,41.000,0.01,41.000,0.05,41.000,-0.01,41.000,0.01,41.000,-0.01,41.000,0.00,41.000,-0.01,41.000,0.01,41.000,0.00,41.000,0.01,41.000,-0.01,41.000,0.01,41.000,0.00,41.000,0.00,41.000,0.00,41.000,0.01,41.000,-0.02,41.000,0.20,41.000,-0.01,41.000,0.01,41.000,-0.02,41.000,-0.01,41.000,0.02,41.000,0.02,41.000,0.01,41.000,-0.01,41.000,0.04,41.000,-0.01,41.000,0.00,41.000,0.11,41.000,1.64,41.000,-0.01,41.000,-0.01,41.000,-0.04,41.000,0.01,,,,,,,,,,,41.000,-0.02,,,,,,,,
41.050,-0.01,,,41.050,0.03,,,41.050,-0.01,41.050,2.75,41.050,-0.02,41.050,-0.02,41.050,-0.02,41.050,0.01,41.050,0.00,41.050,-0.01,41.050,-0.02,41.050,0.00,,,41.050,0.00,41.050,0.09,41.050,0.01,41.050,0.04,41.050,0.00,41.050,0.02,41.050,0.01,41.050,0.00,41.050,0.00,41.050,-0.01,41.050,-0.02,41.050,-0.01,41.050,0.01,41.050,0.00,41.050,0.01,41.050,-0.01,41.050,0.05,41.050,0.01,41.050,0.00,41.050,0.00,41.050,0.02,41.050,0.00,41.050,1.08,41.050,0.00,41.050,0.01,41.050,-0.02,41.050,0.00,41.050,0.03,41.050,0.00,41.050,0.01,41.050,0.01,41.050,0.07,41.050,-0.01,41.050,0.00,41.050,0.12,41.050,1.73,41.050,-0.01,41.050,0.00,41.050,-0.04,41.050,0.02,,,,,,,,,,,41.050,-0.03,,,,,,,,
41.100,-0.02,,,41.100,0.01,,,41.100,-0.01,41.100,2.97,41.100,-0.03,41.100,-0.01,41.100,-0.02,41.100,0.00,,,41.100,0.00,41.100,-0.02,41.100,0.00,,,41.100,0.01,41.100,0.24,41.100,0.00,41.100,0.04,41.100,-0.01,41.100,0.01,41.100,-0.02,41.100,0.00,41.100,0.00,41.100,0.00,41.100,-0.01,41.100,-0.01,41.100,0.01,41.100,0.01,41.100,0.02,41.100,0.00,41.100,0.03,41.100,0.00,41.100,0.00,41.100,-0.01,41.100,0.01,41.100,0.01,41.100,0.69,41.100,0.01,41.100,0.01,41.100,-0.02,41.100,0.00,41.100,0.02,41.100,0.01,41.100,0.01,41.100,0.00,41.100,0.09,41.100,-0.02,41.100,0.01,41.100,0.12,41.100,1.89,41.100,-0.01,41.100,0.00,41.100,-0.02,41.100,0.01,,,,,,,,,,,41.100,-0.01,,,,,,,,
41.150,-0.02,,,41.150,0.02,,,41.150,-0.01,41.150,0.05,41.150,-0.02,41.150,-0.01,41.150,-0.02,41.150,0.01,,,41.150,0.00,41.150,-0.02,41.150,0.00,,,41.150,0.01,41.150,1.12,41.150,0.00,41.150,0.04,41.150,-0.01,41.150,0.02,41.150,0.00,41.150,0.00,41.150,0.01,41.150,0.01,41.150,-0.02,41.150,-0.01,41.150,0.00,41.150,0.01,41.150,0.02,41.150,0.01,41.150,-0.01,41.150,0.00,41.150,0.01,41.150,-0.01,41.150,0.01,41.150,0.00,41.150,0.12,41.150,0.01,41.150,0.01,41.150,0.00,41.150,0.01,41.150,0.03,41.150,0.01,41.150,0.02,41.150,-0.01,41.150,0.22,41.150,-0.02,41.150,0.00,41.150,0.13,41.150,2.15,41.150,-0.01,41.150,0.00,41.150,-0.03,41.150,0.01,,,,,,,,,,,41.150,-0.01,,,,,,,,
41.200,-0.02,,,41.200,0.03,,,41.200,0.00,41.200,0.01,41.200,-0.02,41.200,-0.02,41.200,-0.01,41.200,0.01,,,41.200,0.00,41.200,-0.02,41.200,0.01,,,41.200,0.01,41.200,2.04,41.200,0.00,41.200,0.05,41.200,0.00,41.200,0.01,41.200,-0.01,41.200,0.00,41.200,0.00,41.200,0.00,41.200,-0.01,41.200,0.01,41.200,0.00,41.200,0.00,41.200,0.02,41.200,-0.01,41.200,-0.01,41.200,0.00,41.200,-0.01,41.200,0.00,41.200,0.01,41.200,-0.01,41.200,0.04,41.200,0.00,41.200,0.00,41.200,0.01,41.200,-0.01,41.200,0.02,41.200,0.01,41.200,0.01,41.200,-0.01,41.200,1.21,41.200,-0.01,41.200,-0.01,41.200,0.13,41.200,2.23,41.200,-0.01,41.200,0.01,41.200,-0.04,41.200,0.01,,,,,,,,,,,41.200,-0.02,,,,,,,,
41.250,-0.02,,,41.250,0.01,,,41.250,0.00,41.250,-0.01,41.250,-0.03,41.250,-0.01,41.250,-0.02,41.250,0.01,,,41.250,-0.01,41.250,-0.02,41.250,0.01,,,41.250,0.01,41.250,0.31,41.250,0.01,41.250,0.05,41.250,0.01,41.250,0.01,41.250,-0.02,41.250,-0.01,41.250,0.00,41.250,0.01,41.250,-0.01,41.250,-0.01,41.250,0.00,41.250,0.00,41.250,0.02,41.250,0.00,41.250,0.01,41.250,0.00,41.250,-0.01,41.250,-0.02,41.250,0.01,41.250,-0.01,41.250,-0.01,41.250,-0.01,41.250,0.00,41.250,0.02,41.250,0.00,41.250,0.01,41.250,0.01,41.250,0.01,41.250,0.00,41.250,1.87,41.250,-0.01,41.250,0.00,41.250,0.13,41.250,2.38,41.250,-0.01,41.250,0.00,41.250,-0.04,41.250,0.01,,,,,,,,,,,41.250,-0.02,,,,,,,,
41.300,-0.01,,,41.300,0.01,,,41.300,0.01,41.300,-0.01,41.300,-0.02,41.300,-0.01,41.300,-0.02,41.300,0.01,,,41.300,0.00,41.300,-0.02,41.300,0.01,,,41.300,0.02,41.300,0.06,41.300,0.01,41.300,0.08,41.300,0.01,41.300,0.01,41.300,-0.02,41.300,-0.01,41.300,0.01,41.300,0.01,41.300,-0.01,41.300,0.00,41.300,0.01,41.300,0.00,41.300,0.01,41.300,0.00,41.300,0.01,41.300,0.00,41.300,0.00,41.300,-0.02,41.300,0.01,41.300,-0.01,41.300,-0.01,41.300,0.00,41.300,0.00,41.300,-0.02,41.300,0.00,41.300,0.02,41.300,0.01,41.300,0.02,41.300,0.01,41.300,1.95,41.300,-0.01,41.300,0.00,41.300,0.15,41.300,2.70,41.300,-0.01,41.300,0.01,41.300,-0.03,41.300,0.01,,,,,,,,,,,41.300,-0.01,,,,,,,,
41.350,-0.01,,,41.350,0.01,,,41.350,0.00,41.350,-0.01,41.350,-0.03,41.350,-0.01,41.350,-0.02,41.350,0.01,,,41.350,0.00,41.350,-0.02,41.350,0.01,,,41.350,0.01,41.350,-0.01,41.350,0.01,41.350,0.09,41.350,0.01,41.350,0.00,41.350,-0.02,41.350,-0.01,41.350,0.01,41.350,0.00,41.350,-0.01,41.350,0.00,41.350,0.02,41.350,-0.01,41.350,0.02,41.350,-0.02,41.350,0.01,41.350,0.01,41.350,0.00,41.350,-0.02,41.350,0.01,41.350,-0.02,41.350,0.00,41.350,0.00,41.350,0.01,41.350,-0.01,41.350,-0.01,41.350,0.03,41.350,0.01,41.350,0.02,41.350,0.00,41.350,2.14,41.350,-0.01,41.350,-0.01,41.350,0.20,41.350,2.44,41.350,-0.01,41.350,-0.01,41.350,-0.04,41.350,0.01,,,,,,,,,,,41.350,-0.02,,,,,,,,
41.400,5.55E-17,,,41.400,0.01,,,41.400,-0.01,41.400,-0.01,41.400,-0.02,41.400,-0.01,41.400,-0.01,41.400,0.01,,,41.400,0.01,41.400,-0.02,41.400,0.01,,,41.400,0.01,41.400,0.01,41.400,0.01,41.400,0.15,41.400,-0.01,41.400,0.00,41.400,-0.02,41.400,0.00,41.400,0.00,41.400,0.00,41.400,0.00,41.400,-0.01,41.400,0.03,41.400,0.00,41.400,0.03,41.400,-0.01,41.400,0.00,41.400,0.00,41.400,0.01,41.400,-0.01,41.400,0.02,41.400,-0.01,41.400,0.01,41.400,-0.01,41.400,0.02,41.400,0.00,41.400,0.00,41.400,0.01,41.400,0.01,41.400,0.01,41.400,0.00,41.400,2.31,41.400,-0.02,41.400,0.00,41.400,0.27,41.400,0.91,41.400,-0.02,41.400,0.00,41.400,-0.04,41.400,0.02,,,,,,,,,,,41.400,-0.02,,,,,,,,
41.450,0.00,,,41.450,0.01,,,41.450,0.00,41.450,0.00,41.450,-0.02,41.450,-0.01,41.450,-0.02,41.450,0.01,,,41.450,0.01,41.450,-0.01,41.450,0.00,,,41.450,0.02,41.450,0.01,41.450,0.01,41.450,0.40,41.450,0.00,41.450,0.01,41.450,-0.02,41.450,0.00,41.450,0.00,41.450,0.00,41.450,-0.01,41.450,0.00,41.450,0.03,41.450,0.00,41.450,0.02,41.450,-0.01,41.450,0.00,41.450,0.02,41.450,0.00,41.450,-0.01,41.450,0.02,41.450,-0.01,41.450,0.01,41.450,-0.01,41.450,0.02,41.450,0.00,41.450,-0.01,41.450,0.01,41.450,0.01,41.450,0.02,41.450,0.01,41.450,2.55,41.450,-0.01,41.450,0.01,41.450,0.36,41.450,0.08,41.450,0.00,41.450,0.00,41.450,-0.03,41.450,0.04,,,,,,,,,,,41.450,-0.02,,,,,,,,
41.500,0.00,,,41.500,0.01,,,41.500,0.00,41.500,-0.01,41.500,-0.02,41.500,-0.02,41.500,-0.01,41.500,0.02,,,41.500,-0.01,41.500,-0.01,41.500,0.01,,,41.500,0.01,41.500,0.01,41.500,0.01,41.500,0.50,41.500,0.00,41.500,0.00,41.500,-0.02,41.500,-0.01,41.500,0.01,41.500,0.00,41.500,-0.01,41.500,0.01,41.500,0.04,41.500,0.01,41.500,0.02,41.500,0.01,41.500,0.01,41.500,0.02,41.500,0.00,41.500,-0.01,41.500,0.03,41.500,-0.01,41.500,0.00,41.500,0.01,41.500,0.01,41.500,0.00,41.500,-0.01,41.500,0.02,41.500,0.01,41.500,0.02,41.500,0.00,41.500,0.44,41.500,-0.01,41.500,0.00,41.500,0.53,41.500,0.02,,,,,41.500,-0.03,41.500,0.05,,,,,,,,,,,,,,,,,,,,
41.550,-0.01,,,41.550,0.01,,,41.550,0.00,41.550,-0.01,41.550,-0.01,41.550,-0.02,41.550,0.00,41.550,0.01,,,41.550,0.00,41.550,-0.01,41.550,0.00,,,41.550,0.01,41.550,0.01,41.550,0.00,41.550,0.08,41.550,0.00,41.550,0.02,41.550,-0.02,41.550,0.00,41.550,0.00,41.550,0.00,41.550,-0.01,41.550,0.00,41.550,0.06,41.550,0.00,41.550,0.02,41.550,0.02,41.550,0.01,41.550,0.02,41.550,-0.01,41.550,-0.01,41.550,0.02,41.550,-0.02,41.550,-0.01,41.550,0.01,41.550,0.03,41.550,0.00,41.550,-0.01,41.550,0.02,41.550,0.00,41.550,0.01,41.550,0.01,41.550,0.07,41.550,-0.02,41.550,0.01,41.550,0.28,41.550,0.01,,,,,41.550,-0.04,41.550,0.06,,,,,,,,,,,,,,,,,,,,
41.600,0.00,,,41.600,0.01,,,41.600,0.00,41.600,-0.01,41.600,-0.02,41.600,-0.02,41.600,-0.01,41.600,0.01,,,41.600,0.00,41.600,-0.01,41.600,0.02,,,41.600,0.00,41.600,0.01,41.600,0.01,41.600,0.05,41.600,0.00,41.600,0.03,41.600,-0.01,41.600,0.00,41.600,-0.01,41.600,0.00,41.600,-0.01,41.600,0.00,41.600,0.05,41.600,0.01,41.600,0.02,41.600,0.03,41.600,0.01,41.600,0.02,41.600,0.00,41.600,-0.01,41.600,0.01,41.600,-0.02,41.600,-0.01,41.600,0.00,41.600,0.02,41.600,0.01,41.600,-0.01,41.600,0.02,41.600,0.00,41.600,0.02,41.600,0.00,41.600,0.02,41.600,0.00,41.600,0.01,41.600,0.09,41.600,0.02,,,,,41.600,-0.03,41.600,0.09,,,,,,,,,,,,,,,,,,,,
41.650,-0.01,,,41.650,0.01,,,41.650,0.00,41.650,-0.01,41.650,-0.02,41.650,-0.01,41.650,-0.01,41.650,0.01,,,41.650,0.00,41.650,0.01,41.650,0.02,,,41.650,0.01,41.650,0.02,41.650,0.01,41.650,0.00,41.650,0.00,41.650,0.02,41.650,-0.02,41.650,0.01,41.650,0.00,41.650,-0.01,41.650,-0.01,41.650,0.00,41.650,0.06,41.650,0.00,41.650,0.03,41.650,0.04,41.650,0.01,41.650,0.04,41.650,-0.01,41.650,-0.01,41.650,0.01,41.650,-0.02,41.650,0.00,41.650,0.00,41.650,0.02,41.650,0.01,41.650,0.00,41.650,0.02,41.650,0.00,41.650,0.01,41.650,0.00,41.650,0.00,41.650,-0.01,41.650,0.00,41.650,0.05,41.650,0.01,,,,,41.650,-0.04,41.650,0.44,,,,,,,,,,,,,,,,,,,,
41.700,5.55E-17,,,41.700,0.01,,,41.700,0.00,41.700,-0.01,41.700,-0.02,41.700,-0.01,41.700,-0.01,41.700,0.03,,,41.700,0.00,41.700,0.00,41.700,0.03,,,41.700,0.01,41.700,0.01,41.700,0.01,41.700,0.00,41.700,0.00,41.700,-0.01,41.700,-0.02,41.700,0.00,41.700,0.00,41.700,0.00,41.700,-0.01,41.700,0.00,41.700,0.08,41.700,0.00,41.700,0.03,41.700,0.04,41.700,0.01,41.700,0.03,41.700,0.00,41.700,-0.02,41.700,0.01,41.700,-0.03,41.700,-0.01,41.700,0.00,41.700,0.02,41.700,0.02,41.700,-0.01,41.700,0.02,41.700,0.01,41.700,0.01,41.700,0.00,41.700,0.01,41.700,-0.01,41.700,0.00,41.700,0.01,41.700,0.02,,,,,41.700,-0.04,41.700,2.43,,,,,,,,,,,,,,,,,,,,
41.750,-0.01,,,41.750,0.00,,,41.750,0.01,41.750,-0.01,41.750,-0.01,41.750,-0.01,41.750,-0.01,41.750,0.02,,,41.750,0.00,41.750,-0.01,41.750,0.03,,,41.750,0.01,41.750,0.00,41.750,0.00,41.750,0.00,41.750,0.00,41.750,0.01,41.750,-0.02,41.750,0.00,41.750,0.00,41.750,-0.01,41.750,0.00,41.750,0.00,41.750,0.12,41.750,0.01,41.750,0.03,41.750,0.05,41.750,0.01,41.750,0.03,41.750,0.00,41.750,-0.01,41.750,0.02,41.750,-0.02,41.750,-0.01,41.750,0.01,41.750,0.03,41.750,0.01,41.750,0.00,41.750,0.01,41.750,0.00,41.750,0.00,41.750,0.01,41.750,0.01,41.750,-0.01,41.750,0.00,41.750,0.00,41.750,0.02,,,,,41.750,-0.04,41.750,2.69,,,,,,,,,,,,,,,,,,,,
41.800,-0.01,,,41.800,0.00,,,41.800,0.00,41.800,-0.01,41.800,-0.01,41.800,-0.02,41.800,-0.01,41.800,0.03,,,41.800,0.00,41.800,-0.01,41.800,0.03,,,41.800,0.02,41.800,0.01,41.800,0.01,41.800,0.00,41.800,0.01,41.800,0.01,41.800,-0.02,41.800,0.01,41.800,0.00,41.800,-0.01,41.800,0.00,41.800,-0.01,41.800,0.22,41.800,0.00,41.800,0.03,41.800,0.05,41.800,0.02,41.800,0.03,41.800,0.00,41.800,-0.01,41.800,0.02,41.800,-0.01,41.800,0.00,41.800,0.01,41.800,0.02,41.800,0.01,41.800,-0.01,41.800,0.01,41.800,0.00,41.800,0.02,41.800,0.01,41.800,0.01,41.800,-0.01,41.800,0.00,41.800,0.01,41.800,0.02,,,,,41.800,-0.04,41.800,2.40,,,,,,,,,,,,,,,,,,,,
41.850,-0.01,,,41.850,0.01,,,41.850,0.00,41.850,-0.01,41.850,-0.01,41.850,-0.02,41.850,-0.01,41.850,0.03,,,41.850,0.01,41.850,-0.01,41.850,0.04,,,41.850,0.02,41.850,0.01,41.850,0.01,41.850,0.00,41.850,0.01,41.850,0.01,41.850,-0.01,41.850,0.00,41.850,0.00,41.850,0.00,41.850,-0.01,41.850,0.00,41.850,0.40,41.850,0.00,41.850,0.03,41.850,0.06,41.850,0.03,41.850,0.04,41.850,0.00,41.850,-0.02,41.850,0.02,41.850,-0.02,41.850,0.00,41.850,-0.01,41.850,0.03,41.850,0.02,41.850,0.00,41.850,0.02,41.850,0.01,41.850,0.01,41.850,0.01,41.850,0.01,41.850,-0.01,41.850,0.01,41.850,0.01,41.850,0.02,,,,,41.850,-0.04,41.850,2.57,,,,,,,,,,,,,,,,,,,,
41.900,-0.02,,,41.900,0.01,,,41.900,0.00,41.900,-0.02,41.900,-0.01,41.900,-0.02,41.900,-0.01,41.900,0.03,,,41.900,0.00,41.900,-0.02,41.900,0.04,,,41.900,0.02,41.900,0.00,41.900,0.00,41.900,-0.01,41.900,0.01,41.900,0.02,41.900,-0.01,41.900,-0.01,41.900,0.01,41.900,0.01,41.900,-0.01,41.900,0.00,41.900,0.78,41.900,0.01,41.900,0.03,41.900,0.07,41.900,0.03,41.900,0.05,41.900,0.00,41.900,-0.01,41.900,0.01,41.900,-0.01,41.900,-0.01,41.900,-0.02,41.900,0.04,41.900,0.02,41.900,-0.01,41.900,0.01,41.900,0.01,41.900,0.01,41.900,0.03,41.900,0.00,41.900,-0.01,41.900,0.00,41.900,0.01,41.900,0.01,,,,,41.900,-0.04,41.900,3.25,,,,,,,,,,,,,,,,,,,,
41.950,-0.01,,,41.950,0.02,,,41.950,0.01,41.950,-0.01,41.950,-0.01,41.950,-0.02,41.950,-0.01,41.950,0.04,,,41.950,0.00,41.950,-0.01,41.950,0.04,,,41.950,0.01,41.950,0.01,41.950,0.00,41.950,0.00,41.950,0.00,41.950,0.01,41.950,-0.01,41.950,0.00,41.950,0.00,41.950,0.01,41.950,-0.01,41.950,-0.01,41.950,1.24,41.950,0.00,41.950,0.03,41.950,0.08,41.950,0.04,41.950,0.05,41.950,-0.01,41.950,-0.02,41.950,0.01,41.950,-0.01,41.950,-0.01,41.950,-0.02,41.950,0.04,41.950,0.03,41.950,-0.01,41.950,0.01,41.950,0.01,41.950,0.02,41.950,0.02,41.950,0.01,41.950,-0.01,41.950,0.01,41.950,0.01,41.950,0.01,,,,,41.950,-0.03,41.950,3.64,,,,,,,,,,,,,,,,,,,,
42.000,-0.01,,,42.000,0.02,,,42.000,0.00,42.000,-0.01,42.000,-0.01,42.000,-0.02,42.000,0.00,42.000,0.05,,,42.000,0.00,42.000,-0.01,42.000,0.04,,,42.000,0.01,42.000,0.01,42.000,0.01,42.000,0.00,42.000,0.01,42.000,0.01,42.000,-0.01,42.000,0.00,42.000,-0.01,42.000,0.00,42.000,-0.02,42.000,0.00,42.000,1.44,42.000,0.00,42.000,0.01,42.000,0.08,42.000,0.05,42.000,0.05,42.000,-0.01,42.000,-0.02,42.000,0.00,42.000,-0.01,42.000,0.00,42.000,-0.01,42.000,0.06,42.000,0.04,42.000,0.00,42.000,0.01,42.000,0.01,42.000,0.02,42.000,0.02,42.000,0.00,42.000,0.00,42.000,0.01,42.000,0.00,42.000,0.01,,,,,42.000,-0.03,42.000,4.05,,,,,,,,,,,,,,,,,,,,
42.050,-0.02,,,42.050,0.02,,,42.050,0.00,42.050,-0.01,42.050,0.00,42.050,-0.02,42.050,-0.01,42.050,0.06,,,42.050,-0.01,42.050,-0.02,42.050,0.06,,,42.050,0.02,42.050,0.01,42.050,0.00,42.050,0.00,42.050,0.01,42.050,0.01,42.050,-0.01,42.050,0.01,42.050,-0.01,42.050,0.00,42.050,-0.01,42.050,-0.01,42.050,0.36,42.050,0.01,42.050,0.02,42.050,0.10,42.050,0.06,42.050,0.05,42.050,-0.01,42.050,-0.01,42.050,0.01,42.050,-0.01,42.050,-0.01,42.050,-0.01,42.050,0.05,42.050,0.04,42.050,0.00,42.050,0.02,42.050,0.02,42.050,0.03,42.050,0.02,42.050,0.01,42.050,-0.01,42.050,0.00,42.050,0.00,42.050,0.01,,,,,42.050,-0.03,42.050,4.54,,,,,,,,,,,,,,,,,,,,
42.100,-0.01,,,42.100,0.02,,,42.100,-0.01,42.100,-0.01,42.100,-0.01,42.100,-0.01,42.100,-0.01,42.100,0.08,,,42.100,0.01,42.100,-0.01,42.100,0.09,,,42.100,0.00,42.100,0.01,42.100,0.00,42.100,0.01,42.100,0.00,42.100,0.01,42.100,-0.01,42.100,0.00,42.100,-0.02,42.100,0.00,42.100,-0.02,42.100,-0.01,42.100,0.07,42.100,0.01,42.100,0.02,42.100,0.15,42.100,0.08,42.100,0.08,42.100,-0.02,42.100,-0.01,42.100,0.01,42.100,-0.01,42.100,-0.01,42.100,-0.01,42.100,0.04,42.100,0.07,42.100,-0.01,42.100,0.02,42.100,0.01,42.100,0.01,42.100,0.02,42.100,0.00,42.100,-0.01,42.100,0.00,42.100,0.01,42.100,0.01,,,,,42.100,-0.03,42.100,2.03,,,,,,,,,,,,,,,,,,,,
42.150,-0.02,,,42.150,0.03,,,42.150,0.00,42.150,-0.01,42.150,-0.01,42.150,-0.01,42.150,0.00,42.150,0.10,,,42.150,0.00,42.150,-0.01,42.150,0.17,,,42.150,0.04,42.150,0.01,42.150,0.00,42.150,0.00,42.150,0.00,42.150,0.01,42.150,-0.01,42.150,-0.01,42.150,-0.01,42.150,0.01,42.150,-0.01,42.150,-0.01,42.150,0.03,42.150,0.01,42.150,0.02,42.150,0.28,42.150,0.11,42.150,0.09,42.150,-0.02,42.150,-0.01,42.150,0.01,42.150,0.00,42.150,0.00,42.150,0.00,42.150,0.05,42.150,0.09,42.150,-0.01,42.150,0.02,42.150,0.01,42.150,0.01,42.150,0.03,42.150,-0.01,42.150,-0.01,42.150,-0.01,42.150,0.02,42.150,0.01,,,,,42.150,-0.03,42.150,0.07,,,,,,,,,,,,,,,,,,,,
42.200,-0.01,,,42.200,0.03,,,42.200,-0.02,42.200,-0.02,42.200,-0.01,42.200,-0.02,,,42.200,0.11,,,42.200,0.01,42.200,-0.01,42.200,0.68,,,42.200,0.02,42.200,0.01,42.200,0.00,42.200,0.00,42.200,-0.01,42.200,0.01,42.200,-0.01,42.200,0.00,42.200,-0.01,42.200,0.01,42.200,-0.01,42.200,-0.01,42.200,0.00,42.200,0.01,42.200,0.02,42.200,0.63,42.200,0.18,42.200,0.12,42.200,-0.02,42.200,-0.01,42.200,0.01,42.200,-0.01,42.200,0.00,42.200,-0.01,42.200,0.05,42.200,0.27,42.200,-0.01,42.200,0.02,42.200,0.01,42.200,0.03,42.200,0.03,42.200,0.01,42.200,-0.01,42.200,-0.01,42.200,0.02,42.200,0.00,,,,,42.200,-0.03,42.200,0.00,,,,,,,,,,,,,,,,,,,,
42.250,0.00,,,42.250,0.06,,,42.250,-0.01,42.250,-0.01,42.250,-0.01,42.250,-0.01,,,42.250,0.12,,,42.250,0.01,42.250,-0.01,42.250,0.13,,,42.250,-0.01,42.250,0.01,42.250,0.01,42.250,-0.01,42.250,0.00,42.250,0.01,42.250,-0.01,42.250,-0.01,42.250,-0.01,42.250,-0.01,42.250,-0.01,42.250,0.00,42.250,0.00,42.250,0.01,42.250,0.02,42.250,1.19,42.250,0.36,42.250,0.21,42.250,-0.01,42.250,-0.01,42.250,0.02,42.250,-0.01,42.250,-0.01,42.250,-0.01,42.250,0.07,42.250,1.41,42.250,-0.02,42.250,0.02,42.250,0.01,42.250,0.01,42.250,0.03,42.250,0.01,42.250,-0.01,42.250,0.02,42.250,0.01,42.250,0.01,,,,,42.250,-0.02,42.250,0.00,,,,,,,,,,,,,,,,,,,,
42.300,0.00,,,42.300,0.08,,,42.300,-0.01,42.300,0.01,42.300,0.00,42.300,-0.02,,,42.300,0.13,,,42.300,-0.01,42.300,0.00,42.300,0.05,,,42.300,0.02,42.300,0.01,42.300,0.01,42.300,-0.01,42.300,-0.01,42.300,-0.01,42.300,-0.01,42.300,0.00,42.300,-0.01,42.300,0.00,42.300,-0.01,42.300,-0.01,42.300,0.01,42.300,0.01,42.300,0.02,42.300,1.65,42.300,0.79,42.300,0.41,42.300,-0.01,42.300,0.00,42.300,0.02,,,42.300,0.00,42.300,-0.02,42.300,0.09,42.300,2.06,42.300,-0.01,42.300,0.01,42.300,0.02,42.300,0.00,42.300,0.03,42.300,0.01,42.300,-0.01,42.300,-0.01,42.300,0.01,42.300,0.01,,,,,42.300,-0.03,42.300,0.00,,,,,,,,,,,,,,,,,,,,
42.350,-0.01,,,42.350,0.10,,,42.350,0.00,42.350,0.01,42.350,-0.01,42.350,-0.03,,,42.350,0.23,,,42.350,0.00,42.350,0.00,42.350,-0.01,,,42.350,0.00,42.350,0.01,42.350,-0.01,42.350,0.00,42.350,0.00,42.350,0.00,42.350,0.01,42.350,0.00,42.350,0.00,42.350,-0.01,42.350,-0.01,42.350,0.00,42.350,0.00,42.350,0.01,42.350,0.02,42.350,2.02,42.350,1.21,42.350,0.73,42.350,-0.01,42.350,0.00,42.350,0.02,,,42.350,0.00,42.350,-0.01,42.350,0.21,42.350,2.30,42.350,-0.01,42.350,0.02,42.350,0.01,42.350,0.01,42.350,0.03,42.350,0.01,42.350,-0.01,42.350,0.00,42.350,0.01,42.350,0.01,,,,,42.350,-0.04,42.350,0.00,,,,,,,,,,,,,,,,,,,,
42.400,5.55E-17,,,42.400,0.12,,,42.400,0.00,42.400,0.00,42.400,-0.01,42.400,-0.02,,,42.400,0.38,,,42.400,0.00,42.400,-0.02,42.400,0.00,,,42.400,0.00,42.400,0.02,42.400,-0.01,42.400,0.00,42.400,0.01,42.400,0.01,42.400,0.00,42.400,0.00,42.400,-0.01,42.400,0.00,42.400,0.00,42.400,-0.01,42.400,0.00,42.400,0.01,,,42.400,2.45,42.400,1.80,42.400,0.99,42.400,-0.01,42.400,0.00,42.400,0.02,,,42.400,0.00,42.400,-0.02,42.400,0.29,42.400,2.64,42.400,-0.02,42.400,0.02,42.400,0.02,42.400,0.01,42.400,0.04,42.400,0.00,42.400,0.00,42.400,0.00,42.400,0.01,42.400,0.01,,,,,,,42.400,-0.01,,,,,,,,,,,,,,,,,,,,
42.450,0.00,,,42.450,0.16,,,42.450,0.00,42.450,0.01,42.450,-0.01,42.450,-0.01,,,42.450,0.07,,,42.450,-0.01,42.450,-0.02,42.450,0.00,,,42.450,0.00,42.450,0.01,42.450,0.00,42.450,0.01,42.450,0.01,42.450,0.01,42.450,0.00,42.450,0.00,42.450,0.00,42.450,-0.01,42.450,-0.01,42.450,-0.01,42.450,0.00,42.450,0.02,,,42.450,2.91,42.450,2.28,42.450,1.28,42.450,0.00,42.450,0.00,42.450,0.02,,,42.450,0.01,42.450,-0.01,42.450,0.09,42.450,1.97,42.450,-0.02,42.450,0.02,42.450,0.02,42.450,0.01,42.450,0.06,42.450,0.00,42.450,-0.01,42.450,0.00,42.450,0.02,42.450,0.01,,,,,,,42.450,-0.01,,,,,,,,,,,,,,,,,,,,
42.500,-0.01,,,42.500,0.35,,,42.500,0.00,42.500,0.00,42.500,-0.02,42.500,-0.01,,,42.500,0.02,,,42.500,-0.01,42.500,-0.02,42.500,-0.01,,,42.500,0.00,42.500,0.00,42.500,0.00,42.500,-0.01,42.500,0.01,42.500,0.01,42.500,0.00,42.500,0.00,42.500,-0.01,42.500,0.00,42.500,-0.02,42.500,-0.01,42.500,-0.01,42.500,0.02,,,42.500,3.43,42.500,2.67,42.500,1.42,42.500,0.00,42.500,0.00,42.500,0.01,,,42.500,0.00,42.500,-0.02,42.500,0.01,42.500,0.06,42.500,-0.02,42.500,0.01,42.500,0.02,42.500,0.01,42.500,0.06,42.500,0.01,42.500,-0.01,42.500,0.00,42.500,0.02,42.500,0.01,,,,,,,42.500,0.00,,,,,,,,,,,,,,,,,,,,
42.550,0.00,,,42.550,0.98,,,42.550,0.01,42.550,0.00,42.550,-0.01,42.550,-0.02,,,42.550,0.00,,,42.550,-0.01,42.550,-0.01,42.550,-0.01,,,42.550,0.00,42.550,0.01,42.550,0.02,42.550,0.00,42.550,0.01,42.550,0.01,42.550,0.00,42.550,0.00,42.550,0.00,42.550,-0.01,42.550,-0.02,42.550,0.00,42.550,0.00,42.550,0.02,,,42.550,0.08,42.550,0.11,42.550,0.47,42.550,0.00,42.550,0.02,42.550,0.02,,,42.550,0.00,42.550,0.00,42.550,-0.01,42.550,0.00,42.550,-0.02,42.550,0.02,42.550,0.02,42.550,0.02,42.550,0.08,42.550,0.00,42.550,-0.02,42.550,0.00,42.550,0.02,42.550,0.00,,,,,,,42.550,-0.01,,,,,,,,,,,,,,,,,,,,
42.600,0.01,,,42.600,0.44,,,42.600,0.01,42.600,0.01,42.600,-0.01,42.600,-0.02,,,42.600,-0.01,,,42.600,0.00,42.600,-0.02,42.600,-0.01,,,42.600,0.00,42.600,0.02,42.600,0.02,42.600,0.00,42.600,0.01,42.600,0.03,42.600,-0.01,42.600,0.00,42.600,0.00,42.600,-0.01,,,42.600,-0.01,42.600,0.01,42.600,0.01,,,42.600,0.04,42.600,0.05,42.600,0.08,42.600,0.00,42.600,0.01,42.600,0.02,,,42.600,0.01,42.600,-0.01,42.600,0.00,42.600,-0.01,42.600,-0.02,42.600,0.02,42.600,0.02,42.600,0.01,42.600,0.16,42.600,0.00,42.600,-0.01,42.600,0.00,42.600,0.01,42.600,0.01,,,,,,,42.600,-0.01,,,,,,,,,,,,,,,,,,,,
42.650,0.00,,,42.650,0.08,,,42.650,0.00,42.650,0.00,42.650,-0.01,42.650,-0.01,,,42.650,0.00,,,42.650,0.00,42.650,-0.02,42.650,0.01,,,42.650,0.01,42.650,0.01,42.650,0.02,42.650,0.01,42.650,0.00,42.650,0.02,42.650,-0.01,42.650,-0.01,42.650,0.00,42.650,-0.01,,,42.650,-0.01,42.650,0.00,42.650,0.01,,,42.650,-0.02,42.650,-0.01,42.650,0.05,42.650,0.01,42.650,0.02,42.650,0.02,,,42.650,0.00,42.650,-0.01,42.650,0.00,42.650,-0.01,42.650,-0.02,42.650,0.01,42.650,0.02,42.650,0.01,42.650,0.65,42.650,0.01,42.650,-0.02,42.650,0.00,42.650,0.01,42.650,0.02,,,,,,,42.650,-0.01,,,,,,,,,,,,,,,,,,,,
42.700,0.01,,,42.700,-0.01,,,42.700,0.01,42.700,-0.01,42.700,0.00,42.700,-0.02,,,42.700,0.00,,,42.700,0.00,42.700,-0.01,42.700,0.00,,,42.700,0.00,42.700,0.01,42.700,0.02,42.700,0.00,42.700,0.01,42.700,0.02,42.700,0.00,42.700,-0.01,42.700,0.00,42.700,0.00,,,42.700,0.00,42.700,0.00,42.700,0.01,,,42.700,-0.02,42.700,0.00,42.700,0.00,42.700,0.01,42.700,0.02,42.700,0.02,,,42.700,0.01,42.700,-0.01,42.700,0.01,42.700,0.00,42.700,-0.01,42.700,0.03,42.700,0.02,42.700,0.02,42.700,1.48,42.700,0.00,42.700,-0.01,42.700,0.01,42.700,0.01,42.700,0.02,,,,,,,42.700,-0.01,,,,,,,,,,,,,,,,,,,,
42.750,0.02,,,42.750,0.00,,,42.750,0.00,42.750,-0.01,42.750,-0.01,42.750,-0.01,,,42.750,0.00,,,42.750,0.01,42.750,-0.01,42.750,0.00,,,42.750,0.01,42.750,0.01,42.750,0.01,42.750,0.00,42.750,-0.01,42.750,0.01,42.750,-0.02,42.750,-0.01,42.750,0.00,42.750,-0.01,,,42.750,-0.01,42.750,0.01,42.750,0.01,,,42.750,0.00,42.750,0.01,42.750,0.02,42.750,0.00,42.750,0.02,42.750,0.02,,,42.750,0.01,42.750,-0.01,42.750,0.00,42.750,0.00,42.750,-0.01,42.750,0.03,42.750,0.03,42.750,0.03,42.750,1.66,42.750,0.01,42.750,-0.02,42.750,0.01,42.750,0.01,42.750,0.02,,,,,,,42.750,-0.01,,,,,,,,,,,,,,,,,,,,
42.800,0.02,,,42.800,0.00,,,42.800,0.00,42.800,0.00,42.800,-0.01,42.800,-0.01,,,42.800,0.00,,,42.800,0.00,42.800,-0.01,42.800,-0.01,,,42.800,0.00,42.800,-0.01,42.800,0.01,42.800,0.00,42.800,-0.01,42.800,0.01,42.800,0.06,42.800,-0.01,42.800,0.01,42.800,0.00,,,42.800,-0.01,42.800,0.00,42.800,0.01,,,42.800,0.00,42.800,0.00,42.800,0.01,42.800,-0.01,42.800,0.01,42.800,0.01,,,42.800,0.00,42.800,-0.01,42.800,0.00,42.800,-0.01,42.800,-0.01,42.800,0.02,42.800,0.03,42.800,0.04,42.800,1.70,42.800,0.01,42.800,-0.01,42.800,0.01,42.800,0.01,42.800,0.02,,,,,,,42.800,0.00,,,,,,,,,,,,,,,,,,,,
42.850,0.02,,,42.850,0.01,,,42.850,0.00,42.850,-0.01,42.850,-0.01,42.850,-0.01,,,42.850,-0.01,,,42.850,0.01,42.850,-0.02,42.850,0.00,,,42.850,0.01,42.850,0.00,42.850,0.01,42.850,0.00,42.850,-0.01,42.850,0.01,42.850,0.03,42.850,-0.01,42.850,0.00,42.850,-0.01,,,42.850,-0.01,42.850,0.00,42.850,0.01,,,42.850,0.01,42.850,0.00,42.850,0.01,42.850,0.01,42.850,0.02,42.850,0.01,,,42.850,0.01,42.850,0.00,42.850,0.00,42.850,-0.01,42.850,0.00,42.850,0.03,42.850,0.02,42.850,0.03,42.850,1.81,42.850,0.00,42.850,-0.02,42.850,0.02,42.850,0.01,42.850,0.02,,,,,,,42.850,0.00,,,,,,,,,,,,,,,,,,,,
42.900,0.02,,,42.900,0.01,,,42.900,0.00,42.900,-0.01,42.900,-0.01,42.900,-0.01,,,42.900,-0.01,,,42.900,0.00,42.900,-0.02,42.900,-0.01,,,42.900,0.02,42.900,0.01,42.900,0.01,42.900,0.01,42.900,0.00,42.900,0.02,42.900,-0.02,42.900,-0.01,42.900,0.00,42.900,0.01,,,42.900,-0.01,42.900,-0.01,42.900,0.02,,,42.900,0.00,42.900,0.00,42.900,0.01,42.900,0.00,42.900,0.03,42.900,0.00,,,42.900,0.01,42.900,0.00,42.900,-0.01,42.900,-0.01,42.900,-0.01,42.900,0.03,42.900,0.01,42.900,0.04,42.900,2.04,42.900,0.00,42.900,-0.01,42.900,0.02,42.900,0.02,42.900,0.01,,,,,,,42.900,0.00,,,,,,,,,,,,,,,,,,,,
42.950,0.01,,,42.950,0.01,,,42.950,-0.01,42.950,-0.01,42.950,-0.01,42.950,-0.02,,,42.950,-0.01,,,42.950,0.00,42.950,-0.01,42.950,-0.01,,,42.950,0.03,42.950,0.00,42.950,0.01,42.950,0.01,42.950,0.01,42.950,0.01,42.950,0.00,42.950,-0.02,42.950,0.01,42.950,0.00,,,42.950,-0.01,42.950,-0.01,42.950,0.04,,,42.950,0.01,42.950,0.01,42.950,0.02,42.950,0.00,42.950,0.04,42.950,0.01,,,42.950,0.00,42.950,0.00,42.950,0.01,42.950,-0.01,42.950,-0.01,42.950,0.02,42.950,0.01,42.950,0.06,42.950,2.16,42.950,0.01,42.950,-0.02,42.950,0.02,42.950,0.01,42.950,0.01,,,,,,,42.950,0.00,,,,,,,,,,,,,,,,,,,,
43.000,0.02,,,43.000,0.00,,,43.000,-0.01,43.000,0.00,43.000,-0.02,43.000,-0.01,,,43.000,-0.01,,,43.000,0.00,,,43.000,0.00,,,43.000,0.03,43.000,0.01,43.000,0.01,43.000,0.01,43.000,0.01,43.000,0.01,43.000,0.00,43.000,-0.01,43.000,0.00,43.000,-0.01,,,43.000,-0.01,43.000,0.00,43.000,0.03,,,43.000,0.00,43.000,0.01,43.000,0.02,43.000,0.00,43.000,0.07,43.000,0.02,,,43.000,0.01,43.000,-0.01,43.000,0.02,43.000,-0.01,43.000,0.00,43.000,0.02,43.000,0.01,43.000,0.05,43.000,2.32,43.000,0.01,43.000,-0.03,43.000,0.02,43.000,0.01,43.000,0.01,,,,,,,43.000,0.00,,,,,,,,,,,,,,,,,,,,
43.050,0.02,,,43.050,0.00,,,43.050,0.00,43.050,-0.01,43.050,-0.02,43.050,-0.02,,,43.050,-0.01,,,43.050,0.00,,,43.050,0.00,,,43.050,0.03,43.050,0.00,43.050,0.01,43.050,0.01,43.050,0.00,43.050,0.01,43.050,0.00,43.050,-0.02,43.050,0.01,43.050,0.00,,,43.050,-0.02,43.050,0.01,43.050,0.03,,,43.050,0.00,43.050,0.01,43.050,0.01,43.050,-0.01,43.050,0.10,43.050,0.02,,,43.050,0.00,43.050,-0.01,43.050,0.02,43.050,0.00,43.050,0.01,43.050,0.01,43.050,0.01,43.050,0.07,43.050,2.50,43.050,0.01,43.050,-0.01,43.050,0.03,43.050,0.01,43.050,0.02,,,,,,,43.050,-0.01,,,,,,,,,,,,,,,,,,,,
43.100,0.02,,,43.100,0.02,,,43.100,0.00,43.100,0.00,43.100,-0.01,43.100,-0.02,,,43.100,-0.02,,,43.100,0.00,,,43.100,-0.01,,,43.100,0.03,43.100,0.01,43.100,0.02,43.100,0.00,43.100,0.01,43.100,0.01,43.100,0.01,43.100,-0.01,43.100,0.01,43.100,-0.01,,,43.100,-0.01,43.100,0.01,43.100,0.04,,,43.100,0.00,43.100,0.02,43.100,0.02,43.100,-0.01,43.100,0.22,43.100,0.01,,,43.100,0.02,43.100,-0.01,43.100,0.00,43.100,-0.02,43.100,0.01,43.100,0.02,43.100,0.02,43.100,0.07,43.100,2.77,43.100,0.02,43.100,-0.02,43.100,0.03,43.100,0.00,43.100,0.02,,,,,,,43.100,-0.01,,,,,,,,,,,,,,,,,,,,
43.150,0.02,,,43.150,0.01,,,43.150,0.00,43.150,0.00,43.150,-0.01,43.150,-0.03,,,43.150,-0.03,,,43.150,0.00,,,43.150,0.00,,,43.150,0.03,43.150,0.01,43.150,0.02,43.150,-0.01,43.150,0.00,43.150,0.02,43.150,0.00,43.150,0.00,43.150,-0.01,43.150,0.00,,,43.150,-0.02,43.150,0.01,43.150,0.04,,,43.150,-0.01,43.150,0.01,43.150,0.01,43.150,0.00,43.150,0.43,43.150,0.01,,,43.150,0.00,43.150,0.00,43.150,0.00,43.150,-0.01,43.150,0.01,43.150,0.03,43.150,0.01,43.150,0.09,43.150,1.19,43.150,0.01,43.150,-0.02,43.150,0.04,43.150,0.01,43.150,0.02,,,,,,,43.150,0.00,,,,,,,,,,,,,,,,,,,,
43.200,0.01,,,43.200,0.01,,,43.200,0.01,43.200,-0.01,43.200,-0.02,43.200,-0.03,,,43.200,-0.01,,,43.200,0.01,,,43.200,0.00,,,43.200,0.04,43.200,0.02,43.200,0.00,43.200,-0.01,43.200,-0.01,43.200,0.02,43.200,0.00,43.200,0.00,43.200,0.01,43.200,0.00,,,43.200,-0.01,43.200,0.00,43.200,0.04,,,43.200,0.00,43.200,0.01,43.200,0.00,43.200,-0.01,43.200,0.25,,,,,43.200,0.00,43.200,0.00,43.200,0.00,43.200,-0.02,43.200,0.01,43.200,0.03,43.200,0.02,43.200,0.11,43.200,0.07,43.200,0.02,43.200,-0.02,43.200,0.03,43.200,0.01,43.200,0.02,,,,,,,43.200,0.00,,,,,,,,,,,,,,,,,,,,
43.250,0.01,,,43.250,0.01,,,43.250,0.01,43.250,-0.01,43.250,-0.01,43.250,-0.02,,,43.250,0.00,,,43.250,0.00,,,43.250,0.00,,,43.250,0.05,43.250,0.00,43.250,0.02,43.250,-0.01,43.250,-0.01,43.250,0.02,43.250,-0.01,43.250,0.00,43.250,0.00,43.250,0.00,,,43.250,0.00,43.250,0.00,43.250,0.05,,,43.250,0.00,43.250,0.01,43.250,0.01,43.250,0.00,43.250,0.05,,,,,43.250,0.00,43.250,0.00,43.250,-0.01,43.250,-0.02,43.250,0.01,43.250,0.03,43.250,0.01,43.250,0.12,43.250,0.01,43.250,0.01,43.250,-0.01,43.250,0.03,43.250,0.02,43.250,0.02,,,,,,,43.250,0.00,,,,,,,,,,,,,,,,,,,,
43.300,0.02,,,43.300,0.01,,,43.300,-0.01,43.300,-0.01,43.300,-0.02,43.300,-0.01,,,43.300,0.01,,,43.300,0.01,,,43.300,0.00,,,43.300,0.05,43.300,0.00,43.300,0.03,43.300,0.00,43.300,0.00,43.300,0.02,43.300,0.00,43.300,0.00,43.300,0.01,43.300,0.00,,,43.300,0.00,43.300,0.01,43.300,0.07,,,43.300,-0.01,43.300,0.01,43.300,0.01,43.300,-0.01,43.300,0.02,,,,,43.300,-0.01,43.300,-0.01,43.300,0.00,43.300,-0.02,43.300,0.02,43.300,0.03,43.300,0.03,43.300,0.18,43.300,-0.01,43.300,0.01,43.300,-0.01,43.300,0.03,43.300,0.01,43.300,0.02,,,,,,,43.300,0.01,,,,,,,,,,,,,,,,,,,,
43.350,0.02,,,43.350,0.02,,,43.350,0.00,43.350,-0.01,43.350,0.00,43.350,-0.01,,,43.350,0.01,,,43.350,0.00,,,43.350,-0.01,,,43.350,0.06,43.350,0.02,43.350,0.03,43.350,0.00,43.350,-0.01,43.350,0.01,43.350,0.01,43.350,0.00,43.350,0.01,43.350,-0.01,,,43.350,-0.02,43.350,0.01,43.350,0.09,,,43.350,0.00,43.350,0.00,43.350,0.00,43.350,0.00,43.350,-0.02,,,,,43.350,-0.01,43.350,-0.01,43.350,0.01,43.350,-0.02,43.350,0.02,43.350,0.04,43.350,0.01,43.350,0.36,43.350,-0.02,43.350,0.02,43.350,-0.01,43.350,0.04,43.350,0.01,43.350,0.02,,,,,,,43.350,0.00,,,,,,,,,,,,,,,,,,,,
43.400,0.02,,,43.400,0.01,,,43.400,0.00,,,43.400,0.00,43.400,0.00,,,43.400,0.01,,,43.400,0.00,,,43.400,-0.01,,,43.400,0.08,43.400,0.02,43.400,0.03,43.400,-0.01,43.400,0.00,43.400,0.01,43.400,0.01,43.400,-0.01,43.400,0.00,43.400,0.00,,,43.400,-0.01,43.400,0.00,43.400,0.12,,,43.400,-0.01,43.400,0.00,43.400,0.01,43.400,0.01,43.400,-0.01,,,,,43.400,-0.01,43.400,0.00,43.400,0.00,43.400,-0.01,43.400,0.04,43.400,0.04,43.400,0.00,43.400,0.43,43.400,-0.01,43.400,0.01,43.400,-0.01,43.400,0.04,43.400,0.00,43.400,0.01,,,,,,,43.400,0.00,,,,,,,,,,,,,,,,,,,,
43.450,0.02,,,43.450,0.01,,,43.450,0.00,,,43.450,-0.01,43.450,-0.01,,,43.450,0.00,,,43.450,0.00,,,43.450,0.00,,,43.450,0.11,43.450,0.02,43.450,0.05,43.450,-0.01,43.450,-0.01,43.450,0.00,43.450,0.02,43.450,-0.02,43.450,0.02,43.450,-0.01,,,43.450,0.00,43.450,0.01,43.450,0.23,,,43.450,0.00,43.450,0.00,43.450,0.02,43.450,0.01,43.450,-0.01,,,,,43.450,0.00,43.450,0.00,43.450,0.00,43.450,-0.01,43.450,0.05,43.450,0.04,43.450,0.00,43.450,0.11,43.450,-0.01,43.450,0.02,43.450,-0.01,43.450,0.03,43.450,0.01,43.450,0.02,,,,,,,43.450,0.01,,,,,,,,,,,,,,,,,,,,
43.500,0.02,,,43.500,0.01,,,43.500,0.00,,,43.500,-0.01,43.500,-0.01,,,43.500,0.00,,,43.500,0.01,,,43.500,0.00,,,43.500,0.22,43.500,0.02,43.500,0.05,43.500,0.01,43.500,0.00,43.500,0.01,43.500,0.03,43.500,0.00,43.500,0.01,43.500,0.00,,,,,43.500,0.00,43.500,0.86,,,43.500,-0.01,43.500,0.00,43.500,0.01,43.500,0.03,43.500,0.00,,,,,43.500,0.00,43.500,0.00,43.500,-0.01,43.500,-0.01,43.500,0.08,43.500,0.04,43.500,0.00,43.500,0.06,43.500,-0.01,43.500,0.01,43.500,-0.01,43.500,0.04,43.500,0.00,43.500,0.01,,,,,,,43.500,0.00,,,,,,,,,,,,,,,,,,,,
43.550,0.02,,,43.550,0.02,,,43.550,-0.01,,,43.550,-0.01,43.550,-0.01,,,43.550,0.01,,,43.550,0.01,,,43.550,-0.01,,,43.550,0.63,43.550,0.01,43.550,0.07,43.550,0.01,43.550,0.00,43.550,0.01,43.550,0.05,43.550,0.00,43.550,0.01,43.550,0.00,,,,,43.550,0.01,43.550,0.18,,,43.550,-0.01,43.550,0.00,43.550,0.01,43.550,0.02,43.550,0.00,,,,,43.550,0.01,43.550,0.00,43.550,-0.01,43.550,-0.01,43.550,0.13,43.550,0.05,43.550,0.00,43.550,0.01,43.550,0.00,43.550,0.02,43.550,-0.01,43.550,0.05,43.550,0.01,43.550,0.01,,,,,,,43.550,0.00,,,,,,,,,,,,,,,,,,,,
43.600,0.01,,,43.600,0.03,,,43.600,-0.01,,,43.600,-0.02,43.600,-0.01,,,43.600,0.00,,,43.600,0.01,,,43.600,0.00,,,43.600,1.62,43.600,0.01,43.600,0.06,43.600,0.01,43.600,0.01,43.600,0.01,43.600,0.05,43.600,-0.01,43.600,0.00,43.600,-0.01,,,,,43.600,0.01,43.600,0.07,,,43.600,-0.01,43.600,0.01,43.600,0.01,43.600,0.02,43.600,-0.01,,,,,43.600,0.00,43.600,-0.01,43.600,-0.01,43.600,-0.02,43.600,0.28,43.600,0.05,43.600,0.00,43.600,0.01,43.600,-0.01,43.600,0.00,43.600,-0.01,43.600,0.05,43.600,0.01,43.600,0.02,,,,,,,43.600,0.00,,,,,,,,,,,,,,,,,,,,
43.650,0.01,,,43.650,0.02,,,43.650,-0.01,,,43.650,-0.01,43.650,-0.02,,,43.650,0.00,,,43.650,0.01,,,43.650,0.00,,,43.650,2.39,43.650,0.03,43.650,0.08,43.650,0.01,43.650,0.00,43.650,0.01,43.650,0.05,43.650,-0.01,43.650,0.02,43.650,-0.01,,,,,43.650,0.01,43.650,0.00,,,43.650,-0.01,43.650,0.01,43.650,0.02,43.650,0.02,43.650,-0.02,,,,,43.650,0.00,43.650,-0.01,43.650,0.00,43.650,-0.01,43.650,0.81,43.650,0.06,43.650,0.00,43.650,0.02,43.650,-0.01,43.650,0.02,43.650,-0.01,43.650,0.05,43.650,0.01,43.650,0.02,,,,,,,43.650,0.01,,,,,,,,,,,,,,,,,,,,
43.700,0.01,,,43.700,0.02,,,43.700,0.00,,,43.700,-0.02,43.700,-0.02,,,43.700,0.00,,,43.700,0.01,,,43.700,0.01,,,43.700,1.93,43.700,0.02,43.700,0.11,43.700,0.01,43.700,0.01,43.700,0.03,43.700,0.09,43.700,0.00,43.700,0.01,43.700,-0.01,,,,,43.700,0.01,43.700,0.01,,,43.700,-0.01,43.700,0.00,43.700,0.01,43.700,0.03,43.700,-0.02,,,,,43.700,-0.01,43.700,-0.01,43.700,0.00,43.700,-0.02,43.700,1.48,43.700,0.07,43.700,0.01,43.700,0.01,43.700,-0.01,43.700,0.02,43.700,-0.01,43.700,0.05,43.700,0.02,43.700,0.02,,,,,,,43.700,0.00,,,,,,,,,,,,,,,,,,,,
43.750,0.02,,,43.750,0.02,,,43.750,0.00,,,43.750,-0.01,43.750,-0.02,,,43.750,0.01,,,43.750,0.01,,,43.750,0.00,,,43.750,0.07,43.750,0.02,43.750,0.18,43.750,0.01,43.750,0.00,43.750,0.02,43.750,0.11,43.750,0.00,43.750,0.01,43.750,0.00,,,,,43.750,0.01,43.750,0.01,,,43.750,-0.02,43.750,0.00,43.750,0.02,43.750,0.03,43.750,-0.01,,,,,43.750,0.00,43.750,-0.01,43.750,0.00,43.750,-0.02,43.750,1.77,43.750,0.08,43.750,0.00,43.750,0.02,43.750,-0.01,43.750,0.00,43.750,-0.03,43.750,0.05,43.750,0.01,43.750,0.02,,,,,,,43.750,0.00,,,,,,,,,,,,,,,,,,,,
43.800,0.02,,,43.800,0.01,,,43.800,0.00,,,43.800,-0.02,43.800,-0.02,,,43.800,0.01,,,43.800,0.00,,,43.800,0.01,,,43.800,0.00,43.800,0.03,43.800,0.51,43.800,0.01,43.800,0.00,43.800,0.02,43.800,0.22,43.800,0.00,43.800,0.01,43.800,0.00,,,,,43.800,0.01,43.800,0.02,,,43.800,-0.01,43.800,0.00,43.800,0.01,43.800,0.05,43.800,-0.01,,,,,43.800,0.00,43.800,0.00,43.800,0.00,43.800,-0.01,43.800,2.02,43.800,0.10,43.800,0.00,43.800,0.01,43.800,-0.01,43.800,0.01,43.800,-0.01,43.800,0.06,43.800,0.02,43.800,0.01,,,,,,,43.800,0.00,,,,,,,,,,,,,,,,,,,,
43.850,0.03,,,43.850,0.01,,,43.850,0.00,,,43.850,-0.01,43.850,-0.02,,,43.850,0.01,,,43.850,0.01,,,43.850,0.00,,,43.850,-0.02,43.850,0.02,43.850,1.25,43.850,0.01,43.850,0.01,43.850,0.03,43.850,0.50,43.850,-0.01,43.850,0.02,43.850,0.01,,,,,43.850,0.00,43.850,0.01,,,43.850,0.00,43.850,0.01,43.850,0.02,43.850,0.04,43.850,0.00,,,,,43.850,0.01,43.850,0.01,43.850,-0.01,43.850,-0.01,43.850,2.41,43.850,0.14,43.850,0.01,43.850,0.02,43.850,0.00,43.850,0.01,43.850,-0.01,43.850,0.06,43.850,0.02,43.850,0.02,,,,,,,43.850,0.00,,,,,,,,,,,,,,,,,,,,
43.900,0.02,,,43.900,0.02,,,43.900,0.00,,,43.900,-0.01,43.900,-0.02,,,43.900,-0.01,,,43.900,0.00,,,43.900,0.00,,,43.900,0.00,43.900,0.02,43.900,0.34,43.900,0.00,43.900,0.00,43.900,0.02,43.900,1.30,43.900,-0.01,43.900,0.01,43.900,0.00,,,,,43.900,0.00,43.900,0.02,,,43.900,0.00,43.900,0.00,43.900,0.01,43.900,0.04,43.900,0.01,,,,,43.900,0.01,43.900,0.00,43.900,0.01,43.900,-0.02,43.900,1.63,43.900,0.30,43.900,0.01,43.900,0.02,43.900,-0.01,43.900,0.01,43.900,-0.02,43.900,0.08,43.900,0.03,43.900,0.03,,,,,,,43.900,0.01,,,,,,,,,,,,,,,,,,,,
43.950,0.02,,,43.950,0.01,,,43.950,0.00,,,43.950,0.00,43.950,-0.02,,,43.950,-0.01,,,43.950,0.00,,,43.950,0.01,,,43.950,-0.01,43.950,0.04,43.950,0.07,43.950,0.00,43.950,0.00,43.950,0.02,43.950,2.42,43.950,-0.01,43.950,0.01,43.950,0.00,,,,,43.950,0.01,43.950,0.01,,,43.950,0.01,43.950,0.00,43.950,0.00,43.950,0.05,43.950,0.00,,,,,43.950,0.00,43.950,0.00,43.950,0.00,43.950,-0.01,43.950,0.09,43.950,1.17,43.950,0.02,43.950,0.02,43.950,-0.02,43.950,0.01,43.950,-0.02,43.950,0.09,43.950,0.02,43.950,0.03,,,,,,,43.950,-0.01,,,,,,,,,,,,,,,,,,,,
44.000,0.02,,,44.000,0.01,,,44.000,-0.01,,,44.000,0.00,44.000,-0.02,,,44.000,0.00,,,44.000,0.01,,,44.000,0.00,,,44.000,0.01,44.000,0.05,44.000,0.00,44.000,0.00,44.000,0.00,44.000,0.02,44.000,0.18,44.000,-0.02,44.000,0.02,44.000,-0.01,,,,,44.000,0.00,44.000,0.01,,,44.000,0.01,44.000,0.01,44.000,0.01,44.000,0.05,44.000,-0.01,,,,,44.000,-0.01,44.000,0.00,44.000,0.00,44.000,-0.02,44.000,0.03,44.000,0.40,44.000,0.02,44.000,0.02,44.000,-0.01,44.000,0.05,44.000,-0.01,44.000,0.10,44.000,0.02,44.000,0.03,,,,,,,44.000,0.00,,,,,,,,,,,,,,,,,,,,
44.050,0.00,,,44.050,0.01,,,44.050,-0.01,,,44.050,0.00,44.050,-0.03,,,44.050,0.00,,,44.050,0.01,,,44.050,0.01,,,44.050,-0.01,44.050,0.04,44.050,-0.01,44.050,0.00,44.050,0.00,44.050,0.02,44.050,0.05,44.050,-0.01,44.050,0.02,44.050,-0.01,,,,,44.050,0.01,44.050,0.01,,,44.050,0.00,44.050,0.00,44.050,0.00,44.050,0.06,44.050,0.00,,,,,44.050,0.00,44.050,0.00,44.050,-0.01,44.050,-0.01,44.050,-0.02,44.050,0.08,44.050,0.04,44.050,0.01,44.050,0.00,44.050,0.05,44.050,0.00,44.050,0.11,44.050,0.02,44.050,0.03,,,,,,,44.050,0.00,,,,,,,,,,,,,,,,,,,,
44.100,0.03,,,44.100,0.00,,,44.100,-0.01,,,44.100,-0.01,44.100,-0.02,,,44.100,0.01,,,44.100,-0.01,,,44.100,0.01,,,44.100,0.00,44.100,0.05,44.100,0.00,44.100,0.00,44.100,0.00,44.100,0.02,44.100,-0.02,44.100,0.00,44.100,0.02,44.100,-0.01,,,,,44.100,0.01,44.100,0.02,,,44.100,-0.01,44.100,0.00,44.100,-0.01,44.100,0.08,44.100,0.00,,,,,44.100,0.00,44.100,-0.01,44.100,-0.01,44.100,0.00,44.100,-0.02,44.100,0.02,44.100,0.04,44.100,0.01,44.100,0.00,44.100,0.00,44.100,0.01,44.100,0.12,44.100,0.02,44.100,0.04,,,,,,,44.100,-0.01,,,,,,,,,,,,,,,,,,,,
44.150,0.02,,,44.150,0.01,,,44.150,-0.01,,,44.150,0.00,44.150,-0.02,,,44.150,0.00,,,44.150,0.00,,,44.150,0.00,,,44.150,-0.01,44.150,0.06,44.150,0.01,44.150,-0.01,44.150,0.00,44.150,0.02,44.150,-0.01,44.150,-0.01,44.150,0.02,44.150,0.00,,,,,44.150,0.00,44.150,0.01,,,44.150,-0.01,44.150,0.01,44.150,0.00,44.150,0.08,44.150,-0.01,,,,,44.150,0.00,44.150,0.00,44.150,-0.01,44.150,0.00,44.150,-0.01,44.150,0.01,44.150,0.03,44.150,0.02,44.150,0.00,44.150,0.01,44.150,0.01,44.150,0.18,44.150,0.00,44.150,0.03,,,,,,,44.150,0.00,,,,,,,,,,,,,,,,,,,,
44.200,0.02,,,44.200,0.00,,,44.200,-0.01,,,44.200,0.00,44.200,-0.01,,,44.200,0.01,,,44.200,0.00,,,44.200,0.00,,,44.200,-0.01,44.200,0.08,44.200,0.01,44.200,0.00,44.200,0.01,44.200,0.02,44.200,-0.01,44.200,-0.01,44.200,0.01,44.200,0.00,,,,,44.200,0.00,44.200,0.01,,,44.200,-0.01,44.200,0.01,44.200,0.00,44.200,0.10,44.200,-0.01,,,,,44.200,0.00,44.200,0.00,44.200,0.00,44.200,-0.01,44.200,-0.01,44.200,0.03,44.200,0.04,44.200,0.01,44.200,-0.01,44.200,0.01,44.200,0.02,44.200,0.30,44.200,0.03,44.200,0.02,,,,,,,44.200,0.01,,,,,,,,,,,,,,,,,,,,
44.250,0.01,,,44.250,0.01,,,44.250,0.00,,,44.250,0.00,44.250,-0.01,,,44.250,0.01,,,44.250,0.00,,,44.250,0.00,,,44.250,0.00,44.250,0.11,44.250,0.01,44.250,-0.01,44.250,0.01,44.250,0.01,44.250,0.00,44.250,-0.01,44.250,0.01,44.250,-0.01,,,,,44.250,0.00,44.250,0.02,,,44.250,0.00,44.250,0.01,44.250,-0.01,44.250,0.15,44.250,-0.01,,,,,44.250,0.00,44.250,0.01,44.250,0.00,44.250,0.00,44.250,-0.01,44.250,0.02,44.250,0.05,44.250,0.00,44.250,0.00,44.250,0.02,44.250,0.04,44.250,0.41,44.250,0.01,44.250,0.03,,,,,,,44.250,0.01,,,,,,,,,,,,,,,,,,,,
44.300,0.02,,,44.300,0.01,,,44.300,0.01,,,44.300,-0.01,44.300,-0.02,,,44.300,0.00,,,44.300,0.01,,,44.300,0.00,,,44.300,0.00,44.300,0.20,44.300,0.01,44.300,0.00,44.300,0.00,44.300,0.02,44.300,-0.01,44.300,0.00,44.300,0.00,44.300,0.00,,,,,44.300,0.00,44.300,0.02,,,44.300,-0.01,44.300,0.01,44.300,-0.01,44.300,0.26,44.300,-0.01,,,,,44.300,-0.01,44.300,0.00,44.300,0.00,44.300,-0.01,44.300,-0.02,44.300,0.02,44.300,0.04,44.300,0.01,44.300,-0.01,44.300,0.01,44.300,0.05,44.300,0.52,44.300,0.01,44.300,0.01,,,,,,,44.300,0.00,,,,,,,,,,,,,,,,,,,,
44.350,0.02,,,44.350,0.00,,,44.350,-0.01,,,44.350,0.00,44.350,-0.03,,,44.350,0.01,,,44.350,0.02,,,44.350,0.01,,,44.350,0.00,44.350,0.51,44.350,0.00,44.350,0.00,44.350,0.01,44.350,0.01,44.350,-0.02,44.350,0.00,44.350,0.01,44.350,0.00,,,,,44.350,0.00,44.350,0.03,,,44.350,-0.01,44.350,0.01,44.350,-0.01,44.350,0.55,44.350,-0.01,,,,,44.350,-0.01,44.350,0.01,44.350,0.01,44.350,-0.01,44.350,-0.02,44.350,0.02,44.350,0.05,44.350,0.01,44.350,-0.01,44.350,0.02,44.350,0.10,44.350,0.63,44.350,0.01,44.350,0.02,,,,,,,44.350,0.01,,,,,,,,,,,,,,,,,,,,
44.400,0.02,,,44.400,0.00,,,44.400,0.00,,,44.400,0.00,44.400,-0.02,,,44.400,0.00,,,44.400,0.01,,,44.400,0.00,,,44.400,0.00,44.400,1.40,44.400,0.00,44.400,0.00,44.400,0.00,44.400,0.02,44.400,-0.01,44.400,-0.01,44.400,0.02,44.400,0.00,,,,,44.400,-0.01,44.400,0.02,,,44.400,-0.01,44.400,0.01,44.400,-0.01,44.400,0.48,44.400,0.00,,,,,44.400,-0.01,44.400,0.00,44.400,0.00,44.400,-0.01,44.400,-0.02,44.400,0.01,44.400,0.05,44.400,0.02,44.400,-0.01,44.400,0.02,44.400,0.30,44.400,0.79,44.400,0.02,44.400,0.03,,,,,,,44.400,0.00,,,,,,,,,,,,,,,,,,,,
44.450,0.01,,,44.450,0.00,,,44.450,-0.01,,,44.450,0.00,44.450,-0.02,,,44.450,0.00,,,44.450,0.00,,,44.450,0.00,,,44.450,-0.01,44.450,2.24,44.450,0.02,44.450,0.01,44.450,0.00,44.450,0.02,44.450,-0.02,44.450,-0.01,44.450,0.01,44.450,0.00,,,,,44.450,0.01,44.450,0.02,,,44.450,0.00,44.450,0.00,44.450,-0.02,44.450,0.11,44.450,0.00,,,,,44.450,0.00,44.450,-0.01,44.450,0.00,44.450,-0.01,44.450,-0.01,44.450,0.01,44.450,0.06,44.450,0.02,44.450,-0.01,44.450,0.02,44.450,1.19,44.450,0.56,44.450,0.02,44.450,0.02,,,,,,,44.450,0.00,,,,,,,,,,,,,,,,,,,,
44.500,0.01,,,44.500,-0.01,,,44.500,0.00,,,44.500,-0.01,44.500,-0.01,,,44.500,0.01,,,44.500,0.00,,,44.500,0.01,,,44.500,0.00,44.500,0.11,44.500,0.01,44.500,0.01,44.500,0.00,44.500,0.01,44.500,-0.02,44.500,-0.01,44.500,0.01,44.500,0.01,,,,,44.500,0.00,44.500,0.02,,,44.500,-0.01,44.500,-0.01,44.500,-0.02,44.500,0.05,44.500,-0.01,,,,,44.500,0.00,44.500,0.00,44.500,0.00,44.500,-0.01,44.500,-0.01,44.500,0.01,44.500,0.08,44.500,0.02,44.500,-0.01,44.500,0.01,44.500,0.06,44.500,0.11,44.500,0.02,44.500,0.03,,,,,,,44.500,-0.01,,,,,,,,,,,,,,,,,,,,
44.550,0.01,,,44.550,-0.01,,,44.550,0.00,,,44.550,-0.01,44.550,-0.02,,,44.550,0.01,,,44.550,0.00,,,44.550,0.01,,,44.550,0.00,44.550,0.05,44.550,0.02,44.550,0.00,44.550,0.01,44.550,0.01,44.550,-0.01,44.550,-0.01,44.550,0.02,44.550,0.00,,,,,44.550,-0.01,44.550,0.01,,,44.550,-0.01,44.550,0.00,44.550,-0.01,44.550,-0.02,44.550,-0.01,,,,,44.550,0.00,44.550,0.01,44.550,-0.01,44.550,-0.01,44.550,-0.01,44.550,0.01,44.550,0.08,44.550,0.01,44.550,-0.01,44.550,0.01,44.550,0.01,44.550,0.04,44.550,0.02,44.550,0.03,,,,,,,44.550,0.00,,,,,,,,,,,,,,,,,,,,
44.600,0.01,,,44.600,-0.01,,,44.600,-0.01,,,44.600,-0.01,44.600,-0.02,,,44.600,0.01,,,44.600,-0.01,,,44.600,0.01,,,44.600,-0.01,44.600,0.00,44.600,0.01,44.600,0.00,44.600,0.00,44.600,0.01,44.600,-0.02,44.600,0.00,44.600,0.01,44.600,0.00,,,,,44.600,0.00,44.600,0.00,,,44.600,-0.01,44.600,0.02,44.600,-0.01,44.600,-0.01,44.600,0.00,,,,,44.600,0.01,44.600,0.00,44.600,-0.02,44.600,-0.01,44.600,-0.02,44.600,0.01,44.600,0.09,44.600,0.02,44.600,-0.01,44.600,0.02,44.600,-0.03,44.600,-0.01,44.600,0.01,44.600,0.02,,,,,,,44.600,0.00,,,,,,,,,,,,,,,,,,,,
44.650,0.01,,,44.650,-0.01,,,44.650,-0.01,,,44.650,-0.01,44.650,-0.03,,,44.650,0.00,,,44.650,0.00,,,44.650,0.00,,,44.650,-0.01,44.650,0.00,44.650,0.00,44.650,0.00,44.650,0.01,44.650,0.01,44.650,-0.01,44.650,0.00,44.650,0.01,44.650,0.01,,,,,44.650,0.00,44.650,0.01,,,44.650,0.00,44.650,0.02,44.650,-0.01,44.650,-0.01,44.650,0.00,,,,,44.650,0.02,44.650,0.00,44.650,0.00,44.650,-0.01,44.650,-0.02,44.650,0.01,44.650,0.10,44.650,0.00,44.650,0.00,44.650,0.02,44.650,-0.02,44.650,-0.01,44.650,0.02,44.650,0.02,,,,,,,44.650,-0.01,,,,,,,,,,,,,,,,,,,,
44.700,0.00,,,44.700,-0.01,,,44.700,-0.01,,,44.700,-0.01,44.700,-0.02,,,44.700,0.01,,,44.700,0.00,,,44.700,0.02,,,44.700,0.00,44.700,0.01,44.700,0.01,44.700,0.01,44.700,0.01,44.700,0.00,44.700,-0.01,44.700,0.01,44.700,0.01,44.700,0.01,,,,,44.700,0.01,44.700,0.02,,,44.700,0.00,44.700,-0.01,44.700,-0.01,44.700,0.00,44.700,-0.01,,,,,44.700,0.02,44.700,-0.01,44.700,-0.01,44.700,-0.01,44.700,-0.03,44.700,0.02,44.700,0.12,44.700,0.00,44.700,0.00,44.700,0.01,44.700,-0.01,44.700,0.00,44.700,0.01,44.700,0.02,,,,,,,44.700,0.00,,,,,,,,,,,,,,,,,,,,
44.750,0.01,,,44.750,0.00,,,44.750,0.00,,,44.750,-0.02,44.750,-0.02,,,44.750,0.01,,,44.750,0.00,,,44.750,0.03,,,44.750,0.00,44.750,0.01,44.750,0.01,44.750,-0.01,44.750,0.00,44.750,0.01,44.750,-0.01,44.750,0.02,44.750,0.01,44.750,0.01,,,,,44.750,0.01,44.750,0.00,,,44.750,0.00,44.750,0.00,44.750,0.00,44.750,0.00,44.750,-0.01,,,,,44.750,0.03,44.750,0.00,44.750,-0.01,44.750,-0.01,44.750,-0.02,44.750,0.01,44.750,0.14,44.750,0.01,44.750,0.00,44.750,0.01,44.750,-0.03,44.750,0.00,44.750,0.01,44.750,0.03,,,,,,,44.750,-0.01,,,,,,,,,,,,,,,,,,,,
44.800,0.01,,,44.800,-0.01,,,44.800,-0.01,,,44.800,-0.01,44.800,-0.02,,,44.800,0.01,,,44.800,-0.01,,,44.800,0.03,,,44.800,-0.01,44.800,0.01,44.800,0.01,44.800,0.00,44.800,0.01,44.800,0.01,44.800,0.00,44.800,0.01,44.800,0.01,44.800,0.01,,,,,44.800,0.04,44.800,0.02,,,44.800,0.00,44.800,0.01,44.800,0.00,44.800,0.00,44.800,-0.01,,,,,44.800,0.01,44.800,0.00,44.800,-0.01,44.800,-0.01,44.800,-0.02,44.800,0.01,44.800,0.20,44.800,0.01,44.800,-0.01,44.800,0.01,44.800,-0.02,44.800,0.00,44.800,0.01,44.800,0.02,,,,,,,44.800,0.00,,,,,,,,,,,,,,,,,,,,
44.850,0.02,,,44.850,0.00,,,44.850,0.00,,,44.850,-0.01,44.850,-0.02,,,44.850,0.00,,,44.850,-0.01,,,44.850,0.03,,,44.850,0.00,44.850,0.01,44.850,0.01,44.850,0.00,44.850,0.01,44.850,0.01,44.850,0.00,44.850,0.03,44.850,0.00,44.850,0.01,,,,,44.850,0.04,44.850,0.01,,,44.850,0.00,44.850,0.01,44.850,0.00,44.850,0.00,44.850,-0.02,,,,,44.850,0.02,44.850,0.01,44.850,0.00,44.850,-0.01,44.850,-0.01,44.850,0.02,44.850,0.27,44.850,0.01,44.850,-0.01,44.850,0.00,44.850,-0.02,44.850,0.00,44.850,0.01,44.850,0.02,,,,,,,44.850,0.00,,,,,,,,,,,,,,,,,,,,
44.900,0.02,,,44.900,0.01,,,44.900,-0.01,,,44.900,-0.01,44.900,-0.02,,,44.900,0.00,,,44.900,-0.01,,,44.900,0.04,,,44.900,0.00,44.900,0.00,44.900,0.01,44.900,0.00,44.900,0.01,,,44.900,0.01,44.900,0.04,44.900,0.00,44.900,0.01,,,,,44.900,0.00,44.900,0.00,,,44.900,0.00,44.900,0.01,44.900,0.00,44.900,0.00,44.900,-0.02,,,,,44.900,0.03,44.900,0.00,44.900,0.00,44.900,0.00,44.900,-0.02,44.900,0.02,44.900,0.39,44.900,0.02,44.900,-0.01,44.900,0.02,44.900,-0.03,44.900,0.01,44.900,0.01,44.900,0.01,,,,,,,44.900,-0.01,,,,,,,,,,,,,,,,,,,,
44.950,0.01,,,44.950,0.00,,,44.950,0.01,,,44.950,0.00,44.950,-0.01,,,44.950,0.01,,,44.950,-0.01,,,44.950,0.04,,,44.950,0.01,44.950,0.01,44.950,0.01,44.950,0.01,44.950,0.01,,,44.950,-0.02,44.950,0.05,44.950,0.01,44.950,0.02,,,,,44.950,0.00,44.950,0.01,,,44.950,0.00,44.950,0.00,44.950,0.00,44.950,0.00,44.950,-0.01,,,,,44.950,0.02,44.950,-0.01,44.950,0.00,44.950,0.00,44.950,-0.02,44.950,0.03,44.950,0.60,44.950,0.02,44.950,-0.01,44.950,0.02,44.950,-0.03,44.950,0.00,44.950,0.01,44.950,0.01,,,,,,,44.950,-0.01,,,,,,,,,,,,,,,,,,,,
45.000,0.02,,,45.000,0.00,,,45.000,-0.01,,,45.000,-0.01,45.000,-0.01,,,45.000,0.02,,,45.000,-0.01,,,45.000,0.05,,,45.000,-0.01,45.000,0.01,45.000,0.02,45.000,0.01,45.000,0.00,,,45.000,-0.01,45.000,0.06,45.000,0.01,45.000,0.01,,,,,45.000,0.00,45.000,0.01,,,45.000,-0.01,45.000,0.00,45.000,0.01,45.000,0.01,45.000,-0.01,,,,,45.000,0.03,45.000,0.00,45.000,0.00,45.000,-0.01,45.000,-0.02,45.000,0.02,45.000,0.74,45.000,0.01,45.000,-0.01,45.000,0.01,45.000,-0.03,45.000,0.01,45.000,0.03,45.000,0.01,,,,,,,45.000,-0.01,,,,,,,,,,,,,,,,,,,,
45.050,0.01,,,45.050,0.00,,,45.050,0.00,,,45.050,-0.01,45.050,-0.01,,,45.050,0.01,,,45.050,0.01,,,45.050,0.05,,,45.050,0.00,45.050,0.01,45.050,0.00,45.050,0.02,45.050,0.00,,,45.050,-0.01,45.050,0.22,45.050,0.01,45.050,0.03,,,,,45.050,0.00,45.050,0.02,,,45.050,-0.01,45.050,0.00,45.050,0.01,45.050,0.01,45.050,-0.01,,,,,45.050,0.03,45.050,0.00,45.050,0.00,45.050,-0.02,45.050,-0.01,45.050,0.02,45.050,0.91,45.050,0.02,45.050,-0.01,45.050,0.02,45.050,-0.02,45.050,0.00,45.050,0.04,45.050,0.01,,,,,,,45.050,-0.01,,,,,,,,,,,,,,,,,,,,
45.100,0.02,,,45.100,0.01,,,45.100,0.01,,,45.100,-0.01,45.100,-0.01,,,45.100,0.00,,,45.100,0.00,,,45.100,0.07,,,45.100,0.01,45.100,0.00,45.100,0.01,45.100,0.00,45.100,0.00,,,45.100,-0.02,45.100,1.36,45.100,0.03,45.100,0.04,,,,,45.100,0.00,45.100,0.02,,,45.100,-0.01,45.100,0.00,45.100,0.02,45.100,0.00,45.100,-0.01,,,,,45.100,0.04,45.100,0.00,45.100,0.00,45.100,-0.02,45.100,-0.01,45.100,0.02,45.100,0.60,45.100,0.02,45.100,-0.01,45.100,0.02,45.100,-0.03,45.100,0.01,45.100,0.04,45.100,0.01,,,,,,,45.100,-0.01,,,,,,,,,,,,,,,,,,,,
45.150,0.01,,,45.150,0.00,,,45.150,0.00,,,45.150,0.00,45.150,0.00,,,45.150,0.00,,,45.150,0.01,,,45.150,0.08,,,45.150,0.01,45.150,0.00,45.150,0.00,45.150,0.00,45.150,0.01,,,45.150,-0.01,45.150,0.12,45.150,0.02,45.150,0.04,,,,,45.150,0.00,45.150,0.01,,,45.150,-0.01,45.150,0.00,45.150,0.02,45.150,0.00,45.150,-0.01,,,,,45.150,0.07,45.150,0.00,45.150,0.00,45.150,-0.02,45.150,-0.01,45.150,0.01,45.150,0.15,45.150,0.02,45.150,-0.02,45.150,0.03,45.150,-0.02,45.150,0.00,45.150,0.03,45.150,0.02,,,,,,,45.150,0.01,,,,,,,,,,,,,,,,,,,,
45.200,0.00,,,45.200,0.01,,,45.200,0.00,,,45.200,0.00,45.200,-0.02,,,45.200,0.01,,,45.200,0.00,,,45.200,0.10,,,45.200,0.00,45.200,0.00,45.200,0.01,45.200,0.00,45.200,0.00,,,45.200,-0.01,45.200,0.03,45.200,0.03,45.200,0.04,,,,,45.200,0.00,45.200,0.01,,,45.200,-0.01,45.200,-0.01,45.200,0.03,45.200,0.00,45.200,-0.01,,,,,45.200,0.09,45.200,0.00,45.200,0.01,45.200,-0.01,45.200,-0.01,45.200,0.03,45.200,0.06,45.200,0.01,45.200,-0.01,45.200,0.03,45.200,-0.02,45.200,0.00,45.200,0.03,45.200,0.02,,,,,,,45.200,0.01,,,,,,,,,,,,,,,,,,,,
45.250,0.02,,,45.250,0.01,,,45.250,0.00,,,45.250,-0.01,45.250,-0.02,,,45.250,0.00,,,45.250,-0.01,,,45.250,0.19,,,45.250,0.01,45.250,0.01,45.250,0.01,45.250,0.01,45.250,0.00,,,45.250,-0.02,45.250,-0.04,45.250,0.03,45.250,0.04,,,,,45.250,-0.01,45.250,0.01,,,45.250,-0.01,45.250,-0.01,45.250,0.05,45.250,-0.01,45.250,0.00,,,,,45.250,0.12,45.250,0.00,45.250,0.01,45.250,-0.02,45.250,-0.02,45.250,0.02,45.250,-0.01,45.250,0.01,45.250,-0.01,45.250,0.03,45.250,-0.02,45.250,-0.01,45.250,0.04,45.250,0.02,,,,,,,45.250,-0.01,,,,,,,,,,,,,,,,,,,,
45.300,0.02,,,45.300,0.00,,,45.300,0.00,,,45.300,0.00,45.300,-0.02,,,45.300,0.01,,,45.300,0.01,,,45.300,0.63,,,45.300,0.01,45.300,0.01,45.300,0.01,45.300,0.00,45.300,0.00,,,45.300,-0.02,45.300,-0.02,45.300,0.03,45.300,0.06,,,,,45.300,-0.01,45.300,0.02,,,,,45.300,-0.01,45.300,0.08,45.300,-0.01,45.300,0.00,,,,,45.300,0.36,45.300,0.00,45.300,0.01,45.300,-0.02,45.300,-0.01,45.300,0.02,45.300,0.00,45.300,0.01,45.300,-0.01,45.300,0.02,45.300,-0.02,45.300,0.00,45.300,0.03,45.300,0.02,,,,,,,45.300,0.00,,,,,,,,,,,,,,,,,,,,
45.350,0.01,,,45.350,0.01,,,45.350,-0.01,,,45.350,0.00,45.350,-0.02,,,45.350,0.01,,,45.350,0.01,,,45.350,0.17,,,45.350,0.00,45.350,0.01,45.350,0.00,45.350,0.01,45.350,0.00,,,45.350,-0.02,45.350,-0.02,45.350,0.03,45.350,0.07,,,,,45.350,-0.01,45.350,0.01,,,,,45.350,-0.01,45.350,0.07,45.350,0.01,45.350,0.00,,,,,45.350,1.26,45.350,0.01,45.350,0.00,45.350,-0.02,45.350,-0.01,45.350,0.02,45.350,0.00,45.350,0.01,45.350,-0.01,45.350,0.02,45.350,-0.02,45.350,-0.01,45.350,0.04,45.350,0.03,,,,,,,45.350,0.01,,,,,,,,,,,,,,,,,,,,
45.400,0.02,,,45.400,0.01,,,45.400,0.00,,,45.400,0.00,45.400,-0.01,,,45.400,0.01,,,45.400,0.00,,,45.400,0.07,,,45.400,0.01,45.400,0.01,45.400,0.01,45.400,0.01,45.400,0.01,,,45.400,-0.02,45.400,0.00,45.400,0.04,45.400,0.12,,,,,45.400,0.00,45.400,0.00,,,,,45.400,0.00,45.400,0.09,45.400,0.00,45.400,0.01,,,,,45.400,1.08,45.400,0.00,45.400,0.02,45.400,-0.02,45.400,-0.02,,,45.400,0.00,45.400,0.01,45.400,-0.01,45.400,0.02,45.400,-0.03,45.400,0.00,45.400,0.04,45.400,0.02,,,,,,,45.400,0.01,,,,,,,,,,,,,,,,,,,,
45.450,0.02,,,45.450,0.01,,,45.450,-0.01,,,45.450,0.00,45.450,-0.02,,,45.450,0.01,,,45.450,0.01,,,45.450,-0.01,,,45.450,0.01,45.450,0.00,45.450,0.00,45.450,0.01,45.450,0.00,,,45.450,-0.01,45.450,-0.01,45.450,0.04,45.450,0.43,,,,,45.450,0.00,45.450,0.01,,,,,45.450,0.00,45.450,0.11,45.450,0.00,45.450,0.00,,,,,45.450,0.28,45.450,0.00,45.450,0.02,45.450,-0.02,45.450,-0.01,,,45.450,0.00,45.450,0.02,45.450,-0.01,45.450,0.02,45.450,-0.03,45.450,0.01,45.450,0.05,45.450,0.02,,,,,,,45.450,0.01,,,,,,,,,,,,,,,,,,,,
45.500,0.03,,,45.500,0.02,,,45.500,0.01,,,45.500,0.00,45.500,-0.03,,,45.500,0.00,,,45.500,0.00,,,45.500,0.00,,,45.500,-0.01,45.500,0.02,45.500,0.00,45.500,0.02,45.500,-0.01,,,45.500,-0.01,45.500,0.00,45.500,0.05,45.500,0.06,,,,,45.500,-0.01,45.500,0.00,,,,,45.500,0.00,45.500,0.15,45.500,0.01,45.500,0.00,,,,,45.500,0.06,45.500,0.00,45.500,0.02,45.500,-0.01,45.500,-0.01,,,45.500,0.01,45.500,0.02,45.500,-0.01,45.500,0.02,45.500,-0.04,45.500,0.02,45.500,0.05,45.500,0.02,,,,,,,45.500,0.01,,,,,,,,,,,,,,,,,,,,
45.550,0.03,,,45.550,0.02,,,45.550,0.00,,,45.550,0.00,45.550,-0.03,,,45.550,0.01,,,45.550,0.01,,,45.550,0.00,,,45.550,-0.01,45.550,0.00,45.550,0.00,45.550,0.02,45.550,-0.01,,,45.550,-0.03,45.550,0.00,45.550,0.06,45.550,0.01,,,,,45.550,0.00,45.550,0.00,,,,,45.550,-0.01,45.550,0.26,45.550,0.01,45.550,0.01,,,,,45.550,0.02,45.550,-0.02,45.550,0.01,45.550,-0.01,45.550,-0.02,,,45.550,0.01,45.550,0.01,45.550,-0.01,45.550,0.02,45.550,-0.02,45.550,0.01,45.550,0.06,45.550,0.02,,,,,,,45.550,0.01,,,,,,,,,,,,,,,,,,,,
45.600,0.02,,,45.600,0.01,,,45.600,0.00,,,45.600,-0.01,45.600,-0.02,,,45.600,0.01,,,45.600,0.00,,,45.600,0.01,,,45.600,0.00,45.600,0.00,45.600,-0.01,45.600,0.01,45.600,-0.01,,,45.600,-0.02,45.600,-0.01,45.600,0.07,45.600,-0.01,,,,,45.600,0.00,45.600,0.01,,,,,45.600,0.00,45.600,0.44,45.600,0.00,45.600,0.01,,,,,45.600,0.00,45.600,-0.01,45.600,0.01,45.600,-0.03,45.600,-0.01,,,45.600,0.00,45.600,0.01,45.600,-0.01,45.600,0.01,45.600,-0.04,45.600,0.02,45.600,0.06,45.600,0.03,,,,,,,45.600,0.01,,,,,,,,,,,,,,,,,,,,
45.650,0.03,,,45.650,0.01,,,45.650,0.00,,,45.650,0.00,45.650,-0.02,,,45.650,0.01,,,45.650,0.00,,,45.650,0.01,,,45.650,0.00,45.650,0.00,45.650,0.01,45.650,0.00,45.650,-0.02,,,45.650,-0.01,45.650,-0.01,45.650,0.12,45.650,0.01,,,,,45.650,-0.01,45.650,0.00,,,,,45.650,0.02,45.650,0.74,45.650,0.00,45.650,0.00,,,,,45.650,0.00,45.650,-0.01,45.650,0.01,45.650,-0.01,45.650,-0.01,,,45.650,0.00,45.650,0.02,45.650,-0.01,45.650,0.03,45.650,-0.03,45.650,0.01,45.650,0.06,45.650,0.03,,,,,,,45.650,0.00,,,,,,,,,,,,,,,,,,,,
45.700,0.02,,,45.700,0.01,,,45.700,0.00,,,45.700,-0.02,45.700,-0.02,,,45.700,0.01,,,45.700,0.00,,,45.700,0.00,,,45.700,0.00,45.700,0.01,45.700,0.01,45.700,0.00,45.700,0.00,,,45.700,-0.02,45.700,0.00,45.700,0.29,45.700,-0.01,,,,,45.700,0.01,45.700,0.02,,,,,45.700,0.01,45.700,1.03,45.700,-0.01,45.700,0.00,,,,,45.700,0.01,45.700,-0.01,45.700,0.01,45.700,-0.02,45.700,-0.01,,,45.700,-0.01,45.700,0.01,45.700,-0.01,45.700,0.02,45.700,-0.04,45.700,0.01,45.700,0.07,45.700,0.02,,,,,,,45.700,0.00,,,,,,,,,,,,,,,,,,,,
45.750,0.02,,,45.750,0.01,,,45.750,0.01,,,45.750,-0.01,45.750,-0.01,,,45.750,0.01,,,45.750,0.00,,,45.750,0.01,,,45.750,0.00,45.750,0.00,45.750,0.01,45.750,-0.01,45.750,-0.01,,,45.750,-0.02,45.750,-0.01,45.750,0.88,45.750,-0.03,,,,,45.750,0.00,45.750,0.01,,,,,45.750,0.02,45.750,1.40,45.750,-0.01,45.750,0.00,,,,,45.750,0.01,45.750,-0.02,45.750,0.02,45.750,-0.01,45.750,-0.01,,,45.750,0.00,45.750,0.01,45.750,-0.02,45.750,0.03,45.750,-0.03,45.750,-0.01,45.750,0.08,45.750,0.03,,,,,,,45.750,0.00,,,,,,,,,,,,,,,,,,,,
45.800,0.02,,,45.800,0.01,,,45.800,0.00,,,45.800,0.00,45.800,-0.02,,,45.800,0.01,,,45.800,-0.01,,,45.800,0.00,,,45.800,0.01,45.800,0.00,45.800,0.00,45.800,0.00,45.800,-0.01,,,45.800,-0.01,45.800,-0.01,45.800,0.17,45.800,-0.02,,,,,45.800,0.01,45.800,0.02,,,,,45.800,0.02,45.800,1.22,45.800,-0.01,45.800,0.00,,,,,45.800,-0.01,45.800,-0.03,45.800,0.01,45.800,-0.01,45.800,-0.02,,,45.800,-0.01,45.800,0.02,45.800,-0.02,45.800,0.02,45.800,-0.03,45.800,-0.01,45.800,0.09,45.800,0.02,,,,,,,45.800,-0.01,,,,,,,,,,,,,,,,,,,,
45.850,0.03,,,45.850,0.02,,,45.850,-0.01,,,45.850,-0.01,45.850,-0.02,,,45.850,0.01,,,45.850,-0.01,,,45.850,0.01,,,45.850,-0.01,45.850,0.02,45.850,0.00,45.850,0.00,45.850,0.00,,,45.850,-0.02,45.850,-0.01,45.850,0.06,45.850,-0.02,,,,,45.850,0.01,45.850,0.02,,,,,45.850,0.04,45.850,0.12,45.850,0.00,45.850,0.00,,,,,45.850,0.01,45.850,-0.02,45.850,0.01,45.850,-0.01,45.850,-0.01,,,45.850,-0.01,45.850,0.01,45.850,-0.02,45.850,0.03,45.850,-0.04,45.850,0.01,45.850,0.10,45.850,0.02,,,,,,,45.850,-0.01,,,,,,,,,,,,,,,,,,,,
45.900,0.02,,,45.900,0.01,,,45.900,-0.01,,,45.900,0.00,45.900,-0.02,,,45.900,0.02,,,45.900,-0.01,,,45.900,0.00,,,45.900,0.00,45.900,0.01,45.900,0.01,45.900,0.00,45.900,-0.01,,,45.900,-0.02,45.900,0.00,45.900,-0.01,45.900,-0.01,,,,,45.900,0.01,45.900,0.02,,,,,45.900,0.05,45.900,0.05,45.900,0.00,45.900,-0.01,,,,,45.900,0.00,45.900,-0.01,45.900,0.02,45.900,-0.01,45.900,-0.02,,,45.900,0.00,45.900,0.00,45.900,-0.02,45.900,0.02,45.900,-0.04,45.900,0.01,45.900,0.12,45.900,0.02,,,,,,,45.900,0.00,,,,,,,,,,,,,,,,,,,,
45.950,0.02,,,45.950,0.02,,,45.950,-0.01,,,45.950,-0.01,45.950,-0.02,,,45.950,0.01,,,45.950,0.00,,,45.950,0.00,,,45.950,0.00,45.950,0.01,45.950,0.02,45.950,0.00,45.950,-0.01,,,45.950,-0.02,45.950,-0.01,45.950,-0.02,45.950,-0.01,,,,,45.950,0.01,45.950,0.01,,,,,45.950,0.05,45.950,-0.02,45.950,0.01,45.950,-0.01,,,,,45.950,-0.01,45.950,-0.02,45.950,0.01,45.950,0.00,45.950,-0.02,,,45.950,0.00,45.950,0.01,45.950,-0.02,45.950,0.02,45.950,-0.03,45.950,0.00,45.950,0.19,45.950,0.02,,,,,,,45.950,-0.01,,,,,,,,,,,,,,,,,,,,
46.000,0.02,,,46.000,0.01,,,46.000,-0.01,,,46.000,-0.01,46.000,-0.01,,,46.000,0.02,,,46.000,0.00,,,46.000,0.01,,,46.000,0.00,46.000,0.01,46.000,0.01,46.000,0.00,46.000,0.00,,,,,46.000,-0.01,46.000,0.00,46.000,-0.01,,,,,46.000,0.02,46.000,0.01,,,,,46.000,0.07,46.000,-0.01,46.000,0.00,46.000,0.00,,,,,46.000,-0.01,46.000,-0.02,46.000,0.02,46.000,-0.01,46.000,-0.02,,,46.000,0.00,46.000,0.00,46.000,-0.02,46.000,0.02,46.000,-0.03,46.000,0.01,46.000,0.30,46.000,0.02,,,,,,,46.000,0.00,,,,,,,,,,,,,,,,,,,,
46.050,0.02,,,46.050,0.01,,,46.050,-0.01,,,46.050,-0.01,46.050,-0.02,,,46.050,0.02,,,46.050,-0.01,,,46.050,0.00,,,46.050,-0.01,46.050,0.00,46.050,0.01,46.050,0.00,46.050,0.00,,,,,46.050,0.00,46.050,0.00,46.050,-0.02,,,,,46.050,0.03,46.050,0.02,,,,,46.050,0.13,46.050,0.00,46.050,-0.01,46.050,0.00,,,,,46.050,0.00,46.050,-0.02,46.050,0.03,46.050,-0.02,46.050,-0.01,,,46.050,0.01,46.050,0.01,46.050,-0.01,46.050,0.01,46.050,-0.03,46.050,0.01,46.050,0.53,46.050,0.03,,,,,,,46.050,0.00,,,,,,,,,,,,,,,,,,,,
46.100,0.03,,,46.100,0.01,,,46.100,0.00,,,46.100,-0.01,46.100,-0.02,,,46.100,0.03,,,46.100,0.00,,,46.100,0.00,,,46.100,-0.01,46.100,0.01,46.100,0.01,46.100,0.01,46.100,0.00,,,,,46.100,-0.01,46.100,0.01,46.100,-0.02,,,,,46.100,0.03,46.100,0.02,,,,,46.100,0.22,46.100,0.01,46.100,0.00,46.100,0.01,,,,,46.100,-0.01,46.100,-0.01,46.100,0.04,46.100,-0.01,46.100,-0.02,,,46.100,0.01,46.100,0.02,46.100,-0.01,46.100,0.01,46.100,-0.03,46.100,0.00,46.100,0.24,46.100,0.02,,,,,,,46.100,0.00,,,,,,,,,,,,,,,,,,,,
46.150,0.02,,,46.150,0.01,,,46.150,-0.01,,,46.150,-0.01,46.150,-0.02,,,46.150,0.02,,,46.150,-0.01,,,46.150,0.00,,,46.150,-0.01,46.150,0.00,46.150,0.01,46.150,0.00,46.150,-0.01,,,,,46.150,-0.01,46.150,0.01,46.150,-0.02,,,,,46.150,0.03,46.150,0.02,,,,,46.150,0.47,46.150,0.01,46.150,-0.01,46.150,0.00,,,,,46.150,0.00,46.150,-0.02,46.150,0.04,46.150,-0.02,46.150,-0.02,,,46.150,0.01,46.150,0.02,46.150,-0.01,46.150,0.01,46.150,-0.03,46.150,0.01,46.150,0.07,46.150,0.01,,,,,,,46.150,-0.01,,,,,,,,,,,,,,,,,,,,
46.200,0.03,,,46.200,0.01,,,46.200,-0.01,,,46.200,-0.01,46.200,-0.03,,,46.200,0.02,,,46.200,-0.01,,,46.200,0.00,,,46.200,0.00,46.200,0.01,46.200,0.01,46.200,0.01,46.200,-0.01,,,,,46.200,-0.02,46.200,0.01,46.200,-0.02,,,,,46.200,0.04,46.200,0.01,,,,,46.200,0.70,46.200,0.00,46.200,0.00,46.200,0.01,,,,,46.200,-0.01,46.200,-0.01,46.200,0.05,46.200,-0.01,46.200,-0.01,,,46.200,0.01,46.200,0.01,46.200,-0.01,46.200,0.01,46.200,-0.03,46.200,0.02,46.200,0.03,46.200,0.02,,,,,,,46.200,-0.01,,,,,,,,,,,,,,,,,,,,
46.250,0.02,,,46.250,0.01,,,46.250,-0.01,,,46.250,-0.01,46.250,-0.01,,,46.250,0.02,,,46.250,0.00,,,46.250,0.00,,,46.250,0.01,46.250,0.01,46.250,0.02,46.250,0.00,46.250,-0.01,,,,,46.250,-0.01,46.250,0.00,46.250,-0.01,,,,,46.250,0.05,46.250,0.01,,,,,46.250,0.91,46.250,0.00,46.250,0.01,46.250,0.01,,,,,46.250,-0.01,46.250,-0.01,46.250,0.06,46.250,-0.01,46.250,-0.02,,,46.250,0.00,46.250,0.01,46.250,0.00,46.250,0.01,46.250,-0.03,46.250,0.01,46.250,-0.01,46.250,0.04,,,,,,,46.250,-0.01,,,,,,,,,,,,,,,,,,,,
46.300,0.04,,,46.300,0.01,,,46.300,-0.01,,,46.300,-0.01,46.300,-0.01,,,46.300,0.02,,,46.300,-0.01,,,46.300,0.00,,,46.300,-0.01,46.300,0.02,46.300,0.03,46.300,0.01,46.300,-0.01,,,,,46.300,-0.01,46.300,0.00,46.300,-0.02,,,,,46.300,0.05,46.300,0.04,,,,,46.300,1.22,46.300,0.01,46.300,0.01,46.300,0.00,,,,,46.300,-0.01,46.300,-0.01,46.300,0.08,46.300,-0.02,46.300,-0.02,,,46.300,0.01,46.300,0.00,46.300,0.00,46.300,0.02,46.300,-0.02,46.300,0.01,46.300,0.01,46.300,0.04,,,,,,,46.300,-0.02,,,,,,,,,,,,,,,,,,,,
46.350,0.04,,,46.350,0.01,,,46.350,-0.01,,,46.350,-0.02,46.350,-0.02,,,46.350,0.02,,,46.350,-0.01,,,46.350,0.01,,,46.350,0.00,46.350,0.01,46.350,0.02,46.350,0.01,46.350,0.00,,,,,46.350,0.00,46.350,0.01,46.350,-0.02,,,,,46.350,0.06,46.350,0.04,,,,,46.350,1.43,46.350,0.01,46.350,0.01,46.350,0.00,,,,,46.350,-0.01,46.350,-0.02,46.350,0.21,46.350,-0.01,46.350,-0.02,,,46.350,0.00,46.350,0.01,46.350,0.00,46.350,0.02,46.350,-0.02,46.350,0.01,46.350,0.01,46.350,0.05,,,,,,,46.350,-0.01,,,,,,,,,,,,,,,,,,,,
46.400,0.04,,,46.400,0.01,,,46.400,-0.01,,,46.400,0.05,,,,,46.400,0.03,,,46.400,0.00,,,46.400,0.00,,,46.400,-0.01,46.400,0.02,46.400,0.03,46.400,0.01,46.400,-0.01,,,,,46.400,-0.01,46.400,0.01,46.400,-0.01,,,,,46.400,0.08,46.400,0.04,,,,,46.400,1.63,46.400,0.00,46.400,0.00,46.400,0.01,,,,,46.400,-0.01,46.400,-0.02,46.400,0.21,46.400,-0.01,46.400,-0.03,,,46.400,0.00,46.400,0.01,46.400,-0.01,46.400,0.01,46.400,-0.02,46.400,0.02,46.400,0.00,46.400,0.05,,,,,,,46.400,-0.01,,,,,,,,,,,,,,,,,,,,
46.450,0.05,,,46.450,0.01,,,46.450,0.00,,,46.450,0.02,,,,,46.450,0.03,,,46.450,0.00,,,46.450,0.01,,,46.450,-0.02,46.450,0.02,46.450,0.03,46.450,0.01,46.450,-0.01,,,,,46.450,-0.01,46.450,0.01,46.450,-0.01,,,,,46.450,0.11,46.450,0.03,,,,,46.450,1.87,46.450,0.00,46.450,-0.01,46.450,0.01,,,,,46.450,-0.01,46.450,-0.01,46.450,0.08,46.450,-0.01,46.450,-0.03,,,46.450,0.01,46.450,0.01,46.450,0.00,46.450,0.01,46.450,-0.02,46.450,0.01,46.450,0.00,46.450,0.07,,,,,,,46.450,-0.01,,,,,,,,,,,,,,,,,,,,
46.500,0.04,,,46.500,0.02,,,46.500,-0.01,,,46.500,-0.02,,,,,46.500,0.04,,,46.500,0.01,,,46.500,0.01,,,46.500,-0.01,46.500,0.01,46.500,0.03,46.500,0.01,46.500,0.00,,,,,46.500,-0.01,46.500,0.01,46.500,-0.02,,,,,46.500,0.21,46.500,0.03,,,,,46.500,2.11,46.500,0.00,46.500,0.00,,,,,,,46.500,-0.01,46.500,-0.01,46.500,-0.01,46.500,-0.01,46.500,-0.03,,,46.500,0.01,46.500,0.02,46.500,0.00,46.500,0.02,46.500,-0.02,46.500,0.01,46.500,0.01,46.500,0.09,,,,,,,46.500,-0.01,,,,,,,,,,,,,,,,,,,,
46.550,0.04,,,46.550,0.01,,,46.550,-0.01,,,46.550,-0.01,,,,,46.550,0.04,,,46.550,0.00,,,46.550,0.01,,,46.550,-0.01,46.550,0.01,46.550,0.04,46.550,0.01,46.550,0.00,,,,,46.550,0.00,46.550,0.02,46.550,-0.03,,,,,46.550,0.78,46.550,0.04,,,,,46.550,2.35,46.550,0.00,46.550,-0.02,,,,,,,46.550,-0.01,46.550,-0.02,46.550,-0.02,46.550,-0.01,46.550,-0.03,,,46.550,0.01,46.550,0.02,46.550,-0.01,46.550,0.02,46.550,-0.02,46.550,0.01,46.550,0.01,46.550,0.12,,,,,,,46.550,-0.01,,,,,,,,,,,,,,,,,,,,
46.600,0.05,,,46.600,0.01,,,46.600,0.01,,,46.600,-0.01,,,,,46.600,0.02,,,46.600,0.00,,,46.600,0.00,,,46.600,-0.01,46.600,0.04,46.600,0.05,46.600,0.02,46.600,-0.01,,,,,46.600,-0.01,46.600,0.01,46.600,-0.03,,,,,46.600,0.79,46.600,0.04,,,,,46.600,2.48,46.600,0.00,46.600,0.00,,,,,,,46.600,-0.01,46.600,-0.01,46.600,-0.01,46.600,-0.01,46.600,-0.02,,,46.600,0.01,46.600,0.01,46.600,-0.01,46.600,0.01,46.600,-0.02,46.600,0.00,46.600,0.01,46.600,0.26,,,,,,,46.600,-0.01,,,,,,,,,,,,,,,,,,,,
46.650,0.07,,,46.650,0.01,,,46.650,0.00,,,46.650,-0.02,,,,,46.650,0.02,,,46.650,-0.01,,,46.650,0.01,,,46.650,-0.01,46.650,0.01,46.650,0.04,46.650,0.02,46.650,0.00,,,,,46.650,-0.01,46.650,0.01,46.650,-0.02,,,,,46.650,0.08,46.650,0.04,,,,,46.650,1.00,46.650,0.00,46.650,-0.01,,,,,,,46.650,-0.01,46.650,-0.02,46.650,0.00,46.650,-0.01,46.650,-0.01,,,46.650,0.02,46.650,0.01,46.650,-0.02,46.650,0.01,46.650,-0.02,46.650,0.00,46.650,0.01,46.650,1.03,,,,,,,46.650,-0.01,,,,,,,,,,,,,,,,,,,,
46.700,0.09,,,46.700,0.01,,,46.700,-0.02,,,46.700,-0.01,,,,,46.700,0.01,,,,,,,46.700,0.02,,,46.700,0.00,46.700,0.00,46.700,0.04,46.700,0.03,46.700,0.00,,,,,46.700,-0.01,46.700,0.01,46.700,-0.01,,,,,46.700,0.03,46.700,0.04,,,,,46.700,0.08,46.700,0.01,46.700,0.00,,,,,,,46.700,0.00,46.700,-0.01,46.700,0.00,46.700,-0.01,46.700,-0.01,,,46.700,0.01,46.700,0.01,46.700,0.00,46.700,0.01,46.700,-0.01,46.700,0.01,46.700,0.01,46.700,1.44,,,,,,,46.700,-0.01,,,,,,,,,,,,,,,,,,,,
46.750,0.16,,,46.750,0.02,,,46.750,-0.01,,,46.750,-0.01,,,,,46.750,0.04,,,,,,,46.750,0.01,,,46.750,0.00,46.750,0.00,46.750,0.05,46.750,0.04,46.750,0.00,,,,,46.750,-0.01,46.750,0.01,46.750,-0.02,,,,,46.750,-0.01,46.750,0.06,,,,,46.750,0.03,46.750,-0.01,46.750,-0.01,,,,,,,46.750,0.00,46.750,-0.01,46.750,-0.01,46.750,-0.01,46.750,-0.02,,,46.750,0.00,46.750,0.01,46.750,0.06,46.750,0.02,46.750,-0.02,46.750,0.02,46.750,0.00,46.750,1.34,,,,,,,46.750,-0.01,,,,,,,,,,,,,,,,,,,,
46.800,0.33,,,46.800,0.02,,,46.800,-0.01,,,46.800,0.00,,,,,46.800,0.05,,,,,,,46.800,0.00,,,46.800,-0.01,46.800,0.00,46.800,0.06,46.800,0.03,46.800,0.00,,,,,46.800,-0.02,46.800,0.01,46.800,-0.01,,,,,46.800,-0.01,46.800,0.06,,,,,46.800,-0.02,46.800,-0.01,46.800,0.00,,,,,,,46.800,0.00,46.800,0.00,46.800,-0.01,46.800,-0.01,46.800,0.00,,,46.800,0.00,46.800,0.01,46.800,0.04,46.800,0.02,46.800,-0.01,46.800,0.01,46.800,0.00,46.800,1.28,,,,,,,46.800,0.00,,,,,,,,,,,,,,,,,,,,
46.850,0.77,,,46.850,0.02,,,46.850,0.00,,,46.850,-0.01,,,,,46.850,0.04,,,,,,,46.850,-0.01,,,46.850,0.00,46.850,0.01,46.850,0.09,46.850,0.04,46.850,0.01,,,,,46.850,-0.02,46.850,0.01,46.850,-0.01,,,,,46.850,-0.01,46.850,0.09,,,,,46.850,0.00,46.850,0.00,46.850,-0.01,,,,,,,46.850,-0.01,46.850,-0.01,46.850,-0.01,46.850,-0.01,46.850,-0.01,,,46.850,0.00,46.850,0.02,46.850,-0.01,46.850,0.03,46.850,-0.01,46.850,0.01,46.850,0.00,46.850,1.36,,,,,,,46.850,0.00,,,,,,,,,,,,,,,,,,,,
46.900,1.26,,,46.900,0.02,,,46.900,0.00,,,46.900,-0.01,,,,,46.900,0.04,,,,,,,46.900,0.00,,,46.900,0.01,46.900,0.00,46.900,0.14,46.900,0.02,46.900,0.01,,,,,46.900,0.00,46.900,0.01,46.900,-0.02,,,,,46.900,0.00,46.900,0.10,,,,,46.900,0.00,46.900,0.00,46.900,0.00,,,,,,,46.900,0.00,46.900,-0.01,46.900,-0.01,46.900,-0.01,46.900,-0.01,,,46.900,0.00,46.900,0.02,46.900,-0.02,46.900,0.02,46.900,-0.02,46.900,0.01,46.900,0.01,46.900,1.75,,,,,,,46.900,0.01,,,,,,,,,,,,,,,,,,,,
46.950,1.67,,,46.950,0.02,,,46.950,-0.01,,,46.950,0.00,,,,,46.950,0.05,,,,,,,46.950,0.00,,,46.950,0.00,46.950,0.00,46.950,0.27,46.950,0.04,46.950,0.01,,,,,46.950,0.00,46.950,0.02,46.950,-0.02,,,,,46.950,0.00,46.950,0.13,,,,,46.950,0.00,46.950,0.00,46.950,-0.01,,,,,,,46.950,-0.01,46.950,-0.01,46.950,-0.01,46.950,0.00,46.950,-0.01,,,46.950,0.00,46.950,0.01,46.950,0.01,46.950,0.03,46.950,-0.02,46.950,0.01,46.950,0.01,46.950,1.85,,,,,,,46.950,0.00,,,,,,,,,,,,,,,,,,,,
47.000,2.07,,,47.000,0.03,,,47.000,0.00,,,47.000,0.01,,,,,47.000,0.05,,,,,,,47.000,0.01,,,47.000,-0.01,47.000,0.01,47.000,0.51,47.000,0.04,47.000,0.01,,,,,47.000,-0.02,47.000,0.02,47.000,-0.02,,,,,47.000,0.00,47.000,0.26,,,,,47.000,0.01,47.000,0.00,47.000,0.00,,,,,,,47.000,0.00,47.000,0.00,47.000,-0.01,47.000,-0.01,47.000,-0.01,,,,,47.000,0.02,47.000,0.01,47.000,0.05,47.000,-0.02,47.000,0.01,47.000,0.01,47.000,1.92,,,,,,,47.000,0.00,,,,,,,,,,,,,,,,,,,,
47.050,2.42,,,47.050,0.02,,,47.050,0.00,,,47.050,0.01,,,,,47.050,0.06,,,,,,,47.050,0.02,,,47.050,0.00,47.050,0.00,47.050,0.80,47.050,0.04,47.050,0.00,,,,,47.050,0.01,47.050,0.01,47.050,-0.02,,,,,47.050,0.01,47.050,0.83,,,,,47.050,0.01,47.050,0.00,47.050,-0.01,,,,,,,47.050,0.00,47.050,0.01,47.050,-0.01,47.050,-0.01,47.050,-0.02,,,,,47.050,0.02,47.050,0.01,47.050,0.06,47.050,-0.02,47.050,0.01,47.050,0.01,47.050,1.97,,,,,,,47.050,-0.01,,,,,,,,,,,,,,,,,,,,
47.100,2.62,,,47.100,0.02,,,47.100,0.00,,,47.100,0.01,,,,,47.100,0.08,,,,,,,47.100,0.02,,,47.100,0.00,47.100,0.00,47.100,1.26,47.100,0.04,47.100,0.01,,,,,47.100,-0.02,47.100,0.02,47.100,-0.02,,,,,47.100,0.01,47.100,0.31,,,,,47.100,0.02,47.100,0.01,47.100,-0.02,,,,,,,47.100,-0.01,47.100,0.00,47.100,-0.01,47.100,-0.01,47.100,-0.02,,,,,47.100,0.01,47.100,0.00,47.100,0.08,47.100,-0.01,47.100,0.02,47.100,0.00,47.100,2.13,,,,,,,47.100,0.00,,,,,,,,,,,,,,,,,,,,
47.150,0.03,,,47.150,0.02,,,47.150,0.00,,,47.150,0.02,,,,,47.150,0.08,,,,,,,47.150,0.00,,,47.150,-0.01,47.150,0.00,47.150,0.10,47.150,0.04,47.150,-0.01,,,,,47.150,-0.02,47.150,0.00,47.150,-0.01,,,,,47.150,0.01,47.150,0.07,,,,,47.150,0.00,47.150,0.01,47.150,-0.01,,,,,,,47.150,-0.01,47.150,-0.01,47.150,0.00,47.150,-0.02,47.150,-0.02,,,,,47.150,0.01,47.150,-0.01,47.150,0.12,47.150,-0.01,47.150,0.01,47.150,0.00,47.150,0.17,,,,,,,47.150,-0.01,,,,,,,,,,,,,,,,,,,,
47.200,0.05,,,47.200,0.01,,,47.200,-0.01,,,47.200,0.02,,,,,47.200,0.11,,,,,,,47.200,0.01,,,47.200,-0.01,47.200,0.00,47.200,0.05,47.200,0.04,47.200,-0.01,,,,,47.200,-0.02,47.200,0.01,47.200,-0.01,,,,,47.200,0.02,47.200,0.03,,,,,47.200,0.01,47.200,0.01,47.200,-0.01,,,,,,,47.200,0.00,47.200,-0.01,47.200,0.00,47.200,-0.02,47.200,-0.02,,,,,47.200,0.00,47.200,-0.01,47.200,0.25,47.200,-0.02,47.200,0.02,47.200,0.00,47.200,0.08,,,,,,,47.200,-0.01,,,,,,,,,,,,,,,,,,,,
47.250,-0.02,,,47.250,0.02,,,47.250,-0.01,,,47.250,0.04,,,,,47.250,0.13,,,,,,,47.250,0.00,,,47.250,0.00,47.250,0.00,47.250,-0.01,47.250,0.05,47.250,-0.01,,,,,47.250,-0.01,47.250,0.01,47.250,-0.01,,,,,47.250,0.01,47.250,0.00,,,,,47.250,0.01,47.250,0.01,47.250,-0.01,,,,,,,47.250,0.00,47.250,-0.01,47.250,0.00,47.250,-0.01,47.250,-0.01,,,,,47.250,0.01,47.250,-0.01,47.250,0.77,47.250,-0.02,47.250,0.01,47.250,0.01,47.250,0.01,,,,,,,47.250,-0.01,,,,,,,,,,,,,,,,,,,,
47.300,-0.01,,,47.300,0.02,,,47.300,-0.01,,,47.300,0.04,,,,,47.300,0.20,,,,,,,47.300,0.00,,,47.300,0.00,47.300,0.01,47.300,-0.01,47.300,0.06,47.300,-0.01,,,,,47.300,-0.02,47.300,0.01,47.300,-0.01,,,,,47.300,0.02,47.300,0.01,,,,,47.300,0.01,47.300,0.02,47.300,-0.01,,,,,,,47.300,0.01,47.300,0.00,47.300,-0.01,47.300,-0.02,47.300,-0.02,,,,,47.300,0.00,47.300,0.00,47.300,1.27,47.300,-0.03,47.300,0.02,47.300,0.01,47.300,0.00,,,,,,,47.300,-0.01,,,,,,,,,,,,,,,,,,,,
47.350,-0.03,,,47.350,0.01,,,47.350,0.00,,,47.350,0.03,,,,,47.350,0.36,,,,,,,47.350,0.01,,,47.350,-0.01,47.350,0.01,47.350,-0.01,47.350,0.06,47.350,-0.01,,,,,47.350,-0.01,47.350,0.00,47.350,-0.01,,,,,47.350,0.02,47.350,0.01,,,,,47.350,0.01,47.350,0.00,47.350,-0.01,,,,,,,47.350,-0.01,47.350,0.01,47.350,0.00,47.350,-0.02,47.350,-0.02,,,,,47.350,0.01,47.350,0.00,47.350,1.57,47.350,-0.02,47.350,0.02,47.350,0.01,47.350,0.01,,,,,,,47.350,-0.01,,,,,,,,,,,,,,,,,,,,
47.400,-0.02,,,47.400,0.02,,,47.400,0.01,,,47.400,0.03,,,,,47.400,0.37,,,,,,,47.400,0.00,,,47.400,-0.02,47.400,0.02,47.400,0.00,47.400,0.08,47.400,-0.01,,,,,47.400,-0.02,47.400,0.00,47.400,-0.02,,,,,47.400,0.01,47.400,0.01,,,,,47.400,0.01,47.400,0.00,47.400,-0.01,,,,,,,47.400,-0.01,47.400,0.02,47.400,0.01,47.400,-0.01,47.400,-0.01,,,,,47.400,0.01,47.400,-0.01,47.400,1.75,47.400,-0.02,47.400,0.01,47.400,0.01,47.400,0.00,,,,,,,47.400,-0.01,,,,,,,,,,,,,,,,,,,,
47.450,-0.02,,,47.450,0.01,,,47.450,-0.01,,,47.450,0.03,,,,,47.450,0.09,,,,,,,47.450,0.01,,,47.450,-0.01,47.450,0.02,47.450,-0.01,47.450,0.09,47.450,-0.01,,,,,47.450,-0.02,47.450,0.01,47.450,-0.02,,,,,47.450,0.00,47.450,0.01,,,,,47.450,0.01,47.450,0.01,47.450,-0.01,,,,,,,47.450,0.00,47.450,0.03,47.450,0.00,47.450,-0.01,47.450,-0.02,,,,,47.450,0.01,47.450,0.00,47.450,2.02,47.450,-0.03,47.450,0.01,47.450,0.00,47.450,0.00,,,,,,,47.450,-0.01,,,,,,,,,,,,,,,,,,,,
47.500,-0.02,,,47.500,0.02,,,47.500,0.00,,,47.500,0.03,,,,,47.500,0.03,,,,,,,47.500,0.01,,,47.500,0.00,47.500,0.02,47.500,0.00,47.500,0.12,47.500,0.00,,,,,47.500,-0.01,47.500,0.01,47.500,-0.02,,,,,47.500,0.01,47.500,0.01,,,,,47.500,0.01,47.500,0.00,47.500,-0.01,,,,,,,47.500,-0.01,47.500,0.04,47.500,0.00,47.500,-0.01,47.500,-0.01,,,,,47.500,0.00,47.500,0.00,47.500,2.08,47.500,-0.03,47.500,0.01,47.500,0.01,47.500,0.01,,,,,,,47.500,0.00,,,,,,,,,,,,,,,,,,,,
47.550,-0.01,,,47.550,0.03,,,47.550,0.00,,,47.550,0.04,,,,,47.550,0.00,,,,,,,47.550,0.01,,,47.550,0.01,47.550,0.02,47.550,0.01,47.550,0.22,47.550,-0.01,,,,,47.550,-0.01,47.550,0.01,47.550,-0.02,,,,,47.550,0.01,47.550,0.01,,,,,47.550,0.00,47.550,0.00,47.550,0.00,,,,,,,47.550,-0.01,47.550,0.05,47.550,0.00,47.550,-0.01,47.550,-0.01,,,,,47.550,0.01,47.550,0.01,47.550,0.11,47.550,-0.03,47.550,0.02,47.550,0.01,47.550,0.01,,,,,,,47.550,0.00,,,,,,,,,,,,,,,,,,,,
47.600,-0.01,,,47.600,0.03,,,47.600,0.00,,,47.600,0.03,,,,,47.600,0.02,,,,,,,47.600,0.01,,,47.600,0.00,47.600,0.04,47.600,0.00,47.600,0.68,47.600,-0.01,,,,,47.600,-0.01,47.600,0.01,47.600,-0.02,,,,,47.600,0.01,47.600,0.01,,,,,47.600,0.01,47.600,0.01,47.600,-0.01,,,,,,,47.600,-0.01,47.600,0.07,47.600,0.00,47.600,-0.01,47.600,-0.01,,,,,47.600,0.01,47.600,0.00,47.600,0.06,47.600,-0.04,47.600,0.01,47.600,0.01,47.600,0.01,,,,,,,47.600,0.00,,,,,,,,,,,,,,,,,,,,
47.650,-0.01,,,47.650,0.02,,,47.650,0.00,,,47.650,0.04,,,,,47.650,0.04,,,,,,,47.650,0.01,,,47.650,0.00,47.650,0.03,47.650,0.00,47.650,0.21,47.650,-0.01,,,,,47.650,-0.01,47.650,0.02,47.650,-0.02,,,,,47.650,0.01,47.650,0.01,,,,,47.650,0.00,47.650,0.01,47.650,-0.01,,,,,,,47.650,0.00,47.650,0.18,47.650,0.00,47.650,-0.01,47.650,-0.01,,,,,47.650,0.01,47.650,0.00,47.650,-0.01,47.650,-0.03,47.650,0.01,47.650,0.01,47.650,0.00,,,,,,,47.650,0.00,,,,,,,,,,,,,,,,,,,,
47.700,0.00,,,47.700,0.03,,,47.700,0.00,,,47.700,0.03,,,,,47.700,0.03,,,,,,,47.700,0.01,,,47.700,0.00,47.700,0.03,47.700,0.01,47.700,0.07,47.700,-0.01,,,,,47.700,-0.02,47.700,0.02,47.700,-0.02,,,,,47.700,0.01,47.700,0.02,,,,,47.700,0.01,47.700,-0.01,47.700,0.01,,,,,,,47.700,0.00,47.700,0.68,47.700,0.00,47.700,-0.01,47.700,-0.01,,,,,47.700,0.01,47.700,0.00,47.700,0.01,47.700,-0.03,47.700,0.01,47.700,0.00,47.700,0.00,,,,,,,47.700,0.00,,,,,,,,,,,,,,,,,,,,
47.750,-0.03,,,47.750,0.02,,,47.750,-0.01,,,47.750,0.04,,,,,47.750,0.02,,,,,,,47.750,0.01,,,47.750,0.00,47.750,0.03,47.750,0.00,47.750,0.01,47.750,-0.01,,,,,47.750,-0.01,47.750,0.02,47.750,-0.02,,,,,47.750,0.01,47.750,0.01,,,,,47.750,0.01,47.750,-0.01,47.750,0.02,,,,,,,47.750,0.00,47.750,0.08,47.750,0.01,47.750,-0.02,47.750,-0.02,,,,,47.750,0.01,47.750,-0.01,47.750,0.01,47.750,-0.03,47.750,0.01,47.750,0.00,47.750,0.00,,,,,,,47.750,0.00,,,,,,,,,,,,,,,,,,,,
47.800,-0.01,,,47.800,0.02,,,47.800,-0.01,,,47.800,0.03,,,,,47.800,0.02,,,,,,,47.800,0.01,,,47.800,-0.01,47.800,0.05,47.800,0.01,47.800,0.00,47.800,0.00,,,,,47.800,0.00,47.800,0.01,47.800,-0.01,,,,,47.800,0.01,47.800,0.01,,,,,47.800,0.00,47.800,-0.01,47.800,0.02,,,,,,,47.800,-0.01,47.800,0.03,47.800,0.00,47.800,-0.02,47.800,-0.01,,,,,47.800,0.02,47.800,-0.01,47.800,0.01,47.800,-0.02,47.800,0.01,47.800,0.01,47.800,0.00,,,,,,,47.800,0.00,,,,,,,,,,,,,,,,,,,,
47.850,0.00,,,47.850,0.02,,,47.850,-0.02,,,47.850,0.03,,,,,47.850,0.03,,,,,,,47.850,0.01,,,47.850,-0.01,47.850,0.08,47.850,0.00,47.850,0.01,47.850,-0.01,,,,,47.850,0.01,47.850,0.01,47.850,-0.01,,,,,47.850,0.00,47.850,0.01,,,,,47.850,0.01,47.850,0.00,47.850,0.02,,,,,,,47.850,0.00,47.850,-0.01,47.850,0.00,47.850,-0.02,47.850,-0.01,,,,,47.850,0.00,47.850,0.00,47.850,0.01,47.850,0.02,47.850,0.02,47.850,0.01,47.850,0.01,,,,,,,47.850,0.00,,,,,,,,,,,,,,,,,,,,
47.900,-0.01,,,47.900,0.02,,,47.900,-0.01,,,47.900,0.04,,,,,47.900,0.02,,,,,,,47.900,0.00,,,47.900,-0.01,47.900,0.11,47.900,0.00,47.900,0.02,47.900,-0.01,,,,,47.900,0.02,47.900,0.01,47.900,-0.02,,,,,47.900,0.00,47.900,0.00,,,,,47.900,0.00,47.900,0.00,47.900,0.03,,,,,,,47.900,0.01,47.900,-0.01,47.900,0.00,47.900,-0.01,47.900,-0.01,,,,,47.900,0.01,47.900,0.00,47.900,0.00,47.900,0.00,47.900,0.00,47.900,0.01,47.900,0.02,,,,,,,47.900,-0.01,,,,,,,,,,,,,,,,,,,,
47.950,-0.01,,,47.950,0.01,,,47.950,-0.01,,,47.950,0.04,,,,,47.950,0.03,,,,,,,47.950,0.00,,,47.950,-0.01,47.950,0.21,47.950,0.00,47.950,0.00,47.950,-0.01,,,,,47.950,0.02,47.950,0.02,47.950,-0.02,,,,,47.950,0.01,47.950,0.01,,,,,47.950,0.00,47.950,0.00,47.950,0.04,,,,,,,47.950,0.00,47.950,0.00,47.950,0.00,47.950,-0.01,47.950,-0.01,,,,,47.950,0.01,47.950,0.00,47.950,0.00,47.950,-0.02,47.950,0.01,47.950,0.01,47.950,0.01,,,,,,,47.950,0.00,,,,,,,,,,,,,,,,,,,,
48.000,-0.02,,,48.000,0.01,,,48.000,0.00,,,48.000,0.04,,,,,48.000,0.03,,,,,,,48.000,0.01,,,48.000,0.00,48.000,0.95,48.000,0.00,48.000,0.00,48.000,-0.01,,,,,48.000,0.02,48.000,0.03,48.000,-0.02,,,,,48.000,0.01,48.000,0.01,,,,,48.000,0.00,48.000,0.00,48.000,0.04,,,,,,,48.000,-0.01,48.000,0.00,48.000,0.00,48.000,-0.01,48.000,-0.02,,,,,48.000,0.01,48.000,-0.01,48.000,0.00,48.000,-0.03,48.000,0.01,48.000,0.00,48.000,0.01,,,,,,,48.000,0.00,,,,,,,,,,,,,,,,,,,,
48.050,-0.03,,,48.050,0.02,,,48.050,0.00,,,48.050,0.04,,,,,48.050,0.03,,,,,,,48.050,0.01,,,48.050,-0.01,48.050,2.01,48.050,0.01,48.050,0.00,48.050,-0.01,,,,,48.050,0.02,48.050,0.03,48.050,-0.02,,,,,48.050,0.01,48.050,0.01,,,,,48.050,0.01,48.050,-0.01,48.050,0.03,,,,,,,48.050,0.02,48.050,-0.01,48.050,0.00,48.050,-0.02,48.050,-0.01,,,,,48.050,0.02,48.050,-0.01,48.050,0.00,48.050,-0.01,48.050,0.01,48.050,0.02,48.050,0.01,,,,,,,48.050,0.01,,,,,,,,,,,,,,,,,,,,
48.100,-0.02,,,48.100,0.02,,,48.100,-0.01,,,48.100,0.03,,,,,48.100,0.02,,,,,,,48.100,0.01,,,,,48.100,0.10,48.100,0.00,48.100,0.00,48.100,-0.01,,,,,48.100,0.03,48.100,0.02,48.100,-0.01,,,,,48.100,0.00,48.100,0.00,,,,,48.100,0.01,48.100,0.01,48.100,0.04,,,,,,,48.100,0.01,48.100,0.00,48.100,-0.01,48.100,-0.02,48.100,-0.01,,,,,48.100,0.02,48.100,-0.01,48.100,0.01,48.100,-0.02,48.100,0.00,48.100,0.00,48.100,0.02,,,,,,,48.100,0.00,,,,,,,,,,,,,,,,,,,,
48.150,-0.02,,,48.150,0.02,,,48.150,-0.01,,,48.150,0.04,,,,,48.150,0.02,,,,,,,48.150,0.02,,,,,48.150,0.03,48.150,0.01,48.150,0.00,48.150,0.00,,,,,48.150,0.03,48.150,0.02,48.150,0.00,,,,,48.150,0.00,48.150,0.01,,,,,48.150,0.00,48.150,-0.01,48.150,0.04,,,,,,,48.150,-0.02,48.150,0.00,48.150,-0.01,48.150,-0.02,48.150,-0.01,,,,,48.150,0.03,48.150,0.00,48.150,0.02,48.150,-0.03,48.150,0.01,48.150,0.00,48.150,0.01,,,,,,,48.150,0.01,,,,,,,,,,,,,,,,,,,,
48.200,-0.02,,,48.200,0.02,,,48.200,-0.01,,,48.200,0.03,,,,,48.200,0.01,,,,,,,48.200,0.01,,,,,48.200,-0.02,48.200,0.00,48.200,0.00,48.200,0.00,,,,,48.200,0.05,,,48.200,-0.01,,,,,48.200,0.01,48.200,0.01,,,,,48.200,0.00,48.200,0.00,48.200,0.06,,,,,,,48.200,-0.01,48.200,-0.01,48.200,-0.01,48.200,-0.02,48.200,-0.01,,,,,48.200,0.04,48.200,0.01,48.200,0.02,48.200,-0.02,48.200,0.01,48.200,0.01,48.200,0.03,,,,,,,48.200,-0.01,,,,,,,,,,,,,,,,,,,,
48.250,-0.01,,,48.250,0.02,,,48.250,0.01,,,48.250,0.04,,,,,48.250,0.02,,,,,,,48.250,0.00,,,,,48.250,0.00,48.250,0.00,48.250,0.00,48.250,0.00,,,,,48.250,0.09,,,48.250,-0.01,,,,,48.250,0.01,48.250,0.02,,,,,48.250,0.00,48.250,0.00,48.250,0.07,,,,,,,48.250,0.00,48.250,0.01,48.250,0.00,48.250,-0.01,48.250,-0.01,,,,,48.250,0.04,48.250,0.00,48.250,0.01,48.250,-0.02,48.250,0.01,48.250,0.00,48.250,0.03,,,,,,,48.250,-0.01,,,,,,,,,,,,,,,,,,,,
48.300,-0.01,,,48.300,0.02,,,48.300,-0.01,,,48.300,0.04,,,,,48.300,0.02,,,,,,,48.300,0.00,,,,,48.300,0.01,48.300,0.01,48.300,0.00,48.300,-0.01,,,,,48.300,0.94,,,48.300,-0.02,,,,,48.300,0.00,48.300,0.01,,,,,48.300,0.01,48.300,-0.01,48.300,0.08,,,,,,,48.300,0.00,48.300,0.00,48.300,0.00,48.300,0.00,48.300,-0.01,,,,,48.300,0.04,48.300,0.01,48.300,0.01,48.300,-0.02,48.300,0.00,48.300,0.01,48.300,0.02,,,,,,,48.300,-0.01,,,,,,,,,,,,,,,,,,,,
48.350,-0.01,,,48.350,0.02,,,48.350,0.00,,,48.350,0.04,,,,,48.350,0.02,,,,,,,48.350,0.00,,,,,48.350,0.00,48.350,0.01,48.350,0.01,48.350,-0.01,,,,,48.350,0.06,,,48.350,-0.01,,,,,48.350,0.00,48.350,0.01,,,,,48.350,0.01,48.350,0.00,48.350,0.09,,,,,,,48.350,0.00,48.350,-0.01,48.350,0.02,48.350,-0.01,48.350,-0.01,,,,,48.350,0.06,48.350,0.00,48.350,0.02,48.350,-0.02,48.350,0.01,48.350,0.00,48.350,0.03,,,,,,,48.350,-0.01,,,,,,,,,,,,,,,,,,,,
48.400,-0.01,,,48.400,0.02,,,48.400,0.00,,,48.400,0.03,,,,,48.400,0.01,,,,,,,48.400,0.01,,,,,48.400,-0.01,48.400,0.01,48.400,0.01,48.400,-0.01,,,,,48.400,0.01,,,48.400,-0.01,,,,,48.400,0.01,48.400,0.02,,,,,48.400,0.01,48.400,0.00,48.400,0.11,,,,,,,48.400,-0.01,48.400,-0.01,48.400,0.01,48.400,-0.02,48.400,-0.02,,,,,48.400,0.06,48.400,0.00,48.400,0.01,48.400,-0.01,48.400,0.01,48.400,0.02,48.400,0.02,,,,,,,48.400,-0.01,,,,,,,,,,,,,,,,,,,,
48.450,5.55E-17,,,48.450,0.02,,,48.450,0.00,,,48.450,0.03,,,,,48.450,0.02,,,,,,,48.450,0.01,,,,,48.450,0.00,48.450,0.01,48.450,0.01,48.450,-0.01,,,,,48.450,-0.02,,,48.450,-0.02,,,,,48.450,0.00,48.450,0.01,,,,,48.450,0.01,48.450,-0.01,48.450,0.15,,,,,,,48.450,0.00,48.450,0.00,48.450,0.01,48.450,-0.01,48.450,-0.01,,,,,48.450,0.07,48.450,-0.01,48.450,0.01,48.450,-0.02,48.450,0.00,48.450,0.03,48.450,0.03,,,,,,,48.450,0.00,,,,,,,,,,,,,,,,,,,,
48.500,0.00,,,48.500,0.02,,,48.500,-0.01,,,48.500,0.03,,,,,48.500,0.02,,,,,,,48.500,0.01,,,,,48.500,0.01,48.500,0.01,48.500,0.02,48.500,-0.01,,,,,48.500,-0.02,,,48.500,-0.01,,,,,48.500,0.00,48.500,0.01,,,,,48.500,0.01,48.500,0.00,48.500,0.20,,,,,,,48.500,-0.01,48.500,-0.02,48.500,-0.01,48.500,-0.02,48.500,-0.02,,,,,48.500,0.08,48.500,0.01,48.500,0.02,48.500,-0.02,48.500,0.01,48.500,0.01,48.500,0.02,,,,,,,48.500,-0.01,,,,,,,,,,,,,,,,,,,,
48.550,-0.01,,,48.550,0.02,,,48.550,0.00,,,48.550,0.04,,,,,48.550,0.02,,,,,,,48.550,0.02,,,,,48.550,0.01,48.550,0.01,48.550,0.02,48.550,-0.01,,,,,48.550,-0.03,,,48.550,-0.02,,,,,48.550,0.00,48.550,0.01,,,,,48.550,0.00,48.550,0.00,48.550,0.30,,,,,,,48.550,0.00,48.550,-0.01,48.550,0.00,48.550,-0.01,48.550,-0.02,,,,,48.550,0.08,48.550,0.00,48.550,0.01,48.550,-0.02,48.550,0.01,48.550,0.01,48.550,0.03,,,,,,,48.550,0.01,,,,,,,,,,,,,,,,,,,,
48.600,-0.01,,,48.600,0.02,,,48.600,0.00,,,48.600,0.04,,,,,48.600,0.02,,,,,,,48.600,0.02,,,,,48.600,0.00,48.600,0.00,48.600,0.02,48.600,0.00,,,,,48.600,-0.02,,,48.600,-0.02,,,,,48.600,0.00,48.600,0.01,,,,,48.600,0.00,48.600,0.00,48.600,0.54,,,,,,,48.600,0.00,48.600,-0.01,48.600,0.00,48.600,-0.01,48.600,-0.01,,,,,48.600,0.09,48.600,0.00,48.600,0.01,48.600,-0.01,48.600,0.00,48.600,0.02,48.600,0.02,,,,,,,48.600,0.00,,,,,,,,,,,,,,,,,,,,
48.650,-0.01,,,48.650,0.02,,,48.650,0.01,,,48.650,0.04,,,,,48.650,0.02,,,,,,,48.650,0.01,,,,,48.650,0.00,48.650,0.00,48.650,0.02,48.650,-0.01,,,,,48.650,-0.03,,,48.650,-0.01,,,,,48.650,0.01,48.650,0.01,,,,,48.650,0.01,48.650,-0.01,48.650,0.57,,,,,,,48.650,0.01,48.650,-0.01,48.650,0.00,48.650,-0.02,48.650,-0.01,,,,,48.650,0.12,48.650,0.00,48.650,0.01,48.650,-0.01,48.650,0.00,48.650,0.01,48.650,0.02,,,,,,,48.650,0.00,,,,,,,,,,,,,,,,,,,,
48.700,0.00,,,48.700,0.01,,,48.700,0.01,,,48.700,0.03,,,,,48.700,0.03,,,,,,,48.700,0.01,,,,,48.700,0.00,48.700,-0.01,48.700,0.03,48.700,-0.01,,,,,48.700,-0.01,,,48.700,-0.01,,,,,48.700,0.01,48.700,0.02,,,,,48.700,0.00,48.700,0.01,48.700,0.22,,,,,,,48.700,0.00,48.700,-0.01,48.700,0.00,48.700,-0.01,48.700,-0.01,,,,,48.700,0.15,48.700,0.01,48.700,0.01,48.700,0.00,48.700,0.00,48.700,0.02,48.700,0.02,,,,,,,48.700,-0.01,,,,,,,,,,,,,,,,,,,,
48.750,0.00,,,48.750,0.02,,,48.750,0.01,,,48.750,0.03,,,,,48.750,0.02,,,,,,,48.750,0.02,,,,,48.750,0.01,48.750,0.01,48.750,0.03,48.750,-0.01,,,,,48.750,-0.01,,,48.750,-0.02,,,,,48.750,0.00,48.750,0.02,,,,,48.750,0.00,48.750,0.01,48.750,0.05,,,,,,,48.750,0.01,48.750,-0.01,48.750,0.00,48.750,-0.02,48.750,-0.01,,,,,48.750,0.22,48.750,0.01,48.750,-0.01,48.750,0.00,48.750,0.01,48.750,0.01,48.750,0.02,,,,,,,48.750,0.00,,,,,,,,,,,,,,,,,,,,
48.800,0.01,,,48.800,0.01,,,48.800,0.00,,,48.800,0.04,,,,,48.800,0.02,,,,,,,48.800,0.01,,,,,48.800,0.00,48.800,0.01,48.800,0.02,48.800,0.00,,,,,48.800,-0.02,,,48.800,-0.01,,,,,48.800,0.00,48.800,0.02,,,,,48.800,0.00,48.800,0.01,48.800,0.01,,,,,,,48.800,0.00,48.800,0.00,48.800,0.00,48.800,-0.02,48.800,-0.01,,,,,48.800,0.32,48.800,0.01,48.800,0.00,48.800,0.01,48.800,0.02,48.800,0.01,48.800,0.02,,,,,,,48.800,0.00,,,,,,,,,,,,,,,,,,,,
48.850,0.00,,,48.850,0.02,,,48.850,-0.01,,,48.850,0.04,,,,,48.850,0.02,,,,,,,48.850,0.01,,,,,48.850,0.00,48.850,0.01,48.850,0.02,48.850,0.00,,,,,48.850,-0.02,,,48.850,-0.02,,,,,48.850,-0.01,48.850,0.02,,,,,48.850,0.00,48.850,0.02,48.850,-0.02,,,,,,,48.850,0.01,48.850,0.00,48.850,0.01,48.850,-0.02,48.850,0.00,,,,,48.850,0.51,48.850,0.01,48.850,0.00,48.850,0.01,48.850,0.02,48.850,0.01,48.850,0.02,,,,,,,48.850,0.01,,,,,,,,,,,,,,,,,,,,
48.900,-0.01,,,48.900,0.02,,,48.900,0.01,,,48.900,0.04,,,,,48.900,0.02,,,,,,,48.900,0.01,,,,,48.900,0.00,48.900,0.01,48.900,0.01,48.900,0.00,,,,,48.900,-0.03,,,48.900,-0.02,,,,,48.900,-0.01,48.900,0.01,,,,,48.900,0.01,48.900,0.02,48.900,-0.01,,,,,,,48.900,0.00,48.900,-0.01,48.900,0.01,48.900,-0.02,48.900,0.00,,,,,48.900,0.34,48.900,0.01,48.900,0.00,48.900,0.02,48.900,0.01,48.900,0.01,48.900,0.02,,,,,,,48.900,0.00,,,,,,,,,,,,,,,,,,,,
48.950,-0.01,,,48.950,0.02,,,48.950,0.00,,,48.950,0.03,,,,,48.950,0.01,,,,,,,48.950,0.02,,,,,48.950,0.00,48.950,0.02,48.950,0.01,48.950,0.00,,,,,48.950,-0.03,,,48.950,-0.02,,,,,48.950,0.00,48.950,0.02,,,,,48.950,0.01,48.950,0.03,48.950,0.00,,,,,,,48.950,0.02,48.950,-0.01,48.950,0.01,48.950,-0.01,48.950,-0.01,,,,,48.950,0.13,48.950,-0.01,48.950,0.01,48.950,0.03,48.950,0.02,48.950,0.01,48.950,0.03,,,,,,,48.950,0.00,,,,,,,,,,,,,,,,,,,,
49.000,0.00,,,49.000,0.04,,,49.000,0.00,,,49.000,0.03,,,,,49.000,0.03,,,,,,,49.000,0.01,,,,,49.000,0.00,49.000,-0.01,49.000,0.02,49.000,0.00,,,,,49.000,-0.03,,,49.000,-0.02,,,,,49.000,0.01,49.000,0.02,,,,,49.000,0.02,49.000,0.03,49.000,-0.01,,,,,,,49.000,0.02,49.000,0.01,49.000,0.01,49.000,-0.01,49.000,0.00,,,,,49.000,0.06,49.000,0.02,49.000,0.00,49.000,0.05,49.000,0.02,49.000,0.00,49.000,0.02,,,,,,,49.000,0.00,,,,,,,,,,,,,,,,,,,,
49.050,-0.01,,,49.050,0.02,,,49.050,0.00,,,49.050,0.03,,,,,49.050,0.03,,,,,,,49.050,0.02,,,,,49.050,0.00,49.050,-0.01,49.050,0.02,49.050,-0.01,,,,,49.050,-0.02,,,49.050,-0.02,,,,,49.050,0.01,49.050,0.01,,,,,49.050,0.01,49.050,0.03,49.050,0.00,,,,,,,49.050,0.02,49.050,-0.01,49.050,0.01,49.050,-0.01,49.050,-0.01,,,,,49.050,0.02,49.050,0.02,49.050,0.00,49.050,0.09,49.050,0.02,49.050,0.01,49.050,0.03,,,,,,,49.050,-0.01,,,,,,,,,,,,,,,,,,,,
49.100,0.00,,,49.100,0.03,,,49.100,0.00,,,49.100,0.03,,,,,49.100,0.02,,,,,,,49.100,0.02,,,,,49.100,0.01,49.100,-0.01,49.100,0.03,49.100,-0.01,,,,,49.100,-0.02,,,49.100,-0.01,,,,,49.100,-0.01,49.100,0.02,,,,,49.100,0.01,49.100,0.04,49.100,-0.01,,,,,,,49.100,0.03,49.100,-0.01,49.100,0.01,49.100,-0.01,49.100,-0.01,,,,,49.100,0.02,49.100,0.02,49.100,0.00,49.100,0.16,49.100,0.01,49.100,0.02,49.100,0.03,,,,,,,49.100,0.00,,,,,,,,,,,,,,,,,,,,
49.150,0.00,,,49.150,0.02,,,49.150,0.00,,,49.150,0.03,,,,,49.150,0.04,,,,,,,49.150,0.01,,,,,49.150,0.00,49.150,0.01,49.150,0.01,49.150,-0.01,,,,,49.150,-0.02,,,49.150,-0.02,,,,,49.150,0.00,49.150,0.01,,,,,49.150,0.01,49.150,0.05,49.150,0.00,,,,,,,49.150,0.03,49.150,-0.01,49.150,0.00,49.150,-0.01,49.150,-0.01,,,,,49.150,0.02,49.150,0.03,49.150,0.00,49.150,0.40,49.150,0.02,49.150,0.01,49.150,0.02,,,,,,,49.150,-0.01,,,,,,,,,,,,,,,,,,,,
49.200,0.00,,,49.200,0.03,,,49.200,0.00,,,49.200,0.03,,,,,49.200,0.03,,,,,,,49.200,0.02,,,,,49.200,0.00,49.200,0.01,49.200,0.02,49.200,0.00,,,,,49.200,-0.02,,,49.200,-0.02,,,,,49.200,-0.01,49.200,-0.01,,,,,49.200,0.01,49.200,0.05,49.200,0.00,,,,,,,49.200,0.05,49.200,-0.02,49.200,0.01,49.200,-0.01,49.200,-0.02,,,,,49.200,0.02,49.200,0.04,49.200,0.00,49.200,0.91,49.200,0.02,49.200,0.02,49.200,0.03,,,,,,,49.200,0.00,,,,,,,,,,,,,,,,,,,,
49.250,0.00,,,49.250,0.02,,,49.250,0.00,,,49.250,0.03,,,,,49.250,0.03,,,,,,,49.250,0.01,,,,,49.250,0.00,49.250,0.02,49.250,0.02,49.250,0.00,,,,,49.250,-0.02,,,49.250,-0.02,,,,,49.250,0.00,49.250,0.01,,,,,49.250,0.01,49.250,0.05,49.250,0.00,,,,,,,49.250,0.06,49.250,-0.01,49.250,0.01,49.250,-0.02,49.250,-0.02,,,,,49.250,0.01,49.250,0.04,49.250,0.01,49.250,1.24,49.250,0.02,49.250,0.01,49.250,0.02,,,,,,,49.250,0.01,,,,,,,,,,,,,,,,,,,,
49.300,0.00,,,49.300,0.01,,,49.300,-0.01,,,49.300,0.04,,,,,49.300,0.02,,,,,,,49.300,0.01,,,,,49.300,0.01,49.300,0.01,49.300,0.01,49.300,0.00,,,,,49.300,-0.02,,,49.300,-0.01,,,,,49.300,0.00,49.300,0.02,,,,,49.300,0.01,49.300,0.06,49.300,-0.01,,,,,,,49.300,0.08,49.300,-0.01,49.300,0.01,49.300,-0.01,49.300,-0.02,,,,,49.300,0.01,49.300,0.05,49.300,0.01,49.300,1.13,49.300,0.02,49.300,0.00,49.300,0.03,,,,,,,49.300,0.00,,,,,,,,,,,,,,,,,,,,
49.350,0.00,,,49.350,0.02,,,49.350,-0.01,,,49.350,0.03,,,,,49.350,0.04,,,,,,,49.350,0.03,,,,,49.350,0.01,49.350,0.01,49.350,0.01,49.350,-0.01,,,,,49.350,-0.02,,,49.350,-0.01,,,,,49.350,0.00,49.350,0.02,,,,,49.350,0.01,49.350,0.08,49.350,-0.01,,,,,,,49.350,0.11,49.350,0.00,49.350,0.00,49.350,-0.01,49.350,-0.01,,,,,49.350,0.02,49.350,0.06,49.350,0.00,49.350,0.15,49.350,0.02,49.350,0.02,49.350,0.03,,,,,,,49.350,0.00,,,,,,,,,,,,,,,,,,,,
49.400,0.01,,,49.400,0.02,,,49.400,-0.01,,,49.400,0.04,,,,,49.400,0.03,,,,,,,49.400,0.02,,,,,49.400,0.01,49.400,0.03,49.400,0.01,49.400,0.00,,,,,49.400,-0.02,,,49.400,0.00,,,,,49.400,0.00,49.400,0.01,,,,,49.400,0.02,49.400,0.09,49.400,-0.01,,,,,,,49.400,0.25,49.400,-0.01,49.400,0.02,49.400,0.00,49.400,-0.02,,,,,49.400,0.03,49.400,0.09,49.400,0.00,49.400,0.05,49.400,0.02,49.400,0.03,49.400,0.04,,,,,,,49.400,0.00,,,,,,,,,,,,,,,,,,,,
49.450,0.00,,,49.450,0.02,,,49.450,-0.01,,,49.450,0.03,,,,,49.450,0.02,,,,,,,49.450,0.02,,,,,49.450,0.00,49.450,0.04,49.450,0.01,49.450,0.01,,,,,49.450,-0.02,,,49.450,0.00,,,,,49.450,0.00,49.450,0.01,,,,,49.450,0.01,49.450,0.13,49.450,-0.01,,,,,,,49.450,1.05,49.450,0.00,49.450,0.01,49.450,-0.01,49.450,-0.02,,,,,49.450,0.03,49.450,0.18,49.450,0.00,49.450,-0.02,49.450,0.03,49.450,0.04,49.450,0.04,,,,,,,49.450,0.00,,,,,,,,,,,,,,,,,,,,
49.500,0.00,,,49.500,0.02,,,49.500,-0.01,,,49.500,0.05,,,,,49.500,0.03,,,,,,,49.500,0.01,,,,,49.500,0.01,49.500,0.03,49.500,0.01,49.500,-0.01,,,,,49.500,-0.03,,,49.500,0.00,,,,,49.500,0.03,49.500,0.01,,,,,49.500,0.01,49.500,0.21,49.500,0.00,,,,,,,49.500,1.50,49.500,0.00,49.500,0.01,49.500,0.00,49.500,-0.02,,,,,49.500,0.02,49.500,0.64,49.500,0.00,49.500,-0.02,49.500,0.03,49.500,0.04,49.500,0.05,,,,,,,49.500,0.00,,,,,,,,,,,,,,,,,,,,
49.550,0.01,,,49.550,0.03,,,49.550,0.00,,,49.550,0.03,,,,,49.550,0.02,,,,,,,49.550,0.02,,,,,49.550,0.01,49.550,0.02,49.550,0.02,49.550,0.00,,,,,49.550,-0.03,,,49.550,-0.01,,,,,49.550,0.00,49.550,0.03,,,,,49.550,0.01,49.550,0.43,49.550,0.00,,,,,,,49.550,0.37,49.550,-0.01,49.550,0.02,49.550,-0.01,49.550,-0.02,,,,,49.550,0.01,49.550,1.12,49.550,0.01,49.550,-0.02,49.550,0.03,49.550,0.04,49.550,0.06,,,,,,,49.550,-0.01,,,,,,,,,,,,,,,,,,,,
49.600,0.01,,,49.600,0.02,,,49.600,0.00,,,49.600,0.03,,,,,49.600,0.03,,,,,,,49.600,0.02,,,,,49.600,0.01,49.600,0.02,49.600,0.01,49.600,0.00,,,,,49.600,-0.03,,,49.600,-0.01,,,,,49.600,0.00,49.600,0.02,,,,,49.600,-0.01,49.600,0.73,49.600,-0.01,,,,,,,49.600,0.07,49.600,0.00,49.600,0.02,49.600,-0.01,49.600,-0.01,,,,,49.600,0.01,49.600,1.06,49.600,0.01,49.600,-0.01,49.600,0.04,49.600,0.05,49.600,0.06,,,,,,,49.600,0.00,,,,,,,,,,,,,,,,,,,,
49.650,0.01,,,49.650,0.02,,,49.650,0.00,,,49.650,0.03,,,,,49.650,0.04,,,,,,,49.650,0.02,,,,,49.650,0.01,49.650,0.02,49.650,0.01,49.650,-0.01,,,,,49.650,-0.01,,,49.650,-0.01,,,,,49.650,-0.01,49.650,0.02,,,,,49.650,0.00,49.650,0.99,49.650,0.00,,,,,,,49.650,0.03,49.650,0.01,49.650,0.02,49.650,-0.01,49.650,-0.01,,,,,49.650,0.01,49.650,1.05,49.650,0.01,49.650,-0.02,49.650,0.03,49.650,0.05,49.650,0.07,,,,,,,49.650,-0.01,,,,,,,,,,,,,,,,,,,,
49.700,0.01,,,49.700,0.03,,,49.700,-0.01,,,49.700,0.03,,,,,49.700,0.03,,,,,,,49.700,0.01,,,,,49.700,0.01,49.700,0.03,49.700,0.02,49.700,-0.01,,,,,49.700,-0.03,,,49.700,-0.01,,,,,49.700,-0.01,49.700,0.02,,,,,49.700,-0.01,49.700,1.17,49.700,0.00,,,,,,,49.700,-0.02,49.700,0.01,49.700,0.01,49.700,-0.02,49.700,-0.01,,,,,49.700,0.01,49.700,1.32,49.700,0.00,49.700,-0.03,49.700,0.04,49.700,0.05,49.700,0.10,,,,,,,49.700,0.00,,,,,,,,,,,,,,,,,,,,
49.750,0.02,,,49.750,0.02,,,49.750,0.00,,,49.750,0.03,,,,,49.750,0.03,,,,,,,49.750,0.01,,,,,49.750,0.00,49.750,0.04,49.750,0.00,49.750,-0.01,,,,,49.750,-0.03,,,49.750,-0.01,,,,,49.750,0.01,49.750,0.02,,,,,49.750,0.01,49.750,1.38,49.750,0.00,,,,,,,49.750,0.00,49.750,0.01,49.750,0.02,49.750,-0.01,49.750,-0.02,,,,,49.750,0.01,49.750,1.66,49.750,0.01,49.750,-0.03,49.750,0.03,49.750,0.05,49.750,0.13,,,,,,,49.750,0.00,,,,,,,,,,,,,,,,,,,,
49.800,0.01,,,49.800,0.02,,,49.800,0.00,,,49.800,0.04,,,,,49.800,0.02,,,,,,,49.800,0.03,,,,,49.800,0.01,49.800,0.04,49.800,0.00,49.800,-0.01,,,,,49.800,-0.03,,,49.800,0.00,,,,,49.800,0.00,49.800,0.02,,,,,49.800,0.00,49.800,1.49,49.800,0.00,,,,,,,49.800,-0.01,49.800,0.01,49.800,0.02,49.800,-0.01,49.800,-0.02,,,,,49.800,0.01,49.800,1.87,49.800,0.01,49.800,-0.03,49.800,0.04,49.800,0.06,49.800,0.25,,,,,,,49.800,0.00,,,,,,,,,,,,,,,,,,,,
49.850,0.00,,,49.850,0.01,,,49.850,-0.01,,,49.850,0.03,,,,,49.850,0.02,,,,,,,49.850,0.02,,,,,49.850,-0.01,49.850,0.05,49.850,0.00,49.850,-0.01,,,,,49.850,-0.03,,,49.850,0.01,,,,,49.850,-0.01,49.850,0.03,,,,,49.850,-0.01,49.850,0.27,49.850,0.00,,,,,,,49.850,0.01,49.850,0.01,49.850,0.03,49.850,0.00,49.850,-0.01,,,,,49.850,0.01,49.850,2.16,49.850,0.00,49.850,-0.03,49.850,0.04,49.850,0.06,49.850,0.58,,,,,,,49.850,0.01,,,,,,,,,,,,,,,,,,,,
49.900,0.01,,,49.900,0.01,,,49.900,-0.01,,,49.900,0.03,,,,,49.900,0.02,,,,,,,49.900,0.03,,,,,49.900,-0.01,49.900,0.06,49.900,0.01,49.900,-0.02,,,,,49.900,-0.02,,,49.900,0.00,,,,,49.900,-0.01,49.900,0.02,,,,,,,49.900,0.06,49.900,0.01,,,,,,,49.900,0.00,49.900,0.01,49.900,0.03,49.900,-0.01,49.900,-0.01,,,,,49.900,0.01,49.900,2.54,49.900,0.01,49.900,-0.03,49.900,0.02,49.900,0.09,49.900,0.86,,,,,,,49.900,0.00,,,,,,,,,,,,,,,,,,,,
49.950,0.01,,,49.950,0.03,,,49.950,0.00,,,49.950,0.04,,,,,49.950,0.03,,,,,,,49.950,0.02,,,,,49.950,0.00,49.950,0.09,49.950,-0.01,49.950,-0.01,,,,,49.950,-0.03,,,49.950,-0.01,,,,,49.950,0.00,49.950,0.02,,,,,,,49.950,0.00,49.950,0.00,,,,,,,49.950,0.01,49.950,0.01,49.950,0.03,49.950,-0.01,49.950,0.00,,,,,49.950,0.01,49.950,2.92,49.950,0.00,49.950,-0.02,49.950,0.04,49.950,0.09,49.950,1.00,,,,,,,49.950,0.00,,,,,,,,,,,,,,,,,,,,
50.000,0.00,,,,,,,50.000,0.00,,,50.000,0.03,,,,,50.000,0.02,,,,,,,50.000,0.02,,,,,50.000,0.01,50.000,0.14,50.000,0.01,50.000,-0.02,,,,,50.000,-0.02,,,50.000,0.01,,,,,50.000,0.00,50.000,0.03,,,,,,,50.000,-0.02,50.000,0.01,,,,,,,50.000,0.01,50.000,0.00,50.000,0.04,,,50.000,0.00,,,,,50.000,0.01,50.000,0.10,50.000,0.02,50.000,-0.01,50.000,0.03,50.000,0.13,50.000,1.16,,,,,,,50.000,0.01,,,,,,,,,,,,,,,,,,,,
50.050,-0.01,,,,,,,50.050,0.01,,,50.050,0.03,,,,,50.050,0.05,,,,,,,50.050,0.02,,,,,50.050,0.01,50.050,0.28,50.050,0.01,50.050,-0.01,,,,,50.050,-0.03,,,50.050,0.00,,,,,50.050,0.00,50.050,0.03,,,,,,,50.050,-0.02,50.050,0.00,,,,,,,50.050,0.00,50.050,0.01,50.050,0.05,,,50.050,-0.01,,,,,50.050,0.02,50.050,0.03,50.050,0.01,50.050,-0.01,50.050,0.04,50.050,0.20,50.050,1.49,,,,,,,50.050,0.01,,,,,,,,,,,,,,,,,,,,
50.100,0.00,,,,,,,50.100,0.00,,,50.100,0.02,,,,,50.100,0.04,,,,,,,50.100,0.02,,,,,50.100,0.00,50.100,0.65,50.100,0.00,50.100,-0.01,,,,,50.100,-0.02,,,50.100,-0.01,,,,,50.100,-0.01,50.100,0.02,,,,,,,50.100,-0.01,50.100,0.01,,,,,,,50.100,0.01,50.100,0.01,50.100,0.05,,,50.100,-0.01,,,,,50.100,0.02,50.100,-0.03,50.100,0.03,50.100,-0.01,50.100,0.06,50.100,0.34,50.100,1.52,,,,,,,50.100,0.01,,,,,,,,,,,,,,,,,,,,
50.150,5.55E-17,,,,,,,50.150,-0.01,,,50.150,0.01,,,,,50.150,0.06,,,,,,,50.150,0.03,,,,,50.150,-0.01,50.150,1.25,50.150,0.00,50.150,-0.01,,,,,50.150,-0.03,,,50.150,0.00,,,,,50.150,-0.01,50.150,0.02,,,,,,,50.150,-0.01,50.150,0.01,,,,,,,50.150,0.00,50.150,0.00,50.150,0.08,,,50.150,0.00,,,,,50.150,0.01,50.150,-0.01,50.150,0.02,50.150,-0.01,50.150,0.06,50.150,0.49,50.150,1.64,,,,,,,50.150,0.00,,,,,,,,,,,,,,,,,,,,
50.200,5.55E-17,,,,,,,50.200,-0.01,,,50.200,0.02,,,,,50.200,0.05,,,,,,,50.200,0.03,,,,,50.200,0.00,50.200,0.08,50.200,0.01,50.200,0.00,,,,,50.200,-0.02,,,50.200,0.00,,,,,50.200,-0.01,50.200,0.02,,,,,,,50.200,-0.01,50.200,0.01,,,,,,,50.200,0.01,50.200,0.01,50.200,0.12,,,50.200,0.00,,,,,50.200,0.01,50.200,-0.01,50.200,0.02,50.200,-0.02,50.200,0.06,50.200,0.22,50.200,0.07,,,,,,,50.200,-0.01,,,,,,,,,,,,,,,,,,,,
50.250,-0.01,,,,,,,50.250,-0.01,,,50.250,0.02,,,,,50.250,0.06,,,,,,,50.250,0.03,,,,,50.250,0.00,50.250,0.04,50.250,0.01,50.250,0.00,,,,,50.250,-0.02,,,50.250,0.00,,,,,50.250,-0.01,50.250,0.02,,,,,,,50.250,0.00,50.250,-0.01,,,,,,,50.250,0.00,50.250,0.01,50.250,0.48,,,50.250,-0.02,,,,,50.250,0.01,50.250,-0.01,50.250,0.02,50.250,-0.01,50.250,0.06,50.250,0.07,50.250,0.03,,,,,,,50.250,0.00,,,,,,,,,,,,,,,,,,,,
50.300,0.00,,,,,,,50.300,0.00,,,50.300,0.02,,,,,50.300,0.04,,,,,,,50.300,0.02,,,,,50.300,0.00,50.300,-0.01,50.300,0.01,50.300,0.01,,,,,50.300,-0.03,,,50.300,-0.01,,,,,50.300,0.00,50.300,0.01,,,,,,,50.300,0.00,50.300,-0.01,,,,,,,50.300,0.00,50.300,0.02,50.300,0.08,,,50.300,-0.01,,,,,50.300,0.00,50.300,-0.01,50.300,0.02,50.300,-0.01,50.300,0.05,50.300,0.04,50.300,-0.01,,,,,,,50.300,0.00,,,,,,,,,,,,,,,,,,,,
50.350,0.01,,,,,,,50.350,-0.01,,,50.350,0.01,,,,,50.350,0.05,,,,,,,50.350,0.02,,,,,50.350,-0.01,50.350,-0.01,50.350,0.01,50.350,0.01,,,,,50.350,-0.02,,,50.350,-0.01,,,,,50.350,0.01,50.350,0.01,,,,,,,50.350,0.00,50.350,-0.01,,,,,,,50.350,-0.01,50.350,0.01,50.350,0.04,,,50.350,-0.01,,,,,50.350,0.01,50.350,-0.01,50.350,0.02,50.350,-0.02,50.350,0.06,50.350,-0.01,50.350,0.01,,,,,,,50.350,-0.01,,,,,,,,,,,,,,,,,,,,
50.400,5.55E-17,,,,,,,50.400,-0.01,,,50.400,0.01,,,,,50.400,0.07,,,,,,,50.400,0.02,,,,,50.400,-0.01,50.400,0.00,50.400,0.00,50.400,0.01,,,,,50.400,-0.02,,,50.400,0.00,,,,,50.400,0.02,50.400,0.02,,,,,,,50.400,-0.01,50.400,0.00,,,,,,,50.400,-0.01,50.400,0.01,50.400,-0.01,,,50.400,-0.02,,,,,50.400,0.00,50.400,-0.02,50.400,0.02,50.400,-0.02,50.400,0.06,50.400,0.01,50.400,0.01,,,,,,,50.400,0.00,,,,,,,,,,,,,,,,,,,,
50.450,0.01,,,,,,,50.450,-0.01,,,50.450,0.00,,,,,50.450,0.07,,,,,,,50.450,0.01,,,,,50.450,-0.01,50.450,0.00,50.450,0.00,50.450,0.01,,,,,50.450,-0.03,,,50.450,0.00,,,,,50.450,0.02,50.450,0.02,,,,,,,50.450,0.00,50.450,0.00,,,,,,,50.450,-0.01,50.450,0.00,50.450,0.00,,,50.450,-0.02,,,,,50.450,0.00,50.450,-0.01,50.450,0.02,50.450,-0.01,50.450,0.06,50.450,0.01,50.450,0.00,,,,,,,50.450,-0.01,,,,,,,,,,,,,,,,,,,,
50.500,0.00,,,,,,,50.500,-0.01,,,50.500,0.00,,,,,50.500,0.08,,,,,,,50.500,0.03,,,,,50.500,-0.01,50.500,0.00,50.500,0.00,50.500,0.01,,,,,50.500,-0.02,,,50.500,-0.01,,,,,50.500,0.03,50.500,0.01,,,,,,,50.500,0.00,50.500,-0.01,,,,,,,50.500,0.00,50.500,0.00,50.500,0.00,,,50.500,-0.01,,,,,50.500,0.00,50.500,-0.01,,,50.500,-0.01,50.500,0.07,50.500,0.01,50.500,0.01,,,,,,,50.500,0.00,,,,,,,,,,,,,,,,,,,,
50.550,0.01,,,,,,,50.550,-0.01,,,50.550,0.00,,,,,50.550,0.10,,,,,,,50.550,0.03,,,,,50.550,-0.01,50.550,0.00,50.550,0.00,50.550,0.01,,,,,50.550,-0.02,,,50.550,-0.01,,,,,50.550,0.03,50.550,0.02,,,,,,,50.550,0.00,50.550,0.00,,,,,,,50.550,0.00,50.550,-0.01,50.550,0.00,,,50.550,-0.01,,,,,50.550,0.01,50.550,-0.02,,,50.550,0.00,50.550,0.09,50.550,0.01,50.550,0.01,,,,,,,50.550,-0.01,,,,,,,,,,,,,,,,,,,,
50.600,0.00,,,,,,,50.600,-0.02,,,50.600,0.00,,,,,50.600,0.11,,,,,,,50.600,0.02,,,,,50.600,0.01,50.600,0.00,50.600,0.01,50.600,0.00,,,,,50.600,-0.02,,,50.600,0.00,,,,,50.600,0.04,50.600,0.02,,,,,,,50.600,0.00,50.600,-0.01,,,,,,,50.600,0.00,50.600,-0.01,50.600,0.00,,,50.600,-0.01,,,,,50.600,0.00,50.600,-0.02,,,50.600,0.00,50.600,0.09,50.600,0.01,50.600,0.00,,,,,,,50.600,0.00,,,,,,,,,,,,,,,,,,,,
50.650,5.55E-17,,,,,,,50.650,-0.01,,,50.650,0.00,,,,,50.650,0.18,,,,,,,50.650,0.03,,,,,50.650,0.00,50.650,0.00,50.650,0.01,50.650,-0.01,,,,,50.650,-0.03,,,50.650,-0.01,,,,,50.650,0.05,50.650,0.03,,,,,,,50.650,0.01,50.650,-0.01,,,,,,,50.650,-0.01,50.650,0.00,50.650,0.00,,,50.650,-0.01,,,,,50.650,0.00,50.650,-0.01,,,50.650,-0.01,50.650,0.09,50.650,0.01,50.650,0.01,,,,,,,50.650,0.00,,,,,,,,,,,,,,,,,,,,
50.700,0.01,,,,,,,50.700,-0.02,,,50.700,0.01,,,,,50.700,0.41,,,,,,,50.700,0.02,,,,,50.700,-0.01,50.700,-0.01,50.700,0.00,50.700,0.01,,,,,,,,,50.700,-0.01,,,,,50.700,0.06,50.700,0.02,,,,,,,50.700,0.00,50.700,0.00,,,,,,,50.700,-0.01,50.700,-0.01,50.700,-0.01,,,50.700,-0.01,,,,,50.700,0.00,50.700,-0.01,,,50.700,-0.01,50.700,0.11,50.700,0.02,50.700,0.00,,,,,,,50.700,0.00,,,,,,,,,,,,,,,,,,,,
50.750,0.01,,,,,,,50.750,-0.01,,,50.750,0.01,,,,,50.750,0.08,,,,,,,50.750,0.01,,,,,50.750,0.00,50.750,0.00,50.750,-0.01,50.750,0.01,,,,,,,,,50.750,-0.01,,,,,50.750,0.09,50.750,0.02,,,,,,,50.750,0.00,50.750,0.01,,,,,,,50.750,0.00,50.750,-0.01,50.750,0.00,,,50.750,0.00,,,,,50.750,0.01,50.750,-0.01,,,50.750,0.00,50.750,0.12,50.750,0.02,50.750,0.01,,,,,,,50.750,0.00,,,,,,,,,,,,,,,,,,,,
50.800,0.00,,,,,,,50.800,0.00,,,50.800,0.00,,,,,50.800,0.03,,,,,,,50.800,0.02,,,,,50.800,0.01,50.800,0.00,50.800,0.00,50.800,0.00,,,,,,,,,50.800,-0.01,,,,,50.800,0.31,50.800,0.03,,,,,,,50.800,0.00,50.800,0.00,,,,,,,50.800,-0.01,50.800,-0.01,50.800,0.00,,,50.800,-0.01,,,,,50.800,0.01,50.800,-0.01,,,50.800,0.00,50.800,0.17,50.800,0.00,50.800,0.01,,,,,,,50.800,0.00,,,,,,,,,,,,,,,,,,,,
50.850,-0.01,,,,,,,50.850,0.00,,,50.850,0.00,,,,,50.850,0.01,,,,,,,50.850,0.02,,,,,50.850,0.00,50.850,-0.01,50.850,0.00,50.850,0.00,,,,,,,,,50.850,0.00,,,,,50.850,0.75,50.850,0.02,,,,,,,50.850,0.00,50.850,-0.01,,,,,,,50.850,-0.01,50.850,0.01,50.850,-0.01,,,50.850,-0.01,,,,,50.850,0.01,50.850,-0.01,,,50.850,-0.01,50.850,0.26,50.850,0.01,50.850,0.01,,,,,,,50.850,0.00,,,,,,,,,,,,,,,,,,,,
50.900,0.00,,,,,,,50.900,-0.01,,,50.900,0.01,,,,,50.900,0.01,,,,,,,50.900,0.02,,,,,50.900,-0.01,50.900,0.00,50.900,0.01,50.900,0.00,,,,,,,,,50.900,0.00,,,,,50.900,0.06,50.900,0.02,,,,,,,50.900,0.00,50.900,0.00,,,,,,,50.900,-0.01,50.900,0.01,50.900,-0.01,,,,,,,,,50.900,0.00,50.900,0.00,,,50.900,-0.02,50.900,0.43,50.900,0.01,50.900,0.02,,,,,,,50.900,0.00,,,,,,,,,,,,,,,,,,,,
50.950,0.01,,,,,,,50.950,-0.01,,,50.950,0.00,,,,,50.950,0.01,,,,,,,50.950,0.02,,,,,50.950,0.00,50.950,0.00,50.950,0.02,50.950,0.00,,,,,,,,,50.950,0.00,,,,,50.950,0.00,50.950,0.02,,,,,,,50.950,-0.01,50.950,0.00,,,,,,,50.950,-0.01,50.950,-0.01,50.950,-0.01,,,,,,,,,50.950,0.01,50.950,0.00,,,50.950,-0.01,50.950,0.81,50.950,0.01,50.950,0.00,,,,,,,50.950,0.00,,,,,,,,,,,,,,,,,,,,
51.000,0.01,,,,,,,51.000,-0.01,,,51.000,0.00,,,,,51.000,0.02,,,,,,,51.000,0.01,,,,,51.000,-0.01,51.000,-0.01,51.000,0.03,51.000,0.01,,,,,,,,,51.000,0.00,,,,,51.000,-0.01,51.000,0.02,,,,,,,51.000,-0.01,51.000,0.00,,,,,,,51.000,-0.02,51.000,-0.01,51.000,-0.01,,,,,,,,,51.000,0.01,51.000,-0.02,,,51.000,-0.01,51.000,0.39,51.000,0.00,51.000,0.01,,,,,,,51.000,0.00,,,,,,,,,,,,,,,,,,,,
51.050,0.01,,,,,,,51.050,-0.02,,,51.050,0.01,,,,,51.050,0.01,,,,,,,51.050,0.02,,,,,51.050,0.00,51.050,0.00,51.050,0.02,51.050,0.00,,,,,,,,,51.050,-0.01,,,,,51.050,0.00,51.050,0.02,,,,,,,51.050,0.00,51.050,0.00,,,,,,,51.050,-0.02,51.050,0.00,51.050,-0.01,,,,,,,,,51.050,0.01,51.050,-0.01,,,51.050,-0.01,51.050,0.08,51.050,0.00,51.050,0.01,,,,,,,51.050,-0.01,,,,,,,,,,,,,,,,,,,,
51.100,5.55E-17,,,,,,,51.100,-0.02,,,51.100,0.01,,,,,51.100,0.01,,,,,,,51.100,0.02,,,,,51.100,-0.01,51.100,0.00,51.100,0.03,51.100,0.00,,,,,,,,,51.100,-0.02,,,,,51.100,0.00,51.100,0.02,,,,,,,51.100,-0.01,51.100,0.00,,,,,,,51.100,-0.01,51.100,0.00,51.100,-0.01,,,,,,,,,51.100,0.01,51.100,-0.02,,,51.100,-0.01,51.100,0.04,51.100,0.00,51.100,0.01,,,,,,,51.100,-0.01,,,,,,,,,,,,,,,,,,,,
51.150,0.02,,,,,,,51.150,-0.02,,,51.150,0.01,,,,,51.150,0.02,,,,,,,51.150,0.02,,,,,51.150,-0.01,51.150,0.00,51.150,0.03,51.150,0.01,,,,,,,,,51.150,0.01,,,,,51.150,-0.02,51.150,0.02,,,,,,,51.150,-0.01,51.150,0.01,,,,,,,51.150,-0.01,51.150,-0.01,51.150,-0.01,,,,,,,,,51.150,0.02,51.150,-0.01,,,51.150,-0.02,51.150,-0.01,51.150,0.01,51.150,0.00,,,,,,,51.150,-0.01,,,,,,,,,,,,,,,,,,,,
51.200,0.01,,,,,,,51.200,-0.01,,,51.200,0.01,,,,,51.200,0.02,,,,,,,51.200,0.01,,,,,51.200,-0.01,51.200,0.01,51.200,0.04,51.200,0.00,,,,,,,,,51.200,-0.01,,,,,51.200,0.00,51.200,0.02,,,,,,,51.200,-0.01,51.200,0.00,,,,,,,51.200,-0.01,51.200,-0.01,51.200,0.00,,,,,,,,,51.200,0.01,51.200,-0.01,,,51.200,-0.01,51.200,0.01,51.200,0.00,51.200,0.01,,,,,,,51.200,-0.01,,,,,,,,,,,,,,,,,,,,
51.250,0.01,,,,,,,51.250,-0.01,,,51.250,0.01,,,,,51.250,0.01,,,,,,,51.250,0.02,,,,,51.250,0.00,51.250,-0.01,51.250,0.04,51.250,0.00,,,,,,,,,51.250,0.00,,,,,51.250,0.01,51.250,0.02,,,,,,,51.250,-0.01,51.250,0.00,,,,,,,51.250,-0.02,51.250,-0.01,51.250,-0.02,,,,,,,,,51.250,0.02,51.250,-0.01,,,51.250,0.00,51.250,0.01,51.250,0.00,51.250,0.00,,,,,,,51.250,-0.01,,,,,,,,,,,,,,,,,,,,
51.300,0.02,,,,,,,51.300,0.00,,,51.300,0.01,,,,,51.300,0.02,,,,,,,51.300,0.01,,,,,51.300,0.00,51.300,0.00,51.300,0.04,51.300,0.00,,,,,,,,,51.300,0.00,,,,,51.300,0.01,51.300,0.02,,,,,,,51.300,-0.01,51.300,0.00,,,,,,,51.300,-0.01,51.300,-0.01,51.300,0.00,,,,,,,,,51.300,0.00,51.300,-0.01,,,51.300,-0.01,51.300,0.02,51.300,0.01,51.300,0.00,,,,,,,51.300,0.00,,,,,,,,,,,,,,,,,,,,
51.350,0.01,,,,,,,51.350,0.00,,,51.350,0.00,,,,,51.350,0.02,,,,,,,51.350,0.01,,,,,51.350,0.00,51.350,0.00,51.350,0.04,51.350,0.02,,,,,,,,,51.350,0.00,,,,,51.350,0.00,51.350,0.02,,,,,,,51.350,-0.01,51.350,0.01,,,,,,,51.350,-0.02,51.350,0.00,51.350,0.00,,,,,,,,,51.350,0.01,51.350,-0.01,,,51.350,-0.01,51.350,0.01,51.350,0.01,51.350,0.01,,,,,,,51.350,0.00,,,,,,,,,,,,,,,,,,,,
51.400,0.01,,,,,,,51.400,-0.01,,,51.400,-0.01,,,,,51.400,0.01,,,,,,,51.400,0.01,,,,,51.400,0.00,51.400,0.00,51.400,0.05,51.400,0.00,,,,,,,,,51.400,0.01,,,,,51.400,0.00,51.400,0.03,,,,,,,51.400,-0.01,51.400,0.00,,,,,,,51.400,-0.01,51.400,0.01,51.400,0.00,,,,,,,,,51.400,0.00,51.400,-0.01,,,51.400,-0.01,51.400,0.01,51.400,0.01,51.400,0.01,,,,,,,51.400,0.00,,,,,,,,,,,,,,,,,,,,
51.450,0.01,,,,,,,51.450,-0.02,,,51.450,-0.01,,,,,51.450,0.01,,,,,,,51.450,0.01,,,,,51.450,-0.01,51.450,0.01,51.450,0.06,51.450,0.00,,,,,,,,,51.450,0.01,,,,,51.450,0.00,51.450,0.02,,,,,,,51.450,-0.01,51.450,0.00,,,,,,,51.450,-0.01,51.450,0.02,51.450,0.00,,,,,,,,,51.450,0.01,51.450,-0.01,,,51.450,-0.01,51.450,0.01,51.450,0.01,51.450,0.00,,,,,,,51.450,0.01,,,,,,,,,,,,,,,,,,,,
51.500,0.02,,,,,,,51.500,0.00,,,51.500,0.00,,,,,51.500,0.01,,,,,,,51.500,0.01,,,,,51.500,-0.01,51.500,-0.01,51.500,0.08,51.500,0.02,,,,,,,,,51.500,0.01,,,,,51.500,0.01,51.500,0.02,,,,,,,51.500,-0.02,51.500,0.00,,,,,,,51.500,-0.01,51.500,0.02,51.500,0.00,,,,,,,,,51.500,0.01,51.500,0.00,,,51.500,-0.02,51.500,0.01,,,51.500,0.01,,,,,,,51.500,0.01,,,,,,,,,,,,,,,,,,,,
51.550,0.02,,,,,,,51.550,-0.01,,,51.550,-0.01,,,,,51.550,0.00,,,,,,,51.550,0.02,,,,,51.550,-0.01,51.550,-0.01,51.550,0.07,51.550,0.00,,,,,,,,,51.550,0.01,,,,,51.550,-0.01,51.550,0.02,,,,,,,51.550,-0.01,51.550,0.00,,,,,,,51.550,0.01,51.550,0.04,51.550,0.00,,,,,,,,,51.550,0.00,51.550,0.00,,,51.550,0.00,51.550,0.01,,,51.550,0.00,,,,,,,51.550,0.00,,,,,,,,,,,,,,,,,,,,
51.600,0.01,,,,,,,51.600,-0.01,,,51.600,-0.01,,,,,51.600,0.01,,,,,,,51.600,0.02,,,,,51.600,-0.01,51.600,-0.01,51.600,0.09,51.600,0.00,,,,,,,,,51.600,0.00,,,,,51.600,-0.01,51.600,0.02,,,,,,,51.600,-0.02,51.600,0.00,,,,,,,51.600,-0.02,51.600,0.05,51.600,0.01,,,,,,,,,51.600,0.01,51.600,-0.01,,,51.600,-0.01,51.600,0.01,,,51.600,0.00,,,,,,,51.600,0.00,,,,,,,,,,,,,,,,,,,,
51.650,0.01,,,,,,,51.650,-0.01,,,51.650,0.00,,,,,51.650,0.02,,,,,,,51.650,0.02,,,,,51.650,0.00,51.650,0.00,51.650,0.14,51.650,0.00,,,,,,,,,51.650,0.00,,,,,51.650,-0.01,51.650,0.01,,,,,,,51.650,-0.01,51.650,-0.01,,,,,,,51.650,-0.01,51.650,0.07,51.650,0.00,,,,,,,,,51.650,0.01,51.650,-0.01,,,51.650,-0.01,51.650,0.00,,,51.650,-0.01,,,,,,,51.650,0.01,,,,,,,,,,,,,,,,,,,,
51.700,0.02,,,,,,,51.700,-0.01,,,,,,,,,51.700,0.01,,,,,,,51.700,0.02,,,,,51.700,0.00,51.700,0.00,51.700,0.32,51.700,0.00,,,,,,,,,51.700,0.00,,,,,51.700,-0.01,51.700,0.01,,,,,,,51.700,-0.02,51.700,0.00,,,,,,,51.700,-0.01,51.700,0.14,51.700,-0.01,,,,,,,,,51.700,0.00,51.700,-0.01,,,51.700,-0.01,51.700,0.01,,,51.700,0.01,,,,,,,51.700,0.00,,,,,,,,,,,,,,,,,,,,
51.750,0.02,,,,,,,51.750,0.00,,,,,,,,,51.750,0.01,,,,,,,51.750,0.02,,,,,51.750,0.00,51.750,0.00,51.750,0.52,51.750,0.00,,,,,,,,,51.750,0.00,,,,,51.750,0.00,51.750,0.01,,,,,,,51.750,0.00,51.750,0.00,,,,,,,51.750,-0.02,51.750,0.73,51.750,0.01,,,,,,,,,51.750,0.01,51.750,-0.01,,,51.750,-0.01,51.750,0.01,,,51.750,0.00,,,,,,,51.750,0.00,,,,,,,,,,,,,,,,,,,,
51.800,0.00,,,,,,,51.800,0.00,,,,,,,,,51.800,0.00,,,,,,,51.800,0.03,,,,,51.800,0.00,51.800,0.01,51.800,0.06,51.800,0.00,,,,,,,,,51.800,0.00,,,,,51.800,0.00,51.800,0.02,,,,,,,51.800,-0.01,51.800,0.00,,,,,,,51.800,-0.01,51.800,0.08,51.800,0.01,,,,,,,,,,,51.800,-0.01,,,51.800,0.00,51.800,0.01,,,51.800,0.00,,,,,,,51.800,0.00,,,,,,,,,,,,,,,,,,,,
51.850,0.00,,,,,,,51.850,0.00,,,,,,,,,51.850,0.01,,,,,,,51.850,0.02,,,,,51.850,0.01,51.850,0.00,51.850,0.01,51.850,0.00,,,,,,,,,51.850,0.00,,,,,51.850,0.00,51.850,0.02,,,,,,,51.850,0.00,51.850,0.01,,,,,,,51.850,0.00,51.850,0.03,51.850,0.01,,,,,,,,,,,51.850,0.00,,,51.850,-0.01,51.850,0.02,,,51.850,0.00,,,,,,,51.850,-0.01,,,,,,,,,,,,,,,,,,,,
51.900,0.01,,,,,,,51.900,0.00,,,,,,,,,51.900,0.02,,,,,,,51.900,0.02,,,,,51.900,0.00,51.900,0.00,51.900,-0.01,51.900,0.01,,,,,,,,,51.900,-0.01,,,,,51.900,0.00,51.900,0.01,,,,,,,51.900,0.00,51.900,0.00,,,,,,,51.900,0.00,51.900,-0.03,51.900,0.01,,,,,,,,,,,51.900,-0.01,,,51.900,-0.02,51.900,0.01,,,51.900,0.01,,,,,,,51.900,0.00,,,,,,,,,,,,,,,,,,,,
51.950,0.00,,,,,,,51.950,-0.01,,,,,,,,,51.950,0.01,,,,,,,51.950,0.02,,,,,51.950,0.01,51.950,0.00,51.950,0.00,51.950,0.01,,,,,,,,,51.950,-0.01,,,,,51.950,0.00,51.950,0.02,,,,,,,51.950,-0.02,51.950,0.00,,,,,,,51.950,0.00,51.950,-0.01,51.950,0.00,,,,,,,,,,,51.950,-0.01,,,51.950,0.00,51.950,0.01,,,51.950,0.00,,,,,,,51.950,0.01,,,,,,,,,,,,,,,,,,,,
52.000,0.01,,,,,,,52.000,0.00,,,,,,,,,52.000,0.01,,,,,,,52.000,0.02,,,,,52.000,0.01,52.000,0.00,52.000,0.00,52.000,0.01,,,,,,,,,52.000,0.00,,,,,52.000,-0.01,52.000,0.02,,,,,,,52.000,-0.01,52.000,-0.01,,,,,,,52.000,0.00,52.000,0.00,52.000,0.01,,,,,,,,,,,52.000,-0.02,,,52.000,-0.01,52.000,0.01,,,52.000,0.00,,,,,,,52.000,0.00,,,,,,,,,,,,,,,,,,,,
52.050,5.55E-17,,,,,,,52.050,0.00,,,,,,,,,52.050,0.01,,,,,,,52.050,0.01,,,,,52.050,0.02,52.050,0.00,52.050,0.00,52.050,-0.01,,,,,,,,,52.050,-0.01,,,,,52.050,0.00,52.050,0.02,,,,,,,52.050,-0.02,52.050,0.00,,,,,,,52.050,0.00,52.050,0.00,52.050,0.00,,,,,,,,,,,52.050,-0.01,,,52.050,-0.01,52.050,0.02,,,52.050,0.00,,,,,,,52.050,0.01,,,,,,,,,,,,,,,,,,,,
52.100,5.55E-17,,,,,,,52.100,0.00,,,,,,,,,52.100,0.01,,,,,,,52.100,0.02,,,,,52.100,0.02,52.100,0.00,52.100,-0.01,52.100,0.00,,,,,,,,,52.100,-0.01,,,,,52.100,0.00,52.100,0.02,,,,,,,52.100,-0.02,52.100,0.00,,,,,,,52.100,-0.01,52.100,-0.02,52.100,0.01,,,,,,,,,,,52.100,-0.01,,,52.100,-0.01,52.100,0.01,,,52.100,0.01,,,,,,,52.100,0.02,,,,,,,,,,,,,,,,,,,,
52.150,0.01,,,,,,,52.150,-0.01,,,,,,,,,52.150,0.01,,,,,,,52.150,0.02,,,,,52.150,0.00,52.150,0.01,52.150,0.00,52.150,0.01,,,,,,,,,52.150,0.01,,,,,52.150,0.00,52.150,0.02,,,,,,,52.150,-0.01,52.150,-0.01,,,,,,,52.150,-0.01,52.150,-0.01,52.150,0.01,,,,,,,,,,,52.150,-0.01,,,52.150,0.01,52.150,0.00,,,52.150,0.00,,,,,,,52.150,0.00,,,,,,,,,,,,,,,,,,,,
52.200,0.01,,,,,,,52.200,0.00,,,,,,,,,52.200,0.01,,,,,,,52.200,0.02,,,,,52.200,0.01,52.200,0.01,52.200,0.00,52.200,0.00,,,,,,,,,52.200,0.00,,,,,52.200,0.01,52.200,0.01,,,,,,,52.200,-0.02,52.200,0.00,,,,,,,52.200,-0.01,52.200,-0.01,52.200,0.01,,,,,,,,,,,52.200,-0.01,,,52.200,0.01,52.200,0.01,,,52.200,-0.01,,,,,,,52.200,-0.01,,,,,,,,,,,,,,,,,,,,
52.250,0.01,,,,,,,52.250,-0.01,,,,,,,,,52.250,0.02,,,,,,,52.250,0.02,,,,,52.250,0.01,52.250,0.01,52.250,-0.01,52.250,0.01,,,,,,,,,52.250,0.01,,,,,52.250,0.01,52.250,0.02,,,,,,,52.250,-0.01,52.250,0.00,,,,,,,52.250,-0.01,52.250,-0.02,52.250,0.01,,,,,,,,,,,52.250,-0.01,,,52.250,0.00,52.250,0.00,,,52.250,0.00,,,,,,,52.250,0.00,,,,,,,,,,,,,,,,,,,,
52.300,0.02,,,,,,,52.300,0.00,,,,,,,,,52.300,0.01,,,,,,,52.300,0.01,,,,,52.300,0.00,52.300,0.01,52.300,0.00,52.300,0.01,,,,,,,,,52.300,0.00,,,,,52.300,0.01,52.300,0.01,,,,,,,52.300,-0.01,52.300,0.00,,,,,,,52.300,-0.01,52.300,-0.02,52.300,0.01,,,,,,,,,,,52.300,0.00,,,52.300,0.01,52.300,0.00,,,52.300,0.00,,,,,,,52.300,-0.01,,,,,,,,,,,,,,,,,,,,
52.350,0.02,,,,,,,52.350,0.00,,,,,,,,,52.350,0.01,,,,,,,52.350,0.01,,,,,52.350,0.01,52.350,0.00,52.350,-0.01,52.350,0.02,,,,,,,,,52.350,-0.01,,,,,52.350,0.01,52.350,0.01,,,,,,,52.350,0.00,52.350,0.00,,,,,,,52.350,0.00,52.350,-0.02,52.350,-0.01,,,,,,,,,,,52.350,0.00,,,52.350,0.00,52.350,0.01,,,52.350,0.01,,,,,,,52.350,0.00,,,,,,,,,,,,,,,,,,,,
52.400,0.01,,,,,,,52.400,0.00,,,,,,,,,52.400,0.01,,,,,,,52.400,0.02,,,,,52.400,0.00,52.400,0.01,52.400,0.00,52.400,0.01,,,,,,,,,52.400,-0.01,,,,,52.400,0.00,52.400,0.01,,,,,,,52.400,-0.01,,,,,,,,,52.400,0.00,52.400,-0.01,52.400,0.01,,,,,,,,,,,52.400,0.00,,,52.400,-0.01,52.400,0.00,,,52.400,0.00,,,,,,,,,,,,,,,,,,,,,,,,,,,,
52.450,0.01,,,,,,,52.450,0.01,,,,,,,,,52.450,0.02,,,,,,,52.450,0.01,,,,,52.450,0.00,52.450,0.00,52.450,0.00,52.450,0.00,,,,,,,,,52.450,-0.02,,,,,52.450,0.00,52.450,0.01,,,,,,,52.450,-0.01,,,,,,,,,52.450,-0.01,52.450,-0.01,52.450,0.00,,,,,,,,,,,52.450,-0.01,,,52.450,0.00,52.450,0.00,,,52.450,0.00,,,,,,,,,,,,,,,,,,,,,,,,,,,,
52.500,5.55E-17,,,,,,,52.500,0.00,,,,,,,,,52.500,0.01,,,,,,,52.500,0.02,,,,,52.500,0.01,52.500,0.00,52.500,0.00,52.500,0.00,,,,,,,,,52.500,-0.01,,,,,52.500,0.00,52.500,0.01,,,,,,,,,,,,,,,,,52.500,-0.01,52.500,-0.01,52.500,0.00,,,,,,,,,,,52.500,-0.01,,,52.500,-0.02,52.500,0.00,,,52.500,0.00,,,,,,,,,,,,,,,,,,,,,,,,,,,,
52.550,0.00,,,,,,,52.550,0.00,,,,,,,,,52.550,0.01,,,,,,,52.550,0.01,,,,,52.550,0.01,52.550,-0.01,52.550,0.00,52.550,0.00,,,,,,,,,52.550,0.00,,,,,52.550,-0.01,52.550,0.01,,,,,,,,,,,,,,,,,52.550,-0.01,52.550,-0.02,52.550,0.01,,,,,,,,,,,52.550,0.00,,,52.550,-0.01,52.550,0.00,,,52.550,0.00,,,,,,,,,,,,,,,,,,,,,,,,,,,,
52.600,0.00,,,,,,,52.600,-0.01,,,,,,,,,52.600,0.01,,,,,,,52.600,0.01,,,,,52.600,0.02,52.600,0.00,52.600,0.00,52.600,0.00,,,,,,,,,52.600,-0.01,,,,,52.600,0.01,52.600,0.00,,,,,,,,,,,,,,,,,52.600,-0.01,52.600,-0.01,52.600,0.00,,,,,,,,,,,52.600,-0.01,,,52.600,0.00,52.600,0.00,,,52.600,0.00,,,,,,,,,,,,,,,,,,,,,,,,,,,,
52.650,0.00,,,,,,,52.650,0.00,,,,,,,,,52.650,0.02,,,,,,,52.650,0.01,,,,,52.650,0.02,52.650,0.00,52.650,0.00,52.650,0.00,,,,,,,,,52.650,-0.01,,,,,52.650,0.01,52.650,0.01,,,,,,,,,,,,,,,,,52.650,0.00,52.650,-0.01,52.650,0.02,,,,,,,,,,,52.650,-0.02,,,52.650,-0.02,52.650,0.00,,,52.650,0.01,,,,,,,,,,,,,,,,,,,,,,,,,,,,
52.700,0.00,,,,,,,52.700,0.00,,,,,,,,,52.700,0.02,,,,,,,52.700,0.01,,,,,52.700,0.02,52.700,-0.01,52.700,0.00,52.700,0.01,,,,,,,,,52.700,0.00,,,,,52.700,0.00,52.700,0.00,,,,,,,,,,,,,,,,,52.700,0.01,52.700,-0.01,52.700,0.00,,,,,,,,,,,52.700,-0.02,,,52.700,-0.01,52.700,0.00,,,,,,,,,,,,,,,,,,,,,,,,,,,,,,,,
52.750,0.01,,,,,,,52.750,0.01,,,,,,,,,52.750,0.02,,,,,,,52.750,0.01,,,,,52.750,0.01,52.750,-0.01,52.750,-0.01,52.750,0.01,,,,,,,,,52.750,0.00,,,,,52.750,0.01,52.750,0.01,,,,,,,,,,,,,,,,,52.750,0.02,52.750,-0.01,52.750,0.01,,,,,,,,,,,52.750,-0.01,,,52.750,-0.01,52.750,0.00,,,,,,,,,,,,,,,,,,,,,,,,,,,,,,,,
52.800,5.55E-17,,,,,,,52.800,-0.01,,,,,,,,,52.800,0.02,,,,,,,52.800,0.01,,,,,52.800,0.02,52.800,0.01,52.800,0.00,52.800,0.01,,,,,,,,,52.800,0.00,,,,,52.800,0.00,52.800,0.02,,,,,,,,,,,,,,,,,52.800,0.03,52.800,-0.01,52.800,0.00,,,,,,,,,,,,,,,52.800,-0.01,52.800,0.00,,,,,,,,,,,,,,,,,,,,,,,,,,,,,,,,
52.850,0.00,,,,,,,52.850,0.00,,,,,,,,,52.850,0.01,,,,,,,52.850,0.03,,,,,52.850,0.02,52.850,0.01,52.850,0.01,52.850,0.01,,,,,,,,,52.850,0.00,,,,,52.850,0.00,52.850,0.02,,,,,,,,,,,,,,,,,52.850,0.04,52.850,0.00,52.850,0.00,,,,,,,,,,,,,,,52.850,-0.01,52.850,0.00,,,,,,,,,,,,,,,,,,,,,,,,,,,,,,,,
52.900,0.01,,,,,,,52.900,0.00,,,,,,,,,52.900,0.02,,,,,,,52.900,0.01,,,,,52.900,0.02,52.900,0.01,52.900,0.00,52.900,0.01,,,,,,,,,52.900,0.01,,,,,52.900,0.00,52.900,0.02,,,,,,,,,,,,,,,,,52.900,0.04,52.900,-0.01,52.900,0.00,,,,,,,,,,,,,,,52.900,-0.01,52.900,0.00,,,,,,,,,,,,,,,,,,,,,,,,,,,,,,,,
52.950,0.00,,,,,,,52.950,-0.01,,,,,,,,,52.950,0.01,,,,,,,52.950,0.02,,,,,52.950,0.02,52.950,0.00,52.950,0.01,52.950,0.00,,,,,,,,,52.950,0.00,,,,,52.950,0.01,52.950,0.02,,,,,,,,,,,,,,,,,52.950,0.06,52.950,0.00,52.950,0.00,,,,,,,,,,,,,,,52.950,-0.02,52.950,0.00,,,,,,,,,,,,,,,,,,,,,,,,,,,,,,,,
53.000,0.00,,,,,,,53.000,0.00,,,,,,,,,,,,,,,,,53.000,0.02,,,,,53.000,0.00,53.000,0.01,53.000,0.01,53.000,0.01,,,,,,,,,53.000,0.01,,,,,53.000,0.00,53.000,0.01,,,,,,,,,,,,,,,,,53.000,0.08,53.000,-0.01,53.000,-0.01,,,,,,,,,,,,,,,53.000,-0.02,53.000,0.01,,,,,,,,,,,,,,,,,,,,,,,,,,,,,,,,
53.050,0.02,,,,,,,53.050,0.01,,,,,,,,,,,,,,,,,53.050,0.01,,,,,53.050,0.01,53.050,0.00,53.050,0.00,53.050,0.01,,,,,,,,,53.050,0.01,,,,,53.050,0.02,53.050,0.01,,,,,,,,,,,,,,,,,53.050,0.15,53.050,-0.01,53.050,0.00,,,,,,,,,,,,,,,53.050,-0.01,53.050,0.01,,,,,,,,,,,,,,,,,,,,,,,,,,,,,,,,
53.100,0.03,,,,,,,53.100,-0.01,,,,,,,,,,,,,,,,,53.100,0.01,,,,,53.100,0.02,53.100,-0.01,53.100,0.01,53.100,0.00,,,,,,,,,,,,,,,53.100,0.02,53.100,0.00,,,,,,,,,,,,,,,,,53.100,0.59,53.100,-0.01,53.100,0.00,,,,,,,,,,,,,,,53.100,-0.01,53.100,0.00,,,,,,,,,,,,,,,,,,,,,,,,,,,,,,,,
53.150,0.02,,,,,,,53.150,0.00,,,,,,,,,,,,,,,,,53.150,0.01,,,,,53.150,0.01,53.150,0.00,53.150,0.02,53.150,0.00,,,,,,,,,,,,,,,53.150,-0.01,53.150,0.02,,,,,,,,,,,,,,,,,53.150,1.51,53.150,0.00,53.150,0.00,,,,,,,,,,,,,,,53.150,0.00,53.150,0.00,,,,,,,,,,,,,,,,,,,,,,,,,,,,,,,,
53.200,0.04,,,,,,,53.200,-0.01,,,,,,,,,,,,,,,,,53.200,0.02,,,,,53.200,0.01,53.200,0.01,53.200,0.01,53.200,0.00,,,,,,,,,,,,,,,53.200,0.01,53.200,0.03,,,,,,,,,,,,,,,,,53.200,0.32,53.200,0.00,53.200,0.01,,,,,,,,,,,,,,,53.200,-0.01,53.200,0.01,,,,,,,,,,,,,,,,,,,,,,,,,,,,,,,,
53.250,0.05,,,,,,,53.250,0.00,,,,,,,,,,,,,,,,,53.250,0.02,,,,,53.250,0.01,53.250,-0.01,53.250,0.01,53.250,0.00,,,,,,,,,,,,,,,53.250,0.01,53.250,0.02,,,,,,,,,,,,,,,,,53.250,0.05,53.250,-0.01,53.250,0.01,,,,,,,,,,,,,,,53.250,-0.01,53.250,0.00,,,,,,,,,,,,,,,,,,,,,,,,,,,,,,,,
53.300,0.07,,,,,,,53.300,-0.01,,,,,,,,,,,,,,,,,53.300,0.01,,,,,53.300,0.01,53.300,-0.01,53.300,0.01,53.300,0.00,,,,,,,,,,,,,,,53.300,0.00,53.300,0.02,,,,,,,,,,,,,,,,,53.300,0.00,53.300,-0.01,53.300,0.01,,,,,,,,,,,,,,,53.300,-0.01,53.300,0.00,,,,,,,,,,,,,,,,,,,,,,,,,,,,,,,,
53.350,0.09,,,,,,,53.350,-0.01,,,,,,,,,,,,,,,,,53.350,0.02,,,,,53.350,0.01,53.350,-0.01,53.350,0.01,53.350,-0.01,,,,,,,,,,,,,,,53.350,0.00,53.350,0.02,,,,,,,,,,,,,,,,,53.350,-0.02,53.350,-0.01,53.350,0.01,,,,,,,,,,,,,,,53.350,0.00,53.350,0.00,,,,,,,,,,,,,,,,,,,,,,,,,,,,,,,,
53.400,0.17,,,,,,,53.400,0.00,,,,,,,,,,,,,,,,,53.400,0.01,,,,,53.400,0.02,53.400,0.00,53.400,0.01,53.400,0.00,,,,,,,,,,,,,,,53.400,0.00,53.400,0.02,,,,,,,,,,,,,,,,,53.400,-0.02,53.400,-0.01,53.400,0.01,,,,,,,,,,,,,,,53.400,-0.01,53.400,0.01,,,,,,,,,,,,,,,,,,,,,,,,,,,,,,,,
53.450,0.35,,,,,,,53.450,0.00,,,,,,,,,,,,,,,,,53.450,0.00,,,,,53.450,0.01,53.450,-0.01,53.450,0.00,53.450,0.00,,,,,,,,,,,,,,,53.450,-0.01,53.450,0.02,,,,,,,,,,,,,,,,,53.450,-0.01,53.450,0.00,53.450,0.01,,,,,,,,,,,,,,,53.450,-0.01,53.450,0.01,,,,,,,,,,,,,,,,,,,,,,,,,,,,,,,,
53.500,1.00,,,,,,,53.500,0.00,,,,,,,,,,,,,,,,,53.500,0.01,,,,,53.500,0.02,53.500,0.00,53.500,0.01,53.500,0.00,,,,,,,,,,,,,,,53.500,0.00,53.500,0.03,,,,,,,,,,,,,,,,,53.500,-0.02,53.500,0.00,53.500,0.02,,,,,,,,,,,,,,,53.500,-0.01,53.500,0.00,,,,,,,,,,,,,,,,,,,,,,,,,,,,,,,,
53.550,1.81,,,,,,,53.550,-0.01,,,,,,,,,,,,,,,,,53.550,0.02,,,,,53.550,0.02,53.550,-0.01,53.550,0.00,53.550,0.00,,,,,,,,,,,,,,,53.550,-0.01,53.550,0.02,,,,,,,,,,,,,,,,,53.550,-0.02,53.550,-0.02,53.550,0.02,,,,,,,,,,,,,,,53.550,-0.01,53.550,0.01,,,,,,,,,,,,,,,,,,,,,,,,,,,,,,,,
53.600,2.13,,,,,,,53.600,0.00,,,,,,,,,,,,,,,,,53.600,0.03,,,,,53.600,0.01,53.600,0.00,53.600,0.01,53.600,0.00,,,,,,,,,,,,,,,53.600,-0.01,53.600,0.02,,,,,,,,,,,,,,,,,53.600,-0.02,53.600,-0.02,53.600,0.02,,,,,,,,,,,,,,,53.600,-0.01,53.600,0.02,,,,,,,,,,,,,,,,,,,,,,,,,,,,,,,,
53.650,2.38,,,,,,,53.650,0.00,,,,,,,,,,,,,,,,,53.650,0.02,,,,,53.650,0.01,53.650,-0.01,53.650,0.01,53.650,0.00,,,,,,,,,,,,,,,53.650,-0.01,53.650,0.02,,,,,,,,,,,,,,,,,53.650,0.00,53.650,0.00,53.650,0.02,,,,,,,,,,,,,,,53.650,0.00,53.650,0.00,,,,,,,,,,,,,,,,,,,,,,,,,,,,,,,,
53.700,2.83,,,,,,,53.700,0.00,,,,,,,,,,,,,,,,,53.700,0.02,,,,,53.700,0.01,53.700,-0.01,53.700,0.02,53.700,0.01,,,,,,,,,,,,,,,53.700,0.00,53.700,0.03,,,,,,,,,,,,,,,,,53.700,-0.01,53.700,-0.02,53.700,0.02,,,,,,,,,,,,,,,53.700,-0.01,53.700,0.00,,,,,,,,,,,,,,,,,,,,,,,,,,,,,,,,
53.750,0.06,,,,,,,53.750,0.01,,,,,,,,,,,,,,,,,53.750,0.01,,,,,53.750,0.02,53.750,-0.01,53.750,0.01,53.750,0.00,,,,,,,,,,,,,,,53.750,-0.01,53.750,0.02,,,,,,,,,,,,,,,,,53.750,0.01,53.750,-0.01,53.750,0.02,,,,,,,,,,,,,,,53.750,-0.01,53.750,0.01,,,,,,,,,,,,,,,,,,,,,,,,,,,,,,,,
53.800,0.04,,,,,,,53.800,0.00,,,,,,,,,,,,,,,,,53.800,0.02,,,,,53.800,0.02,53.800,-0.01,53.800,0.00,53.800,0.01,,,,,,,,,,,,,,,53.800,0.01,53.800,0.01,,,,,,,,,,,,,,,,,53.800,-0.01,53.800,-0.01,53.800,0.02,,,,,,,,,,,,,,,53.800,-0.01,53.800,0.02,,,,,,,,,,,,,,,,,,,,,,,,,,,,,,,,
53.850,0.00,,,,,,,53.850,0.00,,,,,,,,,,,,,,,,,53.850,0.02,,,,,53.850,0.02,53.850,-0.01,53.850,0.00,53.850,0.01,,,,,,,,,,,,,,,53.850,0.02,53.850,0.02,,,,,,,,,,,,,,,,,53.850,0.00,53.850,-0.01,53.850,0.01,,,,,,,,,,,,,,,53.850,-0.01,53.850,0.01,,,,,,,,,,,,,,,,,,,,,,,,,,,,,,,,
53.900,0.01,,,,,,,53.900,-0.01,,,,,,,,,,,,,,,,,53.900,0.02,,,,,53.900,0.02,53.900,0.00,53.900,0.01,53.900,0.00,,,,,,,,,,,,,,,53.900,0.02,53.900,0.02,,,,,,,,,,,,,,,,,53.900,0.00,53.900,-0.01,53.900,0.01,,,,,,,,,,,,,,,53.900,0.00,53.900,0.02,,,,,,,,,,,,,,,,,,,,,,,,,,,,,,,,
53.950,0.00,,,,,,,53.950,0.00,,,,,,,,,,,,,,,,,53.950,0.01,,,,,53.950,0.01,53.950,0.00,53.950,0.00,53.950,0.00,,,,,,,,,,,,,,,53.950,0.02,53.950,0.02,,,,,,,,,,,,,,,,,53.950,-0.01,53.950,-0.01,53.950,0.01,,,,,,,,,,,,,,,53.950,-0.01,53.950,0.01,,,,,,,,,,,,,,,,,,,,,,,,,,,,,,,,
54.000,0.01,,,,,,,54.000,0.01,,,,,,,,,,,,,,,,,54.000,0.01,,,,,54.000,0.02,54.000,0.00,54.000,0.00,54.000,0.01,,,,,,,,,,,,,,,54.000,0.04,54.000,0.03,,,,,,,,,,,,,,,,,54.000,0.00,54.000,-0.02,54.000,0.02,,,,,,,,,,,,,,,54.000,-0.01,54.000,0.01,,,,,,,,,,,,,,,,,,,,,,,,,,,,,,,,
54.050,0.01,,,,,,,54.050,0.00,,,,,,,,,,,,,,,,,54.050,0.01,,,,,54.050,0.02,54.050,0.00,54.050,0.00,54.050,0.00,,,,,,,,,,,,,,,54.050,0.05,54.050,0.02,,,,,,,,,,,,,,,,,54.050,0.00,54.050,-0.01,54.050,0.02,,,,,,,,,,,,,,,54.050,-0.01,54.050,0.00,,,,,,,,,,,,,,,,,,,,,,,,,,,,,,,,
54.100,0.02,,,,,,,54.100,0.00,,,,,,,,,,,,,,,,,54.100,0.01,,,,,54.100,0.01,54.100,0.00,54.100,0.00,54.100,0.00,,,,,,,,,,,,,,,54.100,0.04,54.100,0.01,,,,,,,,,,,,,,,,,54.100,0.00,54.100,-0.01,54.100,0.02,,,,,,,,,,,,,,,54.100,-0.02,54.100,0.00,,,,,,,,,,,,,,,,,,,,,,,,,,,,,,,,
54.150,0.01,,,,,,,54.150,-0.01,,,,,,,,,,,,,,,,,54.150,0.01,,,,,54.150,0.01,54.150,0.00,54.150,0.01,54.150,0.01,,,,,,,,,,,,,,,54.150,0.04,54.150,0.02,,,,,,,,,,,,,,,,,54.150,0.00,54.150,-0.01,54.150,0.03,,,,,,,,,,,,,,,54.150,-0.02,54.150,0.01,,,,,,,,,,,,,,,,,,,,,,,,,,,,,,,,
54.200,0.01,,,,,,,54.200,-0.01,,,,,,,,,,,,,,,,,54.200,0.01,,,,,54.200,0.01,54.200,0.02,54.200,0.01,54.200,0.01,,,,,,,,,,,,,,,54.200,0.05,54.200,0.02,,,,,,,,,,,,,,,,,54.200,0.00,54.200,-0.02,54.200,0.03,,,,,,,,,,,,,,,,,54.200,0.00,,,,,,,,,,,,,,,,,,,,,,,,,,,,,,,,
54.250,5.55E-17,,,,,,,54.250,0.00,,,,,,,,,,,,,,,,,54.250,0.01,,,,,54.250,0.01,54.250,0.01,54.250,0.01,54.250,0.00,,,,,,,,,,,,,,,54.250,0.05,54.250,0.01,,,,,,,,,,,,,,,,,54.250,0.00,54.250,0.00,54.250,0.05,,,,,,,,,,,,,,,,,54.250,0.00,,,,,,,,,,,,,,,,,,,,,,,,,,,,,,,,
54.300,0.00,,,,,,,54.300,0.00,,,,,,,,,,,,,,,,,54.300,0.01,,,,,54.300,0.01,54.300,0.02,54.300,0.00,54.300,0.01,,,,,,,,,,,,,,,54.300,0.06,54.300,0.00,,,,,,,,,,,,,,,,,54.300,0.00,54.300,0.00,54.300,0.07,,,,,,,,,,,,,,,,,54.300,0.01,,,,,,,,,,,,,,,,,,,,,,,,,,,,,,,,
54.350,5.55E-17,,,,,,,54.350,-0.01,,,,,,,,,,,,,,,,,54.350,0.01,,,,,54.350,0.02,54.350,0.02,54.350,0.01,54.350,0.00,,,,,,,,,,,,,,,54.350,0.08,54.350,0.00,,,,,,,,,,,,,,,,,54.350,0.00,54.350,0.00,54.350,0.13,,,,,,,,,,,,,,,,,54.350,0.01,,,,,,,,,,,,,,,,,,,,,,,,,,,,,,,,
54.400,0.02,,,,,,,54.400,0.00,,,,,,,,,,,,,,,,,54.400,0.02,,,,,54.400,0.01,54.400,0.03,54.400,-0.01,54.400,0.01,,,,,,,,,,,,,,,54.400,0.08,54.400,0.01,,,,,,,,,,,,,,,,,54.400,0.00,54.400,0.01,54.400,0.49,,,,,,,,,,,,,,,,,54.400,0.01,,,,,,,,,,,,,,,,,,,,,,,,,,,,,,,,
54.450,0.01,,,,,,,54.450,0.00,,,,,,,,,,,,,,,,,54.450,0.01,,,,,54.450,0.00,54.450,0.04,54.450,0.01,54.450,0.01,,,,,,,,,,,,,,,54.450,0.09,54.450,0.00,,,,,,,,,,,,,,,,,54.450,0.00,54.450,0.02,54.450,0.09,,,,,,,,,,,,,,,,,54.450,0.01,,,,,,,,,,,,,,,,,,,,,,,,,,,,,,,,
54.500,0.00,,,,,,,54.500,-0.01,,,,,,,,,,,,,,,,,54.500,0.02,,,,,54.500,0.00,54.500,0.04,54.500,0.01,54.500,0.01,,,,,,,,,,,,,,,54.500,0.09,54.500,0.01,,,,,,,,,,,,,,,,,54.500,0.01,54.500,0.03,54.500,0.03,,,,,,,,,,,,,,,,,54.500,0.01,,,,,,,,,,,,,,,,,,,,,,,,,,,,,,,,
54.550,0.00,,,,,,,54.550,-0.01,,,,,,,,,,,,,,,,,54.550,0.02,,,,,54.550,0.01,54.550,0.05,54.550,0.01,54.550,0.01,,,,,,,,,,,,,,,54.550,0.11,54.550,0.03,,,,,,,,,,,,,,,,,54.550,0.01,54.550,0.02,54.550,0.00,,,,,,,,,,,,,,,,,54.550,0.02,,,,,,,,,,,,,,,,,,,,,,,,,,,,,,,,
54.600,-0.01,,,,,,,54.600,-0.01,,,,,,,,,,,,,,,,,54.600,0.02,,,,,54.600,0.00,54.600,0.08,54.600,0.00,54.600,0.01,,,,,,,,,,,,,,,54.600,0.15,54.600,0.02,,,,,,,,,,,,,,,,,54.600,0.01,54.600,0.05,54.600,-0.01,,,,,,,,,,,,,,,,,54.600,0.02,,,,,,,,,,,,,,,,,,,,,,,,,,,,,,,,
54.650,5.55E-17,,,,,,,54.650,-0.02,,,,,,,,,,,,,,,,,54.650,0.02,,,,,54.650,0.00,54.650,0.10,54.650,-0.01,54.650,0.01,,,,,,,,,,,,,,,54.650,0.32,54.650,0.02,,,,,,,,,,,,,,,,,54.650,0.00,54.650,0.05,54.650,0.00,,,,,,,,,,,,,,,,,54.650,0.02,,,,,,,,,,,,,,,,,,,,,,,,,,,,,,,,
54.700,0.00,,,,,,,54.700,-0.01,,,,,,,,,,,,,,,,,54.700,0.02,,,,,54.700,0.00,54.700,0.16,54.700,-0.01,54.700,0.01,,,,,,,,,,,,,,,54.700,1.08,54.700,0.03,,,,,,,,,,,,,,,,,54.700,0.00,54.700,0.08,54.700,0.01,,,,,,,,,,,,,,,,,54.700,0.01,,,,,,,,,,,,,,,,,,,,,,,,,,,,,,,,
54.750,-0.01,,,,,,,54.750,-0.01,,,,,,,,,,,,,,,,,54.750,0.02,,,,,54.750,0.00,54.750,0.51,54.750,0.00,54.750,0.01,,,,,,,,,,,,,,,54.750,0.48,54.750,0.02,,,,,,,,,,,,,,,,,54.750,0.00,54.750,0.14,54.750,0.01,,,,,,,,,,,,,,,,,54.750,0.02,,,,,,,,,,,,,,,,,,,,,,,,,,,,,,,,
54.800,0.00,,,,,,,54.800,-0.01,,,,,,,,,,,,,,,,,54.800,0.01,,,,,54.800,0.00,54.800,1.01,54.800,0.00,54.800,0.00,,,,,,,,,,,,,,,54.800,0.06,54.800,0.02,,,,,,,,,,,,,,,,,54.800,0.00,54.800,0.47,54.800,0.00,,,,,,,,,,,,,,,,,54.800,0.02,,,,,,,,,,,,,,,,,,,,,,,,,,,,,,,,
54.850,5.55E-17,,,,,,,54.850,-0.01,,,,,,,,,,,,,,,,,54.850,0.02,,,,,54.850,0.00,54.850,0.14,54.850,0.00,54.850,0.01,,,,,,,,,,,,,,,54.850,0.01,54.850,0.01,,,,,,,,,,,,,,,,,54.850,0.00,54.850,0.29,54.850,0.00,,,,,,,,,,,,,,,,,54.850,0.03,,,,,,,,,,,,,,,,,,,,,,,,,,,,,,,,
54.900,0.01,,,,,,,54.900,0.00,,,,,,,,,,,,,,,,,54.900,0.01,,,,,54.900,0.00,54.900,0.06,54.900,-0.01,54.900,0.00,,,,,,,,,,,,,,,54.900,-0.01,54.900,0.02,,,,,,,,,,,,,,,,,54.900,0.00,54.900,0.05,54.900,0.00,,,,,,,,,,,,,,,,,54.900,0.03,,,,,,,,,,,,,,,,,,,,,,,,,,,,,,,,
54.950,5.55E-17,,,,,,,54.950,0.00,,,,,,,,,,,,,,,,,54.950,0.01,,,,,54.950,0.01,54.950,0.01,54.950,0.00,54.950,0.00,,,,,,,,,,,,,,,54.950,0.00,54.950,0.02,,,,,,,,,,,,,,,,,54.950,0.00,54.950,0.00,54.950,0.01,,,,,,,,,,,,,,,,,54.950,0.03,,,,,,,,,,,,,,,,,,,,,,,,,,,,,,,,
55.000,0.00,,,,,,,55.000,-0.01,,,,,,,,,,,,,,,,,55.000,0.01,,,,,55.000,0.00,55.000,0.01,55.000,0.01,55.000,0.00,,,,,,,,,,,,,,,55.000,0.00,55.000,0.02,,,,,,,,,,,,,,,,,55.000,0.00,55.000,-0.02,55.000,0.00,,,,,,,,,,,,,,,,,55.000,0.04,,,,,,,,,,,,,,,,,,,,,,,,,,,,,,,,
55.050,0.01,,,,,,,55.050,-0.01,,,,,,,,,,,,,,,,,55.050,0.01,,,,,55.050,0.01,55.050,0.01,55.050,0.01,55.050,0.00,,,,,,,,,,,,,,,55.050,0.00,55.050,0.03,,,,,,,,,,,,,,,,,55.050,0.00,55.050,-0.01,55.050,-0.01,,,,,,,,,,,,,,,,,55.050,0.04,,,,,,,,,,,,,,,,,,,,,,,,,,,,,,,,
55.100,0.00,,,,,,,55.100,-0.01,,,,,,,,,,,,,,,,,55.100,0.01,,,,,55.100,0.00,55.100,0.00,55.100,0.01,55.100,0.00,,,,,,,,,,,,,,,55.100,0.01,55.100,0.02,,,,,,,,,,,,,,,,,55.100,-0.01,55.100,-0.02,55.100,0.00,,,,,,,,,,,,,,,,,55.100,0.05,,,,,,,,,,,,,,,,,,,,,,,,,,,,,,,,
55.150,0.00,,,,,,,55.150,0.00,,,,,,,,,,,,,,,,,55.150,0.01,,,,,55.150,0.01,55.150,0.01,55.150,0.00,55.150,0.01,,,,,,,,,,,,,,,55.150,-0.01,55.150,0.02,,,,,,,,,,,,,,,,,55.150,-0.02,55.150,0.00,55.150,0.01,,,,,,,,,,,,,,,,,55.150,0.05,,,,,,,,,,,,,,,,,,,,,,,,,,,,,,,,
55.200,0.01,,,,,,,55.200,0.00,,,,,,,,,,,,,,,,,55.200,0.02,,,,,,,55.200,0.01,55.200,0.00,55.200,0.00,,,,,,,,,,,,,,,55.200,0.00,55.200,0.02,,,,,,,,,,,,,,,,,55.200,-0.01,55.200,-0.01,55.200,0.01,,,,,,,,,,,,,,,,,55.200,0.06,,,,,,,,,,,,,,,,,,,,,,,,,,,,,,,,
55.250,0.01,,,,,,,55.250,-0.01,,,,,,,,,,,,,,,,,55.250,0.01,,,,,,,55.250,0.00,55.250,-0.01,55.250,0.01,,,,,,,,,,,,,,,55.250,0.00,55.250,0.02,,,,,,,,,,,,,,,,,55.250,-0.01,55.250,0.00,55.250,0.01,,,,,,,,,,,,,,,,,55.250,0.07,,,,,,,,,,,,,,,,,,,,,,,,,,,,,,,,
55.300,0.01,,,,,,,55.300,-0.01,,,,,,,,,,,,,,,,,55.300,0.02,,,,,,,55.300,0.00,55.300,-0.01,55.300,0.00,,,,,,,,,,,,,,,55.300,0.00,55.300,0.02,,,,,,,,,,,,,,,,,55.300,-0.01,55.300,0.00,55.300,0.00,,,,,,,,,,,,,,,,,55.300,0.08,,,,,,,,,,,,,,,,,,,,,,,,,,,,,,,,
55.350,0.01,,,,,,,55.350,-0.01,,,,,,,,,,,,,,,,,55.350,0.01,,,,,,,55.350,0.01,55.350,0.01,55.350,0.00,,,,,,,,,,,,,,,55.350,0.00,55.350,0.02,,,,,,,,,,,,,,,,,55.350,0.00,55.350,0.00,55.350,0.01,,,,,,,,,,,,,,,,,55.350,0.09,,,,,,,,,,,,,,,,,,,,,,,,,,,,,,,,
55.400,0.01,,,,,,,55.400,0.00,,,,,,,,,,,,,,,,,55.400,0.01,,,,,,,55.400,0.02,55.400,0.01,55.400,0.00,,,,,,,,,,,,,,,55.400,0.01,55.400,0.02,,,,,,,,,,,,,,,,,55.400,-0.01,55.400,-0.01,55.400,0.00,,,,,,,,,,,,,,,,,55.400,0.11,,,,,,,,,,,,,,,,,,,,,,,,,,,,,,,,
55.450,0.01,,,,,,,55.450,-0.01,,,,,,,,,,,,,,,,,55.450,0.00,,,,,,,55.450,0.01,55.450,0.00,55.450,0.00,,,,,,,,,,,,,,,55.450,0.01,55.450,0.01,,,,,,,,,,,,,,,,,55.450,-0.01,55.450,0.00,55.450,0.01,,,,,,,,,,,,,,,,,55.450,0.12,,,,,,,,,,,,,,,,,,,,,,,,,,,,,,,,
55.500,0.01,,,,,,,55.500,-0.01,,,,,,,,,,,,,,,,,55.500,0.01,,,,,,,55.500,0.01,55.500,0.00,55.500,-0.01,,,,,,,,,,,,,,,55.500,0.01,55.500,0.01,,,,,,,,,,,,,,,,,55.500,-0.02,55.500,-0.01,55.500,0.00,,,,,,,,,,,,,,,,,55.500,0.13,,,,,,,,,,,,,,,,,,,,,,,,,,,,,,,,
55.550,0.01,,,,,,,55.550,-0.01,,,,,,,,,,,,,,,,,55.550,0.01,,,,,,,55.550,0.01,55.550,0.00,55.550,0.00,,,,,,,,,,,,,,,55.550,0.00,55.550,0.00,,,,,,,,,,,,,,,,,55.550,-0.01,55.550,-0.01,55.550,-0.01,,,,,,,,,,,,,,,,,55.550,0.15,,,,,,,,,,,,,,,,,,,,,,,,,,,,,,,,
55.600,0.00,,,,,,,55.600,0.00,,,,,,,,,,,,,,,,,55.600,0.01,,,,,,,55.600,0.01,55.600,0.00,55.600,0.01,,,,,,,,,,,,,,,55.600,0.00,55.600,0.02,,,,,,,,,,,,,,,,,55.600,-0.01,55.600,-0.01,55.600,0.00,,,,,,,,,,,,,,,,,55.600,0.24,,,,,,,,,,,,,,,,,,,,,,,,,,,,,,,,
55.650,0.00,,,,,,,55.650,-0.01,,,,,,,,,,,,,,,,,55.650,0.01,,,,,,,55.650,0.01,55.650,0.00,55.650,0.01,,,,,,,,,,,,,,,55.650,-0.01,55.650,0.02,,,,,,,,,,,,,,,,,55.650,-0.01,55.650,-0.01,55.650,-0.01,,,,,,,,,,,,,,,,,55.650,0.36,,,,,,,,,,,,,,,,,,,,,,,,,,,,,,,,
55.700,0.01,,,,,,,55.700,-0.01,,,,,,,,,,,,,,,,,55.700,0.01,,,,,,,55.700,0.01,55.700,0.01,55.700,0.00,,,,,,,,,,,,,,,55.700,-0.01,55.700,0.01,,,,,,,,,,,,,,,,,55.700,-0.01,55.700,-0.01,55.700,-0.01,,,,,,,,,,,,,,,,,55.700,0.51,,,,,,,,,,,,,,,,,,,,,,,,,,,,,,,,
55.750,0.01,,,,,,,55.750,0.00,,,,,,,,,,,,,,,,,55.750,0.01,,,,,,,55.750,0.02,55.750,0.00,55.750,0.01,,,,,,,,,,,,,,,55.750,0.00,55.750,0.02,,,,,,,,,,,,,,,,,55.750,-0.02,55.750,-0.01,55.750,0.00,,,,,,,,,,,,,,,,,55.750,0.66,,,,,,,,,,,,,,,,,,,,,,,,,,,,,,,,
55.800,0.01,,,,,,,55.800,0.02,,,,,,,,,,,,,,,,,55.800,0.00,,,,,,,55.800,0.01,55.800,0.00,55.800,-0.01,,,,,,,,,,,,,,,55.800,-0.01,55.800,0.02,,,,,,,,,,,,,,,,,55.800,-0.02,55.800,-0.01,55.800,0.00,,,,,,,,,,,,,,,,,55.800,0.75,,,,,,,,,,,,,,,,,,,,,,,,,,,,,,,,
55.850,0.01,,,,,,,55.850,0.01,,,,,,,,,,,,,,,,,55.850,0.01,,,,,,,55.850,0.02,55.850,0.00,55.850,0.00,,,,,,,,,,,,,,,55.850,0.00,55.850,0.02,,,,,,,,,,,,,,,,,55.850,-0.01,55.850,0.00,55.850,0.02,,,,,,,,,,,,,,,,,55.850,0.80,,,,,,,,,,,,,,,,,,,,,,,,,,,,,,,,
55.900,0.01,,,,,,,55.900,0.01,,,,,,,,,,,,,,,,,55.900,0.01,,,,,,,55.900,0.02,55.900,0.00,55.900,0.00,,,,,,,,,,,,,,,55.900,0.01,55.900,0.02,,,,,,,,,,,,,,,,,55.900,-0.02,55.900,-0.01,55.900,0.01,,,,,,,,,,,,,,,,,55.900,0.82,,,,,,,,,,,,,,,,,,,,,,,,,,,,,,,,
55.950,0.01,,,,,,,55.950,0.01,,,,,,,,,,,,,,,,,55.950,0.02,,,,,,,55.950,0.02,55.950,0.00,55.950,0.00,,,,,,,,,,,,,,,55.950,0.00,55.950,0.02,,,,,,,,,,,,,,,,,55.950,-0.02,55.950,-0.01,55.950,0.01,,,,,,,,,,,,,,,,,55.950,0.41,,,,,,,,,,,,,,,,,,,,,,,,,,,,,,,,
56.000,0.01,,,,,,,56.000,0.00,,,,,,,,,,,,,,,,,56.000,0.01,,,,,,,56.000,0.02,56.000,0.01,56.000,0.01,,,,,,,,,,,,,,,56.000,0.00,56.000,0.02,,,,,,,,,,,,,,,,,56.000,-0.01,56.000,0.01,56.000,0.01,,,,,,,,,,,,,,,,,56.000,0.12,,,,,,,,,,,,,,,,,,,,,,,,,,,,,,,,
56.050,0.00,,,,,,,56.050,0.00,,,,,,,,,,,,,,,,,56.050,0.01,,,,,,,56.050,0.02,56.050,0.01,56.050,0.00,,,,,,,,,,,,,,,56.050,-0.01,56.050,0.02,,,,,,,,,,,,,,,,,56.050,-0.01,56.050,0.01,56.050,0.01,,,,,,,,,,,,,,,,,56.050,0.05,,,,,,,,,,,,,,,,,,,,,,,,,,,,,,,,
,,,,,,,,56.100,0.00,,,,,,,,,,,,,,,,,56.100,0.01,,,,,,,56.100,0.02,56.100,0.00,56.100,0.01,,,,,,,,,,,,,,,56.100,0.01,56.100,0.02,,,,,,,,,,,,,,,,,,,56.100,0.01,56.100,0.01,,,,,,,,,,,,,,,,,56.100,-0.01,,,,,,,,,,,,,,,,,,,,,,,,,,,,,,,,
,,,,,,,,56.150,0.00,,,,,,,,,,,,,,,,,56.150,0.01,,,,,,,56.150,0.01,56.150,0.00,56.150,-0.01,,,,,,,,,,,,,,,56.150,0.00,56.150,0.02,,,,,,,,,,,,,,,,,,,56.150,0.01,56.150,0.01,,,,,,,,,,,,,,,,,56.150,0.00,,,,,,,,,,,,,,,,,,,,,,,,,,,,,,,,
,,,,,,,,56.200,0.00,,,,,,,,,,,,,,,,,56.200,0.01,,,,,,,56.200,0.00,56.200,0.00,56.200,0.00,,,,,,,,,,,,,,,56.200,-0.01,56.200,0.03,,,,,,,,,,,,,,,,,,,56.200,0.00,56.200,0.02,,,,,,,,,,,,,,,,,56.200,0.00,,,,,,,,,,,,,,,,,,,,,,,,,,,,,,,,
,,,,,,,,56.250,-0.01,,,,,,,,,,,,,,,,,56.250,0.01,,,,,,,56.250,0.02,56.250,0.00,56.250,0.00,,,,,,,,,,,,,,,56.250,0.00,56.250,0.02,,,,,,,,,,,,,,,,,,,56.250,0.00,56.250,0.02,,,,,,,,,,,,,,,,,56.250,0.00,,,,,,,,,,,,,,,,,,,,,,,,,,,,,,,,
,,,,,,,,56.300,0.00,,,,,,,,,,,,,,,,,56.300,0.01,,,,,,,56.300,0.00,56.300,0.00,56.300,0.00,,,,,,,,,,,,,,,56.300,0.01,56.300,0.02,,,,,,,,,,,,,,,,,,,56.300,0.01,56.300,0.01,,,,,,,,,,,,,,,,,56.300,-0.01,,,,,,,,,,,,,,,,,,,,,,,,,,,,,,,,
,,,,,,,,56.350,0.01,,,,,,,,,,,,,,,,,56.350,0.01,,,,,,,56.350,0.01,56.350,0.00,56.350,0.00,,,,,,,,,,,,,,,56.350,0.00,56.350,0.01,,,,,,,,,,,,,,,,,,,56.350,0.01,56.350,0.01,,,,,,,,,,,,,,,,,56.350,0.00,,,,,,,,,,,,,,,,,,,,,,,,,,,,,,,,
,,,,,,,,56.400,0.00,,,,,,,,,,,,,,,,,56.400,0.01,,,,,,,56.400,0.01,56.400,-0.01,56.400,0.00,,,,,,,,,,,,,,,56.400,0.00,56.400,0.01,,,,,,,,,,,,,,,,,,,56.400,0.00,56.400,0.01,,,,,,,,,,,,,,,,,56.400,-0.01,,,,,,,,,,,,,,,,,,,,,,,,,,,,,,,,
,,,,,,,,56.450,-0.01,,,,,,,,,,,,,,,,,56.450,0.01,,,,,,,56.450,0.02,56.450,0.00,56.450,0.00,,,,,,,,,,,,,,,56.450,-0.02,56.450,0.01,,,,,,,,,,,,,,,,,,,56.450,0.01,56.450,0.00,,,,,,,,,,,,,,,,,56.450,0.00,,,,,,,,,,,,,,,,,,,,,,,,,,,,,,,,
,,,,,,,,56.500,0.00,,,,,,,,,,,,,,,,,56.500,0.02,,,,,,,56.500,0.02,56.500,0.00,56.500,-0.01,,,,,,,,,,,,,,,56.500,0.00,56.500,0.01,,,,,,,,,,,,,,,,,,,56.500,0.01,56.500,0.01,,,,,,,,,,,,,,,,,56.500,-0.01,,,,,,,,,,,,,,,,,,,,,,,,,,,,,,,,
,,,,,,,,56.550,0.00,,,,,,,,,,,,,,,,,56.550,0.02,,,,,,,56.550,0.02,56.550,0.01,56.550,0.00,,,,,,,,,,,,,,,56.550,0.00,56.550,0.00,,,,,,,,,,,,,,,,,,,56.550,0.01,56.550,0.01,,,,,,,,,,,,,,,,,56.550,0.00,,,,,,,,,,,,,,,,,,,,,,,,,,,,,,,,
,,,,,,,,56.600,0.00,,,,,,,,,,,,,,,,,56.600,0.01,,,,,,,56.600,0.02,56.600,0.00,56.600,0.00,,,,,,,,,,,,,,,56.600,0.00,56.600,0.00,,,,,,,,,,,,,,,,,,,56.600,0.00,56.600,0.01,,,,,,,,,,,,,,,,,56.600,-0.01,,,,,,,,,,,,,,,,,,,,,,,,,,,,,,,,
,,,,,,,,56.650,0.01,,,,,,,,,,,,,,,,,56.650,0.01,,,,,,,56.650,0.01,56.650,0.00,56.650,-0.01,,,,,,,,,,,,,,,56.650,0.01,56.650,0.01,,,,,,,,,,,,,,,,,,,56.650,0.01,56.650,0.00,,,,,,,,,,,,,,,,,56.650,0.01,,,,,,,,,,,,,,,,,,,,,,,,,,,,,,,,
,,,,,,,,56.700,0.01,,,,,,,,,,,,,,,,,56.700,0.01,,,,,,,56.700,0.01,56.700,0.01,56.700,-0.01,,,,,,,,,,,,,,,56.700,0.02,,,,,,,,,,,,,,,,,,,,,56.700,0.01,56.700,0.01,,,,,,,,,,,,,,,,,56.700,0.01,,,,,,,,,,,,,,,,,,,,,,,,,,,,,,,,
,,,,,,,,56.750,0.01,,,,,,,,,,,,,,,,,56.750,0.02,,,,,,,56.750,0.01,56.750,0.02,56.750,-0.01,,,,,,,,,,,,,,,56.750,0.00,,,,,,,,,,,,,,,,,,,,,56.750,0.01,56.750,0.00,,,,,,,,,,,,,,,,,56.750,0.01,,,,,,,,,,,,,,,,,,,,,,,,,,,,,,,,
,,,,,,,,56.800,0.00,,,,,,,,,,,,,,,,,56.800,0.02,,,,,,,56.800,0.01,56.800,0.00,56.800,0.01,,,,,,,,,,,,,,,56.800,0.00,,,,,,,,,,,,,,,,,,,,,56.800,0.01,56.800,0.00,,,,,,,,,,,,,,,,,56.800,0.01,,,,,,,,,,,,,,,,,,,,,,,,,,,,,,,,
,,,,,,,,56.850,0.01,,,,,,,,,,,,,,,,,56.850,0.02,,,,,,,56.850,0.02,56.850,0.00,56.850,-0.01,,,,,,,,,,,,,,,56.850,0.01,,,,,,,,,,,,,,,,,,,,,56.850,0.01,56.850,-0.01,,,,,,,,,,,,,,,,,56.850,0.01,,,,,,,,,,,,,,,,,,,,,,,,,,,,,,,,
,,,,,,,,56.900,0.01,,,,,,,,,,,,,,,,,56.900,0.00,,,,,,,56.900,0.02,56.900,0.00,56.900,0.00,,,,,,,,,,,,,,,56.900,0.01,,,,,,,,,,,,,,,,,,,,,56.900,0.01,56.900,0.00,,,,,,,,,,,,,,,,,56.900,0.01,,,,,,,,,,,,,,,,,,,,,,,,,,,,,,,,
,,,,,,,,56.950,-0.01,,,,,,,,,,,,,,,,,56.950,0.01,,,,,,,56.950,0.02,56.950,0.00,56.950,0.00,,,,,,,,,,,,,,,56.950,0.00,,,,,,,,,,,,,,,,,,,,,56.950,0.01,56.950,0.00,,,,,,,,,,,,,,,,,56.950,0.01,,,,,,,,,,,,,,,,,,,,,,,,,,,,,,,,
,,,,,,,,57.000,0.00,,,,,,,,,,,,,,,,,57.000,0.03,,,,,,,57.000,0.01,57.000,0.00,57.000,0.00,,,,,,,,,,,,,,,57.000,0.01,,,,,,,,,,,,,,,,,,,,,57.000,0.02,57.000,0.00,,,,,,,,,,,,,,,,,57.000,0.01,,,,,,,,,,,,,,,,,,,,,,,,,,,,,,,,
,,,,,,,,57.050,0.00,,,,,,,,,,,,,,,,,57.050,0.03,,,,,,,57.050,0.01,57.050,0.00,57.050,0.00,,,,,,,,,,,,,,,57.050,0.00,,,,,,,,,,,,,,,,,,,,,57.050,0.01,57.050,0.01,,,,,,,,,,,,,,,,,57.050,0.02,,,,,,,,,,,,,,,,,,,,,,,,,,,,,,,,
,,,,,,,,57.100,0.00,,,,,,,,,,,,,,,,,57.100,0.03,,,,,,,57.100,0.01,57.100,0.00,57.100,0.00,,,,,,,,,,,,,,,57.100,0.00,,,,,,,,,,,,,,,,,,,,,57.100,0.01,57.100,0.02,,,,,,,,,,,,,,,,,57.100,0.00,,,,,,,,,,,,,,,,,,,,,,,,,,,,,,,,
,,,,,,,,57.150,-0.01,,,,,,,,,,,,,,,,,57.150,0.03,,,,,,,57.150,0.01,57.150,-0.01,57.150,0.00,,,,,,,,,,,,,,,57.150,0.01,,,,,,,,,,,,,,,,,,,,,57.150,0.02,57.150,0.01,,,,,,,,,,,,,,,,,57.150,0.01,,,,,,,,,,,,,,,,,,,,,,,,,,,,,,,,
,,,,,,,,57.200,0.00,,,,,,,,,,,,,,,,,57.200,0.04,,,,,,,57.200,0.01,57.200,0.00,57.200,0.00,,,,,,,,,,,,,,,57.200,0.00,,,,,,,,,,,,,,,,,,,,,57.200,0.01,57.200,0.02,,,,,,,,,,,,,,,,,57.200,0.01,,,,,,,,,,,,,,,,,,,,,,,,,,,,,,,,
,,,,,,,,57.250,0.01,,,,,,,,,,,,,,,,,57.250,0.04,,,,,,,57.250,0.02,57.250,-0.01,57.250,-0.02,,,,,,,,,,,,,,,57.250,0.01,,,,,,,,,,,,,,,,,,,,,57.250,0.02,57.250,0.01,,,,,,,,,,,,,,,,,57.250,0.01,,,,,,,,,,,,,,,,,,,,,,,,,,,,,,,,
,,,,,,,,57.300,0.01,,,,,,,,,,,,,,,,,57.300,0.05,,,,,,,57.300,0.01,57.300,-0.01,57.300,0.00,,,,,,,,,,,,,,,57.300,0.00,,,,,,,,,,,,,,,,,,,,,57.300,0.02,57.300,0.02,,,,,,,,,,,,,,,,,57.300,0.01,,,,,,,,,,,,,,,,,,,,,,,,,,,,,,,,
,,,,,,,,57.350,0.01,,,,,,,,,,,,,,,,,57.350,0.05,,,,,,,57.350,0.02,57.350,-0.01,57.350,0.00,,,,,,,,,,,,,,,57.350,0.00,,,,,,,,,,,,,,,,,,,,,57.350,0.02,57.350,0.03,,,,,,,,,,,,,,,,,57.350,0.02,,,,,,,,,,,,,,,,,,,,,,,,,,,,,,,,
,,,,,,,,57.400,0.01,,,,,,,,,,,,,,,,,57.400,0.09,,,,,,,57.400,0.01,57.400,0.00,57.400,-0.01,,,,,,,,,,,,,,,57.400,0.00,,,,,,,,,,,,,,,,,,,,,57.400,0.00,57.400,0.02,,,,,,,,,,,,,,,,,57.400,0.02,,,,,,,,,,,,,,,,,,,,,,,,,,,,,,,,
,,,,,,,,57.450,0.02,,,,,,,,,,,,,,,,,57.450,0.16,,,,,,,57.450,0.00,57.450,0.00,57.450,0.00,,,,,,,,,,,,,,,57.450,-0.01,,,,,,,,,,,,,,,,,,,,,57.450,0.00,57.450,0.03,,,,,,,,,,,,,,,,,57.450,0.01,,,,,,,,,,,,,,,,,,,,,,,,,,,,,,,,
,,,,,,,,57.500,0.01,,,,,,,,,,,,,,,,,57.500,0.68,,,,,,,57.500,0.00,57.500,0.00,57.500,0.00,,,,,,,,,,,,,,,57.500,-0.01,,,,,,,,,,,,,,,,,,,,,57.500,0.00,57.500,0.03,,,,,,,,,,,,,,,,,57.500,0.01,,,,,,,,,,,,,,,,,,,,,,,,,,,,,,,,
,,,,,,,,57.550,0.02,,,,,,,,,,,,,,,,,57.550,0.08,,,,,,,57.550,0.00,57.550,0.01,57.550,-0.01,,,,,,,,,,,,,,,57.550,0.00,,,,,,,,,,,,,,,,,,,,,57.550,0.00,57.550,0.04,,,,,,,,,,,,,,,,,57.550,0.00,,,,,,,,,,,,,,,,,,,,,,,,,,,,,,,,
,,,,,,,,57.600,0.02,,,,,,,,,,,,,,,,,57.600,0.03,,,,,,,57.600,0.00,57.600,0.00,57.600,-0.01,,,,,,,,,,,,,,,57.600,0.00,,,,,,,,,,,,,,,,,,,,,57.600,0.00,57.600,0.03,,,,,,,,,,,,,,,,,57.600,0.01,,,,,,,,,,,,,,,,,,,,,,,,,,,,,,,,
,,,,,,,,57.650,0.02,,,,,,,,,,,,,,,,,57.650,-0.01,,,,,,,57.650,0.00,57.650,0.01,57.650,0.00,,,,,,,,,,,,,,,57.650,0.00,,,,,,,,,,,,,,,,,,,,,57.650,0.01,57.650,0.03,,,,,,,,,,,,,,,,,57.650,0.00,,,,,,,,,,,,,,,,,,,,,,,,,,,,,,,,
,,,,,,,,57.700,0.01,,,,,,,,,,,,,,,,,57.700,-0.01,,,,,,,57.700,0.00,57.700,0.00,57.700,0.00,,,,,,,,,,,,,,,57.700,0.00,,,,,,,,,,,,,,,,,,,,,57.700,0.01,57.700,0.03,,,,,,,,,,,,,,,,,57.700,0.00,,,,,,,,,,,,,,,,,,,,,,,,,,,,,,,,
,,,,,,,,57.750,0.00,,,,,,,,,,,,,,,,,57.750,0.00,,,,,,,57.750,0.00,57.750,0.00,57.750,-0.01,,,,,,,,,,,,,,,57.750,0.00,,,,,,,,,,,,,,,,,,,,,57.750,0.01,57.750,0.02,,,,,,,,,,,,,,,,,57.750,0.01,,,,,,,,,,,,,,,,,,,,,,,,,,,,,,,,
,,,,,,,,57.800,0.00,,,,,,,,,,,,,,,,,57.800,0.00,,,,,,,57.800,0.01,57.800,0.00,57.800,-0.01,,,,,,,,,,,,,,,57.800,-0.01,,,,,,,,,,,,,,,,,,,,,57.800,0.01,57.800,0.01,,,,,,,,,,,,,,,,,57.800,0.01,,,,,,,,,,,,,,,,,,,,,,,,,,,,,,,,
,,,,,,,,57.850,0.00,,,,,,,,,,,,,,,,,57.850,-0.01,,,,,,,57.850,0.00,57.850,0.00,57.850,-0.01,,,,,,,,,,,,,,,57.850,0.00,,,,,,,,,,,,,,,,,,,,,57.850,0.01,57.850,0.03,,,,,,,,,,,,,,,,,57.850,0.01,,,,,,,,,,,,,,,,,,,,,,,,,,,,,,,,
,,,,,,,,57.900,0.02,,,,,,,,,,,,,,,,,57.900,-0.01,,,,,,,57.900,0.00,57.900,0.01,57.900,0.00,,,,,,,,,,,,,,,57.900,-0.01,,,,,,,,,,,,,,,,,,,,,57.900,0.01,57.900,0.04,,,,,,,,,,,,,,,,,57.900,0.00,,,,,,,,,,,,,,,,,,,,,,,,,,,,,,,,
,,,,,,,,57.950,0.01,,,,,,,,,,,,,,,,,57.950,0.00,,,,,,,57.950,0.01,57.950,0.01,57.950,-0.02,,,,,,,,,,,,,,,57.950,-0.01,,,,,,,,,,,,,,,,,,,,,57.950,0.01,57.950,0.05,,,,,,,,,,,,,,,,,57.950,0.01,,,,,,,,,,,,,,,,,,,,,,,,,,,,,,,,
,,,,,,,,58.000,0.01,,,,,,,,,,,,,,,,,58.000,-0.01,,,,,,,58.000,0.01,58.000,0.00,58.000,-0.01,,,,,,,,,,,,,,,58.000,-0.01,,,,,,,,,,,,,,,,,,,,,58.000,0.01,58.000,0.04,,,,,,,,,,,,,,,,,58.000,0.01,,,,,,,,,,,,,,,,,,,,,,,,,,,,,,,,
,,,,,,,,58.050,0.00,,,,,,,,,,,,,,,,,58.050,-0.01,,,,,,,58.050,0.01,58.050,0.00,58.050,0.00,,,,,,,,,,,,,,,58.050,-0.01,,,,,,,,,,,,,,,,,,,,,58.050,0.01,58.050,0.05,,,,,,,,,,,,,,,,,58.050,0.01,,,,,,,,,,,,,,,,,,,,,,,,,,,,,,,,
,,,,,,,,58.100,0.01,,,,,,,,,,,,,,,,,58.100,0.00,,,,,,,58.100,0.01,58.100,0.01,58.100,0.00,,,,,,,,,,,,,,,58.100,0.00,,,,,,,,,,,,,,,,,,,,,58.100,0.01,58.100,0.06,,,,,,,,,,,,,,,,,58.100,0.01,,,,,,,,,,,,,,,,,,,,,,,,,,,,,,,,
,,,,,,,,58.150,0.00,,,,,,,,,,,,,,,,,58.150,0.01,,,,,,,58.150,0.01,58.150,-0.01,58.150,0.00,,,,,,,,,,,,,,,58.150,0.00,,,,,,,,,,,,,,,,,,,,,58.150,0.01,58.150,0.05,,,,,,,,,,,,,,,,,58.150,0.01,,,,,,,,,,,,,,,,,,,,,,,,,,,,,,,,
,,,,,,,,58.200,0.00,,,,,,,,,,,,,,,,,58.200,0.01,,,,,,,58.200,0.01,58.200,0.00,58.200,0.00,,,,,,,,,,,,,,,58.200,0.01,,,,,,,,,,,,,,,,,,,,,58.200,0.01,58.200,0.05,,,,,,,,,,,,,,,,,58.200,0.02,,,,,,,,,,,,,,,,,,,,,,,,,,,,,,,,
,,,,,,,,58.250,0.00,,,,,,,,,,,,,,,,,58.250,0.01,,,,,,,58.250,0.01,58.250,0.00,58.250,0.01,,,,,,,,,,,,,,,58.250,0.01,,,,,,,,,,,,,,,,,,,,,58.250,0.00,58.250,0.06,,,,,,,,,,,,,,,,,58.250,0.01,,,,,,,,,,,,,,,,,,,,,,,,,,,,,,,,
,,,,,,,,58.300,0.00,,,,,,,,,,,,,,,,,58.300,0.00,,,,,,,58.300,0.00,58.300,0.00,58.300,0.00,,,,,,,,,,,,,,,58.300,-0.01,,,,,,,,,,,,,,,,,,,,,58.300,-0.01,58.300,0.06,,,,,,,,,,,,,,,,,58.300,0.02,,,,,,,,,,,,,,,,,,,,,,,,,,,,,,,,
,,,,,,,,58.350,-0.01,,,,,,,,,,,,,,,,,58.350,0.00,,,,,,,58.350,0.01,58.350,0.00,58.350,0.00,,,,,,,,,,,,,,,58.350,-0.01,,,,,,,,,,,,,,,,,,,,,58.350,0.01,58.350,0.09,,,,,,,,,,,,,,,,,58.350,0.00,,,,,,,,,,,,,,,,,,,,,,,,,,,,,,,,
,,,,,,,,58.400,-0.01,,,,,,,,,,,,,,,,,58.400,0.01,,,,,,,58.400,0.00,58.400,0.00,58.400,0.00,,,,,,,,,,,,,,,58.400,-0.01,,,,,,,,,,,,,,,,,,,,,58.400,0.01,58.400,0.41,,,,,,,,,,,,,,,,,58.400,-0.01,,,,,,,,,,,,,,,,,,,,,,,,,,,,,,,,
,,,,,,,,58.450,-0.01,,,,,,,,,,,,,,,,,58.450,0.01,,,,,,,58.450,0.01,58.450,0.00,58.450,0.00,,,,,,,,,,,,,,,58.450,-0.01,,,,,,,,,,,,,,,,,,,,,58.450,0.02,58.450,0.10,,,,,,,,,,,,,,,,,58.450,0.00,,,,,,,,,,,,,,,,,,,,,,,,,,,,,,,,
,,,,,,,,58.500,-0.01,,,,,,,,,,,,,,,,,58.500,0.01,,,,,,,58.500,0.01,58.500,0.00,58.500,0.00,,,,,,,,,,,,,,,58.500,0.00,,,,,,,,,,,,,,,,,,,,,58.500,0.04,58.500,0.05,,,,,,,,,,,,,,,,,58.500,0.01,,,,,,,,,,,,,,,,,,,,,,,,,,,,,,,,
,,,,,,,,58.550,-0.01,,,,,,,,,,,,,,,,,58.550,0.00,,,,,,,58.550,0.00,58.550,0.00,58.550,0.01,,,,,,,,,,,,,,,58.550,0.01,,,,,,,,,,,,,,,,,,,,,58.550,0.04,58.550,-0.01,,,,,,,,,,,,,,,,,58.550,0.01,,,,,,,,,,,,,,,,,,,,,,,,,,,,,,,,
,,,,,,,,58.600,-0.01,,,,,,,,,,,,,,,,,58.600,-0.01,,,,,,,58.600,-0.01,58.600,0.00,58.600,0.00,,,,,,,,,,,,,,,58.600,0.01,,,,,,,,,,,,,,,,,,,,,58.600,0.06,58.600,-0.01,,,,,,,,,,,,,,,,,58.600,0.01,,,,,,,,,,,,,,,,,,,,,,,,,,,,,,,,
,,,,,,,,58.650,-0.01,,,,,,,,,,,,,,,,,58.650,0.00,,,,,,,58.650,0.01,58.650,-0.01,58.650,0.01,,,,,,,,,,,,,,,58.650,0.00,,,,,,,,,,,,,,,,,,,,,58.650,0.06,58.650,-0.01,,,,,,,,,,,,,,,,,58.650,0.02,,,,,,,,,,,,,,,,,,,,,,,,,,,,,,,,
,,,,,,,,58.700,0.00,,,,,,,,,,,,,,,,,58.700,0.01,,,,,,,58.700,-0.01,58.700,0.00,58.700,0.01,,,,,,,,,,,,,,,58.700,0.01,,,,,,,,,,,,,,,,,,,,,58.700,0.06,58.700,-0.01,,,,,,,,,,,,,,,,,58.700,0.00,,,,,,,,,,,,,,,,,,,,,,,,,,,,,,,,
,,,,,,,,58.750,0.00,,,,,,,,,,,,,,,,,58.750,0.00,,,,,,,58.750,0.00,58.750,0.00,58.750,0.01,,,,,,,,,,,,,,,58.750,0.00,,,,,,,,,,,,,,,,,,,,,58.750,0.09,58.750,-0.01,,,,,,,,,,,,,,,,,58.750,0.02,,,,,,,,,,,,,,,,,,,,,,,,,,,,,,,,
,,,,,,,,58.800,0.00,,,,,,,,,,,,,,,,,58.800,0.01,,,,,,,58.800,0.01,58.800,0.00,58.800,0.00,,,,,,,,,,,,,,,58.800,0.01,,,,,,,,,,,,,,,,,,,,,58.800,0.17,58.800,-0.02,,,,,,,,,,,,,,,,,58.800,0.01,,,,,,,,,,,,,,,,,,,,,,,,,,,,,,,,
,,,,,,,,58.850,-0.01,,,,,,,,,,,,,,,,,58.850,0.00,,,,,,,58.850,0.00,58.850,0.01,58.850,0.00,,,,,,,,,,,,,,,58.850,0.01,,,,,,,,,,,,,,,,,,,,,58.850,0.72,58.850,-0.01,,,,,,,,,,,,,,,,,58.850,0.01,,,,,,,,,,,,,,,,,,,,,,,,,,,,,,,,
,,,,,,,,58.900,0.00,,,,,,,,,,,,,,,,,58.900,0.00,,,,,,,58.900,-0.01,58.900,0.00,58.900,0.00,,,,,,,,,,,,,,,58.900,0.00,,,,,,,,,,,,,,,,,,,,,58.900,0.07,58.900,-0.01,,,,,,,,,,,,,,,,,58.900,0.01,,,,,,,,,,,,,,,,,,,,,,,,,,,,,,,,
,,,,,,,,58.950,0.00,,,,,,,,,,,,,,,,,58.950,0.00,,,,,,,58.950,-0.01,58.950,0.00,58.950,-0.01,,,,,,,,,,,,,,,58.950,0.03,,,,,,,,,,,,,,,,,,,,,58.950,0.02,58.950,-0.01,,,,,,,,,,,,,,,,,58.950,0.01,,,,,,,,,,,,,,,,,,,,,,,,,,,,,,,,
,,,,,,,,59.000,0.01,,,,,,,,,,,,,,,,,59.000,0.00,,,,,,,59.000,0.00,59.000,0.00,59.000,-0.01,,,,,,,,,,,,,,,59.000,0.00,,,,,,,,,,,,,,,,,,,,,59.000,-0.02,59.000,-0.01,,,,,,,,,,,,,,,,,59.000,0.02,,,,,,,,,,,,,,,,,,,,,,,,,,,,,,,,
,,,,,,,,59.050,0.01,,,,,,,,,,,,,,,,,59.050,0.00,,,,,,,59.050,0.00,59.050,0.00,59.050,-0.01,,,,,,,,,,,,,,,59.050,0.00,,,,,,,,,,,,,,,,,,,,,59.050,-0.01,59.050,-0.01,,,,,,,,,,,,,,,,,59.050,0.03,,,,,,,,,,,,,,,,,,,,,,,,,,,,,,,,
,,,,,,,,59.100,0.01,,,,,,,,,,,,,,,,,59.100,0.00,,,,,,,59.100,-0.01,59.100,0.00,,,,,,,,,,,,,,,,,59.100,0.00,,,,,,,,,,,,,,,,,,,,,59.100,0.01,59.100,-0.01,,,,,,,,,,,,,,,,,59.100,0.03,,,,,,,,,,,,,,,,,,,,,,,,,,,,,,,,
,,,,,,,,59.150,0.02,,,,,,,,,,,,,,,,,59.150,0.00,,,,,,,59.150,-0.01,59.150,0.01,,,,,,,,,,,,,,,,,59.150,0.01,,,,,,,,,,,,,,,,,,,,,59.150,0.00,59.150,-0.02,,,,,,,,,,,,,,,,,59.150,0.03,,,,,,,,,,,,,,,,,,,,,,,,,,,,,,,,
,,,,,,,,59.200,0.01,,,,,,,,,,,,,,,,,59.200,-0.01,,,,,,,59.200,-0.01,59.200,0.01,,,,,,,,,,,,,,,,,59.200,0.00,,,,,,,,,,,,,,,,,,,,,59.200,-0.01,59.200,-0.02,,,,,,,,,,,,,,,,,59.200,0.04,,,,,,,,,,,,,,,,,,,,,,,,,,,,,,,,
,,,,,,,,59.250,0.01,,,,,,,,,,,,,,,,,59.250,0.00,,,,,,,59.250,-0.01,59.250,0.01,,,,,,,,,,,,,,,,,59.250,-0.01,,,,,,,,,,,,,,,,,,,,,59.250,-0.01,59.250,-0.02,,,,,,,,,,,,,,,,,59.250,0.03,,,,,,,,,,,,,,,,,,,,,,,,,,,,,,,,
,,,,,,,,59.300,0.02,,,,,,,,,,,,,,,,,59.300,0.00,,,,,,,59.300,0.00,59.300,0.01,,,,,,,,,,,,,,,,,59.300,0.00,,,,,,,,,,,,,,,,,,,,,59.300,-0.01,59.300,-0.01,,,,,,,,,,,,,,,,,59.300,0.03,,,,,,,,,,,,,,,,,,,,,,,,,,,,,,,,
,,,,,,,,59.350,0.01,,,,,,,,,,,,,,,,,59.350,0.01,,,,,,,59.350,0.00,59.350,0.02,,,,,,,,,,,,,,,,,59.350,0.00,,,,,,,,,,,,,,,,,,,,,59.350,-0.01,59.350,-0.02,,,,,,,,,,,,,,,,,59.350,0.04,,,,,,,,,,,,,,,,,,,,,,,,,,,,,,,,
,,,,,,,,59.400,0.03,,,,,,,,,,,,,,,,,59.400,0.00,,,,,,,59.400,-0.01,59.400,0.01,,,,,,,,,,,,,,,,,59.400,0.00,,,,,,,,,,,,,,,,,,,,,59.400,-0.01,59.400,-0.01,,,,,,,,,,,,,,,,,59.400,0.05,,,,,,,,,,,,,,,,,,,,,,,,,,,,,,,,
,,,,,,,,59.450,0.03,,,,,,,,,,,,,,,,,59.450,0.00,,,,,,,59.450,0.00,59.450,0.01,,,,,,,,,,,,,,,,,59.450,0.00,,,,,,,,,,,,,,,,,,,,,59.450,-0.02,59.450,0.00,,,,,,,,,,,,,,,,,59.450,0.05,,,,,,,,,,,,,,,,,,,,,,,,,,,,,,,,
,,,,,,,,59.500,0.03,,,,,,,,,,,,,,,,,59.500,0.01,,,,,,,59.500,0.00,59.500,0.02,,,,,,,,,,,,,,,,,59.500,0.00,,,,,,,,,,,,,,,,,,,,,59.500,-0.01,59.500,-0.01,,,,,,,,,,,,,,,,,59.500,0.05,,,,,,,,,,,,,,,,,,,,,,,,,,,,,,,,
,,,,,,,,59.550,0.04,,,,,,,,,,,,,,,,,59.550,0.01,,,,,,,59.550,-0.01,59.550,0.01,,,,,,,,,,,,,,,,,59.550,0.00,,,,,,,,,,,,,,,,,,,,,59.550,-0.02,59.550,-0.01,,,,,,,,,,,,,,,,,59.550,0.05,,,,,,,,,,,,,,,,,,,,,,,,,,,,,,,,
,,,,,,,,59.600,0.06,,,,,,,,,,,,,,,,,59.600,0.01,,,,,,,59.600,-0.01,59.600,0.00,,,,,,,,,,,,,,,,,59.600,0.00,,,,,,,,,,,,,,,,,,,,,59.600,-0.02,59.600,-0.01,,,,,,,,,,,,,,,,,59.600,0.06,,,,,,,,,,,,,,,,,,,,,,,,,,,,,,,,
,,,,,,,,59.650,0.21,,,,,,,,,,,,,,,,,59.650,0.01,,,,,,,59.650,-0.01,59.650,0.00,,,,,,,,,,,,,,,,,59.650,0.01,,,,,,,,,,,,,,,,,,,,,59.650,-0.01,59.650,-0.01,,,,,,,,,,,,,,,,,59.650,0.08,,,,,,,,,,,,,,,,,,,,,,,,,,,,,,,,
,,,,,,,,59.700,0.11,,,,,,,,,,,,,,,,,59.700,0.01,,,,,,,59.700,-0.01,59.700,0.00,,,,,,,,,,,,,,,,,59.700,-0.01,,,,,,,,,,,,,,,,,,,,,59.700,-0.01,59.700,-0.01,,,,,,,,,,,,,,,,,59.700,0.07,,,,,,,,,,,,,,,,,,,,,,,,,,,,,,,,
,,,,,,,,59.750,0.10,,,,,,,,,,,,,,,,,59.750,0.01,,,,,,,59.750,-0.01,59.750,0.01,,,,,,,,,,,,,,,,,59.750,0.00,,,,,,,,,,,,,,,,,,,,,59.750,-0.01,59.750,-0.01,,,,,,,,,,,,,,,,,59.750,0.11,,,,,,,,,,,,,,,,,,,,,,,,,,,,,,,,
,,,,,,,,59.800,0.00,,,,,,,,,,,,,,,,,59.800,0.00,,,,,,,59.800,-0.01,59.800,0.00,,,,,,,,,,,,,,,,,59.800,0.00,,,,,,,,,,,,,,,,,,,,,59.800,-0.01,59.800,-0.01,,,,,,,,,,,,,,,,,59.800,0.18,,,,,,,,,,,,,,,,,,,,,,,,,,,,,,,,
,,,,,,,,59.850,-0.01,,,,,,,,,,,,,,,,,59.850,0.02,,,,,,,59.850,-0.01,59.850,0.00,,,,,,,,,,,,,,,,,59.850,0.00,,,,,,,,,,,,,,,,,,,,,59.850,-0.02,59.850,0.00,,,,,,,,,,,,,,,,,59.850,0.40,,,,,,,,,,,,,,,,,,,,,,,,,,,,,,,,
,,,,,,,,59.900,0.00,,,,,,,,,,,,,,,,,59.900,0.01,,,,,,,59.900,-0.01,59.900,0.00,,,,,,,,,,,,,,,,,59.900,0.00,,,,,,,,,,,,,,,,,,,,,59.900,-0.02,59.900,-0.01,,,,,,,,,,,,,,,,,59.900,0.73,,,,,,,,,,,,,,,,,,,,,,,,,,,,,,,,
,,,,,,,,59.950,0.00,,,,,,,,,,,,,,,,,59.950,0.02,,,,,,,59.950,-0.01,59.950,0.00,,,,,,,,,,,,,,,,,59.950,0.00,,,,,,,,,,,,,,,,,,,,,59.950,-0.02,59.950,-0.01,,,,,,,,,,,,,,,,,59.950,0.91,,,,,,,,,,,,,,,,,,,,,,,,,,,,,,,,
,,,,,,,,60.000,-0.01,,,,,,,,,,,,,,,,,60.000,0.02,,,,,,,60.000,0.00,60.000,0.00,,,,,,,,,,,,,,,,,60.000,0.01,,,,,,,,,,,,,,,,,,,,,60.000,-0.01,60.000,-0.01,,,,,,,,,,,,,,,,,60.000,0.37,,,,,,,,,,,,,,,,,,,,,,,,,,,,,,,,
,,,,,,,,60.050,-0.01,,,,,,,,,,,,,,,,,60.050,0.02,,,,,,,60.050,0.00,60.050,0.01,,,,,,,,,,,,,,,,,60.050,0.01,,,,,,,,,,,,,,,,,,,,,60.050,-0.02,60.050,-0.02,,,,,,,,,,,,,,,,,60.050,0.08,,,,,,,,,,,,,,,,,,,,,,,,,,,,,,,,
,,,,,,,,60.100,-0.01,,,,,,,,,,,,,,,,,60.100,0.01,,,,,,,60.100,-0.02,60.100,0.00,,,,,,,,,,,,,,,,,60.100,0.01,,,,,,,,,,,,,,,,,,,,,60.100,-0.01,60.100,-0.01,,,,,,,,,,,,,,,,,60.100,0.04,,,,,,,,,,,,,,,,,,,,,,,,,,,,,,,,
,,,,,,,,60.150,-0.01,,,,,,,,,,,,,,,,,60.150,0.03,,,,,,,60.150,-0.01,60.150,0.00,,,,,,,,,,,,,,,,,60.150,0.01,,,,,,,,,,,,,,,,,,,,,60.150,-0.01,60.150,-0.02,,,,,,,,,,,,,,,,,60.150,-0.01,,,,,,,,,,,,,,,,,,,,,,,,,,,,,,,,
,,,,,,,,60.200,-0.01,,,,,,,,,,,,,,,,,60.200,0.04,,,,,,,60.200,-0.01,60.200,-0.01,,,,,,,,,,,,,,,,,60.200,0.01,,,,,,,,,,,,,,,,,,,,,60.200,-0.01,60.200,-0.02,,,,,,,,,,,,,,,,,60.200,0.00,,,,,,,,,,,,,,,,,,,,,,,,,,,,,,,,
,,,,,,,,60.250,-0.01,,,,,,,,,,,,,,,,,60.250,0.03,,,,,,,60.250,0.00,60.250,0.00,,,,,,,,,,,,,,,,,60.250,0.02,,,,,,,,,,,,,,,,,,,,,60.250,-0.02,60.250,-0.02,,,,,,,,,,,,,,,,,60.250,0.01,,,,,,,,,,,,,,,,,,,,,,,,,,,,,,,,
,,,,,,,,60.300,-0.01,,,,,,,,,,,,,,,,,60.300,0.05,,,,,,,60.300,-0.01,60.300,0.01,,,,,,,,,,,,,,,,,60.300,0.02,,,,,,,,,,,,,,,,,,,,,60.300,-0.02,60.300,-0.02,,,,,,,,,,,,,,,,,60.300,0.01,,,,,,,,,,,,,,,,,,,,,,,,,,,,,,,,
,,,,,,,,60.350,-0.02,,,,,,,,,,,,,,,,,60.350,0.04,,,,,,,60.350,0.00,60.350,0.01,,,,,,,,,,,,,,,,,60.350,0.02,,,,,,,,,,,,,,,,,,,,,60.350,-0.01,60.350,-0.01,,,,,,,,,,,,,,,,,60.350,0.01,,,,,,,,,,,,,,,,,,,,,,,,,,,,,,,,
,,,,,,,,60.400,-0.01,,,,,,,,,,,,,,,,,60.400,0.04,,,,,,,60.400,-0.01,60.400,-0.01,,,,,,,,,,,,,,,,,60.400,0.02,,,,,,,,,,,,,,,,,,,,,60.400,-0.01,60.400,-0.02,,,,,,,,,,,,,,,,,60.400,0.00,,,,,,,,,,,,,,,,,,,,,,,,,,,,,,,,
,,,,,,,,60.450,-0.02,,,,,,,,,,,,,,,,,60.450,0.06,,,,,,,60.450,-0.01,60.450,0.00,,,,,,,,,,,,,,,,,60.450,0.01,,,,,,,,,,,,,,,,,,,,,60.450,-0.02,60.450,-0.01,,,,,,,,,,,,,,,,,60.450,0.00,,,,,,,,,,,,,,,,,,,,,,,,,,,,,,,,
,,,,,,,,60.500,-0.01,,,,,,,,,,,,,,,,,60.500,0.06,,,,,,,60.500,0.00,60.500,0.00,,,,,,,,,,,,,,,,,60.500,0.01,,,,,,,,,,,,,,,,,,,,,60.500,-0.01,60.500,-0.01,,,,,,,,,,,,,,,,,60.500,0.00,,,,,,,,,,,,,,,,,,,,,,,,,,,,,,,,
,,,,,,,,60.550,0.00,,,,,,,,,,,,,,,,,60.550,0.06,,,,,,,60.550,-0.01,60.550,0.01,,,,,,,,,,,,,,,,,60.550,0.03,,,,,,,,,,,,,,,,,,,,,60.550,-0.02,60.550,0.00,,,,,,,,,,,,,,,,,60.550,0.01,,,,,,,,,,,,,,,,,,,,,,,,,,,,,,,,
,,,,,,,,60.600,-0.02,,,,,,,,,,,,,,,,,60.600,0.07,,,,,,,60.600,0.00,60.600,0.01,,,,,,,,,,,,,,,,,60.600,0.03,,,,,,,,,,,,,,,,,,,,,60.600,-0.01,60.600,-0.01,,,,,,,,,,,,,,,,,60.600,0.01,,,,,,,,,,,,,,,,,,,,,,,,,,,,,,,,
,,,,,,,,60.650,-0.01,,,,,,,,,,,,,,,,,60.650,0.07,,,,,,,60.650,0.00,60.650,0.01,,,,,,,,,,,,,,,,,60.650,0.03,,,,,,,,,,,,,,,,,,,,,60.650,-0.01,60.650,-0.01,,,,,,,,,,,,,,,,,60.650,0.01,,,,,,,,,,,,,,,,,,,,,,,,,,,,,,,,
,,,,,,,,60.700,-0.02,,,,,,,,,,,,,,,,,60.700,0.10,,,,,,,60.700,0.01,60.700,0.01,,,,,,,,,,,,,,,,,60.700,0.05,,,,,,,,,,,,,,,,,,,,,60.700,-0.02,60.700,-0.01,,,,,,,,,,,,,,,,,60.700,0.00,,,,,,,,,,,,,,,,,,,,,,,,,,,,,,,,
,,,,,,,,60.750,-0.03,,,,,,,,,,,,,,,,,60.750,0.14,,,,,,,60.750,0.00,60.750,0.01,,,,,,,,,,,,,,,,,60.750,0.08,,,,,,,,,,,,,,,,,,,,,60.750,-0.02,60.750,-0.01,,,,,,,,,,,,,,,,,60.750,0.00,,,,,,,,,,,,,,,,,,,,,,,,,,,,,,,,
,,,,,,,,60.800,-0.01,,,,,,,,,,,,,,,,,60.800,0.61,,,,,,,60.800,-0.02,60.800,0.00,,,,,,,,,,,,,,,,,60.800,0.22,,,,,,,,,,,,,,,,,,,,,60.800,-0.01,60.800,-0.01,,,,,,,,,,,,,,,,,60.800,-0.01,,,,,,,,,,,,,,,,,,,,,,,,,,,,,,,,
,,,,,,,,60.850,-0.02,,,,,,,,,,,,,,,,,60.850,0.07,,,,,,,60.850,0.00,60.850,0.00,,,,,,,,,,,,,,,,,60.850,1.35,,,,,,,,,,,,,,,,,,,,,60.850,-0.01,60.850,-0.01,,,,,,,,,,,,,,,,,60.850,-0.01,,,,,,,,,,,,,,,,,,,,,,,,,,,,,,,,
,,,,,,,,60.900,-0.01,,,,,,,,,,,,,,,,,60.900,0.03,,,,,,,60.900,0.00,60.900,0.00,,,,,,,,,,,,,,,,,60.900,0.14,,,,,,,,,,,,,,,,,,,,,60.900,-0.01,60.900,-0.01,,,,,,,,,,,,,,,,,60.900,0.00,,,,,,,,,,,,,,,,,,,,,,,,,,,,,,,,
,,,,,,,,60.950,-0.01,,,,,,,,,,,,,,,,,60.950,-0.01,,,,,,,60.950,-0.01,60.950,0.00,,,,,,,,,,,,,,,,,60.950,0.06,,,,,,,,,,,,,,,,,,,,,60.950,-0.02,60.950,-0.02,,,,,,,,,,,,,,,,,60.950,0.00,,,,,,,,,,,,,,,,,,,,,,,,,,,,,,,,
,,,,,,,,61.000,-0.01,,,,,,,,,,,,,,,,,61.000,-0.02,,,,,,,61.000,-0.01,61.000,0.01,,,,,,,,,,,,,,,,,61.000,-0.01,,,,,,,,,,,,,,,,,,,,,61.000,-0.02,61.000,-0.02,,,,,,,,,,,,,,,,,61.000,0.00,,,,,,,,,,,,,,,,,,,,,,,,,,,,,,,,
,,,,,,,,61.050,-0.01,,,,,,,,,,,,,,,,,61.050,-0.01,,,,,,,61.050,0.00,61.050,0.00,,,,,,,,,,,,,,,,,61.050,0.00,,,,,,,,,,,,,,,,,,,,,61.050,-0.01,61.050,-0.01,,,,,,,,,,,,,,,,,61.050,0.00,,,,,,,,,,,,,,,,,,,,,,,,,,,,,,,,
,,,,,,,,61.100,-0.02,,,,,,,,,,,,,,,,,61.100,-0.01,,,,,,,61.100,-0.01,61.100,-0.01,,,,,,,,,,,,,,,,,61.100,0.00,,,,,,,,,,,,,,,,,,,,,61.100,-0.01,61.100,-0.01,,,,,,,,,,,,,,,,,61.100,-0.01,,,,,,,,,,,,,,,,,,,,,,,,,,,,,,,,
,,,,,,,,61.150,-0.01,,,,,,,,,,,,,,,,,61.150,0.00,,,,,,,61.150,-0.01,61.150,0.01,,,,,,,,,,,,,,,,,61.150,0.01,,,,,,,,,,,,,,,,,,,,,61.150,-0.01,61.150,0.00,,,,,,,,,,,,,,,,,61.150,0.00,,,,,,,,,,,,,,,,,,,,,,,,,,,,,,,,
,,,,,,,,61.200,-0.01,,,,,,,,,,,,,,,,,61.200,-0.02,,,,,,,61.200,0.00,61.200,-0.01,,,,,,,,,,,,,,,,,61.200,0.00,,,,,,,,,,,,,,,,,,,,,61.200,-0.01,61.200,-0.01,,,,,,,,,,,,,,,,,61.200,0.00,,,,,,,,,,,,,,,,,,,,,,,,,,,,,,,,
,,,,,,,,61.250,0.00,,,,,,,,,,,,,,,,,61.250,-0.01,,,,,,,61.250,-0.01,61.250,-0.01,,,,,,,,,,,,,,,,,61.250,0.01,,,,,,,,,,,,,,,,,,,,,61.250,-0.02,61.250,-0.01,,,,,,,,,,,,,,,,,61.250,0.01,,,,,,,,,,,,,,,,,,,,,,,,,,,,,,,,
,,,,,,,,61.300,0.00,,,,,,,,,,,,,,,,,61.300,-0.01,,,,,,,61.300,-0.01,61.300,-0.01,,,,,,,,,,,,,,,,,61.300,0.01,,,,,,,,,,,,,,,,,,,,,61.300,-0.01,61.300,-0.01,,,,,,,,,,,,,,,,,61.300,0.00,,,,,,,,,,,,,,,,,,,,,,,,,,,,,,,,
,,,,,,,,61.350,-0.01,,,,,,,,,,,,,,,,,61.350,-0.01,,,,,,,61.350,0.00,61.350,0.01,,,,,,,,,,,,,,,,,61.350,0.01,,,,,,,,,,,,,,,,,,,,,61.350,-0.01,61.350,-0.01,,,,,,,,,,,,,,,,,61.350,0.00,,,,,,,,,,,,,,,,,,,,,,,,,,,,,,,,
,,,,,,,,61.400,-0.02,,,,,,,,,,,,,,,,,61.400,-0.02,,,,,,,61.400,-0.01,61.400,0.00,,,,,,,,,,,,,,,,,61.400,0.01,,,,,,,,,,,,,,,,,,,,,61.400,0.00,61.400,-0.02,,,,,,,,,,,,,,,,,61.400,-0.01,,,,,,,,,,,,,,,,,,,,,,,,,,,,,,,,
,,,,,,,,61.450,-0.02,,,,,,,,,,,,,,,,,61.450,-0.01,,,,,,,61.450,0.00,61.450,-0.01,,,,,,,,,,,,,,,,,61.450,0.02,,,,,,,,,,,,,,,,,,,,,61.450,0.00,61.450,-0.01,,,,,,,,,,,,,,,,,61.450,-0.01,,,,,,,,,,,,,,,,,,,,,,,,,,,,,,,,
,,,,,,,,61.500,-0.02,,,,,,,,,,,,,,,,,61.500,-0.01,,,,,,,61.500,0.00,61.500,0.00,,,,,,,,,,,,,,,,,61.500,0.00,,,,,,,,,,,,,,,,,,,,,61.500,0.00,61.500,-0.02,,,,,,,,,,,,,,,,,61.500,0.00,,,,,,,,,,,,,,,,,,,,,,,,,,,,,,,,
,,,,,,,,61.550,-0.02,,,,,,,,,,,,,,,,,61.550,-0.01,,,,,,,61.550,0.00,61.550,-0.02,,,,,,,,,,,,,,,,,61.550,0.01,,,,,,,,,,,,,,,,,,,,,61.550,0.00,61.550,-0.02,,,,,,,,,,,,,,,,,61.550,0.00,,,,,,,,,,,,,,,,,,,,,,,,,,,,,,,,
,,,,,,,,61.600,-0.02,,,,,,,,,,,,,,,,,61.600,-0.01,,,,,,,61.600,0.00,61.600,-0.01,,,,,,,,,,,,,,,,,61.600,0.00,,,,,,,,,,,,,,,,,,,,,61.600,0.00,61.600,-0.02,,,,,,,,,,,,,,,,,61.600,0.00,,,,,,,,,,,,,,,,,,,,,,,,,,,,,,,,
,,,,,,,,61.650,-0.04,,,,,,,,,,,,,,,,,61.650,-0.01,,,,,,,61.650,0.01,61.650,0.00,,,,,,,,,,,,,,,,,61.650,0.00,,,,,,,,,,,,,,,,,,,,,61.650,0.00,61.650,-0.02,,,,,,,,,,,,,,,,,61.650,0.00,,,,,,,,,,,,,,,,,,,,,,,,,,,,,,,,
,,,,,,,,61.700,-0.02,,,,,,,,,,,,,,,,,61.700,-0.01,,,,,,,61.700,0.01,61.700,0.00,,,,,,,,,,,,,,,,,61.700,0.01,,,,,,,,,,,,,,,,,,,,,61.700,-0.01,61.700,-0.02,,,,,,,,,,,,,,,,,61.700,0.00,,,,,,,,,,,,,,,,,,,,,,,,,,,,,,,,
,,,,,,,,61.750,-0.02,,,,,,,,,,,,,,,,,61.750,-0.01,,,,,,,61.750,0.00,61.750,0.01,,,,,,,,,,,,,,,,,61.750,0.01,,,,,,,,,,,,,,,,,,,,,61.750,-0.01,61.750,-0.02,,,,,,,,,,,,,,,,,61.750,0.00,,,,,,,,,,,,,,,,,,,,,,,,,,,,,,,,
,,,,,,,,61.800,-0.02,,,,,,,,,,,,,,,,,61.800,-0.01,,,,,,,61.800,0.01,61.800,0.01,,,,,,,,,,,,,,,,,61.800,0.01,,,,,,,,,,,,,,,,,,,,,61.800,-0.01,61.800,-0.01,,,,,,,,,,,,,,,,,61.800,0.00,,,,,,,,,,,,,,,,,,,,,,,,,,,,,,,,
,,,,,,,,61.850,-0.01,,,,,,,,,,,,,,,,,61.850,-0.02,,,,,,,61.850,0.01,61.850,0.02,,,,,,,,,,,,,,,,,61.850,0.02,,,,,,,,,,,,,,,,,,,,,61.850,-0.02,61.850,-0.01,,,,,,,,,,,,,,,,,61.850,-0.01,,,,,,,,,,,,,,,,,,,,,,,,,,,,,,,,
,,,,,,,,61.900,-0.02,,,,,,,,,,,,,,,,,61.900,-0.01,,,,,,,61.900,0.00,61.900,0.01,,,,,,,,,,,,,,,,,61.900,0.01,,,,,,,,,,,,,,,,,,,,,61.900,-0.02,61.900,0.00,,,,,,,,,,,,,,,,,61.900,0.00,,,,,,,,,,,,,,,,,,,,,,,,,,,,,,,,
,,,,,,,,61.950,-0.02,,,,,,,,,,,,,,,,,61.950,-0.01,,,,,,,61.950,0.00,61.950,0.01,,,,,,,,,,,,,,,,,61.950,0.02,,,,,,,,,,,,,,,,,,,,,61.950,-0.01,61.950,-0.01,,,,,,,,,,,,,,,,,61.950,0.01,,,,,,,,,,,,,,,,,,,,,,,,,,,,,,,,
,,,,,,,,62.000,-0.01,,,,,,,,,,,,,,,,,62.000,0.00,,,,,,,62.000,0.00,62.000,0.02,,,,,,,,,,,,,,,,,62.000,0.01,,,,,,,,,,,,,,,,,,,,,62.000,0.00,,,,,,,,,,,,,,,,,,,62.000,0.01,,,,,,,,,,,,,,,,,,,,,,,,,,,,,,,,
,,,,,,,,62.050,-0.02,,,,,,,,,,,,,,,,,62.050,0.00,,,,,,,62.050,-0.01,62.050,0.02,,,,,,,,,,,,,,,,,62.050,0.01,,,,,,,,,,,,,,,,,,,,,62.050,-0.01,,,,,,,,,,,,,,,,,,,62.050,0.01,,,,,,,,,,,,,,,,,,,,,,,,,,,,,,,,
,,,,,,,,62.100,-0.02,,,,,,,,,,,,,,,,,62.100,0.00,,,,,,,62.100,-0.01,62.100,0.02,,,,,,,,,,,,,,,,,62.100,0.01,,,,,,,,,,,,,,,,,,,,,62.100,-0.01,,,,,,,,,,,,,,,,,,,62.100,0.00,,,,,,,,,,,,,,,,,,,,,,,,,,,,,,,,
,,,,,,,,62.150,-0.02,,,,,,,,,,,,,,,,,62.150,-0.01,,,,,,,62.150,0.01,62.150,0.02,,,,,,,,,,,,,,,,,62.150,0.01,,,,,,,,,,,,,,,,,,,,,62.150,0.00,,,,,,,,,,,,,,,,,,,62.150,-0.01,,,,,,,,,,,,,,,,,,,,,,,,,,,,,,,,
,,,,,,,,62.200,-0.01,,,,,,,,,,,,,,,,,62.200,-0.02,,,,,,,62.200,0.00,62.200,0.00,,,,,,,,,,,,,,,,,62.200,0.02,,,,,,,,,,,,,,,,,,,,,62.200,-0.01,,,,,,,,,,,,,,,,,,,62.200,0.00,,,,,,,,,,,,,,,,,,,,,,,,,,,,,,,,
,,,,,,,,62.250,-0.02,,,,,,,,,,,,,,,,,62.250,-0.02,,,,,,,62.250,0.00,62.250,0.00,,,,,,,,,,,,,,,,,62.250,0.01,,,,,,,,,,,,,,,,,,,,,62.250,-0.01,,,,,,,,,,,,,,,,,,,62.250,0.00,,,,,,,,,,,,,,,,,,,,,,,,,,,,,,,,
,,,,,,,,62.300,-0.01,,,,,,,,,,,,,,,,,62.300,-0.02,,,,,,,62.300,0.01,62.300,0.00,,,,,,,,,,,,,,,,,62.300,0.01,,,,,,,,,,,,,,,,,,,,,62.300,-0.01,,,,,,,,,,,,,,,,,,,62.300,0.00,,,,,,,,,,,,,,,,,,,,,,,,,,,,,,,,
,,,,,,,,62.350,-0.02,,,,,,,,,,,,,,,,,62.350,-0.01,,,,,,,62.350,0.01,62.350,0.01,,,,,,,,,,,,,,,,,62.350,0.01,,,,,,,,,,,,,,,,,,,,,62.350,-0.01,,,,,,,,,,,,,,,,,,,62.350,-0.01,,,,,,,,,,,,,,,,,,,,,,,,,,,,,,,,
,,,,,,,,62.400,-0.02,,,,,,,,,,,,,,,,,62.400,-0.01,,,,,,,62.400,0.01,62.400,0.00,,,,,,,,,,,,,,,,,62.400,0.01,,,,,,,,,,,,,,,,,,,,,62.400,-0.01,,,,,,,,,,,,,,,,,,,62.400,-0.01,,,,,,,,,,,,,,,,,,,,,,,,,,,,,,,,
,,,,,,,,62.450,-0.01,,,,,,,,,,,,,,,,,62.450,-0.02,,,,,,,62.450,0.00,62.450,0.01,,,,,,,,,,,,,,,,,62.450,0.01,,,,,,,,,,,,,,,,,,,,,62.450,-0.02,,,,,,,,,,,,,,,,,,,62.450,0.00,,,,,,,,,,,,,,,,,,,,,,,,,,,,,,,,
,,,,,,,,62.500,-0.01,,,,,,,,,,,,,,,,,62.500,0.00,,,,,,,62.500,0.00,62.500,0.01,,,,,,,,,,,,,,,,,62.500,0.00,,,,,,,,,,,,,,,,,,,,,62.500,-0.01,,,,,,,,,,,,,,,,,,,62.500,0.00,,,,,,,,,,,,,,,,,,,,,,,,,,,,,,,,
,,,,,,,,62.550,-0.01,,,,,,,,,,,,,,,,,62.550,-0.01,,,,,,,62.550,0.01,62.550,0.00,,,,,,,,,,,,,,,,,62.550,0.01,,,,,,,,,,,,,,,,,,,,,62.550,-0.01,,,,,,,,,,,,,,,,,,,62.550,0.00,,,,,,,,,,,,,,,,,,,,,,,,,,,,,,,,
,,,,,,,,62.600,-0.01,,,,,,,,,,,,,,,,,62.600,-0.01,,,,,,,62.600,0.01,62.600,0.01,,,,,,,,,,,,,,,,,62.600,0.00,,,,,,,,,,,,,,,,,,,,,62.600,-0.01,,,,,,,,,,,,,,,,,,,62.600,0.01,,,,,,,,,,,,,,,,,,,,,,,,,,,,,,,,
,,,,,,,,62.650,-0.01,,,,,,,,,,,,,,,,,62.650,-0.02,,,,,,,62.650,0.01,62.650,0.01,,,,,,,,,,,,,,,,,62.650,0.01,,,,,,,,,,,,,,,,,,,,,62.650,-0.01,,,,,,,,,,,,,,,,,,,62.650,0.00,,,,,,,,,,,,,,,,,,,,,,,,,,,,,,,,
,,,,,,,,62.700,-0.01,,,,,,,,,,,,,,,,,62.700,-0.01,,,,,,,62.700,0.01,62.700,0.01,,,,,,,,,,,,,,,,,62.700,0.01,,,,,,,,,,,,,,,,,,,,,62.700,0.00,,,,,,,,,,,,,,,,,,,62.700,0.00,,,,,,,,,,,,,,,,,,,,,,,,,,,,,,,,
,,,,,,,,62.750,-0.01,,,,,,,,,,,,,,,,,62.750,-0.01,,,,,,,62.750,0.00,62.750,0.00,,,,,,,,,,,,,,,,,62.750,0.01,,,,,,,,,,,,,,,,,,,,,62.750,0.00,,,,,,,,,,,,,,,,,,,62.750,0.00,,,,,,,,,,,,,,,,,,,,,,,,,,,,,,,,
,,,,,,,,62.800,-0.01,,,,,,,,,,,,,,,,,62.800,-0.02,,,,,,,62.800,0.01,62.800,0.00,,,,,,,,,,,,,,,,,62.800,0.02,,,,,,,,,,,,,,,,,,,,,62.800,0.00,,,,,,,,,,,,,,,,,,,62.800,0.00,,,,,,,,,,,,,,,,,,,,,,,,,,,,,,,,
,,,,,,,,62.850,-0.01,,,,,,,,,,,,,,,,,62.850,-0.01,,,,,,,62.850,0.00,62.850,0.00,,,,,,,,,,,,,,,,,62.850,0.01,,,,,,,,,,,,,,,,,,,,,62.850,0.00,,,,,,,,,,,,,,,,,,,62.850,0.00,,,,,,,,,,,,,,,,,,,,,,,,,,,,,,,,
,,,,,,,,62.900,-0.01,,,,,,,,,,,,,,,,,62.900,-0.02,,,,,,,62.900,0.00,62.900,0.01,,,,,,,,,,,,,,,,,62.900,0.02,,,,,,,,,,,,,,,,,,,,,62.900,0.01,,,,,,,,,,,,,,,,,,,62.900,0.01,,,,,,,,,,,,,,,,,,,,,,,,,,,,,,,,
,,,,,,,,62.950,-0.01,,,,,,,,,,,,,,,,,62.950,-0.01,,,,,,,62.950,0.00,62.950,0.01,,,,,,,,,,,,,,,,,62.950,0.01,,,,,,,,,,,,,,,,,,,,,62.950,0.00,,,,,,,,,,,,,,,,,,,62.950,0.00,,,,,,,,,,,,,,,,,,,,,,,,,,,,,,,,
,,,,,,,,63.000,-0.01,,,,,,,,,,,,,,,,,63.000,-0.01,,,,,,,63.000,0.00,63.000,0.01,,,,,,,,,,,,,,,,,63.000,0.01,,,,,,,,,,,,,,,,,,,,,63.000,0.00,,,,,,,,,,,,,,,,,,,63.000,0.00,,,,,,,,,,,,,,,,,,,,,,,,,,,,,,,,
,,,,,,,,63.050,0.00,,,,,,,,,,,,,,,,,63.050,-0.02,,,,,,,63.050,0.01,63.050,0.00,,,,,,,,,,,,,,,,,63.050,0.01,,,,,,,,,,,,,,,,,,,,,63.050,0.00,,,,,,,,,,,,,,,,,,,63.050,0.00,,,,,,,,,,,,,,,,,,,,,,,,,,,,,,,,
,,,,,,,,63.100,-0.02,,,,,,,,,,,,,,,,,63.100,-0.02,,,,,,,63.100,0.00,63.100,0.00,,,,,,,,,,,,,,,,,63.100,0.01,,,,,,,,,,,,,,,,,,,,,63.100,0.00,,,,,,,,,,,,,,,,,,,63.100,0.00,,,,,,,,,,,,,,,,,,,,,,,,,,,,,,,,
,,,,,,,,63.150,-0.01,,,,,,,,,,,,,,,,,63.150,-0.02,,,,,,,63.150,0.01,63.150,0.01,,,,,,,,,,,,,,,,,63.150,0.01,,,,,,,,,,,,,,,,,,,,,63.150,0.00,,,,,,,,,,,,,,,,,,,63.150,0.00,,,,,,,,,,,,,,,,,,,,,,,,,,,,,,,,
,,,,,,,,63.200,-0.02,,,,,,,,,,,,,,,,,63.200,-0.02,,,,,,,63.200,-0.01,63.200,0.01,,,,,,,,,,,,,,,,,63.200,0.00,,,,,,,,,,,,,,,,,,,,,63.200,0.00,,,,,,,,,,,,,,,,,,,63.200,0.01,,,,,,,,,,,,,,,,,,,,,,,,,,,,,,,,
,,,,,,,,63.250,-0.02,,,,,,,,,,,,,,,,,63.250,-0.01,,,,,,,63.250,-0.01,63.250,0.01,,,,,,,,,,,,,,,,,63.250,0.01,,,,,,,,,,,,,,,,,,,,,63.250,0.00,,,,,,,,,,,,,,,,,,,63.250,0.00,,,,,,,,,,,,,,,,,,,,,,,,,,,,,,,,
,,,,,,,,63.300,-0.02,,,,,,,,,,,,,,,,,63.300,-0.01,,,,,,,63.300,0.00,63.300,0.01,,,,,,,,,,,,,,,,,,,,,,,,,,,,,,,,,,,,,,,63.300,0.00,,,,,,,,,,,,,,,,,,,63.300,0.01,,,,,,,,,,,,,,,,,,,,,,,,,,,,,,,,
,,,,,,,,63.350,-0.02,,,,,,,,,,,,,,,,,63.350,0.00,,,,,,,63.350,0.01,63.350,0.01,,,,,,,,,,,,,,,,,,,,,,,,,,,,,,,,,,,,,,,63.350,0.00,,,,,,,,,,,,,,,,,,,63.350,-0.01,,,,,,,,,,,,,,,,,,,,,,,,,,,,,,,,
,,,,,,,,63.400,-0.02,,,,,,,,,,,,,,,,,63.400,-0.01,,,,,,,63.400,0.00,63.400,0.01,,,,,,,,,,,,,,,,,,,,,,,,,,,,,,,,,,,,,,,63.400,0.02,,,,,,,,,,,,,,,,,,,63.400,0.00,,,,,,,,,,,,,,,,,,,,,,,,,,,,,,,,
,,,,,,,,63.450,-0.01,,,,,,,,,,,,,,,,,63.450,0.00,,,,,,,63.450,0.00,63.450,0.01,,,,,,,,,,,,,,,,,,,,,,,,,,,,,,,,,,,,,,,63.450,0.03,,,,,,,,,,,,,,,,,,,63.450,0.01,,,,,,,,,,,,,,,,,,,,,,,,,,,,,,,,
,,,,,,,,63.500,0.00,,,,,,,,,,,,,,,,,63.500,-0.01,,,,,,,63.500,0.00,,,,,,,,,,,,,,,,,,,,,,,,,,,,,,,,,,,,,,,,,63.500,0.04,,,,,,,,,,,,,,,,,,,63.500,0.00,,,,,,,,,,,,,,,,,,,,,,,,,,,,,,,,
,,,,,,,,63.550,-0.01,,,,,,,,,,,,,,,,,63.550,-0.01,,,,,,,63.550,0.00,,,,,,,,,,,,,,,,,,,,,,,,,,,,,,,,,,,,,,,,,63.550,0.10,,,,,,,,,,,,,,,,,,,63.550,0.00,,,,,,,,,,,,,,,,,,,,,,,,,,,,,,,,
,,,,,,,,63.600,0.00,,,,,,,,,,,,,,,,,63.600,0.00,,,,,,,63.600,0.01,,,,,,,,,,,,,,,,,,,,,,,,,,,,,,,,,,,,,,,,,63.600,0.46,,,,,,,,,,,,,,,,,,,63.600,0.01,,,,,,,,,,,,,,,,,,,,,,,,,,,,,,,,
,,,,,,,,63.650,0.00,,,,,,,,,,,,,,,,,63.650,0.00,,,,,,,63.650,0.00,,,,,,,,,,,,,,,,,,,,,,,,,,,,,,,,,,,,,,,,,63.650,0.07,,,,,,,,,,,,,,,,,,,63.650,0.01,,,,,,,,,,,,,,,,,,,,,,,,,,,,,,,,
,,,,,,,,63.700,-0.01,,,,,,,,,,,,,,,,,63.700,0.00,,,,,,,63.700,0.00,,,,,,,,,,,,,,,,,,,,,,,,,,,,,,,,,,,,,,,,,63.700,-0.01,,,,,,,,,,,,,,,,,,,63.700,-0.02,,,,,,,,,,,,,,,,,,,,,,,,,,,,,,,,
,,,,,,,,63.750,-0.01,,,,,,,,,,,,,,,,,63.750,-0.01,,,,,,,63.750,0.00,,,,,,,,,,,,,,,,,,,,,,,,,,,,,,,,,,,,,,,,,63.750,-0.03,,,,,,,,,,,,,,,,,,,63.750,0.02,,,,,,,,,,,,,,,,,,,,,,,,,,,,,,,,
,,,,,,,,63.800,0.00,,,,,,,,,,,,,,,,,63.800,-0.01,,,,,,,63.800,0.01,,,,,,,,,,,,,,,,,,,,,,,,,,,,,,,,,,,,,,,,,63.800,-0.03,,,,,,,,,,,,,,,,,,,63.800,0.00,,,,,,,,,,,,,,,,,,,,,,,,,,,,,,,,
,,,,,,,,63.850,0.01,,,,,,,,,,,,,,,,,63.850,0.00,,,,,,,63.850,0.00,,,,,,,,,,,,,,,,,,,,,,,,,,,,,,,,,,,,,,,,,63.850,-0.03,,,,,,,,,,,,,,,,,,,63.850,0.01,,,,,,,,,,,,,,,,,,,,,,,,,,,,,,,,
,,,,,,,,63.900,0.00,,,,,,,,,,,,,,,,,63.900,-0.02,,,,,,,63.900,0.00,,,,,,,,,,,,,,,,,,,,,,,,,,,,,,,,,,,,,,,,,63.900,-0.03,,,,,,,,,,,,,,,,,,,63.900,0.00,,,,,,,,,,,,,,,,,,,,,,,,,,,,,,,,
,,,,,,,,63.950,-0.01,,,,,,,,,,,,,,,,,63.950,-0.01,,,,,,,63.950,0.00,,,,,,,,,,,,,,,,,,,,,,,,,,,,,,,,,,,,,,,,,63.950,-0.02,,,,,,,,,,,,,,,,,,,63.950,0.00,,,,,,,,,,,,,,,,,,,,,,,,,,,,,,,,
,,,,,,,,64.000,0.00,,,,,,,,,,,,,,,,,64.000,-0.01,,,,,,,64.000,0.00,,,,,,,,,,,,,,,,,,,,,,,,,,,,,,,,,,,,,,,,,64.000,-0.01,,,,,,,,,,,,,,,,,,,64.000,-0.01,,,,,,,,,,,,,,,,,,,,,,,,,,,,,,,,
,,,,,,,,64.050,-0.01,,,,,,,,,,,,,,,,,64.050,-0.01,,,,,,,64.050,0.00,,,,,,,,,,,,,,,,,,,,,,,,,,,,,,,,,,,,,,,,,64.050,-0.01,,,,,,,,,,,,,,,,,,,64.050,0.00,,,,,,,,,,,,,,,,,,,,,,,,,,,,,,,,
,,,,,,,,64.100,0.00,,,,,,,,,,,,,,,,,64.100,0.00,,,,,,,64.100,-0.01,,,,,,,,,,,,,,,,,,,,,,,,,,,,,,,,,,,,,,,,,64.100,-0.01,,,,,,,,,,,,,,,,,,,64.100,0.00,,,,,,,,,,,,,,,,,,,,,,,,,,,,,,,,
,,,,,,,,64.150,0.01,,,,,,,,,,,,,,,,,64.150,0.00,,,,,,,64.150,0.00,,,,,,,,,,,,,,,,,,,,,,,,,,,,,,,,,,,,,,,,,64.150,-0.02,,,,,,,,,,,,,,,,,,,64.150,0.00,,,,,,,,,,,,,,,,,,,,,,,,,,,,,,,,
,,,,,,,,64.200,-0.01,,,,,,,,,,,,,,,,,64.200,0.00,,,,,,,64.200,0.01,,,,,,,,,,,,,,,,,,,,,,,,,,,,,,,,,,,,,,,,,64.200,-0.01,,,,,,,,,,,,,,,,,,,64.200,-0.01,,,,,,,,,,,,,,,,,,,,,,,,,,,,,,,,
,,,,,,,,64.250,-0.01,,,,,,,,,,,,,,,,,64.250,-0.01,,,,,,,64.250,0.01,,,,,,,,,,,,,,,,,,,,,,,,,,,,,,,,,,,,,,,,,64.250,-0.01,,,,,,,,,,,,,,,,,,,64.250,0.01,,,,,,,,,,,,,,,,,,,,,,,,,,,,,,,,
,,,,,,,,64.300,-0.01,,,,,,,,,,,,,,,,,64.300,-0.02,,,,,,,64.300,0.00,,,,,,,,,,,,,,,,,,,,,,,,,,,,,,,,,,,,,,,,,64.300,0.00,,,,,,,,,,,,,,,,,,,64.300,0.00,,,,,,,,,,,,,,,,,,,,,,,,,,,,,,,,
,,,,,,,,64.350,-0.01,,,,,,,,,,,,,,,,,64.350,-0.02,,,,,,,64.350,0.00,,,,,,,,,,,,,,,,,,,,,,,,,,,,,,,,,,,,,,,,,64.350,-0.01,,,,,,,,,,,,,,,,,,,64.350,0.01,,,,,,,,,,,,,,,,,,,,,,,,,,,,,,,,
,,,,,,,,64.400,-0.01,,,,,,,,,,,,,,,,,64.400,-0.02,,,,,,,64.400,0.00,,,,,,,,,,,,,,,,,,,,,,,,,,,,,,,,,,,,,,,,,64.400,-0.01,,,,,,,,,,,,,,,,,,,64.400,0.01,,,,,,,,,,,,,,,,,,,,,,,,,,,,,,,,
,,,,,,,,64.450,-0.01,,,,,,,,,,,,,,,,,64.450,-0.01,,,,,,,64.450,0.00,,,,,,,,,,,,,,,,,,,,,,,,,,,,,,,,,,,,,,,,,64.450,-0.01,,,,,,,,,,,,,,,,,,,64.450,0.02,,,,,,,,,,,,,,,,,,,,,,,,,,,,,,,,
,,,,,,,,64.500,-0.01,,,,,,,,,,,,,,,,,64.500,-0.02,,,,,,,64.500,0.00,,,,,,,,,,,,,,,,,,,,,,,,,,,,,,,,,,,,,,,,,64.500,-0.01,,,,,,,,,,,,,,,,,,,64.500,0.03,,,,,,,,,,,,,,,,,,,,,,,,,,,,,,,,
,,,,,,,,64.550,0.00,,,,,,,,,,,,,,,,,64.550,-0.02,,,,,,,64.550,0.00,,,,,,,,,,,,,,,,,,,,,,,,,,,,,,,,,,,,,,,,,64.550,-0.02,,,,,,,,,,,,,,,,,,,64.550,0.02,,,,,,,,,,,,,,,,,,,,,,,,,,,,,,,,
,,,,,,,,64.600,-0.01,,,,,,,,,,,,,,,,,64.600,-0.02,,,,,,,64.600,-0.01,,,,,,,,,,,,,,,,,,,,,,,,,,,,,,,,,,,,,,,,,64.600,-0.01,,,,,,,,,,,,,,,,,,,64.600,0.03,,,,,,,,,,,,,,,,,,,,,,,,,,,,,,,,
,,,,,,,,64.650,-0.01,,,,,,,,,,,,,,,,,64.650,-0.02,,,,,,,64.650,0.00,,,,,,,,,,,,,,,,,,,,,,,,,,,,,,,,,,,,,,,,,64.650,-0.02,,,,,,,,,,,,,,,,,,,64.650,0.04,,,,,,,,,,,,,,,,,,,,,,,,,,,,,,,,
,,,,,,,,64.700,-0.01,,,,,,,,,,,,,,,,,64.700,-0.02,,,,,,,64.700,0.00,,,,,,,,,,,,,,,,,,,,,,,,,,,,,,,,,,,,,,,,,64.700,-0.02,,,,,,,,,,,,,,,,,,,64.700,0.03,,,,,,,,,,,,,,,,,,,,,,,,,,,,,,,,
,,,,,,,,64.750,-0.01,,,,,,,,,,,,,,,,,64.750,-0.01,,,,,,,64.750,-0.01,,,,,,,,,,,,,,,,,,,,,,,,,,,,,,,,,,,,,,,,,64.750,-0.01,,,,,,,,,,,,,,,,,,,64.750,0.03,,,,,,,,,,,,,,,,,,,,,,,,,,,,,,,,
,,,,,,,,64.800,-0.01,,,,,,,,,,,,,,,,,64.800,-0.02,,,,,,,64.800,0.00,,,,,,,,,,,,,,,,,,,,,,,,,,,,,,,,,,,,,,,,,64.800,-0.02,,,,,,,,,,,,,,,,,,,64.800,0.04,,,,,,,,,,,,,,,,,,,,,,,,,,,,,,,,
,,,,,,,,64.850,-0.01,,,,,,,,,,,,,,,,,64.850,-0.01,,,,,,,64.850,0.00,,,,,,,,,,,,,,,,,,,,,,,,,,,,,,,,,,,,,,,,,64.850,-0.01,,,,,,,,,,,,,,,,,,,64.850,0.04,,,,,,,,,,,,,,,,,,,,,,,,,,,,,,,,
,,,,,,,,,,,,,,,,,,,,,,,,,,64.900,-0.01,,,,,,,64.900,-0.01,,,,,,,,,,,,,,,,,,,,,,,,,,,,,,,,,,,,,,,,,64.900,-0.01,,,,,,,,,,,,,,,,,,,64.900,0.04,,,,,,,,,,,,,,,,,,,,,,,,,,,,,,,,
,,,,,,,,,,,,,,,,,,,,,,,,,,64.950,-0.01,,,,,,,64.950,-0.01,,,,,,,,,,,,,,,,,,,,,,,,,,,,,,,,,,,,,,,,,64.950,-0.02,,,,,,,,,,,,,,,,,,,64.950,0.04,,,,,,,,,,,,,,,,,,,,,,,,,,,,,,,,
,,,,,,,,,,,,,,,,,,,,,,,,,,65.000,-0.02,,,,,,,65.000,-0.01,,,,,,,,,,,,,,,,,,,,,,,,,,,,,,,,,,,,,,,,,65.000,-0.02,,,,,,,,,,,,,,,,,,,65.000,0.05,,,,,,,,,,,,,,,,,,,,,,,,,,,,,,,,
,,,,,,,,,,,,,,,,,,,,,,,,,,65.050,-0.02,,,,,,,65.050,-0.02,,,,,,,,,,,,,,,,,,,,,,,,,,,,,,,,,,,,,,,,,65.050,-0.01,,,,,,,,,,,,,,,,,,,65.050,0.05,,,,,,,,,,,,,,,,,,,,,,,,,,,,,,,,
,,,,,,,,,,,,,,,,,,,,,,,,,,65.100,-0.01,,,,,,,65.100,-0.01,,,,,,,,,,,,,,,,,,,,,,,,,,,,,,,,,,,,,,,,,65.100,-0.02,,,,,,,,,,,,,,,,,,,65.100,0.06,,,,,,,,,,,,,,,,,,,,,,,,,,,,,,,,
,,,,,,,,,,,,,,,,,,,,,,,,,,65.150,0.00,,,,,,,65.150,-0.01,,,,,,,,,,,,,,,,,,,,,,,,,,,,,,,,,,,,,,,,,65.150,-0.01,,,,,,,,,,,,,,,,,,,65.150,0.06,,,,,,,,,,,,,,,,,,,,,,,,,,,,,,,,
,,,,,,,,,,,,,,,,,,,,,,,,,,65.200,-0.01,,,,,,,65.200,-0.01,,,,,,,,,,,,,,,,,,,,,,,,,,,,,,,,,,,,,,,,,65.200,-0.01,,,,,,,,,,,,,,,,,,,65.200,0.06,,,,,,,,,,,,,,,,,,,,,,,,,,,,,,,,
,,,,,,,,,,,,,,,,,,,,,,,,,,65.250,-0.01,,,,,,,65.250,-0.01,,,,,,,,,,,,,,,,,,,,,,,,,,,,,,,,,,,,,,,,,65.250,-0.02,,,,,,,,,,,,,,,,,,,65.250,0.07,,,,,,,,,,,,,,,,,,,,,,,,,,,,,,,,
,,,,,,,,,,,,,,,,,,,,,,,,,,65.300,-0.01,,,,,,,65.300,-0.01,,,,,,,,,,,,,,,,,,,,,,,,,,,,,,,,,,,,,,,,,65.300,-0.02,,,,,,,,,,,,,,,,,,,65.300,0.09,,,,,,,,,,,,,,,,,,,,,,,,,,,,,,,,
,,,,,,,,,,,,,,,,,,,,,,,,,,65.350,-0.01,,,,,,,65.350,-0.01,,,,,,,,,,,,,,,,,,,,,,,,,,,,,,,,,,,,,,,,,65.350,-0.02,,,,,,,,,,,,,,,,,,,65.350,0.12,,,,,,,,,,,,,,,,,,,,,,,,,,,,,,,,
,,,,,,,,,,,,,,,,,,,,,,,,,,65.400,-0.01,,,,,,,,,,,,,,,,,,,,,,,,,,,,,,,,,,,,,,,,,,,,,,,,,65.400,-0.02,,,,,,,,,,,,,,,,,,,65.400,0.16,,,,,,,,,,,,,,,,,,,,,,,,,,,,,,,,
,,,,,,,,,,,,,,,,,,,,,,,,,,65.450,-0.01,,,,,,,,,,,,,,,,,,,,,,,,,,,,,,,,,,,,,,,,,,,,,,,,,65.450,-0.01,,,,,,,,,,,,,,,,,,,65.450,0.29,,,,,,,,,,,,,,,,,,,,,,,,,,,,,,,,
,,,,,,,,,,,,,,,,,,,,,,,,,,65.500,-0.01,,,,,,,,,,,,,,,,,,,,,,,,,,,,,,,,,,,,,,,,,,,,,,,,,65.500,-0.01,,,,,,,,,,,,,,,,,,,65.500,0.50,,,,,,,,,,,,,,,,,,,,,,,,,,,,,,,,
,,,,,,,,,,,,,,,,,,,,,,,,,,65.550,-0.01,,,,,,,,,,,,,,,,,,,,,,,,,,,,,,,,,,,,,,,,,,,,,,,,,65.550,-0.01,,,,,,,,,,,,,,,,,,,65.550,0.77,,,,,,,,,,,,,,,,,,,,,,,,,,,,,,,,
,,,,,,,,,,,,,,,,,,,,,,,,,,65.600,-0.01,,,,,,,,,,,,,,,,,,,,,,,,,,,,,,,,,,,,,,,,,,,,,,,,,65.600,0.00,,,,,,,,,,,,,,,,,,,65.600,0.89,,,,,,,,,,,,,,,,,,,,,,,,,,,,,,,,
,,,,,,,,,,,,,,,,,,,,,,,,,,65.650,-0.01,,,,,,,,,,,,,,,,,,,,,,,,,,,,,,,,,,,,,,,,,,,,,,,,,65.650,0.00,,,,,,,,,,,,,,,,,,,65.650,0.54,,,,,,,,,,,,,,,,,,,,,,,,,,,,,,,,
,,,,,,,,,,,,,,,,,,,,,,,,,,65.700,-0.01,,,,,,,,,,,,,,,,,,,,,,,,,,,,,,,,,,,,,,,,,,,,,,,,,65.700,0.00,,,,,,,,,,,,,,,,,,,65.700,0.21,,,,,,,,,,,,,,,,,,,,,,,,,,,,,,,,
,,,,,,,,,,,,,,,,,,,,,,,,,,65.750,-0.01,,,,,,,,,,,,,,,,,,,,,,,,,,,,,,,,,,,,,,,,,,,,,,,,,65.750,-0.01,,,,,,,,,,,,,,,,,,,65.750,0.06,,,,,,,,,,,,,,,,,,,,,,,,,,,,,,,,
,,,,,,,,,,,,,,,,,,,,,,,,,,65.800,-0.01,,,,,,,,,,,,,,,,,,,,,,,,,,,,,,,,,,,,,,,,,,,,,,,,,65.800,-0.01,,,,,,,,,,,,,,,,,,,65.800,0.02,,,,,,,,,,,,,,,,,,,,,,,,,,,,,,,,
,,,,,,,,,,,,,,,,,,,,,,,,,,65.850,-0.01,,,,,,,,,,,,,,,,,,,,,,,,,,,,,,,,,,,,,,,,,,,,,,,,,65.850,-0.01,,,,,,,,,,,,,,,,,,,65.850,0.00,,,,,,,,,,,,,,,,,,,,,,,,,,,,,,,,
,,,,,,,,,,,,,,,,,,,,,,,,,,65.900,-0.01,,,,,,,,,,,,,,,,,,,,,,,,,,,,,,,,,,,,,,,,,,,,,,,,,65.900,-0.01,,,,,,,,,,,,,,,,,,,65.900,0.01,,,,,,,,,,,,,,,,,,,,,,,,,,,,,,,,
,,,,,,,,,,,,,,,,,,,,,,,,,,65.950,-0.02,,,,,,,,,,,,,,,,,,,,,,,,,,,,,,,,,,,,,,,,,,,,,,,,,65.950,-0.01,,,,,,,,,,,,,,,,,,,65.950,0.01,,,,,,,,,,,,,,,,,,,,,,,,,,,,,,,,
,,,,,,,,,,,,,,,,,,,,,,,,,,66.000,-0.03,,,,,,,,,,,,,,,,,,,,,,,,,,,,,,,,,,,,,,,,,,,,,,,,,66.000,-0.01,,,,,,,,,,,,,,,,,,,66.000,0.01,,,,,,,,,,,,,,,,,,,,,,,,,,,,,,,,
,,,,,,,,,,,,,,,,,,,,,,,,,,66.050,-0.02,,,,,,,,,,,,,,,,,,,,,,,,,,,,,,,,,,,,,,,,,,,,,,,,,66.050,-0.02,,,,,,,,,,,,,,,,,,,66.050,0.00,,,,,,,,,,,,,,,,,,,,,,,,,,,,,,,,
,,,,,,,,,,,,,,,,,,,,,,,,,,66.100,-0.02,,,,,,,,,,,,,,,,,,,,,,,,,,,,,,,,,,,,,,,,,,,,,,,,,66.100,-0.02,,,,,,,,,,,,,,,,,,,66.100,0.00,,,,,,,,,,,,,,,,,,,,,,,,,,,,,,,,
,,,,,,,,,,,,,,,,,,,,,,,,,,66.150,-0.02,,,,,,,,,,,,,,,,,,,,,,,,,,,,,,,,,,,,,,,,,,,,,,,,,66.150,0.00,,,,,,,,,,,,,,,,,,,66.150,0.00,,,,,,,,,,,,,,,,,,,,,,,,,,,,,,,,
,,,,,,,,,,,,,,,,,,,,,,,,,,66.200,-0.03,,,,,,,,,,,,,,,,,,,,,,,,,,,,,,,,,,,,,,,,,,,,,,,,,66.200,-0.02,,,,,,,,,,,,,,,,,,,66.200,0.01,,,,,,,,,,,,,,,,,,,,,,,,,,,,,,,,
,,,,,,,,,,,,,,,,,,,,,,,,,,66.250,-0.02,,,,,,,,,,,,,,,,,,,,,,,,,,,,,,,,,,,,,,,,,,,,,,,,,66.250,-0.02,,,,,,,,,,,,,,,,,,,66.250,0.01,,,,,,,,,,,,,,,,,,,,,,,,,,,,,,,,
,,,,,,,,,,,,,,,,,,,,,,,,,,66.300,-0.02,,,,,,,,,,,,,,,,,,,,,,,,,,,,,,,,,,,,,,,,,,,,,,,,,66.300,-0.01,,,,,,,,,,,,,,,,,,,66.300,0.00,,,,,,,,,,,,,,,,,,,,,,,,,,,,,,,,
,,,,,,,,,,,,,,,,,,,,,,,,,,66.350,-0.01,,,,,,,,,,,,,,,,,,,,,,,,,,,,,,,,,,,,,,,,,,,,,,,,,66.350,-0.02,,,,,,,,,,,,,,,,,,,66.350,0.01,,,,,,,,,,,,,,,,,,,,,,,,,,,,,,,,
,,,,,,,,,,,,,,,,,,,,,,,,,,66.400,-0.01,,,,,,,,,,,,,,,,,,,,,,,,,,,,,,,,,,,,,,,,,,,,,,,,,66.400,-0.02,,,,,,,,,,,,,,,,,,,66.400,0.01,,,,,,,,,,,,,,,,,,,,,,,,,,,,,,,,
,,,,,,,,,,,,,,,,,,,,,,,,,,66.450,-0.01,,,,,,,,,,,,,,,,,,,,,,,,,,,,,,,,,,,,,,,,,,,,,,,,,66.450,-0.02,,,,,,,,,,,,,,,,,,,66.450,0.00,,,,,,,,,,,,,,,,,,,,,,,,,,,,,,,,
,,,,,,,,,,,,,,,,,,,,,,,,,,66.500,-0.01,,,,,,,,,,,,,,,,,,,,,,,,,,,,,,,,,,,,,,,,,,,,,,,,,66.500,-0.02,,,,,,,,,,,,,,,,,,,66.500,0.01,,,,,,,,,,,,,,,,,,,,,,,,,,,,,,,,
,,,,,,,,,,,,,,,,,,,,,,,,,,66.550,-0.01,,,,,,,,,,,,,,,,,,,,,,,,,,,,,,,,,,,,,,,,,,,,,,,,,66.550,-0.02,,,,,,,,,,,,,,,,,,,66.550,0.01,,,,,,,,,,,,,,,,,,,,,,,,,,,,,,,,
,,,,,,,,,,,,,,,,,,,,,,,,,,66.600,-0.03,,,,,,,,,,,,,,,,,,,,,,,,,,,,,,,,,,,,,,,,,,,,,,,,,66.600,0.00,,,,,,,,,,,,,,,,,,,66.600,0.01,,,,,,,,,,,,,,,,,,,,,,,,,,,,,,,,
,,,,,,,,,,,,,,,,,,,,,,,,,,66.650,-0.02,,,,,,,,,,,,,,,,,,,,,,,,,,,,,,,,,,,,,,,,,,,,,,,,,66.650,0.00,,,,,,,,,,,,,,,,,,,66.650,0.00,,,,,,,,,,,,,,,,,,,,,,,,,,,,,,,,
,,,,,,,,,,,,,,,,,,,,,,,,,,66.700,-0.01,,,,,,,,,,,,,,,,,,,,,,,,,,,,,,,,,,,,,,,,,,,,,,,,,66.700,0.00,,,,,,,,,,,,,,,,,,,66.700,0.01,,,,,,,,,,,,,,,,,,,,,,,,,,,,,,,,
,,,,,,,,,,,,,,,,,,,,,,,,,,66.750,-0.01,,,,,,,,,,,,,,,,,,,,,,,,,,,,,,,,,,,,,,,,,,,,,,,,,66.750,0.00,,,,,,,,,,,,,,,,,,,66.750,0.00,,,,,,,,,,,,,,,,,,,,,,,,,,,,,,,,
,,,,,,,,,,,,,,,,,,,,,,,,,,66.800,-0.02,,,,,,,,,,,,,,,,,,,,,,,,,,,,,,,,,,,,,,,,,,,,,,,,,66.800,-0.01,,,,,,,,,,,,,,,,,,,66.800,0.00,,,,,,,,,,,,,,,,,,,,,,,,,,,,,,,,
,,,,,,,,,,,,,,,,,,,,,,,,,,66.850,-0.02,,,,,,,,,,,,,,,,,,,,,,,,,,,,,,,,,,,,,,,,,,,,,,,,,66.850,-0.01,,,,,,,,,,,,,,,,,,,66.850,0.00,,,,,,,,,,,,,,,,,,,,,,,,,,,,,,,,
,,,,,,,,,,,,,,,,,,,,,,,,,,66.900,-0.01,,,,,,,,,,,,,,,,,,,,,,,,,,,,,,,,,,,,,,,,,,,,,,,,,66.900,-0.01,,,,,,,,,,,,,,,,,,,66.900,0.00,,,,,,,,,,,,,,,,,,,,,,,,,,,,,,,,
,,,,,,,,,,,,,,,,,,,,,,,,,,66.950,-0.01,,,,,,,,,,,,,,,,,,,,,,,,,,,,,,,,,,,,,,,,,,,,,,,,,66.950,0.00,,,,,,,,,,,,,,,,,,,66.950,0.00,,,,,,,,,,,,,,,,,,,,,,,,,,,,,,,,
,,,,,,,,,,,,,,,,,,,,,,,,,,67.000,0.00,,,,,,,,,,,,,,,,,,,,,,,,,,,,,,,,,,,,,,,,,,,,,,,,,67.000,0.00,,,,,,,,,,,,,,,,,,,67.000,0.01,,,,,,,,,,,,,,,,,,,,,,,,,,,,,,,,
,,,,,,,,,,,,,,,,,,,,,,,,,,67.050,-0.01,,,,,,,,,,,,,,,,,,,,,,,,,,,,,,,,,,,,,,,,,,,,,,,,,67.050,0.00,,,,,,,,,,,,,,,,,,,67.050,0.01,,,,,,,,,,,,,,,,,,,,,,,,,,,,,,,,
,,,,,,,,,,,,,,,,,,,,,,,,,,67.100,-0.02,,,,,,,,,,,,,,,,,,,,,,,,,,,,,,,,,,,,,,,,,,,,,,,,,67.100,0.00,,,,,,,,,,,,,,,,,,,67.100,0.00,,,,,,,,,,,,,,,,,,,,,,,,,,,,,,,,
,,,,,,,,,,,,,,,,,,,,,,,,,,67.150,-0.01,,,,,,,,,,,,,,,,,,,,,,,,,,,,,,,,,,,,,,,,,,,,,,,,,67.150,-0.01,,,,,,,,,,,,,,,,,,,67.150,0.00,,,,,,,,,,,,,,,,,,,,,,,,,,,,,,,,
,,,,,,,,,,,,,,,,,,,,,,,,,,67.200,-0.01,,,,,,,,,,,,,,,,,,,,,,,,,,,,,,,,,,,,,,,,,,,,,,,,,67.200,0.00,,,,,,,,,,,,,,,,,,,67.200,0.00,,,,,,,,,,,,,,,,,,,,,,,,,,,,,,,,
,,,,,,,,,,,,,,,,,,,,,,,,,,67.250,-0.02,,,,,,,,,,,,,,,,,,,,,,,,,,,,,,,,,,,,,,,,,,,,,,,,,67.250,0.00,,,,,,,,,,,,,,,,,,,67.250,0.00,,,,,,,,,,,,,,,,,,,,,,,,,,,,,,,,
,,,,,,,,,,,,,,,,,,,,,,,,,,67.300,-0.01,,,,,,,,,,,,,,,,,,,,,,,,,,,,,,,,,,,,,,,,,,,,,,,,,67.300,-0.01,,,,,,,,,,,,,,,,,,,67.300,0.00,,,,,,,,,,,,,,,,,,,,,,,,,,,,,,,,
,,,,,,,,,,,,,,,,,,,,,,,,,,67.350,-0.02,,,,,,,,,,,,,,,,,,,,,,,,,,,,,,,,,,,,,,,,,,,,,,,,,67.350,0.01,,,,,,,,,,,,,,,,,,,67.350,0.00,,,,,,,,,,,,,,,,,,,,,,,,,,,,,,,,
,,,,,,,,,,,,,,,,,,,,,,,,,,67.400,-0.01,,,,,,,,,,,,,,,,,,,,,,,,,,,,,,,,,,,,,,,,,,,,,,,,,67.400,0.00,,,,,,,,,,,,,,,,,,,67.400,0.00,,,,,,,,,,,,,,,,,,,,,,,,,,,,,,,,
,,,,,,,,,,,,,,,,,,,,,,,,,,67.450,-0.01,,,,,,,,,,,,,,,,,,,,,,,,,,,,,,,,,,,,,,,,,,,,,,,,,67.450,0.00,,,,,,,,,,,,,,,,,,,67.450,0.00,,,,,,,,,,,,,,,,,,,,,,,,,,,,,,,,
,,,,,,,,,,,,,,,,,,,,,,,,,,67.500,0.00,,,,,,,,,,,,,,,,,,,,,,,,,,,,,,,,,,,,,,,,,,,,,,,,,67.500,0.00,,,,,,,,,,,,,,,,,,,,,,,,,,,,,,,,,,,,,,,,,,,,,,,,,,,,
,,,,,,,,,,,,,,,,,,,,,,,,,,67.550,-0.01,,,,,,,,,,,,,,,,,,,,,,,,,,,,,,,,,,,,,,,,,,,,,,,,,67.550,0.00,,,,,,,,,,,,,,,,,,,,,,,,,,,,,,,,,,,,,,,,,,,,,,,,,,,,
,,,,,,,,,,,,,,,,,,,,,,,,,,67.600,-0.01,,,,,,,,,,,,,,,,,,,,,,,,,,,,,,,,,,,,,,,,,,,,,,,,,67.600,0.01,,,,,,,,,,,,,,,,,,,,,,,,,,,,,,,,,,,,,,,,,,,,,,,,,,,,
,,,,,,,,,,,,,,,,,,,,,,,,,,67.650,-0.01,,,,,,,,,,,,,,,,,,,,,,,,,,,,,,,,,,,,,,,,,,,,,,,,,67.650,0.01,,,,,,,,,,,,,,,,,,,,,,,,,,,,,,,,,,,,,,,,,,,,,,,,,,,,
,,,,,,,,,,,,,,,,,,,,,,,,,,67.700,0.00,,,,,,,,,,,,,,,,,,,,,,,,,,,,,,,,,,,,,,,,,,,,,,,,,67.700,-0.01,,,,,,,,,,,,,,,,,,,,,,,,,,,,,,,,,,,,,,,,,,,,,,,,,,,,
,,,,,,,,,,,,,,,,,,,,,,,,,,67.750,0.00,,,,,,,,,,,,,,,,,,,,,,,,,,,,,,,,,,,,,,,,,,,,,,,,,67.750,0.00,,,,,,,,,,,,,,,,,,,,,,,,,,,,,,,,,,,,,,,,,,,,,,,,,,,,
,,,,,,,,,,,,,,,,,,,,,,,,,,67.800,-0.01,,,,,,,,,,,,,,,,,,,,,,,,,,,,,,,,,,,,,,,,,,,,,,,,,67.800,0.00,,,,,,,,,,,,,,,,,,,,,,,,,,,,,,,,,,,,,,,,,,,,,,,,,,,,
,,,,,,,,,,,,,,,,,,,,,,,,,,67.850,-0.01,,,,,,,,,,,,,,,,,,,,,,,,,,,,,,,,,,,,,,,,,,,,,,,,,67.850,0.01,,,,,,,,,,,,,,,,,,,,,,,,,,,,,,,,,,,,,,,,,,,,,,,,,,,,
,,,,,,,,,,,,,,,,,,,,,,,,,,67.900,-0.01,,,,,,,,,,,,,,,,,,,,,,,,,,,,,,,,,,,,,,,,,,,,,,,,,67.900,-0.01,,,,,,,,,,,,,,,,,,,,,,,,,,,,,,,,,,,,,,,,,,,,,,,,,,,,
,,,,,,,,,,,,,,,,,,,,,,,,,,67.950,-0.02,,,,,,,,,,,,,,,,,,,,,,,,,,,,,,,,,,,,,,,,,,,,,,,,,67.950,-0.01,,,,,,,,,,,,,,,,,,,,,,,,,,,,,,,,,,,,,,,,,,,,,,,,,,,,
,,,,,,,,,,,,,,,,,,,,,,,,,,68.000,-0.01,,,,,,,,,,,,,,,,,,,,,,,,,,,,,,,,,,,,,,,,,,,,,,,,,68.000,-0.01,,,,,,,,,,,,,,,,,,,,,,,,,,,,,,,,,,,,,,,,,,,,,,,,,,,,
,,,,,,,,,,,,,,,,,,,,,,,,,,68.050,0.00,,,,,,,,,,,,,,,,,,,,,,,,,,,,,,,,,,,,,,,,,,,,,,,,,68.050,-0.01,,,,,,,,,,,,,,,,,,,,,,,,,,,,,,,,,,,,,,,,,,,,,,,,,,,,
,,,,,,,,,,,,,,,,,,,,,,,,,,68.100,-0.01,,,,,,,,,,,,,,,,,,,,,,,,,,,,,,,,,,,,,,,,,,,,,,,,,68.100,0.00,,,,,,,,,,,,,,,,,,,,,,,,,,,,,,,,,,,,,,,,,,,,,,,,,,,,
,,,,,,,,,,,,,,,,,,,,,,,,,,68.150,0.00,,,,,,,,,,,,,,,,,,,,,,,,,,,,,,,,,,,,,,,,,,,,,,,,,68.150,0.01,,,,,,,,,,,,,,,,,,,,,,,,,,,,,,,,,,,,,,,,,,,,,,,,,,,,
,,,,,,,,,,,,,,,,,,,,,,,,,,,,,,,,,,,,,,,,,,,,,,,,,,,,,,,,,,,,,,,,,,,,,,,,,,,,68.200,0.00,,,,,,,,,,,,,,,,,,,,,,,,,,,,,,,,,,,,,,,,,,,,,,,,,,,,
,,,,,,,,,,,,,,,,,,,,,,,,,,,,,,,,,,,,,,,,,,,,,,,,,,,,,,,,,,,,,,,,,,,,,,,,,,,,68.250,0.01,,,,,,,,,,,,,,,,,,,,,,,,,,,,,,,,,,,,,,,,,,,,,,,,,,,,
,,,,,,,,,,,,,,,,,,,,,,,,,,,,,,,,,,,,,,,,,,,,,,,,,,,,,,,,,,,,,,,,,,,,,,,,,,,,68.300,0.01,,,,,,,,,,,,,,,,,,,,,,,,,,,,,,,,,,,,,,,,,,,,,,,,,,,,
,,,,,,,,,,,,,,,,,,,,,,,,,,,,,,,,,,,,,,,,,,,,,,,,,,,,,,,,,,,,,,,,,,,,,,,,,,,,68.350,0.01,,,,,,,,,,,,,,,,,,,,,,,,,,,,,,,,,,,,,,,,,,,,,,,,,,,,
,,,,,,,,,,,,,,,,,,,,,,,,,,,,,,,,,,,,,,,,,,,,,,,,,,,,,,,,,,,,,,,,,,,,,,,,,,,,68.400,0.00,,,,,,,,,,,,,,,,,,,,,,,,,,,,,,,,,,,,,,,,,,,,,,,,,,,,
,,,,,,,,,,,,,,,,,,,,,,,,,,,,,,,,,,,,,,,,,,,,,,,,,,,,,,,,,,,,,,,,,,,,,,,,,,,,68.450,0.01,,,,,,,,,,,,,,,,,,,,,,,,,,,,,,,,,,,,,,,,,,,,,,,,,,,,
,,,,,,,,,,,,,,,,,,,,,,,,,,,,,,,,,,,,,,,,,,,,,,,,,,,,,,,,,,,,,,,,,,,,,,,,,,,,68.500,0.01,,,,,,,,,,,,,,,,,,,,,,,,,,,,,,,,,,,,,,,,,,,,,,,,,,,,
,,,,,,,,,,,,,,,,,,,,,,,,,,,,,,,,,,,,,,,,,,,,,,,,,,,,,,,,,,,,,,,,,,,,,,,,,,,,68.550,0.01,,,,,,,,,,,,,,,,,,,,,,,,,,,,,,,,,,,,,,,,,,,,,,,,,,,,
,,,,,,,,,,,,,,,,,,,,,,,,,,,,,,,,,,,,,,,,,,,,,,,,,,,,,,,,,,,,,,,,,,,,,,,,,,,,68.600,0.01,,,,,,,,,,,,,,,,,,,,,,,,,,,,,,,,,,,,,,,,,,,,,,,,,,,,
,,,,,,,,,,,,,,,,,,,,,,,,,,,,,,,,,,,,,,,,,,,,,,,,,,,,,,,,,,,,,,,,,,,,,,,,,,,,68.650,0.02,,,,,,,,,,,,,,,,,,,,,,,,,,,,,,,,,,,,,,,,,,,,,,,,,,,,
,,,,,,,,,,,,,,,,,,,,,,,,,,,,,,,,,,,,,,,,,,,,,,,,,,,,,,,,,,,,,,,,,,,,,,,,,,,,68.700,0.01,,,,,,,,,,,,,,,,,,,,,,,,,,,,,,,,,,,,,,,,,,,,,,,,,,,,
,,,,,,,,,,,,,,,,,,,,,,,,,,,,,,,,,,,,,,,,,,,,,,,,,,,,,,,,,,,,,,,,,,,,,,,,,,,,68.750,0.01,,,,,,,,,,,,,,,,,,,,,,,,,,,,,,,,,,,,,,,,,,,,,,,,,,,,
,,,,,,,,,,,,,,,,,,,,,,,,,,,,,,,,,,,,,,,,,,,,,,,,,,,,,,,,,,,,,,,,,,,,,,,,,,,,68.800,0.01,,,,,,,,,,,,,,,,,,,,,,,,,,,,,,,,,,,,,,,,,,,,,,,,,,,,
,,,,,,,,,,,,,,,,,,,,,,,,,,,,,,,,,,,,,,,,,,,,,,,,,,,,,,,,,,,,,,,,,,,,,,,,,,,,68.850,0.01,,,,,,,,,,,,,,,,,,,,,,,,,,,,,,,,,,,,,,,,,,,,,,,,,,,,
,,,,,,,,,,,,,,,,,,,,,,,,,,,,,,,,,,,,,,,,,,,,,,,,,,,,,,,,,,,,,,,,,,,,,,,,,,,,68.900,0.01,,,,,,,,,,,,,,,,,,,,,,,,,,,,,,,,,,,,,,,,,,,,,,,,,,,,
,,,,,,,,,,,,,,,,,,,,,,,,,,,,,,,,,,,,,,,,,,,,,,,,,,,,,,,,,,,,,,,,,,,,,,,,,,,,68.950,0.00,,,,,,,,,,,,,,,,,,,,,,,,,,,,,,,,,,,,,,,,,,,,,,,,,,,,
,,,,,,,,,,,,,,,,,,,,,,,,,,,,,,,,,,,,,,,,,,,,,,,,,,,,,,,,,,,,,,,,,,,,,,,,,,,,69.000,0.00,,,,,,,,,,,,,,,,,,,,,,,,,,,,,,,,,,,,,,,,,,,,,,,,,,,,
,,,,,,,,,,,,,,,,,,,,,,,,,,,,,,,,,,,,,,,,,,,,,,,,,,,,,,,,,,,,,,,,,,,,,,,,,,,,69.050,0.01,,,,,,,,,,,,,,,,,,,,,,,,,,,,,,,,,,,,,,,,,,,,,,,,,,,,
,,,,,,,,,,,,,,,,,,,,,,,,,,,,,,,,,,,,,,,,,,,,,,,,,,,,,,,,,,,,,,,,,,,,,,,,,,,,69.100,0.00,,,,,,,,,,,,,,,,,,,,,,,,,,,,,,,,,,,,,,,,,,,,,,,,,,,,
,,,,,,,,,,,,,,,,,,,,,,,,,,,,,,,,,,,,,,,,,,,,,,,,,,,,,,,,,,,,,,,,,,,,,,,,,,,,69.150,-0.01,,,,,,,,,,,,,,,,,,,,,,,,,,,,,,,,,,,,,,,,,,,,,,,,,,,,
,,,,,,,,,,,,,,,,,,,,,,,,,,,,,,,,,,,,,,,,,,,,,,,,,,,,,,,,,,,,,,,,,,,,,,,,,,,,69.200,0.00,,,,,,,,,,,,,,,,,,,,,,,,,,,,,,,,,,,,,,,,,,,,,,,,,,,,
,,,,,,,,,,,,,,,,,,,,,,,,,,,,,,,,,,,,,,,,,,,,,,,,,,,,,,,,,,,,,,,,,,,,,,,,,,,,69.250,-0.01,,,,,,,,,,,,,,,,,,,,,,,,,,,,,,,,,,,,,,,,,,,,,,,,,,,,
,,,,,,,,,,,,,,,,,,,,,,,,,,,,,,,,,,,,,,,,,,,,,,,,,,,,,,,,,,,,,,,,,,,,,,,,,,,,69.300,0.01,,,,,,,,,,,,,,,,,,,,,,,,,,,,,,,,,,,,,,,,,,,,,,,,,,,,
,,,,,,,,,,,,,,,,,,,,,,,,,,,,,,,,,,,,,,,,,,,,,,,,,,,,,,,,,,,,,,,,,,,,,,,,,,,,69.350,0.00,,,,,,,,,,,,,,,,,,,,,,,,,,,,,,,,,,,,,,,,,,,,,,,,,,,,
,,,,,,,,,,,,,,,,,,,,,,,,,,,,,,,,,,,,,,,,,,,,,,,,,,,,,,,,,,,,,,,,,,,,,,,,,,,,69.400,0.01,,,,,,,,,,,,,,,,,,,,,,,,,,,,,,,,,,,,,,,,,,,,,,,,,,,,
,,,,,,,,,,,,,,,,,,,,,,,,,,,,,,,,,,,,,,,,,,,,,,,,,,,,,,,,,,,,,,,,,,,,,,,,,,,,69.450,0.01,,,,,,,,,,,,,,,,,,,,,,,,,,,,,,,,,,,,,,,,,,,,,,,,,,,,
,,,,,,,,,,,,,,,,,,,,,,,,,,,,,,,,,,,,,,,,,,,,,,,,,,,,,,,,,,,,,,,,,,,,,,,,,,,,69.500,0.01,,,,,,,,,,,,,,,,,,,,,,,,,,,,,,,,,,,,,,,,,,,,,,,,,,,,
,,,,,,,,,,,,,,,,,,,,,,,,,,,,,,,,,,,,,,,,,,,,,,,,,,,,,,,,,,,,,,,,,,,,,,,,,,,,69.550,0.02,,,,,,,,,,,,,,,,,,,,,,,,,,,,,,,,,,,,,,,,,,,,,,,,,,,,
,,,,,,,,,,,,,,,,,,,,,,,,,,,,,,,,,,,,,,,,,,,,,,,,,,,,,,,,,,,,,,,,,,,,,,,,,,,,69.600,0.02,,,,,,,,,,,,,,,,,,,,,,,,,,,,,,,,,,,,,,,,,,,,,,,,,,,,
,,,,,,,,,,,,,,,,,,,,,,,,,,,,,,,,,,,,,,,,,,,,,,,,,,,,,,,,,,,,,,,,,,,,,,,,,,,,69.650,0.02,,,,,,,,,,,,,,,,,,,,,,,,,,,,,,,,,,,,,,,,,,,,,,,,,,,,
,,,,,,,,,,,,,,,,,,,,,,,,,,,,,,,,,,,,,,,,,,,,,,,,,,,,,,,,,,,,,,,,,,,,,,,,,,,,69.700,0.03,,,,,,,,,,,,,,,,,,,,,,,,,,,,,,,,,,,,,,,,,,,,,,,,,,,,
,,,,,,,,,,,,,,,,,,,,,,,,,,,,,,,,,,,,,,,,,,,,,,,,,,,,,,,,,,,,,,,,,,,,,,,,,,,,69.750,0.04,,,,,,,,,,,,,,,,,,,,,,,,,,,,,,,,,,,,,,,,,,,,,,,,,,,,
,,,,,,,,,,,,,,,,,,,,,,,,,,,,,,,,,,,,,,,,,,,,,,,,,,,,,,,,,,,,,,,,,,,,,,,,,,,,69.800,0.07,,,,,,,,,,,,,,,,,,,,,,,,,,,,,,,,,,,,,,,,,,,,,,,,,,,,
,,,,,,,,,,,,,,,,,,,,,,,,,,,,,,,,,,,,,,,,,,,,,,,,,,,,,,,,,,,,,,,,,,,,,,,,,,,,69.850,0.17,,,,,,,,,,,,,,,,,,,,,,,,,,,,,,,,,,,,,,,,,,,,,,,,,,,,
,,,,,,,,,,,,,,,,,,,,,,,,,,,,,,,,,,,,,,,,,,,,,,,,,,,,,,,,,,,,,,,,,,,,,,,,,,,,69.900,0.72,,,,,,,,,,,,,,,,,,,,,,,,,,,,,,,,,,,,,,,,,,,,,,,,,,,,
,,,,,,,,,,,,,,,,,,,,,,,,,,,,,,,,,,,,,,,,,,,,,,,,,,,,,,,,,,,,,,,,,,,,,,,,,,,,69.950,0.08,,,,,,,,,,,,,,,,,,,,,,,,,,,,,,,,,,,,,,,,,,,,,,,,,,,,
,,,,,,,,,,,,,,,,,,,,,,,,,,,,,,,,,,,,,,,,,,,,,,,,,,,,,,,,,,,,,,,,,,,,,,,,,,,,70.000,0.03,,,,,,,,,,,,,,,,,,,,,,,,,,,,,,,,,,,,,,,,,,,,,,,,,,,,
,,,,,,,,,,,,,,,,,,,,,,,,,,,,,,,,,,,,,,,,,,,,,,,,,,,,,,,,,,,,,,,,,,,,,,,,,,,,70.050,-0.01,,,,,,,,,,,,,,,,,,,,,,,,,,,,,,,,,,,,,,,,,,,,,,,,,,,,
,,,,,,,,,,,,,,,,,,,,,,,,,,,,,,,,,,,,,,,,,,,,,,,,,,,,,,,,,,,,,,,,,,,,,,,,,,,,70.100,0.00,,,,,,,,,,,,,,,,,,,,,,,,,,,,,,,,,,,,,,,,,,,,,,,,,,,,
,,,,,,,,,,,,,,,,,,,,,,,,,,,,,,,,,,,,,,,,,,,,,,,,,,,,,,,,,,,,,,,,,,,,,,,,,,,,70.150,-0.01,,,,,,,,,,,,,,,,,,,,,,,,,,,,,,,,,,,,,,,,,,,,,,,,,,,,
,,,,,,,,,,,,,,,,,,,,,,,,,,,,,,,,,,,,,,,,,,,,,,,,,,,,,,,,,,,,,,,,,,,,,,,,,,,,70.200,0.00,,,,,,,,,,,,,,,,,,,,,,,,,,,,,,,,,,,,,,,,,,,,,,,,,,,,
,,,,,,,,,,,,,,,,,,,,,,,,,,,,,,,,,,,,,,,,,,,,,,,,,,,,,,,,,,,,,,,,,,,,,,,,,,,,70.250,-0.01,,,,,,,,,,,,,,,,,,,,,,,,,,,,,,,,,,,,,,,,,,,,,,,,,,,,
,,,,,,,,,,,,,,,,,,,,,,,,,,,,,,,,,,,,,,,,,,,,,,,,,,,,,,,,,,,,,,,,,,,,,,,,,,,,70.300,0.00,,,,,,,,,,,,,,,,,,,,,,,,,,,,,,,,,,,,,,,,,,,,,,,,,,,,
,,,,,,,,,,,,,,,,,,,,,,,,,,,,,,,,,,,,,,,,,,,,,,,,,,,,,,,,,,,,,,,,,,,,,,,,,,,,70.350,0.00,,,,,,,,,,,,,,,,,,,,,,,,,,,,,,,,,,,,,,,,,,,,,,,,,,,,
,,,,,,,,,,,,,,,,,,,,,,,,,,,,,,,,,,,,,,,,,,,,,,,,,,,,,,,,,,,,,,,,,,,,,,,,,,,,70.400,0.01,,,,,,,,,,,,,,,,,,,,,,,,,,,,,,,,,,,,,,,,,,,,,,,,,,,,
,,,,,,,,,,,,,,,,,,,,,,,,,,,,,,,,,,,,,,,,,,,,,,,,,,,,,,,,,,,,,,,,,,,,,,,,,,,,70.450,0.00,,,,,,,,,,,,,,,,,,,,,,,,,,,,,,,,,,,,,,,,,,,,,,,,,,,,
,,,,,,,,,,,,,,,,,,,,,,,,,,,,,,,,,,,,,,,,,,,,,,,,,,,,,,,,,,,,,,,,,,,,,,,,,,,,70.500,-0.01,,,,,,,,,,,,,,,,,,,,,,,,,,,,,,,,,,,,,,,,,,,,,,,,,,,,
,,,,,,,,,,,,,,,,,,,,,,,,,,,,,,,,,,,,,,,,,,,,,,,,,,,,,,,,,,,,,,,,,,,,,,,,,,,,70.550,0.00,,,,,,,,,,,,,,,,,,,,,,,,,,,,,,,,,,,,,,,,,,,,,,,,,,,,
,,,,,,,,,,,,,,,,,,,,,,,,,,,,,,,,,,,,,,,,,,,,,,,,,,,,,,,,,,,,,,,,,,,,,,,,,,,,70.600,0.01,,,,,,,,,,,,,,,,,,,,,,,,,,,,,,,,,,,,,,,,,,,,,,,,,,,,
,,,,,,,,,,,,,,,,,,,,,,,,,,,,,,,,,,,,,,,,,,,,,,,,,,,,,,,,,,,,,,,,,,,,,,,,,,,,70.650,0.00,,,,,,,,,,,,,,,,,,,,,,,,,,,,,,,,,,,,,,,,,,,,,,,,,,,,
,,,,,,,,,,,,,,,,,,,,,,,,,,,,,,,,,,,,,,,,,,,,,,,,,,,,,,,,,,,,,,,,,,,,,,,,,,,,70.700,0.00,,,,,,,,,,,,,,,,,,,,,,,,,,,,,,,,,,,,,,,,,,,,,,,,,,,,
,,,,,,,,,,,,,,,,,,,,,,,,,,,,,,,,,,,,,,,,,,,,,,,,,,,,,,,,,,,,,,,,,,,,,,,,,,,,70.750,-0.01,,,,,,,,,,,,,,,,,,,,,,,,,,,,,,,,,,,,,,,,,,,,,,,,,,,,
,,,,,,,,,,,,,,,,,,,,,,,,,,,,,,,,,,,,,,,,,,,,,,,,,,,,,,,,,,,,,,,,,,,,,,,,,,,,70.800,-0.01,,,,,,,,,,,,,,,,,,,,,,,,,,,,,,,,,,,,,,,,,,,,,,,,,,,,
,,,,,,,,,,,,,,,,,,,,,,,,,,,,,,,,,,,,,,,,,,,,,,,,,,,,,,,,,,,,,,,,,,,,,,,,,,,,70.850,0.00,,,,,,,,,,,,,,,,,,,,,,,,,,,,,,,,,,,,,,,,,,,,,,,,,,,,
,,,,,,,,,,,,,,,,,,,,,,,,,,,,,,,,,,,,,,,,,,,,,,,,,,,,,,,,,,,,,,,,,,,,,,,,,,,,70.900,0.00,,,,,,,,,,,,,,,,,,,,,,,,,,,,,,,,,,,,,,,,,,,,,,,,,,,,
,,,,,,,,,,,,,,,,,,,,,,,,,,,,,,,,,,,,,,,,,,,,,,,,,,,,,,,,,,,,,,,,,,,,,,,,,,,,70.950,-0.01,,,,,,,,,,,,,,,,,,,,,,,,,,,,,,,,,,,,,,,,,,,,,,,,,,,,
,,,,,,,,,,,,,,,,,,,,,,,,,,,,,,,,,,,,,,,,,,,,,,,,,,,,,,,,,,,,,,,,,,,,,,,,,,,,71.000,0.00,,,,,,,,,,,,,,,,,,,,,,,,,,,,,,,,,,,,,,,,,,,,,,,,,,,,
,,,,,,,,,,,,,,,,,,,,,,,,,,,,,,,,,,,,,,,,,,,,,,,,,,,,,,,,,,,,,,,,,,,,,,,,,,,,71.050,0.00,,,,,,,,,,,,,,,,,,,,,,,,,,,,,,,,,,,,,,,,,,,,,,,,,,,,
,,,,,,,,,,,,,,,,,,,,,,,,,,,,,,,,,,,,,,,,,,,,,,,,,,,,,,,,,,,,,,,,,,,,,,,,,,,,71.100,-0.01,,,,,,,,,,,,,,,,,,,,,,,,,,,,,,,,,,,,,,,,,,,,,,,,,,,,
,,,,,,,,,,,,,,,,,,,,,,,,,,,,,,,,,,,,,,,,,,,,,,,,,,,,,,,,,,,,,,,,,,,,,,,,,,,,71.150,0.00,,,,,,,,,,,,,,,,,,,,,,,,,,,,,,,,,,,,,,,,,,,,,,,,,,,,
,,,,,,,,,,,,,,,,,,,,,,,,,,,,,,,,,,,,,,,,,,,,,,,,,,,,,,,,,,,,,,,,,,,,,,,,,,,,71.200,-0.01,,,,,,,,,,,,,,,,,,,,,,,,,,,,,,,,,,,,,,,,,,,,,,,,,,,,
,,,,,,,,,,,,,,,,,,,,,,,,,,,,,,,,,,,,,,,,,,,,,,,,,,,,,,,,,,,,,,,,,,,,,,,,,,,,71.250,-0.01,,,,,,,,,,,,,,,,,,,,,,,,,,,,,,,,,,,,,,,,,,,,,,,,,,,,
,,,,,,,,,,,,,,,,,,,,,,,,,,,,,,,,,,,,,,,,,,,,,,,,,,,,,,,,,,,,,,,,,,,,,,,,,,,,71.300,0.00,,,,,,,,,,,,,,,,,,,,,,,,,,,,,,,,,,,,,,,,,,,,,,,,,,,,
,,,,,,,,,,,,,,,,,,,,,,,,,,,,,,,,,,,,,,,,,,,,,,,,,,,,,,,,,,,,,,,,,,,,,,,,,,,,71.350,-0.01,,,,,,,,,,,,,,,,,,,,,,,,,,,,,,,,,,,,,,,,,,,,,,,,,,,,
,,,,,,,,,,,,,,,,,,,,,,,,,,,,,,,,,,,,,,,,,,,,,,,,,,,,,,,,,,,,,,,,,,,,,,,,,,,,71.400,-0.01,,,,,,,,,,,,,,,,,,,,,,,,,,,,,,,,,,,,,,,,,,,,,,,,,,,,
,,,,,,,,,,,,,,,,,,,,,,,,,,,,,,,,,,,,,,,,,,,,,,,,,,,,,,,,,,,,,,,,,,,,,,,,,,,,71.450,-0.01,,,,,,,,,,,,,,,,,,,,,,,,,,,,,,,,,,,,,,,,,,,,,,,,,,,,
,,,,,,,,,,,,,,,,,,,,,,,,,,,,,,,,,,,,,,,,,,,,,,,,,,,,,,,,,,,,,,,,,,,,,,,,,,,,71.500,-0.01,,,,,,,,,,,,,,,,,,,,,,,,,,,,,,,,,,,,,,,,,,,,,,,,,,,,
,,,,,,,,,,,,,,,,,,,,,,,,,,,,,,,,,,,,,,,,,,,,,,,,,,,,,,,,,,,,,,,,,,,,,,,,,,,,71.550,0.00,,,,,,,,,,,,,,,,,,,,,,,,,,,,,,,,,,,,,,,,,,,,,,,,,,,,
,,,,,,,,,,,,,,,,,,,,,,,,,,,,,,,,,,,,,,,,,,,,,,,,,,,,,,,,,,,,,,,,,,,,,,,,,,,,71.600,0.00,,,,,,,,,,,,,,,,,,,,,,,,,,,,,,,,,,,,,,,,,,,,,,,,,,,,
,,,,,,,,,,,,,,,,,,,,,,,,,,,,,,,,,,,,,,,,,,,,,,,,,,,,,,,,,,,,,,,,,,,,,,,,,,,,71.650,0.01,,,,,,,,,,,,,,,,,,,,,,,,,,,,,,,,,,,,,,,,,,,,,,,,,,,,
,,,,,,,,,,,,,,,,,,,,,,,,,,,,,,,,,,,,,,,,,,,,,,,,,,,,,,,,,,,,,,,,,,,,,,,,,,,,71.700,0.00,,,,,,,,,,,,,,,,,,,,,,,,,,,,,,,,,,,,,,,,,,,,,,,,,,,,
,,,,,,,,,,,,,,,,,,,,,,,,,,,,,,,,,,,,,,,,,,,,,,,,,,,,,,,,,,,,,,,,,,,,,,,,,,,,71.750,0.01,,,,,,,,,,,,,,,,,,,,,,,,,,,,,,,,,,,,,,,,,,,,,,,,,,,,
